time(ms);RPM(1/min);IAT2(°C);SHRTFT1(%);SHRTFT2(%);LOAD(%);ECT(°C)
0;616;-;-;-;-;-
0;615;40;-;-;-;-
11;615;40;-7.81;-;-;-
20;614;40;-7.81;-7.81;-;-
34;613;40;-7.81;-7.81;25.49;-
40;613;40;-7.81;-7.81;25.49;83
50;612;40;-7.81;-7.81;25.49;83
62;611;40;-7.81;-7.81;25.49;83
71;610;40;-7.81;-7.81;25.49;83
83;610;40;-7.81;-7.81;25.49;83
91;609;40;-7.81;-7.81;25.49;83
101;608;40;-7.81;-7.81;25.49;83
112;607;40;-7.81;-7.03;25.49;83
121;608;40;-7.81;-7.03;25.49;83
131;608;40;-7.81;-7.03;25.49;83
140;608;40;-7.81;-7.03;25.49;83
150;608;40;-7.81;-7.03;25.49;83
163;608;40;-7.81;-7.03;25.49;83
171;608;40;-7.81;-7.03;25.49;83
184;609;40;-7.81;-7.03;25.49;83
192;609;40;-7.81;-7.03;25.49;83
201;609;40;-7.81;-7.03;25.49;83
211;610;40;-7.81;-7.03;25.49;83
219;610;40;-7.03;-7.03;25.49;83
232;610;40;-7.03;-7.03;25.49;83
240;611;40;-7.03;-7.03;25.49;83
251;611;40;-7.03;-7.03;25.49;83
261;611;40;-7.03;-7.03;25.49;83
272;611;40;-7.03;-7.03;25.49;83
283;611;40;-7.03;-7.03;25.49;83
291;611;40;-7.03;-7.03;25.49;83
300;611;40;-7.03;-7.03;25.49;83
310;611;40;-7.03;-7.03;25.49;83
322;611;40;-7.03;-7.03;25.49;83
334;611;40;-7.03;-7.03;25.49;83
342;612;40;-7.03;-7.03;25.49;83
351;612;40;-7.03;-6.25;25.49;83
363;612;40;-7.03;-6.25;25.49;83
372;612;40;-7.03;-6.25;25.49;83
384;611;40;-7.03;-6.25;25.49;83
392;611;40;-7.03;-6.25;25.49;83
401;611;40;-7.03;-6.25;25.49;83
412;611;40;-7.03;-6.25;25.49;83
422;611;40;-7.03;-6.25;25.49;83
431;610;40;-7.03;-6.25;25.49;83
442;610;40;-7.03;-6.25;25.49;83
453;609;40;-7.03;-6.25;25.49;83
461;609;40;-7.03;-6.25;25.49;83
471;608;40;-7.03;-6.25;25.49;83
483;609;40;-7.03;-6.25;25.49;83
491;610;40;-7.03;-6.25;25.49;83
501;610;40;-7.03;-6.25;25.49;83
512;611;40;-7.03;-6.25;25.49;83
522;611;40;-6.25;-6.25;25.49;83
532;612;40;-6.25;-5.47;25.49;83
543;612;40;-6.25;-5.47;25.49;83
552;612;40;-6.25;-5.47;25.49;83
562;613;40;-6.25;-5.47;25.49;83
571;613;40;-6.25;-5.47;25.49;83
587;613;40;-6.25;-5.47;25.49;83
603;614;40;-6.25;-5.47;25.49;83
612;613;40;-6.25;-5.47;25.49;83
622;613;40;-6.25;-5.47;25.49;83
633;612;40;-6.25;-5.47;25.49;83
640;612;40;-6.25;-5.47;25.49;83
651;611;40;-6.25;-5.47;25.49;83
660;611;40;-6.25;-5.47;25.49;83
672;611;40;-6.25;-5.47;25.49;83
682;611;40;-6.25;-5.47;25.49;83
692;611;40;-6.25;-5.47;25.49;83
700;611;40;-6.25;-5.47;25.49;83
710;611;40;-6.25;-5.47;25.49;83
725;611;40;-6.25;-4.69;25.49;83
742;613;40;-6.25;-4.69;25.49;83
751;614;40;-6.25;-4.69;25.49;83
763;615;40;-6.25;-4.69;25.49;83
771;617;40;-6.25;-4.69;25.49;83
786;618;40;-5.47;-4.69;25.49;83
801;619;40;-5.47;-4.69;25.49;83
812;619;40;-5.47;-4.69;25.49;83
823;619;40;-5.47;-4.69;25.49;83
834;620;40;-5.47;-4.69;25.49;83
842;620;40;-5.47;-4.69;25.49;83
852;620;40;-5.47;-4.69;25.49;83
861;620;40;-5.47;-4.69;25.49;83
872;620;40;-5.47;-4.69;25.49;83
884;620;40;-5.47;-4.69;25.49;83
892;619;40;-5.47;-4.69;25.49;83
902;619;40;-5.47;-4.69;25.49;83
913;619;40;-4.69;-4.69;25.49;83
922;619;40;-4.69;-4.69;25.49;83
931;618;40;-4.69;-4.69;25.10;83
942;617;40;-4.69;-4.69;25.10;83
950;616;40;-4.69;-4.69;25.10;83
961;615;40;-4.69;-4.69;25.10;83
973;615;40;-4.69;-4.69;25.10;83
982;614;40;-4.69;-3.91;25.10;83
991;614;40;-4.69;-3.91;25.10;83
1000;614;40;-4.69;-3.91;25.10;83
1012;615;40;-4.69;-3.91;25.10;83
1021;615;40;-4.69;-3.91;25.10;83
1032;615;40;-4.69;-3.91;25.10;83
1042;616;40;-4.69;-3.91;25.10;83
1051;616;40;-4.69;-3.91;25.10;83
1061;616;40;-4.69;-3.91;25.10;83
1070;617;40;-4.69;-3.91;25.10;83
1084;617;40;-4.69;-3.91;25.10;83
1091;618;40;-4.69;-3.91;25.10;83
1100;618;40;-4.69;-3.91;25.10;83
1111;619;40;-4.69;-3.91;25.10;83
1120;619;40;-4.69;-3.91;25.10;83
1132;620;40;-4.69;-3.91;25.10;83
1140;621;40;-4.69;-3.91;25.10;83
1153;622;40;-4.69;-3.91;25.10;83
1161;623;40;-4.69;-3.91;25.10;83
1170;622;40;-4.69;-3.91;25.10;83
1184;621;40;-4.69;-3.91;25.10;83
1192;620;40;-4.69;-3.91;25.10;83
1202;619;40;-4.69;-3.91;25.10;83
1211;618;40;-4.69;-3.91;25.10;83
1222;617;40;-4.69;-3.91;25.10;83
1232;618;40;-4.69;-3.91;25.10;83
1240;618;40;-4.69;-3.91;25.10;83
1250;618;40;-4.69;-3.91;25.10;83
1261;619;40;-4.69;-3.91;25.10;83
1270;619;40;-3.91;-3.91;25.10;83
1284;619;40;-3.91;-3.91;25.10;83
1292;620;40;-3.91;-3.91;25.10;83
1300;620;40;-3.91;-3.91;25.10;83
1313;620;40;-3.91;-3.91;25.10;83
1321;620;40;-3.91;-3.91;25.10;83
1330;620;40;-3.91;-3.91;25.10;83
1341;621;40;-3.91;-3.91;25.10;83
1352;621;40;-3.91;-3.91;24.71;83
1361;622;40;-3.91;-3.91;24.71;83
1372;622;40;-3.91;-3.91;24.71;83
1383;623;40;-3.91;-3.91;24.71;83
1391;623;40;-3.91;-3.91;24.71;83
1401;624;40;-3.91;-3.91;24.71;83
1412;623;40;-3.91;-3.91;24.71;83
1422;623;40;-3.91;-3.91;24.71;83
1431;623;40;-3.91;-3.91;24.71;83
1441;622;40;-3.91;-3.91;24.71;83
1453;622;40;-3.91;-3.91;24.71;83
1462;622;40;-3.91;-3.91;24.71;83
1472;622;40;-3.91;-3.91;24.71;83
1483;623;40;-3.91;-3.91;24.71;83
1493;623;40;-3.91;-3.91;24.71;83
1501;624;40;-3.91;-3.91;24.71;83
1512;624;40;-3.91;-3.91;24.71;83
1522;625;40;-3.91;-3.91;24.71;83
1533;624;40;-3.91;-3.91;24.71;83
1543;624;40;-3.91;-3.91;24.71;83
1552;623;40;-3.91;-3.91;24.71;83
1563;622;40;-3.91;-3.91;24.71;83
1572;622;40;-3.91;-3.91;24.71;83
1586;621;40;-3.91;-3.91;24.71;83
1601;621;40;-3.91;-3.91;24.71;83
1613;621;40;-3.91;-3.91;24.71;83
1621;621;40;-3.91;-3.91;24.71;83
1632;621;40;-3.91;-3.91;24.71;83
1641;621;40;-3.13;-3.91;24.71;83
1653;621;40;-3.13;-3.13;24.71;83
1664;622;40;-3.13;-3.13;24.71;83
1672;623;40;-3.13;-3.13;24.71;83
1684;624;40;-3.13;-3.13;24.71;83
1691;624;40;-3.13;-3.13;24.71;83
1703;625;40;-3.13;-3.13;24.71;83
1710;626;40;-3.13;-3.13;24.71;83
1722;625;40;-3.13;-3.13;24.71;83
1733;623;40;-3.13;-3.13;24.71;83
1743;622;40;-3.13;-3.13;24.71;83
1752;621;40;-3.13;-3.13;24.71;83
1762;619;40;-3.13;-3.13;24.71;83
1770;618;40;-3.13;-3.91;24.71;83
1785;617;40;-3.13;-3.91;24.71;83
1801;616;40;-3.13;-3.91;24.71;83
1812;615;40;-3.13;-3.91;24.71;83
1823;614;40;-3.13;-3.91;24.71;83
1832;613;40;-3.13;-3.91;24.71;83
1840;612;40;-3.13;-3.91;24.71;83
1851;613;40;-3.13;-3.91;24.71;83
1862;614;40;-3.13;-3.91;24.71;83
1871;615;40;-3.13;-3.91;24.71;83
1881;616;40;-3.13;-3.91;24.71;83
1892;617;40;-3.13;-3.91;24.71;83
1901;618;40;-3.13;-3.91;24.71;83
1912;618;40;-3.13;-3.91;24.71;83
1923;618;40;-3.13;-3.91;24.71;83
1931;618;40;-3.13;-3.91;24.71;83
1942;618;40;-3.13;-3.91;24.71;83
1952;618;40;-3.13;-3.91;24.71;83
1962;618;40;-3.13;-3.91;24.71;83
1973;618;40;-3.13;-3.91;24.71;83
1983;617;40;-3.13;-3.91;24.71;83
1993;617;40;-3.13;-3.91;24.71;83
2004;617;40;-3.13;-3.91;24.71;83
2012;616;40;-3.13;-3.91;24.71;83
2021;616;40;-3.13;-3.91;24.71;83
2032;617;40;-3.13;-3.91;24.71;83
2041;618;40;-3.13;-3.91;24.71;83
2051;619;40;-3.13;-3.91;24.71;83
2062;619;40;-3.13;-3.91;24.71;83
2074;620;40;-3.13;-3.91;24.71;83
2084;621;40;-3.13;-3.91;24.71;83
2104;621;40;-3.13;-3.91;24.71;83
2114;621;40;-3.13;-3.91;24.71;83
2121;621;40;-3.13;-3.91;24.71;83
2130;621;41;-3.13;-3.91;24.71;83
2144;621;41;-3.13;-3.91;24.71;83
2152;621;41;-3.13;-3.91;24.71;83
2162;621;41;-3.13;-3.91;24.71;83
2173;620;41;-3.13;-3.91;24.71;83
2184;620;41;-3.13;-3.91;24.71;83
2202;619;41;-3.13;-3.91;24.71;83
2212;619;41;-3.91;-3.91;24.71;83
2222;618;41;-3.91;-3.91;24.71;83
2232;618;41;-3.91;-3.91;24.71;83
2241;618;41;-3.91;-3.91;24.71;83
2253;618;41;-3.91;-3.91;24.71;83
2261;618;40;-3.91;-3.91;24.71;83
2272;618;40;-3.91;-3.91;24.71;83
2286;618;40;-3.91;-4.69;24.71;83
2303;618;40;-3.91;-4.69;24.71;83
2312;618;40;-3.91;-4.69;24.71;83
2320;618;40;-3.91;-4.69;24.71;83
2332;617;40;-3.91;-4.69;24.71;83
2342;617;40;-3.91;-4.69;24.71;83
2351;617;40;-3.91;-4.69;24.71;83
2363;617;40;-3.91;-4.69;24.71;83
2370;617;40;-3.91;-4.69;24.71;83
2385;617;40;-3.91;-4.69;24.71;83
2403;617;40;-3.91;-4.69;24.71;83
2413;617;40;-3.91;-4.69;24.71;83
2421;617;40;-3.91;-4.69;24.71;83
2434;617;40;-3.91;-4.69;24.71;83
2442;618;40;-3.91;-4.69;24.71;83
2451;619;40;-3.91;-4.69;24.71;83
2462;619;40;-3.91;-4.69;24.71;83
2471;620;40;-3.91;-4.69;24.71;83
2482;621;40;-3.91;-4.69;24.71;83
2491;621;40;-3.91;-4.69;24.71;83
2502;621;40;-3.91;-4.69;24.71;83
2513;621;40;-3.91;-4.69;24.71;83
2521;622;40;-3.91;-4.69;24.71;83
2531;622;40;-3.91;-4.69;24.71;83
2543;622;40;-3.91;-4.69;24.71;83
2554;622;40;-3.91;-4.69;24.71;83
2563;621;40;-3.91;-4.69;24.71;83
2572;620;40;-3.91;-4.69;24.71;83
2589;620;41;-3.91;-4.69;24.71;83
2602;619;41;-3.91;-4.69;24.71;83
2611;618;41;-3.91;-4.69;24.71;83
2623;619;41;-3.91;-4.69;24.71;83
2632;620;41;-3.91;-4.69;24.71;83
2641;621;41;-3.91;-4.69;24.71;83
2652;621;41;-3.91;-4.69;24.71;83
2664;622;41;-3.91;-4.69;24.71;83
2672;623;41;-3.91;-4.69;24.71;83
2684;623;41;-3.91;-4.69;24.71;83
2693;623;41;-3.91;-4.69;24.71;83
2701;623;41;-3.91;-4.69;24.71;83
2712;623;41;-3.91;-4.69;24.71;83
2721;622;41;-3.91;-4.69;24.71;83
2733;622;41;-3.91;-4.69;24.71;83
2742;622;41;-3.91;-4.69;24.71;83
2752;622;41;-3.91;-4.69;24.71;83
2763;622;41;-3.91;-4.69;24.71;83
2772;622;41;-3.91;-4.69;24.71;83
2783;622;41;-3.91;-4.69;24.71;83
2792;622;41;-3.91;-4.69;24.71;83
2801;621;41;-3.91;-4.69;24.71;83
2812;621;41;-3.91;-4.69;24.71;83
2821;621;41;-3.91;-4.69;24.71;83
2832;621;41;-3.91;-4.69;24.71;83
2842;620;41;-3.91;-4.69;24.71;83
2851;620;41;-3.91;-4.69;24.71;83
2862;619;41;-3.91;-4.69;24.71;83
2871;618;41;-3.91;-4.69;24.71;83
2882;617;41;-3.91;-4.69;24.71;83
2893;616;41;-3.91;-4.69;24.71;83
2902;615;41;-3.91;-4.69;24.71;83
2912;614;41;-3.91;-4.69;24.71;83
2921;614;41;-3.91;-4.69;24.71;83
2933;615;41;-3.91;-4.69;24.71;83
2943;615;41;-3.91;-4.69;24.71;83
2953;615;41;-3.91;-4.69;24.71;83
2961;616;41;-3.91;-4.69;24.71;83
2973;616;41;-3.91;-4.69;24.71;83
2985;617;41;-3.91;-4.69;24.71;83
3002;618;41;-3.91;-4.69;24.71;83
3012;619;41;-3.91;-4.69;24.71;83
3021;620;41;-3.91;-4.69;24.71;83
3032;621;41;-3.91;-4.69;24.71;83
3043;622;41;-3.91;-4.69;24.71;83
3052;622;41;-3.91;-4.69;24.71;83
3063;623;41;-3.91;-4.69;24.71;83
3072;623;41;-3.91;-4.69;24.71;83
3084;624;41;-3.91;-4.69;24.71;83
3093;625;41;-3.91;-4.69;24.71;83
3101;625;41;-3.91;-4.69;24.71;83
3113;625;41;-3.91;-4.69;24.71;83
3121;625;41;-3.91;-4.69;24.71;83
3131;624;41;-3.91;-4.69;24.71;83
3144;624;41;-3.91;-4.69;24.71;83
3153;624;41;-3.91;-4.69;24.71;83
3163;623;41;-3.91;-4.69;24.71;83
3172;623;41;-3.91;-4.69;24.71;83
3183;623;41;-3.91;-4.69;24.71;83
3193;622;41;-3.91;-4.69;24.71;83
3204;622;41;-3.91;-4.69;24.71;83
3212;621;41;-3.91;-4.69;24.71;83
3224;621;41;-3.91;-4.69;24.71;83
3233;621;41;-3.91;-4.69;24.71;83
3242;620;41;-3.91;-4.69;24.71;83
3252;620;41;-3.91;-4.69;24.71;83
3263;620;41;-3.91;-4.69;24.71;83
3272;619;41;-3.91;-4.69;24.71;83
3282;619;41;-3.91;-4.69;24.71;83
3293;619;41;-3.91;-4.69;24.71;83
3302;618;41;-3.91;-4.69;24.71;83
3313;618;41;-3.91;-4.69;24.71;83
3323;618;41;-3.91;-4.69;24.71;83
3331;617;41;-4.69;-4.69;24.71;83
3341;617;41;-4.69;-4.69;24.71;83
3352;616;41;-4.69;-4.69;24.71;83
3362;615;41;-4.69;-4.69;24.71;83
3371;614;41;-4.69;-4.69;24.71;83
3384;613;41;-4.69;-4.69;24.71;83
3393;612;41;-4.69;-4.69;24.71;83
3402;611;41;-4.69;-4.69;24.71;83
3413;612;41;-4.69;-4.69;24.71;83
3422;613;41;-4.69;-4.69;24.71;83
3433;614;41;-4.69;-4.69;24.71;83
3441;615;41;-4.69;-4.69;24.71;83
3451;616;41;-4.69;-4.69;24.71;83
3463;617;41;-4.69;-4.69;24.71;83
3473;617;41;-4.69;-4.69;24.71;83
3484;616;41;-4.69;-4.69;24.71;83
3492;616;41;-4.69;-4.69;24.71;83
3501;616;41;-4.69;-4.69;24.71;83
3513;616;41;-4.69;-4.69;24.71;83
3523;616;41;-4.69;-4.69;24.71;83
3533;616;41;-4.69;-4.69;25.10;83
3542;615;41;-4.69;-4.69;25.10;83
3551;614;41;-4.69;-4.69;25.10;83
3564;614;41;-4.69;-4.69;25.10;83
3573;613;41;-4.69;-4.69;25.10;83
3587;613;41;-4.69;-4.69;25.10;83
3604;613;41;-4.69;-4.69;25.10;83
3612;614;41;-4.69;-4.69;25.10;83
3621;614;41;-4.69;-4.69;25.10;83
3633;614;41;-4.69;-4.69;25.10;83
3642;615;41;-4.69;-4.69;25.10;83
3655;615;41;-4.69;-4.69;25.10;83
3673;615;41;-4.69;-4.69;25.10;83
3682;615;41;-4.69;-4.69;25.10;83
3692;615;41;-4.69;-4.69;25.10;83
3704;615;41;-4.69;-4.69;25.10;83
3712;615;41;-4.69;-4.69;25.10;83
3721;615;41;-4.69;-4.69;25.10;83
3734;615;41;-4.69;-4.69;25.10;83
3742;615;41;-4.69;-4.69;25.10;83
3751;614;41;-4.69;-4.69;25.10;83
3762;614;41;-4.69;-4.69;25.10;83
3771;614;41;-4.69;-4.69;25.10;83
3785;614;41;-4.69;-4.69;25.10;83
3803;614;41;-4.69;-4.69;25.10;83
3813;615;41;-4.69;-4.69;25.10;83
3819;615;41;-4.69;-4.69;25.10;83
3833;615;41;-4.69;-4.69;25.10;83
3841;616;41;-4.69;-4.69;25.10;83
3852;616;41;-4.69;-4.69;25.10;83
3863;616;41;-4.69;-4.69;25.10;83
3871;615;41;-4.69;-4.69;25.10;83
3883;614;41;-4.69;-4.69;25.10;83
3893;614;41;-4.69;-4.69;25.10;83
3901;613;41;-4.69;-4.69;25.10;83
3912;613;41;-4.69;-4.69;25.10;83
3921;613;41;-4.69;-4.69;25.10;83
3933;613;41;-4.69;-4.69;25.10;83
3943;613;41;-4.69;-4.69;25.10;83
3955;613;41;-4.69;-4.69;25.10;83
3972;613;41;-4.69;-4.69;25.10;83
3983;613;41;-4.69;-4.69;25.10;83
3993;613;41;-4.69;-4.69;25.10;83
4001;613;41;-4.69;-4.69;25.10;83
4012;614;41;-4.69;-4.69;25.10;83
4021;614;41;-4.69;-4.69;25.10;83
4029;615;41;-4.69;-4.69;25.10;83
4043;615;41;-4.69;-4.69;25.10;83
4051;615;41;-4.69;-4.69;25.10;83
4062;615;41;-4.69;-4.69;25.10;83
4071;615;41;-4.69;-4.69;25.10;83
4084;615;41;-4.69;-4.69;25.10;83
4091;615;41;-4.69;-4.69;25.10;83
4100;615;41;-4.69;-4.69;25.10;83
4109;615;41;-4.69;-4.69;25.10;83
4123;615;41;-4.69;-4.69;25.10;83
4133;615;41;-4.69;-4.69;25.10;83
4143;614;41;-4.69;-4.69;25.10;83
4151;614;41;-4.69;-4.69;25.10;83
4161;614;41;-4.69;-3.91;25.10;83
4173;615;41;-4.69;-3.91;25.10;83
4186;615;41;-4.69;-3.91;25.10;83
4203;616;41;-4.69;-3.91;25.10;83
4214;616;41;-4.69;-3.91;25.10;83
4223;617;41;-4.69;-3.91;25.10;83
4234;617;41;-4.69;-3.91;25.10;83
4241;618;41;-4.69;-3.91;25.10;83
4253;618;41;-4.69;-3.91;25.10;83
4261;618;41;-4.69;-3.91;25.10;83
4272;619;41;-4.69;-3.91;25.10;83
4283;619;41;-4.69;-3.91;25.10;83
4291;619;41;-4.69;-3.91;25.10;83
4303;619;41;-4.69;-3.91;25.10;83
4311;619;41;-4.69;-3.91;25.10;83
4321;618;41;-4.69;-3.91;25.10;83
4333;618;41;-4.69;-3.91;25.10;83
4340;618;41;-4.69;-3.91;25.10;83
4350;617;41;-4.69;-3.91;25.10;83
4360;617;41;-4.69;-3.91;25.10;83
4369;616;41;-4.69;-3.91;25.10;83
4385;616;41;-4.69;-3.91;25.10;83
4401;616;41;-4.69;-3.91;25.10;83
4413;615;41;-4.69;-3.91;25.10;83
4422;615;41;-4.69;-3.91;25.10;83
4433;614;41;-4.69;-3.91;25.10;83
4441;614;41;-4.69;-3.91;25.10;83
4450;613;41;-4.69;-3.91;25.10;83
4463;613;41;-4.69;-3.91;25.10;83
4472;612;41;-4.69;-3.91;25.10;83
4483;611;41;-4.69;-3.91;25.10;83
4493;611;41;-4.69;-3.91;25.10;83
4502;611;41;-4.69;-3.91;25.10;83
4514;611;41;-4.69;-3.91;25.10;83
4520;611;41;-4.69;-3.91;25.10;83
4532;611;41;-3.91;-3.91;25.10;83
4540;611;41;-3.91;-3.91;25.10;83
4552;612;41;-3.91;-3.91;25.10;83
4564;613;41;-3.91;-3.91;25.10;83
4570;613;41;-3.91;-3.91;25.10;83
4586;614;41;-3.91;-3.91;25.10;83
4601;615;41;-3.91;-3.91;25.10;83
4615;616;41;-3.91;-3.91;25.10;83
4633;616;41;-3.91;-3.91;25.10;83
4643;616;41;-3.91;-3.91;25.10;83
4650;617;41;-3.91;-3.91;25.10;83
4661;617;41;-3.91;-3.91;25.10;83
4670;618;41;-3.91;-3.91;25.10;83
4684;618;41;-3.91;-3.91;25.10;83
4695;617;41;-3.91;-3.91;25.10;83
4710;617;41;-3.91;-3.91;25.10;83
4723;616;41;-3.91;-3.91;25.10;83
4732;615;41;-3.91;-3.91;25.10;83
4740;615;41;-3.91;-3.91;25.10;83
4751;614;41;-3.91;-3.91;25.10;83
4762;614;41;-3.91;-3.91;25.10;83
4772;614;41;-3.91;-3.91;25.10;83
4782;614;41;-3.91;-3.91;25.10;83
4791;614;41;-3.91;-3.91;25.10;83
4800;614;41;-3.91;-3.91;25.10;83
4812;614;41;-3.91;-3.91;25.10;83
4820;614;41;-3.91;-3.91;25.10;83
4833;614;41;-3.91;-3.91;25.10;83
4841;614;41;-3.91;-3.91;25.10;83
4852;614;41;-3.91;-3.91;25.10;83
4861;614;41;-3.91;-3.91;25.10;83
4872;614;41;-3.91;-3.91;25.10;83
4882;615;41;-3.91;-3.91;25.10;83
4891;616;41;-3.91;-3.91;25.10;83
4902;617;41;-3.91;-3.91;25.10;83
4912;617;41;-3.91;-3.91;25.10;83
4920;618;41;-3.91;-3.91;25.10;83
4933;619;41;-3.91;-3.91;25.10;83
4942;619;41;-3.91;-3.91;25.10;83
4952;620;41;-3.91;-3.91;25.10;83
4961;620;41;-3.91;-3.91;25.10;83
4970;620;41;-3.91;-3.91;25.10;83
4985;621;41;-3.91;-3.91;25.10;83
5001;621;41;-3.91;-3.91;25.10;83
5012;621;41;-3.91;-3.91;25.10;83
5021;620;41;-3.91;-3.91;25.10;83
5031;620;41;-3.91;-3.91;25.10;83
5043;620;41;-3.91;-3.91;25.10;83
5051;619;41;-3.91;-3.91;25.10;83
5062;619;41;-3.91;-3.91;25.10;83
5070;619;41;-3.91;-3.91;25.10;83
5085;619;41;-3.91;-3.91;25.10;83
5102;619;41;-3.91;-3.91;25.10;83
5111;618;41;-3.91;-3.91;25.10;83
5120;618;41;-3.91;-3.91;25.10;83
5132;618;41;-3.91;-3.91;25.10;83
5141;618;41;-3.91;-3.91;25.10;83
5152;617;41;-3.91;-3.91;25.10;83
5161;617;41;-3.91;-3.91;25.10;83
5172;616;41;-3.91;-3.91;25.10;83
5183;616;41;-3.91;-3.91;25.10;83
5192;615;41;-3.91;-3.91;25.10;83
5201;616;41;-3.91;-3.91;25.10;83
5212;617;41;-3.91;-3.91;25.10;83
5221;617;41;-3.91;-3.91;25.10;83
5231;618;41;-3.91;-3.91;25.10;83
5242;619;41;-3.91;-3.91;25.10;83
5250;619;41;-3.91;-3.91;25.10;83
5261;620;41;-3.91;-3.91;25.10;83
5272;620;41;-3.91;-3.91;25.10;83
5282;621;41;-3.91;-3.91;25.10;83
5291;621;41;-3.91;-3.91;25.10;83
5301;622;41;-3.13;-3.91;25.10;83
5312;623;41;-3.13;-3.91;25.10;83
5320;623;41;-3.13;-3.91;25.10;83
5334;623;41;-3.13;-3.91;25.10;83
5352;624;41;-3.13;-3.91;25.10;83
5361;624;41;-3.13;-3.91;25.10;83
5370;625;41;-3.13;-3.91;25.10;83
5384;625;41;-3.13;-3.91;25.10;83
5401;625;41;-3.13;-3.91;25.10;83
5410;624;41;-3.13;-3.91;25.10;83
5422;623;41;-3.13;-3.91;25.10;83
5433;623;41;-3.13;-3.91;25.10;83
5442;622;41;-3.13;-3.91;25.10;83
5451;622;41;-3.13;-3.91;25.10;83
5461;621;41;-3.13;-3.91;24.71;83
5472;620;41;-3.13;-3.91;24.71;83
5485;619;41;-3.13;-3.91;24.71;83
5502;617;41;-3.13;-3.91;24.71;83
5514;616;41;-3.13;-3.91;24.71;83
5520;615;41;-3.13;-3.91;24.71;83
5532;616;41;-3.13;-3.91;24.71;83
5541;616;41;-3.13;-3.91;24.71;83
5554;617;41;-3.13;-3.91;24.71;83
5561;618;41;-3.13;-3.91;24.71;83
5572;618;41;-3.91;-3.91;24.71;83
5587;619;41;-3.91;-3.91;24.71;83
5602;619;41;-3.91;-3.91;24.71;83
5611;619;41;-3.91;-3.91;24.71;83
5623;619;41;-3.91;-3.91;24.71;83
5631;620;41;-3.91;-3.91;24.71;83
5642;620;41;-3.91;-3.91;24.71;83
5651;620;41;-3.91;-3.91;24.71;83
5663;620;41;-3.91;-3.91;24.71;83
5671;620;41;-3.91;-3.91;24.71;83
5683;619;41;-3.91;-3.91;24.71;83
5692;619;41;-3.91;-3.91;24.71;83
5701;619;41;-3.91;-3.91;24.71;83
5710;619;41;-3.91;-3.91;24.71;83
5721;619;41;-3.91;-3.91;24.71;83
5730;619;41;-3.91;-3.91;24.71;83
5740;620;41;-3.91;-3.91;24.71;83
5751;620;41;-3.91;-3.91;24.71;83
5762;621;41;-3.91;-3.91;24.71;83
5771;621;41;-3.91;-3.91;24.71;83
5783;621;41;-3.91;-3.91;25.10;83
5792;621;41;-3.91;-3.91;25.10;83
5801;621;41;-3.91;-3.91;25.10;83
5811;620;41;-3.91;-3.91;25.10;83
5822;620;41;-3.91;-3.91;25.10;83
5832;620;41;-3.91;-4.69;25.10;83
5841;619;41;-3.91;-4.69;24.71;83
5852;618;41;-3.91;-4.69;24.71;83
5860;617;41;-3.91;-4.69;24.71;83
5872;616;41;-3.91;-4.69;24.71;83
5883;615;41;-3.91;-4.69;24.71;83
5890;614;41;-3.91;-4.69;24.71;83
5901;613;41;-3.91;-4.69;24.71;83
5910;613;41;-3.91;-4.69;24.71;83
5922;613;41;-3.91;-4.69;24.71;83
5933;612;41;-3.91;-4.69;24.71;83
5942;612;41;-3.91;-4.69;24.71;83
5950;611;41;-3.91;-4.69;24.71;83
5961;613;41;-3.91;-4.69;25.10;83
5971;614;41;-3.91;-4.69;25.10;83
5984;615;41;-3.91;-4.69;25.10;83
5990;617;41;-3.91;-4.69;25.10;83
6000;618;41;-3.91;-4.69;25.10;83
6011;619;41;-3.91;-4.69;25.10;83
6021;620;41;-3.91;-4.69;25.10;83
6031;620;41;-3.91;-4.69;25.10;83
6040;621;41;-3.91;-4.69;25.10;83
6052;622;41;-3.91;-4.69;25.10;83
6060;622;41;-3.91;-4.69;25.10;83
6074;623;41;-3.91;-4.69;25.10;83
6085;622;41;-3.91;-4.69;25.10;83
6101;622;41;-3.91;-4.69;25.10;83
6114;622;41;-3.91;-4.69;25.10;83
6123;621;41;-3.91;-4.69;25.10;83
6133;621;41;-3.91;-4.69;25.10;83
6141;621;41;-3.91;-4.69;25.10;83
6151;620;41;-3.91;-4.69;25.10;83
6161;620;41;-3.91;-4.69;25.10;83
6171;619;41;-3.91;-4.69;25.10;83
6182;619;41;-3.91;-4.69;25.10;83
6192;619;41;-3.91;-4.69;25.10;83
6201;618;41;-3.91;-4.69;25.10;83
6213;618;41;-3.91;-4.69;25.10;83
6221;617;41;-3.91;-4.69;25.10;83
6230;616;41;-3.91;-4.69;25.10;83
6242;616;41;-3.91;-4.69;25.10;83
6251;615;41;-3.91;-4.69;25.10;83
6262;615;41;-3.91;-4.69;25.10;83
6271;615;41;-3.91;-4.69;25.10;83
6285;616;41;-3.91;-4.69;25.10;83
6301;616;41;-3.91;-4.69;25.10;83
6310;617;41;-3.91;-4.69;25.10;83
6323;618;41;-3.91;-4.69;25.10;83
6333;618;41;-3.91;-4.69;25.10;83
6343;619;41;-3.91;-4.69;25.10;83
6351;619;41;-3.91;-4.69;25.10;83
6362;620;41;-3.91;-4.69;25.10;83
6370;620;41;-3.91;-4.69;25.10;83
6384;621;41;-3.91;-4.69;25.10;83
6402;621;41;-3.91;-5.47;25.10;83
6411;622;41;-3.91;-5.47;25.10;83
6423;622;41;-3.91;-5.47;25.10;83
6432;622;41;-3.91;-5.47;25.10;83
6443;622;41;-3.91;-5.47;25.10;83
6451;622;41;-3.91;-5.47;25.10;83
6463;622;41;-3.91;-5.47;25.10;83
6471;622;41;-3.91;-5.47;25.10;83
6484;621;41;-3.91;-5.47;25.10;83
6501;620;41;-3.91;-5.47;25.10;83
6513;620;41;-3.91;-5.47;25.10;83
6523;619;41;-3.91;-5.47;25.10;83
6532;619;41;-3.91;-5.47;25.10;83
6542;619;41;-3.91;-5.47;25.10;83
6554;619;41;-3.91;-5.47;25.10;83
6563;619;41;-3.91;-5.47;25.10;83
6571;618;41;-3.91;-5.47;25.10;83
6587;618;41;-4.69;-5.47;25.10;83
6602;618;41;-4.69;-5.47;25.10;83
6611;619;41;-4.69;-5.47;25.10;83
6621;619;41;-4.69;-5.47;25.10;83
6633;619;41;-4.69;-5.47;25.10;83
6642;620;41;-4.69;-5.47;25.10;83
6650;620;41;-4.69;-5.47;25.10;83
6661;620;41;-4.69;-5.47;25.10;83
6673;620;41;-4.69;-5.47;25.10;83
6684;620;41;-4.69;-5.47;25.10;83
6701;620;41;-4.69;-5.47;25.10;83
6712;619;41;-4.69;-5.47;25.10;83
6723;619;41;-4.69;-5.47;25.10;83
6733;619;41;-4.69;-5.47;25.10;83
6741;619;41;-4.69;-5.47;25.10;83
6751;619;41;-4.69;-5.47;25.10;83
6761;619;41;-4.69;-5.47;25.10;83
6772;619;41;-4.69;-5.47;25.10;83
6784;619;41;-3.91;-5.47;25.10;83
6803;619;41;-3.91;-4.69;25.10;83
6812;619;41;-3.91;-4.69;25.10;83
6822;619;41;-3.91;-4.69;25.10;83
6831;618;41;-3.91;-4.69;25.10;83
6843;618;41;-3.91;-4.69;25.10;83
6851;618;41;-3.91;-4.69;25.10;83
6863;618;41;-3.91;-4.69;25.10;83
6872;618;41;-3.91;-4.69;25.10;83
6883;618;41;-3.91;-4.69;25.10;83
6892;618;41;-3.91;-4.69;25.10;83
6903;618;41;-3.91;-4.69;25.10;83
6911;618;41;-3.91;-4.69;25.10;83
6921;618;41;-3.91;-4.69;25.10;83
6933;618;41;-3.91;-4.69;25.10;83
6942;618;41;-3.91;-4.69;25.10;83
6950;617;41;-3.91;-4.69;25.10;83
6963;617;41;-3.91;-4.69;25.10;83
6972;617;41;-3.91;-4.69;25.10;83
6983;617;41;-3.91;-4.69;25.10;83
6991;616;41;-3.91;-4.69;25.10;83
7001;616;41;-3.91;-4.69;25.10;83
7010;616;41;-3.91;-4.69;25.10;83
7022;615;41;-3.91;-4.69;25.10;83
7030;615;41;-3.91;-4.69;25.10;83
7042;615;41;-3.91;-4.69;25.10;83
7051;615;41;-3.91;-4.69;25.10;83
7062;615;41;-3.91;-4.69;25.10;83
7073;615;41;-3.91;-4.69;25.10;83
7083;616;41;-3.91;-4.69;25.10;83
7093;616;41;-3.91;-4.69;25.10;83
7102;616;41;-3.91;-4.69;25.10;83
7112;617;41;-3.91;-4.69;25.10;83
7121;617;41;-3.91;-4.69;25.10;83
7132;618;41;-3.91;-4.69;25.10;83
7141;619;41;-3.91;-4.69;25.10;83
7154;619;41;-3.91;-4.69;25.10;83
7162;620;41;-3.91;-4.69;25.10;83
7172;621;41;-3.91;-4.69;25.10;83
7183;621;41;-3.91;-4.69;25.10;83
7193;622;41;-3.91;-4.69;25.10;83
7202;622;41;-3.91;-4.69;25.10;83
7211;623;41;-3.91;-4.69;25.10;83
7222;623;41;-3.91;-4.69;25.10;83
7232;623;41;-3.91;-4.69;25.10;83
7242;623;41;-3.91;-4.69;25.10;83
7251;623;41;-3.91;-4.69;25.10;83
7263;622;41;-3.91;-4.69;25.10;83
7272;622;41;-4.69;-4.69;25.10;83
7281;622;41;-4.69;-4.69;25.10;83
7292;621;41;-4.69;-4.69;25.10;83
7301;621;41;-4.69;-4.69;25.10;83
7311;621;41;-4.69;-4.69;25.10;83
7323;621;41;-4.69;-4.69;25.10;83
7331;620;41;-4.69;-4.69;25.10;83
7340;620;41;-4.69;-4.69;25.10;83
7354;620;41;-4.69;-4.69;25.10;83
7362;620;41;-4.69;-4.69;25.10;83
7371;619;41;-4.69;-4.69;25.10;83
7383;619;41;-4.69;-4.69;25.10;83
7391;619;41;-4.69;-4.69;25.10;83
7401;618;41;-4.69;-4.69;25.10;83
7412;618;41;-4.69;-4.69;25.10;83
7421;617;41;-4.69;-4.69;25.10;83
7433;616;41;-4.69;-4.69;25.10;83
7443;616;41;-4.69;-4.69;25.10;83
7452;615;41;-4.69;-4.69;25.10;83
7461;614;41;-4.69;-4.69;25.10;83
7472;615;41;-4.69;-4.69;25.10;83
7481;616;41;-4.69;-4.69;25.10;84
7491;616;41;-4.69;-4.69;25.10;84
7503;617;41;-4.69;-4.69;25.10;84
7512;617;41;-4.69;-4.69;25.10;84
7522;618;41;-4.69;-4.69;25.10;84
7533;618;41;-4.69;-4.69;25.10;84
7542;619;41;-4.69;-4.69;25.10;83
7552;619;41;-4.69;-4.69;25.10;83
7561;620;41;-4.69;-4.69;25.10;83
7573;620;41;-4.69;-4.69;25.10;83
7585;620;41;-4.69;-4.69;25.10;83
7603;620;41;-4.69;-4.69;25.10;83
7612;620;41;-4.69;-4.69;25.10;83
7621;619;41;-4.69;-4.69;25.10;83
7633;619;41;-4.69;-4.69;25.10;83
7642;619;41;-4.69;-4.69;25.10;83
7651;618;41;-4.69;-4.69;25.10;83
7663;618;41;-4.69;-4.69;25.10;83
7672;618;41;-4.69;-4.69;25.10;84
7683;618;41;-4.69;-4.69;25.10;84
7692;618;41;-4.69;-4.69;25.10;84
7702;618;41;-3.91;-4.69;25.10;84
7711;618;41;-3.91;-4.69;25.10;84
7722;618;41;-3.91;-4.69;25.10;84
7731;619;41;-3.91;-4.69;25.10;84
7743;619;41;-3.91;-4.69;25.10;84
7751;619;41;-3.91;-4.69;25.10;84
7763;619;41;-3.91;-4.69;25.10;84
7773;620;41;-3.91;-4.69;25.10;84
7783;620;41;-3.91;-4.69;25.10;84
7792;620;41;-3.91;-4.69;25.10;84
7803;620;41;-3.91;-4.69;25.10;84
7811;621;41;-3.91;-4.69;25.10;84
7823;621;41;-3.91;-4.69;25.10;84
7832;621;41;-3.91;-3.91;25.10;84
7842;621;41;-3.91;-3.91;25.10;84
7853;620;41;-3.91;-3.91;25.10;83
7861;619;41;-3.91;-3.91;25.10;83
7871;619;41;-3.91;-3.91;25.10;83
7883;618;41;-3.91;-3.91;25.10;83
7893;618;41;-3.91;-3.91;25.10;83
7903;618;41;-3.91;-3.91;25.10;83
7912;619;41;-3.91;-3.91;25.10;83
7922;619;41;-3.91;-3.91;25.10;83
7933;620;41;-3.91;-3.91;25.10;83
7944;620;41;-3.91;-3.91;25.10;83
7952;621;41;-3.91;-3.91;25.10;83
7963;621;41;-3.91;-3.91;25.10;83
7973;620;41;-3.91;-3.91;25.10;84
7984;620;41;-3.91;-3.91;25.10;84
8001;620;41;-3.91;-3.91;25.10;84
8011;619;41;-3.91;-3.91;25.10;84
8021;619;41;-3.91;-3.91;25.10;84
8033;619;41;-3.91;-3.91;25.10;84
8043;620;41;-3.91;-3.91;25.10;83
8052;620;41;-3.91;-3.91;25.10;83
8061;620;41;-3.91;-3.91;25.10;83
8074;620;41;-3.91;-3.91;25.10;83
8083;621;41;-3.91;-3.91;25.10;83
8091;621;41;-3.91;-3.91;25.10;83
8102;621;41;-3.91;-3.91;25.10;83
8111;621;41;-3.91;-3.91;25.10;83
8120;621;41;-3.91;-3.91;25.10;83
8132;621;41;-3.91;-3.91;25.10;83
8141;621;41;-3.91;-3.91;25.10;83
8152;622;41;-3.91;-3.91;25.10;83
8160;622;41;-3.91;-3.91;25.10;84
8172;622;41;-3.91;-3.91;25.10;84
8181;622;41;-3.91;-3.91;25.10;84
8189;622;41;-3.91;-3.91;25.10;84
8201;622;41;-3.91;-3.91;25.10;84
8212;622;41;-3.91;-3.91;25.10;84
8221;621;41;-3.91;-3.91;25.10;84
8233;621;41;-3.91;-3.91;25.10;84
8240;620;41;-3.91;-3.91;25.10;84
8250;620;41;-3.91;-3.91;25.10;84
8259;619;41;-3.91;-3.91;25.10;84
8272;619;41;-3.91;-3.91;25.10;84
8281;618;41;-3.91;-3.91;25.10;84
8289;618;41;-3.91;-3.91;25.10;84
8301;617;41;-3.91;-3.91;25.10;84
8314;617;41;-3.91;-3.91;25.10;84
8319;617;41;-3.91;-3.91;25.10;84
8332;617;41;-3.91;-3.91;25.10;84
8341;618;41;-3.91;-3.91;25.10;84
8350;619;41;-3.91;-3.91;25.10;84
8360;619;41;-3.91;-3.91;25.10;84
8370;620;41;-3.91;-3.91;25.10;84
8382;621;41;-3.91;-3.91;25.10;84
8391;620;41;-3.91;-3.91;25.10;84
8400;620;41;-3.91;-3.91;25.10;84
8410;620;41;-3.91;-3.91;25.10;84
8421;620;41;-3.91;-3.91;25.10;84
8432;619;41;-3.91;-3.91;25.10;84
8439;619;41;-3.91;-3.91;25.10;84
8452;620;41;-3.91;-3.91;25.10;84
8461;620;41;-3.91;-3.91;25.10;84
8470;621;41;-3.91;-3.91;25.10;84
8483;621;41;-3.91;-3.91;25.10;84
8489;621;41;-3.91;-3.91;25.10;84
8502;622;41;-3.91;-4.69;25.10;84
8512;622;41;-3.91;-4.69;25.10;84
8521;621;41;-3.91;-4.69;25.10;84
8530;621;41;-3.91;-4.69;25.10;84
8541;621;41;-3.91;-4.69;25.10;84
8550;621;41;-3.91;-4.69;25.10;84
8562;620;41;-3.91;-4.69;25.10;84
8570;621;41;-3.91;-4.69;25.10;84
8586;621;41;-3.91;-4.69;25.10;84
8601;621;41;-3.91;-4.69;25.10;84
8611;622;41;-3.91;-4.69;25.10;84
8620;622;41;-3.91;-4.69;25.10;84
8632;622;41;-3.91;-4.69;25.10;84
8641;623;41;-3.91;-4.69;25.10;84
8649;624;41;-3.91;-4.69;25.10;84
8661;624;41;-3.91;-4.69;25.10;84
8669;625;41;-3.91;-4.69;25.10;84
8685;626;41;-3.91;-4.69;25.10;84
8700;626;41;-3.91;-4.69;25.10;84
8710;625;41;-3.91;-4.69;25.10;84
8721;625;41;-3.91;-4.69;25.10;84
8734;624;41;-3.91;-4.69;25.10;84
8750;623;41;-3.91;-4.69;25.10;84
8761;622;41;-3.91;-4.69;25.10;84
8770;621;41;-3.91;-3.91;25.10;84
8784;620;41;-3.91;-3.91;25.10;84
8800;619;41;-3.91;-3.91;25.10;84
8811;618;41;-3.91;-3.91;25.10;84
8820;618;41;-3.91;-3.91;25.10;84
8832;617;41;-3.91;-3.91;25.10;84
8842;616;41;-3.91;-3.91;25.10;84
8850;617;41;-3.91;-3.91;25.10;84
8862;617;41;-3.91;-3.91;25.10;84
8872;618;41;-3.91;-3.91;25.10;84
8883;619;41;-3.91;-3.91;25.10;84
8889;620;41;-3.91;-3.91;25.10;84
8902;620;41;-3.91;-3.91;25.10;84
8909;620;41;-3.91;-3.91;25.10;84
8923;619;41;-3.91;-3.91;25.10;84
8934;619;41;-3.91;-3.91;25.10;84
8952;618;41;-3.91;-3.91;25.10;84
8961;618;41;-3.91;-3.91;25.10;84
8971;617;41;-3.91;-3.91;25.10;84
8983;618;41;-3.91;-3.91;25.10;84
9001;618;41;-3.91;-3.91;25.10;84
9010;619;41;-3.91;-3.91;25.10;84
9020;620;41;-3.91;-3.91;25.10;84
9034;620;41;-3.91;-3.91;25.10;84
9050;621;41;-3.91;-3.91;25.10;84
9062;621;41;-3.91;-3.91;25.10;84
9071;621;41;-3.91;-3.91;25.10;84
9084;621;41;-3.91;-3.91;25.10;84
9090;621;41;-3.91;-3.91;25.10;84
9102;621;41;-3.91;-3.91;25.10;84
9110;621;41;-3.91;-3.91;25.10;84
9120;622;41;-3.91;-3.91;25.10;84
9132;622;41;-3.91;-3.91;25.10;84
9140;623;41;-3.91;-3.91;25.10;84
9151;624;41;-3.91;-3.91;25.10;84
9160;624;41;-3.91;-3.91;25.10;84
9171;625;41;-3.91;-3.91;25.10;84
9183;624;41;-3.91;-3.91;25.10;84
9191;624;41;-3.91;-3.91;25.10;84
9202;623;41;-3.91;-3.91;25.10;84
9211;623;41;-3.91;-3.91;25.10;84
9220;622;41;-3.91;-3.91;25.10;84
9233;622;41;-3.91;-3.91;25.10;84
9241;621;41;-3.91;-3.91;25.10;84
9252;621;41;-3.91;-3.91;25.10;84
9261;621;41;-3.91;-3.91;25.10;84
9272;621;41;-3.91;-3.91;25.10;84
9284;621;41;-3.91;-3.91;25.10;84
9301;620;41;-3.91;-4.69;25.10;84
9312;620;41;-3.91;-4.69;25.10;84
9322;619;41;-3.91;-4.69;25.10;84
9333;618;41;-3.91;-4.69;25.10;84
9343;617;41;-3.91;-4.69;25.10;84
9361;616;41;-4.69;-4.69;25.10;84
9370;615;41;-4.69;-4.69;25.10;84
9385;615;41;-4.69;-4.69;25.10;84
9403;616;41;-4.69;-4.69;25.10;84
9410;616;41;-4.69;-4.69;25.10;84
9422;616;41;-4.69;-4.69;25.10;84
9430;616;41;-4.69;-4.69;25.10;84
9444;616;41;-4.69;-4.69;25.10;84
9461;616;41;-4.69;-4.69;25.10;84
9472;617;41;-4.69;-4.69;25.10;84
9483;617;41;-4.69;-4.69;25.10;84
9491;617;41;-4.69;-4.69;25.10;84
9502;617;41;-4.69;-4.69;25.10;84
9510;617;41;-4.69;-4.69;25.10;84
9520;617;41;-4.69;-4.69;25.10;84
9531;618;41;-4.69;-4.69;25.10;84
9540;618;41;-4.69;-4.69;25.10;84
9552;619;41;-4.69;-4.69;25.10;84
9560;619;41;-4.69;-4.69;25.10;84
9571;619;41;-4.69;-4.69;25.10;84
9586;619;41;-4.69;-4.69;25.10;84
9600;619;41;-4.69;-4.69;25.10;84
9611;619;41;-4.69;-4.69;25.10;84
9620;619;41;-4.69;-4.69;25.10;84
9634;619;41;-4.69;-4.69;25.10;84
9652;619;41;-4.69;-4.69;25.10;84
9660;620;41;-4.69;-4.69;25.10;84
9671;620;41;-4.69;-4.69;25.10;84
9682;620;41;-4.69;-4.69;25.10;84
9690;620;41;-4.69;-4.69;25.10;84
9701;620;41;-4.69;-4.69;25.10;84
9710;620;41;-4.69;-4.69;25.10;84
9721;621;41;-4.69;-4.69;25.10;84
9731;621;41;-4.69;-4.69;25.10;84
9742;622;41;-4.69;-4.69;25.10;84
9752;622;41;-4.69;-4.69;25.10;84
9760;622;41;-4.69;-4.69;25.10;84
9772;623;41;-4.69;-4.69;25.10;84
9784;623;41;-4.69;-4.69;25.10;84
9802;623;41;-4.69;-4.69;25.10;84
9811;624;41;-4.69;-4.69;25.10;84
9823;624;41;-4.69;-4.69;25.10;84
9834;624;41;-3.91;-4.69;25.10;84
9851;624;41;-3.91;-4.69;25.10;84
9860;624;41;-3.91;-4.69;25.10;84
9871;623;41;-3.91;-4.69;25.10;84
9882;623;41;-3.91;-4.69;25.10;84
9891;622;41;-3.91;-4.69;25.10;84
9903;621;41;-3.91;-4.69;25.10;84
9911;621;41;-3.91;-3.91;25.10;84
9920;620;41;-3.91;-3.91;25.10;84
9932;620;41;-3.91;-3.91;25.10;84
9940;619;41;-3.91;-3.91;25.10;84
9951;619;41;-3.91;-3.91;25.10;84
9960;619;41;-3.91;-3.91;25.10;84
9971;618;41;-3.91;-3.91;25.10;84
9983;618;41;-3.91;-3.91;25.10;84
9991;618;41;-3.91;-3.91;25.10;84
10000;618;41;-3.91;-3.91;25.10;84
10011;618;41;-3.91;-3.91;25.10;84
10021;619;41;-3.91;-3.91;25.10;84
10032;619;41;-3.91;-3.91;25.10;84
10043;620;41;-3.91;-3.91;25.10;84
10052;621;41;-3.91;-3.91;25.10;84
10061;621;41;-3.91;-3.91;25.10;84
10072;622;41;-3.91;-3.91;25.10;84
10083;623;41;-3.91;-3.91;25.10;84
10093;624;41;-3.91;-3.91;25.10;84
10102;625;41;-3.91;-3.91;25.10;84
10111;625;41;-3.91;-3.91;25.10;84
10122;626;41;-3.91;-3.91;25.10;84
10133;626;41;-3.91;-3.91;25.10;84
10142;626;41;-3.91;-3.91;25.10;84
10153;627;41;-3.91;-3.91;25.10;84
10161;626;41;-3.91;-3.91;25.10;84
10170;626;41;-3.91;-3.91;25.10;84
10184;626;41;-3.91;-3.91;25.10;84
10201;625;41;-3.91;-3.91;25.10;84
10212;625;41;-3.91;-3.91;25.10;84
10222;625;41;-3.91;-3.91;25.10;84
10231;624;41;-3.91;-3.91;25.10;84
10242;624;41;-3.91;-3.91;25.10;84
10251;623;41;-3.91;-3.91;25.10;84
10260;623;41;-3.91;-3.91;25.10;84
10271;622;41;-3.91;-3.91;25.10;84
10282;622;41;-3.91;-3.91;25.10;84
10290;621;41;-3.91;-3.91;25.10;84
10301;619;41;-3.91;-3.91;25.10;84
10311;618;41;-3.91;-3.91;25.10;84
10322;617;41;-3.91;-3.91;25.10;84
10331;616;41;-3.91;-3.91;25.10;84
10340;615;41;-3.91;-3.91;25.10;84
10352;615;41;-3.91;-3.91;25.10;84
10361;615;41;-3.91;-3.91;25.10;84
10372;615;41;-3.91;-3.91;25.10;84
10383;616;41;-3.91;-3.91;25.10;84
10391;616;41;-3.91;-3.91;25.10;84
10403;616;41;-3.91;-3.91;25.10;84
10412;617;41;-3.91;-3.91;25.10;84
10420;617;41;-3.91;-3.91;25.10;84
10433;618;41;-3.91;-3.91;25.10;84
10440;619;41;-3.91;-3.91;25.10;84
10452;619;41;-3.91;-3.91;25.10;84
10461;620;41;-3.91;-3.91;25.10;84
10474;620;41;-3.91;-3.91;25.10;84
10482;620;41;-3.91;-3.91;25.10;84
10491;621;41;-3.91;-3.91;25.10;84
10504;621;41;-3.91;-3.91;25.10;84
10521;622;41;-3.91;-3.91;25.10;84
10530;622;41;-3.91;-3.91;25.10;84
10542;622;41;-3.91;-3.91;25.10;84
10551;623;41;-3.91;-3.91;25.10;84
10562;623;41;-3.91;-3.91;25.10;84
10572;623;41;-3.91;-3.91;25.10;84
10584;624;41;-3.91;-3.91;25.10;84
10601;624;41;-3.91;-3.91;25.10;84
10612;624;41;-3.91;-3.91;25.10;84
10621;624;41;-3.91;-3.91;25.10;84
10630;625;41;-3.91;-3.91;25.10;84
10642;625;41;-3.91;-3.91;25.10;84
10651;625;41;-3.91;-3.91;25.10;84
10662;625;41;-3.91;-3.91;25.10;84
10671;625;41;-3.91;-3.91;25.10;84
10683;625;41;-3.91;-3.91;25.10;84
10690;624;41;-3.91;-3.91;25.10;84
10701;624;41;-3.91;-3.91;25.10;84
10713;624;41;-3.91;-3.91;25.10;84
10722;623;41;-3.91;-3.91;25.10;84
10731;623;41;-3.91;-3.91;25.10;84
10743;622;41;-3.91;-3.91;25.10;84
10752;622;41;-3.91;-3.91;25.10;84
10764;621;41;-3.91;-3.91;25.10;84
10784;621;41;-3.91;-3.91;25.10;84
10791;620;41;-3.91;-3.91;25.10;84
10803;620;41;-3.91;-3.91;25.10;84
10813;620;41;-3.91;-3.91;25.10;84
10822;620;41;-3.91;-3.91;25.10;84
10833;620;41;-3.91;-3.91;25.10;84
10842;620;41;-3.13;-3.91;25.10;84
10851;620;41;-3.13;-3.91;25.10;84
10860;621;41;-3.13;-3.91;25.10;84
10871;622;41;-3.13;-3.91;25.10;84
10883;622;41;-3.13;-3.91;25.10;84
10892;623;41;-3.13;-3.91;25.10;84
10901;624;41;-3.13;-3.91;25.10;84
10912;625;41;-3.13;-3.91;25.10;84
10921;625;41;-3.13;-3.91;25.10;84
10932;626;41;-3.13;-3.91;25.10;84
10941;626;41;-3.13;-3.91;25.10;84
10953;626;41;-3.13;-3.91;25.10;84
10961;627;41;-3.13;-3.91;25.10;84
10972;627;41;-3.13;-3.91;25.10;84
10984;627;41;-3.13;-3.91;25.10;84
10993;628;41;-3.13;-3.91;25.10;84
11001;629;41;-3.13;-3.91;25.10;84
11012;629;41;-3.13;-3.91;25.10;84
11020;630;41;-3.13;-3.91;25.10;84
11032;630;41;-3.13;-3.91;25.10;84
11041;630;41;-3.13;-3.91;25.10;84
11052;630;41;-3.13;-3.91;25.10;84
11062;629;41;-3.13;-3.91;25.10;84
11071;629;41;-3.13;-3.91;25.10;84
11082;629;41;-3.91;-3.91;25.10;84
11091;628;41;-3.91;-3.91;25.10;84
11102;627;41;-3.91;-3.91;25.10;84
11114;626;41;-3.91;-3.91;25.10;84
11120;625;41;-3.91;-3.91;25.10;84
11131;624;41;-3.91;-3.91;25.10;84
11144;623;41;-3.91;-3.91;25.10;84
11161;622;41;-3.91;-3.91;25.10;84
11173;622;41;-3.91;-3.91;24.71;84
11184;622;41;-3.91;-3.91;24.71;84
11200;622;41;-3.91;-3.91;24.71;84
11211;622;41;-3.91;-3.91;24.71;84
11224;622;41;-3.91;-3.91;24.71;84
11233;622;41;-3.91;-3.91;24.71;84
11242;622;41;-3.91;-3.91;25.10;84
11251;622;41;-3.91;-3.91;25.10;84
11263;622;41;-3.91;-3.91;25.10;84
11273;622;41;-3.91;-3.91;25.10;84
11282;622;41;-3.13;-3.91;25.10;84
11292;622;41;-3.13;-3.91;25.10;84
11302;621;41;-3.13;-3.91;25.10;84
11310;621;41;-3.13;-3.91;25.10;84
11321;621;41;-3.13;-3.91;25.10;84
11333;621;41;-3.13;-3.91;25.10;84
11342;621;41;-3.91;-3.91;25.10;84
11351;621;41;-3.91;-3.91;25.10;84
11363;621;41;-3.91;-3.91;25.10;84
11371;622;41;-3.91;-3.91;25.10;84
11383;623;41;-3.91;-3.91;25.10;84
11392;624;41;-3.91;-3.91;25.10;84
11400;625;41;-3.13;-3.91;25.10;84
11412;626;41;-3.13;-3.91;25.10;84
11421;625;41;-3.13;-3.91;25.10;84
11433;624;41;-3.13;-3.91;25.10;84
11444;624;41;-3.13;-3.91;25.10;84
11462;623;41;-3.13;-3.91;25.10;84
11472;622;41;-3.91;-3.91;25.10;84
11481;621;41;-3.91;-3.91;25.10;84
11493;622;41;-3.91;-3.91;25.10;84
11502;622;41;-3.91;-3.91;25.10;84
11514;622;41;-3.91;-3.91;25.10;84
11530;622;41;-3.91;-3.91;25.10;84
11543;623;41;-3.91;-3.91;25.10;84
11553;623;41;-3.91;-3.91;25.10;84
11562;622;41;-3.91;-3.91;25.10;84
11571;621;41;-3.91;-3.91;25.10;84
11586;621;41;-3.91;-3.91;25.10;84
11602;620;41;-3.91;-3.91;25.10;84
11612;619;41;-3.91;-3.91;25.10;84
11621;619;41;-3.91;-3.91;25.10;84
11633;618;41;-3.91;-3.91;25.10;84
11642;618;41;-3.91;-3.91;25.10;84
11653;618;41;-3.91;-3.91;25.10;84
11662;618;41;-3.91;-3.91;25.10;84
11670;618;41;-3.91;-3.91;25.10;84
11683;617;41;-3.91;-3.91;25.10;84
11693;617;41;-3.91;-3.91;25.10;84
11703;617;41;-3.91;-3.91;25.10;84
11711;616;41;-3.91;-3.91;25.10;84
11722;616;41;-3.91;-3.91;25.10;84
11732;615;41;-3.91;-3.91;25.10;84
11741;615;41;-3.91;-3.91;25.10;84
11752;616;41;-3.91;-3.91;25.10;84
11763;617;41;-3.91;-3.91;25.10;84
11772;619;41;-3.91;-3.91;25.10;84
11783;620;41;-3.91;-3.91;25.10;84
11792;621;41;-3.91;-3.91;25.10;84
11803;622;41;-3.91;-3.91;25.10;84
11812;622;41;-3.91;-3.91;25.10;84
11823;621;41;-3.91;-3.91;25.10;84
11832;621;41;-3.91;-3.91;25.10;84
11842;621;41;-3.91;-3.91;25.10;84
11853;620;41;-3.91;-3.91;25.10;84
11861;620;41;-3.91;-4.69;25.10;84
11871;620;41;-3.91;-4.69;25.10;84
11881;620;41;-3.91;-4.69;25.10;84
11893;620;41;-3.91;-4.69;25.10;84
11902;620;41;-3.91;-4.69;25.10;84
11913;620;41;-3.91;-4.69;25.10;84
11922;620;41;-3.91;-4.69;25.10;84
11931;620;41;-3.91;-4.69;25.10;84
11943;621;41;-3.91;-4.69;25.10;84
11952;621;41;-3.91;-4.69;25.10;84
11961;621;41;-3.91;-4.69;25.10;84
11973;622;41;-3.91;-4.69;25.10;84
11984;622;41;-3.91;-4.69;25.10;84
12001;623;41;-3.91;-4.69;25.10;84
12012;623;41;-3.91;-4.69;25.10;84
12022;623;41;-3.91;-4.69;25.10;84
12032;624;41;-3.91;-4.69;25.10;84
12043;624;41;-3.91;-4.69;25.10;84
12053;625;41;-3.91;-4.69;25.10;84
12061;623;41;-3.91;-4.69;25.10;84
12072;621;41;-3.91;-4.69;25.10;84
12083;620;41;-3.91;-4.69;25.10;84
12091;618;41;-3.91;-4.69;25.10;84
12101;617;41;-3.91;-4.69;25.10;84
12111;615;41;-3.91;-4.69;25.10;84
12124;616;41;-3.91;-4.69;25.49;84
12142;617;41;-3.91;-4.69;25.49;84
12152;618;41;-3.91;-4.69;25.49;84
12160;619;41;-3.91;-4.69;25.49;84
12170;620;41;-3.91;-4.69;25.49;84
12183;621;41;-3.91;-4.69;25.49;84
12191;620;41;-3.91;-4.69;25.49;84
12200;620;41;-3.91;-4.69;25.49;84
12213;619;41;-3.91;-4.69;25.49;84
12222;619;41;-3.91;-4.69;25.49;84
12233;618;41;-3.91;-4.69;25.49;84
12243;618;41;-3.91;-4.69;25.49;84
12249;618;41;-3.91;-4.69;25.10;84
12259;617;41;-3.91;-4.69;25.10;84
12273;617;41;-3.91;-4.69;25.10;84
12282;617;41;-3.91;-4.69;25.10;84
12294;617;41;-3.91;-4.69;25.10;84
12310;616;41;-3.91;-4.69;25.10;84
12323;616;41;-3.91;-4.69;25.10;84
12332;616;41;-3.91;-4.69;25.10;84
12341;616;41;-3.91;-4.69;25.10;84
12352;616;41;-3.91;-4.69;25.10;84
12361;616;41;-3.91;-4.69;25.10;84
12373;616;41;-3.91;-4.69;25.10;84
12381;616;41;-3.91;-4.69;25.49;84
12390;617;41;-3.91;-4.69;25.49;84
12403;617;41;-3.91;-4.69;25.49;84
12410;618;41;-3.91;-4.69;25.49;84
12421;618;41;-3.91;-4.69;25.49;84
12432;619;41;-3.91;-4.69;25.49;84
12441;618;41;-3.91;-4.69;25.49;84
12453;617;41;-3.91;-4.69;25.49;84
12461;617;41;-3.91;-4.69;25.49;84
12472;616;41;-3.91;-4.69;25.49;84
12483;616;41;-3.91;-4.69;25.49;84
12491;615;41;-3.91;-4.69;25.49;84
12499;616;41;-3.91;-4.69;25.49;84
12509;617;41;-3.91;-4.69;25.49;84
12519;619;41;-3.91;-4.69;25.49;84
12532;620;41;-3.91;-4.69;25.49;84
12540;621;41;-3.91;-4.69;25.49;84
12551;622;41;-3.91;-4.69;25.49;84
12563;622;41;-3.91;-4.69;25.49;84
12571;623;41;-3.91;-4.69;25.49;84
12586;623;41;-3.91;-4.69;25.49;84
12601;623;41;-3.91;-4.69;25.49;84
12610;624;41;-3.91;-4.69;25.49;84
12621;624;41;-3.91;-4.69;25.49;84
12632;624;41;-3.91;-4.69;25.49;84
12641;623;41;-3.91;-4.69;25.49;84
12651;623;41;-3.91;-4.69;25.49;84
12662;623;41;-3.91;-4.69;25.49;84
12670;623;41;-3.91;-4.69;25.49;84
12682;623;41;-3.91;-4.69;25.49;84
12691;623;41;-3.91;-4.69;25.49;84
12700;623;41;-3.91;-4.69;25.49;84
12711;623;41;-3.91;-4.69;25.49;84
12719;623;41;-3.91;-4.69;25.49;84
12731;623;41;-3.91;-4.69;25.49;84
12741;623;41;-3.91;-4.69;25.49;84
12750;622;41;-3.91;-4.69;25.49;84
12760;622;41;-3.91;-4.69;25.49;84
12771;621;41;-3.91;-4.69;25.49;84
12784;620;41;-3.91;-4.69;25.49;84
12800;619;41;-3.91;-4.69;25.49;84
12811;618;41;-3.91;-4.69;25.49;84
12822;619;41;-3.91;-4.69;25.49;84
12832;619;41;-3.91;-4.69;25.49;84
12840;620;41;-3.91;-4.69;25.49;84
12853;620;41;-3.91;-4.69;25.49;84
12859;621;41;-3.91;-4.69;25.49;84
12872;621;41;-3.91;-4.69;25.49;84
12881;622;41;-3.91;-4.69;25.49;84
12890;622;41;-3.91;-4.69;25.49;84
12903;623;41;-3.91;-4.69;25.49;84
12910;623;41;-3.91;-4.69;25.49;84
12921;624;41;-3.91;-4.69;25.49;84
12931;624;41;-3.91;-4.69;25.49;84
12942;624;41;-3.91;-4.69;25.49;84
12953;624;41;-3.91;-4.69;25.49;84
12959;624;41;-3.91;-4.69;25.49;84
12971;624;41;-3.91;-4.69;25.49;84
12982;624;41;-3.91;-4.69;25.49;84
12992;624;41;-3.91;-4.69;25.49;84
13001;623;41;-3.91;-4.69;25.49;84
13012;622;41;-3.91;-4.69;25.49;84
13021;621;41;-3.91;-4.69;25.49;84
13032;620;41;-3.91;-4.69;25.49;84
13040;620;41;-3.91;-4.69;25.49;84
13052;619;41;-3.91;-4.69;25.49;84
13063;618;41;-3.91;-4.69;25.49;84
13070;618;41;-3.91;-4.69;25.49;84
13084;618;41;-3.91;-4.69;25.49;84
13100;618;41;-3.91;-4.69;25.49;84
13111;618;41;-3.91;-4.69;25.49;84
13120;618;41;-3.91;-4.69;25.49;84
13132;619;41;-3.91;-4.69;25.49;84
13142;620;41;-3.91;-4.69;25.49;84
13152;621;41;-3.91;-4.69;25.49;84
13161;622;41;-3.91;-4.69;25.49;84
13170;623;41;-3.91;-4.69;25.49;84
13186;624;41;-3.91;-4.69;25.49;84
13200;624;41;-3.91;-4.69;25.49;84
13210;624;41;-3.91;-4.69;25.49;84
13222;624;41;-3.91;-4.69;25.49;84
13231;623;41;-3.91;-4.69;25.49;84
13242;623;41;-3.91;-4.69;25.49;84
13252;623;41;-3.91;-4.69;25.49;84
13261;623;41;-3.91;-4.69;25.49;84
13272;623;41;-3.91;-4.69;25.49;84
13284;623;41;-3.91;-4.69;25.49;84
13291;623;41;-3.91;-4.69;25.49;84
13302;624;41;-3.91;-4.69;25.49;84
13311;624;41;-3.91;-4.69;25.49;84
13321;623;41;-3.91;-4.69;25.49;84
13333;623;41;-3.91;-4.69;25.49;84
13342;622;41;-3.91;-4.69;25.49;84
13350;622;41;-3.91;-4.69;25.49;84
13361;622;41;-3.91;-4.69;25.49;84
13371;621;41;-3.91;-4.69;25.49;84
13385;622;41;-3.91;-4.69;25.49;84
13402;622;41;-3.91;-4.69;25.49;84
13411;623;41;-3.91;-4.69;25.49;84
13422;623;41;-3.91;-4.69;25.49;84
13431;623;41;-3.91;-4.69;25.49;84
13441;624;41;-3.91;-4.69;25.49;84
13450;625;41;-3.91;-4.69;25.49;84
13464;625;41;-3.91;-4.69;25.49;84
13472;626;41;-3.91;-4.69;25.49;84
13484;627;41;-3.91;-4.69;25.49;84
13490;627;41;-3.91;-4.69;25.49;84
13501;628;41;-3.91;-4.69;25.49;84
13509;627;41;-3.91;-4.69;25.49;84
13521;626;41;-3.91;-4.69;25.49;84
13533;625;41;-3.91;-4.69;25.49;84
13542;624;41;-3.91;-4.69;25.49;84
13551;623;41;-3.91;-4.69;25.49;84
13560;622;41;-3.91;-4.69;25.49;84
13569;623;41;-3.91;-4.69;25.49;84
13586;623;41;-3.91;-4.69;25.49;84
13601;624;41;-3.91;-4.69;25.49;84
13611;625;41;-3.91;-4.69;25.49;84
13620;625;41;-3.91;-4.69;25.49;84
13633;626;41;-3.91;-4.69;25.49;84
13641;626;41;-3.91;-4.69;25.49;84
13651;627;41;-3.91;-4.69;25.49;84
13661;627;41;-3.91;-4.69;25.49;84
13671;628;41;-3.91;-4.69;25.49;84
13682;629;41;-3.91;-4.69;25.49;84
13690;629;41;-3.91;-3.91;25.49;84
13701;629;41;-3.91;-3.91;25.49;84
13710;630;41;-3.91;-3.91;25.49;84
13722;630;41;-3.91;-3.91;25.49;84
13730;630;41;-3.91;-3.91;25.49;84
13741;631;41;-3.91;-3.91;25.49;84
13750;631;41;-3.91;-3.91;25.49;84
13762;631;41;-3.91;-3.91;25.10;84
13770;631;41;-3.91;-3.91;25.10;84
13783;631;41;-3.91;-3.91;25.10;84
13790;631;41;-3.91;-3.91;25.10;84
13802;631;41;-3.91;-3.91;25.10;84
13810;631;41;-3.91;-3.91;25.10;84
13822;630;41;-3.91;-3.91;25.10;84
13834;628;41;-3.91;-3.91;25.10;84
13843;627;41;-3.91;-3.91;25.10;84
13851;626;41;-3.91;-3.91;25.10;84
13861;625;41;-3.91;-3.91;25.10;84
13871;624;41;-3.91;-3.91;25.10;84
13883;625;41;-3.91;-3.91;25.10;84
13891;625;41;-3.91;-3.91;25.10;84
13900;626;41;-3.91;-3.91;25.10;84
13912;626;41;-3.91;-3.91;25.10;84
13922;627;41;-3.91;-3.91;25.10;84
13931;628;41;-3.91;-3.91;25.10;84
13942;627;41;-3.91;-3.91;25.49;84
13950;627;41;-3.91;-3.91;25.49;84
13960;626;41;-3.91;-3.91;25.49;84
13971;626;41;-3.91;-3.91;25.49;84
13986;625;41;-3.91;-3.91;25.49;84
14001;625;41;-3.91;-3.91;25.49;84
14010;625;41;-3.91;-3.91;25.49;84
14022;624;41;-3.91;-3.91;25.49;84
14031;624;41;-3.91;-3.91;25.49;84
14040;623;41;-3.91;-3.91;25.49;84
14051;623;41;-3.91;-3.91;25.49;84
14061;623;41;-3.91;-3.91;25.49;84
14072;624;41;-3.91;-3.91;25.49;84
14084;625;41;-3.91;-3.91;25.49;84
14090;625;41;-3.91;-3.91;25.49;84
14101;626;41;-3.91;-3.91;25.49;84
14111;627;41;-3.91;-3.91;25.49;84
14121;628;41;-3.91;-3.91;25.49;84
14132;629;41;-3.91;-3.91;25.49;84
14141;629;41;-3.91;-3.91;25.49;84
14150;630;41;-3.91;-3.91;25.49;84
14160;630;41;-3.91;-3.91;25.49;84
14171;630;41;-3.91;-3.91;25.49;84
14183;631;41;-3.91;-3.91;25.49;84
14192;631;41;-3.91;-3.91;25.49;84
14203;630;41;-3.91;-3.91;25.49;84
14211;630;41;-3.91;-3.91;25.49;84
14221;629;41;-3.91;-3.91;25.49;84
14231;629;41;-3.91;-3.91;25.49;84
14240;629;41;-3.91;-3.91;25.49;84
14251;629;41;-3.91;-3.91;25.49;84
14261;630;41;-3.91;-3.91;25.49;84
14270;630;41;-3.91;-3.91;25.49;84
14284;630;41;-3.91;-3.91;25.49;84
14290;631;41;-3.91;-3.91;25.49;84
14303;631;41;-3.91;-3.91;25.49;84
14312;630;41;-3.91;-3.91;25.49;84
14321;629;41;-3.91;-3.91;25.49;84
14334;628;41;-3.91;-3.91;25.49;84
14342;627;41;-3.91;-3.91;25.49;84
14350;626;41;-3.91;-3.91;25.49;84
14362;624;41;-3.91;-3.91;25.49;84
14371;624;41;-3.91;-3.91;25.49;84
14382;623;41;-3.91;-3.91;25.49;84
14391;622;41;-3.91;-3.91;25.49;84
14400;622;41;-3.91;-3.91;25.49;84
14413;621;41;-3.91;-3.91;25.49;84
14421;620;41;-3.91;-3.91;25.49;84
14432;622;41;-3.91;-3.91;25.88;84
14441;623;41;-3.91;-3.91;25.88;84
14452;624;41;-3.91;-3.91;25.88;84
14461;625;41;-3.91;-3.91;25.88;84
14472;626;41;-3.91;-3.91;25.88;84
14482;627;41;-3.91;-3.91;25.88;84
14490;627;41;-3.91;-3.91;25.88;84
14502;627;41;-3.91;-3.91;25.88;84
14510;627;41;-3.91;-3.91;25.88;84
14522;626;41;-3.91;-3.91;25.88;84
14532;626;41;-3.91;-3.91;25.88;84
14541;626;41;-3.91;-4.69;25.88;84
14550;626;41;-3.91;-4.69;25.88;84
14560;625;41;-3.91;-4.69;25.88;84
14571;625;41;-3.91;-4.69;25.88;84
14587;625;41;-3.91;-4.69;25.88;84
14602;624;41;-3.91;-4.69;25.88;84
14610;624;41;-3.91;-4.69;25.88;84
14622;625;41;-3.91;-4.69;25.88;84
14631;626;41;-3.91;-4.69;25.88;84
14640;627;41;-3.91;-4.69;25.88;84
14651;628;41;-3.91;-4.69;25.88;84
14661;628;41;-3.91;-4.69;25.88;84
14671;629;41;-3.91;-4.69;25.88;84
14683;630;41;-3.91;-4.69;25.88;84
14692;630;41;-3.91;-4.69;25.88;84
14700;630;41;-3.91;-4.69;25.88;84
14710;630;41;-3.91;-4.69;25.88;84
14721;630;41;-3.91;-4.69;25.88;84
14731;630;41;-3.91;-4.69;25.88;84
14740;630;41;-3.91;-4.69;25.88;84
14752;629;41;-3.91;-4.69;25.88;84
14761;629;41;-3.91;-4.69;25.88;84
14771;628;41;-3.91;-4.69;25.88;84
14783;628;41;-4.69;-4.69;25.88;84
14792;627;41;-4.69;-4.69;25.88;84
14801;628;41;-4.69;-4.69;25.88;84
14812;628;41;-4.69;-4.69;25.88;84
14820;628;41;-4.69;-4.69;25.88;84
14835;628;41;-4.69;-4.69;25.88;84
14852;628;41;-4.69;-4.69;25.88;84
14860;629;41;-4.69;-4.69;25.88;84
14871;629;41;-4.69;-4.69;25.88;84
14883;629;41;-4.69;-4.69;25.88;84
14893;629;41;-4.69;-4.69;25.88;84
14901;629;41;-4.69;-4.69;25.88;84
14910;629;41;-4.69;-4.69;25.88;84
14921;630;41;-4.69;-4.69;25.88;84
14930;629;41;-4.69;-4.69;25.88;84
14941;629;41;-4.69;-4.69;25.88;84
14950;629;41;-4.69;-4.69;25.88;84
14962;628;41;-4.69;-4.69;25.88;84
14972;628;41;-4.69;-4.69;25.88;84
14984;627;41;-4.69;-4.69;25.88;84
15002;627;41;-4.69;-4.69;25.88;84
15012;628;41;-4.69;-4.69;25.88;84
15022;628;41;-4.69;-4.69;25.88;84
15030;628;41;-4.69;-4.69;25.88;84
15041;628;41;-4.69;-4.69;25.88;84
15052;628;41;-4.69;-4.69;25.88;84
15059;628;41;-4.69;-4.69;25.88;84
15072;629;41;-4.69;-4.69;25.88;84
15083;629;41;-4.69;-4.69;25.88;84
15092;629;41;-4.69;-4.69;25.88;84
15101;630;41;-4.69;-4.69;25.88;84
15110;630;41;-4.69;-4.69;25.88;84
15122;630;41;-4.69;-4.69;25.88;84
15131;630;41;-4.69;-4.69;25.88;84
15142;630;41;-4.69;-4.69;25.88;84
15151;630;41;-4.69;-4.69;25.88;84
15160;630;41;-4.69;-4.69;25.88;84
15172;629;41;-4.69;-4.69;25.88;84
15186;628;41;-4.69;-4.69;25.88;84
15202;627;41;-4.69;-4.69;25.88;84
15211;626;41;-4.69;-4.69;25.88;84
15222;625;41;-4.69;-4.69;25.88;84
15230;624;41;-4.69;-4.69;25.88;84
15241;623;41;-4.69;-4.69;25.88;84
15253;622;41;-4.69;-4.69;26.27;84
15262;620;41;-4.69;-4.69;26.27;84
15272;619;41;-4.69;-4.69;26.27;84
15284;617;41;-4.69;-4.69;26.27;84
15300;616;41;-3.91;-4.69;26.27;84
15310;615;41;-3.91;-3.91;26.27;84
15321;615;41;-3.91;-3.91;26.27;84
15333;615;41;-3.91;-3.91;26.27;84
15341;615;41;-3.91;-3.91;26.27;84
15352;615;41;-3.91;-3.91;26.27;84
15361;615;41;-3.91;-3.91;26.27;84
15370;615;41;-3.91;-3.91;26.27;84
15384;617;41;-3.91;-3.91;26.67;84
15401;619;41;-3.91;-3.91;26.67;84
15412;621;41;-3.91;-3.91;26.67;84
15421;623;41;-3.91;-3.91;26.67;84
15432;625;41;-3.91;-3.91;26.67;84
15441;626;41;-3.91;-4.69;26.67;84
15452;627;41;-3.91;-4.69;26.67;84
15461;627;41;-3.91;-4.69;26.67;84
15470;628;41;-3.91;-4.69;26.67;84
15482;628;41;-3.91;-4.69;26.67;84
15491;628;41;-3.91;-4.69;26.67;84
15500;629;41;-3.91;-4.69;26.67;84
15511;628;41;-3.91;-4.69;26.67;84
15522;627;41;-3.91;-4.69;26.67;84
15531;626;41;-3.91;-4.69;26.67;84
15542;625;41;-3.91;-4.69;26.67;84
15551;624;41;-3.91;-4.69;26.67;84
15560;623;41;-3.91;-4.69;26.67;84
15572;623;41;-3.91;-4.69;26.67;84
15586;623;41;-3.91;-4.69;26.67;84
15602;623;41;-3.91;-4.69;26.67;84
15613;622;41;-3.91;-4.69;26.67;84
15622;622;41;-4.69;-4.69;26.67;84
15632;622;41;-4.69;-4.69;26.67;84
15641;623;41;-4.69;-4.69;26.67;84
15650;623;41;-4.69;-4.69;26.67;84
15663;624;41;-4.69;-4.69;26.67;84
15671;625;41;-4.69;-4.69;26.67;84
15684;625;41;-4.69;-4.69;26.67;84
15701;626;41;-4.69;-4.69;26.67;84
15710;626;41;-4.69;-4.69;26.67;84
15720;626;41;-4.69;-4.69;26.67;84
15732;626;41;-4.69;-4.69;26.67;84
15742;627;41;-4.69;-4.69;26.67;84
15752;627;41;-4.69;-4.69;26.67;84
15763;627;41;-4.69;-4.69;26.67;84
15773;628;41;-4.69;-4.69;26.67;84
15784;629;41;-4.69;-4.69;26.67;84
15802;630;41;-4.69;-4.69;26.67;84
15810;631;41;-4.69;-4.69;26.67;84
15821;632;41;-3.91;-4.69;26.67;84
15831;633;41;-3.91;-4.69;26.67;84
15841;632;41;-3.91;-4.69;26.67;84
15851;631;41;-3.91;-4.69;26.67;84
15861;631;41;-3.91;-4.69;26.67;84
15872;630;41;-3.91;-4.69;26.67;84
15884;629;41;-3.91;-4.69;26.67;84
15892;629;41;-3.91;-3.91;26.67;84
15900;628;41;-3.91;-3.91;26.67;84
15910;627;41;-3.91;-3.91;26.67;84
15921;627;41;-3.91;-3.91;26.67;84
15933;626;41;-3.91;-3.91;26.67;84
15943;626;41;-3.91;-3.91;26.67;84
15952;625;41;-3.91;-3.91;26.67;84
15962;626;41;-3.91;-3.91;26.67;84
15970;627;41;-3.91;-3.91;26.67;84
15984;627;41;-3.91;-3.91;26.67;84
15993;628;41;-3.91;-3.91;26.67;84
16002;629;41;-3.91;-3.91;26.67;84
16013;630;41;-3.91;-3.91;26.67;84
16022;630;41;-3.91;-3.91;26.67;84
16030;629;41;-3.91;-3.91;26.67;84
16043;629;41;-3.91;-3.91;26.67;84
16052;629;41;-3.91;-3.91;26.67;84
16061;629;41;-3.13;-3.91;26.67;84
16074;628;41;-3.13;-3.91;26.67;84
16083;628;41;-3.13;-3.91;26.67;84
16092;628;41;-3.13;-3.91;26.67;84
16103;628;41;-3.13;-3.91;26.67;84
16112;628;41;-3.13;-3.91;26.67;84
16122;628;41;-3.13;-3.91;26.67;84
16132;628;41;-3.13;-3.91;26.67;84
16143;629;41;-3.13;-3.91;26.67;84
16151;630;41;-3.13;-3.91;26.67;84
16162;630;41;-3.13;-3.91;26.67;84
16173;631;41;-3.13;-3.91;26.67;84
16184;632;41;-3.13;-3.91;26.67;84
16193;633;41;-3.13;-3.91;26.67;84
16202;631;41;-3.13;-3.91;26.67;84
16211;629;41;-3.13;-3.91;26.67;84
16223;627;41;-3.13;-3.91;26.67;84
16232;625;41;-3.13;-3.91;26.67;84
16244;623;41;-3.13;-3.91;26.67;84
16260;621;41;-3.13;-3.91;26.67;84
16271;622;41;-3.13;-3.91;26.67;84
16282;622;41;-3.13;-3.91;26.67;84
16291;623;41;-3.13;-3.91;26.67;84
16301;623;41;-3.13;-3.91;26.67;84
16313;624;41;-3.13;-3.91;26.67;84
16321;624;41;-3.13;-3.91;26.67;84
16333;626;41;-3.13;-3.91;27.06;84
16343;627;41;-3.13;-3.91;27.06;84
16352;628;41;-3.13;-3.91;27.06;84
16362;629;41;-3.13;-3.91;27.06;84
16372;630;41;-3.13;-3.91;27.06;84
16385;632;41;-3.13;-3.91;27.06;84
16403;632;41;-3.13;-3.91;27.06;84
16411;632;41;-3.13;-3.91;27.06;84
16421;632;41;-3.13;-3.91;27.06;84
16432;632;41;-3.13;-3.91;27.06;84
16443;632;41;-3.13;-3.91;27.06;84
16452;632;41;-3.13;-3.91;27.06;84
16461;630;41;-3.13;-3.91;27.06;84
16472;628;41;-3.13;-3.91;27.06;84
16484;627;41;-3.13;-3.91;27.06;84
16501;625;41;-3.13;-3.91;27.06;84
16512;624;41;-3.91;-3.91;27.06;84
16523;622;41;-3.91;-4.69;27.06;84
16532;622;41;-3.91;-4.69;27.06;84
16541;623;41;-3.91;-4.69;27.06;84
16552;623;41;-3.91;-4.69;27.06;84
16563;624;41;-3.91;-4.69;27.06;84
16572;624;41;-3.91;-4.69;27.06;84
16585;625;41;-3.91;-4.69;27.06;84
16603;625;41;-3.91;-4.69;27.06;84
16613;626;41;-3.91;-4.69;27.06;84
16622;626;41;-3.91;-4.69;27.06;84
16633;626;41;-3.91;-4.69;27.06;84
16641;627;41;-3.91;-4.69;27.06;84
16651;627;41;-3.91;-4.69;27.06;84
16661;628;41;-3.91;-4.69;27.06;84
16671;628;41;-3.91;-4.69;27.06;84
16684;628;41;-3.91;-4.69;27.06;84
16691;628;41;-3.91;-4.69;27.06;84
16701;628;41;-3.91;-4.69;27.06;84
16712;629;41;-3.91;-4.69;27.06;84
16723;628;41;-3.91;-4.69;27.06;84
16731;628;41;-3.91;-4.69;27.06;84
16741;628;41;-3.91;-4.69;27.06;84
16752;628;41;-3.91;-4.69;27.06;84
16761;628;41;-3.91;-4.69;27.06;84
16772;628;41;-3.91;-3.91;27.06;84
16784;627;41;-3.91;-3.91;27.06;84
16802;627;41;-3.91;-3.91;27.06;84
16810;627;41;-3.91;-3.91;27.06;84
16821;627;41;-3.91;-3.91;27.06;84
16832;627;41;-3.13;-3.91;27.06;84
16841;626;41;-3.13;-3.91;27.06;84
16850;627;41;-3.13;-3.91;27.06;84
16862;628;41;-3.13;-3.91;27.06;84
16873;628;41;-3.13;-3.91;27.06;84
16883;629;41;-3.13;-3.91;27.06;84
16890;630;41;-3.13;-3.91;27.06;84
16902;630;41;-3.13;-3.91;27.06;84
16912;631;41;-3.13;-3.91;27.06;84
16920;632;41;-3.13;-3.91;27.06;84
16933;633;41;-3.13;-3.91;27.06;84
16941;633;41;-3.13;-3.91;27.06;84
16954;634;41;-3.13;-3.91;27.06;84
16960;635;41;-3.13;-3.91;27.06;84
16972;635;41;-3.13;-3.91;27.06;84
16985;636;41;-3.13;-3.91;27.06;84
17000;636;41;-3.13;-3.91;27.06;84
17013;637;41;-3.13;-3.91;27.06;84
17021;637;41;-3.13;-3.91;27.06;84
17033;637;41;-3.13;-3.91;27.06;84
17041;637;41;-3.13;-3.91;27.06;84
17051;637;41;-3.13;-3.91;27.06;84
17059;636;41;-3.13;-3.91;27.06;84
17071;636;41;-3.13;-3.91;27.06;84
17084;636;41;-3.13;-3.91;27.06;84
17091;635;41;-3.13;-3.91;27.06;84
17101;635;41;-3.13;-3.91;27.06;84
17109;634;41;-3.13;-3.91;27.06;84
17120;633;41;-3.13;-3.91;27.06;84
17132;633;41;-3.13;-3.91;27.06;84
17140;632;41;-3.13;-3.91;27.06;84
17152;632;41;-3.13;-3.91;27.06;84
17163;632;41;-3.13;-3.91;27.06;84
17169;631;41;-3.13;-3.91;27.06;84
17183;631;41;-3.13;-3.91;27.06;84
17189;631;41;-3.13;-3.91;27.06;84
17200;630;41;-3.13;-3.91;27.06;84
17212;630;41;-3.13;-3.91;27.06;84
17220;630;41;-3.13;-3.91;27.06;84
17231;630;41;-3.13;-3.91;27.06;84
17243;630;41;-3.13;-3.91;27.06;84
17250;630;41;-3.13;-3.91;27.06;84
17259;630;41;-3.13;-3.91;27.06;84
17272;630;41;-3.13;-3.91;27.06;84
17281;630;41;-3.13;-3.91;27.06;84
17293;631;41;-3.13;-3.91;27.06;84
17300;631;41;-3.13;-3.91;27.06;84
17309;631;41;-3.13;-3.91;27.06;84
17321;631;41;-3.13;-3.91;27.06;84
17333;631;41;-3.13;-3.91;27.06;84
17339;631;41;-3.13;-3.91;27.06;84
17352;630;41;-3.13;-3.91;27.06;84
17361;630;41;-3.13;-3.91;27.06;84
17370;630;41;-3.13;-3.91;27.06;84
17385;629;41;-3.13;-3.91;27.06;84
17402;629;41;-3.13;-3.91;27.06;84
17411;628;41;-3.13;-3.91;27.06;84
17421;627;41;-3.13;-3.91;27.06;84
17434;627;41;-3.13;-3.91;27.06;84
17441;626;41;-3.13;-3.91;27.06;84
17450;625;41;-3.13;-3.91;27.06;84
17459;624;41;-3.13;-3.91;27.06;84
17472;624;41;-3.13;-3.91;27.45;84
17481;625;41;-3.13;-3.91;27.45;84
17490;625;41;-3.13;-3.91;27.45;84
17501;625;41;-3.13;-3.91;27.45;84
17513;626;41;-3.13;-3.91;27.45;84
17520;626;41;-3.13;-3.91;27.45;84
17530;626;41;-3.13;-3.91;27.45;84
17543;626;41;-3.13;-3.91;27.45;84
17551;626;41;-3.13;-3.91;27.45;84
17561;626;41;-3.13;-3.91;27.45;84
17570;626;41;-3.13;-3.91;27.45;84
17585;626;41;-3.13;-3.91;27.45;84
17603;627;41;-3.13;-3.91;27.45;84
17613;627;41;-3.13;-3.91;27.45;84
17622;627;41;-3.13;-3.91;27.45;84
17632;628;41;-3.13;-3.91;27.45;84
17643;628;41;-3.13;-3.91;27.45;84
17650;628;41;-3.13;-4.69;27.45;84
17659;629;41;-3.13;-4.69;27.45;84
17670;630;41;-3.13;-4.69;27.45;84
17682;631;41;-3.13;-4.69;27.45;84
17690;632;41;-3.13;-4.69;27.45;84
17704;633;41;-3.13;-4.69;27.45;84
17721;634;41;-3.13;-4.69;27.45;84
17732;633;41;-3.13;-4.69;27.45;84
17740;632;41;-3.13;-4.69;27.45;84
17752;631;41;-3.13;-4.69;27.45;84
17761;630;41;-3.13;-4.69;27.45;84
17770;629;41;-3.13;-4.69;27.45;84
17783;628;41;-3.13;-4.69;27.45;84
17791;628;41;-3.13;-4.69;27.45;84
17800;629;41;-3.13;-4.69;27.45;84
17811;629;41;-3.13;-4.69;27.45;84
17821;630;41;-3.13;-4.69;27.45;84
17832;630;41;-3.13;-4.69;27.45;84
17840;631;41;-3.13;-4.69;27.45;84
17850;631;41;-3.13;-4.69;27.84;84
17860;630;41;-3.13;-4.69;27.84;84
17870;630;41;-3.13;-4.69;27.84;84
17882;630;41;-3.13;-4.69;27.84;84
17890;630;41;-3.13;-4.69;27.84;84
17901;630;41;-3.13;-4.69;27.84;84
17913;629;41;-3.13;-4.69;27.84;84
17921;629;41;-3.13;-4.69;27.84;84
17930;628;41;-3.13;-4.69;27.84;84
17940;628;41;-3.13;-4.69;27.84;84
17951;628;41;-3.13;-4.69;27.84;84
17961;627;41;-3.13;-4.69;27.84;84
17970;627;41;-3.13;-4.69;27.84;84
17983;627;41;-3.13;-4.69;27.84;84
17993;628;41;-3.13;-4.69;27.84;84
18001;628;41;-3.13;-4.69;27.84;84
18010;628;41;-3.13;-4.69;27.84;84
18019;628;41;-3.13;-4.69;27.84;84
18032;629;41;-3.13;-4.69;27.84;84
18040;629;41;-3.13;-4.69;27.84;84
18052;630;41;-3.13;-4.69;27.84;84
18060;630;41;-3.13;-4.69;27.84;84
18069;631;41;-3.13;-4.69;27.84;84
18081;631;41;-3.13;-3.91;27.84;84
18091;631;41;-3.13;-3.91;27.84;84
18101;630;41;-3.13;-3.91;27.84;84
18111;630;41;-3.13;-3.91;27.84;84
18122;629;41;-3.13;-3.91;27.84;84
18131;629;41;-3.13;-3.91;27.84;84
18141;628;41;-3.13;-3.91;27.84;84
18151;628;41;-3.13;-3.91;27.84;84
18160;628;41;-3.13;-3.91;27.84;84
18170;628;41;-3.13;-3.91;27.84;84
18183;628;41;-3.13;-3.91;27.84;84
18191;629;41;-3.13;-3.91;27.84;84
18200;629;41;-3.13;-3.91;27.84;84
18210;628;41;-3.13;-3.91;27.84;84
18221;628;41;-3.13;-3.91;27.84;84
18231;627;41;-3.13;-3.91;27.84;84
18239;627;41;-3.13;-3.91;27.84;84
18251;626;41;-3.13;-3.91;27.84;84
18263;626;41;-3.13;-3.91;27.84;84
18272;626;41;-3.13;-3.91;27.84;84
18283;626;41;-3.13;-3.91;27.84;84
18292;626;41;-3.13;-3.91;27.84;84
18301;626;41;-3.13;-3.91;27.84;84
18310;626;41;-3.13;-3.91;27.84;84
18321;626;41;-3.13;-3.91;27.84;84
18333;626;41;-3.13;-3.91;27.84;84
18341;627;41;-3.13;-3.91;27.84;84
18351;628;41;-3.13;-3.91;27.84;84
18360;628;41;-3.13;-3.91;27.84;84
18371;629;41;-3.13;-3.91;27.84;84
18383;629;41;-3.13;-3.91;27.84;84
18391;629;41;-3.13;-3.91;27.84;84
18400;629;41;-3.13;-3.91;27.84;84
18411;630;41;-3.13;-3.91;27.84;84
18420;630;41;-3.13;-3.91;27.84;84
18431;630;41;-3.91;-3.91;27.84;84
18441;630;41;-3.91;-3.91;27.84;84
18451;630;41;-3.91;-3.91;27.84;84
18462;630;41;-3.91;-3.91;27.84;84
18473;630;41;-3.91;-3.91;27.84;84
18484;630;41;-3.91;-3.91;27.84;84
18501;630;41;-3.91;-3.91;27.84;84
18509;630;41;-3.91;-3.91;27.84;84
18521;629;41;-3.91;-3.91;27.84;84
18531;627;41;-3.91;-3.91;27.84;84
18542;626;41;-3.91;-3.91;27.84;84
18552;625;41;-3.91;-3.91;27.84;84
18561;624;41;-3.91;-3.91;27.84;84
18569;623;41;-3.91;-3.91;27.84;84
18586;623;41;-3.91;-3.91;27.84;84
18602;623;41;-3.91;-3.91;27.84;84
18612;623;41;-3.91;-3.91;27.84;84
18622;623;41;-3.91;-3.91;27.84;84
18631;623;41;-3.91;-3.91;27.84;84
18640;623;41;-3.91;-3.91;27.84;84
18652;623;41;-3.91;-3.91;27.84;84
18660;624;41;-3.91;-3.91;27.84;84
18672;624;41;-3.91;-3.91;27.84;84
18683;625;41;-3.91;-3.91;27.84;84
18691;625;41;-3.91;-3.91;27.84;84
18701;626;41;-3.91;-3.91;27.84;84
18712;626;41;-3.91;-3.91;27.84;84
18720;627;41;-3.91;-3.91;27.84;84
18730;627;41;-3.91;-3.91;27.84;84
18740;628;41;-3.91;-3.91;27.84;84
18752;628;41;-3.13;-3.91;27.84;84
18760;629;41;-3.13;-3.91;27.84;84
18772;629;41;-3.13;-3.91;27.84;84
18785;628;41;-3.13;-3.91;27.84;84
18799;628;41;-3.13;-3.91;27.84;84
18811;628;41;-3.13;-3.91;27.84;84
18822;627;41;-3.13;-3.91;27.84;84
18834;627;41;-3.13;-3.91;27.84;84
18850;627;41;-3.13;-3.91;27.84;84
18860;628;41;-3.13;-3.91;27.84;84
18871;628;41;-3.13;-3.91;27.84;84
18882;629;41;-3.13;-3.91;27.84;84
18891;629;41;-3.13;-3.91;27.84;84
18902;630;41;-3.13;-3.91;27.84;84
18911;629;41;-3.13;-3.91;27.84;84
18921;628;41;-3.13;-3.91;27.84;84
18930;628;41;-3.13;-3.91;27.84;84
18942;627;41;-3.13;-3.91;27.84;84
18950;627;41;-3.13;-3.91;27.84;84
18962;626;41;-3.13;-3.91;27.84;84
18970;626;41;-3.13;-3.91;27.84;84
18982;626;41;-3.13;-3.91;27.84;84
18991;626;41;-3.13;-3.91;27.84;84
19000;626;41;-3.13;-3.91;27.84;84
19011;625;41;-3.13;-3.91;27.84;84
19020;625;41;-3.13;-3.91;27.84;84
19032;627;41;-3.13;-3.91;27.84;84
19042;628;41;-3.13;-3.91;27.84;84
19051;629;41;-3.13;-3.91;27.84;84
19061;630;41;-3.13;-3.91;27.84;84
19071;631;41;-3.13;-3.91;27.84;84
19082;632;41;-3.13;-3.91;27.84;84
19090;632;41;-3.13;-3.91;27.84;84
19101;631;41;-3.13;-3.91;27.84;84
19110;631;41;-3.13;-3.91;27.84;84
19120;630;41;-3.13;-3.91;27.84;84
19132;630;41;-3.13;-3.91;27.84;84
19140;629;41;-3.13;-3.91;27.84;84
19152;628;41;-3.13;-3.91;27.84;84
19160;627;41;-3.13;-3.91;27.84;84
19171;626;41;-3.13;-3.91;27.84;84
19182;625;41;-3.13;-3.91;27.84;84
19190;624;41;-3.13;-3.91;27.84;84
19202;623;41;-3.13;-3.13;27.84;84
19210;623;41;-3.13;-3.13;27.84;84
19221;624;41;-3.13;-3.13;27.84;84
19232;624;41;-3.13;-3.13;27.84;84
19240;624;41;-3.13;-3.13;27.84;84
19252;625;41;-3.13;-3.13;27.84;84
19260;625;41;-3.13;-3.13;27.84;84
19272;626;41;-3.13;-3.13;27.84;84
19284;627;41;-3.13;-3.13;27.84;84
19301;629;41;-3.13;-3.13;27.84;84
19311;630;41;-3.13;-3.13;27.84;84
19322;631;41;-3.13;-3.13;27.84;84
19331;632;41;-3.13;-3.13;27.84;84
19342;632;41;-3.13;-3.13;27.84;84
19352;631;41;-3.13;-3.13;27.84;84
19363;631;41;-3.13;-3.13;27.84;84
19372;631;41;-3.13;-3.13;27.84;84
19384;630;41;-3.13;-3.13;27.84;84
19403;630;41;-3.13;-3.91;27.84;84
19413;630;41;-3.13;-3.91;27.84;84
19421;630;41;-3.13;-3.91;27.84;84
19430;630;41;-3.13;-3.91;27.84;84
19440;630;41;-3.13;-3.91;27.84;84
19451;631;41;-3.13;-3.91;27.84;84
19463;631;41;-3.13;-3.91;27.84;84
19471;631;41;-3.13;-3.91;27.84;84
19485;631;41;-3.13;-3.91;27.84;84
19502;632;41;-3.13;-3.91;27.84;84
19510;632;41;-3.13;-3.91;27.84;84
19521;633;41;-3.13;-3.91;27.84;84
19533;633;41;-3.13;-3.91;27.84;84
19543;633;41;-3.13;-3.91;27.84;84
19552;634;41;-3.13;-3.91;27.84;84
19560;634;41;-3.13;-3.91;27.84;84
19571;634;41;-3.13;-3.91;27.84;84
19586;635;41;-3.13;-3.91;27.84;84
19603;635;41;-3.13;-3.91;27.84;84
19610;635;41;-3.13;-3.91;27.84;84
19622;635;41;-3.13;-3.91;27.84;84
19631;634;41;-3.13;-3.91;27.84;84
19642;634;41;-3.13;-3.91;27.84;84
19650;634;41;-3.13;-3.91;27.84;84
19661;634;41;-3.13;-3.91;27.84;84
19672;633;41;-3.13;-3.91;27.45;84
19684;631;41;-3.13;-3.91;27.45;84
19702;630;41;-3.13;-3.91;27.45;84
19712;629;41;-3.13;-3.91;27.45;84
19722;628;41;-3.13;-3.91;27.45;84
19731;627;41;-3.13;-3.91;27.45;84
19742;628;41;-3.13;-3.91;27.45;84
19752;629;41;-3.13;-3.91;27.45;84
19760;630;41;-3.13;-3.91;27.45;84
19771;631;41;-3.13;-3.91;27.45;84
19782;632;41;-2.34;-3.91;27.45;84
19792;633;41;-2.34;-3.91;27.45;84
19802;633;41;-2.34;-3.91;27.45;84
19811;634;41;-2.34;-3.91;27.45;84
19820;634;41;-2.34;-3.91;27.45;84
19834;634;41;-2.34;-3.91;27.45;84
19851;635;41;-3.13;-3.91;27.45;84
19862;635;41;-3.13;-3.13;27.45;84
19872;635;41;-3.13;-3.13;27.45;84
19881;635;41;-3.13;-3.13;27.45;84
19890;634;41;-3.13;-3.13;27.45;84
19902;634;41;-3.13;-3.13;27.45;84
19911;634;41;-3.13;-3.13;27.45;84
19923;633;41;-3.13;-3.13;27.45;84
19931;633;41;-3.13;-3.13;27.45;84
19942;634;41;-3.13;-3.13;27.45;84
19950;634;41;-3.13;-3.13;27.45;84
19961;634;41;-3.13;-3.13;27.45;84
19973;634;41;-3.13;-3.13;27.45;84
19983;634;41;-3.13;-3.13;27.45;84
19992;634;41;-3.13;-3.13;27.45;84
20002;634;41;-3.13;-3.13;27.45;84
20011;635;41;-3.13;-3.13;27.45;84
20020;635;41;-3.13;-3.13;27.45;84
20031;635;41;-3.13;-3.13;27.45;84
20043;635;41;-3.13;-3.13;27.45;84
20052;635;41;-3.13;-3.13;27.45;84
20060;635;41;-3.13;-3.13;27.45;84
20070;634;41;-3.13;-3.13;27.45;84
20082;634;41;-3.13;-3.13;27.45;84
20091;634;41;-3.13;-3.13;27.45;84
20102;633;41;-3.13;-3.91;27.45;84
20111;633;41;-3.13;-3.91;27.45;84
20122;632;41;-3.13;-3.91;27.45;84
20131;632;41;-3.13;-3.91;27.45;84
20140;632;41;-3.13;-3.91;27.45;84
20152;631;41;-3.13;-3.91;27.45;84
20160;631;41;-3.13;-3.91;27.45;84
20172;631;41;-3.13;-3.91;27.45;84
20185;632;41;-3.13;-3.91;27.45;84
20202;633;41;-3.13;-3.91;27.45;84
20211;633;41;-3.13;-3.91;27.45;84
20222;634;41;-3.13;-3.91;27.45;84
20231;635;41;-3.13;-3.91;27.45;84
20241;634;41;-3.13;-3.91;27.06;84
20252;634;41;-3.13;-3.91;27.06;84
20263;634;41;-3.13;-3.91;27.06;84
20271;634;41;-3.13;-3.91;27.06;84
20283;634;41;-3.13;-3.91;27.06;84
20292;634;41;-3.13;-3.91;27.06;84
20303;634;41;-3.13;-3.91;27.06;84
20322;634;41;-3.13;-3.91;27.06;84
20332;634;41;-3.13;-3.91;27.06;84
20341;634;41;-3.13;-3.91;27.06;84
20353;634;41;-3.13;-3.91;27.06;84
20362;634;41;-3.13;-3.91;27.06;84
20372;634;41;-3.13;-3.91;27.06;84
20385;633;41;-3.13;-3.91;27.06;84
20402;633;41;-3.13;-3.91;27.06;84
20413;633;41;-3.13;-3.91;27.06;84
20422;633;41;-3.13;-3.91;27.06;84
20432;632;41;-3.13;-3.91;27.06;84
20442;632;41;-3.13;-3.91;27.06;84
20451;632;41;-3.13;-3.91;27.06;84
20462;632;41;-3.13;-3.91;27.06;84
20471;632;41;-3.13;-3.91;27.06;84
20480;632;41;-3.13;-3.91;27.06;84
20492;632;41;-3.13;-3.91;27.06;84
20501;632;41;-3.13;-3.91;27.06;84
20512;633;41;-3.13;-3.91;27.06;84
20521;633;41;-3.13;-3.91;27.06;84
20531;634;41;-3.13;-3.91;27.06;84
20541;634;41;-3.13;-3.91;27.06;84
20551;635;41;-3.13;-4.69;27.06;84
20562;635;41;-3.13;-4.69;27.06;84
20572;636;41;-3.13;-4.69;27.06;84
20585;637;41;-3.13;-4.69;27.06;84
20602;637;41;-3.13;-4.69;27.06;84
20612;638;41;-3.13;-4.69;27.06;84
20621;638;41;-3.13;-4.69;27.06;84
20634;638;41;-3.13;-4.69;27.06;84
20642;638;41;-3.13;-4.69;27.06;84
20650;637;41;-3.13;-4.69;27.06;84
20661;637;41;-3.13;-4.69;27.06;84
20671;637;41;-3.13;-4.69;27.06;84
20683;637;41;-3.13;-4.69;27.06;84
20691;636;41;-3.13;-4.69;27.06;84
20702;636;41;-3.13;-4.69;27.06;84
20711;635;41;-3.13;-4.69;27.06;84
20720;635;41;-3.13;-4.69;27.06;84
20730;635;41;-3.91;-4.69;27.06;84
20741;634;41;-3.91;-4.69;27.06;84
20752;633;41;-3.91;-4.69;27.06;84
20761;632;41;-3.91;-4.69;27.06;84
20772;632;41;-3.91;-4.69;27.06;84
20783;631;41;-3.91;-4.69;27.06;84
20790;630;41;-3.91;-4.69;27.06;84
20800;629;41;-3.91;-5.47;27.06;84
20812;629;41;-3.91;-5.47;27.06;84
20819;629;41;-3.91;-5.47;27.06;84
20833;628;41;-3.91;-5.47;27.06;84
20841;628;41;-3.91;-5.47;27.06;84
20853;628;41;-3.91;-5.47;27.06;84
20862;627;41;-3.91;-5.47;27.06;84
20872;627;41;-3.91;-5.47;27.06;84
20881;627;41;-3.91;-5.47;27.06;84
20892;627;41;-3.91;-5.47;27.06;84
20901;627;41;-3.91;-5.47;27.06;84
20910;627;41;-3.91;-5.47;27.06;84
20920;627;41;-3.91;-5.47;27.06;84
20934;628;41;-3.91;-5.47;27.45;84
20942;629;41;-3.91;-5.47;27.45;84
20950;630;41;-3.91;-5.47;27.45;84
20959;631;41;-3.91;-5.47;27.45;84
20970;632;41;-3.91;-5.47;27.45;84
20984;632;41;-3.91;-5.47;27.45;84
21002;632;41;-3.91;-5.47;27.45;84
21010;632;41;-3.91;-5.47;27.45;84
21023;632;41;-3.91;-5.47;27.45;84
21032;632;41;-3.91;-5.47;27.45;84
21038;632;41;-3.91;-5.47;27.45;84
21051;632;41;-3.91;-5.47;27.45;84
21061;632;41;-3.91;-5.47;27.45;84
21070;632;41;-3.91;-5.47;27.45;84
21083;631;41;-3.91;-5.47;27.45;84
21092;631;41;-3.91;-5.47;27.45;84
21101;631;41;-3.91;-5.47;27.45;84
21109;630;41;-3.91;-5.47;27.45;84
21120;630;41;-3.91;-5.47;27.45;84
21133;630;41;-3.91;-5.47;27.45;84
21139;629;41;-3.91;-5.47;27.45;84
21150;629;41;-3.91;-5.47;27.45;84
21161;629;41;-3.91;-5.47;27.45;84
21171;628;41;-3.91;-5.47;27.45;84
21184;628;41;-3.91;-5.47;27.45;84
21200;628;41;-3.91;-5.47;27.45;84
21211;628;41;-3.91;-5.47;27.45;84
21221;628;41;-3.91;-5.47;27.45;84
21232;628;41;-3.91;-5.47;27.45;84
21244;628;41;-3.91;-5.47;27.45;84
21259;628;41;-3.91;-5.47;27.45;84
21270;628;41;-3.91;-5.47;27.45;84
21282;628;41;-3.91;-5.47;27.45;84
21291;628;41;-3.91;-5.47;27.45;84
21300;628;41;-3.91;-5.47;27.45;84
21310;628;41;-3.91;-5.47;27.45;84
21321;628;41;-3.91;-5.47;27.45;84
21334;628;41;-3.91;-5.47;27.45;84
21354;628;41;-3.91;-5.47;27.45;84
21372;628;41;-3.91;-5.47;27.45;84
21384;629;41;-4.69;-5.47;27.45;84
21400;629;41;-4.69;-5.47;27.45;84
21411;629;41;-4.69;-5.47;27.45;84
21420;629;41;-4.69;-5.47;27.45;84
21431;630;41;-4.69;-5.47;27.45;84
21441;630;41;-4.69;-5.47;27.45;84
21450;630;41;-4.69;-5.47;27.45;84
21461;631;41;-4.69;-5.47;27.45;84
21469;631;41;-4.69;-5.47;27.45;84
21483;630;41;-4.69;-5.47;27.45;84
21489;630;41;-4.69;-5.47;27.45;84
21500;630;41;-4.69;-5.47;27.45;84
21512;630;41;-4.69;-5.47;27.45;84
21520;630;41;-4.69;-5.47;27.45;84
21532;630;41;-4.69;-5.47;27.84;84
21540;630;41;-4.69;-5.47;27.84;84
21550;630;41;-4.69;-5.47;27.84;84
21561;631;41;-4.69;-5.47;27.84;84
21570;631;41;-4.69;-5.47;27.84;84
21585;631;41;-4.69;-5.47;27.84;84
21602;631;41;-4.69;-5.47;27.84;84
21610;632;41;-4.69;-5.47;27.84;84
21620;632;41;-4.69;-5.47;27.84;84
21632;632;41;-4.69;-5.47;27.84;84
21640;632;41;-4.69;-5.47;27.84;84
21649;632;41;-4.69;-5.47;27.84;84
21660;632;41;-4.69;-5.47;27.45;84
21671;631;41;-4.69;-5.47;27.45;84
21683;631;41;-4.69;-5.47;27.45;84
21689;630;41;-4.69;-5.47;27.45;84
21701;629;41;-4.69;-5.47;27.45;84
21709;629;41;-4.69;-5.47;27.45;84
21720;629;41;-4.69;-5.47;27.45;84
21732;629;41;-4.69;-5.47;27.45;84
21740;629;41;-4.69;-5.47;27.45;84
21750;630;41;-4.69;-5.47;27.45;84
21759;630;41;-4.69;-5.47;27.45;84
21770;630;41;-4.69;-5.47;27.45;84
21783;631;41;-4.69;-5.47;27.45;84
21789;631;41;-4.69;-5.47;27.45;84
21801;632;41;-4.69;-5.47;27.45;84
21810;633;41;-4.69;-5.47;27.45;84
21819;634;41;-3.91;-5.47;27.45;84
21832;635;41;-3.91;-5.47;27.45;84
21841;635;41;-3.91;-5.47;27.45;84
21850;635;41;-3.91;-5.47;27.45;84
21863;636;41;-3.91;-5.47;27.45;84
21872;636;41;-3.91;-5.47;27.45;84
21884;636;41;-3.91;-5.47;27.45;84
21901;637;41;-3.91;-5.47;27.45;84
21910;636;41;-3.91;-5.47;27.45;84
21921;635;41;-3.91;-5.47;27.45;84
21933;634;41;-3.91;-5.47;27.45;84
21940;633;41;-3.91;-5.47;27.45;84
21949;632;41;-3.91;-5.47;27.45;84
21960;631;41;-3.91;-4.69;27.45;84
21973;629;41;-3.91;-4.69;27.45;84
21983;627;41;-3.91;-4.69;27.45;84
21999;625;41;-3.91;-4.69;27.45;84
22010;623;41;-3.91;-4.69;27.45;84
22022;622;41;-3.91;-4.69;27.45;84
22032;620;41;-3.91;-4.69;27.45;84
22041;621;41;-3.91;-4.69;27.84;84
22052;621;41;-3.91;-4.69;27.84;84
22059;622;41;-3.91;-4.69;27.84;84
22071;623;41;-3.91;-4.69;27.84;84
22084;623;41;-3.91;-4.69;27.84;84
22101;624;41;-3.91;-4.69;27.84;84
22112;626;41;-3.91;-4.69;27.84;84
22121;627;41;-3.91;-4.69;27.84;84
22129;629;41;-3.91;-4.69;27.84;84
22140;630;41;-3.91;-4.69;27.84;84
22151;631;41;-3.13;-4.69;27.84;84
22160;633;41;-3.13;-4.69;27.84;84
22171;633;41;-3.13;-4.69;27.84;84
22183;634;41;-3.13;-4.69;27.84;84
22191;635;41;-3.13;-4.69;27.84;84
22202;635;41;-3.13;-4.69;27.84;84
22212;636;41;-3.91;-4.69;27.84;84
22220;636;41;-3.91;-4.69;27.84;84
22234;635;41;-3.91;-4.69;27.84;84
22252;634;41;-3.91;-4.69;27.84;84
22262;632;41;-3.91;-4.69;27.84;84
22272;631;41;-3.91;-4.69;27.84;84
22283;630;41;-3.91;-4.69;27.84;84
22292;628;41;-3.91;-4.69;27.84;84
22300;627;41;-3.91;-4.69;27.84;84
22311;625;41;-3.91;-4.69;27.84;84
22321;624;41;-3.91;-4.69;27.84;84
22333;623;41;-3.91;-4.69;27.84;84
22341;621;41;-3.91;-4.69;27.84;84
22349;620;41;-3.91;-4.69;27.84;84
22361;622;41;-3.91;-4.69;27.84;84
22373;623;41;-3.91;-4.69;27.84;84
22384;625;41;-3.91;-4.69;27.84;84
22399;626;41;-3.91;-4.69;27.84;84
22411;627;41;-3.91;-4.69;27.84;84
22421;629;41;-3.91;-3.91;27.84;84
22433;630;41;-3.91;-3.91;27.84;84
22440;631;41;-3.91;-3.91;27.84;84
22451;632;41;-3.91;-3.91;27.84;84
22460;633;41;-3.91;-3.91;27.84;84
22471;634;41;-3.91;-3.91;27.84;84
22484;635;41;-3.91;-3.91;27.84;84
22501;635;41;-3.91;-3.91;27.84;84
22510;634;41;-3.91;-3.91;27.84;84
22521;634;41;-3.91;-3.91;27.84;84
22532;634;41;-3.91;-3.91;27.84;84
22541;633;41;-3.91;-3.91;27.84;84
22551;633;41;-3.91;-4.69;27.84;84
22560;633;41;-3.91;-4.69;27.45;84
22571;632;41;-3.91;-4.69;27.45;84
22587;632;41;-3.91;-4.69;27.45;84
22602;632;41;-3.91;-4.69;27.45;84
22612;631;41;-3.91;-4.69;27.45;84
22621;631;41;-3.91;-4.69;27.45;84
22632;631;41;-3.91;-4.69;27.45;84
22641;631;41;-3.91;-4.69;27.45;84
22652;630;41;-3.91;-4.69;27.45;84
22662;630;41;-3.91;-4.69;27.45;84
22671;630;41;-3.91;-4.69;27.45;84
22683;630;41;-3.91;-4.69;27.45;84
22692;629;41;-3.91;-4.69;27.45;84
22701;629;41;-3.91;-4.69;27.45;84
22711;628;41;-3.91;-4.69;27.45;84
22720;628;41;-3.91;-4.69;27.45;84
22731;628;41;-3.91;-4.69;27.45;84
22740;627;41;-3.91;-4.69;27.45;84
22751;627;41;-3.91;-4.69;27.45;84
22759;628;41;-3.91;-4.69;27.45;84
22773;628;41;-3.91;-4.69;27.45;84
22782;628;41;-3.91;-4.69;27.45;84
22791;628;41;-3.91;-4.69;27.45;84
22800;628;41;-3.91;-4.69;27.45;84
22809;629;41;-3.91;-4.69;27.45;84
22820;629;41;-3.91;-4.69;27.45;84
22833;630;41;-3.91;-4.69;27.45;84
22842;630;41;-3.91;-4.69;27.45;84
22850;631;41;-3.91;-4.69;27.45;84
22860;631;41;-3.91;-4.69;27.45;84
22872;631;41;-3.91;-4.69;27.45;84
22882;630;41;-3.91;-4.69;27.45;84
22892;630;41;-3.91;-4.69;27.45;84
22901;629;41;-3.91;-4.69;27.45;84
22910;629;41;-3.13;-4.69;27.45;84
22920;628;41;-3.13;-4.69;27.45;84
22932;629;41;-3.13;-4.69;27.45;84
22940;629;41;-3.13;-4.69;27.45;84
22952;629;41;-3.13;-4.69;27.45;84
22961;629;41;-3.13;-4.69;27.45;84
22971;629;41;-3.13;-4.69;27.45;84
22984;630;41;-3.13;-4.69;27.45;84
23001;630;41;-3.13;-4.69;27.45;84
23010;630;41;-3.13;-4.69;27.45;84
23020;630;41;-3.13;-4.69;27.45;84
23031;630;41;-3.13;-4.69;27.45;84
23039;630;41;-3.13;-4.69;27.45;84
23051;631;41;-3.13;-4.69;27.45;84
23059;631;41;-3.13;-4.69;27.45;84
23071;631;41;-3.13;-4.69;27.45;84
23081;631;41;-3.13;-4.69;27.45;84
23091;631;41;-3.13;-4.69;27.45;84
23101;631;41;-3.91;-4.69;27.45;84
23112;631;41;-3.91;-4.69;27.45;84
23122;631;41;-3.91;-4.69;27.45;84
23134;631;41;-3.91;-4.69;27.45;84
23139;632;41;-3.91;-4.69;27.45;84
23153;632;41;-3.91;-4.69;27.45;84
23161;632;41;-3.91;-4.69;27.45;84
23171;633;41;-3.91;-4.69;27.45;84
23182;632;41;-3.91;-4.69;27.45;84
23189;631;41;-3.91;-4.69;27.45;84
23200;631;41;-3.91;-4.69;27.45;84
23209;630;41;-3.91;-4.69;27.45;84
23220;630;41;-3.91;-4.69;27.45;84
23233;629;41;-3.91;-4.69;27.45;84
23240;630;41;-3.91;-4.69;27.45;84
23251;630;41;-3.91;-4.69;27.45;84
23262;631;41;-3.91;-4.69;27.45;84
23270;632;41;-3.91;-4.69;27.45;84
23283;633;41;-3.91;-4.69;27.45;84
23292;634;41;-3.91;-4.69;27.45;84
23301;635;41;-3.91;-4.69;27.45;84
23310;635;41;-3.91;-4.69;27.45;84
23320;636;41;-3.91;-4.69;27.45;84
23334;637;41;-3.91;-4.69;27.45;84
23350;638;41;-3.91;-4.69;27.45;84
23362;639;41;-3.91;-4.69;27.45;84
23371;639;41;-3.91;-4.69;27.45;84
23384;638;41;-3.91;-4.69;27.45;84
23402;638;41;-3.91;-4.69;27.45;84
23411;637;41;-3.91;-4.69;27.45;84
23420;637;41;-4.69;-4.69;27.45;84
23434;636;41;-4.69;-5.47;27.45;84
23440;636;41;-4.69;-5.47;27.06;84
23451;635;41;-4.69;-5.47;27.06;84
23463;634;41;-4.69;-5.47;27.06;84
23471;634;41;-4.69;-5.47;27.06;84
23483;633;41;-4.69;-5.47;27.06;84
23493;633;41;-4.69;-5.47;27.06;84
23502;632;41;-4.69;-5.47;27.06;84
23510;632;41;-4.69;-5.47;27.06;84
23520;632;41;-4.69;-5.47;27.06;84
23530;631;41;-4.69;-5.47;27.06;84
23542;631;41;-4.69;-5.47;27.06;84
23552;631;41;-4.69;-5.47;27.06;84
23562;631;41;-4.69;-5.47;27.06;84
23571;632;41;-4.69;-5.47;27.06;84
23586;633;41;-4.69;-5.47;27.06;84
23601;633;41;-4.69;-5.47;27.06;84
23613;634;41;-4.69;-5.47;27.06;84
23621;634;41;-4.69;-5.47;27.06;84
23633;634;41;-4.69;-5.47;27.06;84
23642;633;41;-4.69;-5.47;27.06;84
23651;633;41;-4.69;-5.47;27.06;84
23661;632;41;-4.69;-5.47;27.06;84
23670;631;41;-4.69;-5.47;27.06;84
23682;631;41;-4.69;-6.25;27.06;84
23690;630;41;-4.69;-6.25;27.06;84
23702;629;41;-4.69;-6.25;27.06;84
23711;628;41;-4.69;-6.25;27.06;84
23721;627;41;-4.69;-6.25;27.06;84
23734;626;41;-5.47;-6.25;27.06;84
23750;625;41;-5.47;-6.25;27.06;84
23761;625;41;-5.47;-6.25;27.45;84
23772;626;41;-5.47;-6.25;27.45;84
23782;626;41;-5.47;-6.25;27.45;84
23791;627;41;-5.47;-6.25;27.45;84
23801;627;41;-5.47;-6.25;27.45;84
23810;628;41;-5.47;-6.25;27.45;84
23820;628;41;-5.47;-6.25;27.45;84
23834;629;41;-5.47;-6.25;27.45;84
23850;629;41;-5.47;-6.25;27.45;84
23860;629;41;-5.47;-6.25;27.45;84
23871;630;41;-5.47;-6.25;27.45;84
23882;630;41;-5.47;-6.25;27.45;84
23892;630;41;-5.47;-6.25;27.45;84
23901;630;41;-5.47;-6.25;27.45;84
23912;630;41;-5.47;-6.25;27.45;84
23923;630;41;-5.47;-6.25;27.45;84
23932;630;41;-5.47;-6.25;27.45;84
23941;630;41;-5.47;-6.25;27.45;84
23953;630;41;-5.47;-6.25;27.45;84
23962;630;41;-5.47;-6.25;27.45;84
23970;631;41;-5.47;-6.25;27.45;84
23984;631;41;-5.47;-6.25;27.45;84
24001;631;41;-5.47;-6.25;27.45;84
24010;631;41;-5.47;-6.25;27.45;84
24021;631;41;-5.47;-6.25;27.45;84
24032;631;41;-5.47;-6.25;27.45;84
24042;631;41;-5.47;-6.25;27.45;84
24051;631;41;-5.47;-6.25;27.45;84
24060;631;41;-4.69;-6.25;27.45;84
24071;630;41;-4.69;-6.25;27.45;84
24085;630;41;-4.69;-6.25;27.45;84
24101;630;41;-4.69;-6.25;27.45;84
24113;629;41;-4.69;-6.25;27.45;84
24121;629;41;-4.69;-6.25;27.45;84
24132;629;41;-4.69;-6.25;27.45;84
24141;628;41;-4.69;-6.25;27.45;84
24150;628;41;-4.69;-6.25;27.45;84
24161;629;41;-4.69;-6.25;27.45;84
24171;629;41;-4.69;-6.25;27.45;84
24182;629;41;-4.69;-6.25;27.45;84
24191;629;41;-4.69;-6.25;27.45;84
24201;629;41;-4.69;-6.25;27.45;84
24211;629;41;-4.69;-6.25;27.45;84
24221;629;41;-4.69;-6.25;27.45;84
24230;629;41;-4.69;-6.25;27.45;84
24242;629;41;-4.69;-6.25;27.45;84
24252;629;41;-4.69;-6.25;27.45;84
24261;629;41;-4.69;-6.25;27.45;84
24271;628;41;-4.69;-6.25;27.45;84
24284;628;41;-4.69;-6.25;27.45;84
24300;627;41;-4.69;-6.25;27.45;84
24311;627;41;-4.69;-6.25;27.45;84
24321;627;41;-5.47;-6.25;27.45;84
24332;626;41;-5.47;-6.25;27.45;84
24341;627;41;-5.47;-6.25;27.45;84
24350;628;41;-5.47;-6.25;27.45;85
24362;629;41;-5.47;-6.25;27.45;85
24370;630;41;-5.47;-6.25;27.45;85
24383;631;41;-5.47;-6.25;27.45;85
24395;631;41;-5.47;-6.25;27.45;85
24410;630;41;-5.47;-6.25;27.45;85
24421;629;41;-5.47;-6.25;27.45;85
24432;628;41;-5.47;-6.25;27.45;85
24441;627;41;-5.47;-6.25;27.45;85
24451;626;41;-5.47;-6.25;27.45;85
24462;625;41;-5.47;-6.25;27.45;85
24471;625;41;-5.47;-6.25;27.45;85
24482;624;41;-5.47;-6.25;27.45;84
24493;623;41;-5.47;-6.25;27.45;84
24501;623;41;-5.47;-6.25;27.45;84
24511;622;41;-5.47;-6.25;27.45;84
24520;621;41;-5.47;-6.25;27.45;84
24533;622;41;-5.47;-6.25;27.45;84
24541;623;41;-5.47;-6.25;27.45;84
24551;624;41;-5.47;-6.25;27.45;84
24563;625;41;-5.47;-6.25;27.45;84
24571;626;41;-5.47;-6.25;27.45;84
24587;627;41;-5.47;-6.25;27.45;84
24602;626;41;-5.47;-6.25;27.45;84
24611;626;41;-5.47;-6.25;27.45;84
24620;625;41;-5.47;-6.25;27.45;84
24634;624;41;-5.47;-6.25;27.45;84
24651;624;41;-5.47;-6.25;27.45;84
24661;623;41;-5.47;-6.25;27.45;84
24670;624;41;-5.47;-6.25;27.45;84
24683;624;41;-5.47;-6.25;27.45;84
24693;624;41;-5.47;-6.25;27.45;84
24702;625;41;-5.47;-6.25;27.45;84
24712;625;41;-5.47;-6.25;27.45;84
24721;626;41;-5.47;-6.25;27.45;84
24732;626;41;-5.47;-6.25;27.84;84
24742;627;41;-5.47;-6.25;27.84;84
24751;627;41;-5.47;-6.25;27.84;84
24763;628;41;-5.47;-6.25;27.84;84
24772;628;41;-5.47;-6.25;27.84;84
24783;629;41;-5.47;-6.25;27.84;84
24793;629;41;-5.47;-6.25;27.84;84
24802;629;41;-5.47;-6.25;27.84;84
24810;629;41;-5.47;-6.25;27.84;84
24822;629;41;-5.47;-6.25;27.84;84
24833;629;41;-4.69;-6.25;27.84;84
24843;629;41;-4.69;-6.25;27.84;84
24851;628;41;-4.69;-6.25;27.45;84
24861;628;41;-4.69;-6.25;27.45;85
24871;627;41;-4.69;-6.25;27.45;85
24881;626;41;-4.69;-6.25;27.45;85
24893;625;41;-4.69;-6.25;27.45;85
24911;624;41;-4.69;-6.25;27.45;85
24921;624;41;-4.69;-6.25;27.45;85
24933;624;41;-4.69;-6.25;27.45;85
24942;625;41;-4.69;-6.25;27.45;85
24952;625;41;-4.69;-6.25;27.45;85
24961;625;41;-4.69;-6.25;27.45;85
24972;626;41;-4.69;-6.25;27.45;85
24982;625;41;-4.69;-6.25;27.45;85
24991;625;41;-4.69;-6.25;27.45;85
25000;625;41;-4.69;-6.25;27.45;85
25011;624;41;-4.69;-6.25;27.45;85
25020;624;41;-4.69;-6.25;27.45;85
25033;624;41;-4.69;-6.25;27.45;85
25040;623;41;-4.69;-6.25;27.45;85
25053;623;41;-4.69;-6.25;27.45;84
25061;623;41;-4.69;-6.25;27.45;84
25072;623;41;-4.69;-6.25;27.45;84
25085;622;41;-4.69;-6.25;27.45;84
25101;622;41;-4.69;-5.47;27.45;84
25113;623;41;-4.69;-5.47;27.45;84
25123;624;41;-4.69;-5.47;27.45;84
25132;625;41;-4.69;-5.47;27.45;84
25142;626;41;-4.69;-5.47;27.45;84
25152;627;41;-4.69;-5.47;27.45;84
25161;628;41;-4.69;-5.47;27.45;84
25171;629;41;-4.69;-5.47;27.84;84
25185;629;41;-4.69;-5.47;27.84;85
25202;629;41;-4.69;-5.47;27.84;85
25213;630;41;-4.69;-5.47;27.84;85
25222;630;41;-4.69;-5.47;27.84;85
25232;631;41;-4.69;-5.47;27.84;85
25242;631;41;-4.69;-5.47;27.45;85
25251;631;41;-4.69;-5.47;27.45;84
25263;630;41;-4.69;-5.47;27.45;84
25271;630;41;-4.69;-5.47;27.45;84
25281;630;41;-4.69;-5.47;27.45;84
25293;630;41;-4.69;-5.47;27.45;84
25313;630;41;-4.69;-5.47;27.45;84
25323;629;41;-4.69;-5.47;27.45;84
25331;629;41;-4.69;-5.47;27.45;84
25342;628;41;-4.69;-5.47;27.45;84
25351;627;41;-4.69;-5.47;27.45;84
25362;627;41;-4.69;-5.47;27.45;84
25371;627;41;-4.69;-5.47;27.45;84
25385;626;41;-4.69;-5.47;27.45;85
25402;626;41;-4.69;-5.47;27.45;85
25412;626;41;-4.69;-5.47;27.45;85
25421;626;41;-4.69;-5.47;27.45;85
25431;626;41;-4.69;-5.47;27.45;85
25443;626;41;-4.69;-5.47;27.45;85
25452;626;41;-4.69;-5.47;27.45;85
25462;626;41;-4.69;-5.47;27.45;85
25471;626;41;-4.69;-5.47;27.45;85
25480;626;41;-4.69;-5.47;27.45;85
25492;626;41;-4.69;-5.47;27.45;85
25502;627;41;-4.69;-5.47;27.45;85
25511;628;41;-4.69;-5.47;27.45;85
25521;629;41;-4.69;-5.47;27.45;85
25532;630;41;-4.69;-5.47;27.45;85
25540;631;41;-4.69;-5.47;27.45;85
25551;632;41;-4.69;-6.25;27.45;85
25560;633;41;-4.69;-6.25;27.45;85
25571;633;41;-4.69;-6.25;27.45;85
25585;634;41;-4.69;-6.25;27.45;85
25602;634;41;-4.69;-6.25;27.45;85
25613;635;41;-4.69;-6.25;27.45;85
25619;636;41;-4.69;-6.25;27.45;85
25632;635;41;-4.69;-6.25;27.06;85
25642;635;41;-4.69;-6.25;27.06;85
25652;634;41;-4.69;-6.25;27.06;85
25662;633;41;-4.69;-6.25;27.06;85
25671;633;41;-4.69;-6.25;27.06;85
25684;632;41;-4.69;-6.25;27.06;85
25700;632;41;-4.69;-6.25;27.06;85
25711;632;41;-4.69;-6.25;27.06;85
25722;631;41;-4.69;-6.25;27.06;85
25731;631;41;-4.69;-6.25;27.06;85
25742;630;41;-4.69;-6.25;27.06;85
25755;630;41;-4.69;-6.25;27.06;85
25772;629;41;-4.69;-6.25;27.06;85
25784;628;41;-4.69;-6.25;27.06;84
25801;628;41;-4.69;-6.25;27.06;84
25810;627;41;-4.69;-6.25;27.06;84
25820;626;41;-4.69;-6.25;27.06;84
25832;626;41;-4.69;-6.25;27.06;84
25839;627;41;-4.69;-6.25;27.06;84
25851;628;41;-4.69;-6.25;27.06;85
25860;629;41;-4.69;-6.25;27.06;85
25869;630;41;-4.69;-6.25;27.06;85
25880;631;41;-3.91;-6.25;27.06;85
25889;632;41;-3.91;-6.25;27.06;85
25899;632;41;-3.91;-6.25;27.06;85
25912;632;41;-3.91;-6.25;27.06;85
25921;632;41;-3.91;-6.25;27.06;85
25930;632;41;-3.91;-6.25;27.06;85
25941;632;41;-3.91;-6.25;27.06;85
25950;632;41;-3.91;-6.25;27.06;85
25962;631;41;-3.91;-6.25;27.06;85
25971;631;41;-3.91;-6.25;27.06;85
25984;630;41;-3.91;-6.25;27.06;85
26000;629;41;-3.91;-6.25;27.06;85
26010;628;41;-4.69;-6.25;27.06;85
26019;627;41;-4.69;-5.47;27.06;85
26029;626;41;-4.69;-5.47;27.06;85
26041;626;41;-4.69;-5.47;27.06;85
26050;625;41;-4.69;-5.47;27.06;85
26059;625;41;-4.69;-5.47;27.06;85
26073;624;41;-4.69;-5.47;27.06;85
26086;624;41;-4.69;-5.47;27.06;85
26101;625;41;-4.69;-5.47;27.06;85
26109;626;41;-4.69;-5.47;27.06;85
26121;627;41;-4.69;-5.47;27.06;85
26132;628;41;-4.69;-5.47;27.06;85
26141;629;41;-4.69;-5.47;27.06;85
26153;630;41;-4.69;-5.47;27.06;85
26159;630;41;-4.69;-5.47;27.06;85
26170;631;41;-4.69;-5.47;27.06;85
26183;631;41;-4.69;-5.47;27.06;85
26190;631;41;-4.69;-5.47;27.06;85
26202;632;41;-4.69;-5.47;27.06;85
26211;632;41;-4.69;-5.47;27.06;85
26219;631;41;-4.69;-5.47;27.06;85
26230;631;41;-4.69;-5.47;27.06;85
26241;630;41;-4.69;-5.47;27.06;85
26249;629;41;-4.69;-5.47;27.06;85
26262;629;41;-4.69;-5.47;27.06;85
26271;628;41;-4.69;-5.47;27.06;85
26282;628;41;-4.69;-5.47;27.06;85
26291;627;41;-4.69;-5.47;27.06;85
26301;627;41;-4.69;-5.47;27.06;85
26312;627;41;-4.69;-5.47;27.06;85
26321;626;41;-4.69;-5.47;27.06;85
26333;626;41;-4.69;-5.47;27.06;85
26343;626;41;-4.69;-5.47;27.06;85
26349;626;41;-4.69;-5.47;27.06;85
26361;626;41;-4.69;-5.47;27.06;85
26370;626;41;-4.69;-5.47;27.06;85
26384;626;41;-4.69;-5.47;27.06;85
26401;626;41;-4.69;-5.47;27.06;85
26409;627;41;-4.69;-5.47;27.06;85
26420;628;41;-4.69;-5.47;27.06;85
26432;629;41;-4.69;-5.47;27.06;85
26440;630;41;-4.69;-5.47;27.06;85
26451;631;41;-4.69;-5.47;27.06;85
26461;632;41;-4.69;-5.47;27.06;85
26473;633;41;-4.69;-5.47;27.06;85
26482;633;41;-4.69;-5.47;27.06;85
26490;633;41;-4.69;-5.47;27.06;85
26499;633;41;-4.69;-5.47;27.06;85
26509;633;41;-5.47;-5.47;27.06;85
26520;633;41;-5.47;-6.25;27.06;85
26533;634;41;-5.47;-6.25;27.06;85
26551;634;41;-5.47;-6.25;27.06;85
26559;635;41;-5.47;-6.25;27.06;85
26570;635;41;-5.47;-6.25;27.06;85
26588;636;41;-5.47;-6.25;27.06;85
26601;636;41;-5.47;-6.25;27.06;85
26612;635;41;-5.47;-6.25;27.06;85
26620;633;41;-5.47;-6.25;27.06;85
26631;632;41;-5.47;-6.25;27.06;85
26641;631;41;-5.47;-6.25;27.06;85
26649;629;41;-5.47;-6.25;27.06;85
26662;628;41;-5.47;-6.25;27.06;85
26671;627;41;-5.47;-6.25;27.06;85
26683;626;41;-5.47;-6.25;27.06;85
26690;625;41;-5.47;-6.25;27.06;85
26700;624;41;-5.47;-6.25;27.06;85
26711;622;41;-5.47;-6.25;27.06;85
26720;621;41;-5.47;-6.25;27.06;85
26732;621;41;-5.47;-6.25;27.06;85
26741;621;41;-5.47;-6.25;27.06;85
26752;621;41;-5.47;-6.25;27.06;85
26762;621;41;-5.47;-6.25;27.06;85
26770;621;41;-5.47;-6.25;27.06;85
26782;621;41;-5.47;-6.25;27.06;85
26789;622;41;-5.47;-6.25;27.06;85
26800;623;41;-5.47;-6.25;27.06;85
26810;624;41;-5.47;-6.25;27.06;85
26819;625;41;-5.47;-6.25;27.06;85
26833;626;41;-5.47;-6.25;27.06;85
26839;627;41;-5.47;-6.25;27.06;85
26850;627;41;-5.47;-6.25;27.45;85
26861;628;41;-5.47;-6.25;27.45;85
26871;628;41;-5.47;-6.25;27.45;85
26882;628;41;-5.47;-6.25;27.45;85
26891;628;41;-5.47;-6.25;27.45;85
26902;629;41;-5.47;-6.25;27.45;85
26910;628;41;-5.47;-6.25;27.45;85
26920;628;41;-5.47;-6.25;27.45;85
26929;628;41;-5.47;-6.25;27.45;85
26941;628;41;-5.47;-6.25;27.45;85
26952;628;41;-5.47;-6.25;27.45;85
26961;628;41;-5.47;-6.25;27.45;85
26971;626;41;-5.47;-6.25;27.45;85
26982;625;41;-5.47;-6.25;27.45;85
26989;624;41;-5.47;-6.25;27.45;85
27001;622;41;-5.47;-6.25;27.45;85
27010;621;41;-5.47;-6.25;27.45;85
27021;620;41;-5.47;-6.25;27.45;85
27033;621;41;-5.47;-6.25;27.45;85
27041;622;41;-5.47;-6.25;27.45;85
27050;623;41;-5.47;-6.25;27.45;85
27060;624;41;-5.47;-6.25;27.45;85
27069;625;41;-5.47;-6.25;27.45;85
27083;626;41;-5.47;-6.25;27.45;85
27090;627;41;-5.47;-6.25;27.45;85
27102;627;41;-5.47;-6.25;27.45;85
27110;628;41;-5.47;-6.25;27.45;85
27120;629;41;-5.47;-6.25;27.45;85
27131;629;41;-5.47;-6.25;27.45;85
27140;630;41;-5.47;-6.25;27.45;85
27151;630;41;-5.47;-6.25;27.45;85
27159;630;41;-5.47;-6.25;27.45;85
27172;630;41;-5.47;-6.25;27.45;85
27182;630;41;-5.47;-6.25;27.45;85
27191;630;41;-5.47;-6.25;27.45;85
27202;630;41;-5.47;-6.25;27.45;85
27211;629;41;-5.47;-6.25;27.45;85
27221;628;41;-5.47;-6.25;27.45;85
27231;627;41;-5.47;-6.25;27.45;85
27240;626;41;-5.47;-6.25;27.45;85
27250;625;41;-5.47;-6.25;27.45;85
27261;625;41;-5.47;-6.25;27.45;85
27270;624;41;-5.47;-6.25;27.45;85
27281;623;41;-5.47;-6.25;27.45;85
27292;622;41;-5.47;-6.25;27.45;85
27300;621;41;-5.47;-6.25;27.45;85
27311;620;41;-5.47;-6.25;27.45;85
27322;619;41;-5.47;-6.25;27.45;85
27331;619;41;-5.47;-6.25;27.45;85
27340;619;41;-5.47;-6.25;27.45;85
27351;618;41;-5.47;-6.25;27.45;85
27361;618;41;-5.47;-6.25;27.45;85
27369;618;41;-5.47;-6.25;27.45;85
27382;617;41;-5.47;-6.25;27.45;85
27390;618;41;-5.47;-6.25;27.45;85
27399;619;41;-5.47;-6.25;27.45;85
27412;620;41;-5.47;-6.25;27.45;85
27420;621;41;-5.47;-6.25;27.45;85
27429;622;41;-5.47;-6.25;27.45;85
27439;623;41;-5.47;-6.25;27.45;85
27451;624;41;-5.47;-6.25;27.45;85
27460;625;41;-5.47;-6.25;27.45;85
27470;626;41;-5.47;-6.25;27.45;85
27482;627;41;-5.47;-6.25;27.45;85
27491;628;41;-5.47;-6.25;27.45;85
27502;628;41;-5.47;-6.25;27.45;85
27511;628;41;-5.47;-6.25;27.45;85
27520;628;41;-5.47;-6.25;27.45;85
27531;628;41;-5.47;-6.25;27.45;85
27540;627;41;-5.47;-6.25;27.45;85
27552;627;41;-5.47;-6.25;27.45;85
27560;627;41;-5.47;-6.25;27.45;85
27572;627;41;-5.47;-6.25;27.45;85
27586;627;41;-5.47;-6.25;27.45;85
27601;627;41;-5.47;-6.25;27.45;85
27612;627;41;-5.47;-6.25;27.45;85
27619;626;41;-5.47;-6.25;27.45;85
27634;626;41;-5.47;-7.03;27.45;85
27650;626;41;-5.47;-7.03;27.45;85
27661;625;41;-5.47;-7.03;27.45;85
27673;624;41;-5.47;-7.03;27.45;85
27682;623;41;-5.47;-7.03;27.45;85
27690;622;41;-5.47;-7.03;27.45;85
27700;621;41;-5.47;-7.03;27.45;85
27710;621;41;-5.47;-7.03;27.45;85
27721;621;41;-5.47;-7.03;27.45;85
27730;621;41;-5.47;-7.03;27.45;85
27741;621;41;-5.47;-7.03;27.45;85
27751;621;41;-5.47;-7.03;27.45;85
27761;621;41;-5.47;-7.03;27.45;85
27771;622;41;-5.47;-7.03;27.45;85
27783;622;41;-5.47;-7.03;27.45;85
27799;622;41;-5.47;-7.03;27.45;85
27811;623;41;-5.47;-7.03;27.45;85
27822;623;41;-5.47;-7.03;27.45;85
27833;623;41;-5.47;-6.25;27.45;85
27841;623;41;-5.47;-6.25;27.45;85
27849;623;41;-5.47;-6.25;27.45;85
27861;623;41;-5.47;-6.25;27.45;85
27871;623;41;-5.47;-6.25;27.45;85
27884;623;41;-5.47;-6.25;27.45;85
27899;622;41;-5.47;-6.25;27.45;85
27912;622;41;-5.47;-6.25;27.45;85
27921;622;41;-5.47;-6.25;27.45;85
27933;622;41;-5.47;-6.25;27.45;85
27942;621;41;-5.47;-6.25;27.45;85
27951;621;41;-5.47;-6.25;27.45;85
27960;621;41;-5.47;-6.25;27.45;85
27971;621;41;-5.47;-6.25;27.45;85
27983;621;41;-5.47;-6.25;27.45;85
27990;620;41;-5.47;-6.25;27.45;85
28000;620;41;-5.47;-6.25;27.45;85
28012;620;41;-4.69;-6.25;27.45;85
28022;620;41;-4.69;-6.25;27.45;85
28031;619;41;-4.69;-6.25;27.45;85
28043;618;41;-4.69;-6.25;27.45;85
28052;617;41;-4.69;-6.25;27.45;85
28060;616;41;-4.69;-6.25;27.45;85
28071;615;41;-5.47;-6.25;27.45;85
28083;613;41;-5.47;-6.25;27.45;85
28091;614;41;-5.47;-6.25;27.45;85
28100;614;41;-5.47;-6.25;27.45;85
28110;615;41;-5.47;-6.25;27.45;85
28122;616;41;-5.47;-6.25;27.45;85
28133;616;41;-4.69;-6.25;27.45;85
28141;617;41;-4.69;-6.25;27.45;85
28152;617;41;-4.69;-6.25;27.84;85
28161;618;41;-4.69;-6.25;27.84;85
28171;619;41;-4.69;-6.25;27.84;85
28184;619;41;-4.69;-6.25;27.84;85
28200;620;41;-4.69;-6.25;27.84;85
28210;620;41;-4.69;-5.47;27.84;85
28222;622;41;-4.69;-5.47;27.84;85
28232;623;41;-4.69;-5.47;27.84;85
28241;624;41;-4.69;-5.47;27.84;85
28252;626;41;-4.69;-5.47;27.84;85
28260;627;41;-4.69;-5.47;27.84;85
28271;628;41;-4.69;-5.47;27.84;85
28281;628;41;-4.69;-5.47;27.84;85
28290;629;41;-4.69;-5.47;27.84;85
28302;629;41;-4.69;-5.47;27.84;85
28311;629;41;-4.69;-5.47;27.84;85
28320;630;41;-4.69;-5.47;27.84;85
28332;630;41;-4.69;-5.47;27.84;85
28343;628;41;-4.69;-5.47;27.84;85
28352;627;41;-4.69;-5.47;27.84;85
28361;625;41;-4.69;-5.47;27.84;85
28370;624;41;-4.69;-5.47;27.84;85
28382;622;41;-4.69;-5.47;27.84;85
28390;621;41;-4.69;-5.47;27.84;85
28402;621;41;-4.69;-5.47;27.84;85
28411;620;41;-4.69;-5.47;27.84;85
28421;620;41;-4.69;-5.47;27.84;85
28433;619;41;-4.69;-5.47;27.84;85
28441;619;41;-5.47;-5.47;27.84;85
28452;619;41;-5.47;-5.47;27.84;85
28463;620;41;-5.47;-5.47;27.84;85
28471;621;41;-5.47;-5.47;27.84;85
28482;622;41;-5.47;-5.47;27.84;85
28500;623;41;-5.47;-5.47;27.84;85
28512;624;41;-4.69;-5.47;27.84;85
28521;625;41;-4.69;-5.47;27.84;85
28532;625;41;-4.69;-5.47;27.45;85
28542;626;41;-4.69;-5.47;27.45;85
28551;627;41;-4.69;-5.47;27.45;85
28561;627;41;-4.69;-5.47;27.45;85
28570;628;41;-4.69;-5.47;27.45;85
28584;629;41;-4.69;-5.47;27.45;85
28602;628;41;-4.69;-5.47;27.45;85
28611;628;41;-4.69;-5.47;27.45;85
28623;628;41;-4.69;-5.47;27.45;85
28632;628;41;-4.69;-5.47;27.45;85
28642;628;41;-4.69;-5.47;27.45;85
28651;627;41;-4.69;-5.47;27.45;85
28661;627;41;-4.69;-5.47;27.45;85
28671;626;41;-4.69;-5.47;27.45;85
28684;626;41;-4.69;-5.47;27.45;85
28701;625;41;-4.69;-5.47;27.45;85
28710;625;41;-4.69;-5.47;27.45;85
28722;624;41;-4.69;-5.47;27.45;85
28731;624;41;-4.69;-5.47;27.45;85
28740;623;41;-4.69;-5.47;27.45;85
28751;622;41;-4.69;-5.47;27.45;85
28763;622;41;-4.69;-5.47;27.45;85
28772;621;41;-4.69;-5.47;27.45;85
28784;620;41;-4.69;-5.47;27.45;85
28802;622;41;-4.69;-5.47;27.45;85
28811;623;41;-4.69;-5.47;27.45;85
28822;625;41;-4.69;-5.47;27.45;85
28834;626;41;-4.69;-5.47;27.45;85
28852;628;41;-4.69;-5.47;27.45;85
28861;629;41;-4.69;-4.69;27.45;85
28871;630;41;-4.69;-4.69;27.45;85
28882;630;41;-4.69;-4.69;27.45;85
28891;630;41;-4.69;-4.69;27.45;85
28900;630;41;-4.69;-4.69;27.45;85
28911;630;41;-4.69;-4.69;27.45;85
28923;631;41;-4.69;-4.69;27.45;85
28931;630;41;-4.69;-4.69;27.45;85
28941;630;41;-4.69;-4.69;27.45;85
28953;629;41;-4.69;-4.69;27.45;85
28962;629;41;-4.69;-4.69;27.45;85
28970;628;41;-4.69;-4.69;27.45;85
28983;628;41;-4.69;-4.69;27.45;85
28992;627;41;-4.69;-4.69;27.45;85
29000;626;41;-4.69;-4.69;27.45;85
29011;626;41;-4.69;-4.69;27.45;85
29021;625;41;-4.69;-4.69;27.45;85
29031;624;41;-4.69;-4.69;27.45;85
29042;623;41;-4.69;-4.69;27.45;85
29052;623;41;-4.69;-4.69;27.06;85
29062;623;41;-4.69;-4.69;27.06;85
29071;623;41;-4.69;-4.69;27.06;85
29082;623;41;-4.69;-4.69;27.06;85
29092;623;41;-4.69;-4.69;27.06;85
29101;623;41;-4.69;-4.69;27.06;85
29112;624;41;-4.69;-4.69;27.06;85
29122;625;41;-4.69;-4.69;27.06;85
29133;626;41;-4.69;-4.69;27.06;85
29143;626;41;-4.69;-4.69;27.06;85
29152;627;41;-4.69;-4.69;27.06;85
29162;628;41;-4.69;-4.69;27.06;85
29172;627;41;-4.69;-4.69;27.45;85
29184;627;41;-4.69;-4.69;27.45;85
29201;627;41;-4.69;-4.69;27.45;85
29211;626;41;-4.69;-4.69;27.45;85
29222;626;41;-4.69;-4.69;27.45;85
29230;625;41;-4.69;-4.69;27.45;85
29242;625;41;-4.69;-4.69;27.06;85
29251;624;41;-4.69;-4.69;27.06;85
29260;624;41;-4.69;-4.69;27.06;85
29271;623;41;-4.69;-4.69;27.06;85
29280;622;41;-4.69;-4.69;27.06;85
29292;622;41;-4.69;-4.69;27.06;85
29300;622;41;-4.69;-4.69;27.06;85
29312;622;41;-4.69;-4.69;27.06;85
29320;622;41;-4.69;-4.69;27.06;85
29332;622;41;-4.69;-4.69;27.06;85
29340;622;41;-4.69;-4.69;27.06;85
29353;622;41;-4.69;-4.69;27.06;85
29361;622;41;-4.69;-4.69;27.45;85
29369;622;41;-4.69;-4.69;27.45;85
29384;621;41;-4.69;-4.69;27.45;85
29400;621;41;-4.69;-4.69;27.45;85
29411;621;41;-4.69;-4.69;27.45;85
29419;621;41;-4.69;-4.69;27.45;85
29433;622;41;-4.69;-4.69;27.45;85
29448;622;41;-4.69;-4.69;27.45;85
29460;622;41;-4.69;-4.69;27.45;85
29470;622;41;-4.69;-4.69;27.45;85
29483;622;41;-4.69;-4.69;27.45;85
29489;622;41;-4.69;-5.47;27.45;85
29498;623;41;-4.69;-5.47;27.45;85
29511;623;41;-4.69;-5.47;27.45;85
29520;624;41;-4.69;-5.47;27.45;85
29531;624;41;-4.69;-5.47;27.45;85
29540;624;41;-4.69;-5.47;27.45;85
29552;625;41;-4.69;-5.47;27.45;85
29562;626;41;-4.69;-5.47;27.45;85
29568;626;41;-4.69;-5.47;27.45;85
29584;627;41;-4.69;-5.47;27.45;85
29602;628;41;-4.69;-5.47;27.45;85
29611;628;41;-4.69;-5.47;27.45;85
29620;629;41;-4.69;-5.47;27.45;85
29631;630;41;-4.69;-5.47;27.45;85
29640;630;41;-4.69;-5.47;27.45;85
29648;630;41;-4.69;-5.47;27.45;85
29659;631;41;-4.69;-5.47;27.45;85
29672;631;41;-4.69;-5.47;27.45;85
29683;631;41;-4.69;-5.47;27.45;85
29692;631;41;-4.69;-5.47;27.45;85
29701;630;41;-4.69;-5.47;27.45;85
29711;629;41;-4.69;-5.47;27.45;85
29721;628;41;-4.69;-5.47;27.45;85
29732;627;41;-4.69;-5.47;27.45;85
29740;627;41;-4.69;-5.47;27.45;85
29751;626;41;-4.69;-5.47;27.06;85
29760;626;41;-4.69;-5.47;27.06;85
29768;626;41;-4.69;-5.47;27.06;85
29780;626;41;-4.69;-5.47;27.06;85
29789;626;41;-4.69;-5.47;27.06;85
29800;625;41;-4.69;-5.47;27.06;85
29811;625;41;-4.69;-5.47;27.06;85
29819;625;41;-4.69;-5.47;27.06;85
29834;625;41;-4.69;-5.47;27.06;85
29849;625;41;-4.69;-5.47;27.06;85
29863;625;41;-4.69;-5.47;27.06;85
29881;625;41;-4.69;-5.47;27.06;85
29890;625;41;-4.69;-5.47;27.06;85
29899;626;41;-4.69;-5.47;27.06;85
29912;626;41;-4.69;-5.47;27.06;85
29921;626;41;-4.69;-5.47;27.06;85
29932;627;41;-4.69;-5.47;27.06;85
29941;627;41;-4.69;-5.47;27.06;85
29950;627;41;-4.69;-5.47;27.06;85
29960;628;41;-4.69;-5.47;27.06;85
29971;628;41;-4.69;-5.47;27.06;85
29983;628;41;-4.69;-5.47;27.06;85
29990;629;41;-4.69;-5.47;27.06;85
29999;629;41;-4.69;-5.47;27.06;85
30008;629;41;-4.69;-5.47;27.06;85
30022;628;41;-4.69;-5.47;27.06;85
30031;628;41;-4.69;-5.47;27.06;85
30040;628;41;-4.69;-5.47;27.06;85
30049;628;41;-4.69;-5.47;27.06;85
30061;627;41;-4.69;-5.47;27.06;85
30070;627;41;-4.69;-5.47;27.06;85
30082;627;41;-4.69;-5.47;27.06;85
30091;627;41;-4.69;-5.47;27.06;85
30100;627;41;-4.69;-5.47;27.06;85
30110;627;41;-4.69;-5.47;27.06;85
30119;627;41;-4.69;-6.25;27.06;85
30132;626;41;-4.69;-6.25;27.06;85
30140;626;41;-4.69;-6.25;27.06;85
30149;625;41;-4.69;-6.25;27.06;85
30160;624;41;-4.69;-6.25;27.06;85
30170;624;41;-4.69;-6.25;27.06;85
30184;623;41;-4.69;-6.25;27.06;85
30200;623;41;-4.69;-6.25;27.06;85
30209;623;41;-4.69;-6.25;27.06;85
30220;622;41;-4.69;-6.25;27.06;85
30231;622;41;-4.69;-6.25;27.06;85
30240;621;41;-4.69;-6.25;27.06;85
30249;621;41;-4.69;-6.25;27.06;85
30260;620;41;-4.69;-6.25;27.06;85
30268;618;41;-4.69;-6.25;27.06;85
30283;617;41;-4.69;-6.25;27.06;85
30289;616;41;-4.69;-6.25;27.06;85
30299;615;41;-4.69;-6.25;27.06;85
30312;614;41;-4.69;-6.25;27.06;85
30321;615;41;-4.69;-6.25;27.45;85
30334;616;41;-4.69;-6.25;27.45;85
30350;617;41;-4.69;-6.25;27.45;85
30360;618;41;-4.69;-6.25;27.45;85
30371;619;41;-4.69;-6.25;27.45;85
30383;620;41;-4.69;-6.25;27.45;85
30391;620;41;-4.69;-6.25;27.45;85
30400;621;41;-4.69;-6.25;27.45;85
30410;621;41;-4.69;-6.25;27.45;85
30420;621;41;-4.69;-6.25;27.45;85
30431;621;41;-4.69;-6.25;27.45;85
30442;621;41;-4.69;-6.25;27.45;85
30450;622;41;-4.69;-6.25;27.45;85
30459;622;41;-4.69;-6.25;27.45;85
30471;623;41;-4.69;-6.25;27.45;85
30482;624;41;-4.69;-6.25;27.45;85
30491;624;41;-4.69;-6.25;27.45;85
30500;625;41;-4.69;-6.25;27.45;85
30512;624;41;-4.69;-6.25;27.45;85
30521;623;41;-4.69;-6.25;27.45;85
30531;623;41;-4.69;-6.25;27.45;85
30539;622;41;-4.69;-6.25;27.45;85
30551;622;41;-4.69;-6.25;27.45;85
30562;621;41;-4.69;-6.25;27.45;85
30569;621;41;-4.69;-6.25;27.45;85
30587;621;41;-4.69;-6.25;27.45;85
30603;620;41;-4.69;-6.25;27.45;85
30609;620;41;-4.69;-6.25;27.45;85
30621;620;41;-5.47;-6.25;27.45;85
30632;619;41;-5.47;-6.25;27.45;85
30641;620;41;-5.47;-6.25;27.45;85
30649;621;41;-5.47;-6.25;27.45;85
30660;621;41;-5.47;-6.25;27.45;85
30670;622;41;-5.47;-6.25;27.45;85
30681;622;41;-5.47;-6.25;27.45;85
30690;623;41;-5.47;-6.25;27.45;85
30702;623;41;-5.47;-6.25;27.45;85
30711;623;41;-5.47;-6.25;27.45;85
30719;623;41;-5.47;-6.25;27.45;85
30732;624;41;-5.47;-6.25;27.45;85
30740;624;41;-5.47;-6.25;27.45;85
30750;624;41;-5.47;-6.25;27.45;85
30761;624;41;-5.47;-6.25;27.45;85
30770;625;41;-5.47;-6.25;27.45;85
30784;625;41;-5.47;-6.25;27.45;85
30801;626;41;-5.47;-6.25;27.45;85
30810;626;41;-5.47;-6.25;27.45;85
30822;627;41;-5.47;-6.25;27.45;85
30833;627;41;-5.47;-6.25;27.45;85
30841;627;41;-5.47;-6.25;27.45;85
30849;627;41;-5.47;-6.25;27.45;85
30861;626;41;-5.47;-6.25;27.45;85
30873;626;41;-5.47;-6.25;27.45;85
30881;626;41;-5.47;-6.25;27.45;85
30890;626;41;-5.47;-6.25;27.45;85
30901;626;41;-5.47;-6.25;27.45;85
30910;625;41;-5.47;-6.25;27.45;85
30919;625;41;-5.47;-6.25;27.45;85
30931;625;41;-5.47;-6.25;27.45;85
30941;624;41;-5.47;-6.25;27.45;85
30950;624;41;-5.47;-6.25;27.45;85
30959;623;41;-5.47;-6.25;27.45;85
30971;623;41;-5.47;-6.25;27.45;85
30982;622;41;-5.47;-6.25;27.45;85
30990;621;41;-4.69;-6.25;27.45;85
30999;621;41;-4.69;-5.47;27.45;85
31010;621;41;-4.69;-5.47;27.45;85
31021;621;41;-4.69;-5.47;27.45;85
31031;621;41;-4.69;-5.47;27.45;85
31039;621;41;-4.69;-5.47;27.45;85
31052;621;41;-4.69;-5.47;27.45;85
31060;622;41;-4.69;-5.47;27.45;85
31071;623;41;-4.69;-5.47;27.45;85
31083;624;41;-4.69;-5.47;27.45;85
31092;625;41;-4.69;-5.47;27.45;85
31100;626;41;-4.69;-5.47;27.45;85
31110;627;41;-3.91;-5.47;27.45;85
31121;628;41;-3.91;-5.47;27.45;85
31131;628;41;-3.91;-5.47;27.45;85
31139;629;41;-3.91;-5.47;27.45;85
31151;630;41;-3.91;-5.47;27.45;85
31160;630;41;-3.91;-5.47;27.45;85
31170;631;41;-3.91;-5.47;27.45;85
31183;631;41;-3.91;-5.47;27.45;85
31189;631;41;-3.91;-5.47;27.45;85
31200;630;41;-3.91;-5.47;27.45;85
31211;629;41;-3.91;-5.47;27.45;85
31221;628;41;-3.91;-5.47;27.45;85
31232;627;41;-3.91;-5.47;27.45;85
31241;626;41;-3.91;-5.47;27.45;85
31249;626;41;-3.91;-5.47;27.45;85
31261;625;41;-3.91;-5.47;27.45;85
31271;625;41;-3.91;-5.47;27.45;85
31281;624;41;-3.91;-5.47;27.45;85
31289;624;41;-3.91;-5.47;27.45;85
31301;623;41;-3.91;-5.47;27.45;85
31311;623;41;-3.91;-5.47;27.45;85
31319;623;41;-3.91;-5.47;27.45;85
31333;623;41;-3.91;-5.47;27.45;85
31342;622;41;-3.91;-5.47;27.45;85
31352;622;41;-3.91;-5.47;27.45;85
31361;622;41;-3.91;-5.47;27.45;85
31372;622;41;-3.91;-5.47;27.45;85
31386;622;41;-3.91;-5.47;27.45;85
31400;623;41;-3.91;-5.47;27.45;85
31409;623;41;-3.91;-5.47;27.45;85
31420;623;41;-3.91;-5.47;27.45;85
31432;624;41;-3.91;-5.47;27.45;85
31440;625;41;-3.91;-5.47;27.45;85
31451;627;41;-3.91;-5.47;27.45;85
31461;628;41;-3.91;-5.47;27.45;85
31471;629;41;-3.91;-5.47;27.45;85
31482;631;41;-4.69;-5.47;27.45;85
31491;632;41;-4.69;-5.47;27.45;85
31500;632;41;-4.69;-5.47;27.45;85
31511;632;41;-4.69;-5.47;27.45;85
31519;632;41;-4.69;-5.47;27.45;85
31533;631;41;-4.69;-5.47;27.45;85
31541;631;41;-4.69;-5.47;27.45;85
31550;631;41;-4.69;-5.47;27.45;85
31560;630;41;-4.69;-5.47;27.06;85
31570;630;41;-4.69;-5.47;27.06;85
31586;629;41;-4.69;-5.47;27.06;85
31602;628;41;-4.69;-5.47;27.06;85
31610;628;41;-4.69;-5.47;27.06;85
31621;627;41;-4.69;-5.47;27.06;85
31632;627;41;-4.69;-5.47;27.06;85
31641;627;41;-4.69;-5.47;27.06;85
31651;626;41;-4.69;-5.47;27.06;85
31661;626;41;-4.69;-5.47;27.06;85
31669;626;41;-4.69;-5.47;27.06;85
31683;626;41;-4.69;-5.47;27.06;85
31691;626;41;-4.69;-5.47;27.06;85
31700;627;41;-4.69;-5.47;27.06;85
31712;628;41;-4.69;-5.47;27.06;85
31719;629;41;-4.69;-5.47;27.06;85
31734;629;41;-4.69;-5.47;27.06;85
31751;630;41;-4.69;-5.47;27.06;85
31760;631;41;-4.69;-5.47;27.06;85
31771;631;41;-4.69;-5.47;27.06;85
31781;631;41;-4.69;-5.47;27.06;85
31790;632;41;-4.69;-5.47;27.06;85
31802;632;41;-4.69;-5.47;27.06;85
31810;632;41;-4.69;-4.69;27.06;85
31819;632;41;-4.69;-4.69;27.06;85
31832;632;41;-4.69;-4.69;27.06;85
31842;631;41;-4.69;-4.69;27.06;85
31850;631;41;-4.69;-4.69;27.06;85
31860;631;41;-4.69;-4.69;27.06;85
31869;630;41;-4.69;-5.47;27.06;85
31883;628;41;-4.69;-5.47;27.06;85
31900;626;41;-4.69;-5.47;27.06;85
31911;624;41;-4.69;-5.47;27.06;85
31919;622;41;-4.69;-5.47;27.06;85
31930;620;41;-3.91;-5.47;27.06;85
31942;618;41;-3.91;-5.47;27.06;85
31949;619;41;-3.91;-5.47;27.06;85
31961;619;41;-3.91;-5.47;27.06;85
31970;620;41;-3.91;-5.47;27.06;85
31983;620;41;-3.91;-5.47;27.06;85
31991;621;41;-3.91;-5.47;27.06;85
32000;621;41;-3.91;-5.47;27.06;85
32011;623;41;-3.91;-5.47;27.06;85
32021;624;41;-3.91;-5.47;27.06;85
32029;626;41;-3.91;-5.47;27.06;85
32039;628;41;-3.91;-5.47;27.06;85
32050;629;41;-3.91;-5.47;27.06;85
32061;631;41;-3.91;-5.47;27.06;85
32070;631;41;-3.91;-5.47;27.06;85
32083;631;41;-3.91;-5.47;27.06;85
32101;632;41;-3.91;-5.47;27.06;85
32111;632;41;-3.91;-5.47;27.06;85
32122;632;41;-3.91;-5.47;27.06;85
32132;632;41;-3.91;-5.47;27.06;85
32141;631;41;-3.91;-5.47;27.06;85
32151;630;41;-3.91;-5.47;27.06;85
32161;629;41;-3.91;-5.47;27.06;85
32172;627;41;-3.91;-5.47;27.06;85
32183;626;41;-4.69;-5.47;27.06;85
32190;625;41;-4.69;-5.47;27.06;85
32201;625;41;-4.69;-5.47;27.06;85
32210;624;41;-4.69;-5.47;27.06;85
32221;623;41;-4.69;-5.47;27.06;85
32230;623;41;-4.69;-5.47;27.06;85
32242;622;41;-4.69;-5.47;27.06;85
32251;622;41;-4.69;-5.47;27.06;85
32261;622;41;-4.69;-5.47;27.06;85
32269;621;41;-4.69;-5.47;27.06;85
32283;621;41;-4.69;-5.47;27.06;85
32291;621;41;-4.69;-5.47;27.06;85
32300;621;41;-4.69;-5.47;27.06;85
32312;620;41;-4.69;-5.47;27.06;85
32322;621;41;-4.69;-5.47;27.06;85
32331;622;41;-4.69;-5.47;27.06;85
32340;623;41;-4.69;-5.47;27.06;85
32352;624;41;-4.69;-5.47;27.06;85
32361;625;41;-4.69;-5.47;27.06;85
32373;626;41;-4.69;-5.47;27.06;85
32383;626;41;-4.69;-5.47;27.06;85
32401;627;41;-4.69;-5.47;27.06;85
32409;628;41;-4.69;-5.47;27.06;85
32421;628;41;-4.69;-5.47;27.06;85
32432;629;41;-4.69;-5.47;27.06;85
32441;629;41;-4.69;-5.47;27.06;85
32450;630;41;-4.69;-5.47;27.06;85
32463;630;41;-4.69;-5.47;27.06;85
32469;630;41;-4.69;-5.47;27.06;85
32481;630;41;-4.69;-5.47;27.06;85
32492;631;41;-4.69;-5.47;27.06;85
32501;631;41;-4.69;-5.47;27.06;85
32511;631;41;-4.69;-5.47;27.06;85
32521;630;41;-4.69;-5.47;27.06;85
32530;630;41;-4.69;-5.47;27.06;85
32543;629;41;-4.69;-5.47;27.06;85
32551;629;41;-4.69;-5.47;27.06;85
32562;629;41;-4.69;-5.47;27.06;85
32573;628;41;-4.69;-5.47;27.06;85
32584;626;41;-4.69;-5.47;27.06;85
32602;625;41;-4.69;-5.47;27.06;85
32613;624;41;-4.69;-5.47;27.06;85
32630;623;41;-4.69;-5.47;27.06;85
32642;622;41;-4.69;-5.47;27.06;85
32651;623;41;-4.69;-5.47;27.06;85
32660;624;41;-4.69;-5.47;27.06;85
32670;625;41;-4.69;-5.47;27.06;85
32684;626;41;-4.69;-5.47;27.06;85
32701;627;41;-4.69;-5.47;27.06;85
32712;628;41;-4.69;-5.47;27.06;85
32721;628;41;-4.69;-5.47;27.06;85
32730;628;41;-4.69;-5.47;27.06;85
32741;627;41;-4.69;-5.47;27.06;85
32751;627;41;-4.69;-5.47;27.06;85
32761;627;41;-4.69;-5.47;27.06;85
32770;626;41;-4.69;-6.25;27.06;85
32781;627;41;-4.69;-6.25;27.06;85
32791;627;41;-4.69;-6.25;27.06;85
32800;628;41;-4.69;-6.25;27.06;85
32811;628;41;-4.69;-6.25;27.06;85
32822;629;41;-4.69;-6.25;27.06;85
32834;629;41;-4.69;-6.25;27.06;85
32850;629;41;-4.69;-6.25;27.06;85
32861;629;41;-4.69;-6.25;27.06;85
32871;629;41;-4.69;-6.25;27.06;85
32882;629;41;-4.69;-6.25;27.06;85
32890;629;41;-4.69;-6.25;27.06;85
32901;629;41;-4.69;-5.47;27.06;85
32910;628;41;-4.69;-5.47;27.06;85
32922;627;41;-4.69;-5.47;27.06;85
32932;626;41;-4.69;-5.47;27.06;85
32940;625;41;-4.69;-5.47;27.06;85
32951;624;41;-4.69;-5.47;27.06;85
32960;623;41;-4.69;-5.47;27.06;85
32972;624;41;-4.69;-5.47;27.06;85
32985;625;41;-4.69;-5.47;27.06;85
33002;625;41;-4.69;-5.47;27.06;85
33011;626;41;-4.69;-5.47;27.06;85
33020;627;41;-4.69;-5.47;27.06;85
33032;627;41;-4.69;-5.47;27.06;85
33041;628;41;-4.69;-5.47;27.06;85
33050;628;41;-4.69;-5.47;27.06;85
33060;629;41;-4.69;-5.47;27.06;85
33072;629;41;-4.69;-5.47;27.06;85
33083;630;41;-4.69;-5.47;27.06;85
33091;630;41;-4.69;-5.47;27.06;85
33100;630;41;-4.69;-5.47;27.06;85
33111;630;41;-4.69;-5.47;27.06;85
33122;630;41;-4.69;-5.47;27.06;85
33131;629;41;-4.69;-5.47;27.06;85
33140;629;41;-4.69;-5.47;27.06;85
33151;629;41;-4.69;-5.47;27.06;85
33161;629;41;-4.69;-5.47;27.06;85
33172;629;41;-4.69;-5.47;27.06;85
33182;630;41;-4.69;-5.47;27.06;85
33193;630;41;-4.69;-5.47;27.06;85
33201;631;41;-4.69;-5.47;27.06;85
33210;631;41;-4.69;-5.47;27.06;85
33221;630;41;-4.69;-5.47;27.06;85
33230;630;41;-4.69;-5.47;27.06;85
33241;629;41;-4.69;-5.47;27.06;85
33251;628;41;-4.69;-5.47;27.06;85
33260;627;41;-4.69;-5.47;27.06;85
33272;626;41;-4.69;-5.47;27.06;85
33281;627;41;-4.69;-5.47;27.06;85
33290;627;41;-4.69;-5.47;27.06;85
33302;627;41;-4.69;-5.47;27.06;85
33311;627;41;-4.69;-5.47;27.06;85
33320;628;41;-4.69;-5.47;27.06;85
33333;628;41;-4.69;-5.47;27.06;85
33350;628;41;-4.69;-5.47;27.06;85
33361;629;41;-4.69;-5.47;27.06;85
33372;630;41;-4.69;-5.47;27.06;85
33383;630;41;-4.69;-5.47;27.06;85
33392;631;41;-4.69;-5.47;27.06;85
33402;631;41;-4.69;-5.47;27.06;85
33411;631;41;-4.69;-5.47;27.06;85
33422;631;41;-4.69;-5.47;27.06;85
33432;630;41;-4.69;-5.47;27.06;85
33441;630;41;-4.69;-5.47;27.06;85
33451;630;41;-4.69;-5.47;27.06;85
33462;629;41;-4.69;-5.47;27.06;85
33471;629;41;-4.69;-5.47;27.06;85
33483;629;41;-4.69;-5.47;27.06;85
33492;629;41;-4.69;-5.47;27.06;85
33502;629;41;-4.69;-5.47;27.06;85
33510;629;41;-4.69;-5.47;27.06;85
33520;628;41;-4.69;-5.47;27.06;85
33533;628;41;-4.69;-5.47;27.06;85
33542;628;41;-4.69;-5.47;27.06;85
33553;628;41;-4.69;-5.47;27.06;85
33561;628;41;-4.69;-5.47;27.06;85
33570;628;41;-4.69;-5.47;27.06;85
33586;628;41;-4.69;-5.47;27.06;85
33600;627;41;-4.69;-5.47;27.06;85
33611;626;41;-4.69;-5.47;27.06;85
33622;625;41;-4.69;-5.47;27.06;85
33631;625;41;-4.69;-5.47;27.06;85
33640;624;41;-5.47;-5.47;27.06;85
33651;623;41;-5.47;-5.47;27.06;85
33661;622;41;-5.47;-5.47;27.06;85
33671;621;41;-5.47;-5.47;27.06;85
33680;621;41;-5.47;-5.47;27.06;85
33691;620;41;-5.47;-5.47;27.06;85
33700;619;41;-4.69;-5.47;27.06;85
33712;619;41;-4.69;-5.47;27.06;85
33721;619;41;-4.69;-5.47;27.06;85
33730;620;41;-4.69;-5.47;27.06;85
33740;621;41;-4.69;-5.47;27.06;85
33750;621;41;-4.69;-5.47;27.06;85
33762;622;41;-4.69;-5.47;27.06;85
33773;623;41;-4.69;-5.47;27.06;85
33784;623;41;-4.69;-5.47;27.06;85
33801;624;41;-4.69;-5.47;27.06;85
33811;625;41;-4.69;-5.47;27.06;85
33823;625;41;-4.69;-5.47;27.06;85
33831;626;41;-4.69;-5.47;27.06;85
33840;627;41;-4.69;-5.47;27.06;85
33851;626;41;-4.69;-5.47;27.06;85
33860;626;41;-4.69;-5.47;27.06;85
33872;625;41;-4.69;-5.47;27.06;85
33880;625;41;-4.69;-5.47;27.06;85
33893;624;41;-4.69;-5.47;27.06;85
33912;624;41;-4.69;-5.47;27.06;85
33921;624;41;-4.69;-5.47;27.45;85
33930;624;41;-4.69;-5.47;27.45;85
33944;624;41;-4.69;-5.47;27.45;85
33961;624;41;-4.69;-5.47;27.45;85
33972;624;41;-4.69;-5.47;27.45;85
33983;624;41;-4.69;-5.47;27.45;85
34001;623;41;-4.69;-5.47;27.45;85
34011;622;41;-4.69;-5.47;27.45;85
34021;621;41;-4.69;-5.47;27.45;85
34032;620;41;-4.69;-5.47;27.45;85
34041;620;41;-4.69;-5.47;27.45;85
34052;619;41;-4.69;-5.47;27.45;85
34061;619;41;-4.69;-5.47;27.45;85
34072;619;41;-4.69;-5.47;27.45;85
34082;620;41;-4.69;-5.47;27.45;85
34091;620;41;-4.69;-5.47;27.45;85
34101;621;41;-4.69;-5.47;27.45;85
34112;621;41;-4.69;-5.47;27.45;85
34120;622;41;-4.69;-5.47;27.45;85
34131;622;41;-4.69;-5.47;27.45;85
34140;623;41;-4.69;-5.47;27.45;85
34152;623;41;-4.69;-5.47;27.45;85
34160;624;41;-4.69;-5.47;27.45;85
34172;625;41;-4.69;-5.47;27.45;85
34183;625;41;-4.69;-5.47;27.45;85
34191;626;41;-4.69;-5.47;27.45;85
34201;627;41;-4.69;-5.47;27.45;85
34212;628;41;-4.69;-5.47;27.45;85
34220;629;41;-4.69;-5.47;27.45;85
34231;629;41;-4.69;-5.47;27.45;85
34242;629;41;-4.69;-5.47;27.45;85
34252;629;41;-4.69;-5.47;27.45;85
34261;629;41;-4.69;-5.47;27.45;85
34271;629;41;-4.69;-5.47;27.45;85
34283;629;41;-4.69;-5.47;27.45;85
34292;629;41;-4.69;-5.47;27.45;85
34298;628;41;-4.69;-5.47;27.45;85
34310;627;41;-4.69;-5.47;27.45;85
34322;626;41;-4.69;-5.47;27.45;85
34332;624;41;-4.69;-5.47;27.45;85
34343;623;41;-4.69;-5.47;27.45;85
34351;622;41;-4.69;-5.47;27.45;85
34359;623;41;-4.69;-5.47;27.45;85
34372;624;41;-4.69;-5.47;27.45;85
34382;625;41;-4.69;-5.47;27.45;85
34390;627;41;-4.69;-5.47;27.45;85
34401;628;41;-4.69;-5.47;27.45;85
34410;629;41;-4.69;-5.47;27.45;85
34421;629;41;-4.69;-5.47;27.45;85
34431;630;41;-4.69;-5.47;27.45;85
34438;630;41;-4.69;-5.47;27.45;85
34450;631;41;-4.69;-5.47;27.45;85
34459;631;41;-4.69;-5.47;27.45;85
34471;632;41;-4.69;-5.47;27.45;85
34481;632;41;-4.69;-5.47;27.45;85
34489;632;41;-4.69;-5.47;27.45;85
34501;631;41;-4.69;-5.47;27.45;85
34510;631;41;-4.69;-5.47;27.45;85
34519;631;41;-4.69;-5.47;27.45;85
34533;631;41;-4.69;-5.47;27.45;85
34539;630;41;-4.69;-5.47;27.06;85
34551;629;41;-4.69;-5.47;27.06;85
34562;628;41;-4.69;-5.47;27.06;85
34570;627;41;-4.69;-5.47;27.06;85
34585;625;41;-4.69;-5.47;27.06;85
34602;624;41;-4.69;-5.47;27.06;85
34610;625;41;-4.69;-5.47;27.06;85
34620;625;41;-4.69;-5.47;27.06;85
34631;625;41;-4.69;-5.47;27.06;85
34642;625;41;-4.69;-5.47;27.06;85
34650;626;41;-4.69;-5.47;27.06;85
34659;626;41;-4.69;-5.47;27.06;85
34671;626;41;-4.69;-5.47;27.06;85
34683;625;41;-4.69;-5.47;27.06;85
34692;625;41;-4.69;-5.47;27.06;85
34700;625;41;-4.69;-5.47;27.06;85
34711;625;41;-4.69;-5.47;27.06;85
34723;625;41;-4.69;-5.47;27.06;85
34732;625;41;-4.69;-5.47;27.06;85
34740;625;41;-4.69;-5.47;27.06;85
34752;626;41;-4.69;-5.47;27.06;85
34761;626;41;-4.69;-5.47;27.06;85
34772;627;41;-4.69;-5.47;27.06;85
34782;627;41;-4.69;-5.47;27.06;85
34791;627;41;-4.69;-5.47;27.06;85
34802;627;41;-4.69;-5.47;27.06;85
34811;627;41;-4.69;-5.47;27.06;85
34820;627;41;-4.69;-5.47;27.06;85
34831;628;41;-4.69;-5.47;27.06;85
34841;628;41;-4.69;-5.47;27.06;85
34852;628;41;-4.69;-5.47;27.06;85
34860;628;41;-4.69;-5.47;27.06;85
34871;628;41;-4.69;-5.47;27.06;85
34882;628;41;-4.69;-5.47;27.06;85
34890;628;41;-3.91;-5.47;27.06;85
34900;628;41;-3.91;-5.47;27.06;85
34912;628;41;-3.91;-5.47;27.06;85
34920;628;41;-3.91;-5.47;27.06;85
34931;628;41;-3.91;-5.47;27.06;85
34940;629;41;-3.91;-5.47;27.06;85
34951;629;41;-3.91;-5.47;27.06;85
34960;629;41;-3.91;-5.47;27.06;85
34970;628;41;-3.91;-5.47;27.06;85
34984;626;41;-3.91;-5.47;27.06;85
35002;625;41;-3.91;-5.47;27.06;85
35011;624;41;-3.91;-5.47;27.06;85
35020;622;41;-3.91;-5.47;27.06;85
35032;621;41;-3.91;-5.47;27.06;85
35043;622;41;-3.91;-5.47;27.06;85
35051;623;41;-3.91;-5.47;27.06;85
35060;623;41;-3.91;-5.47;27.06;85
35071;624;41;-3.91;-5.47;27.06;85
35084;625;41;-3.91;-5.47;27.06;85
35099;626;41;-3.91;-5.47;27.06;85
35110;626;41;-3.91;-5.47;27.06;85
35120;626;41;-3.91;-5.47;27.06;85
35133;626;41;-3.91;-5.47;27.06;85
35140;626;41;-3.91;-5.47;27.06;85
35150;626;41;-4.69;-5.47;27.06;85
35159;626;41;-4.69;-5.47;27.06;85
35172;626;41;-4.69;-5.47;27.06;85
35181;625;41;-4.69;-5.47;27.06;85
35189;625;41;-4.69;-5.47;27.06;85
35199;625;41;-4.69;-5.47;27.06;85
35212;625;41;-4.69;-5.47;27.06;85
35218;625;41;-4.69;-5.47;27.06;85
35232;625;41;-4.69;-5.47;27.06;85
35241;624;41;-4.69;-5.47;27.06;85
35250;623;41;-4.69;-5.47;27.06;85
35259;623;41;-4.69;-5.47;27.06;85
35270;622;41;-4.69;-5.47;27.06;85
35282;621;41;-4.69;-5.47;27.06;85
35290;621;41;-4.69;-5.47;27.06;85
35301;621;41;-4.69;-5.47;27.06;85
35312;621;41;-4.69;-5.47;27.06;85
35319;621;41;-4.69;-5.47;27.06;85
35333;621;41;-4.69;-5.47;27.06;85
35339;621;41;-4.69;-5.47;27.06;85
35350;622;41;-4.69;-5.47;27.45;85
35361;623;41;-4.69;-5.47;27.45;85
35370;625;41;-4.69;-5.47;27.45;85
35381;626;41;-4.69;-5.47;27.45;85
35389;627;41;-4.69;-5.47;27.45;85
35400;628;41;-4.69;-5.47;27.45;85
35411;629;41;-4.69;-5.47;27.45;85
35420;629;41;-4.69;-5.47;27.45;85
35433;629;41;-4.69;-5.47;27.45;85
35442;629;41;-4.69;-5.47;27.45;85
35450;629;41;-4.69;-5.47;27.45;85
35459;630;41;-4.69;-4.69;27.45;85
35472;629;41;-4.69;-4.69;27.06;85
35481;628;41;-4.69;-4.69;27.06;85
35490;628;41;-4.69;-4.69;27.06;85
35499;627;41;-4.69;-4.69;27.06;85
35512;627;41;-4.69;-4.69;27.06;85
35519;626;41;-4.69;-5.47;27.06;85
35531;625;41;-4.69;-5.47;27.06;85
35541;624;41;-4.69;-5.47;27.06;85
35551;622;41;-4.69;-5.47;27.06;85
35560;621;41;-4.69;-5.47;27.06;85
35571;620;41;-4.69;-5.47;27.06;85
35587;618;41;-4.69;-4.69;27.06;85
35599;618;41;-4.69;-4.69;27.06;85
35613;618;41;-4.69;-4.69;27.06;85
35619;618;41;-4.69;-4.69;27.06;85
35632;618;41;-4.69;-4.69;27.06;85
35640;618;41;-4.69;-4.69;27.06;85
35649;617;41;-4.69;-4.69;27.06;85
35659;619;41;-4.69;-4.69;27.45;85
35669;621;41;-4.69;-4.69;27.45;85
35682;623;41;-4.69;-4.69;27.45;85
35691;625;41;-4.69;-4.69;27.45;85
35700;626;41;-4.69;-4.69;27.45;85
35712;628;41;-4.69;-4.69;27.45;85
35720;628;41;-4.69;-4.69;27.45;85
35731;629;41;-4.69;-4.69;27.45;85
35739;629;41;-4.69;-4.69;27.45;85
35749;629;41;-4.69;-4.69;27.45;85
35759;629;41;-4.69;-4.69;27.45;85
35770;630;41;-4.69;-5.47;27.45;85
35782;629;41;-4.69;-5.47;27.45;85
35792;629;41;-4.69;-5.47;27.45;85
35800;628;41;-4.69;-5.47;27.45;85
35813;628;41;-4.69;-5.47;27.45;85
35834;628;41;-5.47;-5.47;27.45;85
35851;627;41;-5.47;-5.47;27.45;85
35860;627;41;-5.47;-5.47;27.45;85
35872;628;41;-5.47;-5.47;27.45;85
35881;628;41;-5.47;-5.47;27.45;85
35892;628;41;-5.47;-5.47;27.45;85
35901;629;41;-5.47;-5.47;27.45;85
35912;629;41;-5.47;-5.47;27.45;85
35921;629;41;-5.47;-5.47;27.45;85
35929;629;41;-5.47;-5.47;27.45;85
35940;629;41;-5.47;-5.47;27.45;85
35949;629;41;-5.47;-5.47;27.45;85
35961;630;41;-5.47;-5.47;27.45;85
35971;630;41;-5.47;-5.47;27.45;85
35983;629;41;-5.47;-5.47;27.06;85
35991;628;41;-5.47;-5.47;27.06;85
36000;628;41;-5.47;-5.47;27.06;85
36009;627;41;-5.47;-5.47;27.06;85
36019;626;41;-5.47;-5.47;27.06;85
36032;626;41;-5.47;-5.47;27.06;85
36040;626;41;-5.47;-5.47;27.06;85
36051;626;41;-5.47;-5.47;27.06;85
36060;627;41;-5.47;-5.47;27.06;85
36069;627;41;-5.47;-5.47;27.06;85
36081;627;41;-5.47;-5.47;27.06;85
36089;628;41;-5.47;-5.47;27.06;85
36100;628;41;-5.47;-5.47;27.06;85
36111;627;41;-5.47;-5.47;27.06;85
36121;627;41;-5.47;-5.47;27.06;85
36130;627;41;-5.47;-5.47;27.06;85
36140;627;41;-5.47;-5.47;27.06;85
36149;627;41;-5.47;-5.47;27.06;85
36161;627;41;-5.47;-5.47;27.06;85
36169;627;41;-5.47;-5.47;27.06;85
36186;627;41;-5.47;-5.47;27.06;85
36200;627;41;-5.47;-5.47;27.06;85
36211;627;41;-4.69;-5.47;27.06;85
36219;627;41;-4.69;-5.47;27.06;85
36230;628;41;-4.69;-5.47;27.06;85
36242;628;41;-4.69;-5.47;27.06;85
36251;628;41;-4.69;-5.47;27.06;85
36259;629;41;-4.69;-5.47;27.06;85
36271;629;41;-4.69;-5.47;27.06;85
36283;629;41;-4.69;-5.47;27.06;85
36302;629;41;-4.69;-5.47;27.06;85
36312;629;41;-4.69;-5.47;27.06;85
36321;629;41;-4.69;-5.47;27.06;85
36333;629;41;-4.69;-5.47;27.06;85
36341;629;41;-4.69;-5.47;27.06;85
36350;629;41;-4.69;-5.47;27.06;85
36359;629;41;-4.69;-5.47;27.06;85
36371;628;41;-4.69;-5.47;27.06;85
36382;628;41;-4.69;-5.47;27.06;85
36391;628;41;-4.69;-5.47;27.06;85
36400;628;41;-4.69;-5.47;27.06;85
36409;628;41;-4.69;-5.47;27.06;85
36421;628;41;-4.69;-5.47;27.06;85
36431;629;41;-4.69;-5.47;27.06;85
36440;629;41;-4.69;-5.47;27.06;85
36451;629;41;-4.69;-5.47;27.06;85
36460;630;41;-4.69;-5.47;27.06;85
36469;630;41;-4.69;-5.47;27.06;85
36483;630;41;-4.69;-5.47;27.06;85
36502;629;41;-4.69;-5.47;27.06;85
36512;629;41;-4.69;-5.47;27.06;85
36521;628;41;-4.69;-5.47;27.06;85
36531;628;41;-4.69;-5.47;27.06;85
36540;627;41;-4.69;-5.47;27.06;85
36551;627;41;-4.69;-5.47;27.06;85
36559;626;41;-4.69;-5.47;27.06;85
36571;625;41;-4.69;-5.47;27.06;85
36588;625;41;-4.69;-5.47;27.06;85
36602;624;41;-4.69;-5.47;27.06;85
36610;623;41;-4.69;-5.47;27.06;85
36619;624;41;-4.69;-5.47;27.06;85
36633;624;41;-4.69;-5.47;27.06;85
36651;625;41;-4.69;-5.47;27.06;85
36662;625;41;-4.69;-5.47;27.06;85
36670;626;41;-4.69;-5.47;27.06;85
36683;626;41;-4.69;-5.47;27.06;85
36692;626;41;-4.69;-5.47;27.06;85
36701;625;41;-4.69;-5.47;27.06;85
36710;625;41;-4.69;-5.47;27.06;85
36721;625;41;-4.69;-5.47;27.06;85
36732;624;41;-4.69;-5.47;27.06;85
36742;624;41;-4.69;-5.47;27.06;85
36751;624;41;-4.69;-5.47;27.06;85
36761;624;41;-4.69;-5.47;27.06;85
36769;624;41;-4.69;-5.47;27.06;85
36783;625;41;-4.69;-5.47;27.06;85
36799;625;41;-4.69;-5.47;27.06;85
36810;625;41;-4.69;-5.47;27.06;85
36822;626;41;-4.69;-5.47;27.06;85
36832;627;41;-4.69;-5.47;27.06;85
36842;628;41;-4.69;-5.47;27.06;85
36851;628;41;-4.69;-5.47;27.06;85
36862;629;41;-5.47;-5.47;27.06;85
36870;630;41;-5.47;-6.25;27.06;85
36883;629;41;-5.47;-6.25;27.06;85
36892;627;41;-5.47;-6.25;27.06;85
36901;626;41;-5.47;-6.25;27.06;85
36910;625;41;-5.47;-6.25;27.06;85
36922;623;41;-5.47;-6.25;27.06;85
36931;622;41;-5.47;-6.25;27.06;85
36941;622;41;-5.47;-6.25;27.06;85
36950;621;41;-5.47;-6.25;27.06;85
36960;620;41;-5.47;-6.25;27.06;85
36971;620;41;-5.47;-6.25;27.06;85
36984;619;41;-4.69;-6.25;27.06;85
37001;618;41;-4.69;-5.47;27.06;85
37011;619;41;-4.69;-5.47;27.06;85
37021;620;41;-4.69;-5.47;27.06;85
37031;621;41;-4.69;-5.47;27.06;85
37041;622;41;-4.69;-5.47;27.06;85
37049;623;41;-4.69;-5.47;27.06;85
37061;624;41;-4.69;-5.47;27.06;85
37070;625;41;-4.69;-5.47;27.06;85
37084;626;41;-4.69;-5.47;27.06;85
37100;627;41;-4.69;-5.47;27.06;85
37111;628;41;-4.69;-5.47;27.06;85
37120;629;41;-4.69;-5.47;27.06;85
37130;630;41;-4.69;-5.47;27.06;85
37141;630;41;-4.69;-5.47;27.06;85
37151;629;41;-4.69;-5.47;27.06;85
37161;629;41;-4.69;-5.47;27.06;85
37170;628;41;-4.69;-5.47;27.06;85
37184;627;41;-4.69;-5.47;27.06;85
37201;627;41;-4.69;-5.47;27.06;85
37212;626;41;-4.69;-5.47;27.06;85
37221;626;41;-4.69;-5.47;27.06;85
37232;625;41;-4.69;-5.47;27.06;85
37241;624;41;-4.69;-5.47;27.06;85
37251;624;41;-4.69;-5.47;27.06;85
37262;623;41;-4.69;-5.47;27.06;85
37272;624;41;-4.69;-5.47;27.06;85
37281;624;41;-4.69;-5.47;27.06;85
37291;624;41;-4.69;-5.47;27.06;85
37301;624;41;-4.69;-5.47;27.06;85
37313;624;41;-4.69;-5.47;27.06;85
37322;624;41;-4.69;-5.47;27.06;85
37333;624;41;-4.69;-5.47;27.06;85
37341;624;41;-4.69;-5.47;27.06;85
37352;624;41;-4.69;-5.47;27.06;85
37362;624;41;-4.69;-5.47;27.06;85
37371;623;41;-4.69;-5.47;27.06;85
37383;623;41;-4.69;-5.47;27.06;85
37392;624;41;-4.69;-5.47;27.06;85
37401;625;41;-4.69;-5.47;27.06;85
37412;626;41;-4.69;-5.47;27.06;85
37421;627;41;-4.69;-5.47;27.06;85
37430;628;41;-4.69;-5.47;27.06;85
37442;629;41;-4.69;-5.47;27.06;85
37450;629;41;-4.69;-5.47;27.06;85
37462;629;41;-4.69;-5.47;27.06;85
37471;630;41;-4.69;-5.47;27.06;85
37484;630;41;-4.69;-5.47;27.06;85
37500;630;41;-4.69;-5.47;27.06;85
37510;630;41;-4.69;-5.47;27.06;85
37520;629;41;-4.69;-5.47;27.06;85
37533;629;41;-4.69;-5.47;27.06;85
37542;628;41;-4.69;-5.47;27.06;85
37552;627;41;-4.69;-5.47;27.06;85
37561;626;41;-4.69;-5.47;27.06;85
37570;626;41;-4.69;-5.47;27.06;85
37585;625;41;-4.69;-5.47;27.06;85
37602;625;41;-4.69;-5.47;27.06;85
37611;624;41;-4.69;-5.47;27.06;85
37620;623;41;-4.69;-5.47;27.06;85
37631;623;41;-5.47;-5.47;27.06;85
37643;622;41;-5.47;-5.47;27.06;85
37652;622;41;-5.47;-5.47;27.06;85
37661;622;41;-5.47;-5.47;27.06;85
37672;622;41;-5.47;-5.47;27.06;85
37682;622;41;-5.47;-5.47;27.06;85
37691;621;41;-4.69;-5.47;27.06;85
37700;621;41;-4.69;-5.47;27.06;85
37709;621;41;-4.69;-5.47;27.06;85
37721;620;41;-4.69;-5.47;27.06;85
37730;620;41;-4.69;-5.47;27.06;85
37741;620;41;-4.69;-5.47;27.06;85
37751;619;41;-4.69;-5.47;27.06;85
37760;619;41;-4.69;-5.47;27.06;85
37770;620;41;-4.69;-5.47;27.45;85
37784;620;41;-4.69;-5.47;27.45;85
37801;621;41;-4.69;-5.47;27.45;85
37811;621;41;-4.69;-5.47;27.45;85
37820;622;41;-4.69;-5.47;27.45;85
37834;623;41;-4.69;-4.69;27.45;85
37852;624;41;-4.69;-4.69;27.45;85
37860;625;41;-4.69;-4.69;27.45;85
37870;626;41;-4.69;-4.69;27.45;85
37880;627;41;-4.69;-4.69;27.45;85
37892;628;41;-4.69;-4.69;27.45;85
37901;629;41;-4.69;-4.69;27.45;85
37910;628;41;-4.69;-4.69;27.45;85
37921;627;41;-4.69;-4.69;27.45;85
37930;627;41;-4.69;-4.69;27.45;85
37941;626;41;-4.69;-4.69;27.45;85
37951;625;41;-4.69;-4.69;27.45;85
37963;624;41;-4.69;-4.69;27.45;85
37972;624;41;-4.69;-4.69;27.45;85
37983;625;41;-4.69;-4.69;27.45;85
38001;625;41;-4.69;-4.69;27.45;85
38011;625;41;-4.69;-4.69;27.45;85
38020;626;41;-4.69;-4.69;27.45;85
38031;626;41;-4.69;-4.69;27.45;85
38041;625;41;-4.69;-4.69;27.06;85
38050;624;41;-4.69;-4.69;27.06;85
38060;623;41;-4.69;-4.69;27.06;85
38071;622;41;-4.69;-4.69;27.06;85
38083;621;41;-4.69;-4.69;27.06;85
38101;620;41;-4.69;-4.69;27.06;85
38111;620;41;-4.69;-4.69;27.06;85
38121;620;41;-4.69;-4.69;27.06;85
38130;620;41;-4.69;-4.69;27.06;85
38141;620;41;-4.69;-4.69;27.06;85
38152;620;41;-3.91;-4.69;27.06;85
38161;620;41;-3.91;-4.69;27.06;85
38171;622;41;-3.91;-4.69;27.45;85
38183;623;41;-3.91;-4.69;27.45;85
38191;625;41;-3.91;-4.69;27.45;85
38199;626;41;-3.91;-4.69;27.45;85
38211;628;41;-3.91;-4.69;27.45;85
38222;629;41;-3.91;-4.69;27.45;85
38233;629;41;-3.91;-4.69;27.06;85
38239;629;41;-3.91;-4.69;27.06;85
38248;629;41;-3.91;-4.69;27.06;85
38260;629;41;-3.91;-4.69;27.06;85
38272;629;41;-3.91;-4.69;27.06;85
38282;629;41;-3.91;-4.69;27.06;85
38290;629;41;-3.91;-4.69;27.06;85
38301;628;41;-3.91;-4.69;27.06;85
38312;627;41;-3.91;-4.69;27.06;85
38320;627;41;-3.91;-4.69;27.06;85
38330;626;41;-3.91;-4.69;27.06;85
38339;626;41;-3.91;-4.69;27.06;85
38350;626;41;-3.91;-4.69;27.06;85
38359;626;41;-3.91;-4.69;27.06;85
38368;626;41;-3.91;-4.69;27.06;85
38383;626;41;-3.91;-4.69;27.06;85
38402;626;41;-3.91;-4.69;27.06;85
38410;626;41;-3.91;-4.69;27.06;85
38420;626;41;-3.91;-4.69;27.06;85
38432;627;41;-3.91;-4.69;27.06;85
38440;627;41;-3.91;-4.69;27.06;85
38450;628;41;-3.91;-4.69;27.06;85
38462;628;41;-3.91;-4.69;27.06;85
38468;629;41;-3.91;-4.69;27.06;85
38482;629;41;-3.91;-4.69;27.06;85
38491;629;41;-3.91;-4.69;27.06;85
38502;629;41;-3.91;-4.69;27.06;85
38510;629;41;-3.91;-4.69;27.06;85
38520;629;41;-3.91;-4.69;27.06;85
38532;629;41;-3.91;-4.69;27.06;85
38540;629;41;-3.91;-4.69;27.06;85
38550;629;41;-3.91;-4.69;27.06;85
38558;628;41;-3.91;-4.69;27.06;85
38571;628;41;-3.91;-4.69;27.06;85
38585;628;41;-3.91;-4.69;27.06;85
38602;628;41;-3.91;-4.69;27.06;85
38610;629;41;-3.91;-4.69;27.06;85
38621;629;41;-3.91;-4.69;27.06;85
38632;629;41;-3.91;-4.69;27.06;85
38640;629;41;-3.91;-4.69;27.06;85
38652;629;41;-3.91;-4.69;27.06;85
38662;630;41;-3.91;-4.69;27.06;85
38669;629;41;-3.91;-4.69;27.06;85
38681;628;41;-3.91;-4.69;27.06;85
38690;627;41;-3.91;-4.69;27.06;85
38702;627;41;-3.91;-4.69;27.06;85
38709;626;41;-3.91;-4.69;27.06;85
38720;625;41;-3.91;-4.69;27.06;85
38731;625;41;-3.91;-4.69;27.06;85
38740;625;41;-3.91;-4.69;27.06;85
38749;625;41;-3.91;-4.69;27.06;85
38759;625;41;-3.91;-4.69;27.06;85
38770;625;41;-4.69;-4.69;27.06;85
38782;624;41;-4.69;-4.69;27.06;85
38788;625;41;-4.69;-4.69;27.06;85
38800;625;41;-4.69;-4.69;27.06;85
38812;625;41;-4.69;-4.69;27.06;85
38821;625;41;-4.69;-4.69;27.06;85
38832;625;41;-4.69;-4.69;27.06;85
38841;625;41;-4.69;-4.69;27.06;85
38851;626;41;-4.69;-4.69;27.06;85
38859;626;41;-4.69;-4.69;27.06;85
38870;626;41;-4.69;-4.69;27.06;85
38880;627;41;-4.69;-4.69;27.06;85
38888;627;41;-4.69;-4.69;27.06;85
38900;627;41;-4.69;-4.69;27.06;85
38909;628;41;-4.69;-4.69;27.06;85
38920;628;41;-4.69;-4.69;27.06;85
38932;629;41;-4.69;-4.69;27.06;85
38941;629;41;-4.69;-4.69;27.06;85
38948;630;41;-3.91;-4.69;27.06;85
38959;630;41;-3.91;-5.47;27.06;85
38972;630;41;-3.91;-5.47;27.06;85
38982;629;41;-3.91;-5.47;27.06;85
38990;629;41;-3.91;-5.47;27.06;85
39002;628;41;-3.91;-5.47;27.06;85
39008;628;41;-3.91;-5.47;27.06;85
39020;627;41;-3.91;-5.47;27.06;85
39033;626;41;-3.91;-5.47;27.06;85
39052;625;41;-3.91;-5.47;27.06;85
39059;624;41;-3.91;-5.47;27.06;85
39070;623;41;-3.91;-5.47;27.06;85
39081;622;41;-4.69;-5.47;27.06;85
39091;621;41;-4.69;-5.47;27.06;85
39101;621;41;-4.69;-5.47;27.06;85
39109;621;41;-4.69;-5.47;27.06;85
39118;620;41;-4.69;-5.47;27.06;85
39130;620;41;-4.69;-5.47;27.06;85
39138;620;41;-4.69;-5.47;27.06;85
39150;619;41;-4.69;-5.47;27.06;85
39160;620;41;-4.69;-5.47;27.06;85
39169;621;41;-4.69;-5.47;27.06;85
39183;622;41;-4.69;-5.47;27.06;85
39200;623;41;-4.69;-5.47;27.06;85
39209;624;41;-4.69;-5.47;27.06;85
39221;624;41;-4.69;-5.47;27.06;85
39232;626;41;-4.69;-5.47;27.06;85
39240;627;41;-4.69;-5.47;27.06;85
39251;628;41;-4.69;-5.47;27.06;85
39260;629;41;-4.69;-5.47;27.06;85
39270;630;41;-4.69;-5.47;27.06;85
39283;632;41;-4.69;-5.47;27.06;85
39301;632;41;-4.69;-5.47;27.06;85
39311;631;41;-4.69;-5.47;27.06;85
39319;631;41;-4.69;-5.47;27.06;85
39333;631;41;-4.69;-5.47;27.06;85
39339;631;41;-4.69;-5.47;27.06;85
39350;631;41;-4.69;-5.47;27.06;85
39358;629;41;-4.69;-5.47;27.06;85
39371;628;41;-4.69;-5.47;27.06;85
39382;626;41;-4.69;-5.47;27.06;85
39390;624;41;-4.69;-5.47;27.06;85
39399;623;41;-4.69;-5.47;27.06;85
39410;621;41;-4.69;-5.47;27.06;85
39421;621;41;-4.69;-5.47;27.06;85
39432;620;41;-4.69;-5.47;27.06;85
39439;619;41;-4.69;-5.47;27.06;85
39450;619;41;-4.69;-5.47;27.06;85
39459;618;41;-4.69;-5.47;27.06;85
39471;618;41;-4.69;-5.47;27.06;85
39480;618;41;-4.69;-5.47;27.06;85
39489;618;41;-4.69;-5.47;27.06;85
39500;618;41;-4.69;-5.47;27.06;85
39510;618;41;-4.69;-5.47;27.06;85
39521;618;41;-4.69;-5.47;27.06;85
39532;618;41;-4.69;-5.47;27.06;85
39541;619;41;-4.69;-5.47;27.45;85
39550;621;41;-4.69;-5.47;27.45;85
39561;622;41;-4.69;-5.47;27.45;85
39570;623;41;-4.69;-5.47;27.45;85
39586;625;41;-4.69;-5.47;27.45;85
39601;626;41;-4.69;-5.47;27.45;85
39611;626;41;-4.69;-5.47;27.45;85
39620;625;41;-4.69;-5.47;27.45;85
39634;625;41;-4.69;-5.47;27.45;85
39649;625;41;-4.69;-5.47;27.45;85
39660;624;41;-4.69;-5.47;27.45;85
39668;624;41;-4.69;-5.47;27.45;85
39682;623;41;-4.69;-5.47;27.45;85
39691;622;41;-4.69;-5.47;27.45;85
39700;622;41;-4.69;-5.47;27.45;85
39710;621;41;-4.69;-5.47;27.45;85
39719;620;41;-4.69;-5.47;27.45;85
39731;620;41;-4.69;-5.47;27.45;85
39741;619;41;-4.69;-5.47;27.45;85
39752;619;41;-4.69;-5.47;27.45;85
39759;619;41;-4.69;-5.47;27.45;85
39768;618;41;-4.69;-5.47;27.45;85
39782;618;41;-4.69;-5.47;27.45;85
39790;618;41;-4.69;-5.47;27.45;85
39801;619;41;-4.69;-5.47;27.45;85
39810;619;41;-4.69;-5.47;27.45;85
39819;620;41;-4.69;-5.47;27.45;85
39831;621;41;-4.69;-5.47;27.45;85
39840;622;41;-4.69;-5.47;27.45;85
39850;623;41;-4.69;-5.47;27.45;85
39861;623;41;-4.69;-5.47;27.45;85
39872;623;41;-4.69;-5.47;27.45;85
39881;624;41;-4.69;-5.47;27.45;85
39889;624;41;-4.69;-5.47;27.45;85
39900;624;41;-5.47;-5.47;27.45;85
39910;624;41;-5.47;-5.47;27.45;85
39921;624;41;-5.47;-5.47;27.45;85
39932;624;41;-5.47;-5.47;27.45;85
39939;624;41;-5.47;-5.47;27.45;85
39950;625;41;-5.47;-5.47;27.45;85
39962;625;41;-5.47;-5.47;27.45;85
39971;625;41;-5.47;-5.47;27.45;85
39981;624;41;-5.47;-5.47;27.45;85
39989;622;41;-5.47;-5.47;27.45;85
40001;621;41;-5.47;-5.47;27.45;85
40012;619;41;-5.47;-5.47;27.45;85
40021;618;41;-5.47;-5.47;27.45;85
40032;616;41;-5.47;-5.47;27.45;85
40040;617;41;-5.47;-5.47;27.45;85
40052;618;41;-5.47;-5.47;27.45;85
40061;620;41;-5.47;-5.47;27.45;85
40070;621;41;-5.47;-5.47;27.45;85
40082;622;41;-4.69;-5.47;27.45;85
40089;623;41;-4.69;-4.69;27.45;85
40100;623;41;-4.69;-4.69;27.45;85
40112;623;41;-4.69;-4.69;27.45;85
40121;623;41;-4.69;-4.69;27.45;85
40132;623;41;-4.69;-4.69;27.45;85
40140;623;41;-4.69;-4.69;27.45;85
40149;623;41;-4.69;-4.69;27.45;85
40160;623;41;-4.69;-4.69;27.45;85
40169;622;41;-4.69;-4.69;27.45;85
40181;622;41;-4.69;-4.69;27.45;85
40191;622;41;-4.69;-4.69;27.45;85
40201;622;41;-4.69;-4.69;27.45;85
40211;622;41;-4.69;-4.69;27.45;85
40219;622;41;-4.69;-4.69;27.45;85
40231;622;41;-4.69;-4.69;27.45;85
40240;622;41;-4.69;-4.69;27.45;85
40252;622;41;-4.69;-4.69;27.45;85
40260;622;41;-4.69;-4.69;27.45;85
40272;623;41;-4.69;-3.91;27.45;85
40283;623;41;-4.69;-3.91;27.45;85
40301;623;41;-4.69;-3.91;27.45;85
40310;623;41;-4.69;-3.91;27.45;85
40321;623;41;-4.69;-3.91;27.45;85
40333;623;41;-4.69;-3.91;27.45;85
40350;623;41;-4.69;-3.91;27.45;85
40360;623;41;-4.69;-3.91;27.45;85
40372;623;41;-4.69;-3.91;27.45;85
40381;623;41;-4.69;-3.91;27.45;85
40389;624;41;-4.69;-3.91;27.45;85
40400;624;41;-4.69;-3.91;27.45;85
40411;624;41;-4.69;-4.69;27.45;85
40422;624;41;-4.69;-4.69;27.45;85
40433;623;41;-4.69;-4.69;27.45;85
40449;623;41;-4.69;-4.69;27.45;85
40460;623;41;-4.69;-4.69;27.45;85
40471;622;41;-4.69;-4.69;27.45;85
40482;622;41;-4.69;-4.69;27.45;85
40491;622;41;-4.69;-4.69;27.45;85
40500;623;41;-4.69;-4.69;27.45;85
40511;623;41;-4.69;-4.69;27.45;85
40520;623;41;-4.69;-4.69;27.45;85
40531;623;41;-4.69;-4.69;27.45;85
40540;624;41;-4.69;-4.69;27.45;85
40550;624;41;-4.69;-4.69;27.45;85
40560;625;41;-4.69;-4.69;27.45;85
40572;625;41;-4.69;-4.69;27.45;85
40585;625;41;-4.69;-4.69;27.45;85
40601;626;41;-4.69;-4.69;27.45;85
40612;626;41;-4.69;-4.69;27.45;85
40621;627;41;-4.69;-4.69;27.45;85
40633;627;41;-4.69;-4.69;27.45;85
40651;627;41;-4.69;-4.69;27.45;85
40661;627;41;-4.69;-4.69;27.45;85
40671;627;41;-4.69;-4.69;27.45;85
40683;628;41;-4.69;-4.69;27.45;85
40699;628;41;-4.69;-4.69;27.45;85
40710;627;41;-4.69;-4.69;27.45;85
40721;627;41;-4.69;-4.69;27.45;85
40730;627;41;-4.69;-4.69;27.45;85
40740;627;41;-4.69;-4.69;27.45;85
40750;627;41;-4.69;-4.69;27.45;85
40760;627;41;-4.69;-4.69;27.06;85
40770;627;41;-4.69;-4.69;27.06;85
40781;627;41;-4.69;-4.69;27.06;85
40789;626;41;-4.69;-4.69;27.06;85
40801;626;41;-4.69;-4.69;27.06;85
40811;626;41;-4.69;-4.69;27.06;85
40819;626;41;-4.69;-4.69;27.06;85
40832;626;41;-4.69;-4.69;27.06;85
40841;626;41;-4.69;-4.69;27.06;85
40849;625;41;-4.69;-4.69;27.06;85
40860;625;41;-4.69;-4.69;27.06;85
40871;625;41;-4.69;-4.69;27.06;85
40883;625;41;-4.69;-4.69;27.06;85
40899;626;41;-4.69;-4.69;27.06;85
40909;626;41;-4.69;-4.69;27.06;85
40921;626;41;-4.69;-4.69;27.06;85
40930;627;41;-4.69;-4.69;27.06;85
40941;627;41;-4.69;-4.69;27.06;85
40952;627;41;-4.69;-4.69;27.06;85
40961;627;41;-4.69;-4.69;27.06;85
40970;628;41;-4.69;-4.69;27.06;85
40983;628;41;-4.69;-4.69;27.06;85
41000;628;41;-3.91;-4.69;27.06;85
41011;629;41;-3.91;-4.69;27.06;85
41020;629;41;-3.91;-4.69;27.06;85
41031;629;41;-3.91;-4.69;27.06;85
41040;629;41;-3.91;-4.69;27.06;85
41049;629;41;-3.91;-4.69;27.06;85
41060;629;41;-3.91;-4.69;27.06;85
41071;629;41;-3.91;-4.69;27.06;85
41084;629;41;-3.91;-4.69;27.06;85
41100;628;41;-3.91;-4.69;27.06;85
41110;627;41;-3.91;-4.69;27.06;85
41119;627;41;-3.91;-4.69;27.06;85
41131;626;41;-3.91;-4.69;27.06;85
41140;625;41;-3.91;-4.69;27.06;85
41152;625;41;-3.91;-4.69;27.06;85
41159;624;41;-3.91;-4.69;27.06;85
41171;624;41;-3.91;-4.69;27.06;85
41183;623;41;-3.91;-4.69;27.06;85
41201;622;41;-3.91;-4.69;27.06;85
41211;622;41;-3.91;-4.69;27.06;85
41220;622;41;-3.91;-4.69;27.06;85
41231;623;41;-3.91;-4.69;27.06;85
41239;624;41;-3.91;-4.69;27.06;85
41250;624;41;-3.91;-4.69;27.06;85
41259;625;41;-3.91;-4.69;27.06;85
41271;625;41;-3.91;-4.69;27.06;85
41282;626;41;-3.91;-4.69;27.06;85
41290;626;41;-3.91;-4.69;27.06;85
41302;627;41;-3.91;-4.69;27.06;85
41310;628;41;-3.91;-4.69;27.06;85
41319;628;41;-3.91;-4.69;27.06;85
41333;629;41;-3.91;-4.69;27.06;85
41351;628;41;-3.91;-4.69;27.06;85
41360;628;41;-3.91;-4.69;27.06;85
41371;628;41;-3.91;-4.69;27.06;85
41383;628;41;-3.91;-4.69;27.06;85
41401;628;41;-3.91;-4.69;27.06;85
41410;628;41;-3.91;-4.69;27.06;85
41419;628;41;-3.91;-4.69;27.06;85
41433;628;41;-3.91;-4.69;27.06;85
41451;628;41;-3.91;-4.69;27.06;85
41460;628;41;-3.91;-4.69;27.06;85
41472;628;41;-4.69;-4.69;27.06;85
41482;629;41;-4.69;-4.69;27.06;85
41490;629;41;-4.69;-4.69;27.06;85
41501;629;41;-4.69;-4.69;27.06;85
41512;629;41;-4.69;-4.69;27.06;85
41521;629;41;-4.69;-4.69;27.06;85
41532;629;41;-4.69;-4.69;27.06;85
41540;629;41;-4.69;-4.69;27.06;85
41549;628;41;-4.69;-4.69;27.06;85
41562;626;41;-4.69;-4.69;27.06;85
41572;625;41;-4.69;-4.69;27.06;85
41583;624;41;-4.69;-4.69;27.06;85
41600;622;41;-3.91;-4.69;27.06;85
41612;621;41;-3.91;-4.69;27.06;85
41623;622;41;-3.91;-4.69;27.06;85
41641;623;41;-3.91;-4.69;27.06;85
41651;624;41;-3.91;-4.69;27.06;85
41660;624;41;-3.91;-4.69;27.06;85
41670;625;41;-3.91;-4.69;27.06;85
41684;626;41;-3.91;-4.69;27.06;85
41701;626;41;-3.91;-4.69;27.06;85
41711;627;41;-3.91;-4.69;27.06;85
41720;627;41;-3.91;-4.69;27.06;85
41730;628;41;-3.91;-4.69;27.06;85
41741;628;41;-3.91;-4.69;27.06;85
41749;629;41;-3.91;-4.69;27.06;85
41761;629;41;-3.91;-4.69;27.06;85
41772;629;41;-3.91;-4.69;27.06;85
41783;629;41;-3.91;-4.69;27.06;85
41791;629;41;-3.91;-4.69;27.06;85
41800;628;41;-3.91;-4.69;27.06;85
41811;628;41;-3.91;-5.47;27.06;85
41819;628;41;-3.91;-5.47;27.06;85
41832;628;41;-3.91;-5.47;27.06;85
41840;628;41;-3.91;-5.47;27.06;85
41852;628;41;-3.91;-5.47;27.06;85
41861;628;41;-3.91;-5.47;27.06;85
41870;628;41;-3.91;-5.47;27.06;85
41884;626;41;-3.91;-5.47;27.06;85
41901;624;41;-3.91;-5.47;27.06;85
41911;622;41;-3.91;-5.47;27.06;85
41920;620;41;-3.91;-5.47;27.06;85
41931;618;41;-4.69;-5.47;27.06;85
41940;616;41;-4.69;-5.47;27.06;85
41952;617;41;-4.69;-5.47;27.06;85
41961;618;41;-4.69;-5.47;27.06;85
41969;618;41;-4.69;-5.47;27.06;85
41984;619;41;-4.69;-5.47;27.06;85
42000;620;41;-4.69;-5.47;27.06;85
42010;621;41;-4.69;-5.47;27.06;85
42021;621;41;-4.69;-5.47;27.06;85
42031;621;41;-4.69;-5.47;27.06;85
42042;622;41;-4.69;-5.47;27.06;85
42051;622;41;-4.69;-5.47;27.06;85
42061;623;41;-4.69;-5.47;27.06;85
42069;623;41;-4.69;-5.47;27.06;85
42083;624;41;-4.69;-5.47;27.45;85
42101;624;41;-4.69;-5.47;27.45;85
42112;625;41;-4.69;-5.47;27.45;85
42120;625;41;-4.69;-5.47;27.45;85
42133;625;41;-4.69;-5.47;27.45;85
42141;626;41;-4.69;-5.47;27.45;85
42150;626;41;-4.69;-5.47;27.45;85
42162;626;41;-4.69;-5.47;27.45;85
42172;626;41;-4.69;-5.47;27.45;85
42183;626;41;-4.69;-5.47;27.45;85
42191;627;41;-4.69;-5.47;27.45;85
42200;627;41;-4.69;-5.47;27.45;85
42211;626;41;-4.69;-5.47;27.45;85
42220;625;41;-4.69;-5.47;27.45;85
42230;625;41;-4.69;-5.47;27.45;85
42241;624;41;-4.69;-5.47;27.45;85
42251;624;41;-4.69;-5.47;27.45;85
42259;623;41;-4.69;-5.47;27.45;85
42269;623;41;-4.69;-5.47;27.45;85
42281;622;41;-4.69;-5.47;27.45;85
42290;621;41;-4.69;-5.47;27.45;85
42301;621;41;-4.69;-5.47;27.45;85
42311;620;41;-4.69;-5.47;27.45;85
42320;620;41;-4.69;-5.47;27.45;85
42333;620;41;-4.69;-5.47;27.45;85
42352;621;41;-4.69;-5.47;27.45;85
42360;621;41;-4.69;-5.47;27.45;85
42372;621;41;-4.69;-5.47;27.45;85
42384;622;41;-4.69;-5.47;27.45;85
42401;622;41;-4.69;-4.69;27.45;85
42408;622;41;-4.69;-4.69;27.45;85
42422;622;41;-4.69;-4.69;27.45;85
42431;623;41;-4.69;-4.69;27.45;85
42441;623;41;-4.69;-4.69;27.45;85
42451;623;41;-4.69;-4.69;27.45;85
42462;623;41;-4.69;-4.69;27.45;85
42471;622;41;-4.69;-4.69;27.45;85
42483;622;41;-4.69;-4.69;27.45;85
42501;621;41;-4.69;-4.69;27.45;85
42511;620;41;-4.69;-4.69;27.45;85
42522;619;41;-4.69;-4.69;27.45;85
42531;618;41;-4.69;-4.69;27.45;85
42540;618;41;-4.69;-4.69;27.45;85
42550;617;41;-4.69;-4.69;27.45;85
42561;617;41;-4.69;-4.69;27.45;85
42570;616;41;-4.69;-4.69;27.45;85
42585;616;41;-4.69;-4.69;27.45;85
42602;615;41;-4.69;-4.69;27.45;85
42610;616;41;-4.69;-4.69;27.45;85
42622;617;41;-4.69;-4.69;27.45;85
42631;617;41;-4.69;-4.69;27.45;85
42640;618;41;-4.69;-4.69;27.45;85
42650;619;41;-4.69;-4.69;27.45;85
42661;620;41;-4.69;-4.69;27.45;85
42673;620;41;-4.69;-4.69;27.45;85
42693;621;41;-4.69;-4.69;27.45;85
42708;622;41;-4.69;-4.69;27.45;85
42720;623;41;-4.69;-4.69;27.45;85
42732;624;41;-4.69;-4.69;27.45;85
42740;625;41;-4.69;-4.69;27.45;85
42750;624;41;-4.69;-4.69;27.45;85
42758;624;41;-4.69;-4.69;27.45;85
42772;624;41;-4.69;-4.69;27.45;85
42783;624;41;-4.69;-4.69;27.45;85
42801;624;41;-4.69;-4.69;27.45;85
42810;624;41;-4.69;-4.69;27.45;85
42821;623;41;-4.69;-4.69;27.45;85
42832;623;41;-4.69;-4.69;27.45;85
42838;623;41;-4.69;-4.69;27.45;85
42852;623;41;-4.69;-4.69;27.45;85
42860;623;41;-4.69;-4.69;27.45;85
42872;623;41;-4.69;-4.69;27.45;85
42882;623;41;-4.69;-4.69;27.45;85
42890;623;41;-4.69;-4.69;27.45;85
42902;622;41;-4.69;-4.69;27.45;85
42911;622;41;-4.69;-4.69;27.45;85
42920;622;41;-4.69;-4.69;27.45;85
42933;622;41;-4.69;-4.69;27.45;85
42941;623;41;-4.69;-4.69;27.45;85
42950;625;41;-4.69;-4.69;27.45;85
42962;626;41;-4.69;-4.69;27.45;85
42971;627;41;-4.69;-4.69;27.45;85
42982;628;41;-3.91;-4.69;27.45;85
42990;629;41;-3.91;-4.69;27.45;85
43000;628;41;-3.91;-4.69;27.45;85
43012;628;41;-3.91;-4.69;27.45;85
43019;627;41;-3.91;-4.69;27.45;85
43032;627;41;-3.91;-4.69;27.45;85
43042;627;41;-3.91;-4.69;27.45;85
43052;626;41;-3.91;-4.69;27.45;85
43060;626;41;-3.91;-4.69;27.45;85
43070;626;41;-3.91;-4.69;27.45;85
43082;626;41;-3.91;-4.69;27.45;85
43093;625;41;-3.91;-4.69;27.45;85
43111;625;41;-3.91;-4.69;27.45;85
43121;625;41;-3.91;-4.69;27.45;85
43130;625;41;-3.91;-4.69;27.06;85
43141;624;41;-3.91;-4.69;27.06;85
43150;624;41;-3.91;-4.69;27.06;85
43158;623;41;-3.91;-4.69;27.06;85
43170;623;41;-3.91;-4.69;27.06;85
43183;622;41;-3.91;-3.91;27.06;85
43202;622;41;-3.91;-3.91;27.06;85
43212;622;41;-3.91;-3.91;27.06;85
43221;622;41;-3.91;-3.91;27.06;85
43230;622;41;-3.91;-3.91;27.06;85
43239;622;41;-3.91;-3.91;27.06;85
43251;622;41;-3.91;-3.91;27.06;85
43259;622;41;-3.91;-3.91;27.06;85
43273;622;41;-3.91;-3.91;27.06;85
43290;622;41;-3.91;-3.91;27.06;85
43301;622;41;-3.91;-3.91;27.06;85
43310;622;41;-3.91;-3.91;27.06;85
43319;622;41;-3.91;-3.91;27.06;85
43332;623;41;-3.91;-3.91;27.45;85
43340;623;41;-3.91;-3.91;27.45;85
43350;624;41;-3.91;-3.91;27.45;85
43361;625;41;-3.91;-3.91;27.45;85
43373;626;41;-3.91;-3.91;27.45;85
43383;627;41;-3.91;-3.91;27.45;85
43399;627;41;-3.91;-3.91;27.45;85
43411;627;41;-3.91;-3.91;27.45;85
43420;627;41;-3.91;-3.91;27.45;85
43431;627;41;-3.91;-3.91;27.45;85
43440;627;41;-3.91;-3.91;27.45;85
43449;627;41;-3.91;-3.91;27.45;85
43462;627;41;-3.91;-3.91;27.06;85
43471;627;41;-3.91;-3.91;27.06;85
43483;627;41;-3.91;-3.91;27.06;85
43490;627;41;-3.91;-3.91;27.06;85
43500;627;41;-3.91;-3.91;27.06;85
43511;627;41;-3.91;-3.91;27.06;85
43520;626;41;-3.91;-3.91;27.06;85
43531;626;41;-3.91;-3.91;27.06;85
43542;626;41;-3.91;-3.91;27.06;85
43550;625;41;-3.91;-3.91;27.06;85
43560;625;41;-3.91;-3.91;27.06;85
43572;624;41;-3.91;-3.13;27.06;85
43587;625;41;-3.91;-3.13;27.06;85
43603;625;41;-3.91;-3.13;27.06;85
43621;626;41;-3.91;-3.13;27.06;85
43630;626;41;-3.91;-3.13;27.06;85
43638;626;41;-3.91;-3.13;27.06;85
43650;627;41;-3.91;-3.13;27.06;85
43663;626;41;-3.91;-3.13;27.06;85
43672;626;41;-3.91;-3.13;27.06;85
43682;626;41;-3.91;-3.13;27.06;85
43688;626;41;-3.91;-3.13;27.06;85
43700;626;41;-3.91;-3.13;27.06;85
43711;626;41;-3.91;-3.91;27.06;85
43718;626;41;-3.91;-3.91;27.06;85
43732;627;41;-3.91;-3.91;27.06;85
43740;628;41;-3.91;-3.91;27.06;85
43751;629;41;-3.91;-3.91;27.06;85
43760;629;41;-3.13;-3.91;27.06;85
43773;630;41;-3.13;-3.91;27.06;85
43788;630;41;-3.13;-3.91;27.06;85
43800;631;41;-3.13;-3.91;27.06;85
43810;631;41;-3.13;-3.91;27.06;85
43819;631;41;-3.13;-3.91;27.06;85
43832;631;41;-3.13;-3.91;27.06;85
43840;631;41;-3.13;-3.91;27.06;85
43850;630;41;-3.13;-3.91;27.06;85
43859;629;41;-3.13;-3.91;27.06;85
43871;628;41;-3.13;-3.91;27.06;85
43881;626;41;-3.13;-3.91;27.06;85
43888;625;41;-3.13;-3.91;27.06;85
43900;624;41;-3.13;-3.91;27.06;85
43908;625;41;-3.13;-3.91;27.06;85
43919;626;41;-3.13;-3.91;27.06;85
43933;627;41;-3.13;-3.91;27.06;85
43941;627;41;-3.13;-3.91;27.06;85
43950;628;41;-3.13;-3.91;27.06;85
43958;629;41;-3.13;-3.91;27.06;85
43972;629;41;-3.13;-3.91;27.06;85
43983;630;41;-3.13;-3.91;27.06;85
43989;630;41;-3.13;-3.91;27.06;85
44000;630;41;-3.13;-3.91;27.06;85
44012;631;41;-3.13;-3.91;27.06;85
44021;631;41;-3.13;-4.69;27.06;85
44032;631;41;-3.13;-4.69;26.67;85
44038;631;41;-3.13;-4.69;26.67;85
44052;631;41;-3.13;-4.69;26.67;85
44059;631;41;-3.13;-4.69;26.67;85
44071;630;41;-3.13;-4.69;26.67;85
44082;630;41;-3.13;-4.69;26.67;85
44090;630;41;-3.13;-4.69;26.67;85
44101;630;41;-3.13;-4.69;26.67;85
44113;631;41;-3.13;-4.69;26.67;85
44118;631;41;-3.13;-4.69;26.67;85
44133;631;41;-3.13;-4.69;26.67;85
44151;631;41;-3.13;-4.69;26.67;85
44159;630;41;-3.13;-4.69;26.67;85
44172;630;41;-3.13;-4.69;26.67;85
44181;630;41;-3.13;-4.69;26.67;85
44189;629;41;-3.13;-4.69;26.67;85
44200;629;41;-3.13;-4.69;26.67;85
44209;629;41;-3.13;-4.69;26.67;85
44219;629;41;-3.13;-4.69;26.67;85
44232;629;41;-3.13;-4.69;26.67;85
44242;629;41;-3.13;-4.69;26.67;85
44248;629;41;-3.13;-4.69;26.67;85
44259;629;41;-3.13;-4.69;26.67;85
44271;630;41;-3.13;-4.69;26.67;85
44282;629;41;-3.13;-4.69;26.67;85
44290;629;41;-3.13;-4.69;26.67;85
44298;629;41;-3.13;-4.69;26.67;85
44312;628;41;-3.13;-4.69;26.67;85
44321;628;41;-3.13;-4.69;26.67;85
44333;627;41;-3.13;-4.69;26.67;85
44351;627;41;-3.13;-4.69;26.67;85
44359;626;41;-3.13;-4.69;26.67;85
44371;625;41;-3.13;-4.69;26.67;85
44383;625;41;-3.13;-4.69;26.67;85
44400;624;41;-3.13;-4.69;26.67;85
44411;623;41;-3.13;-4.69;26.67;85
44420;624;41;-3.13;-4.69;26.67;85
44432;624;41;-3.13;-4.69;26.67;85
44440;625;41;-3.13;-4.69;26.67;85
44450;625;41;-3.13;-4.69;26.67;85
44461;626;41;-3.13;-4.69;26.67;85
44474;626;41;-3.13;-4.69;26.67;85
44490;627;41;-3.13;-4.69;27.06;85
44501;628;41;-3.13;-4.69;27.06;85
44510;629;41;-3.13;-4.69;27.06;85
44519;630;41;-3.13;-4.69;27.06;85
44533;631;41;-3.91;-4.69;27.06;85
44550;632;41;-3.91;-4.69;27.06;85
44560;632;41;-3.91;-4.69;26.67;85
44571;632;41;-3.91;-4.69;26.67;85
44585;631;41;-3.91;-4.69;26.67;85
44599;631;41;-3.91;-4.69;26.67;85
44612;631;41;-3.91;-4.69;26.67;85
44621;630;41;-3.91;-4.69;26.67;85
44632;629;41;-3.91;-4.69;26.67;85
44639;628;41;-3.91;-4.69;26.67;85
44650;627;41;-3.91;-4.69;26.67;85
44660;626;41;-3.91;-4.69;26.67;85
44672;625;41;-3.91;-4.69;26.67;85
44683;624;41;-3.91;-4.69;26.67;85
44701;624;41;-3.91;-4.69;26.67;85
44712;624;41;-3.91;-4.69;26.67;85
44719;624;41;-3.91;-4.69;26.67;85
44731;624;41;-3.91;-4.69;26.67;85
44740;624;41;-3.91;-4.69;26.67;85
44750;624;41;-3.91;-4.69;26.67;85
44759;625;41;-3.91;-4.69;27.06;85
44771;625;41;-3.91;-4.69;27.06;85
44783;625;41;-3.91;-4.69;27.06;85
44799;626;41;-3.91;-4.69;27.06;85
44810;626;41;-3.91;-4.69;27.06;85
44819;626;41;-3.91;-4.69;27.06;85
44833;627;41;-3.91;-4.69;27.06;85
44851;628;41;-3.91;-4.69;27.06;85
44862;629;41;-3.91;-4.69;27.06;85
44874;630;41;-3.91;-4.69;27.06;85
44892;631;41;-3.91;-4.69;27.06;85
44901;631;41;-3.91;-4.69;27.06;85
44912;631;41;-3.91;-4.69;27.06;85
44922;631;41;-3.91;-4.69;27.06;85
44930;631;41;-3.91;-4.69;27.06;85
44940;631;41;-3.91;-4.69;27.06;85
44949;631;41;-3.91;-4.69;27.06;85
44961;631;41;-3.91;-4.69;27.06;85
44971;630;41;-3.91;-4.69;27.06;85
44984;629;41;-3.91;-4.69;27.06;85
44999;628;41;-3.91;-4.69;27.06;85
45010;627;41;-3.91;-4.69;27.06;85
45021;626;41;-3.91;-4.69;27.06;85
45033;624;41;-3.91;-4.69;27.06;85
45049;624;41;-3.91;-4.69;27.06;85
45059;624;41;-3.91;-4.69;27.06;85
45071;624;41;-3.91;-4.69;27.06;85
45083;624;41;-3.91;-4.69;27.06;85
45092;624;41;-4.69;-4.69;27.06;85
45101;624;41;-4.69;-4.69;27.06;85
45109;623;41;-4.69;-4.69;27.06;85
45120;623;41;-4.69;-4.69;27.06;85
45133;623;41;-4.69;-4.69;27.06;85
45139;622;41;-4.69;-4.69;27.06;85
45151;622;41;-4.69;-4.69;27.06;85
45160;621;41;-4.69;-4.69;27.06;85
45170;622;41;-4.69;-4.69;27.06;85
45183;623;41;-4.69;-4.69;27.06;85
45201;623;41;-4.69;-4.69;27.06;85
45210;624;41;-4.69;-4.69;27.06;85
45218;624;41;-4.69;-4.69;27.06;85
45230;625;41;-4.69;-4.69;27.06;85
45241;626;41;-4.69;-4.69;27.06;85
45250;627;41;-4.69;-4.69;27.06;85
45260;627;41;-4.69;-4.69;27.06;85
45270;628;41;-4.69;-4.69;27.06;85
45283;629;41;-4.69;-4.69;27.06;85
45299;630;41;-4.69;-3.91;27.06;85
45311;629;41;-4.69;-3.91;27.06;85
45321;628;41;-4.69;-3.91;27.06;85
45332;627;41;-4.69;-3.91;27.06;85
45341;625;41;-4.69;-3.91;27.06;85
45349;624;41;-4.69;-3.91;27.06;85
45360;623;41;-4.69;-3.91;27.06;85
45371;623;41;-4.69;-3.91;27.06;85
45382;623;41;-4.69;-3.91;27.06;85
45389;623;41;-4.69;-3.91;27.06;85
45401;622;41;-4.69;-3.91;27.06;85
45410;622;41;-4.69;-3.91;27.06;85
45422;622;41;-4.69;-3.91;27.06;85
45431;622;41;-4.69;-3.91;27.45;85
45440;622;41;-4.69;-3.91;27.45;85
45449;622;41;-4.69;-3.91;27.45;85
45460;622;41;-4.69;-3.91;27.45;85
45471;623;41;-3.91;-3.91;27.45;85
45482;623;41;-3.91;-3.91;27.45;85
45490;624;41;-3.91;-3.91;27.45;85
45502;625;41;-3.91;-3.91;27.45;85
45511;626;41;-3.91;-3.91;27.45;85
45520;627;41;-3.91;-3.91;27.45;85
45529;628;41;-3.91;-3.91;27.45;85
45541;629;41;-3.91;-3.91;27.45;85
45550;630;41;-3.91;-3.91;27.06;85
45562;631;41;-3.91;-3.91;27.06;85
45570;632;41;-3.91;-3.91;27.06;85
45584;632;41;-3.91;-3.91;27.06;85
45599;633;41;-3.91;-3.91;27.06;85
45610;634;41;-3.91;-3.91;27.06;85
45619;633;41;-3.91;-3.91;27.06;85
45633;631;41;-3.91;-3.91;27.06;85
45650;630;41;-3.91;-3.91;27.06;85
45661;628;41;-3.91;-3.91;27.06;85
45669;627;41;-3.91;-3.91;27.06;85
45682;625;41;-3.91;-3.91;27.06;85
45690;625;41;-3.91;-3.91;27.06;85
45702;625;41;-3.91;-3.91;27.06;85
45711;625;41;-3.91;-3.91;27.06;85
45719;624;41;-3.91;-3.91;27.06;85
45730;624;41;-3.91;-3.91;27.06;85
45741;624;41;-3.91;-3.91;27.06;85
45751;624;41;-3.91;-3.91;27.06;85
45761;624;41;-3.91;-3.91;27.06;85
45770;625;41;-3.91;-3.91;27.06;85
45783;625;41;-3.91;-3.91;27.06;85
45800;625;41;-3.91;-3.91;27.06;85
45809;626;41;-3.91;-3.91;27.06;85
45820;626;41;-3.91;-3.91;27.06;85
45832;626;41;-3.91;-3.91;27.06;85
45840;626;41;-3.91;-3.91;27.06;85
45849;626;41;-3.91;-3.91;27.06;85
45861;626;41;-3.91;-3.91;27.06;85
45870;626;41;-3.91;-3.91;27.06;85
45883;626;41;-3.91;-3.91;27.06;85
45892;626;41;-3.91;-3.91;27.06;85
45900;626;41;-3.91;-3.91;27.06;85
45911;626;41;-3.91;-3.91;27.06;85
45921;626;41;-3.91;-3.91;27.06;85
45931;625;41;-3.91;-3.91;27.06;85
45940;625;41;-3.91;-3.91;27.06;85
45950;624;41;-3.91;-3.91;27.06;85
45962;623;41;-3.91;-3.91;27.06;85
45971;622;41;-3.91;-3.91;27.06;85
45982;621;41;-3.91;-3.91;27.06;85
46001;620;41;-3.91;-3.91;27.06;85
46010;621;41;-3.91;-3.91;27.06;85
46019;621;41;-3.91;-3.91;27.06;85
46030;622;41;-3.91;-3.91;27.06;85
46040;622;41;-3.91;-3.91;27.06;85
46052;623;41;-3.91;-3.91;27.06;85
46060;623;41;-3.91;-3.91;27.06;85
46072;624;41;-3.91;-3.91;27.06;85
46081;625;41;-3.91;-3.91;27.06;85
46090;625;41;-3.91;-3.91;27.06;85
46099;626;41;-3.91;-3.91;27.06;85
46110;627;41;-3.91;-3.91;27.06;85
46121;628;41;-3.91;-3.91;27.06;85
46131;627;41;-3.91;-3.91;27.06;85
46142;627;41;-3.91;-3.91;27.06;85
46150;627;41;-3.91;-3.91;27.06;85
46162;627;41;-3.91;-3.91;27.06;85
46172;626;41;-3.91;-3.91;27.06;85
46184;626;41;-3.91;-3.91;27.06;85
46199;625;41;-3.91;-3.91;27.06;85
46210;624;41;-3.91;-3.91;27.06;85
46222;623;41;-3.91;-3.91;27.06;85
46230;622;41;-3.91;-3.91;27.06;85
46239;621;41;-3.91;-3.91;27.06;85
46252;620;41;-3.91;-3.91;27.06;85
46260;621;41;-3.91;-3.91;27.06;85
46269;621;41;-3.91;-3.91;27.06;85
46280;622;41;-3.91;-3.91;27.06;85
46289;622;41;-3.91;-3.91;27.06;85
46300;623;41;-3.91;-3.91;27.06;85
46310;623;41;-3.91;-3.91;27.06;85
46320;624;41;-3.91;-3.91;27.06;85
46333;624;41;-3.91;-3.91;27.06;85
46352;625;41;-3.91;-3.91;27.06;85
46363;625;41;-3.91;-3.91;27.06;85
46371;626;41;-3.91;-3.91;27.06;85
46382;626;41;-3.91;-3.91;27.06;85
46391;626;41;-3.91;-3.91;27.06;85
46400;626;41;-3.91;-3.91;27.06;85
46410;626;41;-3.91;-3.91;27.06;85
46422;626;41;-3.91;-3.91;27.06;85
46431;626;41;-3.91;-3.91;27.06;85
46441;626;41;-3.91;-3.91;27.06;85
46449;625;41;-3.91;-3.91;27.06;85
46461;625;41;-3.91;-3.91;27.06;85
46472;624;41;-3.91;-3.91;27.06;85
46482;624;41;-3.91;-3.91;27.06;85
46490;624;41;-3.91;-3.91;27.06;85
46501;623;41;-3.91;-3.91;27.06;85
46510;624;41;-3.91;-3.91;27.06;85
46520;625;41;-3.91;-3.91;27.06;85
46530;625;41;-3.91;-3.91;27.06;85
46541;626;41;-3.91;-3.91;27.06;85
46549;627;41;-3.13;-3.91;27.06;85
46561;627;41;-3.13;-3.91;27.06;85
46572;628;41;-3.13;-3.91;27.45;85
46584;628;41;-3.13;-3.91;27.45;85
46600;629;41;-3.13;-3.91;27.45;85
46611;629;41;-3.13;-3.91;27.45;85
46619;629;41;-3.13;-3.91;27.45;85
46630;630;41;-3.13;-3.91;27.45;85
46642;630;41;-3.13;-3.91;27.06;85
46651;629;41;-3.13;-3.91;27.06;85
46660;629;41;-3.13;-3.91;27.06;85
46671;629;41;-3.13;-3.91;27.06;85
46682;629;41;-3.13;-3.91;27.06;85
46691;629;41;-3.13;-3.91;27.06;85
46702;629;41;-3.13;-3.91;27.06;85
46711;629;41;-3.13;-3.91;27.06;85
46721;629;41;-3.13;-3.91;27.06;85
46730;628;41;-3.13;-3.91;27.06;85
46741;628;41;-3.13;-3.91;27.06;85
46752;628;41;-3.13;-3.91;27.06;85
46760;627;41;-3.13;-3.91;27.06;85
46772;627;41;-3.13;-3.91;27.06;85
46784;626;41;-3.13;-3.91;27.06;85
46801;625;41;-3.13;-3.91;27.06;85
46812;624;41;-3.13;-3.91;27.06;85
46823;624;41;-3.13;-3.91;27.06;85
46832;624;41;-3.13;-3.91;27.06;85
46841;625;41;-3.13;-3.91;27.06;85
46852;625;41;-3.13;-3.91;27.06;85
46860;626;41;-3.13;-3.91;27.06;85
46872;626;41;-3.13;-3.91;27.06;85
46881;627;41;-3.13;-3.91;27.06;85
46890;627;41;-3.13;-3.91;27.06;85
46902;627;41;-3.13;-3.91;27.06;85
46911;627;41;-3.13;-3.91;27.06;85
46920;627;41;-3.13;-3.91;27.06;85
46930;627;41;-3.13;-3.91;27.06;85
46940;627;41;-3.13;-3.91;27.06;85
46951;627;41;-3.13;-3.91;27.06;85
46960;628;41;-3.13;-3.91;27.06;85
46972;628;41;-3.13;-3.91;27.06;85
46983;628;41;-3.13;-3.91;27.06;85
47001;629;41;-3.13;-3.91;27.06;85
47012;629;41;-3.13;-3.91;27.06;85
47022;629;41;-3.13;-3.91;27.06;85
47031;628;41;-3.13;-3.91;27.06;85
47042;628;41;-3.13;-3.91;27.06;85
47051;627;41;-3.13;-3.91;27.06;85
47060;627;41;-3.13;-3.91;27.06;85
47069;627;41;-3.13;-3.91;27.06;85
47083;626;41;-3.13;-3.91;27.06;85
47102;625;41;-3.13;-3.91;27.06;85
47108;624;41;-3.13;-3.91;27.06;85
47122;623;41;-3.13;-3.91;27.06;85
47130;622;41;-3.13;-3.91;27.06;85
47142;621;41;-3.13;-3.13;27.06;85
47150;622;41;-3.13;-3.13;27.06;85
47162;623;41;-3.13;-3.13;27.06;85
47168;624;41;-3.13;-3.13;27.06;85
47183;624;41;-3.13;-3.13;27.06;85
47201;625;41;-3.13;-3.13;27.06;85
47211;626;41;-3.13;-3.13;27.06;85
47220;627;41;-3.13;-3.13;27.06;85
47230;628;41;-3.13;-3.13;27.06;85
47241;629;41;-3.13;-3.13;27.06;85
47249;630;41;-3.13;-3.13;27.06;85
47263;632;41;-3.13;-3.13;27.06;85
47281;633;41;-3.13;-3.13;27.06;85
47293;632;41;-3.13;-3.13;27.06;85
47309;631;41;-3.13;-3.13;27.06;85
47320;631;41;-3.13;-3.13;27.06;85
47332;630;41;-3.13;-3.13;27.06;85
47340;630;41;-3.13;-3.13;27.06;85
47349;629;41;-3.13;-3.13;27.06;85
47359;629;41;-3.13;-3.13;27.06;85
47371;628;41;-3.13;-3.13;27.06;85
47382;628;41;-3.13;-3.13;27.06;85
47388;627;41;-3.13;-3.13;27.06;85
47402;627;41;-3.13;-3.13;27.06;85
47408;626;41;-3.13;-3.13;27.06;85
47422;626;41;-3.13;-3.13;27.06;85
47430;626;41;-3.13;-3.13;27.06;85
47440;625;41;-3.13;-3.13;27.06;85
47451;625;41;-3.13;-3.13;27.06;85
47462;625;41;-3.13;-3.13;27.06;85
47470;624;41;-3.13;-3.13;27.06;85
47483;624;41;-3.13;-3.13;27.06;85
47489;623;41;-3.13;-3.13;27.06;85
47501;623;41;-3.13;-3.13;27.06;85
47510;622;41;-3.13;-3.13;27.06;85
47521;622;41;-3.13;-3.13;27.06;85
47531;622;41;-3.13;-3.13;27.06;85
47540;623;41;-3.13;-3.13;27.06;85
47549;624;41;-3.13;-3.13;27.06;85
47562;625;41;-3.13;-3.13;27.06;85
47568;626;41;-3.13;-3.13;27.06;85
47584;628;41;-3.13;-3.13;27.06;85
47603;629;41;-3.13;-3.13;27.06;85
47622;628;41;-3.13;-3.13;27.06;85
47631;628;41;-3.13;-3.13;27.06;85
47642;627;41;-3.13;-3.13;27.06;85
47648;627;41;-3.13;-3.13;27.06;85
47662;626;41;-3.13;-3.13;27.06;85
47670;625;41;-3.13;-3.13;27.06;85
47682;624;41;-3.13;-3.13;27.06;85
47691;624;41;-3.13;-3.13;27.06;85
47701;623;41;-3.13;-3.13;27.06;85
47710;622;41;-3.13;-3.13;27.06;85
47721;621;41;-3.13;-3.13;27.06;85
47730;620;41;-3.13;-3.91;27.06;85
47740;621;41;-3.13;-3.91;27.06;85
47749;622;41;-3.13;-3.91;27.06;85
47758;623;41;-3.13;-3.91;27.06;85
47772;624;41;-3.13;-3.91;27.06;85
47781;626;41;-3.91;-3.91;27.06;85
47791;627;41;-3.91;-3.91;27.06;85
47803;627;41;-3.91;-3.91;27.06;85
47822;628;41;-3.91;-3.91;27.06;85
47830;629;41;-3.91;-3.91;27.06;85
47839;630;41;-3.91;-3.91;27.06;85
47851;631;41;-3.91;-3.91;27.06;85
47860;632;41;-3.91;-3.91;27.06;85
47871;631;41;-3.91;-3.91;27.06;85
47880;631;41;-3.91;-3.91;27.06;85
47889;631;41;-3.91;-3.91;27.06;85
47901;631;41;-3.91;-3.91;27.06;85
47910;630;41;-3.91;-3.91;27.06;85
47922;630;41;-3.91;-3.91;27.06;85
47933;630;41;-3.91;-3.91;27.06;85
47950;630;41;-3.91;-3.91;27.06;85
47960;630;41;-3.91;-3.91;27.06;85
47969;629;41;-3.91;-3.91;27.06;85
47982;629;41;-3.91;-3.91;27.06;85
47990;629;41;-3.91;-3.91;27.06;85
47998;629;41;-3.91;-3.91;27.06;85
48009;629;41;-3.91;-3.91;27.06;85
48023;629;41;-3.91;-3.91;27.06;85
48039;629;41;-3.91;-3.91;27.06;85
48050;629;41;-3.91;-3.91;27.06;85
48060;629;41;-3.91;-3.91;27.06;85
48069;629;41;-3.91;-3.91;27.06;85
48082;629;41;-3.91;-3.91;27.06;85
48100;628;41;-3.91;-3.91;27.06;85
48108;628;41;-3.91;-3.91;27.06;85
48120;628;41;-3.91;-3.91;27.06;85
48132;627;41;-3.91;-3.91;27.06;85
48139;628;41;-3.91;-3.91;27.06;85
48150;629;41;-3.91;-3.91;27.06;85
48160;629;41;-3.91;-3.91;27.06;85
48169;630;41;-3.91;-3.91;27.06;85
48182;631;41;-3.91;-3.91;27.06;85
48200;632;41;-3.91;-3.91;27.06;85
48210;630;41;-3.91;-3.91;27.06;85
48222;629;41;-3.91;-3.91;27.06;85
48231;628;41;-3.91;-3.91;27.06;85
48239;627;41;-3.91;-3.91;27.06;85
48251;626;41;-3.13;-3.91;27.06;85
48260;625;41;-3.13;-3.91;27.06;85
48269;625;41;-3.13;-3.91;26.67;85
48280;625;41;-3.13;-3.91;26.67;85
48288;625;41;-3.13;-3.91;26.67;85
48299;625;41;-3.13;-3.91;26.67;85
48310;625;41;-3.13;-3.91;26.67;85
48320;625;41;-3.13;-3.91;26.67;85
48329;626;41;-3.13;-3.91;27.06;85
48340;627;41;-3.13;-3.91;27.06;85
48351;628;41;-3.13;-3.91;27.06;85
48359;629;41;-3.13;-3.91;27.06;85
48370;630;41;-3.13;-3.91;27.06;85
48381;631;41;-3.13;-3.91;27.06;85
48390;630;41;-3.13;-3.91;27.06;85
48399;630;41;-3.13;-3.91;27.06;85
48409;629;41;-3.13;-3.91;27.06;85
48420;628;41;-3.13;-3.91;27.06;85
48428;627;41;-3.13;-3.91;27.06;85
48440;627;41;-3.13;-3.91;27.06;85
48449;625;41;-3.13;-3.91;27.06;85
48458;623;41;-3.13;-3.91;27.06;85
48469;622;41;-3.13;-3.91;27.06;85
48481;620;41;-3.13;-3.91;27.06;85
48490;618;41;-3.13;-3.91;27.06;85
48500;617;41;-3.13;-3.91;27.06;85
48509;617;41;-3.13;-3.91;27.06;85
48520;617;41;-3.13;-3.91;27.06;85
48528;617;41;-3.13;-3.91;27.06;85
48541;617;41;-3.13;-3.91;27.06;85
48550;617;41;-3.91;-3.91;27.06;85
48560;618;41;-3.91;-3.91;27.06;85
48569;618;41;-3.91;-3.91;27.06;85
48585;618;41;-3.91;-3.91;27.06;85
48602;619;41;-3.91;-3.91;27.06;85
48612;619;41;-3.91;-3.91;27.06;85
48621;620;41;-3.91;-3.91;27.06;85
48632;620;41;-3.91;-3.91;27.06;85
48641;620;41;-3.91;-3.91;27.45;85
48650;621;41;-3.91;-3.91;27.45;85
48659;622;41;-3.91;-3.91;27.45;85
48670;622;41;-3.91;-3.91;27.45;85
48682;623;41;-3.91;-3.91;27.45;85
48690;623;41;-3.91;-3.91;27.45;85
48699;624;41;-3.91;-3.91;27.45;85
48711;625;41;-3.91;-3.91;27.45;85
48720;625;41;-3.91;-3.91;27.45;85
48732;626;41;-3.91;-3.91;27.45;85
48741;627;41;-3.91;-3.91;27.45;85
48749;627;41;-3.91;-3.91;27.45;85
48758;627;41;-3.91;-3.91;27.45;85
48771;627;41;-3.91;-3.91;27.45;85
48784;627;41;-3.91;-3.91;27.45;85
48801;627;41;-3.91;-3.91;27.45;85
48810;627;41;-3.91;-3.91;27.45;85
48820;627;41;-3.91;-3.91;27.45;85
48829;625;41;-3.91;-3.91;27.45;85
48840;624;41;-3.91;-3.91;27.45;85
48848;623;41;-3.91;-3.91;27.45;85
48858;621;41;-3.91;-3.91;27.45;85
48870;620;41;-3.91;-3.91;27.45;85
48880;618;41;-3.91;-3.91;27.45;85
48890;620;41;-3.91;-3.91;27.45;85
48901;621;41;-3.91;-3.91;27.45;85
48910;622;41;-3.91;-3.91;27.45;85
48920;623;41;-3.91;-3.91;27.45;85
48929;624;41;-3.91;-3.91;27.45;85
48939;625;41;-3.91;-3.91;27.45;85
48949;626;41;-3.91;-3.91;27.45;85
48962;626;41;-3.91;-3.91;27.45;85
48971;626;41;-3.91;-3.91;27.45;85
48983;626;41;-3.91;-3.91;27.45;85
49000;626;41;-3.91;-3.91;27.45;85
49010;626;41;-3.91;-3.91;27.45;85
49021;626;41;-3.91;-3.91;27.45;85
49032;627;41;-3.91;-3.91;27.45;85
49040;627;41;-3.91;-3.91;27.45;85
49054;627;41;-3.91;-3.91;27.45;85
49071;628;41;-3.13;-3.91;27.45;85
49083;628;41;-3.13;-3.91;27.45;85
49101;628;41;-3.13;-3.91;27.45;85
49110;628;41;-3.13;-3.91;27.45;85
49120;628;41;-3.13;-3.91;27.45;85
49133;628;41;-3.13;-3.91;27.45;85
49148;628;41;-3.13;-3.91;27.45;85
49161;628;41;-3.13;-3.91;27.45;85
49170;628;41;-3.13;-3.91;27.45;85
49184;628;41;-3.13;-3.91;27.45;85
49201;628;41;-3.13;-3.91;27.45;85
49209;628;41;-3.13;-3.91;27.45;85
49221;628;41;-3.13;-3.91;27.45;85
49232;628;41;-3.13;-3.13;27.45;85
49239;628;41;-3.13;-3.13;27.45;85
49251;627;41;-3.13;-3.13;27.45;85
49260;627;41;-3.13;-3.13;27.45;85
49269;626;41;-3.13;-3.13;27.45;85
49281;625;41;-3.13;-3.13;27.45;85
49289;625;41;-3.13;-3.13;27.45;85
49301;626;41;-3.13;-3.13;27.45;85
49309;626;41;-3.13;-3.13;27.45;85
49320;627;41;-3.13;-3.13;27.45;85
49329;628;41;-3.13;-3.13;27.45;85
49342;628;41;-2.34;-3.13;27.45;85
49350;629;41;-2.34;-3.13;27.45;85
49359;630;41;-2.34;-3.13;27.45;85
49370;631;41;-2.34;-3.13;27.45;85
49383;631;41;-2.34;-3.13;27.45;85
49400;632;41;-2.34;-3.13;27.45;85
49412;633;41;-2.34;-3.13;27.45;85
49421;634;41;-2.34;-3.13;27.45;85
49433;634;41;-2.34;-3.13;27.45;85
49450;634;41;-2.34;-3.13;27.45;85
49462;635;41;-2.34;-3.13;27.45;85
49471;635;41;-2.34;-3.13;27.45;85
49483;635;41;-3.13;-3.13;27.45;85
49499;635;41;-3.13;-3.13;27.45;85
49510;635;41;-3.13;-3.13;27.45;85
49520;635;41;-3.13;-3.13;27.45;85
49530;635;41;-3.13;-3.13;27.45;85
49541;635;41;-3.13;-3.13;27.45;85
49549;635;41;-3.13;-3.13;27.45;85
49559;635;41;-3.13;-3.13;27.45;85
49570;636;41;-3.13;-3.13;27.45;85
49583;637;41;-3.13;-3.13;27.45;85
49599;637;41;-3.13;-3.13;27.45;85
49611;638;41;-3.13;-3.13;27.45;85
49621;639;41;-3.13;-3.13;27.45;85
49630;640;41;-3.13;-3.13;27.45;85
49639;641;41;-3.13;-3.13;27.45;85
49650;641;41;-3.13;-3.13;27.45;85
49660;642;41;-3.13;-3.13;27.45;85
49669;642;41;-3.13;-3.13;27.45;85
49681;642;41;-3.13;-3.13;27.45;85
49690;643;41;-3.13;-3.13;27.45;85
49700;642;41;-3.13;-3.13;27.45;85
49711;641;41;-3.13;-3.13;27.45;85
49720;640;41;-3.13;-3.13;27.45;85
49728;639;41;-3.13;-3.13;27.45;85
49739;638;41;-3.13;-3.13;27.45;85
49749;637;41;-3.13;-3.13;27.45;85
49759;638;41;-3.13;-3.13;27.06;85
49770;638;41;-3.13;-3.13;27.06;85
49782;638;41;-3.13;-3.13;27.06;85
49791;638;41;-3.13;-3.13;27.06;85
49799;638;41;-3.13;-3.13;27.06;85
49810;639;41;-3.13;-3.13;27.06;85
49819;639;41;-3.13;-3.13;27.06;85
49831;639;41;-3.13;-3.13;27.06;85
49840;639;41;-3.13;-3.13;27.06;85
49851;639;41;-3.13;-3.13;27.06;85
49861;639;41;-3.13;-3.13;27.06;85
49873;639;41;-3.13;-3.13;27.06;85
49892;639;41;-3.13;-3.13;27.06;85
49901;639;41;-3.13;-3.13;27.06;85
49909;639;41;-3.13;-3.13;27.06;85
49921;640;41;-3.13;-3.13;27.06;85
49933;640;41;-3.13;-3.13;27.06;85
49950;640;41;-3.13;-2.34;27.06;85
49959;641;41;-3.13;-2.34;27.45;85
49970;641;41;-3.13;-2.34;27.45;85
49982;642;41;-3.13;-2.34;27.45;85
49990;642;41;-3.13;-2.34;27.45;85
50000;643;41;-2.34;-2.34;27.45;85
50010;643;41;-2.34;-2.34;27.45;85
50022;644;41;-2.34;-2.34;27.06;85
50030;645;41;-2.34;-2.34;27.06;85
50039;646;41;-2.34;-2.34;27.06;85
50054;647;41;-2.34;-2.34;27.06;85
50071;648;41;-2.34;-2.34;27.06;85
50082;649;41;-2.34;-2.34;27.06;85
50090;648;41;-2.34;-2.34;27.06;85
50099;647;41;-2.34;-2.34;27.06;85
50110;646;41;-2.34;-2.34;27.06;85
50123;644;41;-2.34;-2.34;27.06;85
50142;643;41;-3.13;-2.34;27.06;85
50161;642;41;-3.13;-2.34;27.06;85
50169;641;41;-3.13;-2.34;27.06;85
50182;641;41;-3.13;-2.34;27.06;85
50189;640;41;-3.13;-2.34;27.06;85
50200;640;41;-3.13;-2.34;27.06;85
50211;639;41;-3.13;-2.34;27.06;85
50219;638;41;-3.13;-2.34;27.06;85
50231;640;41;-3.13;-2.34;27.45;85
50240;641;41;-3.13;-2.34;27.45;85
50250;642;41;-3.13;-2.34;27.45;85
50259;644;41;-3.13;-2.34;27.45;85
50271;645;41;-3.13;-2.34;27.45;85
50283;646;41;-3.13;-2.34;27.45;85
50301;647;41;-3.13;-2.34;27.45;85
50310;647;41;-3.13;-2.34;27.45;85
50319;648;41;-3.13;-2.34;27.45;85
50331;648;41;-3.13;-2.34;27.45;85
50339;649;41;-3.13;-2.34;27.45;85
50351;649;41;-3.13;-2.34;27.45;85
50359;650;41;-3.13;-2.34;27.45;85
50371;650;41;-3.13;-2.34;27.45;85
50383;650;41;-3.13;-2.34;27.45;85
50400;650;41;-3.13;-2.34;27.45;85
50409;651;41;-2.34;-2.34;27.45;85
50421;651;41;-2.34;-2.34;27.45;85
50430;651;41;-2.34;-2.34;27.45;85
50441;650;41;-2.34;-2.34;27.45;85
50450;650;41;-2.34;-2.34;27.45;85
50459;650;41;-2.34;-2.34;27.45;85
50470;649;41;-2.34;-2.34;27.45;85
50480;649;41;-2.34;-3.13;27.45;85
50492;649;41;-2.34;-3.13;27.45;85
50500;649;41;-2.34;-3.13;27.45;85
50511;650;41;-2.34;-3.13;27.45;85
50520;650;41;-2.34;-3.13;27.45;85
50531;650;41;-2.34;-3.13;27.45;85
50539;651;41;-2.34;-3.13;27.45;85
50551;652;41;-2.34;-3.13;27.45;85
50561;652;41;-2.34;-3.13;27.45;85
50571;653;41;-2.34;-3.13;27.45;85
50585;654;41;-2.34;-3.13;27.45;85
50600;655;41;-2.34;-3.13;27.45;85
50611;656;41;-2.34;-3.13;27.45;85
50619;656;41;-2.34;-3.13;27.45;85
50631;655;41;-2.34;-3.13;27.45;85
50641;655;41;-2.34;-3.13;27.45;85
50649;655;41;-2.34;-3.13;27.45;85
50661;654;41;-2.34;-3.13;27.45;85
50670;654;41;-2.34;-3.13;27.45;85
50682;654;41;-2.34;-3.13;27.06;85
50691;654;41;-2.34;-3.13;27.06;85
50701;654;41;-2.34;-3.13;27.06;85
50709;654;41;-2.34;-3.13;27.06;85
50719;654;41;-2.34;-3.13;27.06;85
50730;654;41;-2.34;-3.13;27.06;85
50741;655;41;-2.34;-3.13;27.06;85
50750;655;41;-2.34;-3.13;27.06;85
50761;656;41;-2.34;-3.13;27.06;85
50771;657;41;-2.34;-3.13;27.06;85
50784;657;41;-2.34;-3.13;27.06;85
50799;658;41;-2.34;-3.13;27.06;85
50810;658;41;-2.34;-3.13;27.06;85
50821;658;41;-2.34;-3.13;27.06;85
50834;658;41;-2.34;-3.13;27.06;85
50852;658;41;-2.34;-3.13;27.06;85
50859;658;41;-2.34;-3.13;27.06;85
50871;658;41;-2.34;-3.13;27.06;85
50879;658;41;-2.34;-3.13;27.06;85
50891;658;41;-2.34;-3.13;27.06;85
50901;658;41;-2.34;-3.13;27.06;85
50909;658;41;-2.34;-3.13;27.06;85
50920;658;41;-2.34;-3.13;27.06;85
50932;658;41;-2.34;-3.13;27.06;85
50941;658;41;-2.34;-3.13;27.06;85
50952;657;41;-2.34;-3.13;27.06;85
50959;657;41;-2.34;-3.13;27.06;85
50971;657;41;-2.34;-3.13;27.06;85
50982;656;41;-2.34;-3.13;27.06;85
50991;656;41;-2.34;-3.13;27.06;85
51000;656;41;-2.34;-3.13;27.06;85
51011;656;41;-2.34;-3.13;27.06;85
51021;656;41;-2.34;-3.13;27.06;85
51027;657;41;-2.34;-3.13;27.06;85
51041;657;41;-2.34;-3.13;27.06;85
51052;657;41;-2.34;-3.13;27.06;85
51061;658;41;-2.34;-3.13;27.06;85
51071;659;41;-2.34;-3.13;27.06;85
51082;660;41;-2.34;-3.13;27.06;85
51101;660;41;-2.34;-3.13;27.06;85
51110;661;41;-2.34;-3.13;27.06;85
51121;662;41;-2.34;-3.13;27.06;85
51131;663;41;-2.34;-3.13;27.06;85
51140;664;41;-2.34;-3.13;27.06;85
51151;665;41;-2.34;-3.13;27.06;85
51162;666;41;-2.34;-3.13;27.06;85
51182;667;41;-2.34;-3.13;27.06;85
51190;668;41;-2.34;-3.13;27.06;85
51199;666;41;-2.34;-3.13;27.06;85
51212;664;41;-2.34;-3.13;27.06;85
51230;662;41;-2.34;-3.13;27.06;85
51241;660;41;-2.34;-3.13;27.06;85
51250;658;41;-2.34;-3.13;27.06;85
51259;656;41;-2.34;-3.13;27.06;85
51267;656;41;-2.34;-3.13;27.06;85
51281;657;41;-2.34;-3.13;27.06;85
51289;658;41;-2.34;-3.13;27.06;85
51301;659;41;-2.34;-3.13;27.06;85
51310;660;41;-2.34;-3.13;27.06;85
51320;661;41;-2.34;-3.13;27.06;85
51333;662;41;-2.34;-3.13;27.06;85
51349;663;41;-2.34;-3.13;27.06;85
51362;664;41;-2.34;-3.13;27.06;85
51370;666;41;-2.34;-3.13;27.06;85
51381;667;41;-2.34;-3.13;27.06;85
51390;668;41;-2.34;-3.13;27.06;85
51401;668;41;-2.34;-3.13;27.06;85
51412;668;41;-2.34;-3.13;27.06;85
51420;668;41;-2.34;-3.13;27.06;85
51432;668;41;-2.34;-3.13;27.06;85
51439;668;41;-2.34;-3.13;27.06;85
51448;668;41;-2.34;-3.13;27.06;85
51461;668;41;-2.34;-3.13;27.06;85
51469;668;41;-2.34;-3.13;27.06;85
51481;668;41;-2.34;-3.13;27.06;85
51491;668;41;-2.34;-3.13;27.06;85
51501;669;41;-2.34;-3.13;27.06;85
51512;669;41;-2.34;-3.13;27.06;85
51521;669;41;-2.34;-3.13;27.06;85
51528;670;41;-2.34;-3.13;27.06;85
51541;670;41;-2.34;-3.13;27.06;85
51550;671;41;-2.34;-3.13;27.06;85
51558;671;41;-2.34;-3.13;27.06;85
51569;672;41;-2.34;-3.13;27.06;85
51585;672;41;-2.34;-3.13;27.06;85
51601;672;41;-2.34;-3.13;27.06;85
51610;672;41;-2.34;-3.13;27.06;85
51618;673;41;-2.34;-3.13;27.06;85
51630;673;41;-2.34;-3.13;27.06;85
51640;673;41;-2.34;-3.13;27.06;85
51648;673;41;-2.34;-3.13;27.06;85
51662;673;41;-2.34;-3.13;27.06;85
51680;673;41;-2.34;-3.13;27.06;85
51688;672;41;-2.34;-3.13;27.06;85
51700;672;41;-2.34;-3.13;27.06;85
51712;672;41;-2.34;-3.13;27.06;85
51721;671;41;-2.34;-3.13;27.06;85
51730;671;41;-2.34;-3.13;27.06;85
51739;670;41;-2.34;-3.13;27.06;85
51749;669;41;-2.34;-3.13;27.06;85
51761;669;41;-2.34;-3.13;27.06;85
51769;668;41;-2.34;-3.13;27.06;85
51783;669;41;-2.34;-3.13;27.06;85
51800;670;41;-2.34;-3.13;27.06;85
51810;672;41;-2.34;-3.13;27.06;85
51821;673;41;-2.34;-3.13;27.06;85
51828;674;41;-1.56;-3.13;27.06;85
51838;675;41;-1.56;-3.13;27.06;85
51849;675;41;-1.56;-3.13;27.06;85
51860;675;41;-1.56;-3.13;27.06;85
51869;676;41;-1.56;-3.13;27.06;85
51880;676;41;-1.56;-3.13;27.06;85
51888;676;41;-1.56;-3.13;27.06;85
51901;676;41;-1.56;-3.13;27.06;85
51911;675;41;-1.56;-3.13;27.06;85
51920;674;41;-1.56;-3.13;27.06;85
51929;674;41;-1.56;-3.13;27.06;85
51941;673;41;-1.56;-3.13;27.06;85
51951;672;41;-1.56;-3.13;27.06;85
51961;671;41;-1.56;-3.13;27.06;85
51969;671;41;-1.56;-3.13;27.06;85
51980;671;41;-1.56;-3.13;27.06;85
51989;672;41;-1.56;-3.13;27.06;85
51999;672;41;-1.56;-3.13;27.06;85
52012;672;41;-1.56;-3.13;27.06;85
52020;672;41;-1.56;-3.13;27.06;85
52030;672;41;-1.56;-3.13;27.06;85
52038;672;41;-1.56;-3.13;27.06;85
52051;671;41;-1.56;-3.13;27.06;85
52060;671;41;-1.56;-3.13;27.06;85
52069;671;41;-1.56;-3.13;27.06;85
52083;670;41;-1.56;-3.13;27.06;85
52098;669;41;-1.56;-3.13;27.06;85
52112;668;41;-1.56;-3.13;27.06;85
52119;666;41;-1.56;-3.13;27.06;85
52130;665;41;-1.56;-3.13;27.06;85
52142;664;41;-1.56;-3.13;27.06;85
52149;663;41;-1.56;-2.34;27.06;85
52159;663;41;-1.56;-2.34;27.45;85
52170;663;41;-1.56;-2.34;27.45;85
52182;663;41;-1.56;-2.34;27.45;85
52191;663;41;-1.56;-2.34;27.45;85
52200;664;41;-1.56;-2.34;27.45;85
52213;664;41;-1.56;-2.34;27.45;85
52228;665;41;-1.56;-2.34;27.45;85
52238;667;41;-1.56;-2.34;27.45;85
52250;668;41;-1.56;-2.34;27.45;85
52260;669;41;-1.56;-2.34;27.45;85
52269;671;41;-1.56;-2.34;27.45;85
52280;672;41;-1.56;-2.34;27.45;85
52289;673;41;-1.56;-2.34;27.45;85
52299;673;41;-1.56;-2.34;27.45;85
52312;673;41;-1.56;-2.34;27.45;85
52318;674;41;-1.56;-2.34;27.45;85
52330;674;41;-1.56;-2.34;27.45;85
52340;675;41;-1.56;-2.34;27.45;85
52349;675;41;-1.56;-2.34;27.45;85
52359;676;41;-1.56;-2.34;27.45;85
52369;676;41;-1.56;-2.34;27.45;85
52382;676;41;-1.56;-2.34;27.45;85
52390;677;41;-1.56;-2.34;27.45;85
52399;677;41;-1.56;-2.34;27.45;85
52410;677;41;-1.56;-2.34;27.45;85
52419;676;41;-1.56;-2.34;27.45;85
52428;676;41;-1.56;-2.34;27.45;85
52438;675;41;-1.56;-2.34;27.45;85
52450;675;41;-0.78;-2.34;27.45;85
52458;674;41;-0.78;-2.34;27.45;85
52470;674;41;-0.78;-2.34;27.45;85
52481;673;41;-0.78;-2.34;27.45;85
52489;673;41;-0.78;-2.34;27.45;85
52502;673;41;-0.78;-2.34;27.45;85
52511;672;41;-0.78;-2.34;27.45;85
52520;672;41;-0.78;-2.34;27.45;85
52530;673;41;-0.78;-2.34;27.45;85
52539;674;41;-0.78;-2.34;27.45;85
52550;675;41;-0.78;-2.34;27.45;85
52558;676;41;-0.78;-2.34;27.45;85
52570;677;41;-0.78;-2.34;27.45;85
52586;678;41;-0.78;-2.34;27.45;85
52603;678;41;-0.78;-2.34;27.45;85
52621;679;41;-0.78;-2.34;27.45;85
52628;680;41;-0.78;-2.34;27.45;85
52638;681;41;-0.78;-2.34;27.45;85
52649;681;41;-0.78;-2.34;27.45;85
52658;682;41;-0.78;-2.34;27.45;85
52669;681;41;-0.78;-2.34;27.45;85
52681;681;41;-0.78;-2.34;27.45;85
52688;680;41;-0.78;-2.34;27.45;85
52700;679;41;-0.78;-2.34;27.45;85
52712;679;41;-0.78;-2.34;27.45;85
52720;678;41;-0.78;-2.34;27.45;85
52731;678;41;-0.78;-2.34;27.06;85
52741;678;41;-0.78;-2.34;27.06;85
52749;679;41;-0.78;-2.34;27.06;85
52758;679;41;-0.78;-2.34;27.06;85
52771;679;41;-0.78;-2.34;27.06;85
52781;679;41;-0.78;-2.34;27.06;85
52790;679;41;-0.78;-2.34;27.06;85
52798;679;41;-0.78;-2.34;27.06;85
52810;678;41;-0.78;-2.34;27.06;85
52819;678;41;-0.78;-2.34;27.06;85
52829;678;41;-0.78;-2.34;27.06;85
52840;678;41;-0.78;-1.56;27.06;85
52848;678;41;-0.78;-1.56;27.06;85
52859;678;41;-0.78;-1.56;27.06;85
52871;679;41;-0.78;-1.56;27.06;85
52881;679;41;-0.78;-1.56;27.06;85
52891;680;41;0.00;-1.56;27.06;85
52900;680;41;0.00;-1.56;27.06;85
52911;680;41;0.00;-1.56;27.06;85
52919;680;41;0.00;-1.56;27.06;85
52931;680;41;0.00;-1.56;27.06;85
52939;680;41;0.00;-1.56;27.06;85
52949;680;41;0.00;-1.56;27.06;85
52960;679;41;0.00;-2.34;27.06;85
52969;680;41;0.00;-2.34;27.06;85
52983;680;41;0.00;-2.34;27.06;85
53000;681;41;0.00;-2.34;27.06;85
53012;681;41;0.00;-2.34;27.06;85
53023;681;41;0.00;-2.34;27.06;85
53038;682;41;0.00;-2.34;27.06;85
53050;681;41;0.00;-2.34;26.67;85
53059;680;41;0.00;-2.34;26.67;85
53071;679;41;0.00;-2.34;26.67;85
53081;679;41;0.00;-2.34;26.67;85
53090;678;41;0.00;-2.34;26.67;85
53099;677;41;0.00;-2.34;26.67;85
53111;677;41;0.00;-2.34;26.67;85
53119;677;41;0.00;-2.34;26.67;85
53131;677;41;0.00;-2.34;26.67;85
53143;678;41;0.00;-2.34;26.67;85
53161;678;41;0.00;-2.34;26.67;85
53170;678;41;0.00;-2.34;26.67;85
53181;679;41;0.00;-2.34;26.67;85
53190;679;41;0.00;-2.34;26.67;85
53201;680;41;0.00;-2.34;26.67;85
53210;681;41;0.00;-2.34;26.67;85
53219;681;41;0.00;-2.34;26.67;85
53229;682;41;0.00;-2.34;26.67;85
53240;682;41;0.00;-2.34;26.67;85
53249;683;41;0.00;-2.34;26.67;85
53261;683;41;0.00;-2.34;26.67;85
53270;683;41;0.00;-2.34;26.67;85
53283;684;41;0.00;-2.34;26.67;85
53300;684;41;0.00;-2.34;26.67;85
53311;684;41;0.00;-2.34;26.67;85
53319;684;41;0.00;-2.34;26.67;85
53332;684;41;0.00;-2.34;26.67;85
53340;684;41;0.00;-2.34;26.67;85
53349;684;41;0.00;-2.34;26.67;85
53361;683;41;0.00;-2.34;26.67;85
53370;684;41;0.00;-2.34;26.67;85
53382;684;41;0.00;-2.34;26.67;85
53390;684;41;0.00;-2.34;26.67;85
53400;684;41;0.00;-2.34;26.67;85
53412;685;41;0.00;-2.34;26.67;85
53420;685;41;0.00;-2.34;26.67;85
53432;684;41;0.00;-2.34;26.27;85
53448;684;41;0.00;-2.34;26.27;85
53461;683;41;0.00;-2.34;26.27;85
53472;682;41;0.00;-2.34;26.27;85
53482;682;41;0.00;-2.34;26.27;85
53489;681;41;0.00;-2.34;26.27;85
53500;681;41;0.00;-2.34;26.27;85
53510;682;41;0.00;-2.34;26.27;85
53520;682;41;0.00;-2.34;26.27;85
53532;682;41;0.00;-2.34;26.27;85
53541;683;41;-0.78;-2.34;26.27;85
53550;683;41;-0.78;-2.34;26.27;85
53560;683;41;-0.78;-2.34;26.27;85
53569;682;41;-0.78;-2.34;26.27;85
53585;682;41;-0.78;-2.34;26.27;85
53600;681;41;-0.78;-2.34;26.27;85
53612;681;41;-0.78;-2.34;26.27;85
53620;681;41;-0.78;-2.34;26.27;85
53628;681;41;-0.78;-2.34;26.27;85
53640;682;41;-0.78;-2.34;26.27;85
53650;683;41;-0.78;-2.34;26.27;85
53659;684;41;-0.78;-2.34;26.27;85
53671;685;41;-0.78;-2.34;26.27;85
53682;685;41;-0.78;-2.34;26.27;85
53690;685;41;-0.78;-2.34;26.27;85
53702;685;41;-0.78;-2.34;26.27;85
53711;685;41;-0.78;-2.34;26.27;85
53720;685;41;-0.78;-2.34;26.27;85
53730;684;41;-0.78;-2.34;26.27;85
53738;684;41;-0.78;-2.34;26.27;85
53751;684;41;-0.78;-2.34;26.27;85
53760;684;41;-0.78;-2.34;26.27;85
53769;684;41;-0.78;-2.34;26.27;85
53782;683;41;-0.78;-2.34;26.27;85
53790;683;41;-1.56;-2.34;26.27;85
53798;683;41;-1.56;-2.34;26.27;85
53810;683;41;-1.56;-2.34;26.27;85
53820;682;41;-1.56;-2.34;26.27;85
53831;682;41;-1.56;-2.34;26.27;85
53840;682;41;-1.56;-2.34;26.27;85
53850;682;41;-1.56;-2.34;26.27;85
53859;682;41;-1.56;-2.34;26.27;85
53870;681;41;-1.56;-2.34;26.27;85
53880;681;41;-1.56;-2.34;26.27;85
53889;680;41;-1.56;-2.34;26.27;85
53901;679;41;-1.56;-2.34;26.27;85
53911;679;41;-1.56;-2.34;26.27;85
53920;678;41;-1.56;-2.34;26.27;85
53929;679;41;-1.56;-2.34;26.27;85
53939;680;41;-1.56;-2.34;26.27;85
53950;680;41;-1.56;-2.34;26.27;85
53960;681;41;-1.56;-2.34;26.27;85
53970;681;41;-2.34;-2.34;26.27;85
53983;682;41;-2.34;-2.34;26.27;85
53999;682;41;-2.34;-2.34;26.27;85
54010;681;41;-2.34;-2.34;26.27;85
54020;681;41;-2.34;-2.34;26.27;85
54030;681;41;-2.34;-2.34;26.27;85
54041;681;41;-2.34;-2.34;26.27;85
54049;680;41;-2.34;-2.34;26.27;85
54059;679;41;-2.34;-2.34;26.27;85
54071;678;41;-2.34;-2.34;26.27;85
54081;677;41;-2.34;-2.34;26.27;85
54091;676;41;-2.34;-2.34;26.27;85
54100;675;41;-2.34;-2.34;26.27;85
54111;674;41;-2.34;-2.34;26.27;85
54120;675;41;-2.34;-2.34;26.27;85
54130;675;41;-2.34;-2.34;26.27;85
54140;676;41;-2.34;-2.34;26.27;85
54149;676;41;-2.34;-2.34;26.27;85
54162;677;41;-2.34;-2.34;26.27;85
54169;677;41;-2.34;-2.34;26.27;85
54183;677;41;-2.34;-2.34;26.67;85
54200;677;41;-2.34;-2.34;26.67;85
54209;677;41;-2.34;-2.34;26.67;85
54222;677;41;-2.34;-2.34;26.67;85
54230;677;41;-2.34;-2.34;26.67;85
54239;677;41;-2.34;-2.34;26.67;85
54250;678;41;-2.34;-2.34;26.67;85
54260;678;41;-2.34;-2.34;26.67;85
54271;679;41;-2.34;-2.34;26.67;85
54283;680;41;-2.34;-2.34;26.67;85
54300;681;41;-2.34;-2.34;26.67;85
54309;681;41;-2.34;-2.34;26.67;85
54319;682;41;-2.34;-2.34;26.67;85
54329;682;41;-2.34;-2.34;26.67;85
54341;682;41;-2.34;-2.34;26.67;85
54350;682;41;-2.34;-2.34;26.67;85
54360;683;41;-2.34;-2.34;26.67;85
54371;683;41;-2.34;-2.34;26.67;85
54382;682;41;-2.34;-2.34;26.67;85
54390;681;41;-2.34;-2.34;26.67;85
54399;680;41;-2.34;-2.34;26.67;85
54410;679;41;-2.34;-2.34;26.67;85
54421;679;41;-2.34;-2.34;26.67;85
54430;678;41;-2.34;-2.34;26.67;85
54441;677;41;-2.34;-2.34;26.67;85
54450;677;41;-2.34;-2.34;26.67;85
54459;676;41;-2.34;-2.34;26.67;85
54469;676;41;-2.34;-2.34;26.67;85
54482;675;41;-2.34;-2.34;26.67;85
54491;675;41;-2.34;-2.34;26.67;85
54500;675;41;-2.34;-2.34;26.67;85
54510;676;41;-2.34;-2.34;26.67;85
54519;676;41;-2.34;-2.34;26.67;85
54530;677;41;-2.34;-2.34;26.67;85
54541;677;41;-3.13;-2.34;26.67;85
54549;678;41;-3.13;-2.34;26.67;85
54560;677;41;-3.13;-2.34;27.06;85
54569;676;41;-3.13;-2.34;27.06;85
54585;675;41;-3.13;-2.34;27.06;85
54602;674;41;-3.13;-2.34;27.06;85
54612;674;41;-3.13;-2.34;27.06;85
54621;673;41;-3.13;-2.34;27.06;85
54629;674;41;-3.13;-2.34;27.45;85
54640;674;41;-3.13;-2.34;27.45;85
54651;675;41;-3.13;-2.34;27.45;85
54659;676;41;-3.13;-2.34;27.45;85
54670;677;41;-3.13;-2.34;27.45;85
54682;678;41;-3.13;-2.34;27.45;85
54690;678;41;-3.13;-2.34;27.45;85
54699;679;41;-3.13;-2.34;27.45;85
54709;680;41;-3.13;-2.34;27.45;85
54721;680;41;-3.13;-2.34;27.45;85
54729;681;41;-3.13;-2.34;27.45;85
54741;682;41;-3.13;-2.34;27.45;85
54750;681;41;-3.13;-2.34;27.84;85
54760;681;41;-3.13;-2.34;27.84;85
54770;680;41;-3.13;-2.34;27.84;85
54783;679;41;-3.13;-2.34;27.84;85
54799;679;41;-3.13;-2.34;27.84;85
54810;678;41;-3.13;-2.34;27.84;85
54822;678;41;-3.13;-2.34;27.84;85
54831;679;41;-3.13;-2.34;27.84;85
54839;680;41;-3.13;-2.34;27.84;85
54851;680;41;-3.13;-2.34;27.84;85
54859;681;41;-3.13;-2.34;27.84;85
54873;681;41;-3.13;-2.34;27.84;85
54891;680;41;-3.13;-2.34;27.84;85
54901;679;41;-3.13;-2.34;27.84;85
54909;678;41;-3.13;-2.34;27.84;85
54921;677;41;-3.13;-2.34;27.84;85
54932;676;41;-3.13;-2.34;27.84;85
54942;674;41;-3.13;-1.56;27.84;85
54960;675;41;-3.13;-1.56;27.84;85
54971;676;41;-3.13;-1.56;27.84;85
54983;676;41;-3.13;-1.56;27.84;85
55002;677;41;-3.13;-1.56;27.84;85
55011;677;41;-3.13;-1.56;27.84;85
55022;678;41;-3.13;-1.56;27.84;85
55030;679;41;-3.13;-1.56;27.84;85
55041;680;41;-3.13;-1.56;27.84;85
55050;680;41;-3.13;-1.56;27.84;85
55060;681;41;-3.13;-1.56;27.84;85
55071;682;41;-2.34;-1.56;27.84;85
55084;683;41;-2.34;-1.56;27.84;85
55100;683;41;-2.34;-1.56;27.84;85
55110;684;41;-2.34;-1.56;27.84;85
55121;684;41;-2.34;-1.56;27.84;85
55130;684;41;-2.34;-1.56;27.84;85
55139;685;41;-2.34;-1.56;27.84;85
55151;685;41;-2.34;-1.56;27.84;85
55161;684;41;-2.34;-1.56;27.84;85
55170;683;41;-2.34;-1.56;27.84;85
55183;683;41;-2.34;-1.56;27.84;85
55201;682;41;-2.34;-1.56;27.84;85
55211;681;41;-2.34;-1.56;27.84;85
55220;680;41;-2.34;-0.78;27.84;85
55231;680;41;-2.34;-0.78;27.45;85
55242;679;41;-2.34;-0.78;27.45;85
55251;678;41;-2.34;-0.78;27.45;85
55261;677;41;-2.34;-0.78;27.45;85
55269;676;41;-2.34;-0.78;27.45;85
55282;675;41;-2.34;-0.78;27.45;85
55291;676;41;-2.34;-0.78;27.45;85
55301;676;41;-2.34;-0.78;27.45;85
55310;677;41;-2.34;-0.78;27.45;85
55320;677;41;-2.34;-0.78;27.45;85
55333;677;41;-1.56;-0.78;27.45;85
55351;678;41;-1.56;-0.78;27.45;85
55360;678;41;-1.56;-0.78;27.45;85
55370;679;41;-1.56;-0.78;27.45;85
55384;679;41;-1.56;-0.78;27.45;85
55401;680;41;-1.56;-0.78;27.45;85
55411;680;41;-1.56;-0.78;27.45;85
55419;681;41;-1.56;-0.78;27.45;85
55431;680;41;-1.56;-0.78;27.06;85
55442;680;41;-1.56;-0.78;27.06;85
55459;679;41;-1.56;-0.78;27.06;85
55471;678;41;-1.56;-0.78;27.06;85
55482;678;41;-1.56;-0.78;27.06;85
55491;677;41;-1.56;-0.78;27.06;85
55499;677;41;-1.56;-0.78;27.06;85
55511;677;41;-1.56;-0.78;27.06;85
55521;677;41;-1.56;-0.78;27.06;85
55530;677;41;-1.56;-0.78;27.06;85
55539;677;41;-1.56;-0.78;27.06;85
55550;677;41;-1.56;-0.78;27.06;85
55561;678;41;-1.56;-0.78;27.06;85
55571;679;41;-1.56;-0.78;27.06;85
55585;679;41;-1.56;-0.78;27.06;85
55601;680;41;-1.56;-0.78;27.06;85
55612;681;41;-1.56;-0.78;27.06;85
55619;681;41;-1.56;-0.78;27.06;85
55630;681;41;-1.56;-0.78;27.06;85
55640;681;41;-1.56;-0.78;27.06;85
55651;681;41;-1.56;-0.78;27.06;85
55660;681;41;-1.56;-0.78;27.06;85
55671;681;41;-1.56;-0.78;27.06;85
55683;681;41;-1.56;-0.78;27.06;85
55698;680;41;-1.56;-0.78;27.06;85
55709;679;41;-1.56;-0.78;27.06;85
55720;678;41;-1.56;-0.78;27.06;85
55732;677;41;-1.56;-0.78;27.06;85
55741;676;41;-0.78;-0.78;27.06;85
55749;675;41;-0.78;-1.56;27.06;85
55758;676;41;-0.78;-1.56;26.67;85
55771;677;41;-0.78;-1.56;26.67;85
55782;679;41;-0.78;-1.56;26.67;85
55800;680;41;-0.78;-1.56;26.67;85
55811;681;41;-0.78;-1.56;26.67;85
55820;682;41;-0.78;-1.56;26.67;85
55833;683;41;-0.78;-1.56;26.67;85
55848;684;41;-0.78;-1.56;26.67;85
55860;684;41;-0.78;-1.56;26.67;85
55868;685;41;-0.78;-1.56;26.67;85
55882;686;41;-1.56;-1.56;26.67;85
55889;687;41;-1.56;-1.56;26.67;85
55900;687;41;-1.56;-1.56;26.67;85
55912;687;41;-1.56;-1.56;26.67;85
55920;687;41;-1.56;-1.56;26.67;85
55931;687;41;-1.56;-1.56;26.67;85
55939;687;41;-1.56;-1.56;26.67;85
55949;687;41;-1.56;-1.56;26.67;85
55961;684;41;-1.56;-1.56;26.67;85
55969;682;41;-1.56;-1.56;26.67;85
55984;680;41;-1.56;-1.56;26.67;85
55999;677;41;-1.56;-1.56;26.67;85
56011;675;41;-1.56;-1.56;26.67;85
56023;673;41;-1.56;-1.56;26.67;85
56040;673;41;-1.56;-1.56;26.67;85
56052;674;41;-1.56;-1.56;26.67;85
56058;674;41;-1.56;-1.56;26.67;85
56070;675;41;-1.56;-1.56;26.67;85
56083;676;41;-1.56;-1.56;26.67;85
56100;676;41;-1.56;-2.34;26.67;85
56111;677;41;-1.56;-2.34;26.67;85
56120;678;41;-1.56;-2.34;26.67;85
56131;679;41;-1.56;-2.34;26.67;85
56142;680;41;-1.56;-2.34;26.67;85
56151;681;41;-2.34;-2.34;26.67;85
56160;682;41;-2.34;-2.34;26.67;85
56170;682;41;-2.34;-2.34;26.67;85
56180;681;41;-2.34;-2.34;26.67;85
56190;681;41;-2.34;-2.34;26.67;85
56199;680;41;-2.34;-2.34;26.67;85
56211;680;41;-2.34;-2.34;26.67;85
56220;679;41;-2.34;-2.34;26.67;85
56229;679;41;-2.34;-2.34;26.67;85
56241;679;41;-2.34;-2.34;26.67;85
56249;679;41;-2.34;-2.34;26.67;85
56258;679;41;-2.34;-2.34;26.67;85
56270;679;41;-2.34;-2.34;26.67;85
56283;679;41;-2.34;-2.34;26.67;85
56300;679;41;-2.34;-2.34;26.67;85
56310;679;41;-2.34;-2.34;26.67;85
56318;679;41;-2.34;-2.34;26.67;85
56332;678;41;-2.34;-2.34;26.67;85
56348;678;41;-2.34;-2.34;26.67;85
56358;678;41;-2.34;-2.34;26.67;85
56368;679;41;-2.34;-2.34;26.67;85
56381;679;41;-2.34;-2.34;26.67;85
56391;680;41;-2.34;-2.34;26.67;85
56401;680;41;-2.34;-2.34;26.67;85
56411;680;41;-2.34;-2.34;26.67;85
56421;681;41;-2.34;-2.34;26.67;85
56433;681;41;-2.34;-2.34;26.67;85
56449;681;41;-2.34;-2.34;26.67;85
56462;681;41;-2.34;-2.34;26.67;85
56468;682;41;-2.34;-2.34;26.67;85
56481;682;41;-2.34;-2.34;26.67;85
56489;682;41;-2.34;-2.34;26.67;85
56500;682;41;-2.34;-2.34;26.67;85
56511;682;41;-2.34;-2.34;26.67;85
56519;682;41;-2.34;-2.34;26.67;85
56529;681;41;-2.34;-2.34;26.67;85
56539;681;41;-2.34;-2.34;26.67;85
56551;681;41;-2.34;-2.34;26.67;85
56561;680;41;-2.34;-2.34;26.67;85
56569;679;41;-2.34;-2.34;26.67;85
56586;678;41;-2.34;-2.34;26.67;85
56601;678;41;-2.34;-2.34;26.67;85
56610;677;41;-2.34;-2.34;26.67;85
56620;676;41;-2.34;-2.34;26.67;85
56628;677;41;-2.34;-2.34;26.67;85
56640;678;41;-2.34;-2.34;26.67;85
56650;678;41;-2.34;-2.34;26.67;85
56659;679;41;-2.34;-2.34;26.67;85
56668;680;41;-2.34;-2.34;26.67;85
56683;681;41;-2.34;-2.34;26.67;85
56701;680;41;-2.34;-2.34;26.67;85
56710;680;41;-2.34;-2.34;26.67;85
56720;679;41;-2.34;-2.34;26.67;85
56729;679;41;-2.34;-2.34;26.67;85
56741;678;41;-2.34;-2.34;26.67;85
56750;677;41;-2.34;-2.34;26.67;85
56759;678;41;-2.34;-2.34;26.67;85
56770;678;41;-2.34;-2.34;26.67;85
56781;678;41;-2.34;-2.34;26.67;85
56790;678;41;-2.34;-2.34;26.67;85
56801;678;41;-2.34;-2.34;26.67;85
56810;679;41;-2.34;-2.34;26.67;85
56820;680;41;-2.34;-2.34;26.67;85
56831;680;41;-2.34;-2.34;26.67;85
56840;681;41;-2.34;-2.34;26.67;85
56850;682;41;-2.34;-2.34;26.67;85
56860;683;41;-2.34;-2.34;26.67;85
56869;684;41;-2.34;-2.34;26.67;85
56882;684;41;-2.34;-2.34;26.67;85
56888;683;41;-2.34;-2.34;26.67;85
56903;683;41;-2.34;-2.34;26.67;85
56920;683;41;-2.34;-2.34;26.67;85
56931;683;41;-3.13;-2.34;26.67;85
56940;682;41;-3.13;-2.34;26.67;85
56951;683;41;-3.13;-2.34;26.67;85
56960;683;41;-3.13;-2.34;26.67;85
56970;683;41;-3.13;-2.34;26.67;85
56983;683;41;-3.13;-2.34;26.67;85
57000;684;41;-3.13;-2.34;26.67;85
57011;684;41;-3.13;-2.34;26.67;85
57020;684;41;-3.13;-2.34;26.67;85
57029;684;41;-3.13;-2.34;26.67;85
57040;684;41;-3.13;-2.34;26.67;85
57052;684;41;-3.13;-2.34;26.67;85
57060;683;41;-3.13;-2.34;26.67;85
57069;683;41;-3.13;-3.13;26.67;85
57081;681;41;-3.13;-3.13;26.67;85
57089;679;41;-3.13;-3.13;26.67;85
57100;677;41;-3.13;-3.13;26.67;85
57112;675;41;-3.13;-3.13;26.67;85
57129;673;41;-3.13;-3.13;26.67;85
57140;671;41;-3.13;-3.13;26.67;85
57151;671;41;-3.13;-3.13;26.67;85
57160;671;41;-3.13;-3.13;26.67;85
57170;671;41;-3.13;-3.13;26.67;85
57184;671;41;-3.13;-3.13;26.67;85
57200;671;41;-3.13;-3.13;26.67;85
57211;671;41;-3.13;-3.13;26.67;85
57219;672;41;-3.13;-3.13;26.67;85
57230;673;41;-3.13;-3.13;26.67;85
57239;674;41;-3.13;-3.13;26.67;85
57250;675;41;-3.13;-3.13;26.67;85
57260;676;41;-2.34;-3.13;26.67;85
57269;677;41;-2.34;-3.13;26.67;85
57282;678;41;-2.34;-3.13;26.67;85
57299;679;41;-2.34;-3.13;26.67;85
57312;679;41;-2.34;-3.13;26.67;85
57320;680;41;-2.34;-3.13;26.67;85
57333;681;41;-2.34;-3.13;26.67;85
57348;681;41;-2.34;-2.34;26.67;85
57360;681;41;-2.34;-2.34;27.06;85
57368;680;41;-2.34;-2.34;27.06;85
57381;680;41;-2.34;-2.34;27.06;85
57390;680;41;-2.34;-2.34;27.06;85
57402;679;41;-2.34;-2.34;27.06;85
57411;679;41;-2.34;-2.34;27.06;85
57420;678;41;-2.34;-2.34;27.06;85
57430;677;41;-2.34;-2.34;27.06;85
57439;676;41;-2.34;-2.34;27.06;85
57450;675;41;-2.34;-2.34;27.06;85
57460;674;41;-2.34;-2.34;27.06;85
57469;673;41;-2.34;-2.34;27.06;85
57483;673;41;-2.34;-2.34;27.06;85
57499;673;41;-2.34;-2.34;27.06;85
57511;672;41;-2.34;-2.34;27.06;85
57520;672;41;-2.34;-2.34;27.06;85
57530;672;41;-2.34;-2.34;27.06;85
57540;671;41;-2.34;-2.34;27.06;85
57549;671;41;-2.34;-2.34;27.06;85
57560;671;41;-2.34;-2.34;27.06;85
57570;672;41;-2.34;-2.34;27.06;85
57586;672;41;-2.34;-2.34;27.06;85
57601;672;41;-2.34;-2.34;27.06;85
57611;672;41;-2.34;-2.34;27.06;85
57620;672;41;-2.34;-2.34;27.06;85
57630;672;41;-2.34;-2.34;27.06;85
57640;672;41;-2.34;-2.34;27.06;85
57649;672;41;-2.34;-2.34;27.06;85
57661;672;41;-2.34;-2.34;27.06;85
57670;672;41;-2.34;-2.34;27.06;85
57682;673;41;-2.34;-2.34;27.45;85
57691;674;41;-2.34;-2.34;27.45;85
57700;675;41;-2.34;-2.34;27.45;85
57710;676;41;-2.34;-2.34;27.45;85
57721;677;41;-2.34;-2.34;27.45;85
57733;678;41;-2.34;-2.34;27.45;85
57750;678;41;-2.34;-2.34;27.84;85
57759;678;41;-2.34;-2.34;27.84;85
57770;679;41;-2.34;-2.34;27.84;85
57783;679;41;-2.34;-2.34;27.84;85
57800;679;41;-2.34;-2.34;27.84;85
57812;679;41;-2.34;-2.34;27.84;85
57820;678;41;-2.34;-2.34;27.84;85
57829;677;41;-2.34;-2.34;27.84;85
57841;676;41;-2.34;-2.34;27.84;85
57850;675;41;-2.34;-2.34;27.84;85
57859;675;41;-2.34;-2.34;27.84;85
57870;674;41;-2.34;-2.34;27.84;85
57883;673;41;-2.34;-2.34;28.24;85
57899;672;41;-2.34;-2.34;28.24;85
57911;671;41;-2.34;-2.34;28.24;85
57919;670;41;-2.34;-2.34;28.24;85
57931;669;41;-2.34;-2.34;28.24;85
57940;668;41;-2.34;-2.34;28.24;85
57949;670;41;-2.34;-2.34;28.24;85
57959;672;41;-2.34;-2.34;28.24;85
57971;674;41;-2.34;-2.34;28.24;85
57983;676;41;-2.34;-2.34;28.24;85
58000;678;41;-2.34;-2.34;28.24;85
58010;680;41;-2.34;-1.56;28.24;85
58019;681;41;-2.34;-1.56;28.24;85
58031;682;41;-2.34;-1.56;28.24;85
58040;682;41;-2.34;-1.56;28.24;85
58049;683;41;-2.34;-1.56;28.24;85
58059;684;41;-2.34;-1.56;28.24;85
58070;685;41;-2.34;-1.56;28.24;85
58082;681;41;-2.34;-1.56;27.84;85
58101;678;41;-2.34;-1.56;27.84;85
58113;674;41;-2.34;-1.56;27.84;85
58131;671;41;-2.34;-1.56;27.84;85
58140;667;41;-1.56;-1.56;27.84;85
58150;663;41;-1.56;-1.56;27.84;85
58160;662;41;-1.56;-1.56;27.45;85
58169;661;41;-1.56;-1.56;27.45;85
58183;660;41;-1.56;-1.56;27.45;85
58200;659;41;-1.56;-1.56;27.45;85
58214;657;41;-1.56;-1.56;27.45;85
58230;656;41;-1.56;-0.78;27.45;85
58241;658;41;-1.56;-0.78;27.06;85
58250;660;41;-1.56;-0.78;27.06;85
58259;661;41;-1.56;-0.78;27.06;85
58270;663;41;-1.56;-0.78;27.06;85
58282;665;41;-1.56;-0.78;27.06;85
58289;667;41;-1.56;-0.78;27.06;85
58301;669;41;-1.56;-0.78;27.06;85
58310;671;41;-1.56;-0.78;27.06;85
58321;673;41;-1.56;-0.78;27.06;85
58331;675;41;-1.56;-0.78;27.06;85
58339;677;41;-0.78;-0.78;27.06;85
58352;679;41;-0.78;-0.78;27.06;85
58361;679;41;-0.78;-0.78;27.06;85
58370;680;41;-0.78;-0.78;27.06;85
58381;681;41;-0.78;-0.78;27.06;85
58390;681;41;-0.78;-0.78;27.06;85
58401;682;41;-0.78;-0.78;27.06;85
58412;683;41;-0.78;-0.78;27.06;85
58421;683;41;-0.78;-0.78;27.06;85
58429;683;41;-0.78;-0.78;27.06;85
58439;684;41;-0.78;-0.78;27.06;85
58451;684;41;-0.78;-0.78;27.06;85
58460;685;41;-0.78;-0.78;27.06;85
58470;685;41;-0.78;-0.78;26.67;85
58482;683;41;-0.78;-0.78;26.67;85
58491;682;41;-0.78;-0.78;26.67;85
58502;680;41;-0.78;-0.78;26.27;85
58511;679;41;-0.78;-0.78;26.27;85
58520;677;41;-0.78;-0.78;26.27;85
58531;676;41;-0.78;-0.78;26.27;85
58539;676;41;-0.78;-0.78;25.88;85
58550;676;41;-0.78;-0.78;25.88;85
58560;676;41;-0.78;-0.78;25.88;85
58569;677;41;-0.78;-0.78;25.88;85
58585;677;41;-0.78;-0.78;25.88;85
58600;677;41;-0.78;-1.56;25.88;85
58611;678;41;-0.78;-1.56;25.88;85
58620;679;41;-0.78;-1.56;25.88;85
58630;680;41;-0.78;-1.56;25.88;85
58640;681;41;-0.78;-1.56;25.88;85
58650;682;41;0.00;-1.56;25.88;85
58661;683;41;0.00;-1.56;25.88;85
58669;683;41;0.00;-1.56;25.49;85
58681;683;41;0.00;-1.56;25.49;85
58690;683;41;0.00;-1.56;25.49;85
58700;683;41;0.00;-1.56;25.49;85
58710;683;41;0.00;-1.56;25.49;85
58720;683;41;0.00;-2.34;25.49;85
58731;683;41;0.00;-2.34;25.10;85
58739;683;41;0.00;-2.34;25.10;85
58749;683;41;0.00;-2.34;25.10;85
58760;683;41;0.00;-2.34;25.10;85
58770;683;41;-0.78;-2.34;25.10;85
58784;683;41;-0.78;-2.34;25.10;85
58800;683;41;-0.78;-2.34;25.10;85
58809;683;41;-0.78;-2.34;25.10;85
58820;683;41;-0.78;-2.34;25.10;85
58832;683;41;-0.78;-2.34;25.10;85
58839;682;41;-0.78;-2.34;25.10;85
58851;682;41;-0.78;-3.13;25.10;85
58860;683;41;-0.78;-3.13;24.71;85
58871;683;41;-0.78;-3.13;24.71;85
58880;684;41;-0.78;-3.13;24.71;85
58891;684;41;-0.78;-3.13;24.71;85
58901;684;41;-0.78;-3.13;24.71;85
58912;685;41;-0.78;-3.13;24.71;85
58921;686;41;-0.78;-3.13;24.71;85
58930;687;41;-0.78;-3.13;24.71;85
58939;688;41;-0.78;-3.13;24.71;85
58950;689;41;-0.78;-3.13;24.71;85
58963;690;41;-0.78;-3.13;24.71;85
58982;691;41;-0.78;-3.13;24.71;85
58999;690;41;-0.78;-3.13;24.31;85
59010;688;41;-0.78;-3.13;24.31;85
59021;687;41;-0.78;-3.13;24.31;85
59031;686;41;-0.78;-3.13;24.31;85
59042;684;41;-1.56;-3.13;24.31;85
59050;683;41;-1.56;-3.91;24.31;85
59060;682;41;-1.56;-3.91;24.31;85
59070;681;41;-1.56;-3.91;24.31;85
59082;680;41;-1.56;-3.91;24.31;85
59091;679;41;-1.56;-3.91;24.31;85
59100;678;41;-1.56;-3.91;24.31;85
59110;677;41;-1.56;-3.91;24.31;85
59122;678;41;-1.56;-3.91;24.31;85
59129;679;41;-1.56;-3.91;24.31;85
59139;679;41;-1.56;-3.91;24.31;85
59149;680;41;-1.56;-3.91;24.31;85
59162;681;41;-1.56;-3.91;24.31;85
59170;682;41;-1.56;-3.91;24.31;85
59182;682;41;-1.56;-3.91;23.92;85
59200;683;41;-1.56;-3.91;23.92;85
59211;683;41;-1.56;-3.91;23.92;85
59222;683;41;-1.56;-3.91;23.92;85
59228;684;41;-1.56;-3.91;23.92;85
59240;684;41;-1.56;-3.91;23.92;85
59249;684;41;-1.56;-3.91;23.92;85
59258;685;41;-1.56;-3.91;23.92;85
59270;685;41;-1.56;-3.91;23.92;85
59283;685;41;-1.56;-3.91;23.92;85
59300;686;41;-2.34;-3.91;23.92;85
59310;686;41;-2.34;-4.69;23.92;85
59321;685;41;-2.34;-4.69;23.92;85
59329;684;41;-2.34;-4.69;23.92;85
59338;684;41;-2.34;-4.69;23.92;85
59351;683;41;-2.34;-4.69;23.92;85
59359;682;41;-2.34;-4.69;23.92;85
59370;681;41;-2.34;-4.69;23.92;85
59381;680;41;-2.34;-4.69;23.92;85
59388;680;41;-2.34;-4.69;23.92;85
59401;679;41;-2.34;-4.69;23.92;85
59412;679;41;-2.34;-4.69;23.92;85
59430;679;41;-2.34;-4.69;23.92;85
59439;678;41;-2.34;-4.69;23.92;85
59447;678;41;-2.34;-4.69;23.92;85
59458;678;41;-2.34;-4.69;23.92;85
59470;678;41;-2.34;-4.69;23.92;85
59482;678;41;-2.34;-4.69;23.92;85
59489;679;41;-2.34;-4.69;23.92;85
59499;679;41;-2.34;-4.69;23.92;85
59511;679;41;-2.34;-4.69;23.92;85
59519;679;41;-2.34;-4.69;23.92;85
59531;679;41;-2.34;-4.69;23.92;85
59539;679;41;-2.34;-4.69;23.92;85
59549;679;41;-3.13;-4.69;23.92;85
59558;679;41;-3.13;-4.69;23.92;85
59569;678;41;-3.13;-4.69;23.92;85
59586;677;41;-3.13;-4.69;23.92;85
59600;676;41;-3.13;-4.69;23.92;85
59613;675;41;-3.13;-4.69;23.92;85
59630;674;41;-3.13;-4.69;23.92;85
59638;674;41;-3.13;-5.47;23.92;85
59648;675;41;-3.13;-5.47;24.31;85
59659;676;41;-3.13;-5.47;24.31;85
59669;677;41;-3.13;-5.47;24.31;85
59681;678;41;-3.13;-5.47;24.31;85
59689;679;41;-3.91;-5.47;24.31;85
59701;680;41;-3.91;-5.47;24.31;85
59710;680;41;-3.91;-5.47;24.31;85
59721;680;41;-3.91;-5.47;24.31;85
59728;680;41;-3.91;-5.47;24.31;85
59740;680;41;-3.91;-5.47;24.31;85
59749;680;41;-3.91;-5.47;24.31;85
59759;680;41;-3.91;-5.47;24.31;85
59769;679;41;-3.91;-5.47;24.31;85
59782;678;41;-3.91;-5.47;24.31;85
59799;677;41;-3.91;-5.47;24.31;85
59810;676;41;-3.91;-5.47;24.31;85
59819;676;41;-3.91;-5.47;24.31;85
59828;675;41;-3.91;-5.47;24.31;85
59839;674;41;-3.91;-5.47;24.31;85
59848;674;41;-3.91;-5.47;24.31;85
59859;674;41;-3.91;-5.47;24.31;85
59869;674;41;-3.91;-5.47;24.31;85
59881;674;41;-4.69;-5.47;24.31;85
59888;673;41;-4.69;-5.47;24.31;85
59899;673;41;-4.69;-5.47;24.31;85
59911;672;41;-4.69;-5.47;24.31;85
59921;672;41;-4.69;-5.47;24.31;85
59928;671;41;-4.69;-5.47;24.31;85
59938;670;41;-4.69;-5.47;24.31;85
59950;670;41;-4.69;-5.47;24.31;85
59959;670;41;-4.69;-5.47;24.31;85
59970;671;41;-4.69;-5.47;24.31;85
59981;672;41;-4.69;-5.47;24.31;85
59987;673;41;-4.69;-5.47;24.31;85
59999;674;41;-4.69;-5.47;24.31;85
60011;675;41;-4.69;-5.47;24.31;85
60019;674;41;-4.69;-5.47;24.31;85
60028;674;41;-4.69;-5.47;24.31;85
60039;674;41;-4.69;-5.47;24.31;85
60050;674;41;-4.69;-5.47;24.31;85
60059;674;41;-5.47;-5.47;24.31;85
60068;673;41;-5.47;-5.47;24.31;85
60081;674;41;-5.47;-5.47;24.71;85
60089;674;41;-5.47;-5.47;24.71;85
60098;674;41;-5.47;-5.47;24.71;85
60109;675;41;-5.47;-5.47;24.71;85
60118;675;41;-5.47;-5.47;24.71;85
60130;675;41;-5.47;-5.47;24.71;85
60139;675;41;-5.47;-5.47;24.71;85
60150;674;41;-5.47;-5.47;24.71;85
60159;674;41;-5.47;-5.47;24.71;85
60168;673;41;-5.47;-5.47;24.71;85
60183;673;41;-5.47;-5.47;24.71;85
60198;672;41;-5.47;-5.47;24.71;85
60212;672;41;-5.47;-5.47;24.71;85
60229;672;41;-5.47;-5.47;24.71;85
60238;671;41;-5.47;-5.47;24.71;85
60249;671;41;-5.47;-5.47;24.71;85
60259;671;41;-5.47;-5.47;24.71;85
60270;671;41;-5.47;-5.47;24.71;85
60282;671;41;-5.47;-5.47;24.71;85
60289;671;41;-5.47;-5.47;24.71;85
60299;671;41;-5.47;-5.47;24.71;85
60311;671;41;-5.47;-5.47;24.71;85
60320;671;41;-5.47;-5.47;24.71;85
60328;672;41;-5.47;-4.69;24.71;85
60339;671;41;-5.47;-4.69;24.71;85
60348;671;41;-5.47;-4.69;24.71;85
60360;671;41;-5.47;-4.69;24.71;85
60369;671;41;-5.47;-4.69;24.71;85
60378;671;41;-5.47;-4.69;24.71;85
60390;671;41;-5.47;-4.69;24.71;85
60399;670;41;-5.47;-4.69;24.71;85
60411;669;41;-5.47;-4.69;24.71;85
60418;668;41;-5.47;-4.69;24.71;85
60429;667;41;-5.47;-4.69;24.71;85
60439;666;41;-4.69;-4.69;24.71;85
60448;665;41;-4.69;-4.69;24.71;85
60459;664;41;-4.69;-4.69;25.10;85
60468;663;41;-4.69;-4.69;25.10;85
60480;662;41;-4.69;-4.69;25.10;85
60489;661;41;-4.69;-4.69;25.10;85
60500;659;41;-4.69;-4.69;25.10;85
60512;658;41;-4.69;-3.91;25.10;85
60529;660;41;-4.69;-3.91;25.10;85
60538;661;41;-4.69;-3.91;25.10;85
60549;662;41;-4.69;-3.91;25.10;85
60559;663;41;-4.69;-3.91;25.10;85
60568;665;41;-4.69;-3.91;25.10;85
60579;666;41;-4.69;-3.91;25.10;85
60590;667;41;-4.69;-3.91;25.10;85
60601;667;41;-4.69;-3.91;25.10;85
60610;668;41;-4.69;-3.91;25.10;85
60619;669;41;-4.69;-3.91;25.10;85
60628;669;41;-3.91;-3.91;25.10;85
60638;670;41;-3.91;-3.91;25.10;85
60650;670;41;-3.91;-3.91;25.10;85
60659;670;41;-3.91;-3.91;25.10;85
60668;669;41;-3.91;-3.91;25.10;85
60679;669;41;-3.91;-3.91;25.10;85
60688;669;41;-3.91;-3.91;25.10;85
60700;669;41;-3.91;-3.13;25.10;85
60712;669;41;-3.91;-3.13;25.10;85
60721;668;41;-3.91;-3.13;25.10;85
60729;668;41;-3.91;-3.13;25.10;85
60738;668;41;-3.91;-3.13;25.10;85
60750;667;41;-3.91;-3.13;25.10;85
60761;667;41;-3.91;-3.13;25.10;85
60769;666;41;-3.91;-3.13;25.10;85
60782;665;41;-3.91;-3.13;25.10;85
60790;664;41;-3.91;-3.13;25.10;85
60799;663;41;-3.91;-3.13;25.10;85
60813;662;41;-3.91;-3.13;25.10;85
60828;661;41;-3.91;-3.13;25.10;85
60839;661;41;-3.91;-3.13;25.49;85
60849;660;41;-3.91;-3.13;25.49;85
60860;660;41;-3.91;-3.13;25.49;85
60870;660;41;-3.91;-3.13;25.49;85
60879;660;41;-3.13;-3.13;25.49;85
60890;660;41;-3.13;-3.13;25.49;85
60899;662;41;-3.13;-3.13;25.49;85
60910;664;41;-3.13;-3.13;25.49;85
60919;666;41;-3.13;-3.13;25.49;85
60930;668;41;-3.13;-3.13;25.49;85
60939;671;41;-3.13;-3.13;25.49;85
60949;673;41;-3.13;-3.13;25.49;85
60960;673;41;-3.13;-3.13;25.49;85
60969;673;41;-3.13;-3.13;25.49;85
60980;672;41;-3.13;-3.13;25.49;85
60989;672;41;-3.13;-3.13;25.49;85
61000;672;41;-2.34;-3.13;25.49;85
61011;672;41;-2.34;-2.34;25.49;85
61021;670;41;-2.34;-2.34;25.49;85
61028;669;41;-2.34;-2.34;25.49;85
61038;668;41;-2.34;-2.34;25.49;85
61049;666;41;-2.34;-2.34;25.49;85
61060;665;41;-2.34;-2.34;25.49;85
61069;663;41;-2.34;-2.34;25.49;85
61081;663;41;-2.34;-2.34;25.49;85
61089;663;41;-2.34;-2.34;25.49;85
61100;663;41;-2.34;-2.34;25.49;85
61110;663;41;-2.34;-2.34;25.49;85
61119;663;41;-1.56;-2.34;25.49;85
61130;663;41;-1.56;-2.34;25.49;85
61141;664;41;-1.56;-2.34;25.49;85
61150;664;41;-1.56;-2.34;25.49;85
61158;665;41;-1.56;-2.34;25.49;85
61170;666;41;-1.56;-2.34;25.49;85
61182;666;41;-1.56;-2.34;25.49;85
61190;667;41;-1.56;-2.34;25.49;85
61199;666;41;-1.56;-2.34;25.49;85
61212;664;41;-1.56;-2.34;25.49;85
61220;663;41;-1.56;-2.34;25.49;85
61229;662;41;-1.56;-2.34;25.49;85
61238;661;41;-0.78;-2.34;25.49;85
61250;660;41;-0.78;-1.56;25.49;85
61260;661;41;-0.78;-1.56;25.49;85
61268;663;41;-0.78;-1.56;25.49;85
61281;664;41;-0.78;-1.56;25.49;85
61291;665;41;-0.78;-1.56;25.49;85
61298;667;41;-0.78;-1.56;25.49;85
61310;668;41;-0.78;-1.56;25.49;85
61320;668;41;-0.78;-1.56;25.49;85
61329;669;41;-0.78;-1.56;25.49;85
61338;669;41;-0.78;-1.56;25.49;85
61349;669;41;-0.78;-1.56;25.49;85
61360;669;41;-0.78;-1.56;25.49;85
61369;670;41;-0.78;-1.56;25.49;85
61382;669;41;-0.78;-1.56;25.49;85
61392;669;41;-0.78;-1.56;25.49;85
61411;668;41;-0.78;-1.56;25.49;85
61419;668;41;-0.78;-1.56;25.49;85
61432;667;41;0.00;-1.56;25.49;85
61438;667;41;0.00;-1.56;25.49;85
61450;668;41;0.00;-1.56;25.10;85
61459;669;41;0.00;-1.56;25.10;85
61471;670;41;0.00;-1.56;25.10;85
61479;671;41;0.00;-1.56;25.10;85
61491;672;41;0.00;-1.56;25.10;85
61501;673;41;0.00;-1.56;25.10;85
61512;672;41;0.00;-1.56;25.10;85
61530;672;41;0.00;-1.56;25.10;85
61540;671;41;0.00;-1.56;25.10;85
61549;671;41;0.00;-1.56;25.10;85
61559;671;41;0.00;-1.56;25.10;85
61569;670;41;0.00;-1.56;25.10;85
61579;670;41;0.00;-1.56;25.10;85
61592;670;41;0.00;-1.56;25.10;85
61612;671;41;0.00;-1.56;25.10;85
61621;671;41;0.00;-1.56;25.10;85
61629;671;41;0.00;-1.56;25.10;85
61641;671;41;0.00;-1.56;25.10;85
61649;671;41;0.00;-1.56;25.10;85
61660;671;41;0.00;-1.56;25.10;85
61668;671;41;0.00;-1.56;25.10;85
61681;671;41;0.00;-1.56;25.10;85
61692;671;41;0.00;-1.56;25.10;85
61700;671;41;0.00;-1.56;25.10;85
61712;672;41;0.00;-1.56;25.10;85
61718;673;41;0.00;-1.56;25.10;85
61728;673;41;0.00;-1.56;25.10;85
61740;674;41;0.00;-1.56;25.10;85
61748;675;41;0.00;-1.56;25.10;85
61760;675;41;0.00;-1.56;25.10;85
61771;676;41;0.00;-1.56;25.10;85
61780;676;41;0.00;-1.56;25.10;85
61789;677;41;0.00;-1.56;25.10;85
61798;677;41;0.00;-1.56;25.10;85
61813;677;41;0.00;-1.56;25.10;85
61828;678;41;0.00;-1.56;25.10;85
61839;678;41;0.00;-1.56;24.71;85
61850;678;41;0.00;-1.56;24.71;85
61861;677;41;0.00;-1.56;24.71;85
61869;677;41;0.00;-1.56;24.71;85
61880;677;41;0.00;-1.56;24.71;85
61890;677;41;0.00;-1.56;24.71;85
61902;676;41;0.00;-1.56;24.71;85
61918;675;41;0.00;-1.56;24.71;85
61930;674;41;0.00;-1.56;24.71;85
61938;673;41;0.00;-1.56;24.71;85
61950;672;41;0.00;-1.56;24.71;85
61958;671;41;0.00;-1.56;24.71;85
61970;671;41;0.00;-1.56;24.71;85
61982;672;41;0.00;-1.56;24.71;85
61988;672;41;0.00;-1.56;24.71;85
62000;672;41;0.00;-1.56;24.71;85
62012;673;41;0.78;-1.56;24.71;85
62020;673;41;0.78;-1.56;24.71;85
62031;674;41;0.78;-1.56;24.71;85
62040;675;41;0.78;-1.56;24.71;85
62050;676;41;0.78;-1.56;24.71;85
62059;676;41;0.78;-1.56;24.71;85
62070;677;41;0.78;-1.56;24.71;85
62082;678;41;0.78;-1.56;24.71;85
62100;678;41;0.78;-1.56;24.71;85
62114;678;41;0.78;-1.56;24.71;85
62130;678;41;0.78;-1.56;24.71;85
62140;678;41;0.78;-1.56;24.71;85
62149;679;41;0.78;-1.56;24.71;85
62160;679;41;0.78;-1.56;24.71;85
62171;678;41;0.78;-1.56;24.71;85
62180;677;41;0.78;-1.56;24.71;85
62190;676;41;0.78;-1.56;24.71;85
62202;675;41;0.78;-1.56;24.71;85
62211;674;41;0.78;-1.56;24.71;85
62221;674;41;0.78;-1.56;24.71;85
62231;673;41;0.78;-1.56;24.71;85
62239;673;41;0.78;-1.56;24.71;85
62249;672;41;0.78;-1.56;24.71;85
62259;672;41;0.78;-1.56;24.71;85
62268;671;41;0.78;-1.56;24.71;85
62281;671;41;0.78;-1.56;24.71;85
62288;671;41;0.78;-1.56;24.71;85
62300;671;41;0.78;-1.56;24.71;85
62313;671;41;0.78;-1.56;24.71;85
62330;671;41;0.78;-1.56;24.71;85
62342;671;41;0.78;-1.56;24.71;85
62351;671;41;0.78;-1.56;24.71;85
62362;672;41;0.78;-1.56;24.71;85
62369;672;41;0.78;-1.56;24.71;85
62381;673;41;0.78;-1.56;24.71;85
62389;674;41;0.78;-1.56;24.71;85
62399;675;41;0.78;-1.56;24.71;85
62413;676;41;0.78;-1.56;24.71;85
62429;676;41;0.78;-1.56;24.71;85
62440;677;41;0.78;-1.56;24.71;85
62449;677;41;0.78;-1.56;24.71;85
62461;677;41;0.78;-1.56;24.71;85
62470;678;41;0.00;-1.56;24.71;85
62479;678;41;0.00;-1.56;24.71;85
62491;678;41;0.00;-1.56;24.71;85
62499;677;41;0.00;-1.56;24.71;85
62509;677;41;0.00;-1.56;24.71;85
62520;676;41;0.00;-1.56;24.71;85
62531;676;41;0.00;-1.56;24.71;85
62540;676;41;0.00;-1.56;24.71;85
62549;675;41;0.00;-1.56;24.71;85
62560;675;41;0.00;-1.56;24.71;85
62569;674;41;0.00;-1.56;24.71;85
62583;673;41;0.00;-1.56;24.71;85
62600;673;41;0.00;-1.56;24.71;85
62612;672;41;0.00;-1.56;24.71;85
62630;672;41;0.00;-1.56;24.71;85
62640;671;41;0.00;-1.56;24.71;85
62649;670;41;0.00;-1.56;24.71;85
62660;669;41;0.00;-1.56;24.71;85
62669;669;41;0.00;-1.56;24.71;85
62681;668;41;0.00;-1.56;24.71;85
62690;669;41;0.00;-1.56;24.71;85
62701;669;41;0.00;-1.56;24.71;85
62712;670;41;0.00;-1.56;24.71;85
62721;671;41;0.00;-1.56;24.71;85
62730;672;41;0.00;-1.56;24.71;85
62739;672;41;0.00;-1.56;24.71;85
62752;673;41;0.00;-1.56;24.71;85
62760;673;41;0.00;-1.56;24.71;85
62769;674;41;0.00;-1.56;24.71;85
62780;674;41;0.00;-1.56;24.71;85
62788;675;41;0.00;-1.56;24.71;85
62802;675;41;0.00;-1.56;24.71;85
62810;675;41;0.00;-1.56;24.71;85
62822;674;41;0.00;-1.56;24.71;85
62831;674;41;0.00;-1.56;24.71;85
62840;673;41;0.00;-1.56;24.71;85
62850;673;41;0.00;-1.56;24.71;85
62860;672;41;0.00;-1.56;24.71;85
62871;674;41;0.00;-1.56;24.71;85
62881;675;41;0.00;-1.56;24.71;85
62890;677;41;0.00;-1.56;24.71;85
62899;678;41;0.00;-1.56;24.71;85
62911;679;41;0.00;-1.56;24.71;85
62920;681;41;0.00;-1.56;24.71;85
62928;680;41;0.00;-1.56;24.31;85
62941;680;41;0.00;-1.56;24.31;85
62949;679;41;0.00;-1.56;24.31;85
62958;679;41;0.00;-1.56;24.31;85
62969;678;41;0.00;-1.56;24.31;85
62981;678;41;0.00;-1.56;24.31;85
62987;677;41;0.00;-1.56;24.31;85
63001;676;41;0.00;-1.56;24.31;85
63010;675;41;0.00;-1.56;24.31;85
63022;674;41;0.00;-1.56;24.31;85
63030;673;41;0.00;-1.56;24.31;85
63041;672;41;0.00;-2.34;24.31;85
63050;673;41;0.00;-2.34;24.31;85
63062;674;41;0.00;-2.34;24.31;85
63071;675;41;0.00;-2.34;24.31;85
63081;676;41;0.00;-2.34;24.31;85
63092;677;41;0.00;-2.34;24.31;85
63100;678;41;0.00;-2.34;24.31;85
63109;677;41;0.00;-2.34;24.31;85
63120;676;41;0.00;-2.34;24.31;85
63132;676;41;0.00;-2.34;24.31;85
63141;675;41;0.00;-2.34;24.31;85
63150;674;41;0.00;-2.34;24.31;85
63161;673;41;0.00;-1.56;24.31;85
63169;674;41;0.00;-1.56;24.31;85
63182;674;41;0.00;-1.56;24.31;85
63200;674;41;0.00;-1.56;24.31;85
63211;674;41;0.00;-1.56;24.31;85
63221;675;41;0.00;-1.56;24.31;85
63232;675;41;0.00;-1.56;24.31;85
63240;675;41;0.00;-1.56;24.31;85
63252;674;41;0.00;-1.56;24.31;85
63261;674;41;0.00;-1.56;24.31;85
63269;674;41;0.00;-1.56;24.31;85
63281;674;41;-0.78;-1.56;24.31;85
63289;673;41;-0.78;-1.56;24.31;85
63300;674;41;-0.78;-1.56;24.31;85
63311;674;41;-0.78;-1.56;24.31;85
63317;675;41;-0.78;-1.56;24.31;85
63330;675;41;-0.78;-1.56;24.31;85
63340;676;41;-0.78;-1.56;24.31;85
63349;676;41;-0.78;-1.56;24.31;85
63357;677;41;-0.78;-1.56;24.31;85
63369;677;41;-0.78;-1.56;24.31;85
63380;678;41;-0.78;-1.56;24.31;85
63388;678;41;-0.78;-1.56;24.31;85
63399;678;41;-0.78;-1.56;24.31;85
63409;679;41;-0.78;-1.56;24.31;85
63419;678;41;-0.78;-1.56;24.31;85
63427;677;41;-0.78;-1.56;24.31;85
63439;676;41;-0.78;-1.56;24.31;85
63448;676;41;-0.78;-1.56;24.31;85
63458;675;41;-0.78;-1.56;24.31;85
63470;674;41;-0.78;-1.56;24.31;85
63481;673;41;-0.78;-1.56;24.31;85
63490;673;41;-0.78;-1.56;24.31;85
63502;672;41;-0.78;-1.56;24.31;85
63510;671;41;-0.78;-1.56;24.31;85
63519;671;41;-0.78;-1.56;24.31;85
63531;670;41;-0.78;-1.56;24.31;85
63539;670;41;-0.78;-1.56;24.31;85
63548;670;41;-0.78;-1.56;24.31;85
63560;671;41;-0.78;-1.56;24.31;85
63567;671;41;-0.78;-1.56;24.31;85
63585;671;41;-0.78;-1.56;24.31;85
63601;671;41;-0.78;-1.56;24.31;85
63612;671;41;-0.78;-1.56;24.71;85
63629;670;41;-0.78;-1.56;24.71;85
63638;670;41;-0.78;-1.56;24.71;85
63652;670;41;-0.78;-1.56;24.71;85
63668;669;41;-0.78;-1.56;24.71;85
63681;669;41;-0.78;-1.56;24.71;85
63690;669;41;-0.78;-1.56;24.71;85
63698;668;41;-0.78;-1.56;24.71;85
63710;668;41;-0.78;-1.56;24.71;85
63719;667;41;-0.78;-1.56;24.71;85
63730;667;41;-0.78;-1.56;24.71;85
63741;666;41;-0.78;-1.56;24.71;85
63747;667;41;-0.78;-1.56;24.71;85
63758;667;41;-0.78;-1.56;24.71;85
63772;668;41;-0.78;-1.56;24.71;85
63784;668;41;-0.78;-1.56;24.71;85
63799;669;41;-0.78;-1.56;24.71;85
63810;669;41;-0.78;-1.56;24.71;85
63818;669;41;-0.78;-1.56;24.71;85
63830;669;41;-0.78;-1.56;24.71;85
63839;670;41;-0.78;-1.56;24.71;85
63849;670;41;-0.78;-1.56;24.71;85
63860;670;41;-0.78;-1.56;24.71;85
63869;670;41;-0.78;-1.56;24.71;85
63880;670;41;-0.78;-1.56;24.71;85
63889;670;41;-0.78;-1.56;24.71;85
63901;670;41;-0.78;-1.56;24.71;85
63910;670;41;-0.78;-1.56;24.71;85
63921;669;41;-0.78;-1.56;24.71;85
63930;669;41;-0.78;-1.56;24.71;85
63940;670;41;-0.78;-1.56;24.71;85
63951;670;41;-0.78;-1.56;24.71;85
63958;670;41;-0.78;-1.56;24.71;85
63969;671;41;-0.78;-1.56;24.71;85
63979;671;41;-0.78;-1.56;24.71;85
63988;671;41;-0.78;-1.56;24.71;85
64000;671;41;-0.78;-1.56;24.71;85
64011;671;41;-0.78;-1.56;24.71;85
64017;671;41;-0.78;-1.56;24.71;85
64031;671;41;-0.78;-1.56;24.71;85
64040;671;41;-0.78;-1.56;24.71;85
64049;671;41;-0.78;-1.56;24.71;85
64060;670;41;-0.78;-1.56;24.71;85
64072;669;41;-0.78;-1.56;24.71;85
64082;669;41;-0.78;-1.56;24.71;85
64102;668;41;-0.78;-1.56;24.71;85
64111;667;41;-0.78;-1.56;24.71;85
64119;666;41;-0.78;-1.56;24.71;85
64131;667;41;-0.78;-1.56;25.10;85
64139;668;41;-0.78;-1.56;25.10;85
64149;668;41;-0.78;-1.56;25.10;85
64161;669;41;-0.78;-1.56;25.10;85
64170;670;41;-0.78;-1.56;25.10;85
64181;670;41;-0.78;-1.56;25.10;85
64192;668;41;-0.78;-1.56;25.10;85
64202;666;41;-0.78;-1.56;25.10;85
64219;664;41;-0.78;-1.56;25.10;85
64228;663;41;-0.78;-1.56;25.10;85
64238;661;41;0.00;-1.56;25.10;85
64251;659;41;0.00;-0.78;25.10;85
64259;659;41;0.00;-0.78;25.10;85
64268;659;41;0.00;-0.78;25.10;85
64282;659;41;0.00;-0.78;25.10;85
64288;659;41;0.00;-0.78;25.10;85
64299;660;41;0.00;-0.78;25.10;85
64311;660;41;0.00;-0.78;25.10;85
64319;660;41;0.00;-0.78;25.10;85
64329;660;41;0.00;-0.78;25.10;85
64339;660;41;0.00;-0.78;25.10;85
64350;660;41;0.00;-0.78;25.10;85
64360;661;41;0.00;-0.78;25.10;85
64371;661;41;0.00;-0.78;25.10;85
64382;662;41;0.00;-0.78;25.49;85
64389;664;41;0.00;-0.78;25.49;85
64399;665;41;0.00;-0.78;25.49;85
64411;666;41;0.00;-0.78;25.49;85
64420;668;41;0.00;-0.78;25.49;85
64430;669;41;0.00;-0.78;25.49;85
64439;669;41;0.00;-0.78;25.49;85
64449;669;41;0.00;-0.78;25.49;85
64459;669;41;0.00;-0.78;25.49;85
64469;669;41;0.00;-0.78;25.49;85
64481;669;41;0.00;-0.78;25.49;85
64489;669;41;0.00;-0.78;25.49;85
64499;669;41;0.00;-0.78;25.49;85
64511;670;41;0.00;-0.78;25.49;85
64520;670;41;0.00;-0.78;25.49;85
64529;671;41;0.00;-0.78;25.49;85
64540;671;41;0.78;-0.78;25.49;85
64550;671;41;0.78;-0.78;25.49;85
64558;672;41;0.78;-0.78;25.49;85
64568;672;41;0.78;-0.78;25.49;85
64581;672;41;0.78;-0.78;25.49;85
64589;672;41;0.78;-0.78;25.49;85
64601;672;41;0.78;-0.78;25.49;85
64613;673;41;0.78;-0.78;25.49;85
64630;673;41;0.78;-0.78;25.10;85
64638;673;41;0.78;-0.78;25.10;85
64649;673;41;0.78;-0.78;25.10;85
64658;673;41;0.78;-0.78;25.10;85
64668;673;41;0.78;-0.78;25.10;85
64681;673;41;0.78;-0.78;25.10;85
64688;673;41;0.78;-0.78;25.10;85
64697;673;41;0.78;-0.78;25.10;85
64710;673;41;0.78;-0.78;25.10;85
64718;672;41;0.78;-0.78;25.10;85
64730;672;41;0.78;-0.78;25.10;85
64739;672;41;0.78;-0.78;25.10;85
64750;672;41;0.78;-0.78;25.10;85
64759;673;41;0.78;-0.78;25.10;85
64770;673;41;0.78;-0.78;25.10;85
64779;674;41;0.78;-0.78;25.10;85
64788;674;41;0.78;-0.78;25.10;85
64800;675;41;0.78;-0.78;25.10;85
64811;674;41;0.78;-0.78;25.10;85
64820;674;41;0.78;-0.78;25.10;85
64828;674;41;0.78;-0.78;25.10;85
64839;674;41;0.78;-0.78;25.10;85
64848;674;41;0.78;-0.78;25.10;85
64860;674;41;0.78;-0.78;25.10;85
64868;675;41;0.78;-0.78;25.10;85
64880;675;41;0.78;-0.78;25.10;85
64889;676;41;0.78;-0.78;25.10;85
64900;677;41;0.78;-0.78;25.10;85
64911;678;41;0.78;-0.78;25.10;85
64918;679;41;0.78;-0.78;25.10;85
64930;679;41;0.78;-0.78;24.71;85
64938;678;41;0.78;-0.78;24.71;85
64950;678;41;0.78;-0.78;24.71;85
64959;677;41;0.78;-0.78;24.71;85
64969;677;41;0.78;-0.78;24.71;85
64982;677;41;0.78;-0.78;24.71;85
64988;677;41;0.78;-0.78;24.71;85
65000;677;41;0.78;-0.78;24.71;85
65011;677;41;0.78;-0.78;24.71;85
65019;677;41;0.78;-0.78;24.71;85
65029;677;41;0.78;-0.78;24.71;85
65040;678;41;0.78;-0.78;24.71;85
65049;678;41;0.78;-0.78;24.71;85
65059;678;41;0.78;-0.78;24.71;85
65068;678;41;0.78;-0.78;24.71;85
65079;678;41;0.78;-0.78;24.71;85
65089;678;41;0.78;-0.78;24.71;85
65098;678;41;0.78;-0.78;24.71;85
65112;677;41;0.78;-0.78;24.71;85
65129;676;41;0.78;-0.78;24.71;85
65142;675;41;0.78;-0.78;24.71;85
65151;674;41;0.78;-0.78;24.71;85
65158;674;41;0.78;-0.78;24.71;85
65170;673;41;0.78;-0.78;24.71;85
65178;674;41;0.78;-0.78;24.31;85
65189;675;41;0.78;-0.78;24.31;85
65199;676;41;0.78;-0.78;24.31;85
65210;677;41;0.78;-0.78;24.31;85
65220;677;41;0.78;-0.78;24.31;85
65230;678;41;0.78;-0.78;24.31;85
65240;679;41;0.78;-0.78;24.31;85
65249;679;41;0.78;-0.78;24.31;85
65259;680;41;0.78;-0.78;24.31;85
65269;680;41;0.78;-0.78;24.31;85
65280;680;41;0.78;-0.78;24.31;85
65289;681;41;0.78;-0.78;24.31;85
65300;680;41;0.78;-0.78;24.31;85
65311;679;41;0.78;-0.78;24.31;85
65320;678;41;0.78;-0.78;24.31;85
65330;677;41;0.78;-0.78;24.31;85
65339;675;41;0.78;-0.78;24.31;85
65350;674;41;0.78;-0.78;24.31;85
65360;675;41;0.78;-0.78;24.31;85
65369;675;41;0.78;-0.78;24.31;85
65383;675;41;0.78;-0.78;24.31;85
65400;675;41;0.78;-0.78;24.31;85
65412;676;41;0.78;-0.78;24.31;85
65419;676;41;0.78;-1.56;24.31;85
65430;676;41;0.78;-1.56;24.31;85
65440;676;41;0.78;-1.56;24.31;85
65450;676;41;0.78;-1.56;24.31;85
65460;676;41;0.78;-1.56;24.31;85
65468;675;41;0.78;-1.56;24.31;85
65479;675;41;0.78;-1.56;24.31;85
65489;676;41;0.78;-1.56;24.31;85
65501;676;41;0.78;-1.56;24.31;85
65510;676;41;0.78;-1.56;24.31;85
65520;676;41;0.78;-1.56;24.31;85
65529;676;41;0.78;-1.56;24.31;85
65540;676;41;0.78;-1.56;24.31;85
65549;677;41;0.78;-1.56;24.31;85
65559;678;41;0.78;-1.56;24.31;85
65570;679;41;0.78;-1.56;24.31;85
65587;680;41;0.78;-1.56;24.31;85
65601;681;41;0.00;-1.56;24.31;85
65612;682;41;0.00;-1.56;24.31;85
65631;681;41;0.00;-1.56;24.31;85
65640;680;41;0.00;-1.56;24.31;85
65649;679;41;0.00;-1.56;24.31;85
65659;678;41;0.00;-1.56;24.31;85
65670;677;41;0.00;-1.56;24.31;85
65681;676;41;0.00;-1.56;24.31;85
65690;675;41;0.00;-1.56;24.31;85
65699;675;41;0.00;-1.56;24.31;85
65712;674;41;0.00;-1.56;24.31;85
65731;674;41;0.00;-1.56;24.31;85
65738;673;41;0.00;-1.56;24.31;85
65750;673;41;0.00;-1.56;24.31;85
65758;673;41;0.00;-1.56;24.31;85
65769;673;41;0.00;-1.56;24.31;85
65781;673;41;0.00;-1.56;24.31;85
65790;673;41;0.00;-1.56;24.31;85
65800;673;41;0.00;-1.56;24.31;85
65810;674;41;0.00;-1.56;24.31;85
65820;674;41;0.00;-1.56;24.31;85
65829;675;41;0.00;-1.56;24.31;85
65839;675;41;0.00;-1.56;24.31;85
65850;675;41;0.00;-1.56;24.31;85
65861;676;41;0.00;-1.56;24.31;85
65870;676;41;0.00;-1.56;24.31;85
65884;677;41;0.00;-1.56;24.31;85
65901;678;41;0.00;-1.56;24.31;85
65912;678;41;0.00;-1.56;24.31;85
65931;679;41;0.00;-1.56;24.31;85
65940;680;41;0.00;-1.56;24.31;85
65949;680;41;0.00;-1.56;24.31;85
65959;678;41;0.00;-1.56;24.31;85
65970;675;41;0.00;-1.56;24.31;85
65979;673;41;0.00;-1.56;24.31;85
65990;670;41;0.00;-1.56;24.31;85
66000;668;41;-0.78;-1.56;24.31;85
66012;665;41;-0.78;-1.56;24.31;85
66031;666;41;-0.78;-1.56;24.71;85
66040;666;41;-0.78;-1.56;24.71;85
66049;667;41;-0.78;-1.56;24.71;85
66058;667;41;-0.78;-1.56;24.71;85
66068;668;41;-0.78;-1.56;24.71;85
66079;668;41;-0.78;-1.56;24.71;85
66091;669;41;-0.78;-1.56;24.71;85
66099;670;41;-0.78;-1.56;24.71;85
66113;671;41;-0.78;-1.56;24.71;85
66132;672;41;-0.78;-1.56;24.71;85
66149;673;41;-0.78;-1.56;24.71;85
66159;674;41;-0.78;-1.56;24.71;85
66169;674;41;-0.78;-1.56;24.71;85
66185;673;41;-0.78;-1.56;24.71;85
66200;673;41;-0.78;-1.56;24.71;85
66210;673;41;-0.78;-1.56;24.71;85
66219;673;41;-0.78;-1.56;24.71;85
66230;673;41;-0.78;-1.56;24.71;85
66241;672;41;-0.78;-1.56;24.71;85
66250;671;41;-0.78;-1.56;24.71;85
66260;671;41;-0.78;-1.56;24.71;85
66270;670;41;-0.78;-1.56;24.71;85
66279;669;41;-0.78;-1.56;24.71;85
66290;668;41;-0.78;-1.56;24.71;85
66301;667;41;-0.78;-1.56;24.71;85
66311;666;41;-0.78;-1.56;24.71;85
66320;665;41;-0.78;-1.56;24.71;85
66330;664;41;-0.78;-1.56;24.71;85
66339;663;41;-0.78;-1.56;24.71;85
66350;661;41;-0.78;-1.56;24.71;85
66360;661;41;-0.78;-1.56;25.10;85
66370;661;41;-0.78;-1.56;25.10;85
66380;661;41;-0.78;-1.56;25.10;85
66389;661;41;-0.78;-1.56;25.10;85
66401;661;41;-0.78;-1.56;25.10;85
66412;661;41;-0.78;-1.56;25.10;85
66421;663;41;-0.78;-1.56;25.10;85
66430;665;41;-0.78;-1.56;25.10;85
66439;667;41;-0.78;-1.56;25.10;85
66451;669;41;-0.78;-1.56;25.10;85
66461;671;41;-0.78;-1.56;25.10;85
66471;672;41;-0.78;-1.56;25.10;85
66483;673;41;-0.78;-1.56;25.10;85
66499;673;41;-0.78;-1.56;25.10;85
66513;674;41;-0.78;-1.56;25.10;85
66530;674;41;-0.78;-1.56;25.10;85
66540;675;41;-0.78;-1.56;25.10;85
66549;675;41;-0.78;-1.56;25.10;85
66560;675;41;-0.78;-1.56;25.10;85
66571;675;41;-0.78;-1.56;25.10;85
66580;674;41;-0.78;-1.56;25.10;85
66590;674;41;-0.78;-1.56;25.10;85
66599;674;41;-0.78;-1.56;25.10;85
66612;673;41;-0.78;-1.56;25.10;85
66629;674;41;-0.78;-1.56;25.10;85
66641;674;41;-0.78;-1.56;25.10;85
66650;675;41;-0.78;-1.56;25.10;85
66661;675;41;-0.78;-1.56;25.10;85
66671;675;41;-0.78;-1.56;25.10;85
66681;676;41;-0.78;-0.78;25.10;85
66692;674;41;-0.78;-0.78;25.10;85
66699;673;41;-0.78;-0.78;25.10;85
66710;671;41;-0.78;-0.78;25.10;85
66721;670;41;-0.78;-0.78;25.10;85
66729;669;41;-0.78;-0.78;25.10;85
66740;667;41;-0.78;-1.56;25.10;85
66751;667;41;-0.78;-1.56;25.10;85
66760;667;41;-0.78;-1.56;25.10;85
66772;668;41;-0.78;-1.56;25.10;85
66783;668;41;-0.78;-1.56;25.10;85
66800;668;41;-0.78;-1.56;25.10;85
66812;668;41;-0.78;-0.78;25.10;85
66819;668;41;-0.78;-0.78;25.10;85
66830;669;41;-0.78;-0.78;25.10;85
66840;670;41;-0.78;-0.78;25.10;85
66850;670;41;-0.78;-0.78;25.10;85
66860;671;41;-0.78;-0.78;25.10;85
66870;671;41;-0.78;-0.78;25.10;85
66881;672;41;-0.78;-0.78;25.10;85
66890;674;41;-0.78;-0.78;25.10;85
66901;675;41;-0.78;-0.78;25.10;85
66913;676;41;-0.78;-0.78;25.10;85
66931;678;41;-0.78;-0.78;25.10;85
66942;679;41;-0.78;-0.78;25.10;85
66961;678;41;-0.78;-0.78;25.10;85
66972;678;41;-0.78;-0.78;25.10;85
66981;677;41;-0.78;-0.78;25.10;85
66989;677;41;-0.78;-0.78;25.10;85
67001;676;41;-0.78;-0.78;25.10;85
67012;675;41;-0.78;-0.78;25.10;85
67031;674;41;-0.78;-0.78;24.71;85
67039;672;41;-0.78;-0.78;24.71;85
67051;670;41;-0.78;-0.78;24.71;85
67060;668;41;-0.78;-0.78;24.71;85
67069;666;41;-0.78;-0.78;24.71;85
67083;664;41;-0.78;0.00;24.71;85
67099;664;41;-0.78;0.00;24.71;85
67112;663;41;-0.78;0.00;24.71;85
67121;662;41;-0.78;0.00;24.71;85
67128;661;41;-0.78;0.00;24.71;85
67141;660;41;-0.78;0.00;24.71;85
67150;660;41;-0.78;0.00;24.71;85
67161;662;41;-0.78;0.00;25.10;85
67170;665;41;-0.78;0.00;25.10;85
67181;668;41;-0.78;0.00;25.10;85
67191;671;41;-0.78;0.00;25.10;85
67199;674;41;0.00;0.00;25.10;85
67212;676;41;0.00;0.00;25.10;85
67230;677;41;0.00;0.00;25.10;85
67239;677;41;0.00;0.00;25.10;85
67250;678;41;0.00;0.00;25.10;85
67259;678;41;0.00;0.00;25.10;85
67270;679;41;0.00;0.00;25.10;85
67281;679;41;0.00;0.00;25.10;85
67290;678;41;0.00;0.00;25.10;85
67299;678;41;0.00;0.00;25.10;85
67314;677;41;0.00;0.00;25.10;85
67330;676;41;0.00;0.00;25.10;85
67340;676;41;0.00;0.00;25.10;85
67349;675;41;0.00;0.00;25.10;85
67358;674;41;0.00;0.00;25.10;85
67371;673;41;0.00;0.00;25.10;85
67383;672;41;0.00;0.00;25.10;85
67402;671;41;0.00;0.00;25.10;85
67412;671;41;0.00;0.00;25.10;85
67430;670;41;0.00;0.00;25.10;85
67438;669;41;0.00;0.00;24.71;85
67448;669;41;0.00;0.00;24.71;85
67460;669;41;0.00;0.00;24.71;85
67468;668;41;0.00;0.00;24.71;85
67481;668;41;0.00;0.00;24.71;85
67490;667;41;0.00;0.00;24.71;85
67500;669;41;0.00;0.00;24.71;85
67512;670;41;0.00;0.00;24.71;85
67521;671;41;0.00;0.00;24.71;85
67529;672;41;0.00;0.00;24.71;85
67539;674;41;0.00;0.00;24.71;85
67550;675;41;0.00;0.00;24.71;85
67559;675;41;0.00;0.00;25.10;85
67568;676;41;0.00;0.00;25.10;85
67580;677;41;0.00;0.00;25.10;85
67590;677;41;0.00;0.00;25.10;85
67599;678;41;0.00;0.00;25.10;85
67614;678;41;0.00;0.00;25.10;85
67628;678;41;0.00;0.00;24.71;85
67641;677;41;0.00;0.00;24.71;85
67648;676;41;0.00;0.00;24.71;85
67658;675;41;0.00;0.00;24.71;85
67670;674;41;0.00;0.00;24.71;85
67682;673;41;0.00;0.00;24.71;85
67701;673;41;0.00;0.00;24.71;85
67712;672;41;0.00;0.00;24.71;85
67728;671;41;0.00;0.00;24.71;85
67740;671;41;0.00;0.00;24.71;85
67749;670;41;0.00;0.00;24.71;85
67760;669;41;0.00;0.00;24.71;85
67771;670;41;0.00;0.00;24.71;85
67780;670;41;0.00;0.00;24.71;85
67789;670;41;0.00;0.00;24.71;85
67800;671;41;0.00;0.00;24.71;85
67812;671;41;0.78;0.00;24.71;85
67818;671;41;0.78;0.00;24.71;85
67829;672;41;0.78;0.00;24.71;85
67839;672;41;0.78;0.00;24.71;85
67849;672;41;0.78;0.00;24.71;85
67860;673;41;0.78;0.00;24.71;85
67868;673;41;0.78;0.00;24.71;85
67882;674;41;0.78;0.00;24.71;85
67890;674;41;0.78;0.00;24.71;85
67899;674;41;0.78;0.00;24.71;85
67911;673;41;0.78;0.00;24.71;85
67919;673;41;0.78;0.00;24.71;85
67929;673;41;0.78;0.00;24.71;85
67939;673;41;0.78;0.00;24.71;85
67949;673;41;0.78;0.00;24.71;85
67958;672;41;0.78;0.00;24.71;85
67969;671;41;0.78;0.00;24.71;85
67983;670;41;0.78;0.00;24.71;85
68000;669;41;0.78;0.00;24.71;85
68011;669;41;0.78;0.00;24.71;85
68017;669;41;0.78;0.00;24.71;85
68029;669;41;0.78;0.00;24.71;85
68038;669;41;0.78;0.00;24.71;85
68048;669;41;0.78;0.00;24.71;85
68058;669;41;0.78;0.00;24.71;85
68069;669;41;0.78;0.00;24.71;85
68079;669;41;0.78;0.00;25.10;85
68089;670;41;0.78;0.00;25.10;85
68098;670;41;0.78;0.00;25.10;85
68112;670;41;0.78;0.00;25.10;85
68119;671;41;1.56;0.00;25.10;85
68130;671;41;1.56;0.00;25.10;85
68139;672;41;1.56;0.00;25.10;85
68148;673;41;1.56;0.00;25.10;85
68159;674;41;1.56;0.00;25.10;85
68168;675;41;1.56;0.00;25.10;85
68180;676;41;1.56;0.00;25.10;85
68189;677;41;1.56;0.00;25.10;85
68198;677;41;1.56;0.00;25.10;85
68211;677;41;1.56;0.00;25.10;85
68220;677;41;1.56;0.00;25.10;85
68229;677;41;1.56;0.00;25.10;85
68241;678;41;1.56;0.00;25.10;85
68249;678;41;1.56;0.00;25.10;85
68259;677;41;1.56;0.00;24.71;85
68269;676;41;1.56;0.00;24.71;85
68280;675;41;1.56;0.00;24.71;85
68288;674;41;1.56;0.00;24.71;85
68298;673;41;1.56;0.00;24.71;85
68312;672;41;1.56;0.00;24.71;85
68329;672;41;1.56;0.00;24.71;85
68338;671;41;1.56;0.00;24.71;85
68349;671;41;1.56;0.00;24.71;85
68360;671;41;1.56;0.00;24.71;85
68370;671;41;1.56;0.00;24.71;85
68377;670;41;1.56;0.00;24.71;85
68390;671;41;1.56;0.00;24.71;85
68399;672;41;1.56;0.00;24.71;85
68412;673;41;1.56;0.00;24.71;85
68430;674;41;1.56;0.00;24.71;85
68439;674;41;1.56;0.00;24.71;85
68450;675;41;1.56;0.00;24.71;85
68459;676;41;1.56;0.00;24.71;85
68469;676;41;1.56;0.00;24.71;85
68477;677;41;1.56;0.00;24.71;85
68489;678;41;1.56;0.00;24.71;85
68499;678;41;1.56;0.00;24.71;85
68511;679;41;1.56;0.00;24.71;85
68519;679;41;1.56;0.00;24.71;85
68530;678;41;1.56;0.00;24.71;85
68538;678;41;1.56;0.00;24.71;85
68549;677;41;1.56;0.00;24.71;85
68560;677;41;1.56;0.00;24.71;85
68568;677;41;1.56;0.00;24.71;85
68584;676;41;1.56;0.00;24.71;85
68598;676;41;1.56;0.00;24.71;85
68613;676;41;1.56;0.00;24.71;85
68629;676;41;1.56;0.00;24.71;85
68640;676;41;1.56;0.00;24.71;85
68648;675;41;1.56;0.00;24.71;85
68660;675;41;1.56;0.00;24.71;85
68669;676;41;1.56;0.00;24.71;85
68678;676;41;1.56;0.00;24.71;85
68688;676;41;1.56;0.00;24.71;85
68698;676;41;1.56;0.00;24.71;85
68710;676;41;1.56;0.00;24.71;85
68719;676;41;1.56;0.00;24.71;85
68730;676;41;1.56;0.00;24.71;85
68739;676;41;1.56;0.00;24.71;85
68748;675;41;1.56;0.00;24.71;85
68760;675;41;1.56;0.00;24.71;85
68769;675;41;1.56;0.00;24.71;85
68781;674;41;1.56;0.00;24.71;85
68789;673;41;1.56;0.00;24.71;85
68798;672;41;1.56;0.00;24.71;85
68812;671;41;1.56;0.00;24.71;85
68819;670;41;1.56;0.00;24.71;85
68830;669;41;1.56;0.00;24.71;85
68838;669;41;1.56;0.00;24.71;85
68849;670;41;1.56;0.00;24.71;85
68859;670;41;1.56;0.00;24.71;85
68870;671;41;1.56;0.00;24.71;85
68880;671;41;1.56;0.00;24.71;85
68888;672;41;1.56;0.00;24.71;85
68900;673;41;1.56;0.00;24.71;85
68911;674;41;1.56;0.00;24.71;85
68920;674;41;1.56;0.00;24.71;85
68928;675;41;1.56;0.00;24.71;85
68940;676;41;1.56;0.00;24.71;85
68949;677;41;1.56;0.00;24.71;85
68958;678;41;1.56;0.00;24.71;85
68968;679;41;1.56;0.00;24.71;85
68979;679;41;1.56;0.00;24.71;85
68990;680;41;1.56;0.00;24.71;85
68998;680;41;1.56;0.00;24.71;85
69011;681;41;1.56;0.00;24.71;85
69020;680;41;1.56;0.00;24.71;85
69029;680;41;1.56;0.00;24.71;85
69039;679;41;1.56;0.00;24.71;85
69049;679;41;1.56;0.00;24.71;85
69058;678;41;0.78;0.00;24.71;85
69070;678;41;0.78;0.00;24.71;85
69080;677;41;0.78;0.00;24.71;85
69088;676;41;0.78;0.00;24.71;85
69100;676;41;0.78;0.00;24.71;85
69110;675;41;0.78;0.00;24.71;85
69121;674;41;0.78;0.00;24.71;85
69128;674;41;0.78;0.00;24.71;85
69140;673;41;0.78;0.00;24.71;85
69149;673;41;0.78;0.00;24.71;85
69158;672;41;0.78;0.00;24.71;85
69169;672;41;0.78;0.00;24.71;85
69182;671;41;0.78;0.00;24.71;85
69200;671;41;0.78;0.00;24.71;85
69210;670;41;0.78;0.00;24.71;85
69220;669;41;0.78;0.00;24.71;85
69228;668;41;0.78;0.00;24.71;85
69239;668;41;0.78;0.00;24.71;85
69249;667;41;0.78;0.00;24.71;85
69261;666;41;0.78;0.00;24.71;85
69270;668;41;0.78;0.00;24.71;85
69280;669;41;0.78;0.00;24.71;85
69289;671;41;0.78;0.00;24.71;85
69301;672;41;0.78;0.00;24.71;85
69311;673;41;0.00;0.00;24.71;85
69319;675;41;0.00;0.00;24.71;85
69330;676;41;0.00;0.00;24.71;85
69339;676;41;0.00;0.00;24.71;85
69349;677;41;0.00;0.00;24.71;85
69361;677;41;0.00;0.00;24.71;85
69368;678;41;0.00;0.00;24.71;85
69380;679;41;0.00;0.00;24.71;85
69391;677;41;0.00;0.00;24.71;85
69398;676;41;0.00;0.00;24.71;85
69410;675;41;0.00;0.00;24.71;85
69420;674;41;0.00;0.00;24.71;85
69429;673;41;0.00;0.00;24.71;85
69438;672;41;0.00;0.00;24.71;85
69448;671;41;0.00;0.00;24.71;85
69460;671;41;0.00;0.00;24.71;85
69470;670;41;0.00;0.00;24.71;85
69480;669;41;0.00;0.00;24.71;85
69489;669;41;0.00;0.00;24.71;85
69499;668;41;0.00;0.00;24.71;85
69511;668;41;0.00;0.00;24.71;85
69519;668;41;0.00;0.00;24.71;85
69530;668;41;0.00;0.00;24.71;85
69540;668;41;0.00;0.00;24.71;85
69550;668;41;0.00;0.00;24.71;85
69559;667;41;0.00;0.00;24.71;85
69568;667;41;0.00;0.00;25.10;85
69579;667;41;0.00;0.00;25.10;85
69590;667;41;0.00;0.00;25.10;85
69602;667;41;0.00;0.00;25.10;85
69615;667;41;0.00;0.00;25.10;85
69628;667;41;0.00;0.00;25.10;85
69639;668;41;0.00;0.00;25.10;85
69650;670;41;0.00;0.00;25.10;85
69659;671;41;0.00;0.00;25.10;85
69669;672;41;0.00;0.00;25.10;85
69679;674;41;0.00;0.00;25.10;85
69688;675;41;0.00;0.00;25.10;85
69699;675;41;0.00;0.00;25.10;85
69711;675;41;0.00;0.00;25.10;85
69718;674;41;0.00;0.00;25.10;85
69729;674;41;0.00;0.00;25.10;85
69738;674;41;0.00;0.00;25.10;85
69749;673;41;0.00;0.00;25.10;85
69758;673;41;0.00;0.00;25.10;85
69770;673;41;0.00;0.00;25.10;85
69781;673;41;0.00;0.00;25.10;85
69788;672;41;0.00;0.00;25.10;85
69798;672;41;0.00;0.00;25.10;85
69812;672;41;0.00;0.00;25.10;85
69818;672;41;0.00;0.00;25.10;85
69830;673;41;0.00;0.00;25.10;85
69839;674;41;0.00;0.00;25.10;85
69850;674;41;0.00;0.00;25.10;85
69859;675;41;0.00;0.00;25.10;85
69870;676;41;0.00;0.00;25.10;85
69880;675;41;0.00;0.00;25.10;85
69889;674;41;0.00;0.00;25.10;85
69898;673;41;0.00;0.00;25.10;85
69911;672;41;0.00;0.00;25.10;85
69919;672;41;0.00;0.00;25.10;85
69930;671;41;0.00;0.00;25.10;85
69940;670;41;0.00;0.00;25.10;85
69949;669;41;0.00;0.00;25.10;85
69960;669;41;0.00;0.00;25.10;85
69969;668;41;0.00;0.00;25.10;85
69978;668;41;0.00;0.00;25.10;85
69990;667;41;0.00;0.00;25.10;85
70000;668;41;0.00;0.00;25.10;85
70011;669;41;0.00;0.00;25.10;85
70018;669;41;0.00;0.00;25.10;85
70030;670;42;0.00;0.00;25.10;85
70039;671;42;0.00;0.00;25.10;85
70049;672;42;0.00;0.00;25.10;85
70060;672;42;0.00;0.00;25.10;85
70068;672;42;0.00;0.00;25.10;85
70082;673;42;0.00;0.00;25.10;85
70091;673;42;0.00;0.00;25.10;85
70100;673;42;0.00;0.00;25.10;85
70111;674;42;0.00;0.00;25.10;85
70121;673;42;0.00;0.00;25.10;85
70129;673;42;0.00;0.00;25.10;85
70139;672;42;0.00;0.00;25.10;85
70150;672;41;0.00;0.00;25.10;85
70159;671;41;0.00;0.00;25.10;85
70168;671;41;0.00;0.00;25.10;85
70180;671;41;0.00;0.00;25.10;85
70189;670;41;0.00;0.00;25.10;85
70200;670;41;0.00;0.00;25.10;85
70211;670;41;0.00;0.00;25.10;85
70220;670;41;0.00;0.00;25.10;85
70231;670;41;0.00;0.00;25.10;85
70239;670;41;0.00;0.00;25.10;85
70252;670;41;0.00;0.00;25.10;85
70260;670;41;0.00;0.00;25.10;85
70269;670;41;0.00;0.00;25.10;85
70280;671;41;0.00;0.00;25.10;85
70291;671;41;0.00;0.00;25.10;85
70301;670;41;0.00;0.00;25.10;85
70312;669;41;0.00;0.00;25.10;85
70321;668;41;0.00;0.00;25.10;85
70330;667;41;0.00;0.00;25.10;85
70339;666;41;0.78;0.00;25.10;85
70351;665;41;0.78;0.00;25.10;85
70359;666;41;0.78;0.00;25.10;85
70370;668;41;0.78;0.00;25.10;85
70382;669;41;0.78;0.00;25.10;85
70400;670;41;0.78;0.00;25.10;85
70409;672;41;0.78;0.00;25.10;85
70419;673;41;0.78;0.00;25.10;85
70431;674;41;0.78;0.00;25.10;85
70440;674;41;0.78;0.00;25.10;85
70450;674;41;0.78;0.00;25.10;85
70460;674;42;0.78;0.00;25.10;85
70470;675;42;0.78;0.00;25.10;85
70479;675;42;0.78;0.00;25.10;85
70489;675;42;0.78;0.00;25.10;85
70500;675;42;0.78;0.00;25.10;85
70511;675;42;0.78;0.00;25.10;85
70520;676;42;0.78;0.00;25.10;85
70529;676;42;0.78;0.00;25.10;85
70540;676;42;0.78;0.78;25.10;85
70548;676;42;0.78;0.78;25.10;85
70559;676;42;0.78;0.78;25.10;85
70570;676;42;0.78;0.78;25.10;85
70581;676;41;0.78;0.78;25.10;85
70589;676;41;0.78;0.78;25.10;85
70600;676;41;0.78;0.78;25.10;85
70613;676;41;0.78;0.78;25.10;85
70629;675;41;0.78;0.78;25.10;85
70640;674;41;0.78;0.78;25.10;85
70651;674;41;0.78;0.78;25.10;85
70660;673;41;0.78;0.78;25.10;85
70670;673;41;0.78;0.78;25.10;85
70682;672;41;0.78;0.78;25.10;85
70690;672;41;0.78;0.78;25.10;85
70699;672;41;0.78;0.78;25.10;85
70710;671;41;0.78;0.78;25.10;85
70720;671;41;0.78;0.78;25.10;85
70729;670;41;0.78;0.78;25.10;85
70740;671;41;0.78;0.78;25.10;85
70749;672;41;0.78;0.78;25.10;85
70762;673;41;0.78;0.78;25.10;85
70779;674;41;0.78;0.78;25.10;85
70789;674;41;1.56;0.78;25.10;85
70800;675;41;1.56;0.78;25.10;85
70812;675;41;1.56;0.78;25.10;85
70831;676;41;1.56;0.78;25.10;85
70839;676;41;1.56;0.78;25.10;85
70848;676;42;1.56;0.78;25.10;85
70861;676;42;1.56;0.78;25.10;85
70871;677;42;1.56;0.00;25.10;85
70879;677;42;1.56;0.00;24.71;85
70891;677;42;1.56;0.00;24.71;85
70899;677;42;1.56;0.00;24.71;85
70910;677;42;1.56;0.00;24.71;85
70921;677;42;1.56;0.00;24.71;85
70929;677;42;1.56;0.00;24.71;85
70940;676;42;1.56;0.00;24.71;85
70950;675;42;1.56;0.00;24.71;85
70956;675;42;1.56;0.00;24.71;85
70969;674;41;1.56;0.00;24.71;85
70981;674;41;1.56;0.00;24.71;85
70991;673;41;1.56;0.00;24.71;85
70999;672;41;1.56;0.00;24.71;85
71010;672;41;1.56;0.00;24.71;85
71017;671;41;1.56;0.00;24.71;85
71031;670;41;1.56;0.00;24.71;85
71040;670;41;1.56;0.00;24.71;85
71049;669;41;1.56;0.00;24.71;85
71058;671;41;1.56;0.00;24.71;85
71071;672;41;1.56;0.00;24.71;85
71080;674;41;1.56;0.00;24.71;85
71090;675;41;1.56;0.00;24.71;85
71100;677;41;2.34;0.00;24.71;85
71109;678;41;2.34;0.00;24.71;85
71118;679;41;2.34;0.00;24.71;85
71131;679;41;2.34;0.00;24.71;85
71139;680;41;2.34;0.00;24.71;85
71147;680;42;2.34;0.00;24.71;85
71160;681;42;2.34;0.00;24.71;85
71166;681;42;2.34;0.00;24.71;85
71181;680;42;2.34;0.00;24.71;85
71192;679;42;2.34;0.00;24.71;85
71210;678;42;2.34;0.00;24.71;85
71220;677;42;2.34;0.00;24.71;85
71228;676;42;2.34;0.00;24.71;85
71238;674;42;2.34;0.00;24.71;85
71249;675;42;2.34;0.00;24.71;85
71258;676;42;2.34;0.00;24.71;85
71268;677;42;2.34;0.00;24.71;85
71282;677;41;2.34;0.00;24.71;85
71290;678;41;2.34;0.00;24.71;85
71298;679;41;2.34;0.00;24.71;85
71309;678;41;2.34;0.00;24.71;85
71321;677;41;2.34;0.00;24.71;85
71328;676;41;2.34;0.00;24.71;85
71337;676;41;2.34;0.00;24.71;85
71351;675;41;2.34;0.00;24.71;85
71359;674;41;2.34;0.00;24.71;85
71369;675;41;2.34;0.00;24.71;85
71381;675;41;2.34;0.00;24.71;85
71387;676;41;2.34;0.00;24.71;85
71399;677;41;2.34;0.00;24.71;85
71412;677;41;2.34;0.00;24.71;85
71430;678;41;2.34;0.00;24.71;85
71440;678;41;2.34;0.00;24.71;85
71447;679;41;2.34;0.00;24.71;85
71458;679;41;2.34;0.00;24.71;85
71469;680;41;2.34;0.00;24.71;85
71480;680;41;2.34;0.00;24.71;85
71488;681;41;2.34;0.00;24.71;85
71500;681;41;2.34;0.00;24.71;85
71509;681;41;2.34;0.00;24.71;85
71519;681;41;2.34;0.00;24.71;85
71530;681;42;2.34;0.00;24.71;85
71537;681;42;1.56;0.00;24.71;85
71549;681;42;1.56;0.00;24.71;85
71557;680;42;1.56;0.00;24.71;85
71569;680;42;1.56;0.00;24.71;85
71584;679;42;1.56;0.00;24.71;85
71600;678;42;1.56;0.00;24.71;85
71613;678;42;1.56;0.00;24.71;85
71627;677;42;1.56;0.00;24.71;85
71639;677;42;1.56;0.00;24.71;85
71648;677;42;1.56;0.00;24.71;85
71658;678;42;1.56;0.00;24.71;85
71670;678;41;1.56;0.00;24.71;85
71681;678;41;1.56;0.00;24.71;85
71690;678;41;1.56;0.00;24.71;85
71699;678;41;1.56;0.00;24.71;85
71710;677;41;1.56;0.00;24.71;85
71718;677;41;1.56;0.00;24.71;85
71729;676;41;1.56;0.00;24.71;85
71737;676;41;1.56;0.00;24.71;85
71749;675;41;1.56;0.00;24.71;85
71758;676;41;1.56;0.00;24.71;85
71768;676;41;1.56;0.00;24.71;85
71780;677;41;1.56;0.00;24.71;85
71789;677;41;1.56;0.00;24.71;85
71798;678;41;1.56;0.00;24.71;85
71812;678;41;1.56;0.00;24.71;85
71828;678;41;1.56;0.00;24.31;85
71840;678;41;1.56;0.00;24.31;85
71849;678;41;1.56;0.00;24.31;85
71859;677;42;1.56;0.00;24.31;85
71868;677;42;1.56;0.00;24.31;85
71880;677;42;1.56;0.00;24.31;85
71889;676;42;1.56;0.00;24.31;85
71898;676;42;1.56;0.00;24.31;85
71910;675;42;1.56;0.00;24.31;85
71919;674;42;1.56;0.00;24.31;85
71928;674;42;1.56;0.00;24.31;85
71939;673;42;1.56;0.00;24.31;85
71948;673;42;1.56;0.00;24.71;85
71959;674;42;1.56;0.00;24.71;85
71968;674;42;1.56;0.00;24.71;85
71979;674;41;1.56;0.00;24.71;85
71988;675;41;1.56;0.00;24.71;85
72000;675;41;1.56;0.00;24.71;85
72011;675;41;1.56;0.00;24.71;85
72020;674;41;1.56;0.00;24.71;85
72030;674;41;1.56;0.00;24.71;85
72038;673;42;1.56;0.00;24.71;85
72048;673;42;1.56;0.00;24.71;85
72058;673;42;1.56;0.00;24.71;85
72070;672;42;1.56;0.00;24.71;85
72082;672;42;1.56;0.00;24.71;85
72098;671;42;1.56;0.00;24.71;85
72111;671;42;1.56;0.00;24.71;85
72119;671;42;1.56;0.00;24.71;85
72130;670;42;1.56;0.00;24.71;85
72139;671;42;1.56;0.00;24.71;85
72149;672;42;1.56;0.00;24.71;85
72158;674;42;1.56;0.00;24.71;85
72169;675;41;1.56;0.00;24.71;85
72181;676;41;1.56;0.00;24.71;85
72187;677;41;1.56;0.00;24.71;85
72199;677;41;1.56;0.00;24.71;85
72209;677;41;1.56;0.00;24.71;85
72217;677;41;1.56;0.00;24.71;85
72228;677;42;1.56;0.00;24.71;85
72239;677;42;0.78;0.00;24.71;85
72248;677;42;0.78;0.00;24.71;85
72259;676;42;0.78;0.00;24.71;85
72267;675;42;0.78;0.00;24.71;85
72280;674;42;0.78;0.00;24.71;85
72289;673;42;0.78;0.00;24.71;85
72300;672;42;0.78;0.00;24.71;85
72311;671;42;0.78;0.00;24.71;85
72319;671;42;0.78;0.00;24.71;85
72327;671;42;0.78;0.00;24.71;85
72339;671;42;0.78;0.00;24.71;85
72348;672;41;0.78;0.00;24.71;85
72357;672;41;0.78;0.00;24.71;85
72369;672;41;0.78;0.00;24.71;85
72379;672;41;0.78;0.00;24.71;85
72388;671;41;0.78;0.00;24.71;85
72398;671;41;0.78;0.00;24.71;85
72412;671;41;0.78;0.00;24.71;85
72430;670;41;0.78;0.00;24.71;85
72438;670;41;0.78;0.00;24.71;85
72450;671;41;0.78;0.00;25.10;85
72457;671;41;0.78;0.00;25.10;85
72469;672;41;0.78;0.00;25.10;85
72479;673;42;0.78;0.00;25.10;85
72489;674;42;0.78;0.00;25.10;85
72498;675;42;0.78;0.00;25.10;85
72511;675;42;0.78;0.00;25.10;85
72519;676;42;0.78;0.00;25.10;85
72528;676;42;0.78;0.00;25.10;85
72541;676;42;0.78;0.00;25.10;85
72549;677;42;0.78;0.00;25.10;85
72558;677;42;0.78;0.00;25.10;85
72569;676;42;0.78;0.00;25.10;85
72578;676;42;0.78;0.00;25.10;85
72587;675;42;0.78;0.00;25.10;85
72601;674;42;0.78;0.00;25.10;85
72614;674;42;0.78;0.00;25.10;85
72630;673;42;0.78;0.00;25.10;85
72638;673;42;0.78;0.00;25.10;85
72647;673;42;0.78;0.00;25.10;85
72660;673;42;0.78;0.00;25.10;85
72669;673;41;0.78;0.00;25.10;85
72677;673;41;0.78;0.00;25.10;85
72689;673;41;0.78;0.00;25.10;85
72698;673;41;0.78;0.00;25.10;85
72711;673;41;0.78;0.00;25.10;85
72719;673;41;0.78;0.00;25.10;85
72730;673;42;0.78;0.00;25.10;85
72739;673;42;0.78;0.00;25.10;85
72748;673;42;0.78;0.00;25.10;85
72759;673;42;0.78;0.00;25.10;85
72769;673;42;0.78;0.00;25.10;85
72780;672;42;0.78;0.00;25.10;85
72791;672;42;0.78;0.00;25.10;85
72799;672;42;0.00;0.00;25.10;85
72810;672;42;0.00;0.00;25.10;85
72818;673;42;0.00;0.00;25.10;85
72829;673;42;0.00;0.00;25.10;85
72838;674;42;0.00;0.00;25.10;85
72849;674;41;0.00;0.00;25.10;85
72860;674;41;0.00;0.00;25.10;85
72869;675;41;0.00;0.00;25.10;85
72877;675;41;0.00;0.00;25.10;85
72891;675;41;0.00;0.00;25.10;85
72899;675;41;0.00;0.00;25.10;85
72910;675;41;0.00;0.00;25.10;85
72919;675;41;0.00;0.00;25.10;85
72928;675;41;0.00;0.78;25.10;85
72938;675;41;0.00;0.78;25.10;85
72949;676;41;0.00;0.78;25.10;85
72958;676;41;0.00;0.78;25.10;85
72969;676;42;0.00;0.78;25.10;85
72978;676;42;0.00;0.78;25.10;85
72990;676;42;0.00;0.78;25.10;85
72999;675;42;0.00;0.78;25.10;85
73012;674;42;0.00;0.78;25.10;85
73029;674;42;0.00;0.78;25.10;85
73038;673;42;0.00;0.78;25.10;85
73049;672;42;0.78;0.78;25.10;85
73058;672;42;0.78;0.78;25.10;85
73069;672;42;0.78;0.78;25.10;85
73081;671;42;0.78;0.78;25.10;85
73088;671;42;0.78;0.78;25.10;85
73099;671;42;0.78;0.78;25.10;85
73111;671;42;0.78;0.78;25.10;85
73120;671;42;0.78;0.78;25.10;85
73130;671;42;0.78;0.78;25.10;85
73139;671;42;0.78;0.78;25.10;85
73150;671;42;0.78;0.78;25.10;85
73160;671;42;0.78;0.78;25.10;85
73169;671;42;0.78;0.78;25.10;85
73179;671;42;0.78;0.78;25.10;85
73189;672;42;0.78;0.78;25.10;85
73198;673;42;0.78;0.78;25.10;85
73209;674;42;0.78;0.78;25.10;85
73218;675;42;0.78;0.78;25.10;85
73229;676;42;0.78;0.78;25.10;85
73239;677;42;0.78;0.78;25.10;85
73249;677;42;0.78;0.78;25.10;85
73260;677;42;0.78;0.78;25.10;85
73269;677;42;0.78;0.78;25.10;85
73278;676;41;0.78;0.78;25.10;85
73288;676;41;0.78;0.78;25.10;85
73299;676;41;0.78;0.78;25.10;85
73308;676;41;0.78;0.78;25.10;85
73319;675;41;0.78;0.78;25.10;85
73328;675;41;0.78;0.78;25.10;85
73339;675;42;0.78;0.78;25.10;85
73349;674;42;0.78;0.78;25.10;85
73357;674;42;0.78;0.78;25.10;85
73369;674;42;0.78;0.78;25.10;85
73381;675;42;0.78;0.78;25.10;85
73390;675;42;0.78;0.78;25.10;85
73400;675;42;0.78;0.78;25.10;85
73409;676;42;0.78;0.78;25.10;85
73419;676;42;0.78;0.78;25.10;85
73428;677;42;0.78;0.78;24.71;85
73439;677;42;0.78;0.78;24.71;85
73448;678;42;0.78;0.78;24.71;85
73459;678;42;0.78;0.78;24.71;85
73473;679;42;1.56;0.78;24.71;85
73491;679;42;1.56;0.78;24.71;85
73499;679;42;1.56;0.78;24.71;85
73508;678;42;1.56;0.78;24.71;85
73519;677;42;1.56;0.78;24.71;85
73528;677;42;1.56;0.78;24.71;85
73539;676;42;1.56;0.78;24.71;85
73550;676;42;1.56;0.78;24.71;85
73558;677;42;1.56;0.78;24.71;85
73569;677;42;1.56;0.78;24.71;85
73578;678;42;1.56;0.78;24.71;85
73590;679;42;1.56;0.78;24.71;85
73599;680;42;1.56;0.78;24.71;85
73612;681;42;1.56;0.78;24.71;85
73630;679;42;1.56;0.78;24.71;85
73641;677;42;1.56;0.78;24.71;85
73648;675;42;1.56;0.78;24.71;85
73658;673;42;1.56;0.78;24.71;85
73670;672;42;1.56;0.78;24.71;85
73681;670;42;1.56;0.78;24.71;85
73690;671;42;1.56;0.78;24.71;85
73698;671;42;1.56;0.78;24.71;85
73709;672;42;1.56;0.78;24.71;85
73720;673;42;1.56;0.78;24.71;85
73729;673;42;1.56;0.78;24.71;85
73740;674;42;1.56;0.78;24.71;85
73749;674;42;1.56;0.78;24.71;85
73760;674;42;1.56;0.78;24.71;85
73769;674;42;1.56;0.78;24.71;85
73780;674;42;1.56;0.78;24.71;85
73788;674;42;1.56;0.78;24.71;85
73799;674;42;1.56;0.78;24.71;85
73809;675;42;1.56;0.78;24.71;85
73818;677;42;1.56;0.78;24.71;85
73830;678;42;1.56;0.78;24.71;85
73840;679;42;1.56;0.78;24.71;85
73849;681;42;1.56;0.78;24.71;85
73858;682;42;1.56;0.78;24.71;85
73869;683;42;1.56;0.78;24.71;85
73878;683;42;1.56;0.78;24.71;85
73889;683;42;1.56;0.78;24.71;85
73899;683;42;1.56;0.78;24.71;85
73908;684;42;1.56;0.78;24.71;85
73921;684;42;1.56;0.78;24.71;85
73931;684;42;1.56;0.78;24.71;85
73940;683;42;1.56;0.78;24.71;85
73949;683;42;1.56;0.78;24.71;85
73959;683;42;1.56;0.78;24.71;85
73968;683;42;1.56;0.78;24.71;85
73981;682;42;1.56;0.78;24.71;85
73990;681;42;1.56;0.78;24.71;85
73999;680;42;1.56;0.78;24.71;85
74010;679;42;1.56;0.78;24.71;85
74018;678;42;1.56;0.78;24.71;85
74029;676;42;1.56;0.78;24.71;85
74039;675;42;1.56;0.78;24.71;85
74050;676;42;1.56;0.78;24.71;85
74059;676;42;1.56;0.78;24.71;85
74071;677;42;1.56;0.78;24.71;85
74079;677;42;1.56;0.78;24.71;85
74089;678;42;1.56;0.78;24.71;85
74098;678;42;1.56;0.78;24.71;85
74109;679;42;1.56;0.78;24.71;85
74119;680;42;1.56;0.78;24.71;85
74130;681;42;1.56;0.78;24.71;85
74138;682;42;1.56;0.78;24.71;85
74151;683;42;1.56;0.78;24.71;85
74160;684;42;1.56;0.78;24.71;85
74170;683;42;1.56;0.78;24.31;85
74179;682;42;1.56;0.78;24.31;85
74190;682;42;1.56;0.78;24.31;85
74200;681;42;1.56;0.78;24.31;85
74209;680;42;1.56;0.78;24.31;85
74219;679;42;1.56;0.78;24.31;85
74228;679;42;1.56;0.78;24.31;85
74240;680;42;1.56;0.78;24.31;85
74250;680;42;1.56;0.78;24.31;85
74259;681;42;1.56;0.78;24.31;85
74271;681;42;1.56;0.78;24.31;85
74282;681;42;1.56;0.78;24.31;85
74299;680;42;1.56;0.78;24.31;85
74311;679;42;1.56;0.78;24.31;85
74320;678;42;1.56;0.78;24.31;85
74328;677;42;1.56;0.78;24.31;85
74339;676;42;1.56;0.78;24.31;85
74349;675;42;1.56;0.78;24.31;85
74360;674;42;1.56;0.78;24.31;85
74369;674;42;1.56;0.78;24.31;85
74378;673;42;1.56;0.78;24.31;85
74389;673;42;1.56;0.78;24.31;85
74401;673;42;1.56;0.78;24.31;85
74412;672;42;1.56;0.78;24.31;85
74420;673;42;1.56;0.78;24.31;85
74429;674;42;1.56;0.78;24.31;85
74440;675;42;1.56;0.78;24.31;85
74448;676;42;1.56;0.78;24.31;85
74459;677;42;1.56;0.78;24.31;85
74469;677;42;1.56;0.78;24.31;85
74478;678;42;1.56;0.78;24.71;85
74491;678;42;1.56;0.78;24.71;85
74499;679;42;1.56;0.78;24.71;85
74511;679;42;1.56;0.78;24.71;85
74519;679;42;1.56;0.78;24.71;85
74531;680;42;1.56;0.78;24.71;85
74540;680;42;1.56;0.78;24.71;85
74549;681;42;1.56;0.78;24.71;85
74559;682;42;1.56;0.78;24.71;85
74570;682;41;1.56;0.78;24.71;85
74580;683;41;1.56;0.78;24.71;85
74590;683;41;1.56;0.78;24.71;85
74600;683;41;1.56;0.78;24.71;85
74612;683;41;1.56;0.78;24.71;85
74620;683;41;1.56;0.78;24.71;85
74631;683;42;1.56;0.78;24.71;85
74639;683;42;1.56;0.78;24.71;85
74652;683;42;1.56;0.78;24.71;85
74670;682;42;1.56;0.78;24.71;85
74680;680;42;1.56;0.78;24.71;85
74690;679;42;1.56;0.78;24.71;85
74700;678;42;1.56;0.78;24.71;85
74711;677;42;0.78;0.78;24.71;85
74721;676;42;0.78;0.78;24.71;85
74732;675;42;0.78;0.78;24.71;85
74750;675;42;0.78;0.78;24.71;85
74758;675;42;0.78;0.78;24.71;85
74769;674;41;0.78;0.78;24.71;85
74781;674;41;0.78;0.78;24.71;85
74790;674;41;0.78;0.78;24.71;85
74798;675;41;0.78;0.78;24.71;85
74812;676;41;0.78;0.78;24.71;85
74829;677;41;0.78;0.78;24.71;85
74840;678;42;0.78;0.78;24.71;85
74850;679;42;0.78;0.78;24.71;85
74861;680;42;0.78;0.78;24.71;85
74870;679;42;0.78;0.78;24.71;85
74880;678;42;0.78;0.78;24.71;85
74889;677;42;0.78;0.78;24.71;85
74900;676;42;0.78;0.78;24.71;85
74911;676;42;0.78;0.78;24.71;85
74919;675;42;0.78;0.78;24.71;85
74930;675;42;0.78;0.78;24.71;85
74941;676;42;0.78;0.78;24.71;85
74949;677;42;0.78;0.78;24.71;85
74959;677;42;0.78;0.78;24.71;85
74969;678;42;0.78;0.78;24.71;85
74980;678;42;0.78;0.78;24.71;85
74990;678;42;0.78;0.78;24.71;85
75000;678;42;0.78;0.78;24.71;85
75012;678;42;0.78;0.78;24.71;85
75020;678;42;0.78;0.78;24.71;85
75029;677;42;0.78;0.78;24.71;85
75040;677;42;0.78;0.78;24.71;85
75050;677;42;0.78;0.78;24.71;85
75061;676;42;0.78;0.78;24.71;85
75070;676;42;0.78;0.78;24.71;85
75081;675;41;0.78;0.78;24.71;85
75089;675;41;0.00;0.78;24.71;85
75100;675;41;0.00;0.78;24.71;85
75111;675;41;0.00;0.78;24.71;85
75121;675;41;0.00;0.78;24.71;85
75129;675;41;0.00;0.78;24.71;85
75139;676;42;0.00;0.78;24.71;85
75148;676;42;0.00;0.78;24.71;85
75160;676;42;0.00;0.78;24.71;85
75170;676;42;0.00;0.78;24.71;85
75179;676;42;0.00;0.78;24.71;85
75190;675;42;0.00;0.78;24.71;85
75200;675;42;0.00;0.78;24.71;85
75211;675;42;0.00;0.78;24.71;85
75230;674;42;0.00;0.78;24.71;85
75240;674;42;0.00;0.78;24.71;85
75251;674;42;0.00;0.78;24.71;85
75259;674;42;0.00;0.78;24.71;85
75269;674;42;0.00;0.78;24.71;85
75280;674;42;0.00;0.78;24.71;85
75289;674;42;0.00;0.78;24.71;85
75300;674;42;0.00;0.78;24.71;85
75312;674;42;0.00;0.78;24.71;85
75330;675;42;0.00;0.78;24.71;85
75340;675;42;0.00;0.78;24.71;85
75347;675;42;0.00;0.78;24.71;85
75360;675;42;0.00;0.78;24.71;85
75367;675;42;0.00;0.78;24.71;85
75382;675;42;0.00;0.78;24.71;85
75390;675;42;0.00;0.78;24.71;85
75397;675;42;0.00;0.78;24.71;85
75411;675;42;0.00;0.78;24.71;85
75421;675;42;0.00;0.78;24.71;85
75428;676;42;0.00;0.78;24.71;85
75439;676;42;0.00;0.78;24.71;85
75450;676;42;0.00;0.78;24.71;85
75459;676;42;0.00;0.78;24.71;85
75468;677;42;0.00;0.78;24.71;85
75481;677;42;0.00;0.78;24.71;85
75488;677;42;0.00;0.78;24.71;85
75497;677;42;0.00;0.78;24.71;85
75511;678;42;0.00;0.78;24.71;85
75520;678;42;0.00;0.78;24.71;85
75528;678;42;0.00;0.78;24.71;85
75541;679;42;0.00;0.78;24.71;85
75549;677;42;0.00;0.78;24.71;85
75558;675;42;0.00;0.78;24.71;85
75569;673;42;0.00;0.78;24.71;85
75581;672;42;0.00;0.78;24.71;85
75589;670;42;0.00;0.78;24.71;85
75600;668;42;0.00;0.78;24.71;85
75612;669;42;0.00;0.78;24.71;85
75629;669;42;0.00;0.78;24.71;85
75642;670;42;0.00;0.78;24.71;85
75658;671;42;0.00;0.78;24.71;85
75672;671;42;0.00;0.78;24.71;85
75688;672;42;0.00;0.78;24.71;85
75701;674;42;0.00;0.78;24.71;85
75711;675;42;0.00;0.78;24.71;85
75719;676;42;0.00;0.78;24.71;85
75731;678;42;0.00;0.78;24.71;85
75739;679;42;0.00;0.78;24.71;85
75747;680;42;0.00;0.78;24.71;85
75761;680;42;0.00;0.78;24.71;85
75767;680;42;0.00;0.78;24.71;85
75781;680;42;0.00;0.78;24.71;85
75791;679;42;0.00;0.78;24.71;85
75799;679;42;0.00;0.78;24.71;85
75813;679;42;0.00;0.78;24.71;85
75829;679;42;0.00;0.78;24.71;85
75838;679;42;0.00;0.78;24.71;85
75850;679;42;0.00;0.78;24.71;85
75858;679;42;0.00;0.78;24.71;85
75869;679;42;0.00;0.78;24.71;85
75880;680;42;0.00;0.00;24.71;85
75889;679;42;0.00;0.00;24.71;85
75898;678;42;0.00;0.00;24.71;85
75913;677;42;0.00;0.00;24.71;85
75928;676;42;0.00;0.00;24.71;85
75939;675;42;0.00;0.00;24.71;85
75951;674;42;0.00;0.78;24.71;85
75959;673;42;0.00;0.78;24.71;85
75968;671;42;0.00;0.78;24.71;85
75982;670;42;0.00;0.78;24.71;85
75998;669;42;0.00;0.78;24.71;85
76009;668;42;0.00;0.78;24.71;85
76018;667;42;0.00;0.78;24.71;85
76029;669;42;0.00;0.78;25.10;85
76040;671;42;0.00;0.78;25.10;85
76047;673;42;0.00;0.78;25.10;85
76059;675;42;0.00;0.78;25.10;85
76070;676;42;0.00;0.78;25.10;85
76079;678;42;0.00;0.78;25.10;85
76088;678;42;0.00;0.78;25.10;85
76097;678;42;0.00;0.78;25.10;85
76112;677;42;0.00;0.78;25.10;85
76131;677;42;0.00;0.78;25.10;85
76137;677;42;0.00;0.78;25.10;85
76149;676;42;0.00;0.78;25.10;85
76157;675;42;0.00;0.78;25.10;85
76169;674;42;0.00;0.78;25.10;85
76181;673;42;0.00;0.78;25.10;85
76197;671;42;0.00;0.78;25.10;85
76210;670;42;0.00;0.78;25.10;85
76217;669;42;0.00;0.78;25.10;85
76229;669;42;0.00;0.78;25.10;85
76237;670;42;0.00;0.78;25.10;85
76251;670;42;0.00;0.78;25.10;85
76259;670;42;0.00;0.78;25.10;85
76269;671;42;0.00;0.78;25.10;85
76280;671;42;0.00;0.78;25.10;85
76288;670;42;0.00;0.78;25.10;85
76297;669;42;0.00;0.78;25.10;85
76311;668;42;0.00;0.78;25.10;85
76319;667;42;0.00;0.78;25.10;85
76327;666;42;0.00;0.78;25.10;85
76339;665;42;0.00;0.78;25.10;85
76349;666;42;0.00;0.78;25.10;85
76358;666;42;0.00;0.78;25.10;85
76369;667;42;0.00;0.78;25.10;85
76380;668;42;0.00;0.78;25.10;85
76388;668;42;0.78;0.78;25.10;85
76399;669;42;0.78;0.78;25.10;85
76410;670;42;0.78;0.78;25.10;85
76419;671;42;0.78;0.78;25.10;85
76428;673;42;0.78;0.78;25.10;85
76437;674;42;0.78;0.78;25.10;85
76450;675;42;0.78;0.78;25.10;85
76457;676;42;0.78;0.78;25.10;85
76469;676;42;0.78;0.78;25.10;85
76479;676;42;0.78;0.78;25.10;85
76488;677;42;0.78;0.78;25.10;85
76498;677;42;0.78;0.78;25.10;85
76511;677;42;0.78;0.78;25.10;85
76517;677;42;0.78;0.78;25.10;85
76528;676;42;0.78;0.78;25.10;85
76537;676;42;0.78;0.78;25.10;85
76549;676;42;0.78;0.78;25.10;85
76559;676;42;0.78;0.78;25.10;85
76568;676;42;0.78;0.78;25.10;85
76579;675;42;0.78;0.78;25.10;85
76590;676;42;0.78;0.78;25.10;85
76601;676;42;0.78;0.78;25.10;85
76612;676;42;0.78;0.78;25.10;85
76629;676;42;0.78;0.78;25.10;85
76639;677;42;0.78;0.78;25.10;85
76651;677;42;0.78;0.78;25.10;85
76660;677;42;0.78;0.78;25.10;85
76669;678;42;0.78;0.78;25.10;85
76680;678;42;0.78;0.78;25.10;85
76689;679;42;0.78;0.78;25.10;85
76698;679;42;0.78;0.78;25.10;85
76709;680;42;0.78;0.78;25.10;85
76720;679;42;0.78;0.78;25.10;85
76728;678;42;0.78;0.78;25.10;85
76739;678;42;0.78;0.78;25.10;85
76749;677;42;0.78;0.78;25.10;85
76757;676;42;0.78;0.78;25.10;85
76769;676;42;0.78;0.78;25.10;85
76779;674;42;0.78;0.78;25.10;85
76790;673;42;0.78;0.78;25.10;85
76798;672;42;0.78;0.78;25.10;85
76810;671;42;0.78;0.78;25.10;85
76819;670;42;0.78;0.78;25.10;85
76829;668;42;0.78;0.78;25.10;85
76840;668;42;0.78;0.78;25.10;85
76848;668;42;0.78;0.78;25.10;85
76857;668;42;0.78;0.78;25.10;85
76869;668;42;0.78;0.78;25.10;85
76879;668;42;0.78;0.78;25.10;85
76889;668;42;0.78;0.78;25.10;85
76898;670;42;0.78;0.78;25.10;85
76910;671;42;0.78;0.78;25.10;85
76918;672;42;0.78;0.78;25.10;85
76929;674;42;0.78;0.78;25.10;85
76940;675;42;0.78;0.78;25.10;85
76949;676;42;0.78;0.78;25.10;85
76957;676;42;0.78;0.78;25.10;85
76969;676;42;0.78;0.78;25.10;85
76983;676;42;0.78;0.78;25.10;85
76999;676;42;0.78;0.78;25.10;85
77011;676;42;0.78;0.78;25.10;85
77017;676;42;0.78;0.78;25.10;85
77029;676;42;0.78;0.78;25.10;85
77039;676;42;0.78;0.78;25.10;85
77050;677;42;0.78;0.78;25.10;85
77060;677;42;0.78;0.78;25.10;85
77067;677;42;0.78;0.78;25.10;85
77079;677;42;0.78;0.78;25.10;85
77088;675;42;0.78;0.78;25.10;85
77099;674;42;0.78;0.78;25.10;85
77110;673;42;0.78;0.78;25.10;85
77119;672;42;0.78;0.78;25.10;85
77129;671;42;0.78;0.78;25.10;85
77138;670;42;0.78;0.78;25.10;85
77148;670;42;0.78;0.78;25.10;85
77158;670;42;0.78;0.78;25.10;85
77169;671;42;0.78;0.78;25.10;85
77179;671;42;0.78;0.78;25.10;85
77189;671;42;0.78;0.78;25.10;85
77199;672;42;0.78;0.78;25.10;85
77210;672;42;0.78;0.78;25.10;85
77220;672;42;0.78;0.78;25.10;85
77228;673;42;0.78;0.78;25.10;85
77238;673;42;0.78;0.78;25.10;85
77249;674;42;0.78;0.78;25.10;85
77259;674;42;0.78;0.78;25.10;85
77269;675;42;0.78;0.78;25.10;85
77281;677;42;0.78;0.78;25.10;85
77290;678;42;0.78;0.78;25.10;85
77299;680;42;0.78;0.78;25.10;85
77313;681;42;0.78;0.78;25.10;85
77328;683;42;0.78;0.78;25.10;85
77339;683;42;0.78;0.78;24.71;85
77351;684;42;0.78;0.78;24.71;85
77360;684;42;0.78;0.78;24.71;85
77368;685;42;0.78;0.78;24.71;85
77379;685;42;1.56;0.78;24.71;85
77389;686;42;1.56;0.78;24.71;85
77399;685;42;1.56;0.78;24.71;85
77411;684;42;1.56;0.78;24.71;85
77419;684;42;1.56;0.78;24.71;85
77430;683;42;1.56;0.78;24.71;85
77440;682;42;1.56;0.78;24.71;85
77450;681;42;1.56;0.78;24.71;85
77459;681;42;1.56;0.78;24.71;85
77470;680;42;1.56;0.78;24.71;85
77480;680;42;1.56;0.78;24.71;85
77489;679;42;1.56;0.78;24.71;85
77498;678;42;1.56;0.78;24.71;85
77511;678;42;1.56;0.78;24.71;85
77519;678;42;1.56;0.78;24.71;85
77528;677;42;1.56;0.78;24.71;85
77539;677;42;1.56;0.78;24.71;85
77550;677;42;1.56;0.78;24.71;85
77559;676;42;1.56;0.78;24.71;85
77570;676;42;1.56;0.78;24.71;85
77580;676;42;1.56;0.78;24.71;85
77589;675;42;1.56;0.78;24.71;85
77601;675;42;1.56;0.78;24.71;85
77610;675;42;1.56;0.78;24.71;85
77619;675;42;1.56;0.78;24.71;85
77631;675;42;1.56;0.78;24.71;85
77640;675;42;1.56;0.78;24.71;85
77649;676;42;1.56;0.78;24.71;85
77658;677;42;1.56;0.78;24.71;85
77668;677;42;1.56;0.78;24.71;85
77678;678;42;1.56;0.78;24.71;85
77689;679;42;1.56;0.78;24.71;85
77699;679;42;1.56;0.78;24.71;85
77712;678;42;1.56;0.78;24.71;85
77730;678;42;1.56;0.78;24.71;85
77739;678;42;1.56;0.78;24.71;85
77748;678;42;1.56;0.78;24.71;85
77759;678;42;1.56;0.78;24.71;85
77770;678;42;1.56;0.78;24.71;85
77779;678;42;1.56;0.78;24.71;85
77790;678;42;1.56;0.78;24.71;85
77799;677;42;1.56;0.78;24.71;85
77812;677;42;1.56;0.78;24.71;85
77818;677;42;1.56;0.78;24.71;85
77830;678;42;1.56;0.78;24.71;85
77840;678;42;1.56;0.78;24.71;85
77851;679;42;1.56;0.78;24.71;85
77859;680;42;1.56;0.78;24.71;85
77870;680;42;1.56;0.78;24.71;85
77881;681;42;1.56;0.78;24.71;85
77889;680;42;1.56;0.78;24.71;85
77899;680;42;1.56;0.78;24.71;85
77911;679;42;1.56;0.78;24.71;85
77919;679;42;1.56;0.78;24.71;85
77928;678;42;1.56;0.78;24.71;85
77940;678;42;1.56;0.00;24.71;85
77953;678;42;1.56;0.00;24.31;85
77970;678;42;1.56;0.00;24.31;85
77979;679;42;1.56;0.00;24.31;85
77989;679;42;1.56;0.00;24.31;85
78000;680;42;1.56;0.00;24.31;85
78012;680;42;1.56;0.00;24.31;85
78029;680;42;1.56;0.00;24.31;85
78040;681;42;1.56;0.00;24.31;85
78050;681;42;1.56;0.00;24.31;85
78058;681;42;1.56;0.00;24.31;85
78070;681;42;1.56;0.00;24.31;85
78080;682;42;1.56;0.00;24.31;85
78088;682;42;1.56;0.00;24.31;85
78100;682;42;1.56;0.00;24.31;85
78110;682;42;1.56;0.00;24.31;85
78118;682;42;1.56;0.00;24.31;85
78130;682;42;0.78;0.00;24.31;85
78140;682;42;0.78;0.00;24.31;85
78149;682;42;0.78;0.00;24.31;85
78161;683;42;0.78;0.00;24.31;85
78168;683;42;0.78;0.00;24.31;85
78179;683;42;0.78;0.00;24.31;85
78189;684;42;0.78;0.00;24.31;85
78199;684;42;0.78;0.00;24.31;85
78209;684;42;0.78;0.00;24.31;85
78221;683;42;0.78;0.00;24.31;85
78229;683;42;0.78;0.00;24.31;85
78239;682;42;0.78;0.00;24.31;85
78250;682;42;0.78;0.00;24.31;85
78259;681;42;0.78;0.00;24.31;85
78271;681;42;0.78;0.00;24.31;85
78280;682;42;0.78;0.00;24.31;85
78288;682;42;0.78;0.00;24.31;85
78300;682;42;0.78;0.00;24.31;85
78308;682;42;0.78;0.00;24.31;85
78319;682;42;0.78;0.00;24.31;85
78328;681;42;0.78;0.00;24.31;85
78339;681;42;0.78;0.00;24.31;85
78349;680;42;0.78;0.00;24.31;85
78360;680;42;0.78;0.00;24.31;85
78369;679;42;0.78;0.00;24.31;85
78380;678;42;0.78;0.00;24.31;85
78389;678;42;0.78;0.00;24.31;85
78399;678;42;0.78;0.00;24.31;85
78411;677;42;0.78;0.00;24.31;85
78419;677;42;0.78;0.00;24.31;85
78429;676;42;0.78;0.00;24.31;85
78440;676;42;0.78;0.00;24.31;85
78450;675;42;0.78;0.00;24.31;85
78458;674;42;0.78;0.00;24.31;85
78469;673;42;0.78;0.00;24.31;85
78479;672;42;0.78;0.00;24.31;85
78489;670;42;0.78;0.00;24.31;85
78498;669;42;0.78;0.00;24.31;85
78512;670;42;0.78;0.00;24.31;85
78529;671;42;0.78;0.00;24.31;85
78540;671;42;0.78;0.00;24.31;85
78549;672;42;0.78;0.00;24.31;85
78558;673;42;0.78;0.00;24.31;85
78569;674;42;0.78;0.00;24.31;85
78580;673;42;0.78;0.00;24.71;85
78600;673;42;0.78;0.00;24.71;85
78610;672;42;0.78;0.00;24.71;85
78619;672;42;0.78;0.00;24.71;85
78631;671;42;0.78;0.00;24.71;85
78641;671;42;0.78;0.00;24.71;85
78649;671;42;0.78;0.00;24.71;85
78660;671;42;0.78;0.00;24.71;85
78668;671;42;0.78;0.00;24.71;85
78678;671;42;0.78;0.00;24.71;85
78690;670;42;0.78;0.00;24.71;85
78701;670;42;0.78;0.00;24.71;85
78708;671;42;0.78;0.00;24.71;85
78718;672;42;0.78;0.00;24.71;85
78730;673;42;0.78;0.00;24.71;85
78741;674;42;0.78;0.00;24.71;85
78752;674;42;0.78;0.00;24.71;85
78771;675;42;0.78;0.00;24.71;85
78779;675;42;0.78;0.00;24.71;85
78788;674;42;0.78;0.00;24.71;85
78800;674;42;0.78;0.00;24.71;85
78812;674;42;0.78;0.00;24.71;85
78830;673;42;0.78;0.00;24.71;85
78839;673;42;0.78;0.00;24.71;85
78851;673;42;0.78;0.00;25.10;85
78859;674;42;0.78;0.00;25.10;85
78868;674;42;0.78;0.00;25.10;85
78879;674;42;0.78;0.00;25.10;85
78891;674;42;0.00;0.00;25.10;85
78900;675;42;0.00;0.00;25.10;85
78912;675;42;0.00;0.00;25.10;85
78930;675;42;0.00;0.00;25.10;85
78940;675;42;0.00;0.00;25.10;85
78950;676;42;0.00;0.00;25.10;85
78958;676;42;0.00;0.00;25.10;85
78970;676;42;0.00;0.00;25.10;85
78980;676;42;0.00;0.00;25.10;85
78991;676;42;0.00;0.00;25.10;85
79000;676;42;0.00;0.00;25.10;85
79006;676;42;0.00;0.00;25.10;85
79018;676;42;0.00;0.00;25.10;85
79029;676;42;0.00;0.00;25.10;85
79038;676;42;0.00;0.00;25.10;85
79048;675;42;0.00;0.00;25.10;85
79059;675;42;0.00;0.00;25.10;85
79069;674;42;0.00;0.00;25.10;85
79080;674;42;0.00;0.00;25.10;85
79091;673;42;0.00;0.00;25.10;85
79097;672;42;0.00;0.00;25.10;85
79106;671;42;0.00;0.00;25.10;85
79118;670;42;0.00;0.00;25.10;85
79127;669;42;0.00;0.00;25.10;85
79138;668;42;0.00;0.00;25.10;85
79152;666;42;0.00;0.00;25.10;85
79169;666;42;0.00;0.00;25.10;85
79178;665;42;0.00;0.00;25.10;85
79190;664;42;0.00;0.00;25.10;85
79201;664;42;0.00;0.00;25.10;85
79212;663;42;0.00;0.00;25.10;85
79228;662;42;0.00;0.78;25.10;85
79241;664;42;0.00;0.78;25.10;85
79257;665;42;0.00;0.78;25.10;85
79269;667;42;0.00;0.78;25.10;85
79281;668;42;0.00;0.78;25.10;85
79289;670;42;0.00;0.78;25.10;85
79299;671;42;0.00;0.78;25.10;85
79306;671;42;0.00;0.78;25.10;85
79317;671;42;0.00;0.78;25.10;85
79332;670;42;0.00;0.78;25.10;85
79353;670;42;0.00;0.78;25.10;85
79370;669;42;0.00;0.78;25.10;85
79380;669;42;0.00;1.56;25.10;85
79390;668;42;0.00;1.56;25.10;85
79397;668;42;0.00;1.56;25.10;85
79407;667;42;0.00;1.56;25.10;85
79418;667;42;0.00;1.56;25.10;85
79427;666;42;0.78;1.56;25.10;85
79438;665;42;0.78;1.56;25.10;85
79450;666;42;0.78;1.56;25.49;85
79456;667;42;0.78;1.56;25.49;85
79468;668;42;0.78;1.56;25.49;85
79480;669;42;0.78;1.56;25.49;85
79487;670;42;0.78;1.56;25.49;85
79501;670;42;0.78;1.56;25.49;85
79513;671;42;0.78;1.56;25.49;85
79528;671;42;0.78;1.56;25.49;85
79539;672;42;0.78;1.56;25.49;85
79552;672;42;0.78;1.56;25.49;85
79570;673;42;0.78;1.56;25.49;85
79578;673;42;0.78;1.56;25.49;85
79600;673;42;0.78;1.56;25.49;85
79607;673;42;0.78;1.56;25.49;85
79619;674;42;0.78;1.56;25.49;85
79629;674;42;0.78;1.56;25.49;85
79639;674;42;1.56;1.56;25.49;85
79647;674;42;1.56;1.56;25.49;85
79657;675;42;1.56;1.56;25.49;85
79669;675;42;1.56;1.56;25.49;85
79681;676;42;1.56;1.56;25.49;85
79698;676;42;1.56;1.56;25.49;85
79708;677;42;1.56;1.56;25.49;85
79719;677;42;1.56;1.56;25.49;85
79732;676;42;1.56;1.56;25.10;85
79748;675;42;1.56;1.56;25.10;85
79757;674;42;1.56;1.56;25.10;85
79768;672;42;1.56;1.56;25.10;85
79780;671;42;1.56;1.56;25.10;85
79789;670;42;1.56;1.56;25.10;85
79797;670;42;1.56;1.56;25.10;85
79807;671;42;1.56;1.56;25.10;85
79819;671;42;1.56;1.56;25.10;85
79828;671;42;1.56;1.56;25.10;85
79838;671;42;1.56;1.56;25.10;85
79849;671;42;1.56;1.56;25.10;85
79858;672;42;1.56;1.56;25.10;85
79868;672;42;1.56;1.56;25.10;85
79879;672;42;1.56;1.56;25.10;85
79888;673;42;1.56;1.56;25.10;85
79897;673;42;1.56;1.56;25.10;85
79910;673;42;1.56;1.56;25.10;85
79919;674;42;1.56;1.56;25.10;85
79930;675;42;1.56;1.56;25.10;85
79937;676;42;1.56;1.56;25.10;85
79951;677;42;1.56;1.56;25.10;85
79957;678;42;1.56;1.56;25.10;85
79968;679;42;1.56;0.78;25.10;85
79982;679;42;1.56;0.78;25.10;85
79998;679;42;1.56;0.78;25.10;85
80009;679;42;1.56;0.78;25.10;85
80018;679;42;1.56;0.78;25.10;85
80030;680;42;1.56;0.78;25.10;85
80039;680;42;1.56;1.56;25.10;85
80054;678;42;1.56;1.56;24.71;85
80068;677;42;1.56;1.56;24.71;85
80080;676;42;1.56;1.56;24.71;85
80089;675;42;1.56;1.56;24.71;85
80098;674;42;1.56;1.56;24.71;85
80108;672;42;1.56;1.56;24.71;85
80119;674;42;1.56;1.56;24.71;85
80128;676;42;1.56;1.56;24.71;85
80139;677;42;1.56;1.56;24.71;85
80149;679;42;1.56;1.56;24.71;85
80158;680;42;2.34;1.56;24.71;85
80169;682;42;2.34;0.78;24.71;85
80181;681;42;2.34;0.78;24.71;85
80189;681;42;2.34;0.78;24.71;85
80197;680;42;2.34;0.78;24.71;85
80208;679;42;2.34;0.78;24.71;85
80219;679;42;2.34;0.78;24.71;85
80228;678;42;2.34;0.78;24.71;85
80239;677;42;2.34;0.78;24.71;85
80252;676;42;2.34;0.78;24.71;85
80268;675;42;2.34;0.78;24.71;85
80283;673;42;2.34;0.78;24.71;85
80299;672;42;2.34;0.78;24.71;85
80312;671;42;2.34;0.78;24.71;85
80329;672;42;2.34;0.78;24.71;85
80337;672;42;2.34;0.78;24.71;85
80352;673;42;2.34;0.78;24.71;85
80369;673;42;2.34;0.78;24.71;85
80379;674;42;2.34;0.78;24.71;85
80387;674;42;2.34;0.78;24.71;85
80398;675;42;2.34;0.78;24.71;85
80408;675;42;2.34;0.78;24.71;85
80418;676;42;2.34;0.78;24.71;85
80429;676;42;2.34;0.78;24.71;85
80441;677;42;2.34;0.78;24.71;85
80448;678;42;2.34;0.78;24.71;85
80458;678;42;2.34;0.78;24.71;85
80468;679;42;2.34;0.78;24.71;85
80478;680;42;2.34;0.78;24.71;85
80490;680;42;2.34;0.78;24.71;85
80501;681;42;2.34;0.78;24.71;85
80509;682;42;2.34;0.78;24.71;85
80518;682;42;2.34;0.78;24.71;85
80527;681;42;2.34;0.78;24.71;85
80539;681;42;2.34;0.78;24.71;85
80551;681;42;2.34;0.78;24.71;85
80560;680;42;2.34;0.78;24.71;85
80567;680;42;2.34;0.00;24.71;85
80579;678;42;2.34;0.00;24.71;85
80589;676;42;2.34;0.00;24.71;85
80602;675;42;2.34;0.00;24.71;85
80618;673;42;2.34;0.00;24.71;85
80629;671;42;2.34;0.00;24.71;85
80640;669;42;2.34;0.00;24.71;85
80651;670;42;2.34;0.00;24.71;85
80659;671;42;2.34;0.00;24.71;85
80667;672;42;2.34;0.00;24.71;85
80682;673;42;2.34;0.00;24.71;85
80699;674;42;2.34;0.00;24.71;85
80709;675;42;2.34;0.00;24.71;85
80718;675;42;2.34;0.00;24.71;85
80728;675;42;2.34;0.00;24.71;85
80737;675;42;2.34;0.00;24.71;85
80749;676;42;2.34;0.00;24.71;85
80760;676;42;2.34;0.00;24.71;85
80770;676;42;2.34;0.00;24.71;85
80778;675;42;2.34;0.00;24.71;85
80790;675;42;2.34;0.00;24.71;85
80800;674;42;2.34;0.00;24.71;85
80812;673;42;2.34;0.00;24.71;85
80829;672;42;2.34;0.00;24.71;85
80838;672;42;2.34;0.00;24.71;85
80851;673;42;2.34;0.00;24.71;85
80858;674;42;2.34;0.00;24.71;85
80869;674;42;2.34;0.00;24.71;85
80881;675;42;2.34;0.00;24.71;85
80888;676;42;1.56;0.00;24.71;85
80899;677;42;1.56;0.00;24.71;85
80909;677;42;1.56;0.00;24.71;85
80918;677;42;1.56;0.00;24.71;85
80927;676;42;1.56;0.00;24.71;85
80938;676;42;1.56;0.00;24.71;85
80949;676;42;1.56;0.00;24.71;85
80958;675;42;1.56;0.00;24.71;85
80969;676;42;1.56;0.00;24.71;85
80980;677;42;1.56;0.00;24.71;85
80988;677;42;1.56;0.00;24.71;85
80999;678;42;1.56;0.00;24.71;85
81007;678;42;1.56;0.00;24.71;85
81021;679;42;1.56;0.00;24.71;85
81029;679;42;1.56;0.00;24.71;85
81039;680;42;1.56;0.00;24.71;85
81053;680;42;1.56;0.00;24.71;85
81070;681;42;1.56;0.00;24.71;85
81079;681;42;1.56;0.00;24.71;85
81087;682;42;1.56;0.00;24.71;85
81098;680;42;1.56;0.00;24.71;85
81109;678;42;1.56;0.00;24.71;85
81118;676;42;1.56;0.00;24.71;85
81128;674;42;1.56;0.00;24.71;85
81139;672;42;1.56;0.00;24.71;85
81152;671;42;1.56;0.00;24.71;85
81168;671;42;1.56;0.00;24.71;85
81181;672;42;1.56;0.00;24.71;85
81199;673;42;1.56;0.00;24.71;85
81211;673;42;1.56;0.00;24.71;85
81220;674;42;1.56;0.00;24.71;85
81229;674;42;1.56;0.00;24.71;85
81240;674;42;1.56;0.00;24.71;85
81252;674;42;1.56;0.00;24.71;85
81267;674;42;1.56;0.00;24.71;85
81279;674;42;1.56;0.00;24.71;85
81289;674;42;1.56;0.00;24.71;85
81298;674;42;1.56;0.00;24.71;85
81309;673;42;1.56;0.00;24.71;85
81320;673;42;1.56;0.00;24.71;85
81329;672;42;1.56;0.00;24.71;85
81339;672;42;1.56;0.00;24.71;85
81350;671;42;1.56;0.00;24.71;85
81359;671;42;1.56;0.00;24.71;85
81369;672;42;1.56;0.00;24.71;85
81377;673;42;1.56;0.00;24.71;85
81388;674;42;1.56;0.00;24.71;85
81399;675;42;1.56;0.00;24.71;85
81407;675;42;1.56;0.00;24.71;85
81417;676;42;1.56;0.78;24.71;85
81429;676;42;1.56;0.78;24.71;85
81438;675;42;1.56;0.78;24.71;85
81449;675;42;1.56;0.78;24.71;85
81459;674;42;1.56;0.78;24.71;85
81469;673;42;1.56;0.78;24.71;85
81481;673;42;1.56;0.78;24.71;85
81488;672;42;1.56;0.78;24.71;85
81499;671;42;1.56;0.78;24.71;85
81511;671;42;1.56;0.78;24.71;85
81519;670;42;1.56;0.78;24.71;85
81528;670;42;1.56;0.78;24.71;85
81538;669;42;1.56;0.78;24.71;85
81552;670;42;1.56;0.78;24.71;85
81569;671;42;1.56;0.78;24.71;85
81579;672;42;1.56;0.78;24.71;85
81602;673;42;1.56;0.78;24.71;85
81619;674;42;1.56;0.78;24.71;85
81629;675;42;1.56;0.78;24.71;85
81638;675;42;1.56;0.78;24.71;85
81650;676;42;1.56;0.78;24.71;85
81660;676;42;1.56;0.78;24.71;85
81670;676;42;1.56;0.78;24.71;85
81678;676;42;1.56;0.78;24.71;85
81690;676;42;1.56;0.78;24.71;85
81700;676;42;1.56;0.78;24.71;85
81709;676;42;1.56;0.78;24.71;85
81718;676;42;1.56;0.78;24.71;85
81730;676;42;1.56;0.78;24.71;85
81739;676;42;1.56;0.78;24.71;85
81748;676;42;1.56;0.78;24.71;85
81759;676;42;1.56;0.78;24.71;85
81768;675;42;1.56;0.78;24.71;85
81779;675;42;1.56;0.78;24.71;85
81788;674;42;1.56;0.78;24.71;85
81800;674;42;1.56;0.78;24.71;85
81808;673;42;1.56;0.78;24.71;85
81820;673;42;1.56;0.78;24.71;85
81829;673;42;1.56;0.78;24.71;84
81839;672;42;1.56;0.78;24.71;84
81851;672;42;1.56;0.78;24.71;84
81868;672;42;0.78;0.78;24.71;84
81878;671;42;0.78;0.78;24.71;84
81889;672;42;0.78;0.78;24.71;84
81898;672;42;0.78;0.78;24.71;84
81913;673;42;0.78;0.78;24.71;84
81929;674;42;0.78;0.78;24.71;84
81939;674;42;0.78;0.78;24.71;84
81948;675;42;0.78;0.78;24.71;84
81959;675;42;0.78;0.78;24.71;84
81968;675;42;0.78;0.78;24.71;85
81980;675;42;0.78;0.78;24.71;85
81988;675;42;0.78;0.78;24.71;85
81999;676;42;0.78;0.78;24.71;85
82011;676;42;0.78;0.00;24.71;85
82019;675;42;0.78;0.00;24.71;85
82028;675;42;0.78;0.00;24.71;84
82038;674;42;0.78;0.00;24.71;84
82052;674;42;0.78;0.00;24.71;84
82070;673;42;0.78;0.00;24.71;84
82078;672;42;0.78;0.00;24.71;84
82090;672;42;0.78;0.00;24.71;84
82099;672;42;0.78;0.00;24.71;84
82108;671;42;0.78;0.00;24.71;84
82119;671;42;0.78;0.00;24.71;84
82131;671;42;0.78;0.00;24.71;84
82139;670;42;0.78;0.00;24.71;84
82149;671;42;0.78;0.00;25.10;84
82159;671;42;0.78;0.00;25.10;85
82168;671;42;0.78;0.00;25.10;85
82179;672;42;0.78;0.00;25.10;85
82188;672;42;0.78;0.00;25.10;85
82200;672;42;0.78;0.00;25.10;85
82211;673;42;0.78;0.00;25.10;85
82219;673;42;0.78;0.00;25.10;85
82228;674;42;0.78;0.00;25.10;85
82240;674;42;0.78;0.00;25.10;85
82252;675;42;0.78;0.00;25.10;85
82268;676;42;0.78;0.78;25.10;85
82280;676;42;0.78;0.78;25.10;85
82289;676;42;0.78;0.78;25.10;85
82298;677;42;0.78;0.78;25.10;85
82312;677;42;0.78;0.78;25.10;85
82328;677;42;1.56;0.78;25.10;85
82338;678;42;1.56;0.78;25.10;85
82351;677;42;1.56;0.78;24.71;85
82360;677;42;1.56;0.78;24.71;85
82368;677;42;1.56;0.78;24.71;85
82379;677;42;1.56;0.78;24.71;85
82389;676;42;1.56;0.78;24.71;85
82401;676;42;1.56;0.78;24.71;85
82409;676;42;1.56;0.78;24.71;85
82418;676;42;1.56;0.78;24.71;85
82429;675;42;1.56;0.78;24.71;85
82439;675;42;1.56;0.78;24.71;85
82450;675;42;1.56;0.78;24.71;85
82459;675;42;1.56;0.78;24.71;85
82470;674;42;1.56;0.78;24.71;85
82479;674;42;1.56;0.78;24.71;84
82491;674;42;1.56;0.78;24.71;84
82501;674;42;1.56;0.78;24.71;84
82509;674;42;1.56;0.78;24.71;84
82519;674;42;1.56;0.78;24.71;84
82530;674;42;1.56;0.78;24.71;84
82539;674;42;1.56;0.78;24.71;84
82552;674;42;1.56;0.78;24.71;84
82568;674;42;1.56;0.78;24.71;84
82579;674;42;1.56;0.78;24.71;84
82599;674;42;1.56;0.78;24.71;84
82610;674;42;1.56;0.78;24.71;84
82619;674;42;1.56;0.78;24.71;84
82629;674;42;1.56;0.78;24.71;84
82638;674;42;1.56;0.78;24.71;84
82650;674;42;1.56;0.78;24.71;84
82658;674;42;1.56;0.78;24.71;84
82669;674;42;1.56;0.78;24.71;84
82680;674;42;1.56;0.78;24.71;84
82689;674;42;1.56;0.78;24.71;84
82700;674;42;1.56;0.78;24.71;84
82711;674;42;1.56;0.78;24.71;84
82719;674;42;1.56;0.78;24.71;84
82728;674;42;1.56;0.78;24.71;84
82740;674;42;1.56;0.78;24.71;84
82750;673;42;1.56;0.78;24.71;84
82759;673;42;1.56;0.78;24.71;84
82771;673;42;1.56;0.78;24.71;84
82780;672;42;1.56;0.78;24.71;84
82790;673;42;1.56;0.78;24.71;84
82799;673;42;1.56;0.78;24.71;84
82808;674;42;1.56;0.78;24.71;84
82820;674;42;1.56;0.78;24.71;84
82829;675;42;1.56;0.78;24.71;84
82841;675;42;1.56;0.78;24.71;84
82859;675;42;1.56;0.78;24.71;84
82868;676;42;1.56;0.78;24.71;84
82878;676;42;1.56;0.78;24.71;84
82890;676;42;1.56;0.78;24.71;84
82899;676;42;1.56;0.78;24.71;84
82909;676;42;1.56;0.78;24.71;84
82920;676;42;1.56;0.78;24.71;84
82929;675;42;1.56;0.78;24.71;85
82939;675;42;1.56;0.78;24.71;85
82952;674;42;1.56;0.78;24.71;85
82970;674;42;1.56;0.78;24.71;85
82980;674;42;1.56;0.78;24.71;85
82990;674;42;1.56;0.78;24.71;85
82999;674;42;1.56;0.78;24.71;85
83009;674;42;1.56;0.78;24.71;85
83018;674;42;1.56;0.78;24.71;85
83029;674;42;1.56;0.78;24.71;85
83040;674;42;1.56;0.78;24.71;85
83048;673;42;1.56;0.78;24.71;85
83059;673;42;1.56;0.78;24.71;84
83070;673;42;1.56;0.78;24.71;84
83080;672;42;1.56;0.78;24.71;84
83089;672;42;2.34;0.78;24.71;84
83101;671;42;2.34;0.78;24.71;84
83112;671;42;2.34;0.78;24.71;84
83129;671;42;2.34;0.78;24.71;84
83138;670;42;2.34;0.78;24.71;84
83150;670;42;2.34;0.78;24.71;84
83161;669;42;2.34;0.78;24.71;84
83180;669;42;2.34;0.78;24.71;84
83190;669;42;2.34;0.78;24.71;84
83198;669;42;2.34;0.78;24.71;84
83209;669;42;2.34;0.78;24.71;84
83219;669;42;2.34;0.78;24.71;84
83230;668;42;2.34;0.78;24.71;84
83239;668;42;2.34;0.78;24.71;84
83250;669;42;2.34;0.78;25.10;84
83260;670;42;2.34;0.78;25.10;84
83269;670;42;2.34;0.78;25.10;84
83281;671;42;2.34;0.78;25.10;84
83290;672;42;2.34;0.78;25.10;84
83301;672;42;2.34;0.78;25.10;84
83310;673;42;2.34;0.78;25.10;84
83321;674;42;2.34;0.78;25.10;84
83329;675;42;2.34;0.78;25.10;84
83340;676;42;2.34;0.78;25.10;84
83350;677;42;1.56;0.78;25.10;84
83358;677;42;1.56;0.78;25.10;84
83369;677;42;1.56;0.78;25.10;84
83380;677;42;1.56;0.78;25.10;85
83390;677;42;1.56;0.78;25.10;85
83401;677;42;1.56;0.78;25.10;85
83412;677;42;1.56;0.78;25.10;85
83429;677;42;1.56;0.78;25.10;85
83440;675;42;1.56;0.78;25.10;85
83448;674;42;1.56;0.78;25.10;85
83457;673;42;1.56;0.78;25.10;85
83471;671;42;1.56;0.78;25.10;85
83478;670;42;1.56;0.78;25.10;85
83489;668;42;1.56;0.78;25.10;85
83499;670;42;1.56;0.78;25.10;85
83510;671;42;1.56;0.78;25.10;85
83518;673;42;1.56;0.78;25.10;85
83528;675;42;1.56;0.78;25.10;85
83539;676;42;1.56;0.78;25.10;85
83548;678;42;1.56;0.78;25.10;85
83558;678;42;1.56;0.78;24.71;85
83570;678;42;1.56;0.78;24.71;84
83580;679;42;1.56;0.78;24.71;84
83586;679;42;1.56;0.78;24.71;84
83601;680;42;1.56;0.78;24.71;84
83606;680;42;1.56;0.78;24.71;84
83618;680;42;1.56;0.78;24.71;84
83629;680;42;1.56;0.78;24.71;84
83638;680;42;1.56;0.78;24.71;84
83653;679;42;1.56;0.78;24.71;84
83667;679;42;1.56;0.78;24.71;84
83678;679;42;1.56;0.78;24.71;84
83690;679;42;1.56;0.78;24.71;84
83701;679;42;1.56;0.78;24.71;84
83709;679;42;1.56;0.78;24.71;84
83720;678;42;1.56;0.78;24.71;84
83729;678;42;1.56;0.78;24.71;84
83737;678;42;1.56;0.78;24.71;84
83751;678;42;1.56;0.78;24.71;84
83757;679;42;1.56;0.78;24.71;84
83769;679;42;1.56;0.78;24.71;84
83780;679;42;1.56;0.78;24.71;84
83788;679;42;1.56;0.78;24.71;84
83797;679;42;1.56;0.78;24.71;84
83810;679;42;1.56;0.78;24.71;84
83819;679;42;1.56;0.78;24.71;84
83828;679;42;1.56;0.78;24.71;84
83838;679;42;1.56;0.78;24.71;84
83849;679;42;1.56;0.78;24.71;84
83857;679;42;1.56;0.78;24.71;84
83867;680;42;1.56;0.78;24.71;84
83880;680;42;1.56;0.78;24.71;84
83887;680;42;1.56;0.78;24.71;84
83897;680;42;1.56;0.78;24.71;84
83912;680;42;1.56;0.78;24.71;84
83928;680;42;1.56;0.78;24.71;84
83940;680;42;1.56;0.78;24.31;84
83948;679;42;1.56;0.78;24.31;84
83957;679;42;1.56;0.78;24.31;84
83969;679;42;1.56;0.78;24.31;84
83980;678;42;2.34;0.78;24.31;84
83989;678;42;2.34;0.78;24.31;84
84000;678;42;2.34;0.78;24.31;84
84009;679;42;2.34;0.78;24.31;84
84018;679;42;2.34;0.78;24.31;84
84029;679;42;2.34;0.78;24.31;84
84039;680;42;2.34;0.78;24.31;84
84051;680;42;2.34;0.78;24.31;84
84070;680;42;2.34;0.78;24.31;84
84080;680;42;2.34;0.78;24.31;85
84087;681;42;2.34;0.78;24.31;85
84099;681;42;2.34;0.78;24.31;85
84108;681;42;1.56;0.78;24.31;85
84119;681;42;1.56;0.78;24.31;85
84130;680;42;1.56;0.78;24.31;85
84139;680;42;1.56;0.78;24.31;84
84148;679;42;1.56;0.78;24.31;84
84159;678;42;1.56;0.78;24.31;84
84168;678;42;1.56;0.78;24.31;84
84181;677;42;1.56;0.78;24.31;84
84189;676;42;1.56;0.78;24.31;84
84197;675;42;1.56;0.78;24.31;84
84208;675;42;1.56;0.78;24.31;84
84219;674;42;1.56;0.78;24.31;84
84228;673;42;1.56;0.78;24.31;84
84238;672;42;1.56;0.00;24.31;84
84249;673;42;1.56;0.00;24.71;84
84259;674;42;1.56;0.00;24.71;84
84267;675;42;1.56;0.00;24.71;84
84279;676;42;1.56;0.00;24.71;84
84287;677;42;1.56;0.00;24.71;84
84298;678;42;1.56;0.00;24.71;84
84312;678;42;1.56;0.00;24.31;84
84330;679;42;1.56;0.00;24.31;84
84338;679;42;1.56;0.00;24.31;84
84353;680;42;1.56;0.00;24.31;84
84370;680;42;1.56;0.00;24.31;84
84381;681;42;1.56;0.00;24.31;84
84388;681;42;1.56;0.00;24.31;84
84398;680;42;1.56;0.00;24.31;84
84411;680;42;1.56;0.00;24.31;84
84419;680;42;1.56;0.00;24.31;84
84429;680;42;1.56;0.00;24.31;84
84438;680;42;1.56;0.00;24.31;84
84448;679;42;1.56;0.00;24.31;84
84457;678;42;1.56;0.00;24.31;84
84469;677;42;1.56;0.00;24.31;84
84480;676;42;1.56;0.00;24.31;84
84489;675;42;1.56;0.00;24.31;84
84500;674;42;1.56;0.00;24.31;84
84508;672;42;1.56;0.00;24.31;84
84519;670;42;1.56;0.00;24.31;84
84527;668;42;1.56;0.00;24.31;84
84538;666;42;1.56;0.00;24.31;84
84550;665;42;1.56;0.00;24.31;84
84559;663;42;1.56;0.78;24.31;84
84567;664;42;1.56;0.78;24.71;84
84580;666;42;1.56;0.78;24.71;84
84602;668;42;1.56;0.78;24.71;84
84617;669;42;1.56;0.78;24.71;84
84628;671;42;1.56;0.78;24.71;84
84637;673;42;1.56;0.78;24.71;84
84651;673;42;1.56;0.78;24.71;84
84660;674;42;1.56;0.78;24.71;85
84668;674;42;1.56;0.78;24.71;85
84681;674;42;1.56;0.78;24.71;85
84697;675;42;0.78;0.78;24.71;85
84710;675;42;0.78;0.78;24.71;85
84717;674;42;0.78;0.78;24.71;85
84729;674;42;0.78;0.78;24.71;84
84739;674;42;0.78;0.78;24.71;84
84748;673;42;0.78;0.78;24.71;84
84759;673;42;0.78;0.78;24.71;84
84768;672;42;0.78;0.78;24.71;84
84779;671;42;0.78;0.78;25.10;84
84788;669;42;0.78;0.78;25.10;84
84799;668;42;0.78;0.78;25.10;84
84809;666;42;0.78;0.78;25.10;84
84818;665;42;0.78;0.78;25.10;84
84828;663;42;0.78;0.78;25.10;84
84837;664;42;0.78;0.78;25.10;84
84853;665;42;0.78;0.78;25.10;84
84867;665;42;0.78;0.78;25.10;84
84881;666;42;0.78;0.78;25.10;84
84889;667;42;0.78;0.78;25.10;84
84897;667;42;0.78;0.78;25.10;84
84908;669;42;0.78;0.78;25.10;84
84918;670;42;0.78;0.78;25.10;84
84928;672;42;0.78;0.78;25.10;84
84938;674;42;0.78;0.78;25.10;84
84950;675;42;0.78;0.78;25.10;84
84958;677;42;0.78;0.78;25.10;84
84969;677;42;0.78;0.78;25.10;84
84980;676;42;0.78;0.78;25.10;84
84988;676;42;0.78;0.78;25.10;84
84999;676;42;0.78;0.78;25.10;84
85009;676;42;0.78;0.78;25.10;84
85018;675;42;0.78;0.78;25.10;84
85029;673;42;0.78;0.78;25.10;84
85040;671;42;0.78;0.78;25.10;84
85052;669;42;0.78;0.78;25.10;84
85070;667;42;0.78;0.78;25.10;84
85081;665;42;0.78;0.78;25.10;84
85087;663;42;0.78;0.78;25.10;84
85099;665;42;0.78;0.78;25.10;84
85112;666;42;0.78;0.78;25.10;84
85129;668;42;0.78;0.78;25.10;84
85140;669;42;0.78;0.78;25.10;84
85149;670;42;0.78;0.78;25.10;84
85159;672;42;0.78;0.78;25.10;84
85170;672;42;0.78;0.78;25.10;84
85180;673;42;0.78;0.78;25.10;84
85189;673;42;0.78;0.78;25.10;84
85197;674;42;0.78;0.78;25.10;84
85209;674;42;0.78;0.78;25.10;84
85218;674;42;0.78;0.78;25.10;84
85228;674;42;0.78;0.78;25.10;84
85237;674;42;0.78;0.78;25.10;84
85252;674;42;0.78;0.78;25.10;84
85269;674;42;0.78;0.78;25.10;84
85280;674;42;0.78;0.78;25.10;84
85289;674;42;0.78;0.78;25.10;84
85298;674;42;0.78;0.78;25.10;84
85309;674;42;0.78;0.78;25.10;84
85318;674;42;0.78;0.78;25.10;84
85327;674;42;0.78;0.78;25.10;84
85339;674;42;0.78;0.78;25.10;84
85348;674;42;0.78;0.78;25.10;84
85357;674;42;0.78;0.78;25.10;84
85369;673;42;0.78;0.78;25.10;84
85382;673;42;0.78;0.78;25.10;84
85399;673;42;0.78;0.78;25.10;84
85411;672;42;0.78;0.78;25.10;84
85419;672;42;0.78;0.78;25.10;84
85428;672;42;0.78;0.78;25.10;84
85437;672;42;0.78;0.78;25.10;84
85449;672;42;0.78;0.78;25.10;84
85459;672;42;0.78;0.78;25.10;84
85468;672;42;1.56;0.78;25.10;84
85479;672;42;1.56;1.56;25.10;84
85490;672;42;1.56;1.56;25.10;84
85499;671;42;1.56;1.56;25.10;84
85508;671;42;1.56;1.56;25.10;84
85520;671;42;1.56;1.56;25.10;84
85528;671;42;1.56;1.56;25.10;84
85538;671;42;1.56;1.56;25.10;84
85548;671;42;1.56;1.56;25.10;84
85561;671;42;1.56;1.56;25.10;84
85569;671;42;1.56;1.56;25.10;84
85577;671;42;1.56;1.56;25.10;84
85598;671;42;1.56;1.56;25.10;84
85608;671;42;1.56;1.56;25.10;84
85618;672;42;1.56;1.56;25.10;84
85630;673;42;1.56;1.56;25.10;84
85637;674;42;1.56;1.56;25.10;84
85647;675;42;1.56;1.56;25.10;84
85660;676;42;1.56;1.56;25.10;84
85669;677;42;1.56;0.78;25.10;84
85681;677;42;1.56;0.78;25.10;84
85700;677;42;1.56;0.78;25.10;84
85708;676;42;1.56;0.78;25.10;84
85718;676;42;1.56;0.78;25.10;84
85729;676;42;1.56;0.78;25.10;84
85740;676;42;1.56;0.78;25.10;84
85749;675;42;1.56;0.78;25.10;84
85758;675;42;1.56;0.78;25.10;84
85768;675;42;1.56;0.78;25.10;84
85780;674;42;1.56;0.78;25.10;84
85788;674;42;1.56;0.78;25.10;84
85800;673;42;1.56;0.78;25.10;84
85811;674;42;1.56;0.78;25.10;84
85819;675;42;1.56;0.78;25.10;84
85829;676;42;1.56;0.78;25.10;84
85837;678;42;1.56;0.78;25.10;84
85849;679;42;1.56;0.78;25.10;84
85859;680;42;1.56;0.78;25.10;84
85870;680;42;1.56;0.78;25.10;84
85879;681;42;1.56;0.78;25.10;84
85888;681;42;1.56;0.78;25.10;84
85899;681;42;1.56;0.78;25.10;84
85909;682;42;1.56;0.78;25.10;84
85918;682;42;1.56;0.78;25.10;84
85930;682;42;1.56;0.78;24.71;84
85939;681;42;1.56;0.78;24.71;84
85950;680;42;1.56;0.78;24.71;84
85959;679;42;1.56;0.78;24.71;84
85969;679;42;1.56;0.78;24.71;84
85981;678;42;1.56;0.78;24.71;84
85999;678;42;1.56;0.78;24.71;84
86008;677;42;1.56;0.78;24.71;84
86019;677;42;1.56;0.78;24.71;84
86029;677;42;1.56;0.78;24.71;84
86039;676;42;1.56;0.78;24.71;84
86051;676;42;1.56;0.78;24.71;84
86060;676;42;1.56;0.78;24.71;84
86068;676;42;1.56;0.78;24.71;84
86079;676;42;1.56;0.78;24.71;84
86090;676;42;1.56;0.78;24.71;84
86098;677;42;2.34;0.78;24.71;84
86109;677;42;2.34;0.78;24.71;84
86119;676;42;2.34;0.78;24.71;84
86128;676;42;2.34;0.78;24.71;84
86139;675;42;2.34;0.78;24.71;84
86147;674;42;2.34;0.78;24.71;84
86158;674;42;2.34;0.78;24.71;84
86169;673;42;2.34;0.78;24.71;84
86178;674;42;2.34;0.78;24.71;84
86188;675;42;2.34;0.78;24.71;84
86198;676;42;2.34;0.78;24.71;84
86212;677;42;2.34;0.78;24.71;84
86232;678;42;2.34;0.78;24.71;84
86251;678;42;2.34;0.78;24.71;84
86268;678;42;2.34;0.78;24.71;84
86280;678;42;2.34;0.78;24.71;84
86288;677;42;2.34;0.78;24.71;84
86300;677;42;2.34;0.78;24.71;84
86310;677;42;2.34;0.78;24.71;84
86319;676;42;2.34;0.78;24.71;84
86329;677;42;2.34;0.78;24.71;84
86340;677;42;2.34;0.78;24.71;84
86348;677;42;2.34;0.78;24.71;84
86361;678;42;2.34;0.78;24.71;84
86369;678;42;2.34;0.78;24.71;84
86378;678;42;2.34;0.78;24.71;84
86390;678;42;2.34;0.78;24.71;84
86398;677;42;2.34;0.78;24.71;84
86408;676;42;2.34;0.78;24.71;84
86419;676;42;2.34;0.78;24.71;84
86429;675;42;2.34;0.78;24.71;84
86439;675;42;2.34;0.78;24.71;84
86448;674;42;2.34;0.78;24.71;84
86459;674;42;2.34;0.78;24.71;84
86468;673;42;2.34;0.78;24.71;84
86478;673;42;2.34;0.78;24.71;84
86488;672;42;2.34;0.78;24.71;84
86499;672;42;2.34;0.78;24.71;84
86508;672;42;2.34;0.78;24.71;84
86520;673;42;2.34;0.78;24.71;84
86529;674;42;2.34;0.78;24.71;84
86540;674;42;2.34;0.78;24.71;84
86549;675;42;1.56;0.78;24.71;84
86560;675;42;1.56;0.78;24.71;84
86569;676;42;1.56;0.78;24.71;84
86581;677;42;1.56;0.78;24.71;84
86598;678;42;1.56;0.78;24.71;84
86609;679;42;1.56;0.78;24.71;84
86619;680;42;1.56;0.78;24.71;84
86628;681;42;1.56;0.78;24.71;84
86640;680;42;1.56;0.78;24.71;84
86651;679;42;1.56;0.78;24.71;84
86671;678;42;1.56;0.78;24.71;84
86680;678;42;1.56;0.78;24.71;84
86688;677;42;1.56;0.78;24.71;84
86700;676;42;1.56;0.78;24.71;84
86711;677;42;1.56;0.78;24.71;84
86718;677;42;1.56;0.78;24.71;84
86730;678;42;1.56;0.78;24.71;84
86739;679;42;1.56;0.78;24.71;84
86749;679;42;1.56;0.78;24.71;84
86758;680;42;1.56;0.00;24.71;84
86769;679;42;1.56;0.00;24.71;84
86779;677;42;1.56;0.00;24.71;84
86790;676;42;1.56;0.00;24.71;84
86799;675;42;1.56;0.00;24.71;84
86809;673;42;0.78;0.00;24.71;84
86819;672;42;0.78;0.00;24.71;84
86828;672;42;0.78;0.00;24.71;84
86840;672;42;0.78;0.00;24.71;84
86851;672;42;0.78;0.00;24.71;84
86860;672;42;0.78;0.00;24.71;84
86870;672;42;0.78;0.00;24.71;84
86880;672;42;0.78;0.00;24.71;84
86890;673;42;0.78;0.00;24.71;84
86899;674;42;0.78;0.00;24.71;84
86911;675;42;0.78;0.00;24.71;84
86931;676;42;0.78;0.00;24.71;84
86940;676;42;0.78;0.00;24.71;84
86951;677;42;0.78;0.00;24.71;84
86959;677;42;0.78;0.00;24.71;84
86970;677;42;0.78;0.00;24.71;84
86979;676;42;0.78;0.00;24.71;84
86989;676;42;0.78;0.00;24.71;84
87000;676;42;0.78;0.00;24.71;84
87008;675;42;0.78;0.00;24.71;84
87020;676;42;0.78;0.00;24.71;84
87028;676;42;0.78;0.00;24.71;84
87039;676;42;0.78;0.00;24.71;84
87050;677;42;0.78;0.00;24.71;84
87060;677;42;0.78;0.00;24.71;84
87068;677;42;0.78;0.00;24.71;84
87081;678;42;0.78;0.00;24.71;84
87089;678;42;0.78;0.00;24.71;84
87099;678;42;0.78;0.00;24.71;84
87111;678;42;0.78;0.00;24.71;84
87121;678;42;0.78;0.00;24.71;84
87130;679;42;0.78;0.00;24.71;84
87141;679;42;0.78;0.00;24.71;84
87150;679;42;0.78;0.00;24.71;84
87159;680;42;0.78;0.00;24.71;84
87170;680;42;0.78;0.00;24.71;84
87179;680;42;0.78;0.00;24.71;84
87191;681;42;0.78;0.00;24.71;84
87200;680;42;0.78;0.00;24.71;84
87210;680;42;0.78;0.00;24.71;84
87219;680;42;0.78;0.00;24.71;84
87229;679;42;0.78;0.00;24.71;84
87240;679;42;0.78;0.00;24.71;84
87249;679;42;0.78;0.00;24.71;84
87260;678;42;0.78;0.00;24.71;84
87269;677;42;0.78;0.00;24.71;84
87282;676;42;0.78;0.00;24.71;84
87298;675;42;0.78;0.00;24.71;84
87309;674;42;0.78;0.00;24.71;84
87320;674;42;0.78;0.00;24.71;84
87331;673;42;0.78;0.00;24.71;84
87339;673;42;0.78;0.00;24.71;84
87350;673;42;0.78;0.00;24.71;84
87361;672;42;0.78;0.00;24.71;84
87369;672;42;0.78;0.00;24.71;84
87380;672;42;0.78;0.00;24.71;84
87391;673;42;0.78;0.00;24.71;84
87399;674;42;0.78;0.00;24.71;84
87409;675;42;0.78;0.00;24.71;84
87421;676;42;0.78;0.00;24.71;84
87430;677;42;0.78;0.00;24.71;84
87439;678;42;0.78;0.00;24.71;84
87450;679;42;0.78;0.00;24.71;84
87460;679;42;0.78;0.00;24.71;84
87468;679;42;0.78;0.00;24.71;84
87479;679;42;0.78;0.00;24.71;84
87490;679;42;0.00;0.00;24.71;84
87496;680;42;0.00;0.00;24.71;84
87510;679;42;0.00;0.00;24.71;84
87516;678;42;0.00;0.00;24.71;84
87528;677;42;0.00;0.00;24.71;84
87539;676;42;0.00;0.00;24.71;84
87547;676;42;0.00;0.00;24.71;84
87558;675;42;0.00;0.00;24.71;84
87569;675;42;0.00;0.00;24.71;84
87578;676;42;0.00;0.00;24.71;84
87600;676;42;0.00;0.00;24.71;84
87612;677;42;0.00;0.00;24.71;84
87630;677;42;0.00;0.00;24.71;84
87639;677;42;0.00;0.78;24.71;84
87651;677;42;0.00;0.78;24.71;84
87658;676;42;0.00;0.78;24.71;84
87673;675;42;0.00;0.78;24.71;84
87686;674;42;0.00;0.78;24.71;84
87699;673;42;0.00;0.78;24.71;84
87708;672;42;0.00;0.78;24.71;84
87716;672;42;0.00;0.78;24.71;84
87730;671;42;0.00;0.78;24.71;84
87738;670;42;0.00;0.78;24.71;84
87747;669;42;0.00;0.78;24.71;84
87758;669;42;0.00;0.78;24.71;84
87768;668;42;0.00;0.78;24.71;84
87779;669;42;0.00;0.78;24.71;84
87789;670;42;0.00;0.78;24.71;84
87797;672;42;0.00;0.78;24.71;84
87807;673;42;0.00;0.78;24.71;84
87821;674;42;0.00;0.78;24.71;84
87828;676;42;0.00;0.78;24.71;84
87838;676;42;0.00;0.78;24.71;84
87850;676;42;0.00;0.78;24.71;84
87858;676;42;0.00;0.78;24.71;84
87867;677;42;0.00;0.78;24.71;84
87880;677;42;0.00;0.78;24.71;84
87889;677;42;0.00;0.78;24.71;84
87900;677;42;0.00;0.78;24.71;84
87912;676;42;0.00;0.78;24.71;84
87927;676;42;0.00;0.78;24.71;84
87939;675;42;0.00;0.78;24.71;84
87947;675;42;0.00;0.78;24.71;84
87957;674;42;0.00;0.78;24.71;84
87971;673;42;0.00;0.78;24.71;84
87981;673;42;0.00;0.78;24.71;84
87999;672;42;0.00;0.78;24.71;84
88007;671;42;0.00;0.78;24.71;84
88018;670;42;0.00;0.78;24.71;84
88028;669;42;0.00;0.78;24.71;84
88037;670;42;0.00;0.78;25.10;84
88048;670;42;0.00;0.78;25.10;84
88058;671;42;0.00;0.78;25.10;84
88067;672;42;0.00;0.78;25.10;84
88080;673;42;0.78;0.78;25.10;84
88089;674;42;0.78;0.78;25.10;84
88097;674;42;0.78;0.78;25.10;84
88108;674;42;0.78;0.78;25.10;84
88118;674;42;0.78;0.78;25.10;84
88127;675;42;0.78;0.78;25.10;84
88140;675;42;0.78;0.78;25.10;84
88147;675;42;0.78;0.78;25.10;84
88158;676;42;0.78;0.78;25.10;84
88169;676;42;0.78;0.78;25.10;84
88181;676;42;0.78;0.78;25.10;84
88186;676;42;0.78;0.78;25.10;84
88197;677;42;0.78;0.78;25.10;84
88209;677;42;0.78;0.78;25.10;84
88217;677;42;0.78;0.78;25.10;84
88228;677;42;0.78;0.78;25.10;84
88237;677;42;0.78;0.78;25.10;84
88249;677;42;0.78;0.78;25.10;84
88257;677;42;0.78;0.78;25.10;84
88269;677;42;0.78;0.78;25.10;84
88281;677;42;0.78;0.78;25.10;84
88288;676;42;0.78;0.78;25.10;84
88296;676;42;0.78;0.78;25.10;84
88307;675;42;0.78;0.78;25.10;84
88317;675;42;0.78;0.78;25.10;84
88328;675;42;0.78;0.78;25.10;84
88339;674;42;0.78;0.78;25.10;84
88347;673;42;0.78;0.78;25.10;84
88358;672;42;0.78;0.78;25.10;84
88368;671;42;0.78;0.78;25.10;84
88381;670;42;0.78;0.78;25.10;84
88399;669;42;0.78;0.78;25.10;84
88410;670;42;0.78;0.78;25.10;84
88418;670;42;0.78;0.78;25.10;84
88429;670;42;0.78;0.78;25.10;84
88439;671;42;0.78;0.78;25.10;84
88449;671;42;1.56;0.78;25.10;84
88461;671;42;1.56;1.56;25.10;84
88480;672;42;1.56;1.56;25.10;84
88489;672;42;1.56;1.56;25.10;84
88497;672;42;1.56;1.56;25.10;84
88508;673;42;1.56;1.56;25.10;84
88518;673;42;1.56;1.56;25.10;84
88529;673;42;1.56;1.56;25.10;84
88538;673;42;1.56;1.56;25.10;84
88550;673;42;1.56;1.56;25.10;84
88560;674;42;1.56;1.56;25.10;84
88568;674;42;1.56;1.56;25.10;84
88580;674;42;1.56;1.56;25.10;84
88600;674;42;1.56;1.56;25.10;84
88610;674;42;1.56;1.56;25.10;84
88618;675;42;1.56;1.56;25.10;84
88627;675;42;1.56;1.56;25.10;84
88640;675;42;1.56;1.56;25.10;84
88652;675;42;1.56;1.56;25.10;84
88667;676;42;1.56;1.56;25.10;84
88680;676;42;1.56;1.56;25.10;84
88688;677;42;1.56;1.56;25.10;84
88697;678;42;1.56;1.56;25.10;84
88709;678;42;1.56;1.56;25.10;84
88717;679;42;1.56;1.56;25.10;84
88729;680;42;1.56;1.56;25.10;84
88739;680;42;1.56;1.56;25.10;84
88747;679;42;1.56;1.56;25.10;84
88758;679;42;1.56;1.56;25.10;84
88770;679;42;1.56;1.56;25.10;84
88779;679;42;1.56;1.56;25.10;84
88789;679;42;1.56;1.56;25.10;84
88798;678;42;1.56;1.56;25.10;84
88807;678;42;1.56;1.56;25.10;84
88819;678;42;1.56;1.56;25.10;84
88828;678;42;1.56;1.56;25.10;84
88838;678;42;1.56;1.56;25.10;84
88848;677;42;1.56;1.56;25.10;84
88858;677;42;1.56;1.56;25.10;84
88868;677;42;1.56;1.56;25.10;84
88879;677;42;1.56;1.56;25.10;84
88889;677;42;1.56;1.56;25.10;84
88899;677;42;1.56;1.56;25.10;84
88908;677;42;1.56;1.56;25.10;84
88919;677;42;1.56;1.56;25.10;84
88928;678;42;1.56;1.56;25.10;84
88939;678;42;1.56;1.56;25.10;84
88948;679;42;1.56;1.56;25.10;84
88957;679;42;1.56;1.56;25.10;84
88968;680;42;1.56;1.56;25.10;84
88979;679;42;1.56;1.56;24.71;84
88988;679;42;1.56;1.56;24.71;84
88997;678;42;1.56;1.56;24.71;84
89009;678;42;1.56;1.56;24.71;84
89018;678;42;1.56;1.56;24.71;84
89029;677;42;1.56;1.56;24.71;84
89039;678;42;1.56;1.56;24.71;84
89048;678;42;1.56;1.56;24.71;84
89057;679;42;1.56;1.56;24.71;84
89069;679;42;1.56;1.56;24.71;84
89077;680;42;2.34;1.56;24.71;84
89088;681;42;2.34;1.56;24.71;84
89100;681;42;2.34;1.56;24.71;84
89108;680;42;2.34;1.56;24.71;84
89118;680;42;2.34;1.56;24.71;84
89127;680;42;2.34;1.56;24.71;84
89137;680;42;2.34;1.56;24.71;84
89149;680;42;2.34;1.56;24.71;84
89158;679;42;2.34;1.56;24.71;84
89169;679;42;2.34;1.56;24.71;84
89178;679;42;2.34;1.56;24.71;84
89187;678;42;2.34;1.56;24.71;84
89199;678;42;2.34;1.56;24.71;84
89207;677;42;2.34;1.56;24.71;84
89217;678;42;2.34;1.56;24.71;84
89228;679;42;2.34;1.56;24.71;84
89238;680;42;2.34;1.56;24.71;84
89248;681;42;2.34;1.56;24.71;84
89258;681;42;2.34;1.56;24.71;84
89269;682;42;2.34;1.56;24.71;84
89281;683;42;2.34;1.56;24.31;84
89297;683;42;2.34;1.56;24.31;84
89309;683;42;2.34;1.56;24.31;84
89319;684;42;2.34;1.56;24.31;84
89330;684;42;2.34;1.56;24.31;84
89339;685;42;2.34;1.56;24.31;84
89347;685;42;2.34;1.56;24.31;84
89359;686;42;2.34;1.56;24.31;84
89370;687;42;2.34;1.56;24.31;84
89380;688;42;2.34;1.56;24.31;84
89389;689;42;3.13;1.56;24.31;84
89399;689;42;3.13;1.56;24.31;84
89408;689;42;3.13;1.56;24.31;84
89418;689;42;3.13;1.56;24.31;84
89430;689;42;3.13;1.56;24.31;84
89441;688;42;3.13;1.56;24.31;84
89449;688;42;3.13;1.56;24.31;84
89457;688;42;3.13;1.56;24.31;84
89468;687;42;3.13;1.56;23.92;84
89478;687;42;3.13;1.56;23.92;84
89489;687;42;3.13;1.56;23.92;84
89500;686;42;3.13;1.56;23.92;84
89508;686;42;3.13;1.56;23.92;84
89517;686;42;3.13;1.56;23.92;84
89528;685;42;3.13;1.56;23.92;84
89537;685;42;3.13;1.56;23.92;84
89549;684;42;3.13;1.56;23.92;84
89558;683;42;3.13;1.56;23.92;84
89569;683;42;3.13;1.56;23.92;84
89581;682;42;3.13;0.78;23.92;84
89597;682;42;3.13;0.78;23.92;84
89608;682;42;3.13;0.78;23.92;84
89619;683;42;3.13;0.78;23.92;84
89630;683;42;3.13;0.78;23.92;84
89639;683;42;3.13;0.78;23.92;84
89651;683;42;3.13;0.78;23.92;84
89669;682;42;3.13;0.78;23.92;84
89678;682;42;3.13;0.78;23.92;84
89687;681;42;3.13;0.78;23.92;84
89700;680;42;3.13;0.78;23.92;84
89708;680;42;2.34;0.78;23.92;84
89720;679;42;2.34;0.78;23.92;84
89728;680;42;2.34;0.78;23.92;84
89740;681;42;2.34;0.78;23.92;84
89747;681;42;2.34;0.78;23.92;84
89759;682;42;2.34;0.78;23.92;84
89767;683;42;2.34;0.78;23.92;84
89777;684;42;2.34;0.78;23.92;84
89788;683;42;2.34;0.78;23.92;84
89799;683;42;2.34;0.78;23.92;84
89810;682;42;2.34;0.78;23.92;84
89819;682;42;2.34;0.78;23.92;84
89827;682;42;2.34;0.78;23.92;84
89839;681;42;2.34;0.78;23.92;84
89848;681;42;2.34;0.78;23.92;84
89859;680;42;2.34;0.78;23.92;84
89869;680;42;2.34;0.78;23.92;84
89881;680;42;2.34;0.78;23.92;84
89890;679;42;1.56;0.78;23.92;84
89899;679;42;1.56;0.78;23.92;84
89908;680;42;1.56;0.78;23.92;84
89920;680;42;1.56;0.78;23.92;84
89927;680;42;1.56;0.78;23.92;84
89940;681;42;1.56;0.78;23.92;84
89949;681;42;1.56;0.78;23.92;84
89959;681;42;1.56;0.78;23.92;84
89969;680;42;1.56;0.78;23.92;84
89977;678;42;1.56;0.78;23.92;84
89987;677;42;1.56;0.78;23.92;84
89998;676;42;1.56;0.78;23.92;84
90009;674;42;1.56;0.78;23.92;84
90019;673;42;1.56;0.78;23.92;84
90029;673;42;1.56;0.78;24.31;84
90039;674;42;1.56;0.78;24.31;84
90050;674;42;1.56;0.78;24.31;84
90059;675;42;1.56;0.78;24.31;84
90069;675;42;0.78;0.78;24.31;84
90078;676;42;0.78;0.78;24.31;84
90089;676;42;0.78;0.78;24.31;84
90098;676;42;0.78;0.78;24.31;84
90109;676;42;0.78;0.78;24.31;84
90119;676;42;0.78;0.78;24.31;84
90130;676;42;0.78;0.78;24.31;84
90139;676;42;0.78;0.78;24.31;84
90150;677;42;0.78;0.78;24.31;84
90159;677;42;0.78;0.78;24.31;84
90168;678;42;0.78;0.78;24.31;84
90178;678;42;0.78;0.78;24.31;84
90189;679;42;0.78;0.78;24.31;84
90198;679;42;0.78;0.78;24.31;84
90208;680;42;0.78;0.78;24.31;84
90220;681;42;0.78;0.78;24.31;84
90230;682;42;0.78;0.78;24.31;84
90238;682;42;0.78;0.78;24.31;84
90250;683;42;0.00;0.78;24.31;84
90258;684;42;0.00;0.78;24.31;84
90269;683;42;0.00;0.78;24.31;84
90278;681;42;0.00;0.78;24.31;84
90289;680;42;0.00;0.78;24.31;84
90298;678;42;0.00;0.78;24.31;84
90310;677;42;0.00;0.78;24.31;84
90319;676;42;0.00;0.78;24.31;84
90329;675;42;0.00;0.78;24.71;84
90339;675;42;0.00;0.78;24.71;84
90348;675;42;0.00;0.78;24.71;84
90358;675;42;0.00;0.78;24.71;84
90370;675;42;0.00;0.78;24.71;84
90380;675;42;0.00;0.78;24.71;84
90389;674;42;0.00;0.78;24.71;84
90400;674;42;0.00;0.78;24.71;84
90409;674;42;0.00;0.78;24.71;84
90420;674;42;0.00;0.78;24.71;84
90430;674;42;-0.78;0.78;24.71;84
90438;674;42;-0.78;0.78;24.71;84
90450;675;42;-0.78;0.78;24.71;84
90459;676;42;-0.78;0.78;24.71;84
90469;676;42;-0.78;0.78;24.71;84
90480;677;42;-0.78;0.78;24.71;84
90489;678;42;-0.78;0.78;24.71;84
90498;679;42;-0.78;0.78;24.71;84
90508;679;42;-0.78;0.78;24.71;84
90520;679;42;-0.78;0.78;24.71;84
90529;678;42;-0.78;0.78;24.71;84
90540;678;42;-0.78;0.78;24.71;84
90552;677;42;-0.78;0.78;24.71;84
90568;677;42;-0.78;0.78;24.71;84
90580;677;42;-0.78;0.78;24.71;84
90599;677;42;-0.78;0.78;24.71;84
90610;677;42;-0.78;0.78;24.71;84
90619;677;42;-0.78;0.78;24.71;84
90629;677;42;-0.78;0.78;24.71;84
90638;677;42;-0.78;0.78;24.71;84
90652;676;42;-0.78;0.78;24.71;84
90669;675;42;-0.78;0.78;24.71;84
90679;675;42;-0.78;0.78;24.71;84
90690;674;42;-0.78;0.78;24.71;84
90698;673;42;-0.78;0.78;24.71;84
90709;673;42;-0.78;0.78;24.71;84
90718;672;42;-0.78;0.78;24.71;84
90728;671;42;-0.78;0.78;24.71;84
90740;670;42;-0.78;0.78;24.71;84
90749;669;42;-0.78;0.78;24.71;84
90761;668;42;-0.78;0.78;24.71;84
90769;668;42;-0.78;0.78;24.71;84
90779;668;42;-0.78;0.78;24.71;84
90789;669;42;-0.78;0.78;24.71;84
90799;670;42;-0.78;0.78;24.71;84
90809;671;42;-0.78;0.78;24.71;84
90818;672;42;-0.78;0.78;24.71;84
90830;673;42;-0.78;0.78;24.71;84
90840;673;42;-0.78;0.78;24.71;84
90851;673;42;-0.78;0.78;24.71;84
90860;674;42;-0.78;0.78;24.71;84
90868;674;42;-0.78;0.78;24.71;84
90879;675;42;-0.78;0.78;24.71;84
90888;675;42;-0.78;0.78;24.71;84
90899;674;42;-0.78;0.78;24.71;84
90910;674;42;-0.78;0.78;24.71;84
90920;673;42;-0.78;0.78;24.71;84
90930;673;42;-0.78;0.78;24.71;84
90937;672;42;-0.78;0.78;24.71;84
90949;672;42;-0.78;0.78;24.71;84
90959;672;42;-0.78;0.78;25.10;84
90969;672;42;-0.78;0.78;25.10;84
90980;673;42;-0.78;0.78;25.10;84
90990;673;42;-0.78;0.78;25.10;84
91000;674;42;0.00;0.78;25.10;84
91009;674;42;0.00;0.78;25.10;84
91019;674;42;0.00;0.78;25.10;84
91028;675;42;0.00;0.78;25.10;84
91039;676;42;0.00;0.78;25.10;84
91049;676;42;0.00;0.78;25.10;84
91058;677;42;0.00;0.78;25.10;84
91069;677;42;0.00;1.56;25.10;84
91078;677;42;0.00;1.56;25.10;84
91090;677;42;0.00;1.56;25.10;84
91099;676;42;0.00;1.56;25.10;84
91110;676;42;0.00;1.56;25.10;84
91119;675;42;0.00;1.56;25.10;84
91130;675;42;0.00;1.56;25.10;84
91136;676;42;0.00;1.56;25.10;84
91148;677;42;0.00;1.56;25.10;84
91161;678;42;0.00;1.56;25.10;84
91168;679;42;0.00;1.56;25.10;84
91180;679;42;0.00;1.56;25.10;84
91190;680;42;0.00;1.56;25.10;84
91198;679;42;0.00;1.56;25.10;84
91208;678;42;0.00;1.56;25.10;84
91217;677;42;0.00;1.56;25.10;84
91230;676;42;0.00;1.56;25.10;84
91237;674;42;0.00;1.56;25.10;84
91248;673;42;0.00;1.56;25.10;84
91261;673;42;0.00;1.56;25.10;84
91278;673;42;0.00;1.56;25.10;84
91291;673;42;0.00;1.56;25.10;84
91309;673;42;0.00;1.56;25.10;84
91321;673;42;0.78;1.56;25.10;84
91329;673;42;0.78;1.56;25.10;84
91337;673;42;0.78;1.56;25.10;84
91349;673;42;0.78;1.56;25.10;84
91358;673;42;0.78;1.56;25.10;84
91367;673;42;0.78;1.56;25.10;84
91379;674;42;0.78;1.56;25.10;84
91388;674;42;0.78;1.56;25.10;84
91396;674;42;0.78;1.56;25.10;84
91408;675;42;0.78;1.56;25.10;84
91417;676;42;0.78;1.56;25.10;84
91428;676;42;0.78;1.56;25.10;84
91440;677;42;0.78;1.56;25.10;84
91449;678;42;0.78;1.56;25.10;84
91458;677;42;0.78;1.56;24.71;84
91467;676;42;0.78;1.56;24.71;84
91479;676;42;0.78;1.56;24.71;84
91488;675;42;0.78;1.56;24.71;84
91500;674;42;0.78;1.56;24.71;84
91508;673;42;0.78;1.56;24.71;84
91519;674;42;0.78;1.56;24.71;84
91527;675;42;0.78;1.56;24.71;84
91538;675;42;0.78;1.56;24.71;84
91546;676;42;0.78;1.56;24.71;84
91558;677;42;1.56;1.56;24.71;84
91568;678;42;1.56;2.34;24.71;84
91581;678;42;1.56;2.34;24.71;84
91599;678;42;1.56;2.34;24.71;84
91607;678;42;1.56;2.34;24.71;84
91618;679;42;1.56;2.34;24.71;84
91629;679;42;1.56;2.34;24.71;84
91638;679;42;1.56;2.34;24.71;84
91652;679;42;1.56;2.34;24.71;84
91666;679;42;1.56;2.34;24.71;84
91680;679;42;1.56;2.34;24.71;84
91689;679;42;1.56;2.34;24.71;84
91698;679;42;1.56;2.34;24.71;84
91708;678;42;1.56;2.34;24.71;84
91717;678;42;1.56;2.34;24.71;84
91726;677;42;1.56;2.34;24.71;84
91738;677;42;1.56;2.34;24.71;84
91750;677;42;1.56;2.34;24.71;84
91757;676;42;2.34;2.34;24.71;84
91768;676;42;2.34;2.34;24.71;84
91778;675;42;2.34;2.34;24.71;84
91787;674;42;2.34;2.34;24.71;84
91798;673;42;2.34;2.34;24.71;84
91809;672;42;2.34;2.34;24.71;84
91818;671;42;2.34;2.34;24.71;84
91827;670;42;2.34;2.34;24.71;84
91839;672;42;2.34;2.34;24.71;84
91848;674;42;2.34;2.34;24.71;84
91859;676;42;2.34;2.34;24.71;84
91868;678;42;2.34;2.34;24.71;84
91879;680;42;2.34;2.34;24.71;84
91888;682;42;2.34;2.34;24.71;84
91896;683;42;2.34;2.34;24.71;84
91907;684;42;2.34;2.34;24.71;84
91916;685;42;2.34;2.34;24.71;84
91928;686;42;2.34;2.34;24.71;84
91938;687;42;2.34;2.34;24.71;84
91949;688;42;2.34;2.34;24.71;84
91958;688;42;2.34;2.34;24.71;84
91967;688;42;2.34;2.34;24.71;84
91979;688;42;2.34;2.34;24.71;84
91988;688;42;2.34;2.34;24.71;84
91997;688;42;2.34;2.34;24.71;84
92008;688;42;2.34;2.34;24.71;84
92017;687;42;2.34;2.34;24.71;84
92029;687;42;2.34;2.34;24.71;84
92039;686;42;2.34;2.34;24.71;84
92049;685;42;2.34;2.34;24.71;84
92057;685;42;2.34;2.34;24.71;84
92066;684;42;2.34;2.34;24.71;84
92079;681;42;2.34;2.34;24.31;84
92088;677;42;2.34;2.34;24.31;84
92099;674;42;2.34;2.34;24.31;84
92109;671;42;2.34;2.34;24.31;84
92118;668;42;2.34;2.34;24.31;84
92126;665;42;2.34;2.34;24.31;84
92138;665;42;2.34;2.34;24.31;84
92149;665;42;2.34;2.34;24.31;84
92159;665;42;2.34;2.34;24.31;84
92167;665;42;2.34;2.34;24.31;84
92181;666;42;2.34;2.34;24.31;84
92196;666;42;2.34;1.56;24.31;84
92208;668;42;2.34;1.56;24.31;84
92220;670;42;2.34;1.56;24.31;84
92227;672;42;2.34;1.56;24.31;84
92236;674;42;2.34;1.56;24.31;84
92248;677;42;2.34;1.56;24.31;84
92257;679;42;2.34;1.56;24.31;84
92269;680;42;2.34;1.56;24.71;84
92280;680;42;2.34;1.56;24.71;84
92288;681;42;2.34;1.56;24.71;84
92299;682;42;2.34;1.56;24.71;84
92308;683;42;2.34;1.56;24.71;84
92316;684;42;2.34;1.56;24.71;84
92329;683;42;2.34;1.56;24.71;84
92341;683;42;2.34;1.56;24.71;84
92349;682;42;2.34;1.56;24.71;84
92358;681;42;2.34;1.56;24.71;84
92368;680;42;2.34;1.56;24.71;84
92378;680;42;2.34;1.56;24.71;84
92389;679;42;2.34;1.56;24.71;84
92400;678;42;2.34;1.56;24.71;84
92408;677;42;2.34;1.56;24.71;84
92417;676;42;2.34;1.56;24.71;84
92426;675;42;2.34;1.56;24.71;84
92439;674;42;2.34;1.56;24.71;84
92447;673;42;2.34;1.56;24.71;84
92457;673;42;2.34;1.56;24.71;84
92468;673;42;2.34;1.56;24.71;84
92478;672;42;2.34;1.56;24.71;84
92489;672;42;2.34;1.56;24.71;84
92500;672;42;2.34;1.56;24.71;84
92509;672;42;2.34;1.56;24.71;84
92517;672;42;2.34;1.56;24.71;84
92529;672;42;2.34;1.56;24.71;84
92537;673;42;2.34;1.56;24.71;84
92548;673;42;2.34;1.56;24.71;84
92561;673;42;2.34;1.56;24.71;84
92569;673;42;2.34;1.56;24.71;84
92580;674;42;2.34;1.56;24.71;84
92600;674;42;2.34;1.56;24.71;84
92609;674;42;2.34;1.56;24.71;84
92619;674;42;2.34;1.56;24.71;84
92628;674;42;2.34;1.56;24.71;84
92640;674;42;2.34;1.56;24.71;84
92648;673;42;2.34;1.56;24.71;84
92658;672;42;2.34;1.56;24.71;84
92667;671;42;2.34;1.56;24.71;84
92679;670;42;2.34;1.56;24.71;84
92687;670;42;2.34;1.56;24.71;84
92698;670;42;2.34;1.56;24.71;84
92709;670;42;2.34;1.56;24.71;84
92718;670;42;2.34;1.56;24.71;84
92727;670;42;2.34;1.56;24.71;84
92738;670;42;1.56;1.56;24.71;84
92749;670;42;1.56;1.56;24.71;84
92757;670;42;1.56;1.56;24.71;84
92768;671;42;1.56;1.56;24.71;84
92780;672;42;1.56;1.56;24.71;84
92788;672;42;1.56;1.56;24.71;84
92800;673;42;1.56;1.56;24.71;84
92809;674;42;1.56;1.56;24.71;84
92819;674;42;1.56;1.56;24.71;84
92827;673;42;1.56;1.56;24.71;84
92838;673;42;1.56;1.56;24.71;84
92849;673;42;1.56;1.56;24.71;84
92858;673;42;1.56;1.56;24.71;84
92867;673;42;1.56;1.56;24.71;84
92881;673;42;1.56;1.56;24.71;84
92899;674;42;1.56;1.56;24.71;84
92908;674;42;1.56;1.56;24.71;84
92918;675;42;1.56;1.56;24.71;84
92927;675;42;1.56;1.56;24.71;84
92937;676;42;1.56;1.56;24.71;84
92949;676;42;1.56;1.56;24.71;84
92957;676;42;1.56;1.56;24.71;84
92969;676;42;1.56;1.56;24.71;84
92980;677;42;1.56;1.56;24.71;84
92989;677;42;1.56;1.56;24.71;84
92998;677;42;1.56;1.56;24.71;84
93009;677;42;1.56;1.56;24.71;84
93019;677;42;1.56;1.56;24.71;84
93029;677;42;1.56;1.56;24.71;84
93038;677;42;1.56;1.56;24.71;84
93049;678;42;0.78;1.56;24.71;84
93058;678;42;0.78;1.56;24.71;84
93069;678;42;0.78;1.56;24.71;84
93078;678;42;0.78;1.56;24.71;84
93087;678;42;0.78;1.56;24.71;84
93099;678;42;0.78;1.56;24.71;84
93109;678;42;0.78;1.56;24.71;84
93120;678;42;0.78;1.56;24.71;84
93129;678;42;0.78;1.56;24.71;84
93137;678;42;0.78;1.56;24.71;84
93149;678;42;0.78;1.56;24.71;84
93158;679;42;0.78;1.56;24.71;84
93169;679;42;0.78;1.56;24.71;84
93180;679;42;0.78;1.56;24.71;84
93188;679;42;0.78;1.56;24.71;84
93198;680;42;0.78;1.56;24.71;84
93208;680;42;0.78;1.56;24.71;84
93218;680;42;0.78;1.56;24.71;84
93227;681;42;0.78;1.56;24.71;84
93238;681;42;0.78;1.56;24.71;84
93249;681;42;0.78;1.56;24.71;84
93258;681;42;0.78;1.56;24.71;84
93268;681;42;0.78;1.56;24.71;84
93279;681;42;0.78;1.56;24.71;84
93290;681;42;0.78;1.56;24.71;84
93299;681;42;0.78;1.56;24.71;84
93309;681;42;0.78;1.56;24.71;84
93317;680;42;0.78;1.56;24.71;84
93329;679;42;0.78;1.56;24.71;84
93337;678;42;0.78;1.56;24.71;84
93348;677;42;1.56;1.56;24.71;84
93357;676;42;1.56;1.56;24.71;84
93368;675;42;1.56;1.56;24.31;84
93379;674;42;1.56;1.56;24.31;84
93388;673;42;1.56;1.56;24.31;84
93397;671;42;1.56;1.56;24.31;84
93408;670;42;1.56;1.56;24.31;84
93418;669;42;1.56;1.56;24.31;84
93429;669;42;1.56;1.56;24.71;84
93437;669;42;1.56;1.56;24.71;84
93448;670;42;1.56;1.56;24.71;84
93459;670;42;1.56;1.56;24.71;84
93467;671;42;1.56;1.56;24.71;84
93479;671;42;1.56;1.56;24.71;84
93487;670;42;1.56;1.56;24.71;84
93499;669;42;1.56;1.56;24.71;84
93509;669;42;1.56;1.56;24.71;84
93517;668;42;1.56;1.56;24.71;84
93528;667;42;1.56;1.56;24.71;84
93538;666;42;1.56;1.56;24.71;84
93548;667;42;1.56;1.56;24.71;84
93560;668;42;1.56;1.56;24.71;84
93568;669;42;1.56;1.56;24.71;84
93577;670;42;1.56;1.56;24.71;84
93601;670;42;1.56;1.56;24.71;84
93619;671;42;1.56;1.56;24.71;84
93629;672;42;1.56;1.56;25.10;84
93638;673;42;1.56;1.56;25.10;84
93649;674;42;1.56;1.56;25.10;84
93659;675;42;1.56;1.56;25.10;84
93668;677;42;1.56;1.56;25.10;84
93677;678;42;1.56;1.56;25.10;84
93688;677;42;1.56;1.56;25.10;84
93700;676;42;1.56;1.56;25.10;84
93708;675;42;1.56;1.56;25.10;84
93720;674;42;1.56;1.56;25.10;84
93727;673;42;1.56;1.56;25.10;84
93739;672;42;1.56;1.56;25.10;84
93748;673;42;1.56;1.56;25.10;84
93757;673;42;1.56;1.56;25.10;84
93770;674;42;1.56;1.56;25.10;84
93782;675;42;1.56;1.56;25.10;84
93800;675;42;1.56;1.56;25.10;84
93810;676;42;1.56;1.56;25.10;84
93819;676;42;1.56;1.56;25.10;84
93827;677;42;1.56;1.56;25.10;84
93837;677;42;1.56;1.56;25.10;84
93847;678;42;1.56;1.56;25.10;84
93859;679;42;1.56;1.56;25.10;84
93869;679;42;1.56;1.56;25.10;84
93877;678;42;1.56;1.56;25.10;84
93889;677;42;1.56;1.56;25.10;84
93897;676;42;1.56;1.56;25.10;84
93908;675;42;1.56;1.56;25.10;84
93917;674;42;1.56;1.56;25.10;84
93928;673;42;1.56;1.56;25.10;84
93939;672;42;1.56;1.56;25.10;84
93949;672;42;1.56;1.56;25.10;84
93958;671;42;1.56;1.56;25.10;84
93969;670;42;1.56;1.56;25.10;84
93978;670;42;0.78;1.56;25.10;84
93987;669;42;0.78;1.56;25.10;84
93998;668;42;0.78;1.56;25.10;84
94007;668;42;0.78;1.56;25.10;84
94019;667;42;0.78;1.56;25.10;84
94028;667;42;0.78;1.56;25.10;84
94040;666;42;0.78;1.56;25.10;84
94049;665;42;0.78;1.56;25.10;84
94060;666;42;0.78;1.56;25.10;84
94069;667;42;0.78;1.56;25.10;84
94078;668;42;0.78;1.56;25.10;84
94090;669;42;0.78;1.56;25.10;84
94098;670;42;0.78;1.56;25.10;84
94109;671;42;0.78;1.56;25.10;84
94120;672;42;0.78;1.56;25.10;84
94130;673;42;0.78;1.56;25.10;84
94138;674;42;0.78;1.56;25.10;84
94149;674;42;0.78;1.56;25.10;84
94158;675;42;0.78;1.56;25.10;84
94169;676;42;0.78;1.56;25.10;84
94181;675;42;0.78;1.56;25.10;84
94187;675;42;0.78;1.56;25.10;84
94197;675;42;0.78;1.56;25.10;84
94208;674;42;0.78;1.56;25.10;84
94220;674;42;0.78;1.56;25.10;84
94229;673;42;0.78;1.56;25.10;84
94239;672;42;0.78;1.56;25.10;84
94250;671;42;0.78;1.56;25.10;84
94258;670;42;0.78;1.56;25.10;84
94269;669;42;0.78;1.56;25.10;84
94277;668;42;0.78;1.56;25.10;84
94289;667;42;0.78;1.56;25.10;84
94299;668;42;0.78;1.56;25.10;84
94308;668;42;0.78;1.56;25.10;84
94318;669;42;0.78;1.56;25.10;84
94329;669;42;0.78;1.56;25.10;84
94339;669;42;1.56;1.56;25.10;84
94349;670;42;1.56;1.56;25.10;84
94359;670;42;1.56;1.56;25.10;84
94368;670;42;1.56;1.56;25.10;84
94381;670;42;1.56;1.56;25.10;84
94390;670;42;1.56;1.56;25.10;84
94400;670;42;1.56;1.56;25.10;84
94409;670;42;1.56;1.56;25.10;84
94420;670;42;1.56;1.56;25.10;84
94428;669;42;1.56;1.56;25.10;84
94440;669;42;1.56;1.56;25.10;84
94448;669;42;1.56;1.56;25.10;84
94460;668;42;1.56;1.56;25.10;84
94468;668;42;1.56;1.56;25.10;84
94479;669;42;1.56;1.56;25.10;84
94488;670;42;1.56;1.56;25.10;84
94499;671;42;1.56;1.56;25.10;84
94510;672;42;1.56;1.56;25.10;84
94520;673;42;1.56;1.56;25.10;84
94529;674;42;1.56;1.56;25.10;84
94540;675;42;1.56;1.56;25.10;84
94548;676;42;1.56;1.56;25.10;84
94559;677;42;1.56;1.56;25.10;84
94570;678;42;1.56;1.56;25.10;84
94578;679;42;1.56;1.56;25.10;84
94598;680;42;1.56;1.56;25.10;84
94609;680;42;1.56;1.56;25.10;84
94620;680;42;1.56;1.56;25.10;84
94628;679;42;1.56;1.56;25.10;84
94638;679;42;1.56;1.56;25.10;84
94649;679;42;1.56;1.56;25.10;84
94658;678;42;1.56;1.56;25.10;84
94668;678;42;1.56;1.56;25.10;84
94680;677;42;1.56;1.56;25.10;84
94688;676;42;1.56;1.56;25.10;84
94699;676;42;1.56;1.56;25.10;84
94708;675;42;1.56;1.56;25.10;84
94719;675;42;1.56;1.56;25.10;84
94728;675;42;1.56;1.56;24.71;84
94738;674;42;1.56;1.56;24.71;84
94748;674;42;1.56;1.56;24.71;84
94759;674;42;1.56;1.56;24.71;84
94768;674;42;1.56;1.56;24.71;84
94777;674;42;1.56;1.56;24.71;84
94789;674;42;1.56;1.56;24.71;84
94800;675;42;1.56;1.56;24.71;84
94808;675;42;1.56;1.56;24.71;84
94819;675;42;1.56;1.56;24.71;84
94829;676;42;2.34;1.56;24.71;84
94839;676;42;2.34;1.56;24.71;84
94848;676;42;2.34;1.56;24.71;84
94860;677;42;2.34;1.56;24.71;84
94868;677;42;2.34;1.56;24.71;84
94879;677;42;2.34;1.56;24.71;84
94889;677;42;2.34;1.56;24.71;84
94898;678;42;2.34;1.56;24.71;84
94909;677;42;2.34;1.56;24.71;84
94920;676;42;2.34;1.56;24.71;84
94929;675;42;2.34;1.56;24.71;84
94940;674;42;2.34;1.56;24.71;84
94950;673;42;2.34;1.56;24.71;84
94958;672;42;2.34;1.56;24.71;84
94968;672;42;2.34;1.56;24.71;84
94981;671;42;2.34;1.56;24.71;84
94989;671;42;2.34;1.56;24.71;84
95000;671;42;2.34;1.56;24.71;84
95008;671;42;2.34;1.56;24.71;84
95019;670;42;2.34;1.56;24.71;84
95029;671;42;2.34;1.56;24.71;84
95038;671;42;2.34;1.56;24.71;84
95049;671;42;2.34;1.56;24.71;84
95060;672;42;2.34;1.56;24.71;84
95070;672;42;2.34;1.56;24.71;84
95079;672;42;2.34;1.56;24.71;84
95088;672;42;2.34;1.56;24.71;84
95098;673;42;2.34;1.56;24.71;84
95108;673;42;2.34;1.56;24.71;84
95118;673;42;2.34;1.56;24.71;84
95129;674;42;2.34;1.56;24.71;84
95138;674;42;2.34;1.56;24.71;84
95148;674;42;2.34;1.56;24.71;84
95158;675;42;2.34;1.56;24.71;84
95168;676;42;2.34;1.56;24.71;84
95181;676;42;2.34;1.56;24.71;84
95191;677;42;2.34;1.56;24.71;84
95199;677;42;2.34;1.56;24.71;84
95208;677;42;2.34;1.56;24.71;84
95219;678;42;2.34;1.56;24.71;84
95227;678;42;2.34;1.56;24.71;84
95238;678;42;2.34;1.56;24.71;84
95249;678;42;2.34;1.56;24.71;84
95258;678;42;2.34;1.56;24.71;84
95269;677;42;2.34;1.56;24.71;84
95279;676;42;2.34;1.56;24.71;84
95288;676;42;2.34;1.56;24.71;84
95298;675;42;2.34;1.56;24.71;84
95308;674;42;3.13;1.56;24.71;84
95317;674;42;3.13;1.56;24.71;84
95326;673;42;3.13;1.56;24.71;84
95339;673;42;3.13;1.56;24.71;84
95349;672;42;3.13;1.56;24.71;84
95360;671;42;3.13;1.56;24.71;84
95368;671;42;3.13;1.56;24.71;84
95379;670;42;3.13;1.56;24.71;84
95388;671;42;3.13;1.56;24.71;84
95399;671;42;3.13;1.56;24.71;84
95410;672;42;3.13;1.56;24.71;84
95418;672;42;3.13;1.56;24.71;84
95429;673;42;3.13;1.56;24.71;84
95440;673;42;3.13;1.56;24.71;84
95447;674;42;3.13;1.56;24.71;84
95459;674;42;3.13;1.56;24.71;84
95470;674;42;3.13;1.56;24.71;84
95479;675;42;3.13;1.56;24.71;84
95488;675;42;2.34;1.56;24.71;84
95498;675;42;2.34;1.56;24.71;84
95506;674;42;2.34;1.56;24.71;84
95519;674;42;2.34;1.56;24.71;84
95531;673;42;2.34;1.56;24.71;84
95537;672;42;2.34;1.56;24.71;84
95546;672;42;2.34;1.56;24.71;84
95560;671;42;2.34;1.56;24.71;84
95568;671;42;2.34;1.56;24.71;84
95581;672;42;2.34;1.56;24.71;84
95599;673;42;2.34;1.56;24.71;84
95608;673;42;2.34;1.56;24.71;84
95619;674;42;2.34;1.56;24.71;84
95626;674;42;2.34;1.56;24.71;84
95637;674;42;2.34;1.56;24.71;84
95650;673;42;2.34;1.56;24.71;84
95656;673;42;2.34;1.56;24.71;84
95668;672;42;2.34;1.56;24.71;84
95680;671;42;2.34;1.56;24.71;84
95688;671;42;2.34;1.56;24.71;84
95700;670;42;2.34;1.56;24.71;84
95710;669;42;2.34;1.56;24.71;84
95716;669;42;2.34;1.56;24.71;84
95728;668;42;2.34;1.56;24.71;84
95739;667;42;2.34;1.56;24.71;84
95748;667;42;2.34;1.56;24.71;84
95759;668;42;2.34;1.56;24.71;84
95769;669;42;2.34;1.56;24.71;84
95779;670;42;2.34;1.56;24.71;84
95788;671;42;2.34;1.56;24.71;84
95799;672;42;2.34;1.56;24.71;84
95807;673;42;2.34;1.56;24.71;84
95818;674;42;2.34;1.56;24.71;84
95828;675;42;2.34;1.56;24.71;84
95838;676;42;2.34;1.56;24.71;84
95847;677;42;2.34;1.56;24.71;84
95858;678;42;2.34;1.56;24.71;84
95869;679;42;2.34;1.56;24.71;84
95879;679;42;2.34;1.56;24.71;84
95890;678;42;2.34;1.56;24.71;84
95901;677;42;2.34;1.56;24.71;84
95917;677;42;2.34;1.56;24.71;84
95929;676;42;2.34;1.56;24.71;84
95938;675;42;2.34;1.56;24.71;84
95948;676;42;2.34;1.56;24.71;84
95960;676;42;2.34;1.56;24.71;84
95969;676;42;2.34;1.56;24.71;84
95979;677;42;2.34;1.56;24.71;84
95989;677;42;2.34;1.56;24.71;84
95999;677;42;2.34;1.56;24.71;84
96006;677;42;2.34;1.56;24.71;84
96020;676;42;2.34;1.56;24.71;84
96026;676;42;2.34;1.56;24.71;84
96038;675;42;2.34;1.56;24.71;84
96049;674;42;2.34;1.56;24.71;84
96057;674;42;2.34;1.56;24.71;84
96068;673;42;2.34;1.56;24.71;84
96080;673;42;2.34;1.56;24.71;84
96088;672;42;2.34;1.56;24.71;84
96099;672;42;2.34;1.56;24.71;84
96110;671;42;2.34;1.56;24.71;84
96117;671;42;2.34;1.56;24.71;84
96126;672;42;2.34;1.56;24.71;84
96138;673;42;2.34;1.56;24.71;84
96148;674;42;2.34;1.56;24.71;84
96158;675;42;2.34;1.56;24.71;84
96169;675;42;2.34;1.56;24.71;84
96180;676;42;2.34;1.56;24.71;84
96188;676;42;2.34;1.56;24.71;84
96199;676;42;2.34;1.56;24.71;84
96208;676;42;2.34;1.56;24.71;84
96217;676;42;2.34;1.56;24.71;84
96228;676;42;2.34;1.56;24.71;84
96238;676;42;2.34;0.78;24.71;84
96248;676;42;2.34;0.78;24.71;84
96260;676;42;2.34;0.78;24.71;84
96269;677;42;2.34;0.78;24.71;84
96277;677;42;2.34;0.78;24.71;84
96287;677;42;2.34;0.78;24.71;84
96300;677;42;2.34;0.78;24.71;84
96308;678;42;2.34;0.78;24.71;84
96318;679;42;2.34;0.78;24.71;84
96328;680;42;2.34;0.78;24.71;84
96338;681;42;2.34;0.78;24.71;84
96347;682;42;2.34;0.78;24.71;84
96356;683;42;2.34;0.78;24.71;84
96368;681;42;2.34;0.78;24.71;84
96377;679;42;2.34;0.78;24.71;84
96389;678;42;2.34;0.78;24.71;84
96398;676;42;2.34;0.78;24.71;84
96408;674;42;2.34;0.78;24.71;84
96418;672;42;2.34;0.78;24.71;84
96428;671;42;2.34;0.78;24.71;84
96438;671;42;2.34;0.78;24.71;84
96447;670;42;2.34;0.78;24.71;84
96459;669;42;2.34;0.78;24.71;84
96468;668;42;2.34;0.78;24.71;84
96481;667;42;2.34;0.78;24.71;84
96487;668;42;2.34;0.78;24.71;84
96500;668;42;2.34;0.78;24.71;84
96507;669;42;2.34;0.78;24.71;84
96518;669;42;2.34;0.78;24.71;84
96528;669;42;2.34;0.78;24.71;84
96537;670;42;2.34;0.78;24.71;84
96548;671;42;2.34;0.78;24.71;84
96557;671;42;2.34;0.78;24.71;84
96568;672;42;2.34;0.78;24.71;84
96577;673;42;2.34;0.78;24.71;84
96588;673;42;2.34;0.78;24.71;84
96600;674;42;2.34;0.78;24.71;84
96606;673;42;2.34;0.78;24.71;84
96618;673;42;2.34;0.78;24.71;84
96630;673;42;2.34;0.78;24.71;84
96638;672;42;2.34;0.78;24.71;84
96649;672;42;2.34;0.78;24.71;84
96657;671;42;2.34;1.56;24.71;84
96667;672;42;2.34;1.56;24.71;84
96678;672;42;2.34;1.56;24.71;84
96688;673;42;2.34;1.56;24.71;84
96700;673;42;2.34;1.56;24.71;84
96708;673;42;1.56;1.56;24.71;84
96718;674;42;1.56;1.56;24.71;84
96730;674;42;1.56;1.56;24.71;84
96738;674;42;1.56;1.56;24.71;84
96747;674;42;1.56;1.56;24.71;84
96757;674;42;1.56;1.56;24.71;84
96768;674;42;1.56;1.56;24.71;84
96779;674;42;1.56;1.56;24.71;84
96787;675;42;1.56;1.56;24.71;84
96801;675;42;1.56;1.56;24.71;84
96806;675;42;1.56;1.56;24.71;84
96818;676;42;1.56;1.56;24.71;84
96828;676;42;2.34;1.56;24.71;84
96837;676;42;2.34;1.56;24.71;84
96849;675;42;2.34;1.56;24.71;84
96858;674;42;2.34;1.56;24.71;84
96867;673;42;2.34;1.56;24.71;84
96878;672;42;2.34;1.56;24.71;84
96889;671;42;1.56;1.56;24.71;84
96900;670;42;1.56;1.56;24.71;84
96909;670;42;1.56;1.56;24.71;84
96917;669;42;1.56;1.56;24.71;84
96927;669;42;1.56;1.56;24.71;84
96938;669;42;1.56;1.56;24.71;84
96948;669;42;1.56;1.56;24.71;84
96957;669;42;1.56;1.56;24.71;84
96969;670;42;1.56;1.56;24.71;84
96978;671;42;1.56;1.56;24.71;84
96989;672;42;1.56;1.56;24.71;84
97000;673;42;1.56;1.56;24.71;84
97009;673;42;1.56;1.56;24.71;84
97017;674;42;1.56;0.78;24.71;84
97029;674;42;1.56;0.78;24.71;84
97037;674;42;1.56;0.78;24.71;84
97049;674;42;1.56;0.78;24.71;84
97059;674;42;1.56;0.78;24.71;84
97068;674;42;1.56;0.78;24.71;84
97079;674;42;1.56;0.78;24.71;84
97089;674;42;1.56;0.78;24.71;84
97097;674;42;1.56;0.78;24.71;84
97109;674;42;1.56;0.78;24.71;84
97119;674;42;1.56;0.78;24.71;84
97128;674;42;1.56;0.78;24.71;84
97139;674;42;1.56;0.78;24.71;84
97148;675;42;1.56;0.78;24.71;84
97159;675;42;1.56;0.78;24.71;84
97168;676;42;1.56;0.78;24.71;84
97180;676;42;1.56;0.78;24.71;84
97189;677;42;1.56;0.78;24.71;84
97200;678;42;1.56;0.78;24.71;84
97208;677;42;1.56;0.78;24.71;84
97218;677;42;1.56;0.78;24.71;84
97227;677;42;1.56;0.78;24.71;84
97238;677;42;1.56;0.78;24.71;84
97250;677;42;1.56;0.78;24.71;84
97257;677;42;1.56;0.78;24.71;84
97268;676;42;1.56;0.78;24.71;84
97277;676;42;1.56;0.78;24.71;84
97288;676;42;1.56;0.78;24.71;84
97298;676;42;1.56;0.78;24.71;84
97307;676;42;1.56;0.78;24.71;84
97318;675;42;1.56;0.78;24.71;84
97328;675;42;1.56;0.78;24.71;84
97337;675;42;1.56;0.78;24.71;84
97350;674;42;1.56;0.78;24.71;84
97359;674;42;1.56;0.78;24.71;84
97367;673;42;1.56;0.78;24.71;84
97380;673;42;1.56;0.78;24.71;84
97389;673;42;1.56;0.78;24.71;84
97401;673;42;1.56;0.78;24.71;84
97407;673;42;1.56;0.78;24.71;84
97417;673;42;1.56;0.78;24.71;84
97429;672;42;1.56;0.78;24.71;84
97439;672;42;1.56;0.78;24.71;84
97448;672;42;1.56;0.78;24.71;84
97458;671;42;1.56;0.78;24.71;84
97470;670;42;1.56;0.78;24.71;84
97479;669;42;1.56;0.78;24.71;84
97488;668;42;1.56;0.78;24.71;84
97499;667;42;1.56;1.56;24.71;84
97507;667;42;1.56;1.56;24.71;84
97519;667;42;1.56;1.56;24.71;84
97527;667;42;1.56;1.56;24.71;84
97537;666;42;1.56;1.56;24.71;84
97549;666;42;2.34;1.56;24.71;84
97558;666;42;2.34;1.56;24.71;84
97569;667;42;2.34;1.56;24.71;84
97578;668;42;2.34;1.56;24.71;84
97599;668;42;2.34;1.56;24.71;84
97609;669;42;2.34;1.56;24.71;84
97617;670;42;2.34;1.56;24.71;84
97629;671;42;2.34;1.56;24.71;84
97639;672;42;2.34;1.56;25.10;84
97649;673;42;2.34;1.56;25.10;84
97661;674;42;2.34;1.56;25.10;84
97667;675;42;2.34;1.56;25.10;84
97678;676;42;2.34;1.56;25.10;84
97687;677;42;2.34;1.56;25.10;84
97698;677;42;2.34;1.56;25.10;84
97707;677;42;2.34;1.56;25.10;84
97719;677;42;2.34;1.56;25.10;84
97728;677;42;2.34;1.56;25.10;84
97740;677;42;2.34;1.56;25.10;84
97748;676;42;2.34;1.56;25.10;84
97759;676;42;2.34;1.56;25.10;84
97769;676;42;2.34;1.56;25.10;84
97778;675;42;2.34;1.56;25.10;84
97788;675;42;2.34;1.56;25.10;84
97802;674;42;2.34;1.56;25.10;84
97820;674;42;2.34;1.56;25.10;84
97828;673;42;2.34;1.56;24.71;84
97839;672;42;2.34;1.56;24.71;84
97847;671;42;2.34;1.56;24.71;84
97859;671;42;2.34;1.56;24.71;84
97868;670;42;2.34;1.56;24.71;84
97878;669;42;2.34;1.56;24.71;84
97889;671;42;2.34;1.56;24.71;84
97898;672;42;2.34;1.56;24.71;84
97910;673;42;2.34;1.56;24.71;84
97918;675;42;2.34;1.56;24.71;84
97929;676;42;2.34;1.56;24.71;84
97938;677;42;2.34;1.56;24.71;84
97948;678;42;2.34;1.56;24.71;84
97959;679;42;2.34;1.56;24.71;84
97968;680;42;2.34;1.56;24.71;84
97979;680;42;2.34;1.56;24.71;84
97987;681;42;2.34;1.56;24.71;84
97999;682;42;2.34;1.56;24.71;84
98007;681;42;2.34;1.56;24.71;84
98018;681;42;2.34;1.56;24.71;84
98029;680;42;2.34;1.56;24.71;84
98037;680;42;2.34;1.56;24.71;84
98047;679;42;2.34;1.56;24.71;84
98058;679;42;2.34;1.56;24.71;84
98068;677;42;2.34;1.56;24.71;84
98078;676;42;2.34;1.56;24.71;84
98088;675;42;2.34;1.56;24.71;84
98099;674;42;2.34;1.56;24.71;84
98108;673;42;2.34;1.56;24.71;84
98119;671;42;2.34;1.56;24.71;84
98129;671;42;2.34;1.56;24.71;84
98137;671;42;2.34;1.56;24.71;84
98149;671;42;2.34;1.56;24.71;84
98158;671;42;2.34;1.56;24.71;84
98168;670;42;2.34;1.56;24.71;84
98179;670;42;2.34;1.56;24.71;84
98188;671;42;2.34;1.56;24.71;84
98200;671;42;2.34;1.56;24.71;84
98208;672;42;2.34;1.56;24.71;84
98219;672;42;2.34;1.56;24.71;84
98230;673;42;2.34;1.56;24.71;84
98238;673;42;2.34;1.56;24.71;84
98249;674;42;2.34;1.56;24.71;84
98258;674;42;2.34;1.56;24.71;84
98267;675;42;2.34;1.56;24.71;84
98278;676;42;2.34;1.56;24.71;84
98289;676;42;2.34;1.56;24.71;84
98297;677;42;2.34;1.56;24.71;84
98308;677;42;2.34;1.56;24.71;84
98319;676;42;2.34;1.56;24.71;84
98328;676;42;2.34;1.56;24.71;84
98337;676;42;2.34;1.56;24.71;84
98349;675;42;2.34;1.56;24.71;84
98359;675;42;2.34;1.56;24.71;84
98369;675;42;2.34;1.56;24.71;84
98378;675;42;2.34;1.56;24.71;84
98389;675;42;2.34;1.56;24.71;84
98397;676;42;2.34;1.56;24.71;84
98410;676;42;3.13;1.56;24.71;84
98419;676;42;3.13;1.56;24.71;84
98431;678;42;3.13;1.56;24.71;84
98450;679;42;3.13;1.56;24.71;84
98459;680;42;3.13;1.56;24.71;84
98469;682;42;3.13;1.56;24.71;84
98478;683;42;3.13;1.56;24.71;84
98487;684;42;3.13;1.56;24.71;84
98499;684;42;3.13;1.56;24.71;84
98509;684;42;3.13;1.56;24.71;84
98518;684;42;3.13;1.56;24.71;84
98529;684;42;3.13;1.56;24.71;84
98538;684;42;3.13;1.56;24.71;84
98550;684;42;3.13;1.56;24.71;84
98559;682;42;3.13;1.56;24.71;84
98570;680;42;3.13;1.56;24.71;84
98578;678;42;3.13;1.56;24.71;84
98599;676;42;3.13;1.56;24.71;84
98609;674;42;3.13;1.56;24.71;84
98618;672;42;3.13;1.56;24.71;84
98630;671;42;3.13;1.56;24.31;84
98637;671;42;3.13;1.56;24.31;84
98647;670;42;3.13;1.56;24.31;84
98660;670;42;3.13;1.56;24.31;84
98669;670;42;3.13;1.56;24.31;84
98678;669;42;3.13;1.56;24.31;84
98690;670;42;3.13;1.56;24.31;84
98699;670;42;3.13;1.56;24.31;84
98708;671;42;3.13;1.56;24.31;84
98719;671;42;3.13;1.56;24.31;84
98727;671;42;3.13;1.56;24.31;84
98739;672;42;3.13;1.56;24.31;84
98749;672;42;3.13;1.56;24.71;84
98758;672;42;3.13;1.56;24.71;84
98768;672;42;3.13;1.56;24.71;84
98777;671;42;3.13;1.56;24.71;84
98787;671;42;2.34;1.56;24.71;84
98798;671;42;2.34;1.56;24.71;84
98809;672;42;2.34;1.56;24.71;84
98817;672;42;2.34;1.56;24.71;84
98827;673;42;2.34;1.56;24.71;84
98840;673;42;2.34;1.56;24.71;84
98847;674;42;2.34;1.56;24.71;84
98855;674;42;2.34;1.56;24.71;84
98870;674;42;2.34;1.56;24.71;84
98879;674;42;2.34;1.56;24.71;84
98887;673;42;2.34;1.56;24.71;84
98899;673;42;2.34;1.56;24.71;84
98906;673;42;2.34;1.56;24.71;84
98919;672;42;2.34;1.56;24.71;84
98928;673;42;2.34;1.56;24.71;84
98937;674;42;2.34;1.56;24.71;84
98947;674;42;2.34;1.56;24.71;84
98960;675;42;2.34;1.56;24.71;84
98966;676;42;2.34;1.56;24.71;84
98979;676;42;2.34;1.56;24.71;84
98990;676;42;2.34;1.56;24.71;84
99000;676;42;2.34;1.56;24.71;84
99006;677;42;2.34;1.56;24.71;84
99019;677;42;2.34;1.56;24.71;84
99027;677;42;2.34;1.56;24.71;84
99036;677;42;2.34;1.56;24.71;84
99046;677;42;2.34;1.56;24.71;84
99061;676;42;2.34;1.56;24.71;84
99079;676;42;2.34;1.56;24.71;84
99088;675;42;2.34;1.56;24.71;84
99098;675;42;2.34;1.56;24.71;84
99108;674;42;2.34;1.56;24.71;84
99119;675;42;2.34;1.56;24.71;84
99126;676;42;2.34;1.56;24.71;84
99138;676;42;2.34;1.56;24.71;84
99148;677;42;2.34;1.56;24.71;84
99157;678;42;2.34;1.56;24.71;84
99169;679;42;2.34;1.56;24.71;84
99180;678;42;2.34;1.56;24.71;84
99188;677;42;2.34;1.56;24.71;84
99201;676;42;2.34;1.56;24.71;84
99216;675;42;2.34;1.56;24.71;84
99228;674;42;2.34;1.56;24.71;84
99238;673;42;2.34;1.56;24.71;84
99247;673;42;2.34;1.56;24.71;84
99256;673;42;2.34;1.56;24.71;84
99270;674;42;2.34;1.56;24.71;84
99277;674;42;2.34;1.56;24.71;84
99286;674;42;2.34;1.56;24.71;84
99300;674;42;2.34;1.56;24.71;84
99308;673;42;2.34;1.56;24.71;84
99318;673;42;2.34;1.56;24.71;84
99328;673;42;2.34;1.56;24.71;84
99337;673;42;2.34;1.56;24.71;84
99348;672;42;2.34;1.56;24.71;84
99360;672;42;2.34;1.56;24.71;84
99366;673;42;2.34;1.56;24.71;84
99378;673;42;2.34;1.56;24.71;84
99388;674;42;2.34;1.56;24.71;84
99400;674;42;2.34;1.56;24.71;84
99406;675;42;1.56;1.56;24.71;84
99418;675;42;1.56;1.56;24.71;84
99428;674;42;1.56;1.56;24.71;84
99436;673;42;1.56;1.56;24.71;84
99448;672;42;1.56;1.56;24.71;84
99460;671;42;1.56;1.56;24.71;84
99468;670;42;1.56;1.56;24.71;84
99478;669;42;1.56;1.56;24.71;84
99489;669;42;1.56;1.56;24.71;84
99500;670;42;1.56;1.56;24.71;84
99507;670;42;1.56;1.56;24.71;84
99519;671;42;1.56;1.56;24.71;84
99527;672;42;1.56;1.56;24.71;84
99538;672;42;1.56;1.56;24.71;84
99546;672;42;1.56;1.56;24.71;84
99557;672;42;1.56;1.56;24.71;84
99566;672;42;1.56;1.56;24.71;84
99579;672;42;1.56;1.56;24.71;84
99601;672;42;1.56;1.56;24.71;84
99616;672;42;1.56;1.56;24.71;84
99627;672;42;1.56;1.56;24.71;84
99639;672;42;1.56;1.56;24.71;84
99647;672;42;1.56;1.56;24.71;84
99656;672;42;1.56;1.56;24.71;84
99668;672;42;1.56;1.56;24.71;84
99676;672;42;1.56;1.56;24.71;84
99688;672;42;1.56;1.56;24.71;84
99701;672;42;1.56;1.56;24.71;84
99717;672;42;1.56;1.56;24.71;84
99729;672;42;1.56;1.56;24.71;84
99737;671;42;1.56;1.56;24.71;84
99749;671;42;1.56;1.56;24.71;84
99758;671;42;1.56;1.56;25.10;84
99768;671;42;1.56;1.56;25.10;84
99779;671;42;1.56;1.56;25.10;84
99788;671;42;1.56;1.56;25.10;84
99799;671;42;2.34;1.56;25.10;84
99809;671;42;2.34;1.56;25.10;84
99818;672;42;2.34;1.56;25.10;84
99826;673;42;2.34;1.56;25.10;84
99838;673;42;2.34;1.56;25.10;84
99847;674;42;2.34;1.56;25.10;84
99858;675;42;2.34;1.56;25.10;84
99867;676;42;2.34;1.56;25.10;84
99879;677;42;2.34;1.56;25.10;84
99886;678;42;2.34;1.56;25.10;84
99899;679;42;2.34;1.56;25.10;84
99907;679;42;2.34;1.56;25.10;84
99918;680;42;2.34;1.56;25.10;84
99928;681;42;2.34;1.56;25.10;84
99936;679;42;2.34;1.56;24.71;84
99947;676;42;2.34;1.56;24.71;84
99957;674;42;2.34;1.56;24.71;84
99967;672;42;2.34;1.56;24.71;84
99977;669;42;2.34;1.56;24.71;84
99988;667;42;2.34;1.56;24.71;84
99998;667;42;2.34;1.56;24.71;84
100008;667;42;2.34;1.56;24.71;84
100017;667;42;2.34;1.56;24.71;84
100027;666;42;2.34;1.56;24.71;84
100039;666;42;2.34;1.56;24.71;84
100048;666;42;2.34;1.56;24.71;84
100056;665;42;2.34;1.56;25.10;84
100070;664;42;2.34;1.56;25.10;84
100079;664;42;2.34;1.56;25.10;84
100086;663;42;2.34;1.56;25.10;84
100097;662;42;1.56;1.56;25.10;84
100106;661;42;1.56;1.56;25.10;84
100120;662;42;1.56;1.56;25.10;84
100128;664;42;1.56;1.56;25.10;84
100137;665;42;1.56;1.56;25.10;84
100148;667;42;1.56;1.56;25.10;84
100157;668;42;1.56;1.56;25.10;84
100169;669;42;1.56;1.56;25.10;84
100178;671;42;1.56;1.56;25.10;84
100188;672;42;1.56;1.56;25.10;84
100199;673;42;1.56;1.56;25.10;84
100208;674;42;1.56;1.56;25.10;84
100217;675;42;1.56;1.56;25.10;84
100227;676;42;1.56;1.56;25.10;84
100237;677;42;1.56;1.56;25.10;84
100247;677;42;1.56;1.56;25.10;84
100257;677;42;1.56;1.56;25.10;84
100267;678;42;1.56;1.56;25.10;84
100278;678;42;1.56;1.56;25.10;84
100287;678;42;1.56;1.56;25.10;84
100296;678;42;1.56;1.56;25.10;84
100308;677;42;1.56;1.56;25.10;84
100316;677;42;1.56;1.56;25.10;84
100328;676;42;1.56;1.56;25.10;84
100338;676;42;1.56;1.56;25.10;84
100348;675;42;1.56;2.34;25.10;84
100357;674;42;1.56;2.34;25.10;84
100368;674;42;1.56;2.34;25.10;84
100378;673;42;1.56;2.34;25.10;84
100386;672;42;1.56;2.34;25.10;84
100398;672;42;1.56;2.34;25.10;84
100407;671;42;1.56;2.34;25.10;84
100419;671;42;1.56;2.34;25.10;84
100429;671;42;1.56;2.34;25.10;84
100436;672;42;1.56;2.34;25.10;84
100448;672;42;1.56;2.34;25.10;84
100458;672;42;2.34;2.34;25.10;84
100468;672;42;2.34;2.34;25.10;84
100476;672;42;2.34;2.34;25.10;84
100488;671;42;2.34;2.34;25.10;84
100499;670;42;2.34;2.34;25.10;84
100507;670;42;2.34;2.34;25.10;84
100517;669;42;2.34;2.34;25.10;84
100530;669;42;2.34;2.34;25.10;84
100538;669;42;2.34;2.34;25.10;84
100546;670;42;2.34;2.34;25.10;84
100558;671;42;2.34;2.34;25.10;84
100569;671;42;2.34;2.34;25.10;84
100577;672;42;2.34;2.34;25.10;84
100601;672;42;2.34;2.34;25.10;84
100608;673;42;2.34;2.34;25.10;84
100619;674;42;2.34;2.34;25.10;84
100629;675;42;2.34;2.34;25.10;84
100637;676;42;2.34;2.34;25.10;84
100649;677;42;2.34;2.34;25.10;84
100658;678;42;2.34;2.34;25.10;84
100668;676;42;2.34;2.34;25.10;84
100678;674;42;2.34;2.34;25.10;84
100689;673;42;2.34;2.34;25.10;84
100698;671;42;2.34;2.34;25.10;84
100712;669;42;2.34;2.34;25.10;84
100728;667;42;2.34;2.34;25.10;84
100737;668;42;2.34;2.34;25.10;84
100748;670;42;2.34;2.34;25.10;84
100758;671;42;2.34;2.34;25.10;84
100767;672;42;2.34;2.34;25.10;84
100778;674;42;2.34;2.34;25.10;84
100787;675;42;2.34;2.34;25.10;84
100797;675;42;2.34;2.34;25.10;84
100808;675;42;2.34;2.34;25.10;84
100820;676;42;2.34;2.34;25.10;84
100829;676;42;2.34;2.34;25.10;84
100836;676;42;3.13;2.34;25.10;84
100847;676;42;3.13;2.34;25.10;84
100859;676;42;3.13;2.34;25.10;84
100868;676;42;3.13;2.34;25.10;84
100877;676;42;3.13;2.34;25.10;84
100888;676;42;3.13;2.34;25.10;84
100896;676;42;2.34;2.34;25.10;84
100908;676;42;2.34;2.34;25.10;84
100919;677;42;2.34;2.34;25.10;84
100928;678;42;2.34;2.34;25.10;84
100939;679;42;2.34;2.34;25.10;84
100947;680;42;2.34;2.34;25.10;84
100956;682;42;2.34;2.34;25.10;84
100968;683;42;2.34;2.34;25.10;84
100980;682;42;2.34;2.34;24.71;84
100988;682;42;2.34;2.34;24.71;84
100997;682;42;2.34;2.34;24.71;84
101008;682;42;2.34;2.34;24.71;84
101017;681;42;2.34;2.34;24.71;84
101027;681;42;2.34;2.34;24.71;84
101037;680;42;2.34;2.34;24.71;84
101049;679;42;2.34;2.34;24.71;84
101058;678;42;2.34;2.34;24.71;84
101066;677;42;2.34;2.34;24.71;84
101078;676;42;2.34;2.34;24.71;84
101087;675;42;2.34;2.34;24.71;84
101100;675;42;2.34;2.34;24.71;84
101109;675;42;2.34;2.34;24.71;84
101118;676;42;2.34;2.34;24.71;84
101128;676;42;2.34;2.34;24.71;84
101139;677;42;2.34;2.34;24.71;84
101148;677;42;2.34;2.34;24.71;84
101158;677;42;2.34;2.34;24.71;84
101168;678;42;2.34;2.34;24.71;84
101177;678;42;2.34;2.34;24.71;84
101188;678;42;2.34;2.34;24.71;84
101200;678;42;2.34;2.34;24.71;84
101207;679;42;2.34;1.56;24.71;84
101218;679;42;2.34;1.56;24.71;84
101227;678;42;2.34;1.56;24.71;84
101238;678;42;2.34;1.56;24.71;84
101249;678;42;2.34;1.56;24.71;84
101257;678;42;2.34;1.56;24.71;84
101268;678;42;2.34;1.56;24.71;84
101277;678;42;2.34;1.56;24.71;84
101286;679;42;2.34;1.56;24.71;84
101297;679;42;2.34;1.56;24.71;84
101308;679;42;2.34;1.56;24.71;84
101318;680;42;2.34;1.56;24.71;84
101328;680;42;2.34;1.56;24.71;84
101338;680;42;2.34;1.56;24.31;84
101349;680;42;2.34;1.56;24.31;84
101359;680;42;2.34;1.56;24.31;84
101369;680;42;2.34;1.56;24.31;84
101377;680;42;2.34;1.56;24.31;84
101388;680;42;2.34;1.56;24.31;84
101399;680;42;2.34;1.56;24.31;84
101408;679;42;2.34;1.56;24.31;84
101419;679;42;2.34;1.56;24.31;84
101429;679;42;2.34;1.56;24.31;84
101438;678;42;2.34;1.56;24.31;84
101449;678;42;2.34;1.56;24.31;84
101460;679;42;2.34;1.56;24.31;84
101469;680;42;2.34;1.56;24.31;84
101478;680;42;2.34;1.56;24.31;84
101488;681;42;2.34;1.56;24.31;84
101497;682;42;2.34;1.56;24.31;84
101510;683;42;2.34;1.56;24.31;84
101519;682;42;2.34;1.56;24.31;84
101528;682;42;2.34;1.56;24.31;84
101537;681;42;2.34;1.56;24.31;84
101548;681;42;2.34;1.56;24.31;84
101557;681;42;2.34;1.56;24.31;84
101568;680;42;2.34;1.56;24.31;84
101580;680;42;2.34;1.56;24.31;84
101601;679;42;2.34;1.56;24.31;84
101618;679;42;2.34;1.56;24.31;84
101627;679;42;2.34;1.56;24.31;84
101638;678;42;2.34;1.56;24.31;84
101649;678;42;2.34;1.56;24.31;84
101658;678;42;2.34;1.56;24.31;84
101667;679;42;2.34;1.56;24.31;84
101678;679;42;2.34;1.56;24.31;84
101689;680;42;2.34;1.56;24.31;84
101698;680;42;2.34;1.56;24.31;84
101708;680;42;2.34;1.56;24.31;84
101719;681;42;2.34;1.56;24.31;84
101730;682;42;2.34;1.56;24.31;84
101738;682;42;2.34;1.56;24.31;84
101747;683;42;2.34;1.56;24.31;84
101758;684;42;2.34;1.56;24.31;84
101769;685;42;2.34;1.56;24.31;84
101779;685;42;2.34;1.56;24.31;84
101788;685;42;2.34;1.56;24.31;84
101798;684;42;2.34;1.56;24.31;84
101809;684;42;2.34;1.56;24.31;84
101818;684;42;2.34;1.56;24.31;84
101827;684;42;2.34;1.56;24.31;84
101839;684;42;2.34;1.56;24.31;84
101850;684;42;2.34;1.56;24.31;84
101869;683;42;2.34;1.56;24.31;84
101877;683;42;2.34;1.56;24.31;84
101888;682;42;2.34;1.56;24.31;84
101897;682;42;2.34;1.56;24.31;84
101907;680;42;2.34;1.56;24.31;84
101919;679;42;2.34;1.56;24.31;84
101929;677;42;2.34;1.56;24.31;84
101938;675;42;2.34;1.56;24.31;84
101949;674;42;2.34;1.56;24.31;84
101959;672;42;2.34;1.56;24.31;84
101967;674;42;2.34;1.56;24.31;84
101977;675;42;2.34;1.56;24.31;84
101989;677;42;2.34;1.56;24.31;84
101997;678;42;2.34;1.56;24.31;84
102009;680;42;2.34;1.56;24.31;84
102019;681;42;2.34;1.56;24.31;84
102028;681;42;2.34;1.56;24.31;84
102038;681;42;2.34;1.56;24.31;84
102049;681;42;2.34;1.56;24.31;84
102058;681;42;2.34;1.56;24.31;84
102069;681;42;1.56;1.56;24.31;84
102077;681;42;1.56;1.56;24.31;84
102090;681;42;1.56;1.56;24.31;84
102099;680;42;1.56;1.56;24.31;84
102109;680;42;1.56;1.56;24.31;84
102118;679;42;1.56;1.56;24.31;84
102128;679;42;1.56;1.56;24.31;84
102138;678;42;1.56;1.56;24.31;84
102147;679;42;1.56;1.56;24.31;84
102159;680;42;1.56;1.56;24.31;84
102168;681;42;1.56;1.56;24.31;84
102178;681;42;1.56;1.56;24.31;84
102188;682;42;1.56;1.56;24.31;84
102199;683;42;1.56;1.56;24.31;84
102209;683;42;1.56;1.56;24.31;84
102220;682;42;1.56;1.56;24.31;84
102229;682;42;1.56;1.56;24.31;84
102238;681;42;1.56;1.56;24.31;84
102247;681;42;1.56;1.56;24.31;84
102259;681;42;1.56;1.56;24.31;84
102268;679;42;1.56;1.56;24.31;84
102278;678;42;1.56;1.56;24.31;84
102289;677;42;1.56;1.56;24.31;84
102298;675;42;1.56;1.56;24.31;84
102308;674;42;1.56;1.56;24.31;84
102317;673;42;1.56;1.56;24.31;84
102327;674;42;1.56;1.56;24.31;84
102339;675;42;1.56;1.56;24.31;84
102349;676;42;1.56;1.56;24.31;84
102359;677;42;1.56;1.56;24.31;84
102368;679;42;1.56;1.56;24.31;84
102379;680;42;1.56;1.56;24.31;84
102388;679;42;1.56;1.56;24.31;84
102399;679;42;1.56;1.56;24.31;84
102408;679;42;1.56;1.56;24.31;84
102417;678;42;1.56;1.56;24.31;84
102429;678;42;0.78;1.56;24.31;84
102439;677;42;0.78;1.56;24.31;84
102450;677;42;0.78;1.56;24.31;84
102460;676;42;0.78;1.56;24.31;84
102469;675;42;0.78;1.56;24.31;84
102478;674;42;0.78;1.56;24.31;84
102489;673;42;0.78;1.56;24.31;84
102500;672;42;0.78;1.56;24.31;84
102509;673;42;0.78;1.56;24.31;84
102517;673;42;0.78;1.56;24.31;84
102529;674;42;0.78;1.56;24.31;84
102539;674;42;0.78;1.56;24.31;84
102551;674;42;0.78;1.56;24.31;84
102567;675;42;0.78;1.56;24.31;84
102579;673;42;0.78;1.56;24.71;84
102602;672;42;0.78;1.56;24.71;84
102618;671;42;0.78;1.56;24.71;84
102630;669;42;0.78;1.56;24.71;84
102639;668;42;0.78;1.56;24.71;84
102649;667;42;0.78;1.56;24.71;84
102659;667;42;0.78;1.56;24.71;84
102667;667;42;0.78;1.56;24.71;84
102678;668;42;0.78;1.56;24.71;84
102689;668;42;0.78;1.56;24.71;84
102700;668;42;0.78;1.56;24.71;84
102706;669;42;0.78;1.56;24.71;84
102719;670;42;0.78;1.56;24.71;84
102729;671;42;0.78;1.56;24.71;84
102739;673;42;0.78;1.56;24.71;84
102749;674;42;0.78;1.56;24.71;84
102760;675;42;0.78;1.56;24.71;84
102769;677;42;0.78;1.56;24.71;84
102779;677;42;0.78;1.56;25.10;84
102788;677;42;0.78;1.56;25.10;84
102798;676;42;0.78;1.56;25.10;84
102807;676;42;0.78;1.56;25.10;84
102819;676;42;0.78;1.56;25.10;84
102826;676;42;0.78;1.56;25.10;84
102838;676;42;0.78;1.56;25.10;84
102850;676;42;0.78;1.56;25.10;84
102858;676;42;0.78;1.56;25.10;84
102867;676;42;0.78;1.56;25.10;84
102877;676;42;0.78;1.56;25.10;84
102887;676;42;0.78;2.34;25.10;84
102900;675;42;0.78;2.34;25.10;84
102909;674;42;0.78;2.34;25.10;84
102917;673;42;0.78;2.34;25.10;84
102927;673;42;0.78;2.34;25.10;84
102938;672;42;0.78;2.34;25.10;84
102948;671;42;0.78;2.34;25.10;84
102958;671;42;0.78;2.34;25.10;84
102968;672;42;0.78;2.34;25.10;84
102979;672;42;0.78;2.34;25.10;84
102988;672;42;0.78;2.34;25.10;84
103000;672;42;0.78;2.34;25.10;84
103008;672;42;0.78;2.34;25.10;84
103019;674;42;0.78;2.34;25.10;84
103028;675;42;0.78;2.34;25.10;84
103039;677;42;0.78;2.34;25.10;84
103049;678;42;0.78;2.34;25.10;84
103058;679;42;0.78;2.34;25.10;84
103070;681;42;0.78;2.34;25.10;84
103078;680;42;0.78;2.34;25.10;84
103089;679;42;0.78;2.34;25.10;84
103098;678;42;0.78;2.34;25.10;84
103108;676;42;0.78;2.34;25.10;84
103119;675;42;0.78;2.34;25.10;84
103126;674;42;0.78;2.34;25.10;84
103139;672;42;0.78;2.34;24.71;84
103148;670;42;0.78;2.34;24.71;84
103158;668;42;0.78;2.34;24.71;84
103168;666;42;0.78;2.34;24.71;84
103180;663;42;0.78;2.34;24.71;84
103186;661;42;0.78;2.34;24.71;84
103199;662;42;0.78;2.34;24.71;84
103210;663;42;0.78;2.34;24.71;84
103217;663;42;0.78;2.34;24.71;84
103226;664;42;0.78;2.34;24.71;84
103238;665;42;0.78;2.34;24.71;84
103247;665;42;0.78;2.34;24.71;84
103256;667;42;0.78;2.34;25.10;84
103271;669;42;0.78;2.34;25.10;84
103286;671;42;0.78;2.34;25.10;84
103299;673;42;0.78;2.34;25.10;84
103306;675;42;0.78;2.34;25.10;84
103318;677;42;0.78;2.34;25.10;84
103329;678;42;0.78;2.34;25.10;84
103336;679;42;0.78;2.34;25.10;84
103347;680;42;0.78;2.34;25.10;84
103358;680;42;0.78;2.34;25.10;84
103369;681;42;0.78;2.34;25.10;84
103379;682;42;0.78;2.34;25.10;84
103386;681;42;0.78;2.34;25.10;84
103400;680;42;0.78;2.34;25.10;84
103406;679;42;0.78;2.34;25.10;84
103418;678;42;0.78;2.34;25.10;84
103429;678;42;1.56;2.34;25.10;84
103437;677;42;1.56;2.34;25.10;84
103448;675;42;1.56;2.34;25.10;84
103462;672;42;1.56;2.34;25.10;84
103480;670;42;1.56;2.34;25.10;84
103489;668;42;1.56;2.34;25.10;84
103500;666;42;1.56;2.34;25.10;84
103506;664;42;1.56;2.34;25.10;84
103519;664;42;1.56;2.34;25.10;84
103527;664;42;1.56;2.34;25.10;84
103536;664;42;1.56;2.34;25.10;84
103550;664;42;1.56;2.34;25.10;84
103557;664;42;1.56;2.34;25.10;84
103568;664;42;1.56;2.34;25.10;84
103578;665;42;1.56;2.34;25.10;84
103600;667;42;1.56;2.34;25.10;84
103609;668;42;1.56;2.34;25.10;84
103618;670;42;1.56;2.34;25.10;84
103627;671;42;1.56;2.34;25.10;84
103640;673;42;1.56;2.34;25.10;84
103646;673;42;1.56;2.34;25.10;84
103658;674;42;1.56;2.34;25.10;84
103670;675;42;1.56;2.34;25.10;84
103679;675;42;1.56;2.34;25.10;84
103688;676;42;2.34;2.34;25.10;84
103699;677;42;2.34;2.34;25.10;84
103706;677;42;2.34;2.34;25.10;84
103716;677;42;2.34;2.34;25.10;84
103728;677;42;2.34;2.34;25.10;84
103737;677;42;2.34;2.34;25.10;84
103747;677;42;2.34;2.34;25.10;84
103759;677;42;2.34;2.34;25.10;84
103767;676;42;2.34;2.34;25.10;84
103779;676;42;2.34;2.34;25.10;84
103791;675;42;2.34;2.34;25.10;84
103808;675;42;2.34;2.34;25.10;84
103820;675;42;2.34;2.34;25.10;84
103828;674;42;2.34;2.34;25.10;84
103837;674;42;2.34;2.34;25.10;84
103848;674;42;2.34;2.34;25.10;84
103857;674;42;2.34;2.34;25.10;84
103868;674;42;2.34;2.34;25.10;84
103880;674;42;2.34;2.34;25.10;84
103886;673;42;2.34;2.34;25.10;84
103898;673;42;2.34;2.34;25.10;84
103906;672;42;2.34;2.34;25.10;84
103919;672;42;2.34;2.34;25.10;84
103927;672;42;2.34;2.34;25.10;84
103936;671;42;3.13;2.34;25.10;84
103950;671;42;3.13;2.34;25.10;84
103957;671;42;3.13;2.34;25.10;84
103966;672;42;3.13;2.34;25.10;84
103979;673;42;3.13;2.34;25.10;84
103988;674;42;3.13;2.34;25.10;84
103997;675;42;3.13;2.34;25.10;84
104010;676;42;3.13;2.34;25.10;84
104018;675;42;3.13;2.34;25.10;84
104027;674;42;3.13;2.34;25.10;84
104039;674;42;3.13;2.34;25.10;84
104048;673;42;3.13;2.34;25.10;84
104058;673;42;3.13;2.34;25.10;84
104069;672;42;3.13;2.34;25.10;84
104078;672;42;3.13;2.34;25.10;84
104087;672;42;3.13;2.34;25.10;84
104097;672;42;3.13;2.34;25.10;84
104107;672;42;3.13;2.34;25.10;84
104116;672;42;3.13;2.34;25.10;84
104130;672;42;3.13;2.34;25.10;84
104137;673;42;3.13;2.34;25.10;84
104148;674;42;3.13;2.34;25.10;84
104156;675;42;3.13;2.34;25.10;84
104168;676;42;3.13;2.34;25.10;84
104179;678;42;3.13;2.34;25.10;84
104189;679;42;3.13;2.34;25.10;84
104197;679;42;3.13;2.34;25.10;84
104207;679;42;3.13;2.34;25.10;84
104217;680;42;3.13;2.34;25.10;84
104229;680;42;3.13;2.34;25.10;84
104237;680;42;3.13;2.34;25.10;84
104247;681;42;3.13;2.34;25.10;84
104256;680;42;3.13;2.34;24.71;84
104268;679;42;3.13;2.34;24.71;84
104279;679;42;3.13;2.34;24.71;84
104287;678;42;3.13;2.34;24.71;84
104297;678;42;3.91;2.34;24.71;84
104308;677;42;3.91;2.34;24.71;84
104317;676;42;3.91;2.34;24.71;84
104328;676;42;3.91;2.34;24.71;84
104339;675;42;3.91;2.34;24.71;84
104348;674;42;3.91;2.34;24.71;84
104357;673;42;3.91;2.34;24.71;84
104369;672;42;3.91;2.34;24.71;84
104378;672;42;3.91;2.34;24.71;84
104388;672;42;3.91;2.34;24.71;84
104399;671;42;3.91;2.34;24.71;84
104408;671;42;3.91;2.34;24.71;84
104418;671;42;3.91;2.34;24.71;84
104428;670;42;3.91;2.34;24.71;84
104438;671;42;3.91;2.34;24.71;84
104448;672;42;3.91;2.34;24.71;84
104458;673;42;3.91;2.34;24.71;84
104467;674;42;3.91;2.34;24.71;84
104477;675;42;3.91;2.34;24.71;84
104487;676;42;3.91;2.34;24.71;84
104497;676;42;3.91;2.34;24.71;84
104508;676;42;3.91;2.34;24.71;84
104517;676;42;3.91;2.34;24.71;84
104529;676;42;3.91;2.34;24.71;84
104539;676;42;3.91;2.34;24.71;84
104548;677;42;3.91;1.56;24.71;84
104558;677;42;3.91;1.56;24.71;84
104568;677;42;3.91;1.56;24.71;84
104579;676;42;3.91;1.56;24.71;84
104596;676;42;3.91;1.56;24.71;84
104606;676;42;3.91;1.56;24.71;84
104618;676;42;3.91;1.56;24.71;84
104629;676;42;3.91;1.56;24.71;84
104638;676;42;3.91;1.56;24.71;84
104648;675;42;3.91;1.56;24.71;84
104658;675;42;3.91;1.56;24.71;84
104666;675;42;3.91;1.56;24.71;84
104678;674;42;3.91;1.56;24.71;84
104687;674;42;3.91;1.56;24.71;84
104700;674;42;3.91;1.56;24.71;84
104708;674;42;3.91;1.56;24.71;84
104718;674;42;3.91;1.56;24.71;84
104727;674;42;3.91;1.56;24.71;84
104738;673;42;3.91;1.56;24.71;84
104748;673;42;3.91;1.56;24.71;84
104758;672;42;3.91;1.56;24.71;84
104768;671;42;3.91;1.56;24.71;84
104778;671;42;3.91;1.56;24.71;84
104787;670;42;3.13;1.56;24.71;84
104799;669;42;3.13;1.56;24.71;84
104808;671;42;3.13;1.56;24.71;84
104817;672;42;3.13;1.56;24.71;84
104827;673;42;3.13;1.56;24.71;84
104839;674;42;3.13;1.56;24.71;84
104849;676;42;3.13;1.56;24.71;84
104859;677;42;3.13;1.56;24.71;84
104869;677;42;3.13;1.56;24.71;84
104880;677;42;3.13;1.56;24.71;84
104888;678;42;3.13;1.56;24.71;84
104896;678;42;3.13;1.56;24.71;84
104908;678;42;3.13;1.56;24.71;84
104916;678;42;3.13;1.56;24.71;84
104928;678;42;3.13;1.56;24.71;84
104937;678;42;3.13;1.56;24.71;84
104948;678;42;3.13;1.56;24.71;84
104959;678;42;3.13;1.56;24.71;84
104967;677;42;3.13;1.56;24.71;84
104979;677;42;3.13;1.56;24.71;84
104988;677;42;3.13;1.56;24.71;84
104998;678;42;3.13;1.56;24.71;84
105007;678;42;3.13;1.56;24.71;84
105017;678;42;3.13;1.56;24.71;84
105028;678;42;3.13;1.56;24.71;84
105039;679;42;3.13;1.56;24.71;84
105048;678;42;3.13;1.56;24.71;84
105057;677;42;3.13;1.56;24.71;84
105068;676;42;3.13;1.56;24.71;84
105077;676;42;3.13;1.56;24.71;84
105088;675;42;3.13;1.56;24.71;84
105099;674;42;3.13;1.56;24.71;84
105108;674;42;3.13;1.56;24.71;84
105117;673;42;3.13;1.56;24.71;84
105128;673;42;3.13;1.56;24.71;84
105139;672;42;3.13;1.56;24.71;84
105148;672;42;3.13;1.56;24.71;84
105157;671;42;3.13;1.56;24.71;84
105169;672;42;3.13;1.56;24.71;84
105179;672;42;3.13;1.56;24.71;84
105188;673;42;3.13;1.56;24.71;84
105197;673;42;3.13;1.56;24.71;84
105208;674;42;2.34;1.56;24.71;84
105217;674;42;2.34;1.56;24.71;84
105228;675;42;2.34;1.56;24.71;84
105238;675;42;2.34;1.56;24.71;84
105247;675;42;2.34;1.56;24.71;84
105257;675;42;2.34;1.56;24.71;84
105267;675;42;2.34;1.56;24.71;84
105279;675;42;2.34;1.56;24.71;84
105287;675;42;2.34;1.56;24.71;84
105299;676;42;2.34;1.56;24.71;84
105308;676;42;2.34;1.56;24.71;84
105318;676;42;2.34;1.56;24.71;84
105329;676;42;2.34;1.56;24.71;84
105338;677;42;2.34;1.56;24.71;84
105347;677;42;2.34;1.56;24.71;84
105358;677;42;2.34;1.56;24.71;84
105370;677;42;2.34;1.56;24.71;84
105378;677;42;2.34;1.56;24.71;84
105387;677;42;1.56;1.56;24.71;84
105399;678;42;1.56;1.56;24.71;84
105410;677;42;1.56;1.56;24.71;84
105418;676;42;1.56;1.56;24.71;84
105429;675;42;1.56;1.56;24.71;84
105438;674;42;1.56;1.56;24.71;84
105447;673;42;1.56;1.56;24.71;84
105459;672;42;1.56;1.56;24.71;84
105467;672;42;1.56;1.56;24.71;84
105480;671;42;1.56;1.56;24.71;84
105489;670;42;1.56;1.56;24.71;84
105499;669;42;1.56;1.56;24.71;84
105508;668;42;1.56;1.56;24.71;84
105519;668;42;1.56;1.56;24.71;84
105528;670;42;1.56;1.56;24.71;84
105539;672;42;1.56;1.56;24.71;84
105547;674;42;1.56;1.56;24.71;84
105558;677;42;1.56;1.56;24.71;84
105567;679;42;1.56;1.56;24.71;84
105578;681;42;1.56;1.56;24.71;84
105601;681;42;1.56;1.56;24.71;84
105618;680;42;1.56;1.56;24.71;84
105627;680;42;1.56;1.56;24.71;84
105639;679;42;1.56;1.56;24.71;84
105649;679;42;1.56;1.56;24.71;84
105659;679;42;1.56;1.56;24.71;84
105668;678;42;1.56;1.56;24.71;84
105677;677;42;1.56;1.56;24.71;84
105690;676;42;1.56;1.56;24.71;84
105699;675;42;1.56;1.56;24.71;84
105708;674;42;1.56;1.56;24.71;84
105719;673;42;1.56;1.56;24.71;84
105728;673;42;1.56;1.56;24.71;84
105737;674;42;1.56;1.56;24.71;84
105748;674;42;1.56;1.56;24.71;84
105757;674;42;1.56;1.56;24.71;84
105769;675;42;1.56;1.56;24.71;84
105778;675;42;1.56;1.56;24.71;84
105788;674;42;1.56;1.56;24.71;84
105798;673;42;1.56;1.56;24.71;84
105809;672;42;1.56;1.56;24.71;84
105817;672;42;1.56;1.56;24.71;84
105829;671;42;1.56;1.56;24.71;84
105840;670;42;1.56;1.56;24.71;84
105848;670;42;1.56;1.56;24.71;84
105858;671;42;1.56;1.56;24.71;84
105869;671;42;1.56;1.56;24.71;84
105877;671;42;1.56;1.56;24.71;84
105888;672;42;1.56;1.56;24.71;84
105899;672;42;1.56;1.56;24.71;84
105908;673;42;1.56;1.56;24.71;84
105917;675;42;1.56;1.56;24.71;84
105929;676;42;1.56;1.56;24.71;84
105938;678;42;1.56;1.56;24.71;84
105949;679;42;1.56;1.56;24.71;84
105958;681;42;1.56;1.56;24.71;84
105968;680;42;1.56;1.56;24.71;84
105978;680;42;1.56;1.56;24.71;84
105987;679;42;1.56;1.56;24.71;84
105999;679;42;1.56;1.56;24.71;84
106008;678;42;1.56;1.56;24.71;84
106018;677;42;1.56;1.56;24.71;84
106027;676;42;1.56;1.56;24.71;84
106038;675;42;1.56;1.56;24.71;84
106049;673;42;1.56;1.56;24.71;84
106058;672;42;1.56;1.56;24.71;84
106069;671;42;1.56;1.56;24.71;84
106077;669;42;1.56;1.56;24.71;84
106090;670;42;1.56;1.56;24.71;84
106098;671;42;1.56;1.56;24.71;84
106108;672;42;1.56;1.56;24.71;84
106118;673;42;1.56;1.56;24.71;84
106130;674;42;1.56;1.56;24.71;84
106138;675;42;1.56;1.56;24.71;84
106147;674;42;1.56;1.56;24.71;84
106158;673;42;1.56;1.56;24.71;84
106167;672;42;1.56;1.56;24.71;84
106180;671;42;1.56;1.56;24.71;84
106189;671;42;1.56;1.56;24.71;84
106197;670;42;1.56;1.56;24.71;84
106209;670;42;1.56;1.56;24.71;84
106217;670;42;1.56;1.56;24.71;84
106228;670;42;1.56;1.56;24.71;84
106238;670;42;1.56;1.56;24.71;84
106249;670;42;1.56;1.56;24.71;84
106258;670;42;1.56;1.56;24.71;84
106269;671;42;1.56;1.56;24.71;84
106278;671;42;1.56;1.56;24.71;84
106287;672;42;1.56;1.56;24.71;84
106298;672;42;1.56;1.56;24.71;84
106308;672;42;1.56;1.56;24.71;84
106317;673;42;1.56;1.56;24.71;84
106330;672;42;1.56;1.56;24.71;84
106339;672;42;1.56;1.56;24.71;84
106347;672;42;1.56;1.56;24.71;84
106359;672;42;1.56;1.56;24.71;84
106368;672;42;1.56;1.56;24.71;84
106380;671;42;1.56;1.56;24.71;84
106388;671;42;1.56;1.56;24.71;84
106399;670;42;1.56;1.56;24.71;84
106408;670;42;1.56;1.56;24.71;84
106418;669;42;1.56;1.56;24.71;84
106430;668;42;1.56;1.56;24.71;84
106438;668;42;1.56;1.56;24.71;84
106447;669;42;1.56;1.56;25.10;84
106459;670;42;1.56;1.56;25.10;84
106468;671;42;1.56;1.56;25.10;84
106478;672;42;1.56;1.56;25.10;84
106490;673;42;2.34;1.56;25.10;84
106499;674;42;2.34;2.34;25.10;84
106509;673;42;2.34;2.34;25.10;84
106519;672;42;2.34;2.34;25.10;84
106529;671;42;2.34;2.34;25.10;84
106537;669;42;2.34;2.34;25.10;84
106549;668;42;2.34;2.34;25.10;84
106560;667;42;2.34;2.34;25.10;84
106568;667;42;2.34;2.34;25.10;84
106580;667;42;2.34;2.34;25.10;84
106597;667;42;2.34;2.34;25.10;84
106608;667;42;2.34;2.34;25.10;84
106619;668;42;2.34;2.34;25.10;84
106629;668;42;2.34;2.34;25.10;84
106638;669;42;2.34;2.34;25.10;84
106648;671;42;2.34;2.34;25.10;84
106659;672;42;2.34;2.34;25.10;84
106669;673;42;2.34;2.34;25.10;84
106680;675;42;2.34;2.34;25.10;84
106689;676;42;2.34;2.34;25.10;84
106698;677;42;2.34;2.34;25.10;84
106709;677;42;2.34;2.34;25.10;84
106718;677;42;2.34;2.34;25.10;84
106727;677;42;2.34;2.34;25.10;84
106737;677;42;2.34;2.34;25.10;84
106749;677;42;2.34;2.34;25.10;84
106757;678;42;2.34;2.34;25.10;84
106769;678;42;2.34;2.34;25.10;84
106778;678;42;2.34;2.34;25.10;84
106789;678;42;2.34;2.34;25.10;84
106797;679;42;2.34;2.34;25.10;84
106809;679;42;2.34;2.34;25.10;84
106818;679;42;2.34;2.34;25.10;84
106828;678;42;2.34;2.34;25.10;84
106838;678;42;2.34;2.34;25.10;84
106849;677;42;2.34;2.34;25.10;84
106859;677;42;2.34;2.34;25.10;84
106870;677;42;2.34;2.34;25.10;84
106879;676;42;2.34;2.34;25.10;84
106889;676;42;2.34;2.34;25.10;84
106900;676;42;2.34;2.34;25.10;84
106908;675;42;2.34;2.34;25.10;84
106919;675;42;2.34;2.34;25.10;84
106927;675;42;2.34;2.34;25.10;84
106939;675;42;2.34;2.34;24.71;84
106950;676;42;2.34;2.34;24.71;84
106959;676;42;2.34;2.34;24.71;84
106967;677;42;2.34;2.34;24.71;84
106979;677;42;2.34;2.34;24.71;84
106989;678;42;2.34;2.34;24.71;84
106999;678;42;2.34;2.34;24.71;84
107010;678;42;2.34;2.34;24.71;84
107020;678;42;2.34;2.34;24.71;84
107026;678;42;2.34;2.34;24.71;84
107039;678;42;2.34;2.34;24.71;84
107050;678;42;2.34;2.34;24.71;84
107058;678;42;2.34;2.34;24.71;84
107067;678;42;2.34;2.34;24.71;84
107078;678;42;2.34;2.34;24.71;84
107087;678;42;2.34;2.34;24.71;84
107099;678;42;2.34;2.34;24.71;84
107108;678;42;2.34;2.34;24.71;84
107119;679;42;2.34;2.34;24.71;84
107130;679;42;2.34;2.34;24.71;84
107139;679;42;2.34;2.34;24.71;84
107147;680;42;2.34;2.34;24.71;84
107157;680;42;2.34;2.34;24.71;84
107169;680;42;2.34;2.34;24.71;84
107179;680;42;2.34;2.34;24.71;84
107187;679;42;2.34;2.34;24.71;84
107199;679;42;2.34;2.34;24.71;84
107207;678;42;2.34;2.34;24.71;84
107218;678;42;2.34;2.34;24.71;84
107228;677;42;2.34;1.56;24.71;84
107239;676;42;2.34;1.56;24.71;84
107247;675;42;2.34;1.56;24.71;84
107255;674;42;2.34;1.56;24.71;84
107269;673;42;2.34;1.56;24.71;84
107279;672;42;3.13;1.56;24.71;84
107286;671;42;3.13;1.56;24.71;84
107298;672;42;3.13;1.56;24.71;84
107307;674;42;3.13;1.56;24.71;84
107316;675;42;3.13;1.56;24.71;84
107329;677;42;3.13;1.56;24.71;84
107337;679;42;3.13;1.56;24.71;84
107346;680;42;3.13;1.56;24.71;84
107360;680;42;3.13;1.56;24.71;84
107366;679;42;3.13;1.56;24.71;84
107379;678;42;3.13;1.56;24.71;84
107388;678;42;3.13;1.56;24.71;84
107397;677;42;3.13;1.56;24.71;84
107407;677;42;3.13;1.56;24.71;84
107420;676;42;3.13;1.56;24.71;84
107428;676;42;3.13;1.56;24.71;84
107437;676;42;3.13;1.56;24.71;84
107452;676;42;3.13;1.56;24.71;84
107467;676;42;3.13;1.56;24.71;84
107479;676;42;3.13;1.56;24.71;84
107488;677;42;3.13;1.56;24.71;84
107497;677;42;3.13;1.56;24.71;84
107510;678;42;3.13;1.56;24.71;84
107517;679;42;3.13;1.56;24.71;84
107527;680;42;3.13;1.56;24.71;84
107538;681;42;3.13;1.56;24.71;84
107546;681;42;3.13;1.56;24.71;84
107558;682;42;3.13;1.56;24.71;84
107567;682;42;3.13;1.56;24.71;84
107580;682;42;3.13;1.56;24.71;84
107598;683;42;3.13;1.56;24.71;84
107608;683;42;3.13;1.56;24.71;84
107616;682;42;3.13;1.56;24.71;84
107629;681;42;3.13;1.56;24.71;84
107640;680;42;3.13;1.56;24.71;84
107646;679;42;3.13;1.56;24.71;84
107658;678;42;3.13;1.56;24.71;84
107669;677;42;3.13;1.56;24.71;84
107678;677;42;3.13;1.56;24.31;84
107687;678;42;3.13;1.56;24.31;84
107698;679;42;3.13;1.56;24.31;84
107708;679;42;3.13;1.56;24.31;84
107717;680;42;2.34;1.56;24.31;84
107730;680;42;2.34;1.56;24.31;84
107738;680;42;2.34;1.56;24.31;84
107746;679;42;2.34;1.56;24.31;84
107758;679;42;2.34;1.56;24.31;84
107766;679;42;2.34;1.56;24.31;84
107778;678;42;2.34;1.56;24.31;84
107790;678;42;2.34;1.56;24.31;84
107798;678;42;2.34;1.56;24.31;84
107807;678;42;2.34;1.56;24.31;84
107818;678;42;2.34;1.56;24.31;84
107830;678;42;2.34;1.56;24.31;84
107839;678;42;2.34;1.56;24.31;84
107847;678;42;2.34;1.56;24.31;84
107860;678;42;2.34;1.56;24.31;84
107867;679;42;2.34;1.56;24.31;84
107880;679;42;2.34;1.56;24.31;84
107889;679;42;2.34;1.56;24.31;84
107896;680;42;2.34;1.56;24.31;84
107909;680;42;2.34;1.56;24.31;84
107919;680;42;2.34;1.56;24.31;84
107926;680;42;2.34;1.56;24.31;84
107938;679;42;2.34;1.56;24.31;84
107950;679;42;2.34;1.56;24.31;84
107958;679;42;2.34;1.56;24.31;84
107968;678;42;2.34;1.56;24.31;84
107976;677;42;2.34;1.56;24.31;84
107989;677;42;2.34;1.56;24.31;84
107997;676;42;2.34;1.56;24.31;84
108008;675;42;2.34;1.56;24.31;84
108016;675;42;2.34;1.56;24.31;84
108027;674;42;2.34;1.56;24.31;84
108037;676;42;2.34;1.56;24.31;84
108046;677;42;2.34;1.56;24.31;84
108059;679;42;2.34;1.56;24.31;84
108068;680;42;2.34;1.56;24.31;84
108078;682;42;2.34;1.56;24.31;84
108087;683;42;2.34;1.56;24.31;84
108097;683;42;2.34;1.56;24.31;84
108107;682;42;2.34;1.56;24.31;84
108118;681;42;2.34;1.56;24.31;84
108128;681;42;2.34;1.56;24.31;84
108139;680;42;2.34;1.56;24.31;84
108146;679;42;2.34;1.56;24.31;84
108159;679;42;2.34;1.56;24.31;84
108167;679;42;2.34;1.56;24.31;84
108181;679;42;2.34;1.56;24.31;84
108196;679;42;2.34;1.56;24.31;84
108207;680;42;2.34;1.56;24.31;84
108219;680;42;2.34;1.56;24.31;84
108227;679;42;2.34;1.56;24.31;84
108238;678;42;2.34;1.56;24.31;84
108247;678;42;2.34;1.56;24.31;84
108257;677;42;2.34;1.56;24.31;84
108267;677;42;2.34;1.56;24.31;84
108278;676;42;2.34;1.56;24.31;84
108286;676;42;2.34;1.56;24.31;84
108299;676;42;2.34;1.56;24.31;84
108307;676;42;2.34;1.56;24.31;84
108317;676;42;2.34;1.56;24.31;84
108329;676;42;2.34;1.56;24.31;84
108338;676;42;2.34;1.56;24.31;84
108348;676;42;2.34;1.56;24.31;84
108358;676;42;2.34;1.56;24.31;84
108367;677;42;2.34;1.56;24.31;84
108379;677;42;2.34;1.56;24.31;84
108387;677;42;1.56;1.56;24.31;84
108397;677;42;1.56;1.56;24.31;84
108406;677;42;1.56;1.56;24.31;84
108418;676;42;1.56;1.56;24.31;84
108429;676;42;1.56;1.56;24.31;84
108437;676;42;1.56;1.56;24.31;84
108446;676;42;1.56;1.56;24.31;84
108459;676;42;1.56;1.56;24.31;84
108467;674;42;1.56;1.56;24.31;84
108479;673;42;1.56;1.56;24.31;84
108488;671;42;1.56;1.56;24.31;84
108498;670;42;1.56;1.56;24.31;84
108509;668;42;1.56;1.56;24.31;84
108518;667;42;1.56;1.56;24.31;84
108527;668;42;1.56;1.56;24.71;84
108536;668;42;1.56;1.56;24.71;84
108548;669;42;1.56;1.56;24.71;84
108557;670;42;1.56;1.56;24.71;84
108568;671;42;1.56;1.56;24.71;84
108578;671;42;1.56;1.56;24.71;84
108599;673;42;1.56;1.56;24.71;84
108608;674;42;1.56;1.56;24.71;84
108617;676;42;1.56;1.56;24.71;84
108629;677;42;1.56;1.56;24.71;84
108637;678;42;1.56;1.56;24.71;84
108648;680;42;1.56;1.56;24.71;84
108657;680;42;1.56;1.56;24.71;84
108667;680;42;1.56;1.56;24.71;84
108678;679;42;1.56;1.56;24.71;84
108689;679;42;1.56;1.56;24.71;84
108699;679;42;1.56;1.56;24.71;84
108708;679;42;1.56;1.56;24.71;84
108718;678;42;1.56;1.56;24.71;84
108726;677;42;1.56;1.56;24.71;84
108737;677;42;1.56;1.56;24.71;84
108746;676;42;1.56;1.56;24.71;84
108758;675;42;1.56;1.56;24.71;84
108768;674;42;1.56;1.56;24.71;84
108779;674;42;1.56;1.56;24.71;84
108788;674;42;1.56;1.56;24.71;84
108797;674;42;1.56;1.56;24.71;84
108807;674;42;1.56;1.56;24.71;84
108817;674;42;1.56;1.56;24.71;84
108828;674;42;1.56;1.56;24.71;84
108836;675;42;1.56;1.56;24.71;84
108848;675;42;1.56;1.56;24.71;84
108859;676;42;1.56;1.56;24.71;84
108867;676;42;1.56;1.56;24.71;84
108878;676;42;1.56;1.56;24.71;84
108888;677;42;1.56;1.56;24.71;84
108898;677;42;1.56;1.56;24.71;84
108907;677;42;1.56;1.56;24.71;84
108917;677;42;1.56;1.56;24.71;84
108927;677;42;1.56;1.56;24.71;84
108937;678;42;1.56;1.56;24.71;84
108946;678;42;1.56;1.56;24.71;84
108959;678;42;1.56;1.56;24.71;84
108967;678;42;1.56;1.56;24.71;84
108978;678;42;1.56;1.56;24.71;84
108988;678;42;1.56;1.56;24.71;84
108997;677;42;1.56;1.56;24.71;84
109008;677;42;1.56;1.56;24.71;84
109019;676;42;1.56;1.56;24.71;84
109028;675;42;1.56;1.56;24.71;84
109036;674;42;1.56;1.56;24.71;84
109047;673;42;1.56;1.56;24.71;84
109058;672;42;1.56;1.56;24.71;84
109069;670;42;1.56;2.34;24.71;84
109078;669;42;1.56;2.34;24.71;84
109088;668;42;1.56;2.34;24.71;84
109098;667;42;1.56;2.34;24.71;84
109108;666;42;1.56;2.34;24.71;84
109119;665;42;1.56;2.34;24.71;84
109128;664;42;1.56;2.34;24.71;84
109137;664;42;1.56;2.34;25.10;84
109148;664;42;1.56;2.34;25.10;84
109160;664;42;1.56;2.34;25.10;84
109168;664;42;1.56;2.34;25.10;84
109178;664;42;1.56;2.34;25.10;84
109188;664;42;1.56;2.34;25.10;84
109198;665;42;1.56;2.34;25.10;84
109208;666;42;1.56;2.34;25.10;84
109216;668;42;1.56;2.34;25.10;84
109228;669;42;1.56;2.34;25.10;84
109238;670;42;1.56;2.34;25.10;84
109248;671;42;1.56;2.34;25.10;84
109257;673;42;1.56;2.34;25.10;84
109269;674;42;1.56;2.34;25.10;84
109277;676;42;1.56;2.34;25.10;84
109289;677;42;1.56;2.34;25.10;84
109297;678;42;1.56;2.34;25.10;84
109308;680;42;1.56;2.34;25.10;84
109318;679;42;1.56;2.34;25.10;84
109329;678;42;1.56;2.34;25.10;84
109337;677;42;1.56;2.34;25.10;84
109348;676;42;1.56;2.34;25.10;84
109357;676;42;1.56;2.34;25.10;84
109369;675;42;1.56;2.34;25.10;84
109378;674;42;1.56;2.34;25.10;84
109390;673;42;1.56;2.34;25.10;84
109397;673;42;1.56;2.34;25.10;84
109408;672;42;1.56;2.34;25.10;84
109419;672;42;1.56;2.34;25.10;84
109428;671;42;1.56;2.34;25.10;84
109439;672;42;1.56;2.34;25.10;84
109448;672;42;1.56;2.34;25.10;84
109457;673;42;1.56;2.34;25.10;84
109468;673;42;1.56;2.34;25.10;84
109479;674;42;1.56;2.34;25.10;84
109489;675;42;1.56;2.34;25.10;84
109498;673;42;1.56;2.34;25.10;84
109509;672;42;1.56;2.34;25.10;84
109518;670;42;1.56;2.34;25.10;84
109529;669;42;1.56;2.34;25.10;84
109538;667;42;1.56;2.34;25.10;84
109547;666;42;1.56;2.34;25.10;84
109558;666;42;1.56;2.34;25.10;84
109568;666;42;1.56;2.34;25.10;84
109578;667;42;1.56;2.34;25.10;84
109598;667;42;1.56;2.34;25.10;84
109609;668;42;1.56;2.34;25.10;84
109619;668;42;1.56;2.34;25.10;84
109627;670;42;1.56;2.34;25.10;84
109638;671;42;1.56;2.34;25.10;84
109648;672;42;1.56;2.34;25.10;84
109657;674;42;1.56;2.34;25.10;84
109668;675;42;2.34;2.34;25.10;84
109678;676;42;2.34;2.34;25.10;84
109687;676;42;2.34;2.34;25.10;84
109698;675;42;2.34;2.34;25.10;84
109709;674;42;2.34;2.34;25.10;84
109719;673;42;2.34;2.34;25.10;84
109729;672;42;2.34;2.34;25.10;84
109737;671;42;2.34;2.34;25.10;84
109748;671;42;2.34;2.34;25.10;84
109759;670;42;2.34;2.34;25.10;84
109767;670;42;2.34;2.34;25.10;84
109779;669;42;2.34;2.34;25.10;84
109789;669;42;2.34;2.34;25.10;84
109798;668;42;2.34;2.34;25.10;84
109809;669;42;2.34;2.34;25.10;84
109819;670;42;2.34;2.34;25.10;84
109829;671;42;2.34;2.34;25.10;84
109837;672;42;2.34;2.34;25.10;84
109848;673;42;2.34;2.34;25.10;84
109858;674;42;2.34;3.13;25.10;84
109867;674;42;2.34;3.13;25.10;84
109879;674;42;2.34;3.13;25.10;84
109887;674;42;2.34;3.13;25.10;84
109899;674;42;2.34;3.13;25.10;84
109908;675;42;2.34;3.13;25.10;84
109917;675;42;2.34;3.13;25.10;84
109928;674;42;2.34;3.13;25.10;84
109939;674;42;2.34;3.13;25.10;84
109948;673;42;2.34;3.13;25.10;84
109960;673;42;2.34;3.13;25.10;84
109969;672;42;2.34;3.13;25.10;84
109978;672;42;2.34;2.34;25.10;84
109990;673;42;2.34;2.34;25.10;84
109997;674;42;2.34;2.34;25.10;84
110009;675;42;2.34;2.34;25.10;84
110018;676;42;2.34;2.34;25.10;84
110029;677;42;2.34;2.34;25.10;84
110038;678;42;2.34;2.34;25.10;84
110047;678;42;2.34;2.34;25.10;84
110057;677;42;2.34;2.34;25.10;84
110069;676;42;2.34;2.34;25.10;84
110078;676;42;2.34;2.34;25.10;84
110089;675;42;2.34;2.34;25.10;84
110099;675;42;2.34;2.34;25.10;84
110108;674;42;2.34;2.34;25.10;84
110119;673;42;2.34;2.34;25.10;84
110129;672;42;2.34;2.34;25.10;84
110139;671;42;2.34;2.34;25.10;84
110150;670;42;3.13;2.34;25.10;84
110158;669;42;3.13;2.34;25.10;84
110167;670;42;3.13;2.34;25.10;84
110178;670;42;3.13;2.34;25.10;84
110187;671;42;3.13;2.34;25.10;84
110198;672;42;3.13;2.34;25.10;84
110207;672;42;3.13;2.34;25.10;84
110220;673;42;3.13;1.56;25.10;84
110228;675;42;3.13;1.56;25.10;84
110239;676;42;3.13;1.56;25.10;84
110248;677;42;3.13;1.56;25.10;84
110259;679;42;3.13;1.56;25.10;84
110267;680;42;3.13;1.56;25.10;84
110278;681;42;3.13;1.56;25.10;84
110288;681;42;3.13;1.56;25.10;84
110299;680;42;3.13;1.56;25.10;84
110308;679;42;3.13;1.56;25.10;84
110319;678;42;3.13;1.56;25.10;84
110328;678;42;3.13;1.56;25.10;84
110339;677;42;3.13;1.56;25.10;84
110348;678;42;3.13;1.56;25.10;84
110357;678;42;3.13;1.56;25.10;84
110368;679;42;3.13;1.56;25.10;84
110379;680;42;3.13;1.56;25.10;84
110389;680;42;3.13;1.56;25.10;84
110398;681;42;3.13;1.56;25.10;84
110409;680;42;3.13;1.56;25.10;84
110418;679;42;3.13;1.56;25.10;84
110427;678;42;3.13;1.56;25.10;84
110438;677;42;3.13;1.56;25.10;84
110446;676;42;3.91;1.56;25.10;84
110458;675;42;3.91;1.56;25.10;84
110470;675;42;3.91;1.56;24.71;84
110478;675;42;3.91;1.56;24.71;84
110488;675;42;3.91;1.56;24.71;84
110497;676;42;3.91;1.56;24.71;84
110506;676;42;3.91;1.56;24.71;84
110517;676;42;3.91;1.56;24.71;84
110529;677;42;3.91;1.56;24.71;84
110538;677;42;3.91;1.56;24.71;84
110547;678;42;3.91;1.56;24.71;84
110558;678;42;3.91;1.56;24.71;84
110567;679;42;3.91;1.56;24.71;84
110578;679;42;3.91;1.56;24.71;84
110598;679;42;3.91;1.56;24.71;84
110607;679;42;3.91;1.56;24.71;84
110619;679;42;3.91;1.56;24.71;84
110628;679;42;3.91;1.56;24.71;84
110637;678;42;3.91;1.56;24.71;84
110648;678;42;3.91;2.34;24.71;84
110658;678;42;3.91;2.34;24.71;84
110666;678;42;3.91;2.34;24.71;84
110678;678;42;3.91;2.34;24.71;84
110691;678;42;3.91;2.34;24.71;84
110706;679;42;3.13;2.34;24.71;84
110719;679;42;3.13;2.34;24.71;84
110725;679;42;3.13;2.34;24.31;84
110736;679;42;3.13;2.34;24.31;84
110748;680;42;3.13;2.34;24.31;84
110757;680;42;3.13;2.34;24.31;84
110769;681;42;3.13;2.34;24.31;84
110777;681;42;3.13;2.34;24.31;84
110787;680;42;3.13;2.34;24.31;84
110795;678;42;3.13;2.34;24.31;84
110810;677;42;3.13;2.34;24.31;84
110817;676;42;3.13;2.34;24.31;84
110827;674;42;3.13;2.34;24.31;84
110840;673;42;3.13;2.34;24.31;84
110857;673;42;3.13;2.34;24.71;84
110868;673;42;3.13;2.34;24.71;84
110878;674;42;3.13;2.34;24.71;84
110889;674;42;3.13;2.34;24.71;84
110898;674;42;3.13;2.34;24.71;84
110907;674;42;3.13;2.34;24.71;84
110917;675;42;3.13;2.34;24.71;84
110927;675;42;3.13;2.34;24.71;84
110936;675;42;3.13;2.34;24.71;84
110948;676;42;3.13;2.34;24.71;84
110959;676;42;3.13;2.34;24.71;84
110966;676;42;3.13;2.34;24.71;84
110977;677;42;3.13;2.34;24.71;84
110987;678;42;3.13;2.34;24.71;84
110996;679;42;3.13;2.34;24.71;84
111007;679;42;3.13;2.34;24.71;84
111016;680;42;3.13;2.34;24.71;84
111028;681;42;3.13;2.34;24.71;84
111037;681;42;3.13;2.34;24.31;84
111047;682;42;3.13;2.34;24.31;84
111056;682;42;3.13;2.34;24.31;84
111066;682;42;3.13;2.34;24.31;84
111078;683;42;3.13;2.34;24.31;84
111087;683;42;3.13;1.56;24.31;84
111097;681;42;3.13;1.56;24.31;84
111106;680;42;3.13;1.56;24.31;84
111118;678;42;3.13;1.56;24.31;84
111128;676;42;3.13;1.56;24.31;84
111137;675;42;3.13;1.56;24.31;84
111147;673;42;3.13;1.56;24.31;84
111157;673;42;3.13;1.56;24.31;84
111166;673;42;3.13;1.56;24.31;84
111177;673;42;3.13;1.56;24.31;84
111186;673;42;3.13;1.56;24.31;84
111196;673;42;3.13;1.56;24.31;84
111207;673;42;3.13;1.56;24.31;84
111217;674;42;3.13;1.56;24.31;84
111227;675;42;3.13;1.56;24.31;84
111237;676;42;3.13;1.56;24.31;84
111246;677;42;3.13;1.56;24.31;84
111256;678;42;3.13;1.56;24.31;84
111267;679;42;3.13;1.56;24.31;84
111278;679;42;3.13;1.56;24.71;84
111286;679;42;3.13;1.56;24.71;84
111297;680;42;3.13;1.56;24.71;84
111308;680;42;3.13;1.56;24.71;84
111317;680;42;2.34;1.56;24.71;84
111327;681;42;2.34;1.56;24.71;84
111338;680;42;2.34;1.56;24.31;84
111346;678;42;2.34;1.56;24.31;84
111358;677;42;2.34;1.56;24.31;84
111367;676;42;2.34;1.56;24.31;84
111378;675;42;2.34;1.56;24.31;84
111387;674;42;2.34;1.56;24.31;84
111396;674;42;2.34;1.56;24.31;84
111407;674;42;2.34;1.56;24.31;84
111418;674;42;2.34;1.56;24.31;84
111426;674;42;2.34;1.56;24.31;84
111437;674;42;2.34;1.56;24.31;84
111447;673;42;2.34;1.56;24.31;84
111460;673;42;2.34;1.56;24.31;84
111467;672;42;2.34;1.56;24.31;84
111480;671;42;2.34;1.56;24.31;84
111486;670;42;2.34;1.56;24.31;84
111497;669;42;1.56;1.56;24.31;84
111507;668;42;1.56;1.56;24.31;84
111519;670;42;1.56;1.56;24.31;84
111526;671;42;1.56;1.56;24.31;84
111537;672;42;1.56;1.56;24.31;84
111546;673;42;1.56;1.56;24.31;84
111558;674;42;1.56;1.56;24.31;84
111567;676;42;1.56;1.56;24.31;84
111580;677;42;1.56;1.56;24.71;84
111599;678;42;1.56;1.56;24.71;84
111608;679;42;1.56;1.56;24.71;84
111617;680;42;1.56;1.56;24.71;84
111628;681;42;1.56;1.56;24.71;84
111636;683;42;1.56;1.56;24.71;84
111646;681;42;1.56;1.56;24.71;84
111659;679;42;1.56;1.56;24.71;84
111666;678;42;1.56;1.56;24.71;84
111677;676;42;1.56;1.56;24.71;84
111686;674;42;1.56;1.56;24.71;84
111697;673;42;1.56;1.56;24.71;84
111706;672;42;1.56;1.56;24.71;84
111716;672;42;1.56;1.56;24.71;84
111726;671;42;1.56;1.56;24.71;84
111737;671;42;1.56;1.56;24.71;84
111746;670;42;1.56;1.56;24.71;84
111757;670;42;1.56;1.56;24.71;84
111767;670;42;1.56;1.56;24.71;84
111779;671;42;1.56;1.56;24.71;84
111787;672;42;1.56;1.56;24.71;84
111796;672;42;1.56;1.56;24.71;84
111807;673;42;1.56;1.56;24.71;84
111819;673;42;1.56;1.56;24.71;84
111827;673;42;1.56;1.56;24.71;84
111837;672;42;1.56;1.56;24.71;84
111846;672;42;1.56;1.56;24.71;84
111857;671;42;1.56;1.56;24.71;84
111866;670;42;1.56;1.56;24.71;84
111878;670;42;1.56;1.56;24.71;84
111887;669;42;1.56;1.56;24.71;84
111896;669;42;1.56;1.56;24.71;84
111907;668;42;1.56;1.56;24.71;84
111918;668;42;1.56;1.56;24.71;84
111927;667;42;1.56;1.56;24.71;84
111936;667;42;1.56;1.56;24.71;84
111947;668;42;1.56;1.56;25.10;84
111956;670;42;1.56;1.56;25.10;84
111967;671;42;1.56;1.56;25.10;84
111976;673;42;1.56;1.56;25.10;84
111988;675;42;1.56;1.56;25.10;84
111996;676;42;1.56;1.56;25.10;84
112007;676;42;1.56;1.56;25.10;84
112017;676;42;1.56;1.56;25.10;84
112027;675;42;1.56;1.56;25.10;84
112037;675;42;1.56;1.56;25.10;84
112047;675;42;1.56;1.56;25.10;84
112058;675;42;1.56;1.56;25.10;84
112067;673;42;1.56;1.56;25.10;84
112079;672;42;1.56;1.56;25.10;84
112088;670;42;1.56;1.56;25.10;84
112097;669;42;1.56;1.56;25.10;84
112106;667;42;1.56;1.56;25.10;84
112117;666;42;1.56;1.56;25.10;84
112127;667;42;1.56;1.56;25.10;84
112136;668;42;1.56;1.56;25.10;84
112146;670;42;1.56;1.56;25.10;84
112158;671;42;1.56;1.56;25.10;84
112167;672;42;1.56;1.56;25.10;84
112176;673;42;1.56;1.56;25.10;84
112188;673;42;1.56;1.56;25.10;84
112196;673;42;1.56;1.56;25.10;84
112207;672;42;1.56;1.56;25.10;84
112216;672;42;1.56;1.56;25.10;84
112228;672;42;1.56;1.56;25.10;84
112237;671;42;1.56;1.56;25.10;84
112248;671;42;1.56;1.56;25.10;84
112257;671;42;1.56;1.56;25.10;84
112268;670;42;1.56;1.56;25.10;84
112277;670;42;1.56;1.56;25.10;84
112287;669;42;1.56;1.56;25.10;84
112299;669;42;1.56;1.56;25.10;84
112307;670;42;1.56;1.56;25.10;84
112317;671;42;1.56;1.56;25.10;84
112329;672;42;1.56;1.56;25.10;84
112337;673;42;1.56;1.56;25.10;84
112346;674;42;1.56;1.56;25.10;84
112358;675;42;1.56;1.56;25.10;84
112368;675;42;1.56;1.56;25.10;84
112379;674;42;1.56;1.56;25.10;84
112387;674;42;1.56;1.56;25.10;84
112396;674;42;1.56;1.56;25.10;84
112409;673;42;1.56;1.56;25.10;84
112417;673;42;1.56;1.56;25.10;84
112427;672;42;1.56;1.56;25.10;84
112438;672;42;1.56;1.56;25.10;84
112447;672;42;1.56;1.56;25.10;84
112459;671;42;1.56;1.56;25.10;84
112467;671;42;1.56;1.56;25.10;84
112477;670;42;1.56;1.56;25.10;84
112488;671;42;1.56;1.56;25.10;84
112497;672;42;1.56;1.56;25.10;84
112506;673;42;1.56;1.56;25.10;84
112519;674;42;1.56;1.56;25.10;84
112526;674;42;1.56;1.56;25.10;84
112536;675;42;1.56;2.34;25.10;84
112549;674;42;1.56;2.34;25.10;84
112557;674;42;1.56;2.34;25.10;84
112566;673;42;1.56;2.34;25.10;84
112576;672;42;1.56;2.34;25.10;84
112587;671;42;2.34;2.34;25.10;84
112596;671;42;2.34;2.34;25.10;84
112607;670;42;2.34;2.34;25.10;84
112617;670;42;2.34;2.34;25.10;84
112626;669;42;2.34;2.34;25.10;84
112637;669;42;2.34;2.34;25.10;84
112648;668;42;2.34;2.34;25.10;84
112657;668;42;2.34;2.34;25.10;84
112668;669;42;2.34;2.34;25.10;84
112677;670;42;2.34;2.34;25.10;84
112688;672;42;2.34;2.34;25.10;84
112696;673;42;2.34;2.34;25.10;84
112708;674;42;2.34;2.34;25.10;84
112717;675;42;2.34;2.34;25.10;84
112727;676;42;2.34;2.34;25.10;84
112739;677;42;2.34;2.34;25.10;84
112746;678;42;2.34;2.34;25.10;84
112756;679;42;2.34;2.34;25.10;84
112768;680;42;2.34;2.34;25.10;84
112778;680;42;2.34;2.34;25.10;84
112789;679;42;2.34;2.34;25.10;84
112800;679;42;2.34;2.34;25.10;84
112808;678;42;2.34;2.34;25.10;84
112819;677;42;2.34;2.34;25.10;84
112828;676;42;2.34;2.34;25.10;84
112837;675;42;2.34;2.34;25.10;84
112846;676;42;2.34;2.34;24.71;84
112858;677;42;2.34;2.34;24.71;84
112867;678;42;2.34;2.34;24.71;84
112877;679;42;2.34;2.34;24.71;84
112888;680;42;3.13;2.34;24.71;84
112897;681;42;3.13;2.34;24.71;84
112908;680;42;3.13;2.34;24.71;84
112917;679;42;3.13;2.34;24.71;84
112929;678;42;3.13;2.34;24.71;84
112938;676;42;3.13;2.34;24.71;84
112947;675;42;3.13;2.34;24.71;84
112958;674;42;3.13;2.34;24.71;84
112967;673;42;3.13;2.34;24.71;84
112976;673;42;3.13;2.34;24.71;84
112987;673;42;3.13;2.34;24.71;84
112997;672;42;3.13;2.34;24.71;84
113006;672;42;3.13;2.34;24.71;84
113018;671;42;3.13;2.34;24.71;84
113028;673;42;3.13;2.34;24.71;84
113036;674;42;3.13;2.34;24.71;84
113047;675;42;3.13;2.34;24.71;84
113060;676;42;3.13;2.34;24.71;84
113067;677;42;3.13;2.34;24.71;84
113078;678;42;3.13;2.34;24.71;84
113089;677;42;3.13;2.34;24.71;84
113098;675;42;3.13;2.34;24.71;84
113108;674;42;3.13;2.34;24.71;84
113116;673;42;3.13;2.34;24.71;84
113126;671;42;3.13;2.34;24.71;84
113137;670;42;3.13;2.34;24.71;84
113148;671;42;3.13;2.34;24.71;84
113157;671;42;3.13;2.34;24.71;84
113168;672;42;3.13;2.34;24.71;84
113177;672;42;3.13;2.34;24.71;84
113188;673;42;3.13;2.34;24.71;84
113196;673;42;3.13;2.34;24.71;84
113206;675;42;3.13;2.34;24.71;84
113218;676;42;3.13;2.34;24.71;84
113227;678;42;3.13;2.34;24.71;84
113238;679;42;3.13;2.34;24.71;84
113246;681;42;3.13;2.34;24.71;84
113257;682;42;3.13;2.34;24.71;84
113266;683;42;3.13;2.34;24.71;84
113279;683;42;3.13;2.34;24.71;84
113287;684;42;3.13;2.34;24.71;84
113299;684;42;3.13;2.34;24.71;84
113308;685;42;3.13;2.34;24.71;84
113318;685;42;3.13;2.34;24.71;84
113328;685;42;3.13;2.34;24.71;84
113336;684;42;3.13;2.34;24.71;84
113348;683;42;3.13;2.34;24.71;84
113358;683;42;3.13;2.34;24.71;84
113368;682;42;3.13;2.34;24.71;84
113378;682;42;3.13;2.34;24.71;84
113387;681;42;3.13;2.34;24.71;84
113398;681;42;3.13;2.34;24.71;84
113409;680;42;3.13;2.34;24.71;84
113418;680;42;3.13;2.34;24.71;84
113428;680;42;3.91;2.34;24.71;84
113438;679;42;3.91;2.34;24.71;84
113447;679;42;3.91;2.34;24.31;84
113458;678;42;3.91;2.34;24.31;84
113469;677;42;3.91;2.34;24.31;84
113479;677;42;3.91;2.34;24.31;84
113488;676;42;3.91;2.34;24.31;84
113497;676;42;3.91;2.34;24.31;84
113508;676;42;3.91;2.34;24.31;84
113519;677;42;3.91;2.34;24.31;84
113528;677;42;3.91;2.34;24.31;84
113536;677;42;3.91;2.34;24.31;84
113547;678;42;3.91;2.34;24.31;84
113560;678;42;3.91;2.34;24.31;84
113569;678;42;3.91;2.34;24.31;84
113577;678;42;3.91;2.34;24.31;84
113589;678;42;3.91;2.34;24.31;84
113599;678;42;3.91;2.34;24.31;84
113609;678;42;3.13;2.34;24.31;84
113619;678;42;3.13;2.34;24.31;84
113628;678;42;3.13;2.34;24.31;84
113638;678;42;3.13;2.34;24.31;84
113648;678;42;3.13;2.34;24.31;84
113659;678;42;3.13;2.34;24.31;84
113669;678;42;3.13;2.34;24.31;84
113678;678;42;3.13;2.34;24.31;84
113686;678;42;3.13;2.34;24.31;84
113698;678;42;3.13;2.34;24.31;84
113708;678;42;3.13;2.34;24.31;84
113717;678;42;3.13;2.34;24.31;84
113728;678;42;3.13;2.34;24.31;84
113738;678;42;3.13;2.34;24.31;84
113747;678;42;3.13;2.34;24.31;84
113757;678;42;3.13;2.34;24.31;84
113767;679;42;3.13;2.34;24.31;84
113778;679;42;3.13;2.34;24.31;84
113788;679;42;3.13;2.34;24.31;84
113798;679;42;3.13;2.34;24.31;84
113808;679;42;3.13;2.34;24.31;84
113818;678;42;3.13;2.34;24.31;84
113827;678;42;3.13;2.34;24.31;84
113838;678;42;3.13;2.34;24.31;84
113848;677;42;3.13;2.34;24.31;84
113857;677;42;3.13;2.34;24.31;84
113869;677;42;3.13;2.34;24.31;84
113878;678;42;3.13;2.34;24.31;84
113889;678;42;3.13;2.34;24.31;84
113898;678;42;3.13;2.34;24.31;84
113908;678;42;3.13;2.34;24.31;84
113920;679;42;3.13;2.34;24.31;84
113928;678;42;3.13;2.34;24.31;84
113938;678;42;3.13;2.34;24.31;84
113947;678;42;3.13;2.34;24.31;84
113959;678;42;3.13;2.34;24.31;84
113968;677;42;3.13;2.34;24.31;84
113978;677;42;3.13;1.56;24.31;84
113989;677;42;3.13;1.56;24.31;84
113998;677;42;3.13;1.56;24.31;84
114007;676;42;3.13;1.56;24.31;84
114018;676;42;3.13;1.56;24.31;84
114028;676;42;3.13;1.56;24.31;84
114038;675;42;3.13;1.56;24.31;84
114047;676;42;3.13;1.56;24.31;84
114057;676;42;3.13;1.56;24.31;84
114067;677;42;3.13;1.56;24.31;84
114079;677;42;3.13;1.56;24.31;84
114090;677;42;2.34;1.56;24.31;84
114099;678;42;2.34;1.56;24.31;84
114109;678;42;2.34;1.56;24.31;84
114118;678;42;2.34;1.56;24.31;84
114128;678;42;2.34;1.56;24.31;84
114140;678;42;2.34;1.56;24.31;84
114149;678;42;2.34;1.56;24.31;84
114158;678;42;2.34;1.56;24.31;84
114168;678;42;2.34;1.56;24.31;84
114178;677;42;2.34;1.56;24.31;84
114188;677;42;2.34;1.56;24.31;84
114199;677;42;2.34;1.56;24.31;84
114209;676;42;2.34;1.56;24.31;84
114218;676;42;2.34;1.56;24.31;84
114229;676;42;2.34;1.56;24.71;84
114238;676;42;2.34;1.56;24.71;84
114247;676;42;2.34;1.56;24.71;84
114258;676;42;2.34;1.56;24.71;84
114267;676;42;2.34;1.56;24.71;84
114278;676;42;2.34;1.56;24.71;84
114289;676;42;2.34;1.56;24.71;84
114299;676;42;2.34;1.56;24.71;84
114307;676;42;2.34;1.56;24.71;84
114318;676;42;2.34;1.56;24.71;84
114327;676;42;2.34;1.56;24.71;84
114338;676;42;2.34;1.56;24.71;84
114350;676;42;2.34;1.56;24.71;84
114359;676;42;2.34;1.56;24.71;84
114369;676;42;2.34;1.56;24.71;84
114377;675;42;2.34;1.56;24.71;84
114390;675;42;1.56;1.56;24.71;84
114399;675;42;1.56;1.56;24.71;84
114408;675;42;1.56;1.56;24.71;84
114417;676;42;1.56;1.56;24.71;84
114429;676;42;1.56;1.56;24.71;84
114439;676;42;1.56;1.56;24.71;84
114449;677;42;1.56;1.56;24.71;84
114459;677;42;1.56;1.56;24.71;84
114467;678;42;1.56;1.56;24.71;84
114478;678;42;1.56;1.56;24.71;84
114489;679;42;1.56;1.56;24.71;84
114498;679;42;1.56;1.56;24.71;84
114509;680;42;1.56;1.56;24.71;84
114519;680;42;1.56;1.56;24.71;84
114528;679;42;1.56;1.56;24.71;84
114537;678;42;1.56;1.56;24.71;84
114548;677;42;1.56;1.56;24.71;84
114558;676;42;1.56;1.56;24.71;84
114568;675;42;1.56;1.56;24.71;84
114579;673;42;1.56;1.56;24.71;84
114599;675;42;1.56;1.56;24.71;84
114609;676;42;1.56;1.56;24.71;84
114620;678;42;1.56;1.56;24.71;84
114628;679;42;1.56;1.56;24.71;84
114637;681;42;1.56;1.56;24.71;84
114647;682;42;1.56;1.56;24.71;84
114660;679;42;1.56;1.56;24.71;84
114668;677;42;1.56;1.56;24.71;84
114679;674;42;1.56;1.56;24.71;84
114687;671;42;1.56;1.56;24.71;84
114699;669;42;1.56;1.56;24.71;84
114708;666;42;1.56;1.56;24.71;84
114718;666;42;1.56;1.56;24.71;84
114728;666;42;1.56;1.56;24.71;84
114737;666;42;1.56;1.56;24.71;84
114747;665;42;1.56;1.56;24.71;84
114758;665;42;1.56;1.56;24.71;84
114767;665;42;1.56;1.56;24.71;84
114778;666;42;1.56;1.56;24.71;84
114785;667;42;1.56;1.56;24.71;84
114797;668;42;1.56;1.56;24.71;84
114808;669;42;1.56;1.56;24.71;84
114819;670;42;1.56;1.56;24.71;84
114826;671;42;1.56;1.56;24.71;84
114839;672;42;1.56;1.56;24.71;84
114848;673;42;1.56;1.56;24.71;84
114859;674;42;1.56;1.56;24.71;84
114866;676;42;1.56;1.56;24.71;84
114879;677;42;1.56;1.56;24.71;84
114887;678;42;1.56;1.56;24.71;84
114899;678;42;1.56;1.56;24.71;84
114908;678;42;1.56;1.56;24.71;84
114917;679;42;1.56;1.56;24.71;84
114926;679;42;1.56;1.56;24.71;84
114939;680;42;1.56;1.56;24.71;84
114947;680;42;1.56;1.56;24.71;84
114956;680;42;1.56;1.56;25.10;84
114967;680;42;1.56;1.56;25.10;84
114979;680;42;1.56;1.56;25.10;84
114986;679;42;1.56;1.56;25.10;84
114998;679;42;1.56;1.56;25.10;84
115007;679;42;1.56;1.56;25.10;84
115016;678;42;1.56;1.56;25.10;84
115028;677;42;1.56;1.56;25.10;84
115037;676;42;1.56;1.56;25.10;84
115047;674;42;1.56;1.56;25.10;84
115060;673;42;1.56;1.56;25.10;84
115067;672;42;1.56;1.56;25.10;84
115079;671;42;1.56;1.56;24.71;84
115089;671;42;1.56;1.56;24.71;84
115097;670;42;1.56;1.56;24.71;84
115108;669;42;1.56;1.56;24.71;84
115120;669;42;1.56;1.56;24.71;84
115126;668;42;1.56;1.56;24.71;84
115137;669;42;1.56;1.56;24.71;84
115149;670;42;1.56;1.56;24.71;84
115158;672;42;1.56;1.56;24.71;84
115167;673;42;1.56;1.56;24.71;84
115179;674;42;1.56;1.56;24.71;84
115188;675;42;1.56;1.56;24.71;84
115197;675;42;1.56;1.56;24.71;84
115209;676;42;1.56;1.56;24.71;84
115221;676;42;1.56;1.56;24.71;84
115236;676;42;1.56;1.56;24.71;84
115248;676;42;1.56;1.56;24.71;84
115257;677;42;1.56;1.56;24.71;84
115265;676;42;1.56;1.56;25.10;84
115278;675;42;1.56;1.56;25.10;84
115286;674;42;1.56;1.56;25.10;84
115295;673;42;1.56;1.56;25.10;84
115309;672;42;1.56;1.56;25.10;84
115316;671;42;1.56;1.56;25.10;84
115327;671;42;1.56;1.56;25.10;84
115339;672;42;1.56;1.56;25.10;84
115345;672;42;1.56;1.56;25.10;84
115355;673;42;1.56;1.56;25.10;84
115369;673;42;1.56;1.56;25.10;84
115378;673;42;1.56;1.56;25.10;84
115387;673;42;1.56;1.56;25.10;84
115399;673;42;1.56;1.56;25.10;84
115408;673;42;1.56;1.56;25.10;84
115416;673;42;1.56;1.56;25.10;84
115429;673;42;1.56;1.56;25.10;84
115438;673;42;1.56;1.56;25.10;84
115446;672;42;1.56;1.56;25.10;84
115458;672;42;1.56;1.56;25.10;84
115468;671;42;1.56;1.56;25.10;84
115477;671;42;1.56;1.56;25.10;84
115489;671;42;1.56;1.56;25.10;84
115497;670;42;1.56;2.34;25.10;84
115508;671;42;1.56;2.34;25.10;84
115520;672;42;1.56;2.34;25.10;84
115537;673;42;1.56;2.34;25.10;84
115548;673;42;1.56;2.34;25.10;84
115556;674;42;1.56;2.34;25.10;84
115567;675;42;1.56;2.34;25.10;84
115578;674;42;1.56;2.34;25.10;84
115599;673;42;1.56;2.34;25.10;84
115608;672;42;1.56;2.34;25.10;84
115616;671;42;1.56;2.34;25.10;84
115627;670;42;1.56;2.34;25.10;84
115638;669;42;1.56;2.34;25.10;84
115647;670;42;1.56;2.34;25.10;84
115656;672;42;1.56;2.34;25.10;84
115668;674;42;1.56;2.34;25.10;84
115679;675;42;1.56;2.34;25.10;84
115687;677;42;1.56;2.34;25.10;84
115696;678;42;1.56;2.34;25.10;84
115706;678;42;1.56;2.34;25.10;84
115716;678;42;1.56;2.34;25.10;84
115726;678;42;1.56;2.34;25.10;84
115736;678;42;1.56;2.34;25.10;84
115747;678;42;2.34;2.34;25.10;84
115758;678;42;2.34;2.34;25.10;84
115769;677;42;2.34;2.34;24.71;84
115777;676;42;2.34;2.34;24.71;84
115787;675;42;2.34;2.34;24.71;84
115797;674;42;2.34;2.34;24.71;84
115808;673;42;2.34;2.34;24.71;84
115817;672;42;2.34;2.34;24.71;84
115827;672;42;2.34;2.34;24.71;84
115837;673;42;2.34;2.34;24.71;84
115846;673;42;2.34;2.34;24.71;84
115857;674;42;2.34;2.34;24.71;84
115868;674;42;2.34;2.34;24.71;84
115877;674;42;2.34;2.34;24.71;84
115888;676;42;2.34;2.34;24.71;84
115896;677;42;2.34;2.34;24.71;84
115907;678;42;2.34;2.34;24.71;84
115918;679;42;2.34;2.34;24.71;84
115927;680;42;2.34;2.34;24.71;84
115935;682;42;2.34;2.34;24.71;84
115949;682;42;2.34;2.34;24.71;84
115957;682;42;2.34;2.34;24.71;84
115966;682;42;2.34;2.34;24.71;84
115979;682;42;2.34;2.34;24.71;84
115988;683;42;2.34;2.34;24.71;84
115996;683;42;2.34;2.34;24.71;84
116007;683;42;2.34;2.34;24.71;84
116019;682;42;2.34;2.34;24.71;84
116026;682;42;2.34;2.34;24.71;84
116037;682;42;2.34;2.34;24.71;84
116046;681;42;2.34;2.34;24.71;84
116058;681;42;2.34;2.34;24.71;84
116067;680;42;2.34;2.34;24.71;84
116080;679;42;2.34;2.34;24.71;84
116088;678;42;2.34;2.34;24.71;84
116096;677;42;2.34;2.34;24.71;84
116107;677;42;2.34;2.34;24.71;84
116117;676;42;2.34;2.34;24.71;84
116127;675;42;2.34;2.34;24.71;84
116136;675;42;2.34;2.34;24.71;84
116147;675;42;2.34;2.34;24.71;84
116158;675;42;2.34;2.34;24.71;84
116166;675;42;2.34;2.34;24.71;84
116177;674;42;2.34;2.34;24.71;84
116186;674;42;2.34;2.34;24.71;84
116198;674;42;2.34;2.34;24.71;84
116207;674;42;2.34;2.34;24.71;84
116216;674;42;2.34;2.34;24.71;84
116227;674;42;2.34;2.34;24.71;84
116237;674;42;2.34;2.34;24.71;84
116248;674;42;2.34;2.34;24.71;84
116258;675;42;2.34;2.34;24.71;84
116267;675;42;2.34;2.34;24.71;84
116279;676;42;2.34;2.34;24.71;84
116288;676;42;2.34;2.34;24.71;84
116297;677;42;2.34;2.34;24.71;84
116308;677;42;2.34;2.34;24.71;84
116318;677;42;2.34;2.34;24.71;84
116327;677;42;2.34;2.34;24.71;84
116336;678;42;2.34;2.34;24.71;84
116347;678;42;2.34;2.34;24.71;84
116356;678;42;2.34;2.34;24.71;84
116368;678;42;2.34;2.34;24.71;84
116376;678;42;2.34;2.34;24.71;84
116387;677;42;2.34;2.34;24.71;84
116398;677;42;2.34;2.34;24.71;84
116407;677;42;3.13;2.34;24.71;84
116418;676;42;3.13;2.34;24.71;84
116427;676;42;3.13;2.34;24.71;84
116437;676;42;3.13;2.34;24.71;84
116447;676;42;3.13;2.34;24.71;84
116456;676;42;3.13;2.34;24.71;84
116468;676;42;3.13;2.34;24.71;84
116478;676;42;3.13;2.34;24.71;84
116487;676;42;3.13;2.34;24.71;84
116497;676;42;3.13;2.34;24.71;84
116507;675;42;3.13;2.34;24.71;84
116519;675;42;3.13;2.34;24.71;84
116528;675;42;3.13;2.34;24.71;84
116538;675;42;3.13;2.34;24.71;84
116546;676;42;3.13;2.34;24.71;84
116558;676;42;3.13;2.34;24.71;84
116568;677;42;3.13;2.34;24.71;84
116578;678;42;3.13;2.34;24.71;84
116600;679;42;3.13;2.34;24.71;84
116606;680;42;3.13;1.56;24.71;84
116617;681;42;3.13;1.56;24.71;84
116627;681;42;3.13;1.56;24.71;84
116636;681;42;3.13;1.56;24.71;84
116648;682;42;3.13;1.56;24.71;84
116656;682;42;3.13;1.56;24.71;84
116667;683;42;3.13;1.56;24.71;84
116678;681;42;3.13;1.56;24.71;84
116688;679;42;3.13;1.56;24.71;84
116697;678;42;3.13;1.56;24.71;84
116707;676;42;3.13;1.56;24.71;84
116716;674;42;2.34;1.56;24.71;84
116730;673;42;2.34;1.56;24.71;84
116748;673;42;2.34;1.56;24.71;84
116758;674;42;2.34;1.56;24.71;84
116768;675;42;2.34;1.56;24.71;84
116777;675;42;2.34;1.56;24.71;84
116787;676;42;2.34;1.56;24.71;84
116799;677;42;2.34;1.56;24.71;84
116808;677;42;2.34;1.56;24.71;84
116817;678;42;2.34;1.56;24.71;84
116827;678;42;2.34;1.56;24.71;84
116836;678;42;2.34;1.56;24.71;84
116848;679;42;2.34;1.56;24.71;84
116858;679;42;2.34;1.56;24.71;84
116866;680;42;2.34;1.56;24.31;84
116879;680;42;2.34;1.56;24.31;84
116886;680;42;2.34;1.56;24.31;84
116898;681;42;2.34;1.56;24.31;84
116908;681;42;2.34;1.56;24.31;84
116918;681;42;2.34;1.56;24.31;84
116926;682;42;2.34;1.56;24.31;84
116938;683;42;2.34;1.56;24.31;84
116949;684;42;2.34;1.56;24.31;84
116957;686;42;2.34;1.56;24.31;84
116968;687;42;2.34;1.56;24.31;84
116978;688;42;2.34;2.34;24.31;84
116986;686;42;2.34;2.34;24.31;84
116996;685;42;2.34;2.34;24.31;84
117007;683;42;2.34;2.34;24.31;84
117018;681;42;2.34;2.34;24.31;84
117026;680;42;2.34;2.34;24.31;84
117038;678;42;2.34;2.34;24.31;84
117047;677;42;2.34;2.34;24.31;84
117057;676;42;2.34;2.34;24.31;84
117069;674;42;2.34;2.34;24.31;84
117079;673;42;2.34;2.34;24.31;84
117088;672;42;2.34;2.34;24.31;84
117097;670;42;2.34;2.34;24.31;84
117106;671;42;2.34;2.34;24.31;84
117118;671;42;2.34;2.34;24.31;84
117127;672;42;2.34;2.34;24.31;84
117136;672;42;2.34;2.34;24.31;84
117147;673;42;2.34;2.34;24.31;84
117156;673;42;2.34;2.34;24.31;84
117168;675;42;2.34;2.34;24.31;84
117177;676;42;2.34;2.34;24.31;84
117186;678;42;2.34;2.34;24.31;84
117199;679;42;2.34;2.34;24.31;84
117207;680;42;2.34;2.34;24.31;84
117217;682;42;2.34;1.56;24.31;84
117228;682;42;2.34;1.56;24.31;84
117237;682;42;2.34;1.56;24.31;84
117246;682;42;2.34;1.56;24.31;84
117258;682;42;2.34;1.56;24.31;84
117267;682;42;2.34;1.56;24.31;84
117278;682;42;2.34;1.56;24.31;84
117288;681;42;2.34;1.56;24.31;84
117299;680;42;2.34;1.56;24.31;84
117307;679;42;2.34;1.56;24.31;84
117318;678;42;2.34;1.56;24.31;84
117327;677;42;2.34;1.56;24.31;84
117337;677;42;2.34;1.56;24.31;84
117348;675;42;2.34;1.56;24.31;84
117357;674;42;2.34;1.56;24.31;84
117369;672;42;2.34;1.56;24.31;84
117377;671;42;2.34;1.56;24.31;84
117388;669;42;2.34;1.56;24.31;84
117397;668;42;2.34;1.56;24.31;84
117408;668;42;2.34;1.56;24.31;84
117418;669;42;2.34;1.56;24.31;84
117428;670;42;2.34;1.56;24.31;84
117439;671;42;2.34;1.56;24.31;84
117447;671;42;2.34;1.56;24.31;84
117458;672;42;2.34;1.56;24.31;84
117467;673;42;2.34;1.56;24.71;84
117479;673;42;2.34;1.56;24.71;84
117488;674;42;2.34;1.56;24.71;84
117497;674;42;2.34;1.56;24.71;84
117509;674;42;1.56;1.56;24.71;84
117518;675;42;1.56;1.56;24.71;84
117528;675;42;1.56;1.56;25.10;84
117537;674;42;1.56;1.56;25.10;84
117548;674;42;1.56;1.56;25.10;84
117557;674;42;1.56;1.56;25.10;84
117569;674;42;1.56;1.56;25.10;84
117577;674;42;1.56;1.56;25.10;84
117598;674;42;1.56;1.56;25.10;84
117610;674;42;1.56;1.56;25.10;84
117619;673;42;1.56;1.56;25.10;84
117628;673;42;1.56;1.56;25.10;84
117639;673;42;1.56;1.56;25.10;84
117649;673;42;1.56;1.56;25.10;84
117657;674;42;1.56;1.56;25.10;84
117668;674;42;1.56;1.56;25.10;84
117677;675;42;1.56;1.56;25.10;84
117689;675;42;1.56;1.56;25.10;84
117698;675;42;1.56;1.56;25.10;84
117708;676;42;1.56;1.56;25.10;84
117719;675;42;1.56;1.56;25.10;84
117727;675;42;1.56;1.56;25.10;84
117737;675;42;1.56;1.56;25.10;84
117748;674;42;1.56;1.56;25.10;84
117758;674;42;1.56;1.56;25.10;84
117768;674;42;1.56;1.56;25.10;84
117779;674;42;1.56;1.56;25.10;84
117788;674;42;1.56;1.56;25.10;84
117799;675;42;1.56;1.56;25.10;84
117810;675;42;1.56;1.56;25.10;84
117818;676;42;1.56;1.56;25.10;84
117828;676;42;1.56;1.56;25.10;84
117839;676;42;1.56;1.56;25.10;84
117848;676;42;1.56;1.56;25.10;84
117859;676;42;1.56;1.56;25.10;84
117870;676;42;1.56;1.56;25.10;84
117879;677;42;1.56;1.56;25.10;84
117889;677;42;1.56;1.56;25.10;84
117898;675;42;1.56;1.56;25.10;84
117908;673;42;1.56;1.56;25.10;84
117917;671;42;1.56;1.56;25.10;84
117928;669;42;1.56;1.56;25.10;84
117937;668;42;1.56;1.56;25.10;84
117949;666;42;1.56;2.34;25.10;84
117959;667;42;1.56;2.34;25.10;84
117968;668;42;1.56;2.34;25.10;84
117979;669;42;1.56;2.34;25.10;84
117988;670;42;1.56;2.34;25.10;84
117997;671;42;1.56;2.34;25.10;84
118008;672;42;1.56;1.56;25.10;84
118019;672;42;1.56;1.56;25.10;84
118027;673;42;1.56;1.56;25.10;84
118038;673;42;1.56;1.56;25.10;84
118050;674;42;1.56;1.56;25.10;84
118058;674;42;1.56;1.56;25.10;84
118069;675;42;1.56;1.56;25.10;84
118077;675;42;1.56;1.56;25.10;84
118089;675;42;1.56;1.56;25.10;84
118099;675;42;1.56;1.56;25.10;84
118107;675;42;1.56;1.56;25.10;84
118117;675;42;1.56;1.56;25.10;84
118128;675;42;1.56;1.56;25.10;84
118137;675;42;1.56;1.56;25.10;84
118147;676;42;1.56;1.56;25.10;84
118159;676;42;1.56;1.56;25.10;84
118167;676;42;1.56;1.56;25.10;84
118178;676;42;1.56;1.56;25.10;84
118189;676;42;1.56;1.56;25.10;84
118197;676;42;1.56;1.56;25.10;84
118209;675;42;1.56;1.56;25.10;84
118220;674;42;1.56;1.56;25.10;84
118228;674;42;1.56;1.56;25.10;84
118239;673;42;1.56;1.56;25.10;84
118249;672;42;1.56;1.56;25.10;84
118258;672;42;1.56;1.56;25.10;84
118269;671;42;1.56;1.56;25.10;84
118277;670;42;1.56;1.56;25.10;84
118287;669;42;1.56;1.56;25.10;84
118297;668;42;1.56;1.56;25.10;84
118308;668;42;1.56;1.56;25.10;84
118319;668;42;1.56;1.56;25.10;84
118328;669;42;1.56;1.56;25.10;84
118337;670;42;1.56;1.56;25.10;84
118347;670;42;1.56;1.56;25.10;84
118358;671;42;2.34;1.56;25.10;84
118366;672;42;2.34;1.56;25.10;84
118378;673;42;2.34;1.56;25.10;84
118389;674;42;2.34;1.56;25.10;84
118400;675;42;2.34;1.56;25.10;84
118418;676;42;2.34;1.56;25.10;84
118426;678;42;2.34;1.56;25.10;84
118437;679;42;2.34;2.34;25.10;84
118448;679;42;2.34;2.34;25.10;84
118455;678;42;2.34;2.34;25.10;84
118467;678;42;2.34;2.34;25.10;84
118479;678;42;2.34;2.34;25.10;84
118488;678;42;2.34;2.34;25.10;84
118497;678;42;2.34;2.34;25.10;84
118507;678;42;2.34;2.34;25.10;84
118516;678;42;2.34;2.34;25.10;84
118526;678;42;2.34;2.34;25.10;84
118537;678;42;2.34;2.34;25.10;84
118546;678;42;2.34;2.34;25.10;84
118556;678;42;2.34;2.34;25.10;84
118566;676;42;2.34;2.34;24.71;84
118579;675;42;2.34;2.34;24.71;84
118599;673;42;2.34;2.34;24.71;84
118609;671;42;2.34;2.34;24.71;84
118615;670;42;2.34;2.34;24.71;84
118627;668;42;2.34;2.34;24.71;84
118637;668;42;2.34;2.34;24.71;84
118646;668;42;2.34;2.34;24.71;84
118656;668;42;2.34;2.34;24.71;84
118667;667;42;2.34;2.34;24.71;84
118679;667;42;2.34;2.34;24.71;84
118686;667;42;2.34;2.34;24.71;84
118698;669;42;2.34;2.34;24.71;84
118706;671;42;2.34;2.34;24.71;84
118716;673;42;2.34;2.34;24.71;84
118728;675;42;2.34;2.34;24.71;84
118737;677;42;3.13;2.34;24.71;84
118747;679;42;3.13;2.34;24.71;84
118758;679;42;3.13;2.34;24.71;84
118765;679;42;3.13;2.34;24.71;84
118777;679;42;3.13;2.34;24.71;84
118787;679;42;3.13;2.34;24.71;84
118795;679;42;3.13;2.34;24.71;84
118807;679;42;3.13;2.34;24.71;84
118818;678;42;3.13;2.34;24.71;84
118826;678;42;3.13;2.34;24.71;84
118836;678;42;3.13;2.34;24.71;84
118845;677;42;3.13;2.34;24.71;84
118856;677;42;3.13;2.34;24.71;84
118867;676;42;3.13;2.34;24.71;84
118878;675;42;3.13;2.34;24.71;84
118887;674;42;3.13;2.34;24.71;84
118897;673;42;3.13;2.34;24.71;84
118905;672;42;3.13;2.34;24.71;84
118916;670;42;3.13;2.34;24.71;84
118926;669;42;3.13;2.34;24.71;84
118937;669;42;3.13;2.34;24.71;84
118947;669;42;3.13;2.34;24.71;84
118957;669;42;3.13;2.34;24.71;84
118967;669;42;3.13;2.34;24.71;84
118980;669;42;3.13;2.34;24.71;84
118995;669;42;3.13;1.56;24.71;84
119007;671;42;3.13;1.56;24.71;84
119015;673;42;3.13;1.56;24.71;84
119027;675;42;3.13;1.56;24.71;84
119038;677;42;3.13;1.56;24.71;84
119047;679;42;3.13;1.56;24.71;84
119055;681;42;3.13;1.56;24.71;84
119067;681;42;3.13;1.56;25.10;84
119077;682;42;3.13;1.56;25.10;84
119087;682;42;3.13;1.56;25.10;84
119098;683;42;3.13;1.56;25.10;84
119106;683;42;3.13;1.56;25.10;84
119117;684;42;3.13;1.56;25.10;84
119126;683;42;3.13;1.56;24.71;84
119135;681;42;3.13;1.56;24.71;84
119145;680;42;3.13;1.56;24.71;84
119157;679;42;3.13;1.56;24.71;84
119166;678;42;3.13;1.56;24.71;84
119177;677;42;3.13;1.56;24.71;84
119186;676;42;3.13;1.56;24.71;84
119195;675;42;3.13;1.56;24.71;84
119207;675;42;3.13;1.56;24.71;84
119217;674;42;3.13;1.56;24.71;84
119228;673;42;3.13;1.56;24.71;84
119237;673;42;3.13;1.56;24.71;84
119246;672;42;3.13;1.56;24.71;84
119257;671;42;3.13;1.56;24.71;84
119268;670;42;3.13;1.56;24.71;84
119278;669;42;3.13;1.56;24.71;84
119286;669;42;3.13;1.56;24.71;84
119297;668;42;3.13;1.56;24.71;84
119306;669;42;3.13;1.56;24.71;84
119317;670;42;3.13;1.56;24.71;84
119327;672;42;3.13;1.56;24.71;84
119336;673;42;3.13;1.56;24.71;84
119347;674;42;3.13;1.56;24.71;84
119356;675;42;3.13;1.56;24.71;84
119365;676;42;3.13;1.56;24.71;84
119377;677;42;3.13;1.56;24.71;84
119386;679;42;3.13;1.56;24.71;84
119396;680;42;3.13;1.56;24.71;84
119405;681;42;3.13;1.56;24.71;84
119418;682;42;3.13;1.56;24.71;84
119427;682;42;3.13;1.56;24.71;84
119437;682;42;3.13;1.56;24.71;84
119446;682;42;3.13;1.56;24.71;84
119457;682;42;3.13;1.56;24.71;84
119467;682;42;3.13;1.56;24.71;84
119478;682;42;3.13;1.56;24.71;84
119486;680;42;3.13;1.56;24.71;84
119497;678;42;3.13;1.56;24.71;84
119508;677;42;3.13;1.56;24.71;84
119516;675;42;3.13;1.56;24.71;84
119527;673;42;3.13;1.56;24.71;84
119536;672;42;3.13;2.34;24.71;84
119547;672;42;3.13;2.34;24.71;84
119558;672;42;3.13;2.34;24.71;84
119566;673;42;3.13;2.34;24.71;84
119579;673;42;3.13;2.34;24.71;84
119596;674;42;3.13;2.34;24.71;84
119607;674;42;3.13;2.34;24.71;84
119618;675;42;3.13;2.34;24.71;84
119625;676;42;3.13;2.34;24.71;84
119636;677;42;3.13;2.34;24.71;84
119648;678;42;3.13;2.34;24.71;84
119657;679;42;3.13;2.34;24.71;84
119665;680;42;3.13;2.34;24.71;84
119676;680;42;3.13;2.34;24.71;84
119685;679;42;3.13;2.34;24.71;84
119695;679;42;3.13;2.34;24.71;84
119707;678;42;3.13;2.34;24.71;84
119718;678;42;3.13;2.34;24.71;84
119727;678;42;3.13;2.34;24.71;84
119737;678;42;3.13;2.34;24.71;84
119746;678;42;3.13;2.34;24.71;84
119755;679;42;3.13;2.34;24.71;84
119768;679;42;3.13;2.34;24.71;84
119779;680;42;3.13;2.34;24.71;84
119788;680;42;3.13;2.34;24.71;84
119797;679;42;3.13;2.34;24.71;84
119807;677;42;3.13;2.34;24.71;84
119816;675;42;3.13;2.34;24.71;84
119826;674;42;3.13;2.34;24.71;84
119837;672;42;3.13;2.34;24.71;84
119846;670;42;3.13;2.34;24.71;84
119858;673;42;3.13;2.34;24.71;84
119867;676;42;3.13;2.34;24.71;84
119877;678;42;3.13;2.34;24.71;84
119886;681;42;3.13;2.34;24.71;84
119900;683;42;2.34;2.34;25.88;84
119918;686;42;2.34;1.56;27.06;84
119927;690;42;2.34;1.56;28.24;84
119937;694;42;2.34;1.56;29.41;84
119947;698;42;2.34;1.56;30.59;84
119955;702;42;2.34;1.56;31.76;84
119967;706;42;2.34;1.56;31.76;84
119977;710;42;2.34;1.56;31.76;84
119988;712;42;2.34;1.56;31.76;84
119996;715;42;2.34;1.56;31.76;84
120007;717;42;2.34;1.56;31.76;84
120017;720;42;2.34;1.56;31.76;84
120026;723;42;1.56;1.56;32.16;84
120037;725;42;1.56;0.78;32.55;84
120049;729;42;1.56;0.78;32.94;84
120057;732;42;1.56;0.78;33.33;84
120066;736;42;1.56;0.78;33.73;84
120078;740;42;1.56;0.78;34.12;84
120086;743;42;1.56;0.78;34.12;84
120097;747;42;1.56;0.78;34.12;84
120106;752;42;1.56;0.78;34.12;84
120118;757;42;1.56;0.78;34.12;84
120127;762;42;1.56;0.78;34.12;84
120138;767;42;1.56;0.78;34.12;84
120148;773;42;1.56;0.78;35.29;84
120157;778;42;1.56;0.78;36.08;84
120166;786;42;1.56;0.78;37.25;84
120176;794;42;1.56;0.78;38.04;84
120188;803;42;1.56;0.78;39.22;84
120196;811;42;1.56;0.78;40.00;84
120207;819;42;1.56;0.78;40.39;84
120218;827;42;1.56;0.78;40.39;84
120226;834;42;1.56;0.78;40.78;84
120238;840;42;1.56;0.78;40.78;84
120247;847;42;1.56;0.78;41.18;84
120256;853;42;1.56;0.78;41.18;84
120268;860;42;1.56;0.78;41.18;84
120278;866;42;1.56;0.78;41.18;84
120287;870;42;1.56;0.78;41.18;84
120297;874;42;1.56;0.78;41.18;84
120307;877;42;1.56;0.78;41.18;84
120319;881;42;1.56;0.78;41.18;84
120327;885;42;1.56;0.78;41.18;84
120336;888;42;1.56;0.78;40.78;84
120347;895;42;1.56;0.78;40.78;84
120358;902;42;1.56;0.78;40.39;84
120366;909;42;1.56;0.78;40.39;84
120379;916;42;1.56;0.78;40.00;84
120388;922;42;1.56;0.78;40.00;84
120398;929;42;1.56;1.56;40.00;84
120409;935;42;1.56;1.56;40.00;84
120417;941;42;1.56;1.56;40.00;84
120427;946;42;1.56;1.56;40.00;84
120436;952;42;1.56;1.56;40.00;84
120447;958;42;1.56;1.56;39.61;84
120456;963;42;1.56;1.56;39.61;84
120467;970;42;1.56;1.56;39.22;84
120476;976;42;1.56;1.56;38.82;84
120486;983;42;1.56;1.56;38.82;84
120497;989;42;1.56;1.56;38.43;84
120507;995;42;2.34;1.56;38.04;84
120516;1002;42;2.34;2.34;37.25;84
120528;1007;42;2.34;2.34;36.86;84
120536;1012;42;2.34;2.34;36.08;84
120547;1017;42;2.34;2.34;35.69;84
120556;1022;42;2.34;2.34;34.90;84
120569;1027;42;1.56;2.34;34.90;84
120577;1032;42;1.56;2.34;34.90;84
120600;1038;42;1.56;2.34;34.90;84
120618;1044;42;1.56;2.34;34.90;84
120626;1050;42;1.56;2.34;34.90;84
120636;1057;42;1.56;2.34;34.90;84
120648;1063;42;1.56;2.34;34.51;84
120658;1069;42;1.56;3.13;34.12;84
120667;1073;42;1.56;3.13;33.73;84
120677;1076;42;1.56;3.13;33.33;84
120687;1080;42;1.56;3.13;32.94;84
120696;1083;42;1.56;3.13;32.55;84
120707;1087;42;0.78;3.13;32.16;84
120719;1091;42;0.78;3.13;31.76;84
120729;1098;42;0.78;3.13;31.76;84
120738;1106;42;0.78;3.13;31.37;84
120748;1113;42;0.78;3.13;30.98;84
120757;1121;42;0.78;3.13;30.59;84
120768;1128;42;0.00;3.13;30.59;84
120777;1136;42;0.00;3.13;30.59;84
120788;1141;42;0.00;3.13;30.59;84
120797;1146;42;0.00;3.13;30.59;84
120807;1151;42;0.00;3.13;30.59;84
120817;1157;42;0.00;3.13;30.59;84
120828;1162;42;0.00;3.13;30.20;84
120836;1167;42;0.00;3.13;30.20;84
120848;1174;42;0.00;3.13;29.80;84
120857;1181;42;0.00;3.13;29.41;84
120868;1188;42;0.00;3.13;29.41;84
120877;1195;42;0.00;3.13;29.02;84
120886;1202;42;0.00;3.13;29.02;84
120898;1209;42;0.00;3.13;29.02;84
120908;1216;42;0.00;3.13;29.02;84
120916;1222;42;0.00;3.13;29.02;84
120926;1228;42;0.00;3.13;29.02;84
120938;1235;42;0.00;3.13;29.02;84
120946;1241;42;0.78;3.13;28.63;84
120958;1248;42;0.78;3.13;28.24;84
120967;1252;42;0.78;3.13;27.84;84
120976;1256;42;0.78;3.13;27.45;84
120988;1261;42;0.78;3.13;27.06;84
120996;1265;42;0.78;3.13;26.67;84
121007;1270;42;1.56;3.13;26.67;84
121019;1274;42;1.56;3.91;26.27;84
121027;1280;42;1.56;3.91;26.27;84
121038;1285;42;1.56;3.91;25.88;84
121047;1290;42;1.56;3.91;25.88;84
121057;1296;42;1.56;3.91;25.49;84
121067;1301;42;1.56;3.91;25.49;84
121077;1306;42;1.56;4.69;25.49;84
121088;1312;42;1.56;4.69;25.49;84
121098;1318;42;1.56;4.69;25.49;84
121106;1323;42;1.56;4.69;25.49;84
121118;1329;42;1.56;4.69;25.49;84
121126;1335;42;1.56;4.69;25.49;84
121138;1340;42;1.56;5.47;25.10;84
121149;1345;42;1.56;5.47;25.10;84
121158;1349;42;1.56;5.47;24.71;84
121167;1354;42;1.56;5.47;24.71;84
121178;1358;42;1.56;5.47;24.31;84
121189;1363;42;2.34;5.47;24.31;84
121199;1368;42;2.34;6.25;24.31;84
121209;1373;42;2.34;6.25;24.31;84
121217;1379;42;2.34;6.25;24.31;84
121228;1385;42;2.34;6.25;24.31;84
121237;1390;42;2.34;6.25;24.31;84
121247;1396;42;2.34;6.25;24.31;84
121257;1401;42;2.34;7.03;23.92;84
121269;1406;42;2.34;7.03;23.92;84
121277;1410;42;2.34;7.03;23.92;84
121289;1415;42;2.34;7.03;23.53;84
121299;1419;42;2.34;7.03;23.53;84
121308;1423;42;3.13;7.03;23.53;84
121317;1428;42;3.13;7.03;23.14;84
121329;1431;42;3.13;7.03;23.14;84
121337;1434;42;3.13;7.03;23.14;84
121348;1437;42;3.13;7.03;22.75;84
121357;1440;42;3.13;7.03;22.75;84
121367;1443;42;3.13;7.03;22.75;84
121377;1446;42;3.13;7.03;22.75;84
121388;1450;42;3.13;7.03;22.75;84
121399;1454;42;3.13;7.03;22.75;84
121407;1458;42;3.13;7.03;22.75;84
121418;1462;42;3.91;7.03;22.75;84
121427;1466;42;3.91;7.03;22.75;84
121436;1470;42;3.91;7.81;22.35;84
121448;1472;42;4.69;7.81;22.35;84
121458;1475;42;4.69;7.81;21.96;84
121467;1478;42;4.69;7.81;21.96;84
121477;1480;42;4.69;7.81;21.57;84
121488;1483;42;5.47;7.81;21.57;84
121498;1485;42;5.47;7.81;21.57;84
121508;1487;42;5.47;7.81;21.57;84
121517;1488;42;5.47;7.81;21.57;84
121528;1490;42;5.47;7.81;21.57;84
121538;1491;42;5.47;7.81;21.57;84
121548;1493;42;6.25;7.81;21.18;84
121559;1494;42;6.25;8.59;20.78;84
121568;1495;42;6.25;8.59;20.78;84
121576;1496;42;6.25;8.59;20.39;84
121589;1498;42;6.25;8.59;20.00;84
121597;1499;42;6.25;8.59;19.61;84
121609;1500;42;7.03;8.59;19.61;84
121617;1501;42;7.03;8.59;19.22;84
121629;1502;42;7.03;8.59;19.22;84
121637;1504;42;7.03;8.59;18.82;84
121646;1505;42;7.03;8.59;18.82;84
121658;1506;42;7.03;8.59;18.43;84
121667;1508;42;7.03;8.59;18.43;84
121679;1509;42;7.03;8.59;18.43;84
121686;1510;42;7.03;8.59;18.43;84
121697;1511;42;7.03;8.59;18.43;84
121709;1512;42;7.03;8.59;18.43;84
121718;1513;42;7.03;8.59;18.43;84
121727;1514;42;7.03;8.59;18.43;84
121738;1514;42;7.03;7.81;18.04;84
121749;1516;42;7.03;7.81;18.04;84
121758;1518;42;7.03;7.81;18.04;84
121767;1519;42;7.03;7.81;17.65;84
121778;1521;42;7.03;7.81;17.65;84
121789;1523;42;7.03;7.81;17.65;84
121797;1524;42;7.03;7.03;17.65;84
121806;1524;42;7.03;7.03;17.65;84
121818;1525;42;7.03;7.03;17.65;84
121827;1525;42;7.03;7.03;17.65;84
121839;1525;42;7.03;7.03;17.65;84
121848;1525;42;6.25;6.25;17.65;84
121856;1526;42;6.25;6.25;17.65;84
121868;1528;42;6.25;6.25;17.25;84
121877;1530;42;6.25;5.47;17.25;84
121888;1532;42;6.25;5.47;17.25;84
121897;1533;42;5.47;5.47;17.25;84
121908;1535;42;5.47;4.69;17.25;84
121917;1537;42;5.47;4.69;17.65;84
121928;1538;42;4.69;4.69;17.65;84
121938;1538;42;4.69;3.91;17.65;84
121947;1539;42;4.69;3.91;18.04;84
121958;1540;42;3.91;3.91;18.04;84
121967;1540;42;3.91;3.13;18.04;84
121978;1541;42;3.91;3.13;18.04;84
121987;1543;42;3.13;3.13;18.04;84
121998;1546;42;3.13;2.34;18.04;84
122007;1549;42;3.13;2.34;18.04;84
122018;1551;42;2.34;2.34;18.04;84
122027;1554;42;2.34;2.34;18.04;84
122038;1557;42;2.34;1.56;18.43;84
122048;1559;42;1.56;1.56;18.43;84
122057;1561;42;1.56;1.56;18.43;84
122069;1563;42;1.56;1.56;18.82;84
122078;1565;42;0.78;1.56;18.82;84
122087;1567;42;0.78;1.56;18.82;84
122097;1569;42;0.78;0.78;18.82;84
122107;1571;42;0.00;0.78;18.82;84
122117;1573;42;0.00;0.78;18.82;84
122129;1575;42;0.00;0.78;18.82;84
122137;1576;42;0.00;0.78;18.82;84
122148;1578;42;-0.78;0.78;18.82;84
122157;1580;42;-0.78;0.00;18.82;84
122168;1582;42;-0.78;0.00;18.82;84
122177;1584;42;-0.78;0.00;18.82;84
122188;1586;42;-0.78;0.00;18.82;84
122197;1588;42;-0.78;0.00;18.82;84
122208;1590;42;-1.56;0.00;18.82;84
122217;1592;42;-1.56;0.00;18.82;84
122229;1594;42;-1.56;0.00;18.43;84
122239;1595;42;-1.56;0.00;18.43;84
122247;1596;42;-1.56;0.00;18.43;84
122257;1598;42;-1.56;0.00;18.43;84
122268;1599;42;-1.56;0.00;18.43;84
122277;1600;42;-1.56;0.78;18.43;84
122289;1603;42;-1.56;0.78;18.43;84
122298;1605;42;-1.56;0.78;18.43;84
122309;1608;42;-1.56;0.78;18.43;84
122317;1610;42;-1.56;0.78;18.43;84
122329;1612;42;-0.78;0.78;18.43;84
122338;1615;42;-0.78;0.78;18.43;84
122348;1616;42;-0.78;0.78;18.43;84
122359;1618;42;-0.78;0.78;18.43;84
122369;1619;42;-0.78;0.78;18.43;84
122378;1621;42;-0.78;0.78;18.43;84
122387;1623;42;-0.78;0.78;18.43;84
122399;1624;42;-0.78;1.56;18.43;84
122407;1626;42;-0.78;1.56;18.43;84
122419;1627;42;-0.78;1.56;18.43;84
122428;1628;42;-0.78;1.56;18.43;84
122438;1630;42;-0.78;1.56;18.43;84
122448;1631;42;0.00;1.56;18.43;84
122457;1632;42;0.00;2.34;18.43;84
122468;1634;42;0.00;2.34;18.04;84
122478;1636;42;0.00;2.34;18.04;84
122487;1638;42;0.00;2.34;18.04;84
122498;1640;42;0.00;2.34;18.04;84
122509;1642;42;0.78;2.34;18.04;84
122519;1644;42;0.78;3.13;18.04;84
122529;1644;42;0.78;3.13;18.04;84
122537;1645;42;0.78;3.13;18.04;84
122547;1646;42;0.78;3.13;18.04;84
122559;1647;42;0.78;3.13;18.04;84
122569;1648;42;1.56;3.13;18.04;84
122577;1649;42;1.56;3.91;18.04;84
122587;1651;42;1.56;3.91;18.04;84
122599;1653;42;1.56;3.91;18.04;84
122608;1656;42;1.56;3.91;18.04;84
122619;1658;42;1.56;3.91;18.04;84
122628;1660;42;2.34;3.91;18.04;84
122639;1662;42;2.34;4.69;18.04;84
122649;1665;42;2.34;4.69;18.04;84
122660;1667;42;2.34;4.69;18.04;84
122678;1669;42;2.34;4.69;18.04;84
122688;1671;42;2.34;4.69;18.04;84
122697;1673;42;3.13;4.69;18.04;84
122710;1676;42;3.13;4.69;18.04;84
122718;1677;42;3.13;4.69;18.04;84
122729;1679;42;3.13;4.69;18.04;84
122739;1681;42;3.13;4.69;18.04;84
122748;1682;42;3.13;4.69;18.04;84
122758;1684;42;3.91;4.69;18.04;84
122767;1686;42;3.91;5.47;18.04;84
122779;1687;42;3.91;5.47;17.65;84
122788;1688;42;3.91;5.47;17.65;84
122797;1689;42;3.91;5.47;17.65;84
122809;1690;42;4.69;5.47;17.65;84
122817;1692;42;4.69;5.47;17.65;84
122827;1693;42;4.69;6.25;17.65;84
122839;1695;42;5.47;6.25;17.65;84
122849;1698;42;5.47;6.25;17.65;84
122859;1700;42;5.47;6.25;17.65;84
122868;1703;42;5.47;6.25;17.65;84
122879;1705;42;6.25;6.25;17.65;84
122888;1708;42;6.25;7.03;17.65;84
122897;1710;42;6.25;7.03;17.65;84
122908;1712;42;6.25;7.03;17.65;84
122919;1714;42;6.25;7.03;17.65;84
122928;1716;41;6.25;7.03;17.65;84
122938;1718;41;7.03;7.03;17.65;84
122950;1720;41;7.03;7.03;17.65;84
122966;1722;41;7.03;7.03;17.25;84
122977;1724;41;7.03;7.03;17.25;84
122990;1727;41;7.03;7.03;17.25;84
122999;1729;41;7.03;7.03;17.25;84
123005;1731;41;7.03;7.03;17.25;84
123018;1733;41;7.03;7.81;17.25;84
123028;1735;41;7.03;7.81;17.25;84
123038;1736;41;7.03;7.81;17.25;84
123047;1738;41;7.03;7.81;17.25;84
123059;1739;41;7.03;7.81;17.25;84
123067;1741;41;7.03;7.81;17.25;84
123078;1742;41;7.03;8.59;17.25;84
123087;1743;41;7.03;8.59;17.25;84
123098;1744;41;7.03;8.59;17.25;84
123109;1745;41;7.03;8.59;17.25;84
123118;1746;41;7.03;8.59;17.25;84
123129;1747;41;7.81;8.59;17.25;84
123138;1748;41;7.81;8.59;17.25;84
123148;1750;41;7.81;8.59;16.86;84
123159;1752;41;7.81;8.59;16.86;84
123169;1754;41;7.81;8.59;16.86;84
123178;1757;41;7.81;8.59;16.86;84
123190;1759;41;7.81;8.59;16.86;84
123208;1761;41;7.81;9.38;16.86;84
123217;1763;41;7.81;9.38;16.86;84
123229;1765;41;7.81;9.38;16.86;84
123238;1768;41;7.81;9.38;16.86;84
123249;1770;41;7.81;9.38;16.86;84
123258;1772;41;8.59;9.38;16.86;84
123269;1774;41;8.59;9.38;16.86;84
123278;1776;41;8.59;9.38;16.86;84
123287;1778;41;8.59;9.38;16.86;84
123297;1780;41;8.59;9.38;16.86;84
123310;1783;41;8.59;9.38;16.86;84
123318;1785;41;9.38;9.38;16.86;84
123328;1787;41;9.38;9.38;16.86;84
123339;1789;41;9.38;9.38;16.86;84
123350;1791;41;9.38;9.38;16.86;84
123358;1792;41;9.38;9.38;16.86;84
123369;1794;41;9.38;9.38;16.86;84
123378;1796;41;9.38;9.38;16.86;84
123388;1797;41;9.38;10.16;16.86;84
123399;1799;41;9.38;10.16;16.86;84
123409;1800;41;9.38;10.16;16.86;84
123418;1802;41;9.38;10.16;16.86;84
123427;1803;41;9.38;10.16;16.86;84
123438;1804;41;10.16;10.16;16.86;84
123447;1806;41;10.16;10.16;16.86;84
123459;1806;41;10.16;10.16;16.47;84
123468;1807;41;10.16;10.16;16.47;84
123479;1808;41;10.16;10.16;16.47;84
123488;1808;41;10.16;10.16;16.47;84
123499;1809;41;10.16;10.16;16.47;84
123508;1810;41;10.16;10.94;16.47;84
123517;1812;41;10.16;10.94;16.47;84
123528;1814;41;10.16;10.94;16.47;84
123537;1816;41;10.16;10.94;16.47;84
123548;1818;41;10.16;10.94;16.47;84
123558;1820;41;10.16;10.94;16.47;84
123570;1822;41;10.16;10.94;16.47;84
123578;1825;41;10.16;10.94;16.47;84
123600;1828;41;10.16;10.94;16.47;84
123619;1831;41;10.16;10.94;16.47;84
123631;1834;41;10.16;10.94;16.47;84
123646;1837;41;10.16;10.94;16.47;84
123657;1841;41;10.16;11.72;16.47;84
123669;1842;41;10.16;11.72;16.47;84
123679;1844;41;10.16;11.72;16.47;84
123688;1845;41;10.16;11.72;16.47;84
123699;1846;41;10.16;11.72;16.47;84
123708;1848;41;10.94;11.72;16.47;84
123716;1849;41;10.94;12.50;16.47;84
123726;1851;41;10.94;12.50;16.47;84
123738;1853;41;10.94;12.50;16.47;84
123747;1855;41;10.94;12.50;16.47;84
123756;1857;41;10.94;12.50;16.47;84
123765;1859;41;10.94;12.50;16.47;84
123779;1861;41;10.94;12.50;16.47;84
123788;1863;41;10.94;12.50;16.47;84
123798;1865;41;10.94;12.50;16.47;84
123807;1867;41;10.94;12.50;16.47;84
123816;1869;41;10.94;12.50;16.47;84
123826;1871;41;11.72;12.50;16.47;84
123838;1873;41;11.72;12.50;16.47;84
123847;1873;41;11.72;12.50;16.08;84
123856;1874;41;11.72;12.50;16.08;84
123868;1875;41;11.72;12.50;16.08;84
123877;1876;41;11.72;12.50;16.08;84
123887;1877;41;11.72;12.50;16.08;84
123898;1877;41;11.72;13.28;16.08;84
123906;1879;41;11.72;13.28;16.08;84
123916;1881;41;11.72;13.28;16.08;84
123927;1883;41;11.72;13.28;16.08;84
123937;1885;41;11.72;13.28;16.08;84
123947;1887;41;12.50;13.28;16.08;84
123956;1889;41;12.50;13.28;16.08;84
123967;1891;41;12.50;13.28;16.08;84
123979;1893;41;12.50;13.28;16.08;84
123988;1895;41;12.50;13.28;16.08;84
124000;1896;41;12.50;13.28;16.08;84
124006;1898;41;12.50;13.28;16.08;84
124018;1900;41;12.50;13.28;16.08;84
124027;1902;41;12.50;13.28;15.69;84
124038;1904;41;12.50;13.28;15.69;84
124047;1906;41;12.50;13.28;15.69;84
124056;1908;41;12.50;13.28;15.69;84
124067;1910;41;12.50;13.28;15.69;84
124079;1912;41;12.50;13.28;15.69;84
124087;1913;41;12.50;13.28;15.69;84
124098;1915;41;12.50;13.28;15.69;84
124106;1917;41;12.50;13.28;15.69;84
124117;1919;41;12.50;13.28;15.69;84
124126;1921;41;13.28;13.28;15.69;84
124138;1923;41;13.28;14.06;15.69;84
124148;1924;41;13.28;14.06;15.69;84
124157;1926;41;13.28;14.06;15.69;84
124166;1928;41;13.28;14.06;15.69;84
124177;1929;41;13.28;14.06;15.69;84
124190;1931;41;12.50;14.06;15.69;84
124196;1933;41;12.50;14.06;15.69;84
124207;1934;41;12.50;14.06;15.69;84
124217;1936;41;12.50;14.06;15.69;84
124227;1938;41;12.50;14.06;15.69;84
124238;1939;41;12.50;14.06;15.69;84
124248;1941;41;12.50;14.06;15.69;84
124259;1943;41;12.50;14.06;15.69;84
124268;1944;41;12.50;14.06;15.69;84
124277;1946;41;12.50;14.06;15.69;84
124287;1947;41;12.50;14.06;15.69;84
124297;1949;41;12.50;14.06;15.69;84
124307;1950;41;13.28;14.06;15.69;84
124318;1952;41;13.28;14.06;15.69;84
124326;1953;41;13.28;14.06;15.69;84
124337;1954;41;13.28;14.06;15.69;84
124349;1956;41;13.28;14.06;15.69;84
124357;1957;41;13.28;14.06;15.69;84
124368;1959;41;13.28;14.06;15.69;84
124380;1960;41;13.28;14.06;15.69;84
124387;1962;41;13.28;14.06;15.69;84
124398;1964;41;13.28;14.06;15.69;84
124407;1965;41;13.28;14.06;15.69;84
124416;1967;41;13.28;14.06;15.69;84
124426;1969;41;13.28;14.06;15.69;84
124438;1971;41;13.28;14.06;15.69;84
124447;1972;41;13.28;14.06;15.29;84
124456;1974;41;13.28;14.06;15.29;84
124468;1976;41;13.28;14.06;15.29;84
124476;1978;41;13.28;14.06;15.29;84
124488;1979;41;13.28;14.06;15.29;84
124498;1981;41;13.28;14.06;15.29;84
124507;1983;41;13.28;14.06;15.29;84
124517;1984;41;13.28;14.06;15.29;84
124526;1986;41;13.28;14.06;15.29;84
124539;1987;41;13.28;14.06;15.29;84
124548;1989;41;13.28;14.06;15.29;84
124556;1990;41;13.28;14.06;15.29;84
124567;1992;41;13.28;14.06;15.29;84
124577;1993;41;13.28;14.06;15.29;84
124587;1995;41;13.28;14.06;15.29;84
124596;1997;41;13.28;14.06;15.29;84
124606;1998;41;13.28;14.06;15.29;84
124616;2000;41;13.28;14.06;15.29;84
124628;2002;41;13.28;14.06;14.90;84
124637;2003;41;13.28;14.06;14.90;84
124647;2005;41;13.28;14.06;14.90;84
124658;2006;41;13.28;14.06;14.90;84
124667;2007;41;12.50;14.06;14.90;84
124678;2009;41;12.50;13.28;14.90;84
124687;2010;41;12.50;13.28;14.90;84
124697;2012;41;12.50;13.28;14.90;84
124708;2013;41;12.50;13.28;14.90;84
124717;2015;41;12.50;13.28;14.90;84
124726;2016;41;13.28;13.28;14.90;84
124737;2018;41;13.28;14.06;14.90;84
124747;2019;41;13.28;14.06;14.90;84
124756;2021;41;13.28;14.06;14.90;84
124768;2022;41;13.28;14.06;14.90;84
124776;2024;41;13.28;14.06;14.90;84
124787;2025;41;12.50;14.06;14.90;84
124798;2027;41;12.50;14.06;14.90;84
124808;2028;41;12.50;14.06;14.90;84
124817;2029;41;12.50;14.06;14.90;84
124827;2030;41;12.50;14.06;14.90;84
124836;2031;41;12.50;14.06;14.90;84
124847;2032;41;13.28;14.06;14.90;84
124858;2033;41;13.28;13.28;14.90;84
124866;2035;41;13.28;13.28;14.90;84
124876;2037;41;13.28;13.28;14.90;84
124888;2039;41;13.28;13.28;14.90;84
124897;2041;41;13.28;13.28;14.90;84
124909;2042;41;13.28;13.28;14.90;84
124918;2044;41;13.28;14.06;14.90;84
124927;2045;41;13.28;14.06;14.51;84
124937;2047;41;13.28;14.06;14.51;84
124946;2048;41;13.28;14.06;14.51;84
124957;2049;41;13.28;14.06;14.51;84
124966;2050;41;12.50;14.06;14.51;84
124978;2052;41;12.50;13.28;14.51;84
124987;2053;41;12.50;13.28;14.51;84
124997;2054;41;12.50;13.28;14.51;84
125006;2055;41;12.50;13.28;14.51;84
125018;2056;41;12.50;13.28;14.51;84
125027;2057;41;12.50;13.28;14.51;84
125036;2058;41;12.50;14.06;14.51;84
125047;2060;41;12.50;14.06;14.51;84
125056;2062;41;12.50;14.06;14.51;84
125068;2063;41;12.50;14.06;14.51;84
125080;2065;41;12.50;14.06;14.51;84
125089;2066;41;12.50;14.06;14.51;84
125098;2068;41;12.50;14.06;14.51;84
125107;2069;41;12.50;14.06;14.51;84
125116;2070;41;12.50;14.06;14.51;84
125128;2071;41;12.50;14.06;14.51;84
125136;2072;41;12.50;14.06;14.51;84
125148;2073;41;12.50;14.06;14.51;84
125157;2074;41;12.50;13.28;14.51;84
125167;2075;41;12.50;13.28;14.12;84
125177;2076;41;12.50;13.28;14.12;84
125187;2077;41;12.50;13.28;14.12;84
125198;2078;41;12.50;13.28;14.12;84
125206;2080;41;12.50;13.28;14.12;84
125219;2081;41;12.50;14.06;14.12;84
125227;2081;41;12.50;14.06;14.12;84
125238;2082;41;12.50;14.06;14.12;84
125246;2082;41;12.50;14.06;14.12;84
125257;2083;41;12.50;14.06;14.12;84
125269;2083;41;11.72;14.06;14.12;84
125277;2084;41;11.72;13.28;14.12;84
125287;2085;41;11.72;13.28;14.12;84
125296;2086;41;11.72;13.28;14.12;84
125308;2087;41;11.72;13.28;14.12;84
125317;2089;41;11.72;13.28;14.12;84
125326;2090;41;12.50;13.28;14.12;84
125338;2091;41;12.50;14.06;14.12;84
125347;2092;41;12.50;14.06;14.12;84
125357;2093;41;12.50;14.06;14.12;84
125366;2095;41;12.50;14.06;14.12;84
125376;2096;41;12.50;14.06;14.12;84
125386;2097;41;11.72;14.06;14.12;84
125398;2098;41;11.72;14.06;14.12;84
125406;2099;41;11.72;14.06;14.12;84
125417;2101;41;11.72;14.06;14.12;84
125427;2102;41;11.72;14.06;14.12;84
125438;2104;41;11.72;14.06;14.12;84
125447;2106;41;12.50;14.06;14.12;84
125458;2107;41;12.50;14.06;14.12;84
125468;2108;41;12.50;14.06;14.12;84
125477;2109;41;12.50;14.06;14.12;84
125488;2110;41;12.50;14.06;14.12;84
125497;2110;41;12.50;14.06;14.12;84
125509;2111;41;12.50;14.06;14.12;84
125518;2112;41;12.50;14.84;13.73;84
125527;2112;41;12.50;14.84;13.73;84
125538;2113;41;12.50;14.84;13.73;84
125546;2113;41;12.50;14.84;13.33;84
125559;2114;41;12.50;14.84;13.33;84
125566;2114;41;12.50;14.84;13.33;84
125576;2115;41;12.50;14.06;13.33;84
125588;2115;41;12.50;14.06;13.33;84
125597;2116;41;12.50;14.06;13.33;84
125606;2116;41;12.50;14.06;13.33;84
125618;2117;41;12.50;14.06;13.33;84
125627;2117;41;13.28;14.06;13.33;84
125638;2117;41;13.28;14.06;13.33;84
125647;2118;41;13.28;14.06;13.33;84
125657;2119;41;13.28;14.06;13.33;84
125668;2119;41;13.28;14.06;13.33;84
125678;2120;41;13.28;14.06;13.33;84
125687;2120;41;12.50;14.06;13.33;84
125698;2121;41;12.50;14.06;13.33;84
125707;2121;41;12.50;14.06;13.33;84
125717;2121;41;12.50;14.06;13.33;84
125727;2121;41;12.50;14.06;13.33;84
125736;2120;41;12.50;14.06;13.33;84
125748;2120;41;12.50;14.06;13.33;84
125757;2120;41;12.50;13.28;13.33;84
125766;2120;41;12.50;13.28;13.33;84
125778;2119;41;12.50;13.28;13.33;84
125786;2118;41;12.50;13.28;13.33;84
125798;2118;41;12.50;13.28;13.33;84
125806;2117;41;11.72;13.28;13.33;84
125817;2117;41;11.72;13.28;13.33;84
125828;2117;41;11.72;13.28;13.33;84
125837;2117;41;11.72;13.28;13.33;84
125848;2117;41;11.72;13.28;13.33;84
125859;2117;41;11.72;13.28;13.33;84
125868;2117;41;11.72;13.28;13.33;84
125876;2117;41;11.72;12.50;13.33;84
125886;2117;41;11.72;12.50;13.33;84
125898;2117;41;11.72;12.50;13.33;84
125907;2116;41;11.72;12.50;13.33;84
125916;2116;41;11.72;12.50;13.33;84
125928;2116;41;11.72;12.50;13.33;84
125939;2116;41;11.72;11.72;13.33;84
125948;2116;41;11.72;11.72;13.33;84
125959;2117;41;11.72;11.72;13.33;84
125968;2117;41;11.72;11.72;13.33;84
125977;2118;41;11.72;11.72;13.33;84
125989;2118;41;10.94;11.72;13.33;84
125998;2119;41;10.94;11.72;13.33;84
126007;2118;41;10.94;11.72;13.33;84
126016;2118;41;10.94;11.72;13.33;84
126028;2117;41;10.94;11.72;13.33;84
126037;2117;41;10.94;11.72;13.33;84
126049;2117;41;10.94;11.72;13.33;84
126058;2116;41;10.94;10.94;13.33;84
126068;2116;41;10.94;10.94;13.33;84
126078;2117;41;10.94;10.94;13.33;84
126088;2117;41;10.94;10.94;13.33;84
126098;2117;41;10.94;10.94;13.33;84
126108;2118;41;10.94;10.94;13.33;84
126117;2118;41;10.94;11.72;13.33;84
126128;2117;41;10.94;11.72;13.33;84
126138;2116;41;10.94;11.72;13.33;84
126147;2115;41;10.94;11.72;13.33;84
126158;2114;41;10.94;11.72;13.33;84
126168;2114;41;10.16;11.72;13.33;84
126177;2113;41;10.16;10.94;13.33;84
126186;2113;41;10.16;10.94;13.33;84
126198;2113;41;10.16;10.94;13.33;84
126207;2113;41;10.16;10.94;13.33;84
126219;2114;41;10.16;10.94;13.33;84
126227;2114;41;10.94;10.94;13.33;84
126237;2114;41;10.94;11.72;13.33;84
126248;2114;41;10.94;11.72;13.33;84
126257;2114;41;10.94;11.72;13.33;84
126267;2114;41;10.94;11.72;13.33;84
126276;2114;41;10.94;11.72;13.33;84
126286;2114;41;10.16;11.72;13.33;84
126298;2113;41;10.16;10.94;13.33;84
126309;2112;41;10.16;10.94;13.33;84
126317;2110;41;10.16;10.94;13.33;84
126329;2109;41;10.16;10.94;13.33;84
126337;2108;41;10.16;10.94;13.33;84
126348;2106;41;10.16;10.94;13.33;84
126357;2105;41;10.16;10.94;13.33;84
126368;2104;41;10.16;10.94;13.33;84
126377;2104;41;10.16;10.94;13.33;84
126387;2104;41;10.16;10.94;13.33;84
126398;2104;41;10.16;10.94;13.33;84
126407;2104;41;10.16;10.94;13.33;84
126420;2104;41;10.16;10.94;13.33;84
126428;2103;41;10.16;10.94;13.33;84
126438;2102;41;10.16;10.94;13.33;84
126447;2102;41;10.16;10.94;13.33;84
126458;2101;41;10.16;10.94;13.33;84
126468;2101;41;10.16;10.94;13.33;84
126477;2100;41;10.16;10.16;13.33;84
126488;2101;41;10.16;10.16;13.33;84
126497;2101;41;10.16;10.16;13.33;84
126508;2102;41;10.16;10.16;13.33;84
126519;2103;41;10.16;10.16;13.33;84
126528;2103;41;10.94;10.16;13.33;84
126537;2104;41;10.94;10.94;13.33;84
126548;2104;41;10.94;10.94;13.33;84
126558;2104;41;10.94;10.94;13.33;84
126567;2104;41;10.94;10.94;13.33;84
126577;2103;41;10.94;10.94;13.33;84
126588;2103;41;10.16;10.94;13.33;84
126597;2103;41;10.16;10.94;13.33;84
126609;2103;41;10.16;10.94;13.33;84
126617;2102;41;10.16;10.94;13.33;84
126628;2102;41;10.16;10.94;13.33;84
126637;2101;41;10.16;10.94;13.33;84
126648;2101;41;10.94;10.94;13.33;84
126658;2101;41;10.94;10.16;13.33;84
126667;2101;41;10.94;10.16;13.33;84
126678;2101;41;10.94;10.16;13.33;83
126689;2101;41;10.94;10.16;13.33;83
126698;2101;41;10.94;10.16;13.33;83
126707;2101;41;10.16;10.16;13.33;83
126718;2102;41;10.16;10.94;13.33;83
126727;2102;41;10.16;10.94;13.33;83
126737;2102;41;10.16;10.94;13.33;83
126749;2101;41;10.16;10.94;13.33;83
126759;2101;41;10.16;10.94;13.33;83
126768;2101;41;10.16;10.94;13.33;83
126777;2101;41;10.16;10.16;13.33;83
126789;2101;41;10.16;10.16;13.33;83
126798;2100;41;10.16;10.16;13.33;83
126810;2100;41;10.16;10.16;13.33;83
126817;2099;41;10.16;10.16;13.33;83
126827;2098;41;10.16;10.16;13.33;83
126838;2098;41;10.16;10.94;13.33;83
126850;2097;41;10.16;10.94;13.33;83
126857;2096;41;10.16;10.94;13.33;83
126868;2095;41;10.16;10.94;13.33;83
126880;2094;41;10.16;10.94;13.33;83
126888;2093;41;10.16;10.94;13.33;83
126899;2092;41;10.16;10.16;13.33;83
126908;2093;41;10.16;10.16;13.33;83
126917;2093;41;10.16;10.16;13.33;83
126927;2093;41;10.16;10.16;13.33;83
126939;2093;41;10.16;10.16;13.33;83
126947;2093;41;10.16;10.16;13.33;83
126958;2093;41;10.16;10.16;13.33;83
126967;2093;41;10.16;10.16;13.33;83
126977;2093;41;10.16;10.16;13.33;83
126988;2093;41;10.16;10.16;13.33;83
126998;2093;41;10.16;10.16;13.33;83
127009;2094;41;9.38;10.16;13.33;83
127020;2094;41;9.38;10.16;13.33;83
127029;2094;41;9.38;10.16;13.33;83
127038;2095;41;9.38;10.16;13.33;83
127049;2095;41;9.38;10.16;13.33;83
127058;2096;41;9.38;10.16;13.33;83
127068;2096;41;8.59;10.16;13.33;83
127080;2097;41;8.59;9.38;13.33;83
127099;2096;41;8.59;9.38;13.33;83
127107;2095;41;8.59;9.38;13.33;83
127118;2094;41;8.59;9.38;13.33;83
127131;2093;41;8.59;9.38;13.33;83
127149;2092;41;9.38;9.38;13.33;83
127159;2091;41;9.38;9.38;13.33;83
127169;2092;41;9.38;9.38;13.33;83
127178;2092;41;9.38;9.38;13.33;83
127188;2092;41;9.38;9.38;13.33;83
127199;2093;41;9.38;9.38;13.33;83
127208;2093;41;9.38;9.38;13.33;83
127218;2093;41;9.38;9.38;13.33;83
127227;2093;41;9.38;9.38;13.33;83
127239;2093;41;9.38;9.38;13.33;83
127249;2092;41;9.38;9.38;13.33;83
127258;2092;41;9.38;9.38;13.33;83
127269;2092;41;8.59;9.38;13.33;83
127278;2091;41;8.59;8.59;13.33;83
127287;2092;41;8.59;8.59;13.33;83
127298;2093;41;8.59;8.59;13.33;83
127307;2094;41;8.59;8.59;13.33;83
127318;2095;41;8.59;8.59;13.33;83
127327;2096;41;8.59;8.59;13.33;83
127338;2097;41;8.59;8.59;13.33;83
127349;2097;41;8.59;8.59;13.33;83
127359;2097;41;8.59;8.59;13.33;83
127368;2097;41;8.59;8.59;13.33;83
127377;2097;41;8.59;8.59;13.33;83
127389;2097;41;7.81;8.59;13.33;83
127399;2097;41;7.81;8.59;13.33;83
127408;2097;41;7.81;8.59;13.33;83
127418;2097;41;7.81;8.59;13.33;83
127429;2097;41;7.81;8.59;13.33;83
127438;2097;41;7.81;8.59;13.33;83
127448;2098;41;7.81;8.59;13.33;83
127458;2098;41;7.81;8.59;13.33;83
127467;2098;41;7.81;8.59;13.33;83
127478;2097;41;7.81;8.59;13.33;83
127488;2097;41;7.81;8.59;13.33;83
127498;2097;41;7.81;8.59;13.33;83
127507;2097;41;7.81;8.59;13.33;83
127519;2097;41;7.81;8.59;13.33;83
127527;2096;41;7.81;8.59;13.33;83
127538;2094;41;7.81;8.59;13.33;83
127549;2093;41;7.81;8.59;13.33;83
127557;2092;41;7.81;8.59;13.33;83
127568;2091;41;7.03;8.59;13.33;83
127579;2090;41;7.03;7.81;13.33;83
127600;2091;41;7.03;7.81;13.33;83
127619;2091;41;7.03;7.81;13.33;83
127629;2092;41;7.03;7.81;13.33;83
127638;2093;41;7.03;7.81;13.33;83
127649;2094;41;7.03;7.81;13.33;83
127659;2094;41;7.03;7.81;13.33;83
127669;2094;41;7.03;7.81;13.33;83
127679;2094;41;7.03;7.81;13.33;83
127688;2094;41;7.03;7.81;13.33;83
127699;2094;41;7.03;7.81;13.33;83
127707;2094;41;7.03;7.81;13.33;83
127715;2094;41;7.03;7.81;13.33;83
127728;2094;41;7.03;7.81;13.33;83
127738;2094;41;7.03;7.81;13.33;83
127747;2094;41;7.03;7.81;13.33;83
127759;2094;41;7.03;7.81;13.33;83
127768;2094;41;6.25;7.81;13.33;83
127779;2094;41;6.25;7.81;13.33;83
127787;2094;41;6.25;7.81;13.33;83
127799;2094;41;6.25;7.81;13.33;83
127806;2094;41;6.25;7.81;13.33;83
127818;2094;41;6.25;7.81;13.33;83
127825;2093;41;7.03;7.81;13.33;83
127838;2093;41;7.03;7.81;13.33;83
127846;2094;41;7.03;7.81;13.33;83
127858;2094;41;7.03;7.81;13.33;83
127868;2094;41;7.03;7.81;13.33;83
127877;2094;41;7.03;7.81;13.33;83
127887;2095;41;6.25;7.81;13.33;83
127896;2095;41;6.25;7.81;13.33;83
127906;2095;41;6.25;7.81;13.33;83
127915;2094;41;6.25;7.81;13.33;83
127928;2094;41;6.25;7.81;13.33;83
127935;2094;41;6.25;7.81;13.33;83
127947;2093;41;7.03;7.81;13.33;83
127957;2093;41;7.03;7.81;13.33;83
127966;2092;41;7.03;7.81;13.33;83
127978;2092;41;7.03;7.81;13.33;83
127989;2091;41;7.03;7.81;13.33;83
127999;2090;41;7.03;7.81;13.33;83
128009;2090;41;7.03;7.81;13.33;83
128019;2089;41;7.03;7.81;13.33;83
128026;2089;41;7.03;7.81;13.33;83
128039;2088;41;7.03;7.81;13.33;83
128045;2088;41;7.03;7.81;13.33;83
128058;2088;41;7.03;7.81;13.33;83
128066;2087;41;6.25;7.81;13.33;83
128075;2087;41;6.25;7.03;13.33;83
128087;2087;41;6.25;7.03;13.33;83
128095;2087;41;6.25;7.03;13.33;83
128107;2086;41;6.25;7.03;13.33;83
128116;2086;41;6.25;7.03;13.33;83
128127;2086;41;6.25;7.03;13.33;83
128137;2085;41;6.25;7.03;13.33;83
128146;2086;41;6.25;7.03;13.33;83
128156;2087;41;6.25;7.03;13.33;83
128168;2088;41;6.25;7.03;13.33;83
128176;2088;41;6.25;7.03;13.33;83
128189;2089;41;6.25;7.03;13.33;83
128197;2090;41;6.25;7.03;13.33;83
128206;2090;41;6.25;7.03;13.33;83
128220;2089;41;6.25;7.03;13.33;83
128225;2089;41;6.25;7.03;13.33;83
128238;2088;41;6.25;7.03;13.33;83
128246;2088;41;6.25;7.03;13.33;83
128258;2088;41;6.25;6.25;13.33;83
128266;2088;41;6.25;6.25;13.33;83
128277;2088;41;6.25;6.25;13.33;83
128287;2087;41;6.25;6.25;13.33;83
128299;2087;41;6.25;6.25;13.33;83
128307;2087;41;6.25;6.25;13.33;83
128317;2087;41;6.25;6.25;13.33;83
128327;2087;41;6.25;6.25;13.33;83
128337;2086;41;6.25;6.25;13.33;83
128346;2085;41;6.25;6.25;13.33;83
128357;2084;41;6.25;6.25;13.33;83
128367;2084;41;5.47;6.25;13.33;83
128378;2083;41;5.47;6.25;13.33;83
128387;2082;41;5.47;6.25;13.33;83
128396;2081;41;5.47;6.25;13.33;83
128408;2080;41;5.47;6.25;13.33;83
128421;2078;41;5.47;6.25;13.33;83
128436;2077;41;6.25;6.25;13.33;83
128446;2076;41;6.25;6.25;13.33;83
128457;2076;41;6.25;6.25;13.73;83
128467;2076;41;6.25;6.25;13.73;83
128477;2076;41;6.25;6.25;13.73;83
128487;2076;41;6.25;6.25;13.73;83
128496;2076;41;6.25;6.25;13.73;83
128507;2076;41;6.25;6.25;13.73;83
128515;2076;41;6.25;6.25;13.73;83
128527;2075;41;6.25;6.25;13.73;83
128537;2075;41;6.25;6.25;13.73;83
128549;2074;41;6.25;6.25;13.73;83
128558;2074;41;6.25;6.25;13.73;83
128566;2074;41;6.25;6.25;13.73;83
128576;2073;41;6.25;6.25;13.73;83
128587;2073;41;6.25;6.25;13.73;83
128596;2073;41;6.25;6.25;13.73;83
128607;2073;41;6.25;6.25;13.73;83
128617;2072;41;6.25;6.25;13.73;83
128625;2072;41;6.25;6.25;13.73;83
128636;2072;41;6.25;6.25;13.73;83
128646;2072;41;6.25;6.25;13.73;83
128657;2072;41;6.25;6.25;13.73;83
128667;2072;41;6.25;6.25;13.73;83
128678;2072;41;6.25;6.25;13.73;83
128689;2072;41;6.25;6.25;13.73;83
128698;2072;41;6.25;6.25;13.73;83
128706;2071;41;6.25;6.25;13.73;83
128717;2071;41;6.25;6.25;13.73;83
128726;2070;41;6.25;6.25;13.73;83
128737;2070;41;6.25;6.25;13.73;83
128748;2069;41;6.25;6.25;13.73;83
128756;2069;41;6.25;6.25;13.73;83
128767;2069;41;6.25;6.25;13.73;83
128776;2069;41;6.25;6.25;13.73;83
128786;2069;41;6.25;6.25;13.73;83
128797;2069;41;6.25;6.25;13.73;83
128808;2068;41;6.25;7.03;13.73;83
128819;2068;41;6.25;7.03;13.73;83
128827;2068;41;6.25;7.03;13.73;83
128838;2069;41;6.25;7.03;13.73;83
128846;2069;41;6.25;7.03;13.73;83
128857;2069;41;6.25;7.03;13.73;83
128868;2069;41;6.25;7.03;13.73;83
128877;2068;41;6.25;7.03;13.73;83
128889;2068;41;6.25;7.03;13.73;83
128898;2068;41;6.25;7.03;13.73;83
128908;2067;41;6.25;7.03;13.73;83
128917;2067;41;7.03;7.03;13.73;83
128926;2066;41;7.03;7.81;13.73;83
128937;2066;41;7.03;7.81;13.73;83
128947;2065;41;7.03;7.81;13.73;83
128957;2065;41;7.03;7.81;13.73;83
128966;2065;41;7.03;7.81;13.73;83
128978;2064;41;7.03;7.81;13.73;83
128997;2064;41;7.03;7.03;13.73;83
129007;2064;41;7.03;7.03;13.73;83
129016;2064;41;7.03;7.03;13.73;83
129027;2064;41;7.03;7.03;13.73;83
129036;2064;41;7.03;7.03;13.73;83
129046;2064;41;7.03;7.03;13.73;83
129057;2064;41;7.03;7.03;13.73;83
129067;2065;41;7.03;7.03;13.73;83
129078;2065;41;7.03;7.03;13.73;83
129098;2066;41;7.03;7.03;13.73;83
129108;2066;41;7.03;7.03;13.73;83
129117;2067;41;7.81;7.03;13.73;83
129126;2068;41;7.81;7.81;13.73;83
129139;2068;41;7.81;7.81;13.73;83
129148;2068;41;7.81;7.81;13.73;83
129157;2068;41;7.81;7.81;13.73;83
129167;2068;41;7.81;7.81;13.73;83
129176;2069;41;7.03;7.81;13.73;83
129187;2069;41;7.03;7.03;13.73;83
129197;2069;41;7.03;7.03;13.73;83
129208;2069;41;7.03;7.03;13.73;83
129217;2069;41;7.03;7.03;13.73;83
129227;2069;41;7.03;7.03;13.73;83
129239;2069;41;7.03;7.03;13.73;83
129248;2069;41;7.03;7.81;13.73;83
129258;2069;41;7.03;7.81;13.73;83
129267;2070;41;7.03;7.81;13.73;83
129276;2071;41;7.03;7.81;13.73;83
129287;2071;41;7.03;7.81;13.73;83
129297;2072;41;7.03;7.81;13.73;83
129307;2072;41;7.03;7.03;13.73;83
129317;2072;41;7.03;7.03;13.73;83
129327;2073;41;7.03;7.03;13.73;83
129339;2073;41;7.03;7.03;13.73;83
129348;2073;41;7.03;7.03;13.73;83
129359;2074;41;6.25;7.03;13.73;83
129366;2074;41;6.25;7.03;13.73;83
129377;2074;41;6.25;7.03;13.73;83
129389;2075;41;6.25;7.03;13.73;83
129396;2075;41;6.25;7.03;13.73;83
129407;2076;41;6.25;7.03;13.73;83
129417;2076;41;7.03;7.03;13.73;83
129426;2077;41;7.03;7.03;13.73;83
129437;2078;41;7.03;7.03;13.73;83
129447;2078;41;7.03;7.03;13.73;83
129457;2079;41;7.03;7.03;13.73;83
129467;2080;41;7.03;7.03;13.73;83
129477;2081;41;6.25;7.03;13.73;83
129487;2082;41;6.25;7.03;13.73;83
129497;2082;41;6.25;7.03;13.73;83
129509;2082;41;6.25;7.03;13.73;83
129517;2082;41;6.25;7.03;13.73;83
129528;2082;41;6.25;7.03;13.73;83
129536;2082;41;6.25;7.03;13.73;83
129546;2082;41;6.25;7.03;13.73;83
129557;2083;41;6.25;7.03;13.33;83
129567;2084;41;6.25;7.03;13.33;83
129577;2085;41;6.25;7.03;13.33;83
129587;2085;41;6.25;7.03;13.33;83
129597;2086;41;6.25;7.03;13.33;83
129609;2087;41;6.25;6.25;13.33;83
129617;2087;41;6.25;6.25;13.33;83
129628;2088;41;6.25;6.25;13.33;83
129638;2088;41;6.25;6.25;13.33;83
129647;2088;41;6.25;6.25;13.33;83
129657;2089;41;5.47;6.25;13.33;83
129668;2089;41;5.47;6.25;13.33;83
129676;2090;41;5.47;6.25;13.33;83
129689;2090;41;5.47;6.25;13.33;83
129699;2091;41;5.47;6.25;13.33;83
129706;2091;41;5.47;6.25;13.33;83
129718;2092;41;6.25;6.25;13.33;83
129726;2093;41;6.25;6.25;13.33;83
129739;2094;41;6.25;6.25;13.33;83
129748;2096;41;6.25;6.25;13.33;83
129756;2097;41;6.25;6.25;13.33;83
129768;2099;41;6.25;6.25;13.33;83
129779;2100;41;5.47;6.25;13.33;83
129798;2102;41;5.47;6.25;13.33;83
129807;2102;41;5.47;6.25;13.33;83
129819;2103;41;5.47;6.25;13.33;83
129828;2104;41;5.47;6.25;13.33;83
129838;2104;41;5.47;6.25;13.33;83
129847;2105;41;5.47;6.25;13.33;83
129858;2105;41;5.47;6.25;13.33;83
129866;2106;41;5.47;6.25;13.33;83
129877;2107;41;5.47;6.25;13.33;83
129887;2107;41;5.47;6.25;13.33;83
129897;2108;41;5.47;6.25;13.33;83
129906;2109;41;5.47;6.25;13.33;83
129918;2109;41;5.47;6.25;13.33;83
129927;2109;41;5.47;6.25;13.33;83
129938;2109;41;5.47;6.25;13.33;83
129947;2109;41;5.47;6.25;13.33;83
129958;2109;41;5.47;6.25;13.33;83
129966;2109;41;5.47;6.25;13.33;83
129977;2108;41;5.47;5.47;13.33;83
129988;2109;41;5.47;5.47;13.33;83
129997;2110;41;5.47;5.47;13.33;83
130008;2110;41;5.47;5.47;13.33;83
130016;2111;41;5.47;5.47;13.33;83
130028;2111;41;5.47;5.47;13.33;83
130038;2112;41;5.47;5.47;13.33;83
130047;2112;41;5.47;5.47;13.33;83
130059;2112;41;5.47;5.47;13.33;83
130066;2112;41;5.47;5.47;13.33;83
130079;2112;41;5.47;5.47;13.33;83
130089;2112;41;5.47;5.47;13.33;83
130098;2112;41;5.47;5.47;13.33;83
130106;2113;41;5.47;5.47;13.33;83
130117;2114;41;5.47;5.47;13.33;83
130129;2115;41;5.47;5.47;13.33;83
130138;2116;41;5.47;5.47;13.33;83
130148;2116;41;5.47;5.47;13.33;83
130158;2117;41;5.47;5.47;13.33;83
130167;2117;41;5.47;5.47;13.33;83
130179;2117;41;5.47;5.47;13.33;83
130198;2117;41;5.47;5.47;13.33;83
130208;2116;41;5.47;5.47;13.33;83
130217;2116;41;5.47;5.47;13.33;83
130229;2116;41;5.47;5.47;13.33;83
130237;2116;41;5.47;5.47;13.33;83
130246;2116;41;5.47;5.47;13.33;83
130259;2116;41;5.47;5.47;13.33;83
130270;2116;41;5.47;5.47;13.33;83
130279;2116;41;5.47;5.47;13.33;83
130288;2116;41;5.47;5.47;13.33;83
130298;2115;41;5.47;5.47;13.33;83
130306;2114;41;5.47;5.47;13.33;83
130318;2113;41;5.47;5.47;13.33;83
130327;2113;41;5.47;5.47;13.33;83
130338;2112;41;5.47;5.47;13.33;83
130348;2111;41;5.47;5.47;13.33;83
130358;2111;41;5.47;5.47;13.33;83
130367;2110;41;5.47;5.47;13.33;83
130377;2109;41;5.47;5.47;13.33;83
130388;2109;41;5.47;5.47;13.33;83
130398;2108;41;5.47;5.47;13.33;83
130408;2107;41;5.47;5.47;13.33;83
130416;2106;41;5.47;5.47;13.33;83
130428;2104;41;5.47;5.47;13.33;83
130438;2103;41;4.69;5.47;13.33;83
130447;2101;41;3.91;4.69;13.33;83
130458;2100;41;3.13;3.91;13.33;83
130467;2098;41;1.56;3.13;13.33;83
130478;2095;41;0.78;1.56;13.33;83
130487;2092;41;0.00;0.78;13.33;83
130498;2089;41;0.00;0.00;13.33;83
130507;2086;41;0.00;0.00;13.33;83
130519;2083;41;0.00;0.00;13.33;83
130530;2079;41;0.00;0.00;12.94;83
130548;2071;41;0.00;0.00;12.94;83
130559;2063;41;0.00;0.00;12.55;83
130568;2054;41;0.00;0.00;12.55;83
130577;2046;41;0.00;0.00;12.16;83
130587;2037;41;0.00;0.00;12.16;83
130598;2029;41;0.00;0.00;12.16;83
130609;2020;41;0.00;0.00;12.16;83
130617;2012;41;0.00;0.00;12.16;83
130628;2003;41;0.00;0.00;12.16;83
130639;1994;41;0.00;0.00;12.16;83
130647;1986;41;0.00;0.00;12.16;83
130657;1977;41;0.00;0.00;12.16;83
130667;1969;41;0.00;0.00;12.16;83
130678;1960;41;0.00;0.00;12.16;83
130687;1952;41;0.00;0.00;12.16;83
130698;1943;41;0.00;0.00;12.16;83
130707;1935;41;0.00;0.00;12.16;83
130719;1927;41;0.00;0.00;12.16;83
130727;1918;41;0.00;0.00;12.16;83
130738;1909;41;0.00;0.00;12.16;83
130749;1900;41;0.00;0.00;12.16;83
130757;1891;41;0.00;0.00;12.16;83
130766;1882;41;0.00;0.00;12.16;83
130778;1873;41;0.00;0.00;12.16;83
130798;1863;41;0.00;0.00;12.16;83
130807;1854;41;0.00;0.00;12.16;83
130817;1845;41;0.00;0.00;12.16;83
130829;1835;41;0.00;0.00;12.16;83
130835;1826;41;0.00;0.00;12.16;83
130849;1817;41;0.00;0.00;12.16;83
130859;1809;41;0.00;0.00;12.55;83
130869;1801;41;0.00;0.00;12.55;83
130878;1793;41;0.00;0.00;12.55;83
130885;1785;41;0.00;0.00;12.55;83
130898;1777;41;0.00;0.00;12.55;83
130908;1769;41;0.00;0.00;12.55;83
130917;1761;41;0.00;0.00;12.55;83
130926;1752;41;0.00;0.00;12.55;83
130938;1744;41;0.00;0.00;12.55;83
130949;1736;41;0.00;0.00;12.55;83
130958;1727;41;0.00;0.00;12.55;83
130966;1719;41;0.00;0.00;12.55;83
130977;1711;41;0.00;0.00;12.94;83
130988;1703;41;0.00;0.00;12.94;83
130999;1696;41;0.00;0.00;12.94;83
131009;1688;41;0.00;0.00;12.94;83
131019;1681;41;0.00;0.00;12.94;83
131029;1673;41;0.00;0.00;12.94;83
131035;1663;41;0.00;0.00;13.33;83
131046;1653;41;0.00;0.00;13.33;83
131058;1643;41;0.00;0.00;13.33;83
131069;1633;41;0.00;0.00;13.33;83
131078;1623;41;0.00;0.00;13.33;83
131098;1613;41;0.00;0.00;13.33;83
131109;1605;41;0.00;0.00;13.33;83
131116;1596;41;0.00;0.00;13.33;83
131128;1588;41;0.00;0.00;13.33;83
131135;1579;41;0.00;0.00;13.33;83
131145;1571;41;0.00;0.00;13.33;83
131158;1562;41;0.00;0.00;13.73;83
131169;1552;41;0.00;0.00;13.73;83
131179;1541;41;0.00;0.00;13.73;83
131198;1531;41;0.00;0.00;14.12;83
131206;1520;41;0.00;0.00;14.12;83
131220;1510;41;0.00;0.00;14.51;83
131238;1499;41;0.00;0.00;14.90;83
131246;1497;41;0.00;0.00;14.90;83
131260;1496;41;0.00;0.00;15.29;83
131279;1494;41;0.00;0.00;15.69;83
131286;1492;41;0.00;0.00;16.08;83
131298;1490;41;0.00;0.00;16.08;83
131306;1489;41;0.00;0.00;16.08;83
131316;1488;41;0.00;0.00;16.08;83
131327;1488;41;0.00;0.00;16.08;83
131339;1488;41;0.00;0.00;16.08;83
131345;1487;41;0.00;0.00;16.08;83
131356;1487;41;0.00;0.00;16.08;83
131367;1487;41;0.00;0.00;16.47;83
131378;1489;41;0.00;0.00;16.47;83
131396;1492;41;0.00;0.00;16.47;83
131409;1494;41;0.00;0.00;16.86;83
131418;1496;41;0.00;0.00;16.86;83
131428;1499;41;0.00;0.00;16.86;83
131437;1501;41;0.00;0.00;17.25;83
131447;1503;41;0.00;0.00;17.25;83
131458;1504;41;0.00;0.00;17.25;83
131467;1506;41;0.00;0.00;17.65;83
131476;1508;41;0.00;0.00;17.65;83
131489;1509;41;0.00;0.00;17.65;83
131499;1511;41;0.00;0.00;17.65;83
131508;1513;41;0.00;0.00;17.65;83
131517;1515;41;0.00;0.00;17.65;83
131526;1516;41;0.00;0.00;17.65;83
131537;1518;41;0.00;0.00;17.65;83
131547;1520;41;0.00;0.00;17.65;83
131559;1522;41;0.00;0.00;17.65;83
131568;1523;41;0.00;0.00;17.65;83
131579;1524;41;0.00;0.00;17.65;83
131597;1524;41;0.00;0.00;17.65;83
131605;1525;41;0.00;0.00;17.65;83
131618;1526;41;0.00;0.00;17.65;83
131627;1527;41;0.00;0.00;17.65;83
131639;1529;41;0.00;0.00;17.25;83
131645;1530;41;0.00;0.00;17.25;83
131659;1532;41;0.00;0.00;17.25;83
131665;1533;41;0.00;0.00;17.25;83
131677;1535;41;0.00;0.00;17.25;83
131699;1537;41;0.00;0.00;17.25;83
131705;1538;41;0.00;0.00;17.25;83
131717;1540;41;0.00;0.00;17.25;83
131726;1541;41;0.00;0.00;17.25;83
131736;1543;41;0.00;0.00;17.25;83
131750;1545;41;0.00;0.00;17.25;83
131767;1546;41;0.00;0.00;17.25;83
131775;1547;41;0.00;0.00;17.25;83
131787;1549;41;0.00;0.00;17.25;83
131799;1550;41;0.00;0.00;17.25;83
131806;1551;41;0.00;0.00;17.25;83
131815;1552;41;0.00;0.00;17.25;83
131826;1553;41;0.00;0.00;17.25;83
131839;1554;41;0.00;0.00;16.86;83
131846;1555;41;0.00;0.00;16.86;83
131855;1555;41;0.00;0.00;16.86;83
131867;1556;41;0.00;0.00;16.86;83
131879;1557;41;0.00;0.00;16.86;83
131889;1557;41;0.00;0.00;16.86;83
131895;1559;41;0.00;0.00;16.86;83
131905;1560;41;0.00;0.00;16.86;83
131919;1561;41;0.00;0.00;16.86;83
131936;1563;41;0.00;0.00;16.86;83
131947;1564;41;0.00;0.00;16.86;83
131958;1565;41;0.00;0.00;16.86;83
131967;1567;41;0.00;0.00;16.86;83
131981;1568;41;0.00;0.00;16.86;83
131996;1569;41;0.00;0.00;16.86;83
132008;1570;41;0.00;0.00;16.86;83
132019;1571;41;0.00;0.00;16.86;83
132025;1573;41;0.00;0.00;16.86;83
132036;1573;41;0.00;0.00;16.86;83
132047;1573;41;0.00;0.00;16.86;83
132058;1574;41;0.00;0.00;16.86;83
132066;1574;41;0.00;0.00;16.86;83
132075;1575;41;0.00;0.00;16.86;83
132087;1575;41;0.00;0.00;16.86;83
132096;1576;41;0.00;0.00;16.86;83
132107;1577;41;0.00;0.00;16.86;83
132117;1578;41;0.00;0.00;16.86;83
132127;1579;41;0.00;0.00;16.86;83
132138;1580;41;0.00;0.00;16.86;83
132147;1581;41;0.00;0.00;16.86;83
132156;1582;41;0.00;0.00;16.86;83
132168;1582;41;0.00;0.00;16.86;83
132176;1582;41;0.00;0.00;16.86;83
132188;1582;41;0.00;0.00;16.86;83
132196;1582;41;0.00;0.00;16.86;83
132207;1582;41;0.00;0.00;16.86;83
132217;1584;41;0.00;0.00;16.86;83
132226;1585;41;0.00;0.00;16.86;83
132237;1587;41;0.00;0.00;16.86;83
132246;1589;41;0.00;0.00;16.86;83
132258;1590;41;0.00;0.00;16.86;83
132267;1592;41;0.00;0.00;16.86;83
132276;1593;41;0.00;0.00;16.86;83
132285;1594;41;0.00;0.00;16.86;83
132297;1595;41;0.00;0.00;16.86;83
132305;1595;41;0.00;0.00;16.86;83
132317;1596;41;0.00;0.00;16.86;83
132326;1597;41;0.00;0.00;16.86;83
132338;1597;41;0.00;0.00;16.86;83
132347;1598;41;0.00;0.00;16.86;83
132357;1598;41;0.00;0.00;16.86;83
132366;1598;41;-0.78;0.00;16.86;83
132377;1599;41;-0.78;0.00;16.86;83
132387;1599;41;-0.78;-0.78;16.86;83
132396;1600;41;-1.56;-0.78;16.86;83
132407;1602;41;-1.56;-0.78;16.86;83
132415;1603;41;-1.56;-0.78;16.86;83
132427;1605;41;-1.56;-0.78;16.86;83
132437;1606;41;-2.34;-0.78;16.86;83
132447;1607;41;-2.34;-1.56;16.86;83
132458;1608;41;-2.34;-1.56;16.86;83
132465;1608;41;-2.34;-1.56;16.86;83
132478;1608;41;-2.34;-1.56;16.86;83
132487;1608;41;-2.34;-1.56;16.86;83
132496;1608;41;-2.34;-1.56;16.86;83
132507;1609;41;-2.34;-2.34;16.86;83
132517;1610;41;-2.34;-2.34;16.86;83
132527;1611;41;-2.34;-2.34;16.86;83
132536;1612;41;-2.34;-2.34;16.86;83
132547;1614;41;-2.34;-2.34;16.86;83
132556;1615;41;-2.34;-2.34;16.86;83
132567;1616;41;-2.34;-2.34;16.86;83
132575;1617;41;-2.34;-2.34;16.47;83
132587;1619;41;-2.34;-2.34;16.47;83
132597;1620;41;-2.34;-2.34;16.47;83
132606;1621;41;-2.34;-2.34;16.47;83
132617;1622;41;-2.34;-2.34;16.47;83
132625;1623;41;-2.34;-3.13;16.47;83
132637;1624;41;-2.34;-3.13;16.47;83
132647;1624;41;-2.34;-3.13;16.47;83
132656;1625;41;-2.34;-3.13;16.47;83
132668;1625;41;-2.34;-3.13;16.47;83
132678;1626;41;-3.13;-3.13;16.47;83
132687;1626;41;-3.13;-3.13;16.47;83
132696;1628;41;-3.13;-3.13;16.47;83
132706;1629;41;-3.13;-3.13;16.47;83
132715;1631;41;-3.13;-3.13;16.47;83
132726;1632;41;-3.13;-3.13;16.47;83
132738;1634;41;-3.13;-3.13;16.47;83
132748;1635;41;-3.13;-2.34;16.47;83
132758;1636;41;-3.13;-2.34;16.47;83
132766;1637;41;-3.13;-2.34;16.47;83
132776;1638;41;-3.13;-2.34;16.47;83
132787;1639;41;-3.13;-2.34;16.47;83
132796;1640;41;-3.13;-2.34;16.47;83
132806;1641;41;-3.13;-2.34;16.47;83
132818;1641;41;-3.13;-2.34;16.47;83
132827;1641;41;-3.13;-2.34;16.47;83
132838;1641;41;-3.13;-2.34;16.47;83
132847;1641;41;-3.13;-2.34;16.47;83
132857;1641;41;-3.13;-2.34;16.47;83
132867;1641;41;-3.13;-2.34;16.47;83
132877;1643;41;-3.13;-2.34;16.47;83
132886;1645;41;-3.13;-2.34;16.47;83
132897;1647;41;-3.13;-2.34;16.47;83
132908;1649;41;-3.13;-2.34;16.47;83
132916;1651;41;-3.13;-2.34;16.47;83
132928;1653;41;-3.13;-1.56;16.47;83
132937;1654;41;-3.13;-1.56;16.47;83
132947;1654;41;-3.13;-1.56;16.47;83
132956;1655;41;-3.13;-1.56;16.47;83
132966;1656;41;-3.13;-1.56;16.47;83
132977;1656;41;-2.34;-1.56;16.47;83
132988;1657;41;-2.34;-1.56;16.47;83
132996;1658;41;-2.34;-1.56;16.47;83
133008;1658;41;-2.34;-1.56;16.47;83
133018;1658;41;-2.34;-1.56;16.47;83
133027;1659;41;-2.34;-1.56;16.47;83
133038;1659;41;-2.34;-1.56;16.47;83
133046;1659;41;-2.34;-1.56;16.47;83
133056;1661;41;-2.34;-1.56;16.47;83
133067;1663;41;-2.34;-1.56;16.47;83
133077;1665;41;-2.34;-1.56;16.47;83
133086;1667;41;-2.34;-1.56;16.47;83
133098;1669;41;-2.34;-1.56;16.47;83
133107;1671;41;-2.34;-1.56;16.47;83
133118;1671;41;-2.34;-1.56;16.47;83
133126;1672;41;-2.34;-1.56;16.47;83
133137;1673;41;-2.34;-1.56;16.47;83
133148;1674;41;-2.34;-1.56;16.47;83
133157;1675;41;-1.56;-1.56;16.47;83
133168;1675;41;-1.56;-0.78;16.47;83
133177;1676;41;-1.56;-0.78;16.08;83
133187;1677;41;-1.56;-0.78;16.08;83
133198;1677;41;-1.56;-0.78;16.08;83
133206;1678;41;-1.56;-0.78;16.08;83
133217;1679;41;-1.56;-0.78;16.08;83
133228;1679;41;-1.56;-0.78;16.08;83
133237;1681;41;-1.56;-0.78;16.08;83
133247;1682;41;-1.56;-0.78;16.08;83
133256;1684;41;-1.56;-0.78;16.08;83
133268;1685;41;-1.56;-0.78;16.08;83
133277;1686;41;-1.56;-0.78;16.08;83
133288;1688;41;-1.56;-0.78;16.08;83
133298;1688;41;-1.56;-0.78;16.08;83
133307;1689;41;-1.56;-0.78;16.08;83
133318;1689;41;-1.56;-0.78;16.08;83
133327;1689;41;-1.56;-0.78;16.08;83
133338;1690;41;-0.78;-0.78;16.08;83
133347;1690;41;-0.78;0.00;16.08;83
133358;1691;41;-0.78;0.00;16.08;83
133368;1692;41;-0.78;0.00;16.08;83
133378;1692;41;-0.78;0.00;16.08;83
133387;1693;41;-0.78;0.00;16.08;83
133398;1694;41;0.00;0.00;16.08;83
133409;1694;41;0.00;0.78;16.08;83
133416;1696;41;0.00;0.78;16.08;83
133426;1698;41;0.00;0.78;16.08;83
133438;1699;41;0.00;0.78;16.08;83
133446;1701;41;0.00;0.78;16.08;83
133457;1702;41;0.78;0.78;16.08;83
133469;1704;41;0.78;0.78;16.08;83
133477;1705;41;0.78;0.78;16.08;83
133488;1706;41;0.78;0.78;16.08;83
133496;1708;41;0.78;0.78;16.08;83
133507;1709;41;0.78;0.78;16.08;83
133518;1710;41;0.78;0.78;16.08;83
133527;1711;41;0.78;1.56;16.08;83
133536;1713;41;0.78;1.56;16.47;83
133547;1714;41;0.78;1.56;16.47;83
133558;1716;41;0.78;1.56;16.47;83
133567;1717;41;0.78;1.56;16.47;83
133578;1719;41;0.78;1.56;16.47;83
133597;1721;41;0.78;1.56;16.47;83
133606;1721;41;0.78;1.56;16.47;83
133617;1722;41;0.78;1.56;16.47;83
133627;1723;41;0.78;1.56;16.47;83
133638;1723;41;0.78;1.56;16.47;83
133647;1724;41;1.56;1.56;16.47;83
133657;1725;41;1.56;1.56;16.47;83
133668;1727;41;1.56;1.56;16.47;83
133678;1729;41;1.56;1.56;16.47;83
133688;1731;41;1.56;1.56;16.47;83
133696;1734;41;1.56;1.56;16.47;83
133708;1736;41;1.56;1.56;16.47;83
133718;1738;41;1.56;2.34;16.47;83
133731;1740;41;1.56;2.34;16.86;83
133748;1742;41;1.56;2.34;16.86;83
133757;1743;41;1.56;2.34;16.86;83
133767;1745;41;1.56;2.34;16.86;83
133776;1747;41;1.56;2.34;16.86;83
133788;1749;41;1.56;2.34;16.86;83
133798;1751;41;1.56;2.34;16.86;83
133807;1753;41;1.56;2.34;16.86;83
133818;1756;41;1.56;2.34;16.86;83
133828;1758;41;1.56;2.34;16.86;83
133838;1760;41;2.34;2.34;16.86;83
133847;1762;41;2.34;3.13;16.86;83
133858;1764;41;2.34;3.13;16.86;83
133867;1766;41;2.34;3.13;16.86;83
133877;1768;41;2.34;3.13;16.86;83
133886;1770;41;2.34;3.13;16.86;83
133898;1772;41;2.34;3.13;16.86;83
133907;1773;41;2.34;3.13;16.86;83
133919;1776;41;2.34;3.13;16.86;83
133928;1778;41;2.34;3.13;16.86;83
133937;1780;41;2.34;3.13;16.86;83
133948;1782;41;2.34;3.13;16.86;83
133956;1784;41;3.13;3.13;16.86;83
133966;1786;41;3.13;3.91;16.86;83
133977;1787;41;3.13;3.91;16.86;83
133986;1788;41;3.13;3.91;16.86;83
133998;1789;41;3.13;3.91;16.86;83
134007;1790;41;3.13;3.91;16.86;83
134018;1791;41;3.91;3.91;16.86;83
134027;1792;41;3.91;4.69;16.86;83
134036;1795;41;3.91;4.69;16.47;83
134048;1797;41;3.91;4.69;16.47;83
134057;1800;41;3.91;4.69;16.47;83
134069;1803;41;3.91;4.69;16.47;83
134078;1805;41;4.69;4.69;16.47;83
134088;1808;41;4.69;5.47;16.47;83
134097;1810;41;4.69;5.47;16.47;83
134106;1812;41;4.69;5.47;16.47;83
134118;1814;41;4.69;5.47;16.47;83
134127;1816;41;4.69;5.47;16.47;83
134139;1818;41;5.47;5.47;16.47;83
134148;1820;41;5.47;6.25;16.47;83
134157;1822;41;5.47;6.25;16.47;83
134166;1823;41;5.47;6.25;16.47;83
134177;1825;41;5.47;6.25;16.47;83
134186;1827;41;5.47;6.25;16.47;83
134196;1828;41;5.47;6.25;16.47;83
134207;1830;41;5.47;6.25;16.47;83
134217;1832;41;5.47;6.25;16.47;83
134226;1834;41;5.47;6.25;16.47;83
134238;1836;41;5.47;6.25;16.47;83
134247;1838;41;5.47;6.25;16.47;83
134258;1840;41;6.25;6.25;16.47;83
134269;1842;41;6.25;6.25;16.47;83
134277;1843;41;6.25;6.25;16.47;83
134287;1844;41;6.25;6.25;16.47;83
134297;1846;41;6.25;6.25;16.47;83
134306;1847;41;6.25;6.25;16.47;83
134318;1848;41;6.25;6.25;16.47;83
134328;1850;41;6.25;7.03;16.47;83
134337;1852;41;6.25;7.03;16.47;83
134347;1854;41;6.25;7.03;16.47;83
134357;1856;41;6.25;7.03;16.47;83
134367;1858;41;6.25;7.03;16.47;83
134378;1860;41;6.25;7.03;16.47;83
134389;1863;41;6.25;7.03;16.47;83
134398;1865;41;6.25;7.03;16.47;83
134409;1866;41;6.25;7.03;16.47;83
134417;1868;41;6.25;7.03;16.47;83
134428;1870;41;6.25;7.03;16.47;83
134437;1872;41;7.03;7.03;16.47;83
134447;1874;41;7.03;7.81;16.47;83
134458;1877;41;7.03;7.81;16.08;83
134468;1879;41;7.03;7.81;16.08;83
134479;1881;41;7.03;7.81;16.08;83
134487;1884;41;7.03;7.81;16.08;83
134497;1886;41;7.03;7.81;16.08;83
134510;1889;41;7.03;7.81;16.08;83
134518;1891;41;7.03;7.81;16.08;83
134527;1893;41;7.03;7.81;16.08;83
134538;1895;41;7.03;7.81;16.08;83
134547;1897;41;7.03;7.81;16.08;83
134557;1899;41;6.25;7.81;16.08;83
134568;1901;41;6.25;7.81;16.08;83
134576;1902;41;6.25;7.81;16.08;83
134597;1904;41;6.25;7.81;16.08;83
134608;1906;41;6.25;7.81;16.08;83
134618;1908;41;6.25;7.81;16.08;83
134627;1910;41;7.03;7.81;16.08;83
134638;1912;41;7.03;8.59;16.08;83
134646;1913;41;7.03;8.59;15.69;83
134658;1915;41;7.03;8.59;15.69;83
134667;1917;41;7.03;8.59;15.69;83
134678;1919;41;7.03;8.59;15.69;83
134687;1921;41;7.03;8.59;15.69;83
134698;1923;41;7.03;8.59;15.69;83
134708;1924;41;7.03;8.59;15.69;83
134719;1925;41;7.03;8.59;15.69;83
134728;1926;41;7.03;8.59;15.69;83
134738;1927;41;7.03;8.59;15.69;83
134747;1928;41;7.81;8.59;15.69;83
134759;1929;41;7.81;9.38;15.69;83
134767;1930;41;7.81;9.38;15.29;83
134778;1931;41;7.81;9.38;15.29;83
134788;1933;41;7.81;9.38;15.29;83
134799;1934;41;7.81;9.38;15.29;83
134808;1935;41;7.81;9.38;15.29;83
134817;1936;41;7.81;9.38;15.29;83
134828;1937;41;7.81;9.38;14.90;83
134837;1938;41;7.81;9.38;14.90;83
134848;1939;41;7.81;9.38;14.90;83
134859;1939;41;7.81;9.38;14.90;83
134869;1940;41;7.81;9.38;14.90;83
134877;1941;41;7.81;9.38;14.90;83
134889;1942;41;7.81;9.38;14.90;83
134909;1942;41;7.81;9.38;14.90;83
134918;1943;41;7.81;9.38;14.90;83
134928;1943;41;7.81;9.38;14.90;83
134937;1944;41;7.81;9.38;14.90;83
134947;1945;41;7.81;9.38;14.90;83
134959;1946;41;7.81;9.38;14.51;83
134967;1947;41;7.81;9.38;14.51;83
134979;1949;41;7.81;9.38;14.51;83
134988;1950;41;7.81;9.38;14.51;83
134999;1952;41;7.03;9.38;14.51;83
135008;1953;41;7.03;9.38;14.51;83
135020;1954;41;7.03;9.38;14.51;83
135039;1955;41;7.03;9.38;14.51;83
135047;1956;41;7.03;9.38;14.51;83
135059;1957;41;7.03;9.38;14.51;83
135070;1958;41;7.03;9.38;14.51;83
135088;1959;41;7.03;9.38;14.51;83
135098;1960;41;7.03;9.38;14.51;83
135108;1960;41;7.03;9.38;14.51;83
135118;1961;41;7.03;9.38;14.51;83
135127;1962;41;7.03;9.38;14.51;83
135137;1963;41;6.25;9.38;14.51;83
135148;1964;41;6.25;9.38;14.51;83
135159;1965;41;6.25;9.38;14.51;83
135169;1966;41;6.25;9.38;14.51;83
135177;1967;41;6.25;9.38;14.51;83
135188;1967;41;6.25;9.38;14.51;83
135197;1968;41;6.25;9.38;14.51;83
135208;1969;41;6.25;8.59;14.51;83
135219;1970;41;6.25;8.59;14.51;83
135228;1970;41;6.25;8.59;14.51;83
135238;1971;41;6.25;8.59;14.51;83
135248;1972;41;6.25;8.59;14.51;83
135258;1972;41;6.25;8.59;14.51;83
135268;1973;41;6.25;8.59;14.51;83
135279;1974;41;6.25;8.59;14.51;83
135289;1975;41;6.25;8.59;14.51;83
135298;1976;41;6.25;8.59;14.51;83
135310;1977;41;6.25;8.59;14.51;83
135327;1978;41;6.25;8.59;14.51;83
135338;1979;41;6.25;8.59;14.51;83
135349;1979;41;6.25;8.59;14.51;83
135357;1980;41;6.25;8.59;14.51;83
135369;1981;41;6.25;8.59;14.51;83
135378;1982;41;6.25;8.59;14.51;83
135389;1983;41;5.47;8.59;14.51;83
135398;1983;41;5.47;8.59;14.51;83
135408;1984;41;5.47;8.59;14.51;83
135417;1984;41;5.47;8.59;14.51;83
135429;1984;41;5.47;8.59;14.51;83
135437;1984;41;5.47;8.59;14.51;83
135447;1984;41;5.47;8.59;14.51;83
135459;1985;41;5.47;7.81;14.51;83
135469;1986;41;5.47;7.81;14.51;83
135478;1987;41;5.47;7.81;14.51;83
135490;1988;41;5.47;7.81;14.51;83
135498;1989;41;5.47;7.81;14.51;83
135507;1990;41;5.47;7.81;14.51;83
135518;1991;41;5.47;8.59;14.51;83
135527;1991;41;5.47;8.59;14.51;83
135539;1990;41;5.47;8.59;14.51;83
135548;1990;41;5.47;8.59;14.51;83
135558;1990;41;5.47;8.59;14.51;83
135568;1990;41;6.25;8.59;14.51;83
135578;1990;41;6.25;7.81;14.51;83
135597;1991;41;6.25;7.81;14.51;83
135608;1991;41;6.25;7.81;14.51;83
135618;1992;41;6.25;7.81;14.51;83
135627;1993;41;6.25;7.81;14.51;83
135638;1993;41;6.25;7.81;14.51;83
135647;1994;41;6.25;7.81;14.51;83
135658;1995;41;6.25;7.81;14.51;83
135666;1996;41;6.25;7.81;14.51;83
135678;1996;41;6.25;7.81;14.51;83
135687;1997;41;6.25;7.81;14.51;83
135697;1998;41;6.25;7.81;14.51;83
135705;1998;41;6.25;7.81;14.51;83
135718;1999;41;6.25;7.81;14.51;83
135726;1999;41;6.25;7.81;14.51;83
135737;2000;41;6.25;7.81;14.51;83
135747;2000;41;6.25;7.81;14.51;83
135758;2000;41;6.25;7.81;14.51;83
135766;2001;41;6.25;7.81;14.51;83
135778;2001;41;6.25;7.81;14.51;83
135788;2002;41;6.25;7.81;14.51;83
135798;2002;41;6.25;7.81;14.51;83
135807;2002;41;6.25;7.81;14.51;83
135818;2003;41;7.03;7.81;14.51;83
135826;2003;41;7.03;8.59;14.51;83
135838;2004;41;7.03;8.59;14.12;83
135846;2005;41;7.03;8.59;14.12;83
135856;2005;41;7.03;8.59;14.12;83
135865;2006;41;7.03;8.59;14.12;83
135876;2007;41;7.03;8.59;14.12;83
135888;2008;41;7.03;7.81;14.12;83
135895;2008;41;7.03;7.81;14.12;83
135905;2008;41;7.03;7.81;14.12;83
135917;2008;41;7.03;7.81;14.12;83
135925;2009;41;7.03;7.81;14.12;83
135937;2009;41;7.81;7.81;14.12;83
135946;2009;41;7.81;8.59;14.12;83
135956;2010;41;7.81;8.59;14.12;83
135967;2011;41;7.81;8.59;14.12;83
135976;2011;41;7.81;8.59;14.12;83
135985;2012;41;7.81;8.59;14.12;83
135997;2012;41;7.03;8.59;14.12;83
136006;2013;41;7.03;8.59;14.12;83
136017;2014;41;7.03;8.59;14.12;83
136025;2014;41;7.03;8.59;14.12;83
136037;2015;41;7.03;8.59;14.12;83
136046;2015;41;7.03;8.59;14.12;83
136055;2016;41;7.03;8.59;14.12;83
136066;2017;41;7.03;8.59;14.12;83
136079;2017;41;7.03;8.59;14.12;83
136086;2017;41;7.03;8.59;14.12;83
136097;2018;41;7.03;8.59;14.12;83
136107;2018;41;7.03;8.59;14.12;83
136116;2019;41;7.81;8.59;14.12;83
136128;2019;41;7.81;8.59;14.12;83
136137;2020;41;7.81;8.59;14.12;83
136145;2020;41;7.81;8.59;14.12;83
136157;2021;41;7.81;8.59;14.12;83
136167;2022;41;7.81;8.59;14.12;83
136177;2023;41;7.03;8.59;14.12;83
136185;2023;41;7.03;7.81;14.12;83
136197;2024;41;7.03;7.81;14.12;83
136206;2024;41;7.03;7.81;14.12;83
136217;2025;41;7.03;7.81;14.12;83
136226;2025;41;7.03;7.81;14.12;83
136237;2026;41;7.81;7.81;14.12;83
136248;2026;41;7.81;8.59;14.12;83
136258;2027;41;7.81;8.59;14.12;83
136267;2027;41;7.81;8.59;14.12;83
136276;2028;41;7.81;8.59;14.12;83
136286;2029;41;7.81;8.59;14.12;83
136296;2029;41;7.03;8.59;14.12;83
136305;2030;41;7.03;7.81;14.12;83
136317;2031;41;7.03;7.81;14.12;83
136326;2031;41;7.03;7.81;14.12;83
136338;2032;41;7.03;7.81;14.12;83
136346;2032;41;7.03;7.81;14.12;83
136358;2033;41;7.03;7.81;14.12;83
136367;2033;41;7.03;7.81;14.12;83
136375;2034;41;7.03;7.81;14.12;83
136387;2034;41;7.03;7.81;14.12;83
136398;2034;41;7.03;7.81;14.12;83
136406;2035;41;7.03;7.81;14.12;83
136415;2035;41;7.03;7.81;14.12;83
136425;2035;41;7.03;7.81;14.12;83
136435;2036;41;7.03;7.81;14.12;83
136446;2037;41;7.03;7.81;14.12;83
136456;2037;41;7.03;7.81;14.12;83
136467;2038;41;7.03;7.81;14.12;83
136476;2038;41;6.25;7.81;14.12;83
136488;2039;41;6.25;7.81;14.12;83
136496;2040;41;6.25;7.81;14.12;83
136505;2041;41;6.25;7.81;14.12;83
136516;2043;41;6.25;7.81;14.12;83
136525;2044;41;6.25;7.81;14.12;83
136538;2045;41;7.03;7.81;14.12;83
136546;2046;41;7.03;7.81;14.12;83
136557;2047;41;7.03;7.81;13.73;83
136565;2048;41;7.03;7.81;13.73;83
136578;2048;41;7.03;7.81;13.73;83
136587;2049;41;7.03;7.81;13.73;83
136597;2050;41;6.25;7.81;13.73;83
136607;2051;41;6.25;7.81;13.73;83
136616;2051;41;6.25;7.81;13.73;83
136627;2051;41;6.25;7.81;13.73;83
136638;2051;41;6.25;7.81;13.73;83
136647;2052;41;6.25;7.81;13.73;83
136657;2052;41;6.25;7.81;13.73;83
136668;2052;41;6.25;7.81;13.73;83
136676;2053;41;6.25;7.81;13.73;83
136688;2053;41;6.25;7.81;13.73;83
136698;2053;41;6.25;7.81;13.73;83
136707;2053;41;6.25;7.81;13.73;83
136718;2053;41;7.03;7.81;13.73;83
136727;2054;41;7.03;7.81;13.73;83
136736;2054;41;7.03;7.81;13.73;83
136748;2055;41;7.03;7.81;13.73;83
136757;2056;41;7.03;7.81;13.73;83
136767;2056;41;7.03;7.81;13.73;83
136776;2057;41;7.03;7.81;13.73;83
136788;2058;41;7.03;7.03;13.73;83
136798;2058;41;7.03;7.03;13.73;83
136806;2058;41;7.03;7.03;13.73;83
136815;2058;41;7.03;7.03;13.73;83
136827;2058;41;7.03;7.03;13.73;83
136837;2058;41;7.03;7.03;13.73;83
136847;2058;41;7.03;7.81;13.73;83
136856;2058;41;7.03;7.81;13.73;83
136867;2059;41;7.03;7.81;13.73;83
136875;2060;41;7.03;7.81;13.73;83
136886;2060;41;7.03;7.81;13.73;83
136898;2061;41;7.03;7.81;13.73;83
136907;2062;41;7.03;7.81;13.73;83
136916;2062;41;7.03;7.81;13.73;83
136927;2062;41;7.03;7.81;13.73;83
136937;2063;41;7.03;7.81;13.73;83
136947;2063;41;7.03;7.81;13.73;83
136957;2063;41;7.03;7.81;13.73;83
136966;2064;41;7.03;7.03;13.73;83
136978;2064;41;7.03;7.03;13.73;83
136987;2064;41;7.03;7.03;13.73;83
136997;2064;41;7.03;7.03;13.73;83
137006;2065;41;7.03;7.03;13.73;83
137016;2065;41;7.81;7.03;13.73;83
137028;2065;41;7.81;7.81;13.73;83
137038;2066;41;7.81;7.81;13.73;83
137047;2066;41;7.81;7.81;13.73;83
137057;2067;41;7.81;7.81;13.73;83
137068;2068;41;7.81;7.81;13.73;83
137077;2068;41;7.03;7.81;13.73;83
137086;2069;41;7.03;7.03;13.73;83
137098;2069;41;7.03;7.03;13.73;83
137107;2069;41;7.03;7.03;13.73;83
137116;2069;41;7.03;7.03;13.73;83
137127;2069;41;7.03;7.03;13.73;83
137137;2069;41;7.03;7.03;13.73;83
137148;2069;41;7.03;7.81;13.73;83
137157;2069;41;7.03;7.81;13.73;83
137168;2069;41;7.03;7.81;13.73;83
137177;2069;41;7.03;7.81;13.73;83
137187;2069;41;7.03;7.81;13.73;83
137197;2069;41;7.03;7.81;13.73;83
137206;2069;41;7.03;7.81;13.73;83
137219;2069;41;7.03;7.81;13.73;83
137228;2069;41;7.03;7.81;13.73;83
137236;2070;41;7.03;7.81;13.73;83
137247;2070;41;7.03;7.81;13.73;83
137256;2070;41;7.03;7.81;13.73;83
137267;2070;41;7.03;7.81;13.73;83
137277;2071;41;7.03;7.81;13.73;83
137288;2072;41;7.03;7.81;13.73;83
137296;2072;41;7.03;7.81;13.73;83
137308;2073;41;7.03;7.81;13.73;83
137317;2074;41;7.03;7.81;13.73;83
137326;2074;41;7.03;7.81;13.73;83
137337;2075;41;7.03;7.81;13.33;83
137346;2075;41;7.03;7.81;13.33;83
137356;2075;41;7.03;7.81;13.33;83
137366;2076;41;7.03;7.81;13.33;83
137378;2076;41;7.03;7.81;13.33;83
137386;2077;41;7.03;7.03;13.33;83
137396;2076;41;7.03;7.03;13.33;83
137407;2076;41;7.03;7.03;13.33;83
137416;2076;41;7.03;7.03;13.33;83
137426;2076;41;7.03;7.03;13.33;83
137437;2076;41;7.03;7.03;13.33;83
137448;2076;41;7.03;7.81;13.33;83
137457;2077;41;7.03;7.81;13.73;83
137466;2079;41;7.03;7.81;13.73;83
137478;2080;41;7.03;7.81;13.73;83
137487;2082;41;7.03;7.81;13.73;83
137497;2083;41;7.03;7.81;13.73;83
137507;2085;41;7.03;7.81;13.73;83
137517;2085;41;7.03;7.81;13.73;83
137528;2085;41;7.03;7.81;13.73;83
137536;2085;41;7.03;7.81;13.73;83
137547;2086;41;7.03;7.81;13.73;83
137556;2086;41;7.03;7.81;13.73;83
137569;2086;41;7.03;7.81;13.73;83
137578;2087;41;7.03;7.81;13.33;83
137599;2087;41;7.03;7.81;13.33;83
137608;2088;41;7.03;7.81;13.33;83
137617;2089;41;7.03;7.81;13.33;83
137626;2089;41;7.03;7.81;13.33;83
137637;2090;41;7.03;8.59;13.33;83
137647;2089;41;7.03;8.59;13.33;83
137657;2089;41;7.03;8.59;13.33;83
137666;2088;41;7.03;8.59;13.33;83
137677;2088;41;7.03;8.59;13.33;83
137686;2087;41;7.03;8.59;13.33;83
137698;2087;41;7.03;7.81;13.33;83
137707;2087;41;7.03;7.81;13.33;83
137716;2088;41;7.03;7.81;13.33;83
137726;2088;41;7.03;7.81;13.33;83
137737;2089;41;7.03;7.81;13.33;83
137747;2089;41;7.03;7.81;13.33;83
137756;2090;41;7.03;7.81;13.33;83
137766;2089;41;7.03;7.81;13.33;83
137778;2088;41;7.03;7.81;13.33;83
137787;2088;41;7.03;7.81;13.33;83
137796;2087;41;7.03;7.81;13.33;83
137806;2086;41;6.25;7.81;13.33;83
137818;2086;41;6.25;8.59;13.33;83
137828;2086;41;6.25;8.59;13.33;83
137837;2086;41;6.25;8.59;13.33;83
137846;2087;41;6.25;8.59;13.33;83
137858;2087;41;6.25;8.59;13.33;83
137868;2088;41;6.25;8.59;13.33;83
137877;2088;41;6.25;8.59;13.33;83
137887;2089;41;6.25;8.59;13.33;83
137898;2090;41;6.25;8.59;13.33;83
137907;2090;41;6.25;8.59;13.33;83
137917;2091;41;6.25;8.59;13.33;83
137928;2092;41;7.03;8.59;13.33;83
137937;2093;41;7.03;8.59;13.33;83
137946;2093;41;7.03;8.59;13.33;83
137956;2093;41;7.03;8.59;13.33;83
137966;2094;41;7.03;8.59;13.33;83
137977;2094;41;7.03;8.59;13.33;83
137988;2094;41;6.25;8.59;13.33;83
137997;2095;41;6.25;7.81;13.33;83
138008;2095;41;6.25;7.81;13.33;83
138017;2094;41;6.25;7.81;13.33;83
138027;2094;41;6.25;7.81;13.33;83
138037;2094;41;6.25;7.81;13.33;83
138046;2094;41;7.03;7.81;13.33;83
138058;2094;41;7.03;7.81;13.33;83
138067;2094;41;7.03;7.81;13.33;83
138076;2094;41;7.03;7.81;13.33;83
138087;2095;41;7.03;7.81;13.33;83
138098;2095;41;7.03;7.81;13.33;83
138109;2095;41;7.03;7.81;13.33;83
138118;2095;41;7.03;8.59;13.33;83
138128;2095;41;7.03;8.59;13.33;83
138137;2095;41;7.03;8.59;13.33;83
138147;2095;41;7.03;8.59;13.33;83
138156;2094;41;7.03;8.59;13.33;83
138167;2094;41;7.03;8.59;13.33;83
138178;2094;41;7.03;7.81;13.33;83
138187;2093;41;7.03;7.81;13.33;83
138199;2093;41;7.03;7.81;13.33;83
138208;2092;41;7.03;7.81;13.33;83
138217;2091;41;7.03;7.81;13.33;83
138229;2090;41;7.03;7.81;13.33;83
138236;2089;41;7.03;8.59;13.33;83
138248;2090;41;7.03;8.59;13.33;83
138259;2090;41;7.03;8.59;13.33;83
138267;2090;41;7.03;8.59;13.33;83
138276;2091;41;7.03;8.59;13.33;83
138288;2091;41;7.03;8.59;13.33;83
138296;2091;41;7.03;8.59;13.33;83
138308;2090;41;7.03;8.59;13.33;83
138316;2089;41;7.03;8.59;13.33;83
138328;2088;41;7.03;8.59;13.33;83
138338;2087;41;7.03;8.59;13.33;83
138349;2086;41;7.81;8.59;13.33;83
138356;2085;41;7.81;8.59;13.33;83
138369;2084;41;7.81;8.59;13.33;83
138378;2083;41;7.81;8.59;13.33;83
138386;2082;41;7.81;8.59;13.33;83
138397;2081;41;7.81;8.59;13.33;83
138407;2080;41;7.81;8.59;13.33;83
138418;2079;41;7.81;8.59;13.33;83
138427;2076;41;7.81;8.59;13.73;83
138437;2074;41;7.81;8.59;13.73;83
138448;2071;41;6.25;8.59;13.73;83
138458;2069;41;5.47;7.03;13.73;83
138466;2066;41;3.91;5.47;13.73;83
138478;2064;41;2.34;3.91;13.73;83
138487;2058;41;1.56;3.13;13.73;83
138498;2052;41;0.00;1.56;13.73;83
138509;2046;41;0.00;0.00;13.73;83
138528;2040;41;0.00;0.00;13.73;83
138538;2034;41;0.00;0.00;13.73;83
138547;2028;41;0.00;0.00;13.33;83
138558;2017;41;0.00;0.00;13.33;83
138567;2006;41;0.00;0.00;12.94;83
138578;1996;41;0.00;0.00;12.94;83
138589;1985;41;0.00;0.00;12.55;83
138607;1975;41;0.00;0.00;12.55;83
138616;1964;41;0.00;0.00;12.55;83
138629;1956;41;0.00;0.00;12.16;83
138637;1947;41;0.00;0.00;12.16;83
138646;1939;41;0.00;0.00;12.16;83
138656;1930;41;0.00;0.00;12.16;83
138666;1922;41;0.00;0.00;12.16;83
138678;1913;41;0.00;0.00;12.16;83
138687;1906;41;0.00;0.00;12.16;83
138698;1898;41;0.00;0.00;12.16;83
138707;1891;41;0.00;0.00;12.16;83
138719;1883;41;0.00;0.00;12.16;83
138727;1876;41;0.00;0.00;12.16;83
138739;1868;41;0.00;0.00;12.16;83
138747;1859;41;0.00;0.00;12.55;83
138759;1850;41;0.00;0.00;12.55;83
138765;1840;41;0.00;0.00;12.55;83
138778;1831;41;0.00;0.00;12.55;83
138786;1822;41;0.00;0.00;12.55;83
138798;1812;41;0.00;0.00;12.55;83
138806;1803;41;0.00;0.00;12.55;83
138819;1793;41;0.00;0.00;12.55;83
138837;1784;41;0.00;0.00;12.55;83
138848;1774;41;0.00;0.00;12.55;83
138855;1765;41;0.00;0.00;12.55;83
138868;1755;41;0.00;0.00;12.55;83
138878;1747;41;0.00;0.00;12.94;83
138884;1738;41;0.00;0.00;12.94;83
138896;1730;41;0.00;0.00;12.94;83
138907;1721;41;0.00;0.00;12.94;83
138918;1713;41;0.00;0.00;12.94;83
138925;1704;41;0.00;0.00;12.94;83
138936;1697;41;0.00;0.00;13.33;83
138945;1689;41;0.00;0.00;13.33;83
138956;1681;41;0.00;0.00;13.33;83
138965;1674;41;0.00;0.00;13.33;83
138978;1666;41;0.00;0.00;13.33;83
138989;1658;41;0.00;0.00;13.33;83
138997;1650;41;0.00;0.00;13.33;83
139006;1642;41;0.00;0.00;13.33;83
139017;1634;41;0.00;0.00;13.33;83
139029;1626;41;0.00;0.00;13.33;83
139038;1618;41;0.00;0.00;13.33;83
139045;1610;41;0.00;0.00;13.33;83
139058;1601;41;0.00;0.00;13.73;83
139067;1592;41;0.00;0.00;13.73;83
139079;1584;41;0.00;0.00;13.73;83
139087;1575;41;0.00;0.00;13.73;83
139096;1566;41;0.00;0.00;13.73;83
139105;1557;41;0.00;0.00;13.73;83
139117;1551;41;0.00;0.00;13.73;83
139129;1545;41;0.00;0.00;13.73;83
139136;1539;41;0.00;0.00;13.73;83
139146;1533;41;0.00;0.00;13.73;83
139155;1527;41;0.00;0.00;13.73;83
139165;1520;41;0.00;0.00;13.73;83
139176;1511;41;0.00;0.00;14.12;83
139184;1502;41;0.00;0.00;14.12;83
139196;1493;41;0.00;0.00;14.12;83
139207;1484;41;0.00;0.00;14.12;83
139216;1475;41;0.00;0.00;14.12;83
139225;1466;41;0.00;0.00;14.12;83
139237;1457;41;0.00;0.00;14.51;83
139247;1449;41;0.00;0.00;14.51;83
139256;1440;41;0.00;0.00;14.51;83
139267;1432;41;0.00;0.00;14.51;83
139279;1424;41;0.00;0.00;14.51;83
139295;1415;41;0.00;0.00;14.51;83
139306;1407;41;0.00;0.00;14.51;83
139318;1400;41;0.00;0.00;14.51;83
139327;1392;41;0.00;0.00;14.51;83
139338;1384;41;0.00;0.00;14.51;83
139348;1377;41;0.00;0.00;14.51;83
139356;1369;41;0.00;0.00;14.51;83
139365;1360;41;0.00;0.00;14.51;83
139379;1352;41;0.00;0.00;14.51;83
139386;1343;41;0.00;0.00;14.51;83
139400;1334;41;0.00;0.00;14.51;83
139416;1325;41;0.00;0.00;14.51;83
139425;1317;41;0.00;0.00;14.51;83
139439;1309;41;0.00;0.00;14.51;83
139447;1301;41;0.00;0.00;14.51;83
139459;1292;41;0.00;0.00;14.51;83
139468;1284;41;0.00;0.00;14.51;83
139477;1276;41;0.00;0.00;14.51;83
139486;1268;41;0.00;0.00;14.51;83
139498;1263;41;0.00;0.00;14.51;83
139506;1257;41;0.00;0.00;14.51;83
139517;1251;41;0.00;0.00;14.51;83
139526;1245;41;0.00;0.00;14.51;83
139535;1239;41;0.00;0.00;14.51;83
139546;1234;41;0.00;0.00;14.51;83
139556;1224;41;0.00;0.00;14.90;83
139565;1214;41;0.00;0.00;14.90;83
139576;1205;41;0.00;0.00;14.90;83
139587;1195;41;0.00;0.00;14.90;83
139599;1186;41;0.00;0.00;14.90;83
139617;1176;41;0.00;0.00;14.90;83
139627;1170;41;0.00;0.00;14.90;83
139635;1163;41;0.00;0.00;14.90;83
139646;1157;41;0.00;0.00;14.90;83
139657;1151;41;0.00;0.00;14.90;83
139666;1145;41;0.00;0.00;14.90;83
139675;1138;41;0.00;0.00;14.90;83
139686;1132;41;0.00;0.00;14.90;83
139696;1126;41;0.00;0.00;14.90;83
139705;1120;41;0.00;0.00;14.90;83
139716;1113;41;0.00;0.00;14.90;83
139725;1107;41;0.00;0.00;14.90;83
139737;1101;41;0.00;0.00;14.90;83
139745;1092;41;0.00;0.00;15.29;83
139757;1083;41;0.00;0.00;15.29;83
139766;1075;41;0.00;0.00;15.29;83
139778;1066;41;0.00;0.00;15.29;83
139796;1057;41;0.00;0.00;15.29;83
139806;1048;41;0.00;0.00;15.29;83
139817;1042;41;0.00;0.00;15.29;83
139827;1036;41;0.00;0.00;15.29;83
139836;1029;41;0.00;0.00;15.29;83
139845;1023;41;0.00;0.00;15.29;83
139856;1017;41;0.00;0.00;15.29;83
139865;1010;41;0.00;0.00;15.29;83
139877;1009;41;0.00;0.00;15.29;83
139887;1007;41;0.00;0.00;15.29;83
139897;1006;41;0.00;0.00;15.29;83
139906;1004;41;0.00;0.00;15.29;83
139916;1003;41;0.00;0.00;15.29;83
139926;1002;41;0.00;0.00;15.29;83
139938;1003;41;0.00;0.00;15.69;83
139947;1004;41;0.00;0.00;15.69;83
139956;1005;41;0.00;0.00;15.69;83
139966;1006;41;0.00;0.00;15.69;83
139975;1008;41;0.00;0.00;15.69;83
139985;1009;41;0.00;0.00;15.69;83
139996;1009;41;0.00;0.00;15.69;83
140005;1010;41;0.00;0.00;15.69;83
140016;1010;41;0.00;0.00;15.69;83
140027;1011;41;0.00;0.00;15.69;83
140037;1011;41;0.00;0.00;15.69;83
140045;1012;41;0.00;0.00;15.69;83
140057;1013;41;0.00;0.00;15.29;83
140066;1013;41;0.00;0.00;15.29;83
140076;1014;41;0.00;0.00;15.29;83
140088;1015;41;0.00;0.00;15.29;83
140096;1015;41;0.00;0.00;15.29;83
140107;1016;41;0.00;0.00;15.29;83
140115;1016;41;0.00;0.00;15.29;83
140127;1015;41;0.00;0.00;15.29;83
140136;1015;41;0.00;0.00;15.29;83
140148;1015;41;0.00;0.00;15.29;83
140157;1014;41;0.00;0.00;15.29;83
140167;1014;41;0.00;0.00;15.29;83
140177;1012;41;0.00;0.00;15.29;83
140185;1010;41;0.00;0.00;15.29;83
140196;1009;41;0.00;0.00;15.29;83
140206;1007;41;0.00;0.00;15.29;83
140217;1005;41;0.00;0.00;15.29;83
140226;1003;41;0.00;0.00;15.29;83
140235;1002;41;0.00;0.00;15.69;83
140245;1000;41;0.00;0.00;15.69;83
140255;998;41;0.00;0.00;15.69;83
140267;996;41;0.00;0.00;15.69;83
140277;994;41;0.00;0.00;15.69;83
140287;992;41;0.00;0.00;15.69;83
140296;989;41;0.00;0.00;15.69;83
140306;985;41;0.00;0.00;15.69;83
140318;981;41;0.00;0.00;15.69;83
140326;977;41;0.00;0.00;15.69;83
140338;974;41;0.00;0.00;15.69;83
140346;970;41;0.00;0.00;15.69;83
140357;966;41;0.00;0.00;15.69;83
140368;961;41;0.00;0.00;15.69;83
140377;957;41;0.00;0.00;15.69;83
140385;953;41;0.00;0.00;15.69;83
140396;949;41;0.00;0.00;15.69;83
140406;944;41;0.00;0.00;15.69;83
140417;941;41;0.00;0.00;15.69;83
140426;937;41;0.00;0.00;15.69;83
140436;933;41;0.00;0.00;15.69;83
140447;930;41;0.00;0.00;15.69;83
140458;926;41;0.00;0.00;15.69;83
140468;922;41;0.00;0.00;15.69;83
140477;921;41;0.00;0.00;16.08;83
140486;920;41;0.00;0.00;16.08;83
140497;918;41;0.00;0.00;16.08;83
140505;917;41;0.00;0.00;16.08;83
140517;916;41;0.00;0.00;16.08;83
140525;914;41;0.00;0.00;16.08;83
140536;910;41;0.00;0.00;16.08;83
140547;906;41;0.00;0.00;16.08;83
140557;902;41;0.00;0.00;16.08;83
140567;897;41;0.00;0.00;16.08;83
140580;893;41;0.00;0.00;16.08;83
140597;889;41;0.00;0.00;16.08;83
140606;888;41;0.00;0.00;16.08;83
140615;887;41;0.00;0.00;16.08;83
140627;886;41;0.00;0.00;16.08;83
140637;885;41;0.00;0.00;16.08;83
140647;884;41;0.00;0.00;16.08;83
140656;883;41;0.00;0.00;16.08;83
140667;880;41;0.00;0.00;16.47;83
140677;878;41;0.00;0.00;16.47;83
140687;875;41;0.00;0.00;16.47;83
140697;872;41;0.00;0.00;16.47;83
140706;869;41;0.00;0.00;16.47;83
140717;866;41;0.00;0.00;16.47;83
140726;864;41;0.00;0.00;16.47;83
140737;862;41;0.00;0.00;16.47;83
140747;860;41;0.00;0.00;16.47;83
140757;858;41;0.00;0.00;16.47;83
140767;856;41;0.00;0.00;16.47;83
140776;854;41;0.00;0.00;16.47;83
140786;851;41;0.00;0.00;16.47;83
140796;847;41;0.00;0.00;16.47;83
140805;844;41;0.00;0.00;16.47;83
140818;840;41;0.00;0.00;16.47;83
140828;836;41;0.00;0.00;16.47;83
140836;833;41;0.00;0.00;16.47;83
140847;831;41;0.00;0.00;16.47;83
140855;829;41;0.00;0.00;16.47;83
140867;827;41;0.00;0.00;16.47;83
140879;825;41;0.00;0.00;16.47;83
140887;823;41;0.00;0.00;16.47;83
140898;822;41;0.00;0.00;16.47;83
140906;819;41;0.00;0.00;16.47;83
140918;816;41;0.00;0.00;16.47;83
140928;812;41;0.00;0.00;16.47;83
140936;809;41;0.00;0.00;16.47;83
140947;806;41;0.00;0.00;16.47;83
140958;803;41;0.00;0.00;16.47;83
140967;799;41;0.00;0.00;16.86;83
140978;795;41;0.00;0.00;16.86;83
140995;791;41;0.00;0.00;16.86;83
141007;787;41;0.00;0.00;16.86;83
141016;783;41;0.00;0.00;16.86;83
141028;779;41;0.00;0.00;16.86;83
141037;779;41;0.00;0.00;16.86;83
141046;778;41;0.00;0.00;16.86;83
141057;778;41;0.00;0.00;16.86;83
141067;777;41;0.00;0.00;16.86;83
141077;777;41;0.00;0.00;16.86;83
141089;777;41;0.00;0.00;16.86;83
141098;775;41;0.00;0.00;16.86;83
141107;772;41;0.00;0.00;16.86;83
141117;770;41;0.00;0.00;16.86;83
141126;768;41;0.00;0.00;16.86;83
141135;766;41;0.00;0.00;16.86;83
141147;764;41;0.00;0.00;16.86;83
141157;762;41;0.00;0.00;17.25;83
141167;759;41;0.00;0.00;17.25;83
141177;757;41;0.00;0.00;17.25;83
141186;754;41;0.00;0.00;17.25;83
141197;752;41;0.00;0.00;17.25;83
141205;750;41;0.00;0.00;17.25;83
141218;748;41;0.00;0.00;17.25;83
141225;746;41;0.00;0.00;17.25;83
141238;743;41;0.00;0.00;17.25;83
141247;741;41;0.00;0.00;17.25;83
141257;739;41;0.00;0.00;17.25;83
141267;737;41;0.00;0.00;17.25;83
141277;735;41;0.00;0.00;17.25;83
141288;733;41;0.00;0.00;17.25;83
141298;731;41;0.00;0.00;17.25;83
141307;729;41;0.00;0.00;17.25;83
141318;727;41;0.00;0.00;17.25;83
141327;725;41;0.00;0.00;17.25;83
141336;724;41;0.00;0.00;17.65;83
141347;722;41;0.00;0.00;17.65;83
141356;721;41;0.00;0.00;17.65;83
141366;720;41;0.00;0.00;17.65;83
141377;718;41;0.00;0.00;17.65;83
141388;717;41;0.00;0.00;17.65;83
141396;715;41;0.00;0.00;17.65;83
141407;714;41;0.00;0.00;17.65;83
141417;713;41;0.00;0.00;17.65;83
141426;711;41;0.00;0.00;17.65;83
141437;710;41;-0.78;0.00;17.65;83
141447;709;41;-0.78;-0.78;17.65;83
141457;708;41;-0.78;-0.78;17.65;83
141468;707;41;-0.78;-0.78;17.65;83
141476;706;41;-0.78;-0.78;17.65;83
141487;705;41;-1.56;-0.78;17.65;83
141497;703;41;-1.56;-1.56;17.65;83
141506;702;41;-1.56;-1.56;17.65;83
141517;702;41;-2.34;-1.56;17.65;83
141526;701;41;-2.34;-2.34;17.65;83
141537;700;41;-2.34;-2.34;17.65;83
141547;700;41;-3.13;-2.34;17.65;83
141556;699;41;-3.13;-2.34;17.65;83
141566;698;41;-3.13;-3.13;17.65;83
141577;697;41;-3.91;-3.13;17.65;83
141586;696;41;-3.91;-3.13;17.65;83
141597;696;41;-3.91;-3.13;17.65;83
141608;695;41;-3.91;-3.13;17.65;83
141616;694;41;-4.69;-3.13;17.65;83
141628;693;41;-4.69;-3.91;17.65;83
141637;691;41;-4.69;-3.91;17.65;83
141646;690;41;-4.69;-3.91;17.65;83
141656;688;41;-4.69;-3.91;17.65;83
141668;687;41;-4.69;-3.91;17.65;83
141676;686;41;-5.47;-3.91;17.65;83
141688;684;41;-5.47;-3.91;17.65;83
141698;683;41;-5.47;-3.91;17.65;83
141707;681;41;-5.47;-3.91;17.65;83
141716;680;41;-5.47;-3.91;17.65;83
141727;678;41;-6.25;-3.91;17.65;83
141736;677;41;-6.25;-3.91;17.65;83
141749;675;41;-6.25;-4.69;17.65;83
141757;674;41;-7.03;-4.69;18.04;83
141767;673;41;-7.03;-4.69;18.04;83
141779;673;41;-7.03;-4.69;18.04;83
141787;672;41;-7.03;-4.69;18.04;83
141798;671;41;-7.81;-4.69;18.04;83
141807;670;41;-7.81;-4.69;18.04;83
141817;670;41;-7.81;-4.69;18.04;83
141826;670;41;-7.81;-4.69;18.04;83
141837;670;41;-7.81;-4.69;18.04;83
141848;670;41;-7.81;-4.69;18.04;83
141858;670;41;-8.59;-4.69;18.04;83
141868;669;41;-8.59;-4.69;18.04;83
141876;669;41;-8.59;-4.69;18.43;83
141888;668;41;-8.59;-4.69;18.43;83
141897;668;41;-8.59;-4.69;18.43;83
141908;667;41;-8.59;-4.69;18.43;83
141916;667;41;-8.59;-4.69;18.43;83
141928;666;41;-8.59;-4.69;18.43;83
141937;664;41;-8.59;-4.69;18.82;83
141949;661;41;-8.59;-4.69;18.82;83
141958;659;41;-8.59;-4.69;18.82;83
141966;656;41;-8.59;-4.69;18.82;83
141978;654;41;-9.38;-4.69;18.82;83
141998;651;41;-9.38;-4.69;18.82;83
142007;651;41;-9.38;-4.69;18.82;83
142016;650;41;-9.38;-4.69;18.82;83
142025;650;41;-9.38;-4.69;18.82;83
142037;649;41;-9.38;-4.69;18.82;83
142046;648;41;-9.38;-4.69;18.82;83
142059;648;41;-9.38;-4.69;19.22;83
142065;648;41;-9.38;-4.69;19.22;83
142076;648;41;-9.38;-4.69;19.22;83
142086;648;41;-9.38;-4.69;19.61;83
142097;648;41;-9.38;-4.69;19.61;83
142107;648;41;-9.38;-4.69;19.61;83
142117;649;41;-9.38;-4.69;19.61;83
142129;648;41;-9.38;-4.69;20.00;83
142137;648;41;-9.38;-4.69;20.00;83
142145;648;41;-9.38;-4.69;20.00;83
142159;647;41;-9.38;-4.69;20.00;83
142165;647;41;-9.38;-4.69;20.00;83
142178;646;41;-9.38;-4.69;20.00;83
142186;646;41;-9.38;-4.69;20.00;83
142198;645;41;-9.38;-4.69;20.00;83
142204;645;41;-9.38;-4.69;20.00;83
142216;644;41;-9.38;-4.69;20.00;83
142225;643;41;-8.59;-4.69;20.00;83
142237;643;41;-8.59;-5.47;20.00;83
142246;642;41;-8.59;-5.47;20.39;83
142254;641;41;-8.59;-5.47;20.39;83
142267;641;41;-8.59;-5.47;20.39;83
142277;640;41;-8.59;-5.47;20.39;83
142286;640;41;-8.59;-5.47;20.39;83
142296;639;41;-8.59;-5.47;20.39;83
142305;639;41;-8.59;-5.47;20.39;83
142316;638;41;-8.59;-5.47;20.39;83
142328;638;41;-8.59;-5.47;20.39;83
142336;638;41;-8.59;-5.47;20.39;83
142346;637;41;-8.59;-5.47;20.39;83
142358;637;41;-8.59;-5.47;20.39;83
142366;636;41;-8.59;-5.47;20.78;83
142378;636;41;-8.59;-5.47;20.78;83
142384;635;41;-8.59;-5.47;20.78;83
142396;635;41;-8.59;-5.47;20.78;83
142407;634;41;-7.81;-5.47;20.78;83
142415;634;41;-7.81;-6.25;21.18;83
142426;634;41;-7.81;-6.25;21.18;83
142439;634;41;-7.81;-6.25;21.18;83
142445;634;41;-7.81;-6.25;21.57;83
142456;634;41;-7.81;-6.25;21.57;83
142465;634;41;-7.81;-6.25;21.57;83
142476;634;41;-7.81;-6.25;21.57;83
142486;635;41;-7.81;-6.25;21.57;83
142494;636;41;-7.81;-6.25;21.57;83
142506;637;41;-7.81;-6.25;21.57;83
142516;638;41;-7.81;-6.25;21.57;83
142526;639;41;-7.81;-6.25;21.57;83
142535;640;41;-7.81;-6.25;21.96;83
142546;640;41;-7.81;-6.25;21.96;83
142556;641;41;-7.81;-6.25;21.96;83
142565;642;41;-7.81;-6.25;22.35;83
142578;643;41;-7.81;-6.25;22.35;83
142597;643;41;-7.81;-6.25;22.35;83
142606;644;41;-7.81;-6.25;22.35;83
142615;645;41;-7.81;-6.25;22.35;83
142626;645;41;-7.81;-6.25;22.35;83
142635;646;41;-7.81;-6.25;22.35;83
142645;646;41;-7.81;-6.25;22.35;83
142658;647;41;-7.81;-6.25;22.35;83
142665;648;41;-7.81;-6.25;22.35;83
142678;648;41;-7.81;-6.25;22.75;83
142687;648;41;-7.81;-6.25;22.75;83
142696;648;41;-7.81;-6.25;22.75;83
142706;648;41;-7.81;-6.25;22.75;83
142719;648;41;-7.81;-6.25;22.75;83
142727;648;41;-7.81;-6.25;22.75;83
142735;648;41;-7.81;-6.25;23.14;83
142748;647;41;-7.81;-6.25;23.14;83
142756;646;41;-7.81;-6.25;23.14;83
142765;646;41;-7.81;-6.25;23.14;83
142776;645;41;-7.81;-6.25;23.14;83
142786;644;41;-7.81;-6.25;23.14;83
142795;645;41;-7.81;-6.25;23.14;83
142806;646;41;-7.81;-6.25;23.14;83
142815;646;41;-7.81;-6.25;23.14;83
142827;647;41;-7.81;-6.25;23.14;83
142835;647;41;-7.81;-6.25;23.14;83
142847;648;41;-7.81;-6.25;23.14;83
142857;648;41;-7.81;-6.25;23.14;83
142866;648;41;-7.81;-6.25;23.14;83
142876;648;41;-7.81;-6.25;23.14;83
142885;649;41;-7.81;-6.25;23.14;83
142896;649;41;-7.03;-6.25;23.14;83
142905;649;41;-7.03;-6.25;23.14;83
142916;649;41;-7.03;-6.25;23.14;83
142924;649;41;-7.03;-6.25;23.14;83
142934;649;41;-7.03;-6.25;23.14;83
142947;649;42;-7.03;-6.25;23.14;83
142955;650;42;-7.03;-6.25;23.14;83
142967;650;42;-7.03;-6.25;23.14;83
142978;649;42;-7.03;-6.25;23.14;83
142990;649;42;-7.03;-6.25;23.14;83
142998;649;42;-7.03;-6.25;23.14;83
143005;649;42;-7.03;-6.25;23.14;83
143016;648;42;-7.03;-6.25;23.14;83
143028;648;42;-7.03;-5.47;23.14;83
143035;649;42;-7.03;-5.47;22.75;83
143046;649;42;-7.03;-5.47;22.75;83
143058;649;42;-7.03;-5.47;22.75;83
143066;650;41;-7.03;-5.47;22.75;83
143077;650;41;-6.25;-5.47;22.75;83
143089;651;41;-6.25;-5.47;22.75;83
143097;650;41;-6.25;-5.47;22.75;83
143106;649;41;-6.25;-5.47;22.75;83
143118;648;41;-6.25;-5.47;22.75;83
143124;647;42;-6.25;-5.47;22.75;83
143138;646;42;-6.25;-5.47;22.75;83
143145;645;42;-6.25;-5.47;22.75;83
143156;644;42;-6.25;-5.47;22.75;83
143165;644;42;-6.25;-5.47;22.75;83
143176;643;42;-6.25;-5.47;22.75;83
143185;642;42;-6.25;-5.47;22.75;83
143197;642;42;-5.47;-5.47;22.75;83
143206;641;42;-5.47;-5.47;22.75;83
143214;641;42;-5.47;-5.47;22.75;83
143225;642;42;-5.47;-5.47;22.75;83
143234;642;42;-5.47;-5.47;22.75;83
143246;642;42;-5.47;-5.47;22.75;83
143257;643;42;-5.47;-5.47;22.75;83
143265;643;42;-5.47;-5.47;22.75;83
143277;642;42;-5.47;-5.47;22.75;83
143285;640;42;-5.47;-5.47;22.75;83
143297;639;42;-5.47;-5.47;22.75;83
143307;638;42;-5.47;-5.47;22.75;83
143315;636;42;-5.47;-5.47;22.75;83
143327;635;42;-5.47;-5.47;22.75;83
143339;635;42;-5.47;-5.47;22.75;83
143347;635;42;-5.47;-5.47;22.75;83
143356;635;42;-5.47;-5.47;22.75;83
143366;635;42;-5.47;-5.47;22.75;83
143377;634;42;-4.69;-5.47;22.75;83
143388;634;42;-4.69;-5.47;22.75;83
143395;635;42;-4.69;-5.47;22.75;83
143406;636;42;-4.69;-5.47;22.75;83
143416;637;42;-4.69;-5.47;22.75;83
143425;638;42;-4.69;-5.47;22.75;83
143435;639;42;-4.69;-5.47;22.75;83
143447;639;42;-4.69;-5.47;22.75;83
143456;640;42;-4.69;-5.47;22.75;83
143465;640;42;-4.69;-5.47;22.75;83
143478;640;42;-4.69;-5.47;22.75;83
143486;640;42;-4.69;-5.47;22.75;83
143496;640;42;-4.69;-5.47;22.75;83
143505;640;42;-4.69;-5.47;22.75;83
143516;640;42;-4.69;-5.47;22.75;83
143525;640;42;-4.69;-5.47;22.75;83
143537;640;42;-4.69;-5.47;22.75;83
143545;640;42;-4.69;-5.47;22.75;83
143556;640;42;-4.69;-5.47;22.75;83
143567;639;42;-4.69;-5.47;22.75;83
143577;639;42;-4.69;-5.47;22.75;83
143598;639;42;-4.69;-5.47;22.75;83
143607;639;42;-4.69;-5.47;22.75;83
143615;639;42;-4.69;-5.47;22.75;83
143625;639;42;-4.69;-5.47;22.75;83
143637;639;42;-4.69;-5.47;22.75;83
143646;638;42;-4.69;-5.47;22.75;83
143656;636;42;-4.69;-5.47;22.75;83
143665;635;42;-4.69;-5.47;22.75;83
143679;634;42;-4.69;-5.47;22.75;83
143687;632;42;-3.91;-5.47;22.75;83
143696;631;42;-3.91;-5.47;22.75;83
143707;630;42;-3.91;-5.47;22.75;83
143717;629;42;-3.91;-5.47;22.75;83
143726;629;42;-3.91;-5.47;22.75;83
143737;628;42;-3.91;-5.47;22.75;83
143746;628;42;-3.91;-5.47;22.75;83
143755;627;42;-3.91;-4.69;22.75;83
143767;628;42;-3.91;-4.69;23.14;83
143779;630;42;-3.91;-4.69;23.14;83
143796;631;42;-3.91;-4.69;23.14;83
143807;633;42;-3.91;-4.69;23.14;83
143815;635;42;-3.91;-4.69;23.14;83
143826;636;42;-3.91;-4.69;23.14;83
143836;636;42;-3.91;-4.69;23.14;83
143846;636;42;-3.91;-4.69;23.14;83
143856;636;42;-3.91;-4.69;23.14;83
143866;636;42;-3.91;-4.69;23.14;83
143877;636;42;-3.91;-4.69;23.14;83
143887;636;42;-3.91;-4.69;23.14;83
143895;635;42;-3.91;-4.69;23.14;83
143906;634;42;-3.91;-4.69;23.14;83
143916;633;42;-3.91;-4.69;23.14;83
143927;632;42;-3.91;-4.69;23.14;83
143936;631;42;-3.13;-4.69;23.14;83
143947;629;42;-3.13;-4.69;23.14;83
143956;631;42;-3.13;-4.69;23.14;83
143965;632;42;-3.13;-4.69;23.14;83
143977;633;42;-3.13;-4.69;23.14;83
143987;634;42;-3.13;-4.69;23.14;83
143997;635;42;-3.13;-4.69;23.14;83
144006;636;42;-3.13;-3.91;23.14;83
144018;636;42;-3.13;-3.91;23.14;83
144026;636;42;-3.13;-3.91;23.14;83
144035;636;42;-3.13;-3.91;23.14;83
144045;635;42;-3.13;-3.91;23.14;83
144055;635;42;-3.13;-3.91;23.14;83
144067;635;42;-3.13;-3.91;23.14;83
144078;635;42;-3.13;-3.91;23.14;83
144086;635;42;-3.13;-3.91;23.14;83
144095;635;42;-3.13;-3.91;23.14;83
144106;635;42;-3.13;-3.91;23.14;83
144115;636;42;-3.13;-3.91;23.14;83
144126;636;42;-3.13;-3.91;23.14;83
144136;636;42;-3.13;-3.91;23.14;83
144145;637;42;-3.13;-3.91;23.14;83
144157;638;42;-3.13;-3.91;23.14;83
144166;639;42;-3.13;-3.91;23.14;83
144177;639;42;-3.13;-3.91;23.14;83
144196;640;42;-3.13;-3.91;23.14;83
144206;638;42;-3.13;-3.91;23.14;83
144218;636;42;-3.13;-3.91;23.14;83
144226;634;42;-3.13;-3.91;23.14;83
144235;632;42;-3.13;-3.91;23.14;83
144246;631;42;-2.34;-3.91;23.14;83
144255;629;42;-2.34;-3.91;23.14;83
144266;628;42;-2.34;-3.91;23.14;83
144279;628;42;-2.34;-3.91;23.14;83
144287;628;42;-2.34;-3.91;23.14;83
144296;628;42;-2.34;-3.91;23.14;83
144307;627;42;-2.34;-3.91;23.14;83
144318;627;42;-2.34;-3.91;23.14;83
144326;629;42;-2.34;-3.91;23.14;83
144337;631;42;-2.34;-3.91;23.14;83
144347;632;42;-2.34;-3.91;23.14;83
144356;634;42;-2.34;-3.91;23.14;83
144368;636;42;-2.34;-3.91;23.14;83
144379;637;42;-2.34;-3.13;23.14;83
144397;638;42;-2.34;-3.13;23.14;83
144406;638;42;-2.34;-3.13;23.14;83
144415;638;42;-2.34;-3.13;23.14;83
144426;638;42;-2.34;-3.13;23.14;83
144437;638;42;-2.34;-3.13;23.14;83
144445;639;42;-2.34;-3.13;23.14;83
144458;638;42;-2.34;-3.13;23.14;83
144467;637;42;-2.34;-3.13;23.14;83
144480;637;42;-2.34;-3.13;23.14;83
144495;636;42;-2.34;-3.13;23.14;83
144507;636;42;-2.34;-3.13;23.14;83
144515;635;42;-2.34;-3.13;23.14;83
144525;635;42;-2.34;-3.13;23.14;83
144538;634;42;-2.34;-3.13;23.14;83
144546;634;42;-2.34;-3.13;23.14;83
144557;634;42;-2.34;-3.13;23.14;83
144565;634;42;-2.34;-3.13;23.14;83
144578;634;42;-2.34;-3.13;23.14;83
144598;633;42;-2.34;-3.13;23.14;83
144607;632;42;-2.34;-3.13;23.14;83
144615;632;42;-2.34;-3.13;23.14;83
144626;631;42;-2.34;-3.13;23.14;83
144637;630;42;-2.34;-3.13;23.14;83
144646;630;42;-2.34;-3.13;23.14;83
144656;630;42;-2.34;-3.13;23.14;83
144666;630;42;-2.34;-3.13;23.14;83
144678;630;42;-2.34;-3.13;23.14;83
144685;630;42;-2.34;-3.13;23.14;83
144697;630;42;-1.56;-3.13;23.14;83
144706;630;42;-1.56;-3.13;23.14;83
144716;632;42;-1.56;-3.13;23.14;83
144727;633;42;-1.56;-3.13;23.14;83
144738;635;42;-1.56;-3.13;23.14;83
144747;636;42;-1.56;-3.13;23.14;83
144756;637;42;-1.56;-3.13;23.14;83
144766;639;42;-1.56;-3.13;23.14;83
144777;638;42;-1.56;-3.13;23.14;83
144786;637;42;-1.56;-3.13;23.14;83
144796;636;42;-1.56;-3.13;23.14;83
144805;636;42;-1.56;-3.13;23.14;83
144817;635;42;-1.56;-3.13;23.14;83
144826;634;42;-1.56;-3.13;23.14;83
144835;633;42;-1.56;-3.13;22.75;83
144846;633;42;-1.56;-3.13;22.75;83
144855;632;42;-1.56;-3.13;22.75;83
144866;632;42;-1.56;-3.13;22.75;83
144877;632;42;-1.56;-3.13;22.75;83
144887;631;42;-1.56;-3.13;22.75;83
144896;632;42;-1.56;-3.13;22.75;83
144906;633;42;-1.56;-3.13;22.75;83
144916;634;42;-1.56;-3.13;22.75;83
144926;634;42;-1.56;-3.13;22.75;83
144937;635;42;-1.56;-3.13;22.75;83
144947;636;42;-1.56;-3.13;22.75;83
144957;636;42;-1.56;-3.13;22.75;83
144967;637;42;-1.56;-3.13;22.75;83
144977;637;42;-1.56;-3.13;22.75;83
144987;637;42;-1.56;-3.13;22.75;83
144998;637;42;-1.56;-3.13;22.75;83
145005;638;42;-1.56;-3.13;22.75;83
145015;637;42;-1.56;-3.13;22.75;83
145028;636;42;-1.56;-3.13;22.75;83
145036;635;42;-1.56;-3.13;22.75;83
145046;635;42;-1.56;-3.13;22.75;83
145057;634;42;-1.56;-3.13;22.75;83
145066;633;42;-1.56;-3.13;22.75;83
145078;634;42;-1.56;-3.13;22.75;83
145085;634;42;-1.56;-3.13;22.75;83
145097;635;42;-1.56;-3.13;22.75;83
145105;635;42;-1.56;-3.13;22.75;83
145115;636;42;-1.56;-3.13;22.75;83
145126;636;42;-1.56;-3.13;22.75;83
145135;635;42;-1.56;-3.13;22.75;83
145146;634;42;-1.56;-3.13;22.75;83
145156;634;42;-1.56;-3.13;22.75;83
145165;633;42;-1.56;-3.13;22.75;83
145176;632;42;-1.56;-3.13;22.75;83
145186;631;42;-1.56;-3.13;22.75;83
145195;631;42;-1.56;-3.13;22.75;83
145207;632;42;-1.56;-3.13;22.75;83
145217;632;42;-1.56;-3.13;22.75;83
145226;633;42;-1.56;-3.13;22.75;83
145237;633;42;-1.56;-3.13;22.75;83
145246;634;42;-1.56;-3.13;22.75;83
145258;635;42;-1.56;-3.13;22.75;83
145267;636;42;-1.56;-3.13;22.75;83
145279;637;42;-1.56;-3.13;22.75;83
145298;639;42;-1.56;-3.13;22.75;83
145306;640;42;-1.56;-3.13;22.75;83
145315;641;42;-1.56;-3.13;22.75;83
145327;641;42;-1.56;-3.13;22.75;83
145337;641;42;-1.56;-3.13;22.75;83
145347;641;42;-1.56;-3.13;22.75;83
145356;641;42;-1.56;-3.13;22.75;83
145367;641;42;-1.56;-3.13;22.75;83
145378;641;42;-1.56;-3.13;22.75;83
145386;640;42;-1.56;-3.13;22.75;83
145397;640;42;-1.56;-3.13;22.75;83
145406;639;42;-1.56;-3.13;22.75;83
145416;638;42;-1.56;-3.13;22.75;83
145425;637;42;-1.56;-3.13;22.75;83
145435;636;42;-1.56;-3.91;22.75;83
145448;636;42;-1.56;-3.91;22.75;83
145456;637;42;-1.56;-3.91;22.75;83
145467;637;42;-1.56;-3.91;22.75;83
145476;638;42;-1.56;-3.91;22.75;83
145488;638;42;-1.56;-3.91;22.75;83
145495;639;42;-1.56;-3.91;22.75;83
145508;639;42;-1.56;-3.91;22.75;83
145517;638;42;-1.56;-3.91;22.75;83
145528;638;42;-1.56;-3.91;22.75;83
145537;638;42;-1.56;-3.91;22.75;83
145548;637;42;-1.56;-3.91;22.75;83
145557;637;42;-1.56;-3.91;22.75;83
145567;637;42;-1.56;-3.91;22.75;83
145576;636;42;-1.56;-3.91;22.75;83
145586;636;42;-1.56;-3.91;22.75;83
145598;636;42;-1.56;-3.91;22.75;83
145607;635;42;-1.56;-3.91;22.75;83
145615;635;42;-1.56;-3.91;22.75;83
145627;636;42;-1.56;-3.91;22.75;83
145637;636;42;-1.56;-3.91;22.75;83
145646;637;42;-1.56;-3.91;22.75;83
145657;638;42;-1.56;-3.91;22.75;83
145666;638;42;-1.56;-3.91;22.75;83
145680;639;42;-1.56;-3.91;22.75;83
145698;639;42;-1.56;-3.91;22.75;83
145706;639;42;-1.56;-3.91;22.75;83
145717;639;42;-1.56;-3.91;22.75;83
145727;639;42;-1.56;-3.91;22.75;83
145736;639;42;-1.56;-3.91;22.75;83
145747;639;42;-1.56;-3.91;22.75;83
145757;639;42;-1.56;-3.91;22.75;83
145768;639;42;-1.56;-3.91;22.75;83
145777;639;42;-1.56;-3.91;22.75;83
145786;639;42;-1.56;-3.91;22.75;83
145797;639;42;-2.34;-3.91;22.75;83
145808;639;42;-2.34;-3.91;22.75;83
145816;638;42;-2.34;-3.91;22.75;83
145828;638;42;-2.34;-3.91;22.75;83
145837;637;42;-2.34;-3.91;22.75;83
145846;637;42;-2.34;-3.91;22.75;83
145856;636;42;-2.34;-3.91;22.75;83
145867;636;42;-2.34;-3.91;22.75;83
145877;636;42;-2.34;-3.91;22.75;83
145886;635;42;-2.34;-3.91;22.75;83
145896;635;42;-2.34;-3.91;22.75;83
145908;635;42;-2.34;-3.91;22.75;83
145917;635;42;-2.34;-3.91;22.75;83
145926;635;42;-2.34;-3.91;22.75;83
145938;635;42;-2.34;-3.91;22.75;83
145947;635;42;-2.34;-3.91;22.75;83
145957;635;42;-2.34;-3.91;22.75;83
145966;636;42;-2.34;-3.91;22.75;83
145977;636;42;-2.34;-3.91;22.75;83
145986;636;42;-2.34;-3.91;22.75;83
145996;637;42;-2.34;-3.91;22.75;83
146007;638;42;-2.34;-3.91;22.75;83
146018;638;42;-2.34;-3.91;22.75;83
146027;639;42;-2.34;-3.91;22.75;83
146037;640;42;-3.13;-3.91;22.75;83
146046;641;42;-3.13;-3.91;22.75;83
146059;640;42;-3.13;-3.91;22.35;83
146068;640;42;-3.13;-3.91;22.35;83
146077;640;42;-3.13;-3.91;22.35;83
146086;639;42;-3.13;-3.91;22.35;83
146098;639;42;-3.13;-3.91;22.35;83
146106;638;42;-3.13;-3.91;22.35;83
146116;638;42;-3.13;-3.91;22.35;83
146128;638;42;-3.13;-3.91;22.35;83
146137;638;42;-3.13;-3.91;22.35;83
146146;638;42;-3.13;-3.91;22.35;83
146156;638;42;-3.13;-3.91;22.35;83
146168;638;42;-3.13;-3.91;22.35;83
146176;638;42;-3.13;-3.91;22.35;83
146187;637;42;-3.13;-3.91;22.35;83
146199;637;42;-3.13;-3.91;22.35;83
146208;637;42;-3.13;-3.91;22.35;83
146218;636;42;-3.13;-3.91;22.35;83
146226;636;42;-3.13;-3.91;22.35;83
146237;636;42;-3.13;-3.91;22.35;83
146249;636;42;-3.13;-3.91;22.35;83
146256;636;42;-3.13;-3.91;22.35;83
146267;636;42;-3.13;-3.91;22.35;83
146278;636;42;-3.13;-3.91;22.35;83
146287;636;42;-3.13;-3.91;22.35;83
146298;636;42;-3.13;-3.91;22.35;83
146306;635;42;-3.13;-3.91;22.35;83
146317;635;42;-3.13;-3.91;22.35;83
146328;635;42;-3.13;-3.91;22.35;83
146336;634;42;-3.91;-3.91;22.35;83
146346;634;42;-3.91;-3.91;22.35;83
146357;634;42;-3.91;-3.91;22.35;83
146366;633;42;-3.91;-3.91;22.35;83
146378;633;42;-3.91;-3.91;22.35;83
146386;633;42;-3.91;-3.91;22.35;83
146398;632;42;-3.91;-3.91;22.35;83
146407;632;42;-3.91;-3.91;22.35;83
146416;633;42;-3.91;-3.91;22.35;83
146426;634;42;-3.91;-3.91;22.35;83
146436;635;42;-3.91;-3.91;22.35;83
146448;636;42;-3.91;-3.91;22.35;83
146457;637;42;-3.91;-3.91;22.35;83
146467;638;42;-3.91;-3.91;22.35;83
146478;638;42;-3.91;-3.91;22.35;83
146488;638;42;-3.91;-3.91;22.35;83
146498;637;42;-3.91;-3.91;22.35;83
146506;637;42;-3.91;-3.91;22.35;83
146517;637;42;-3.91;-3.91;22.35;83
146528;636;42;-3.91;-3.91;22.35;83
146537;636;42;-3.91;-3.91;22.35;83
146546;635;42;-3.91;-3.91;22.35;83
146558;634;42;-3.91;-3.91;22.35;83
146567;634;42;-3.91;-3.91;22.35;83
146576;633;42;-3.91;-3.91;22.35;83
146585;633;42;-3.91;-3.91;22.35;83
146598;633;42;-3.91;-3.91;22.35;83
146607;633;42;-3.91;-3.91;22.35;83
146616;633;42;-3.91;-3.91;22.35;83
146627;634;42;-3.91;-3.91;22.35;83
146636;634;42;-3.91;-3.91;22.35;83
146646;634;42;-3.91;-3.91;22.35;83
146658;633;42;-3.91;-3.91;22.35;83
146666;632;42;-3.91;-3.91;22.35;83
146677;631;42;-3.91;-3.91;22.35;83
146688;630;42;-3.91;-3.91;22.35;83
146694;629;42;-3.91;-3.91;22.35;83
146707;628;42;-3.91;-3.91;22.35;83
146715;628;42;-3.91;-3.91;22.35;83
146727;628;42;-3.91;-3.91;22.35;83
146739;628;42;-3.91;-3.91;22.35;83
146755;628;42;-3.91;-3.91;22.35;83
146767;627;42;-4.69;-3.91;22.35;83
146777;627;42;-4.69;-3.91;22.35;83
146786;629;42;-4.69;-3.91;22.35;83
146795;630;42;-4.69;-3.91;22.35;83
146804;632;42;-4.69;-3.91;22.35;83
146818;633;42;-4.69;-3.91;22.35;83
146827;634;42;-4.69;-3.91;22.35;83
146836;636;42;-4.69;-3.91;22.35;83
146847;636;42;-4.69;-3.91;22.75;83
146856;636;42;-4.69;-3.91;22.75;83
146865;636;42;-4.69;-3.91;22.75;83
146878;636;42;-4.69;-3.91;22.75;83
146884;637;42;-4.69;-3.91;22.75;83
146896;637;42;-4.69;-3.91;22.75;83
146906;636;42;-4.69;-3.91;22.75;83
146917;636;42;-4.69;-3.91;22.75;83
146926;635;42;-4.69;-3.91;22.75;83
146936;635;42;-4.69;-3.91;22.75;83
146945;634;42;-4.69;-3.91;22.75;83
146956;634;42;-4.69;-3.91;22.75;83
146965;635;42;-4.69;-3.91;22.75;83
146977;636;42;-4.69;-3.91;22.75;83
146988;636;42;-4.69;-3.91;22.75;83
146994;637;42;-4.69;-3.91;22.75;83
147007;638;42;-4.69;-3.91;22.75;83
147015;639;42;-4.69;-3.91;22.75;83
147025;637;42;-4.69;-3.91;22.35;83
147036;635;42;-4.69;-3.91;22.35;83
147046;634;42;-4.69;-3.91;22.35;83
147054;632;42;-4.69;-3.91;22.35;83
147069;630;42;-4.69;-3.91;22.35;83
147077;628;42;-4.69;-3.91;22.35;83
147087;627;42;-4.69;-3.91;22.35;83
147096;627;42;-4.69;-3.91;22.35;83
147106;626;42;-4.69;-3.91;22.35;83
147118;625;42;-4.69;-3.91;22.35;83
147125;625;42;-5.47;-3.91;22.35;83
147136;624;42;-5.47;-3.91;22.35;83
147148;626;42;-5.47;-3.91;22.75;83
147154;627;42;-5.47;-3.91;22.75;83
147166;628;42;-5.47;-3.91;22.75;83
147178;630;42;-5.47;-3.91;22.75;83
147198;631;42;-5.47;-3.91;22.75;83
147205;633;42;-5.47;-3.91;22.75;83
147217;633;42;-5.47;-3.91;22.75;83
147228;633;42;-5.47;-3.91;22.75;83
147237;633;42;-5.47;-3.91;22.75;83
147245;633;42;-5.47;-3.91;22.75;83
147256;633;42;-5.47;-3.91;22.75;83
147265;633;42;-5.47;-3.91;22.75;83
147278;633;42;-5.47;-3.91;22.75;83
147289;633;42;-5.47;-3.91;22.75;83
147295;633;42;-5.47;-3.91;22.75;83
147308;633;42;-5.47;-3.91;22.75;83
147317;632;42;-5.47;-3.91;22.75;83
147326;632;42;-5.47;-3.91;22.75;83
147338;632;42;-5.47;-3.91;22.75;83
147344;632;42;-5.47;-3.91;22.75;83
147356;633;42;-5.47;-3.91;22.75;83
147367;633;42;-5.47;-3.91;22.75;83
147378;633;42;-5.47;-3.91;22.75;83
147386;633;42;-5.47;-4.69;22.75;83
147395;632;42;-5.47;-4.69;22.75;83
147406;631;42;-5.47;-4.69;22.75;83
147415;631;42;-5.47;-4.69;22.75;83
147426;630;42;-5.47;-4.69;22.75;83
147436;630;42;-5.47;-4.69;22.75;83
147445;629;42;-5.47;-4.69;22.75;83
147456;629;42;-5.47;-4.69;22.75;83
147464;629;42;-5.47;-4.69;22.75;83
147479;629;42;-5.47;-4.69;22.75;83
147497;629;42;-5.47;-4.69;22.75;83
147505;629;42;-5.47;-4.69;22.75;83
147514;629;42;-5.47;-4.69;22.75;83
147525;629;42;-5.47;-4.69;22.75;83
147536;630;42;-5.47;-4.69;22.75;83
147545;631;42;-5.47;-4.69;22.75;83
147556;631;42;-5.47;-4.69;22.75;83
147565;632;42;-5.47;-4.69;22.75;83
147579;632;42;-5.47;-4.69;22.75;83
147598;632;42;-5.47;-4.69;22.75;83
147608;631;42;-5.47;-4.69;22.75;83
147618;631;42;-5.47;-4.69;22.75;83
147626;630;42;-5.47;-4.69;22.75;83
147636;630;42;-5.47;-4.69;22.75;83
147646;629;42;-5.47;-4.69;22.75;83
147657;628;42;-5.47;-4.69;22.75;83
147665;626;42;-5.47;-4.69;22.75;83
147678;624;42;-5.47;-4.69;22.75;83
147686;623;42;-5.47;-4.69;22.75;83
147696;621;42;-4.69;-4.69;22.75;83
147705;620;42;-4.69;-4.69;22.75;83
147716;621;42;-4.69;-4.69;22.75;83
147725;621;42;-4.69;-4.69;22.75;83
147736;622;42;-4.69;-4.69;22.75;83
147747;623;42;-4.69;-4.69;22.75;83
147756;624;42;-4.69;-4.69;22.75;83
147765;625;42;-4.69;-4.69;22.75;83
147778;625;42;-4.69;-4.69;22.75;83
147787;625;42;-4.69;-4.69;22.75;83
147796;626;42;-4.69;-4.69;22.75;83
147807;626;42;-4.69;-4.69;22.75;83
147816;626;42;-4.69;-4.69;22.75;83
147824;626;42;-4.69;-4.69;22.75;83
147835;626;42;-4.69;-4.69;22.75;83
147847;626;42;-4.69;-4.69;22.75;83
147855;626;42;-4.69;-4.69;22.75;83
147865;626;42;-4.69;-4.69;22.75;83
147878;626;42;-4.69;-4.69;22.75;83
147887;626;42;-4.69;-4.69;22.75;83
147895;626;42;-4.69;-4.69;22.75;83
147905;625;42;-4.69;-4.69;22.75;83
147916;625;42;-4.69;-4.69;22.75;83
147925;625;42;-4.69;-4.69;22.75;83
147936;625;42;-4.69;-4.69;22.75;83
147947;625;42;-4.69;-4.69;22.75;83
147956;625;42;-4.69;-4.69;22.75;83
147966;626;42;-4.69;-4.69;22.75;83
147978;627;42;-4.69;-4.69;22.75;83
147994;627;42;-4.69;-4.69;22.75;83
148007;628;42;-4.69;-4.69;22.75;83
148016;629;42;-4.69;-4.69;22.75;83
148025;629;42;-4.69;-4.69;22.75;83
148037;629;42;-4.69;-4.69;22.75;83
148045;629;42;-4.69;-4.69;22.75;83
148056;629;42;-4.69;-4.69;22.75;83
148066;630;42;-4.69;-4.69;22.75;83
148079;630;42;-4.69;-5.47;22.75;83
148097;630;42;-4.69;-5.47;22.75;83
148106;629;42;-4.69;-5.47;22.75;83
148116;629;42;-4.69;-5.47;22.75;83
148126;628;42;-4.69;-5.47;22.75;83
148136;628;42;-4.69;-5.47;22.75;83
148147;628;42;-4.69;-5.47;22.75;83
148156;628;42;-4.69;-5.47;22.75;83
148167;628;42;-4.69;-5.47;22.75;83
148176;629;42;-4.69;-5.47;22.75;83
148185;629;42;-4.69;-5.47;22.75;83
148196;630;42;-4.69;-5.47;22.75;83
148205;630;42;-4.69;-5.47;22.75;83
148216;630;42;-4.69;-5.47;22.75;83
148227;630;42;-4.69;-5.47;22.75;83
148236;631;42;-4.69;-5.47;22.75;83
148245;631;42;-4.69;-5.47;22.75;83
148256;631;42;-4.69;-5.47;22.75;83
148265;631;42;-4.69;-5.47;22.75;83
148277;632;42;-4.69;-5.47;22.75;83
148285;632;42;-4.69;-5.47;22.75;83
148296;632;42;-4.69;-5.47;22.75;83
148306;632;42;-4.69;-5.47;22.75;83
148315;632;42;-4.69;-5.47;22.75;83
148328;632;42;-4.69;-5.47;22.75;83
148336;631;42;-4.69;-5.47;22.75;83
148345;630;42;-4.69;-5.47;22.75;83
148355;630;42;-4.69;-5.47;22.75;83
148366;629;42;-4.69;-5.47;22.75;83
148377;628;42;-4.69;-5.47;22.75;83
148387;627;42;-4.69;-5.47;22.75;83
148395;625;42;-4.69;-5.47;22.75;83
148408;624;42;-4.69;-5.47;22.75;83
148417;622;42;-4.69;-5.47;22.75;83
148426;621;42;-4.69;-5.47;22.75;83
148437;620;42;-3.91;-5.47;22.75;83
148447;618;42;-3.91;-5.47;22.75;83
148458;619;42;-3.91;-5.47;23.14;83
148466;620;42;-3.91;-5.47;23.14;83
148477;621;42;-3.91;-5.47;23.14;83
148486;622;42;-3.91;-5.47;23.14;83
148498;623;42;-3.91;-5.47;23.14;83
148506;624;42;-3.91;-5.47;23.14;83
148517;624;42;-3.91;-5.47;23.14;83
148527;625;42;-3.91;-5.47;23.14;83
148536;626;42;-3.91;-5.47;23.14;83
148547;626;42;-3.91;-5.47;23.14;83
148556;627;42;-3.91;-5.47;23.14;83
148567;627;42;-3.91;-5.47;23.14;83
148575;628;42;-3.91;-5.47;23.14;83
148587;629;42;-3.91;-5.47;23.14;83
148595;630;42;-3.91;-5.47;23.14;83
148607;631;42;-3.91;-5.47;23.14;83
148616;632;42;-3.13;-5.47;23.14;83
148626;633;42;-3.13;-5.47;23.14;83
148636;633;42;-3.13;-5.47;23.14;83
148645;632;42;-3.13;-5.47;23.14;83
148657;631;42;-3.13;-5.47;23.14;83
148665;630;42;-3.13;-5.47;23.14;83
148677;629;42;-3.13;-5.47;23.14;83
148686;629;42;-3.13;-5.47;23.14;83
148698;629;42;-3.13;-5.47;23.14;83
148707;629;42;-3.13;-5.47;23.14;83
148715;629;42;-3.13;-5.47;23.14;83
148727;629;42;-3.13;-5.47;23.14;83
148736;629;42;-3.13;-5.47;23.14;83
148747;629;42;-3.13;-5.47;23.14;83
148755;629;42;-3.13;-5.47;22.75;83
148766;628;42;-3.13;-5.47;22.75;83
148777;627;42;-3.13;-5.47;22.75;83
148786;626;42;-3.13;-5.47;22.75;83
148798;625;42;-3.13;-5.47;22.75;83
148807;625;42;-3.13;-5.47;22.75;83
148816;624;42;-3.13;-5.47;22.75;83
148828;623;42;-3.13;-5.47;22.75;83
148836;622;42;-3.13;-5.47;22.75;83
148848;621;42;-3.13;-5.47;22.75;83
148857;620;42;-3.13;-5.47;22.75;83
148866;619;42;-3.13;-5.47;22.75;83
148876;620;42;-3.13;-5.47;22.75;83
148886;620;42;-3.13;-5.47;22.75;83
148895;621;42;-3.13;-5.47;22.75;83
148906;622;42;-3.13;-5.47;22.75;83
148917;622;42;-3.13;-5.47;22.75;83
148926;623;42;-3.13;-5.47;22.75;83
148936;623;42;-3.13;-5.47;23.14;83
148946;624;42;-3.13;-5.47;23.14;83
148955;624;42;-3.13;-5.47;23.14;83
148967;624;42;-3.13;-5.47;23.14;83
148977;625;42;-3.13;-5.47;23.14;83
148987;625;42;-3.13;-5.47;23.14;83
148996;625;42;-3.13;-5.47;23.14;83
149007;625;42;-3.13;-5.47;23.14;83
149017;625;42;-3.13;-5.47;23.14;83
149026;625;42;-3.13;-5.47;23.14;83
149037;625;42;-3.13;-5.47;23.14;83
149046;625;42;-3.13;-5.47;23.14;83
149058;626;42;-3.13;-5.47;23.14;83
149066;626;42;-3.13;-5.47;23.14;83
149077;626;42;-3.13;-5.47;23.14;83
149085;627;42;-3.13;-5.47;23.14;83
149096;627;42;-3.13;-5.47;23.14;83
149107;627;42;-3.13;-4.69;23.14;83
149116;627;42;-3.13;-4.69;23.14;83
149127;627;42;-3.13;-4.69;23.14;83
149137;626;42;-3.13;-4.69;23.14;83
149147;626;42;-3.13;-4.69;23.14;83
149155;626;42;-3.13;-4.69;23.14;83
149167;625;42;-3.13;-4.69;23.14;83
149177;625;42;-3.13;-4.69;23.14;83
149186;625;42;-3.13;-4.69;23.14;83
149196;625;42;-3.13;-4.69;23.14;83
149206;625;42;-3.13;-4.69;23.14;83
149215;625;42;-3.13;-4.69;23.14;83
149226;624;42;-3.13;-4.69;23.14;83
149235;625;42;-3.13;-4.69;23.14;83
149247;626;42;-3.13;-4.69;23.14;83
149256;626;42;-3.13;-4.69;23.14;83
149266;627;42;-3.13;-4.69;23.14;83
149278;628;42;-3.13;-4.69;23.14;83
149287;628;42;-3.13;-4.69;23.14;83
149297;628;42;-3.13;-4.69;23.14;83
149307;628;42;-3.13;-4.69;23.14;83
149316;628;42;-3.13;-4.69;23.14;83
149326;628;42;-3.13;-4.69;23.14;83
149336;627;42;-3.13;-4.69;23.14;83
149345;627;42;-3.13;-4.69;23.14;83
149357;628;42;-3.13;-4.69;23.14;83
149367;628;42;-3.13;-4.69;23.14;83
149376;629;42;-3.13;-4.69;23.14;83
149386;629;42;-3.13;-4.69;23.14;83
149396;629;42;-3.13;-4.69;23.14;83
149406;630;42;-3.13;-4.69;23.14;83
149416;630;42;-3.13;-4.69;23.14;83
149426;631;42;-3.13;-4.69;23.14;83
149438;631;42;-3.13;-4.69;23.14;83
149446;631;42;-3.13;-4.69;23.14;83
149458;632;42;-3.13;-4.69;23.14;83
149468;632;42;-3.13;-4.69;23.14;83
149475;631;42;-3.13;-4.69;23.14;83
149487;630;42;-3.13;-4.69;23.14;83
149498;629;42;-3.13;-4.69;23.14;83
149507;628;42;-3.13;-4.69;23.14;83
149517;627;42;-3.91;-4.69;23.14;83
149525;626;42;-3.91;-3.91;23.14;83
149539;625;42;-3.91;-3.91;22.75;83
149547;623;42;-3.91;-3.91;22.75;83
149557;622;42;-3.91;-3.91;22.75;83
149567;621;42;-3.91;-3.91;22.75;83
149578;620;42;-3.91;-3.91;22.75;83
149596;619;42;-3.91;-3.91;22.75;83
149608;620;42;-3.91;-3.91;22.75;83
149617;620;42;-3.91;-3.91;22.75;83
149627;621;42;-3.91;-3.91;22.75;83
149638;621;42;-3.91;-3.91;22.75;83
149647;622;42;-3.91;-3.91;22.75;83
149656;623;42;-3.91;-3.91;22.75;83
149667;623;42;-3.91;-3.91;23.14;83
149675;624;42;-3.91;-3.91;23.14;83
149685;625;42;-3.91;-3.91;23.14;83
149697;625;42;-3.91;-3.91;23.14;83
149706;626;42;-3.91;-3.91;23.14;83
149717;626;42;-3.91;-3.91;23.14;83
149726;627;42;-3.91;-3.91;22.75;83
149737;627;42;-3.91;-3.91;22.75;83
149746;627;42;-3.91;-3.91;22.75;83
149756;627;42;-3.91;-3.91;22.75;83
149767;627;42;-3.91;-3.91;22.75;83
149776;627;42;-3.91;-3.13;22.75;83
149787;626;42;-3.91;-3.13;22.75;83
149797;625;42;-3.91;-3.13;22.75;83
149807;623;42;-3.91;-3.13;22.75;83
149817;622;42;-3.91;-3.13;22.75;83
149828;621;42;-3.91;-3.13;22.75;83
149837;620;42;-3.91;-3.13;22.75;83
149846;620;42;-3.91;-3.13;23.14;83
149858;619;42;-3.91;-3.13;23.14;83
149868;619;42;-3.91;-3.13;23.14;83
149877;619;42;-3.91;-3.13;23.14;83
149886;619;42;-3.91;-3.13;23.14;83
149896;619;42;-3.91;-3.13;23.14;83
149908;619;42;-3.91;-3.13;23.14;83
149917;619;42;-3.91;-3.13;23.14;83
149926;619;42;-3.91;-3.13;23.14;83
149936;619;42;-3.91;-3.13;23.14;83
149947;619;42;-3.91;-3.13;23.14;83
149956;619;42;-3.91;-3.13;23.14;83
149967;619;42;-3.91;-3.13;23.14;83
149975;619;42;-3.91;-3.13;23.14;83
149988;620;42;-3.91;-3.13;23.14;83
149998;620;42;-3.91;-3.13;23.14;83
150007;620;42;-3.91;-3.13;23.14;83
150016;620;42;-3.91;-3.13;23.14;83
150027;621;42;-3.91;-3.13;23.14;83
150036;623;42;-3.91;-3.13;23.14;83
150046;624;42;-3.91;-3.13;23.14;83
150057;626;42;-3.91;-3.13;23.14;83
150068;627;42;-3.91;-3.13;23.14;83
150078;629;42;-3.91;-3.13;23.14;83
150097;628;42;-3.91;-3.13;23.14;83
150106;628;42;-3.91;-3.13;23.14;83
150117;628;42;-3.91;-3.13;23.14;83
150126;627;42;-3.91;-3.13;23.14;83
150138;627;42;-3.91;-3.13;23.14;83
150147;626;42;-3.91;-3.13;23.14;83
150156;626;42;-3.91;-3.13;23.14;83
150164;626;42;-3.91;-3.13;23.14;83
150178;626;42;-3.91;-3.13;23.14;83
150198;625;42;-3.91;-3.13;23.14;83
150204;625;42;-3.91;-3.13;23.14;83
150214;625;42;-3.91;-3.13;23.14;83
150226;626;42;-3.91;-3.13;23.14;83
150238;627;42;-3.91;-3.13;23.14;83
150247;628;42;-3.91;-3.13;23.14;83
150254;630;42;-3.91;-3.13;23.14;83
150266;631;42;-3.91;-3.13;23.14;83
150277;632;42;-3.91;-3.13;23.14;83
150285;630;42;-3.91;-3.13;23.14;83
150294;629;42;-3.91;-3.13;23.14;83
150308;627;42;-3.91;-3.13;23.14;83
150316;626;42;-3.91;-3.13;23.14;83
150324;624;42;-3.91;-3.13;23.14;83
150335;623;42;-3.91;-3.91;23.14;83
150346;622;42;-3.91;-3.91;23.14;83
150356;622;42;-3.91;-3.91;23.14;83
150365;621;42;-3.91;-3.91;23.14;83
150376;621;42;-3.91;-3.91;23.14;83
150387;620;42;-3.91;-3.91;23.14;83
150395;620;42;-3.91;-3.91;23.14;83
150405;620;42;-3.91;-3.91;23.14;83
150414;621;42;-3.91;-3.91;23.14;83
150426;621;42;-3.91;-3.91;23.14;83
150437;621;42;-3.91;-3.91;23.14;83
150446;622;42;-3.91;-3.91;23.14;83
150455;622;42;-3.91;-3.91;23.14;83
150466;623;42;-3.91;-3.91;23.14;83
150477;623;42;-3.91;-3.91;23.14;83
150486;623;42;-3.91;-3.91;23.14;83
150496;624;42;-3.91;-3.91;23.14;83
150505;624;42;-3.91;-3.91;23.14;83
150518;624;42;-3.91;-3.91;23.14;83
150524;624;42;-3.91;-3.91;23.14;83
150536;623;42;-3.91;-3.91;23.14;83
150545;622;42;-3.91;-3.91;23.14;83
150556;622;42;-3.91;-3.91;23.14;83
150565;621;42;-3.91;-3.91;23.14;83
150578;620;42;-3.91;-3.91;23.14;83
150598;621;42;-3.91;-3.91;23.14;83
150605;622;42;-3.91;-3.91;23.14;83
150614;623;42;-3.91;-3.91;23.14;83
150625;623;42;-3.91;-3.91;23.14;83
150636;624;42;-3.91;-3.91;23.14;83
150645;625;42;-3.91;-3.91;23.14;83
150654;624;42;-3.91;-3.91;23.14;83
150664;624;42;-3.91;-3.91;23.14;83
150677;623;42;-3.91;-3.91;23.14;83
150685;623;42;-3.91;-3.91;23.14;83
150696;622;42;-3.91;-3.91;23.14;83
150706;622;42;-3.91;-3.91;23.14;83
150714;622;42;-3.91;-3.91;23.14;83
150725;622;42;-3.91;-3.91;23.14;83
150737;622;42;-3.91;-3.91;23.14;83
150745;622;42;-3.91;-3.91;23.14;83
150757;623;42;-3.13;-3.91;23.14;83
150766;623;42;-3.13;-3.91;23.14;83
150777;623;42;-3.13;-3.91;23.14;83
150785;624;42;-3.13;-3.91;23.14;83
150797;625;42;-3.13;-3.91;23.14;83
150806;626;42;-3.13;-3.91;23.14;83
150815;626;42;-3.13;-3.91;23.14;83
150826;627;42;-3.13;-3.91;23.14;83
150836;627;42;-3.13;-3.91;23.14;83
150844;627;42;-3.13;-3.91;23.14;83
150855;627;42;-3.13;-3.91;23.14;83
150866;627;42;-3.13;-3.91;23.14;83
150876;628;42;-3.13;-3.91;23.14;83
150885;628;42;-3.13;-3.91;23.14;83
150897;627;42;-3.13;-3.91;23.14;83
150905;625;42;-3.13;-3.91;23.14;83
150917;624;42;-3.13;-3.91;23.14;83
150925;623;42;-3.13;-3.91;23.14;83
150936;622;42;-3.13;-3.91;23.14;83
150945;621;42;-3.13;-3.91;23.14;83
150956;621;42;-3.13;-3.91;23.14;83
150965;622;42;-3.13;-3.91;23.14;83
150976;622;42;-3.13;-3.91;23.14;83
150985;623;42;-3.13;-3.91;23.14;83
150994;623;42;-3.13;-3.91;23.14;83
151005;624;42;-3.13;-3.91;23.14;83
151016;624;42;-3.13;-3.91;23.14;83
151024;623;42;-3.13;-3.91;23.14;83
151037;623;42;-3.13;-3.91;23.14;83
151045;623;42;-3.13;-3.91;23.14;83
151056;623;42;-3.13;-3.91;23.14;83
151065;622;42;-3.13;-3.91;23.14;83
151076;622;42;-3.13;-3.91;23.14;83
151087;621;42;-3.13;-3.91;23.14;83
151096;620;42;-3.13;-3.91;23.14;83
151106;620;42;-3.13;-3.91;23.14;83
151114;619;42;-3.13;-3.91;23.14;83
151126;618;42;-3.13;-3.91;23.14;83
151134;619;42;-3.13;-3.91;23.14;83
151145;619;42;-3.13;-3.91;23.14;83
151155;620;42;-3.13;-3.91;23.14;83
151166;620;42;-3.13;-3.91;23.14;83
151177;620;42;-3.13;-3.91;23.14;83
151186;621;42;-3.13;-3.91;23.14;83
151196;622;42;-3.13;-3.91;23.14;83
151206;623;42;-3.13;-3.91;23.14;83
151216;625;42;-3.13;-3.91;23.14;83
151226;626;42;-3.13;-3.91;23.14;83
151238;627;42;-3.13;-3.91;23.14;83
151246;628;42;-3.13;-3.91;23.14;83
151255;628;42;-3.13;-3.91;23.14;83
151267;628;42;-3.13;-3.91;23.14;83
151276;628;42;-3.13;-3.91;23.14;83
151285;628;42;-3.13;-3.91;23.14;83
151296;627;42;-3.13;-3.91;23.14;83
151305;627;42;-3.13;-3.91;23.14;83
151314;627;42;-3.13;-3.91;23.14;83
151327;626;42;-3.13;-3.91;23.14;83
151336;625;42;-3.13;-3.91;23.14;83
151346;625;42;-3.13;-3.91;23.14;83
151354;624;42;-3.13;-3.91;23.14;83
151366;623;42;-3.13;-3.91;23.14;83
151377;623;42;-3.13;-3.91;23.14;83
151386;623;42;-3.13;-3.91;23.14;83
151398;623;42;-3.13;-3.91;23.14;83
151405;623;42;-3.13;-3.91;23.14;83
151415;623;42;-3.13;-3.91;23.14;83
151425;623;42;-3.13;-4.69;23.14;83
151436;623;42;-3.13;-4.69;23.14;83
151445;623;42;-3.13;-4.69;23.14;83
151456;622;42;-3.13;-4.69;23.14;83
151466;622;42;-3.13;-4.69;23.14;83
151475;622;42;-3.13;-4.69;23.14;83
151487;622;42;-3.13;-3.91;23.14;83
151494;623;42;-3.13;-3.91;23.14;83
151507;623;42;-3.13;-3.91;23.14;83
151516;624;42;-3.13;-3.91;23.14;83
151525;624;42;-3.13;-3.91;23.14;83
151534;624;42;-2.34;-3.91;23.14;83
151546;625;42;-2.34;-3.91;23.14;83
151557;625;42;-2.34;-3.91;23.14;83
151567;626;42;-2.34;-3.91;23.14;83
151577;626;42;-2.34;-3.91;23.14;83
151585;627;42;-2.34;-3.91;23.14;83
151598;627;42;-2.34;-3.91;23.14;83
151606;628;42;-2.34;-3.91;23.14;83
151617;628;42;-2.34;-3.91;23.14;83
151626;628;42;-2.34;-3.91;23.14;83
151636;629;42;-2.34;-3.91;23.14;83
151647;629;42;-2.34;-3.91;23.14;83
151656;629;42;-2.34;-3.91;23.14;83
151666;629;42;-2.34;-3.91;23.14;83
151678;629;42;-2.34;-3.91;23.14;83
151696;628;42;-2.34;-3.91;23.14;83
151707;627;42;-2.34;-3.91;23.14;83
151718;626;42;-2.34;-3.91;23.14;83
151726;625;42;-2.34;-3.91;23.14;83
151736;625;42;-2.34;-3.91;23.14;83
151746;625;42;-2.34;-3.91;23.14;83
151756;625;42;-2.34;-3.91;23.14;83
151766;625;42;-2.34;-3.91;23.14;83
151776;626;42;-2.34;-3.91;23.14;83
151786;626;42;-2.34;-3.91;23.14;83
151795;626;42;-2.34;-3.91;23.14;83
151806;627;42;-2.34;-3.91;23.14;83
151814;627;42;-2.34;-3.91;23.14;83
151827;627;42;-2.34;-3.91;23.14;83
151836;627;42;-2.34;-3.91;23.14;83
151846;628;42;-2.34;-3.91;23.14;83
151856;628;42;-2.34;-3.91;23.14;83
151866;628;42;-2.34;-3.91;23.14;83
151876;628;42;-2.34;-3.91;23.14;83
151886;628;42;-2.34;-3.91;23.14;83
151898;629;42;-2.34;-3.91;23.14;83
151906;629;42;-2.34;-3.91;23.14;83
151916;629;42;-2.34;-3.91;23.14;83
151926;629;42;-2.34;-3.91;22.75;83
151936;628;42;-2.34;-3.91;22.75;83
151945;628;42;-2.34;-3.91;22.75;83
151956;627;42;-2.34;-3.91;22.75;83
151965;627;42;-3.13;-3.91;22.75;83
151974;627;42;-3.13;-3.13;22.75;83
151986;627;42;-3.13;-3.13;22.75;83
151996;628;42;-3.13;-3.13;22.75;83
152005;629;42;-3.13;-3.13;22.75;83
152016;629;42;-3.13;-3.13;22.75;83
152025;630;42;-3.13;-3.13;22.75;83
152036;630;42;-3.13;-3.13;22.75;83
152046;630;42;-3.13;-3.13;22.75;83
152056;629;42;-3.13;-3.13;22.75;83
152065;628;42;-3.13;-3.13;22.75;83
152077;628;42;-3.13;-3.13;22.75;83
152085;627;42;-3.13;-3.13;22.75;83
152095;626;42;-3.13;-3.13;22.75;83
152105;627;42;-3.13;-3.13;22.75;83
152115;627;42;-3.13;-3.13;22.75;83
152126;628;42;-3.13;-3.13;22.75;83
152137;628;42;-3.13;-3.13;22.75;83
152145;629;42;-3.13;-3.13;22.75;83
152155;629;42;-3.13;-3.13;22.75;83
152167;629;42;-3.13;-3.13;22.75;83
152175;628;42;-3.13;-3.13;22.75;83
152185;628;42;-3.13;-3.13;22.75;83
152196;628;42;-3.13;-3.13;22.75;83
152206;627;42;-3.13;-3.13;22.75;83
152216;627;42;-3.13;-3.13;22.75;83
152226;627;42;-3.13;-3.13;22.75;83
152235;627;42;-3.13;-3.13;22.75;83
152246;627;42;-3.13;-3.13;22.75;83
152255;627;42;-3.13;-3.13;22.75;83
152267;627;42;-3.13;-3.13;22.75;83
152275;627;42;-3.13;-3.13;22.75;83
152285;627;42;-3.13;-3.13;22.75;83
152297;626;42;-3.13;-3.13;22.75;83
152307;626;42;-3.13;-3.13;22.75;83
152318;626;42;-3.13;-3.13;22.75;83
152326;626;42;-3.13;-3.13;22.75;83
152337;625;42;-3.13;-3.91;22.75;83
152345;626;42;-3.13;-3.91;22.75;83
152355;626;42;-3.13;-3.91;22.75;83
152365;627;42;-3.13;-3.91;22.75;83
152377;627;42;-3.13;-3.91;22.75;83
152387;628;42;-3.13;-3.91;22.75;83
152397;628;42;-3.13;-3.91;22.75;83
152407;628;42;-3.13;-3.91;22.75;83
152416;627;42;-3.13;-3.91;22.75;83
152425;626;42;-3.13;-3.91;22.75;83
152437;625;42;-3.13;-3.91;22.75;83
152445;624;42;-3.13;-3.91;22.75;83
152455;623;42;-3.13;-3.91;22.75;83
152467;623;42;-3.13;-3.91;22.75;83
152477;623;42;-3.13;-3.91;22.75;83
152487;623;42;-3.13;-3.91;22.75;83
152495;623;42;-3.13;-3.91;22.75;83
152506;623;42;-3.13;-3.91;22.75;83
152515;623;42;-3.13;-3.13;22.75;83
152528;624;42;-3.13;-3.13;22.75;83
152536;625;42;-3.13;-3.13;22.75;83
152545;626;42;-3.13;-3.13;22.75;83
152557;627;42;-3.13;-3.13;22.75;83
152565;628;42;-3.13;-3.13;22.75;83
152575;629;42;-3.13;-3.13;22.75;83
152587;628;42;-3.13;-3.13;22.75;83
152595;628;42;-3.13;-3.13;22.75;83
152607;627;42;-3.13;-3.13;22.75;83
152616;626;42;-3.13;-3.13;22.75;83
152625;626;42;-3.13;-3.13;22.75;83
152637;625;42;-3.13;-3.13;22.75;83
152646;625;42;-3.13;-3.13;22.75;83
152657;625;42;-3.13;-3.13;22.75;83
152665;625;42;-3.13;-3.13;22.75;83
152676;625;42;-3.13;-3.13;22.75;83
152687;624;42;-3.13;-3.13;22.75;83
152697;624;42;-3.13;-3.13;22.75;83
152706;625;42;-3.13;-3.13;22.75;83
152717;625;42;-3.13;-3.13;22.75;83
152726;625;42;-3.13;-3.13;22.75;83
152736;626;42;-3.13;-3.13;22.75;83
152745;626;42;-3.13;-3.13;22.75;83
152756;626;42;-3.13;-3.13;22.75;83
152766;627;42;-3.13;-3.13;22.75;83
152776;627;42;-3.13;-3.13;22.75;83
152787;628;42;-3.13;-3.13;22.75;83
152796;628;42;-3.13;-3.13;22.75;83
152806;628;42;-3.13;-3.13;22.75;83
152817;629;42;-3.13;-3.13;22.75;83
152826;629;42;-3.13;-3.13;22.75;83
152836;629;42;-3.13;-3.13;22.75;83
152848;629;42;-3.13;-3.13;22.75;83
152856;629;42;-3.13;-3.13;22.75;83
152867;628;42;-3.13;-3.13;22.75;83
152875;628;42;-3.13;-3.13;22.75;83
152885;628;42;-3.13;-3.13;22.75;83
152896;628;42;-3.13;-3.13;22.75;83
152906;628;42;-3.13;-3.13;22.75;83
152917;627;42;-3.13;-3.13;22.75;83
152928;627;42;-3.13;-3.13;22.75;83
152937;627;42;-3.13;-3.13;22.75;83
152946;627;42;-3.13;-3.13;22.75;83
152956;626;42;-3.13;-3.13;22.75;83
152968;626;42;-3.13;-3.13;22.75;83
152976;626;42;-3.13;-3.13;22.75;83
152988;625;42;-3.13;-3.13;22.75;83
152995;625;42;-3.13;-3.91;22.75;83
153007;624;42;-3.13;-3.91;22.75;83
153016;623;42;-3.13;-3.91;22.75;83
153025;622;42;-3.13;-3.91;22.75;83
153037;621;42;-3.13;-3.91;22.75;83
153047;619;42;-3.13;-3.91;22.75;83
153056;618;42;-3.13;-3.91;22.75;83
153065;620;42;-3.13;-3.91;22.75;83
153077;621;42;-3.13;-3.91;22.75;83
153085;622;42;-3.13;-3.91;22.75;83
153096;623;42;-3.13;-3.91;22.75;83
153106;624;42;-3.91;-3.91;22.75;83
153116;625;42;-3.91;-3.91;22.75;83
153125;626;42;-3.91;-3.91;22.75;83
153137;627;42;-3.91;-3.91;22.75;83
153145;627;42;-3.91;-3.91;22.75;83
153157;628;42;-3.91;-3.91;22.75;83
153166;628;42;-3.91;-3.91;22.75;83
153175;629;42;-3.91;-3.91;22.75;83
153188;628;42;-3.91;-3.91;22.75;83
153195;627;42;-3.91;-3.91;22.75;83
153207;626;42;-3.91;-3.91;22.75;83
153216;626;42;-3.91;-3.91;22.75;83
153227;625;42;-3.91;-3.91;22.75;83
153235;624;42;-3.91;-3.91;22.75;83
153246;624;42;-3.91;-3.91;23.14;83
153257;623;42;-3.91;-3.91;23.14;83
153265;623;42;-3.91;-3.91;23.14;83
153276;622;42;-3.91;-3.91;23.14;83
153288;622;42;-3.91;-3.91;23.14;83
153298;621;42;-3.91;-3.91;23.14;83
153307;622;42;-3.91;-3.91;23.14;83
153316;622;42;-3.91;-3.91;23.14;83
153325;623;42;-3.91;-3.91;23.14;83
153336;624;42;-3.91;-3.91;23.14;83
153345;624;42;-3.91;-3.91;23.14;83
153356;625;42;-3.91;-3.91;23.14;83
153366;625;42;-3.91;-3.91;22.75;83
153378;624;42;-3.91;-3.91;22.75;83
153388;624;42;-3.91;-3.91;22.75;83
153396;624;42;-3.91;-3.91;22.75;83
153408;623;42;-3.91;-3.91;22.75;83
153416;623;42;-3.91;-3.91;22.75;83
153427;623;42;-3.91;-3.91;23.14;83
153436;623;42;-3.91;-3.91;23.14;83
153446;624;42;-3.91;-3.91;23.14;83
153455;624;42;-3.91;-3.91;23.14;83
153465;624;42;-3.91;-3.91;23.14;83
153477;625;42;-3.91;-3.91;23.14;83
153488;626;42;-3.91;-3.91;23.14;83
153495;626;42;-3.91;-3.91;23.14;83
153508;627;42;-3.91;-3.91;23.14;83
153517;628;42;-3.91;-3.91;23.14;83
153526;629;42;-3.91;-3.91;23.14;83
153535;630;42;-3.91;-3.91;23.14;83
153548;630;42;-3.91;-3.91;22.75;83
153557;630;42;-3.91;-3.91;22.75;83
153567;629;42;-3.91;-3.91;22.75;83
153577;629;42;-3.91;-3.91;22.75;83
153586;629;42;-3.91;-3.91;22.75;83
153597;629;42;-3.91;-3.91;22.75;83
153606;628;42;-3.91;-3.91;22.75;83
153618;626;42;-3.91;-3.91;22.75;83
153626;625;42;-3.91;-3.91;22.75;83
153637;624;42;-3.91;-3.91;22.75;83
153646;622;42;-3.13;-3.91;22.75;83
153655;621;42;-3.13;-3.91;22.75;83
153666;622;42;-3.13;-3.91;22.75;83
153676;622;42;-3.13;-3.91;22.75;83
153687;623;42;-3.13;-3.91;22.75;83
153695;623;42;-3.13;-3.91;22.75;83
153707;624;42;-3.13;-3.91;22.75;83
153715;625;42;-3.13;-3.91;22.75;83
153727;625;42;-3.13;-3.91;22.75;83
153738;626;42;-3.13;-3.91;22.75;83
153747;627;42;-3.13;-3.91;22.75;83
153757;627;42;-3.13;-3.91;22.75;83
153766;628;42;-3.13;-3.91;22.75;83
153777;628;42;-3.13;-3.91;22.75;83
153787;629;42;-3.13;-3.91;22.75;83
153796;629;42;-3.13;-3.91;22.75;83
153807;629;42;-3.13;-3.91;22.75;83
153818;629;42;-3.13;-3.91;22.75;83
153827;629;42;-3.13;-3.91;22.75;83
153837;629;42;-3.13;-3.91;22.75;83
153847;629;42;-3.13;-3.91;22.75;83
153855;629;42;-3.13;-3.91;22.75;83
153867;630;42;-3.13;-3.91;22.75;83
153876;630;42;-3.13;-3.91;22.75;83
153885;630;42;-3.13;-3.91;22.75;83
153897;630;42;-3.13;-3.91;22.75;83
153907;630;42;-3.13;-3.91;22.75;83
153917;630;42;-3.13;-3.91;22.75;83
153927;629;42;-3.13;-3.91;22.75;83
153937;629;42;-3.13;-3.91;22.75;83
153947;629;42;-3.13;-3.91;22.75;83
153956;629;42;-3.13;-3.91;22.75;83
153966;629;42;-3.13;-3.91;22.75;83
153977;629;42;-3.13;-3.91;22.75;83
153986;629;42;-3.13;-3.91;22.75;83
153997;629;42;-3.13;-3.91;22.75;83
154007;629;42;-3.13;-3.91;22.75;83
154016;629;42;-3.13;-3.91;22.75;83
154026;629;42;-3.13;-3.91;22.75;83
154037;629;42;-3.13;-3.91;22.75;83
154047;629;42;-3.13;-3.91;22.75;83
154058;630;42;-3.13;-3.91;22.75;83
154067;630;42;-3.13;-3.91;22.75;83
154077;630;42;-3.13;-3.91;22.75;83
154088;630;42;-3.13;-3.91;22.75;83
154097;630;42;-3.13;-3.91;22.75;83
154106;630;42;-3.13;-3.91;22.75;83
154116;630;42;-3.13;-3.91;22.75;83
154127;630;42;-3.13;-3.91;22.75;83
154138;630;42;-3.13;-3.91;22.75;83
154148;630;42;-3.13;-3.91;22.75;83
154157;629;42;-3.13;-3.91;22.75;83
154167;629;42;-3.13;-3.91;22.75;83
154179;629;42;-3.13;-3.91;22.75;83
154197;628;42;-3.13;-3.91;22.75;83
154208;628;42;-3.13;-3.13;22.75;83
154217;628;42;-3.13;-3.13;22.75;83
154228;628;42;-3.13;-3.13;22.75;83
154237;627;42;-3.13;-3.13;22.75;83
154246;627;42;-3.13;-3.13;22.75;83
154258;627;42;-3.13;-3.13;22.75;83
154268;627;42;-3.13;-3.91;22.75;83
154278;627;42;-3.13;-3.91;22.75;83
154287;626;42;-3.13;-3.91;22.75;83
154299;626;42;-3.13;-3.91;22.75;83
154308;626;42;-3.13;-3.91;22.75;83
154317;625;42;-3.13;-3.91;22.75;83
154327;625;42;-3.13;-3.91;22.75;83
154337;625;42;-3.13;-3.91;22.75;83
154346;625;42;-3.13;-3.91;22.75;83
154358;625;42;-3.13;-3.91;22.75;83
154366;625;42;-3.13;-3.91;22.75;83
154378;626;42;-3.13;-3.91;22.75;83
154387;626;42;-3.13;-3.91;22.75;83
154397;625;42;-3.13;-3.91;22.75;83
154406;625;42;-3.13;-3.91;22.75;83
154417;624;42;-3.13;-3.91;22.75;83
154426;624;42;-3.13;-3.91;22.75;83
154438;623;42;-3.13;-3.91;22.75;83
154448;623;42;-3.13;-3.91;22.75;83
154458;623;42;-3.13;-3.91;22.75;83
154466;624;42;-3.13;-3.91;22.75;83
154477;625;42;-3.13;-3.91;22.75;83
154487;626;42;-3.13;-3.91;22.75;83
154496;627;42;-3.13;-3.91;22.75;83
154507;627;42;-3.13;-3.91;22.75;83
154517;626;42;-3.13;-3.91;22.75;83
154529;625;42;-3.13;-3.91;22.75;83
154537;623;42;-3.13;-3.91;22.75;83
154546;622;42;-3.13;-3.91;22.75;83
154558;621;42;-3.13;-3.91;22.75;83
154566;619;42;-3.13;-3.91;22.75;83
154576;619;42;-3.13;-3.91;23.14;83
154588;619;42;-3.13;-3.91;23.14;83
154598;618;42;-3.13;-3.91;23.14;83
154607;618;42;-3.13;-3.91;23.14;83
154616;618;42;-3.13;-3.91;23.14;83
154626;617;42;-3.13;-3.91;23.14;83
154636;619;42;-3.13;-3.91;23.14;83
154645;620;42;-3.13;-3.91;23.14;83
154657;621;42;-3.13;-3.91;23.14;83
154666;623;42;-3.13;-3.91;23.14;83
154677;624;42;-3.13;-3.91;23.14;83
154689;625;42;-3.13;-3.91;23.14;83
154704;626;42;-3.13;-3.91;23.14;83
154717;627;42;-3.13;-3.91;23.14;83
154726;628;42;-3.13;-3.91;23.14;83
154737;628;42;-3.13;-3.91;23.14;83
154745;629;42;-2.34;-3.91;23.14;83
154755;630;42;-2.34;-3.91;23.14;83
154768;629;42;-2.34;-3.91;23.14;83
154777;629;42;-2.34;-3.91;23.14;83
154785;628;42;-2.34;-3.91;23.14;83
154796;627;42;-2.34;-3.91;23.14;83
154805;627;42;-2.34;-3.91;23.14;83
154819;626;42;-2.34;-3.91;23.14;83
154826;627;42;-2.34;-3.91;23.14;83
154834;627;42;-2.34;-3.91;23.14;83
154847;628;42;-2.34;-3.91;23.14;83
154855;628;42;-2.34;-3.91;23.14;83
154865;629;42;-2.34;-3.91;23.14;83
154876;629;42;-2.34;-3.91;23.14;83
154886;628;42;-2.34;-3.91;23.14;83
154897;627;42;-2.34;-3.91;23.14;83
154905;626;42;-2.34;-3.91;23.14;83
154915;625;42;-2.34;-3.91;23.14;83
154926;624;42;-2.34;-3.91;23.14;83
154935;623;42;-2.34;-3.91;23.14;83
154944;622;42;-2.34;-3.91;22.75;83
154956;621;42;-2.34;-3.91;22.75;83
154966;620;42;-2.34;-3.91;22.75;83
154978;619;42;-2.34;-3.91;22.75;83
154984;618;42;-2.34;-3.91;22.75;83
154995;617;42;-2.34;-3.13;22.75;83
155006;617;42;-2.34;-3.13;22.75;83
155015;618;42;-2.34;-3.13;22.75;83
155024;619;42;-2.34;-3.13;22.75;83
155036;619;42;-2.34;-3.13;22.75;83
155044;620;42;-2.34;-3.13;22.75;83
155058;621;42;-2.34;-3.13;22.75;83
155067;622;42;-2.34;-3.13;23.14;83
155077;622;42;-2.34;-3.13;23.14;83
155089;623;42;-2.34;-3.13;23.14;83
155095;624;42;-2.34;-3.13;23.14;83
155105;625;42;-2.34;-3.13;23.14;83
155115;625;42;-2.34;-3.13;23.14;83
155124;626;42;-2.34;-3.13;23.14;83
155137;627;42;-2.34;-3.13;23.14;83
155145;628;42;-2.34;-3.13;23.14;83
155155;629;42;-2.34;-3.13;23.14;83
155167;630;42;-2.34;-3.13;23.14;83
155178;631;42;-2.34;-3.13;23.14;83
155196;632;42;-2.34;-3.13;23.14;83
155205;632;42;-2.34;-3.13;23.14;83
155217;632;42;-2.34;-3.13;23.14;83
155226;632;42;-2.34;-3.13;23.14;83
155236;632;42;-2.34;-3.13;23.14;83
155247;632;42;-2.34;-3.13;23.14;83
155255;632;42;-2.34;-3.13;22.75;83
155265;631;42;-2.34;-3.13;22.75;83
155277;630;42;-2.34;-3.13;22.75;83
155285;630;42;-2.34;-3.13;22.75;83
155296;629;42;-2.34;-3.13;22.75;83
155307;629;42;-2.34;-3.13;22.75;83
155316;629;42;-2.34;-3.13;22.75;83
155327;629;42;-2.34;-3.13;22.75;83
155336;629;42;-2.34;-3.13;22.75;83
155345;629;42;-2.34;-3.13;22.75;83
155357;629;42;-2.34;-3.13;22.75;83
155366;629;42;-2.34;-3.13;22.75;83
155376;629;42;-2.34;-3.13;22.75;83
155385;629;42;-2.34;-3.13;22.75;83
155396;629;42;-2.34;-3.13;22.75;83
155404;629;42;-2.34;-3.13;22.75;83
155416;629;42;-3.13;-3.13;22.75;83
155424;629;42;-3.13;-3.13;22.75;83
155436;629;42;-3.13;-3.13;22.75;83
155445;629;42;-3.13;-3.13;22.75;83
155455;630;42;-3.13;-3.13;22.75;83
155464;630;42;-3.13;-3.13;22.75;83
155476;630;42;-3.13;-3.13;22.75;83
155486;631;42;-3.13;-3.13;22.75;83
155496;629;42;-3.13;-3.13;22.75;83
155504;628;42;-3.13;-3.13;22.75;83
155517;627;42;-3.13;-3.13;22.75;83
155525;626;42;-3.13;-3.13;22.75;83
155535;625;42;-3.13;-3.13;22.75;83
155546;624;42;-3.13;-3.13;22.75;83
155554;624;42;-3.13;-3.13;22.75;83
155566;625;42;-3.13;-3.13;22.75;83
155578;626;42;-3.13;-3.13;22.75;83
155585;627;42;-3.13;-3.13;22.75;83
155597;627;42;-3.13;-3.13;22.75;83
155606;628;42;-3.13;-3.13;22.75;83
155615;629;42;-3.13;-3.13;22.75;83
155625;630;42;-3.13;-3.13;22.75;83
155634;631;42;-3.13;-3.13;22.75;83
155646;631;42;-3.13;-3.13;22.75;83
155654;632;42;-3.13;-3.13;22.75;83
155665;633;42;-3.13;-3.13;22.75;83
155676;632;42;-3.13;-3.13;22.75;83
155684;632;42;-3.13;-3.13;22.75;83
155696;632;42;-3.13;-3.13;22.75;83
155706;631;42;-3.13;-3.13;22.75;83
155717;631;42;-3.13;-3.13;22.75;83
155725;630;42;-3.13;-3.13;22.75;83
155735;630;42;-3.13;-3.13;22.75;83
155746;630;42;-3.13;-3.13;22.75;83
155754;629;42;-3.13;-3.13;22.75;83
155766;629;42;-3.13;-3.13;22.75;83
155777;629;42;-3.13;-3.13;22.75;83
155784;628;42;-3.13;-3.13;22.75;83
155796;628;42;-3.13;-3.13;22.75;83
155804;628;42;-3.13;-3.13;22.75;83
155816;628;42;-3.13;-3.13;22.75;83
155826;628;42;-3.13;-3.13;22.75;83
155837;628;42;-3.13;-3.13;22.75;83
155845;628;42;-3.13;-3.13;22.75;83
155857;627;42;-3.13;-3.13;22.75;83
155865;626;42;-3.13;-3.13;22.75;83
155879;625;42;-3.13;-3.13;22.75;83
155885;625;42;-3.13;-3.13;22.75;83
155896;624;42;-3.13;-3.13;22.75;83
155905;623;42;-3.13;-3.13;22.75;83
155915;623;42;-3.13;-3.13;22.75;83
155927;623;42;-3.13;-3.13;22.75;83
155936;623;42;-3.13;-3.13;22.75;83
155946;623;42;-3.13;-3.13;22.75;83
155954;623;42;-3.13;-3.13;22.75;83
155964;623;42;-3.13;-3.13;22.75;83
155975;624;42;-3.13;-3.13;22.75;83
155986;625;42;-3.13;-3.13;22.75;83
155997;627;42;-3.13;-3.13;22.75;83
156006;628;42;-3.13;-3.13;22.75;83
156015;629;42;-2.34;-3.13;22.75;83
156026;630;42;-2.34;-3.13;22.75;83
156037;630;42;-2.34;-3.13;22.75;83
156047;629;42;-2.34;-3.13;22.75;83
156055;629;42;-2.34;-3.13;22.75;83
156067;629;42;-2.34;-3.13;22.75;83
156075;628;42;-3.13;-3.13;22.75;83
156086;628;42;-3.13;-3.13;22.75;83
156096;627;42;-3.13;-3.13;22.75;83
156106;627;42;-3.13;-3.13;22.75;83
156114;626;42;-3.13;-3.13;22.75;83
156126;625;42;-3.13;-3.13;22.75;83
156137;625;42;-3.13;-3.13;22.75;83
156146;624;42;-3.13;-3.13;22.75;83
156155;625;42;-3.13;-3.13;22.75;83
156166;625;42;-3.13;-3.13;22.75;83
156178;626;42;-3.13;-3.13;22.75;83
156196;626;42;-3.13;-3.13;22.75;83
156206;627;42;-3.13;-3.13;22.75;83
156215;628;42;-3.13;-3.13;22.75;83
156227;627;42;-3.13;-3.13;22.75;83
156234;627;42;-3.13;-3.13;22.75;83
156245;627;42;-3.13;-3.13;22.75;83
156254;626;42;-3.13;-3.13;22.75;83
156266;626;42;-3.13;-3.13;22.75;83
156276;626;42;-3.13;-3.13;22.75;83
156286;626;42;-3.13;-3.13;22.75;83
156295;626;42;-3.13;-3.13;22.75;83
156306;626;42;-3.13;-3.13;22.75;83
156315;627;42;-3.13;-3.13;22.75;83
156327;627;42;-3.13;-3.13;22.75;83
156337;627;42;-3.13;-3.13;22.75;83
156345;627;42;-3.13;-3.13;22.75;83
156356;628;42;-3.13;-3.13;22.75;83
156366;628;42;-3.13;-3.13;22.75;83
156374;628;42;-3.13;-3.13;22.75;83
156387;629;42;-3.13;-3.13;22.75;83
156397;629;42;-3.13;-3.13;22.75;83
156405;629;42;-3.13;-3.13;22.75;83
156416;629;42;-3.13;-3.13;22.75;83
156427;629;42;-3.13;-3.13;22.75;83
156436;629;42;-3.13;-3.13;22.75;83
156446;629;42;-3.13;-3.13;22.75;83
156456;629;42;-3.13;-3.13;22.75;83
156465;628;42;-3.13;-3.13;22.75;83
156477;628;42;-3.13;-3.13;22.75;83
156485;627;42;-3.13;-3.13;22.75;83
156497;627;42;-3.13;-3.13;22.75;83
156505;627;42;-3.91;-3.13;22.75;83
156515;626;42;-3.91;-3.13;22.75;83
156527;627;42;-3.91;-3.13;22.75;83
156537;627;42;-3.91;-3.13;22.75;83
156547;627;42;-3.91;-3.13;22.75;83
156556;628;42;-3.91;-3.13;22.75;83
156566;628;42;-3.91;-3.13;22.75;83
156576;629;42;-3.91;-3.91;22.75;83
156587;629;42;-3.91;-3.91;22.75;83
156595;630;42;-3.91;-3.91;22.75;83
156605;630;42;-3.91;-3.91;22.75;83
156616;630;42;-3.91;-3.91;22.75;83
156627;631;42;-3.91;-3.91;22.75;83
156638;631;42;-3.91;-3.91;22.75;83
156647;631;42;-3.91;-3.91;22.75;83
156656;631;42;-3.91;-3.91;22.75;83
156665;630;42;-3.91;-3.91;22.75;83
156676;630;42;-3.91;-3.91;22.75;83
156687;630;42;-3.91;-3.91;22.75;83
156695;629;42;-3.91;-3.91;22.75;83
156705;630;42;-3.91;-3.91;22.75;83
156716;631;42;-3.91;-3.91;22.75;83
156725;632;42;-3.91;-3.91;22.75;83
156737;632;42;-3.91;-3.91;22.75;83
156746;633;42;-3.13;-3.91;22.75;83
156757;634;42;-3.13;-3.91;22.75;83
156766;633;42;-3.13;-3.91;22.75;83
156777;632;42;-3.13;-3.91;22.75;83
156785;631;42;-3.13;-3.91;22.75;83
156797;630;42;-3.13;-3.91;22.75;83
156807;628;42;-3.13;-3.91;22.75;83
156815;627;42;-3.13;-3.13;22.75;83
156826;627;42;-3.13;-3.13;22.75;83
156837;627;42;-3.13;-3.13;22.75;83
156846;626;42;-3.13;-3.13;22.75;83
156855;626;42;-3.13;-3.13;22.75;83
156866;626;42;-3.13;-3.13;22.75;83
156876;625;42;-3.13;-3.13;22.75;83
156886;625;42;-3.13;-3.13;22.75;83
156897;625;42;-3.13;-3.13;22.75;83
156906;625;42;-3.13;-3.13;22.75;83
156918;624;42;-3.13;-3.13;22.75;83
156927;624;42;-3.13;-3.13;22.75;83
156936;624;42;-3.13;-3.13;22.75;83
156946;625;42;-3.13;-3.13;22.75;83
156956;625;42;-3.13;-3.13;22.75;83
156967;626;42;-3.13;-3.13;22.75;83
156976;627;42;-3.13;-3.13;22.75;83
156986;628;42;-3.13;-3.13;22.75;83
156995;629;42;-3.13;-3.13;22.75;83
157006;628;42;-3.13;-3.13;22.75;83
157015;628;42;-3.13;-3.13;22.75;83
157027;627;42;-3.13;-3.13;22.75;83
157038;626;42;-3.13;-3.13;22.75;83
157047;626;42;-3.13;-3.13;22.75;83
157056;625;42;-3.13;-3.13;22.75;83
157067;624;42;-3.13;-3.13;22.75;83
157076;623;42;-3.13;-3.13;22.75;83
157087;622;42;-3.13;-3.13;22.75;83
157098;621;42;-3.13;-3.13;22.75;83
157106;620;42;-3.13;-3.13;22.75;83
157115;619;42;-3.13;-3.13;22.75;83
157126;620;42;-3.13;-3.13;22.75;83
157135;622;42;-3.13;-3.13;22.75;83
157147;623;42;-3.13;-3.13;22.75;83
157155;624;42;-3.13;-3.13;22.75;83
157167;625;42;-3.13;-3.13;22.75;83
157177;627;42;-3.13;-3.13;22.75;83
157186;626;42;-3.13;-3.13;22.75;83
157198;626;42;-3.13;-3.13;22.75;83
157206;625;42;-3.13;-3.13;22.75;83
157217;625;42;-3.13;-3.13;22.75;83
157226;625;42;-3.13;-3.13;22.75;83
157237;624;42;-3.13;-3.13;22.75;83
157247;624;42;-3.13;-3.13;22.75;83
157256;623;42;-3.13;-3.13;22.75;83
157267;622;42;-3.13;-3.13;22.75;83
157276;622;42;-3.13;-3.13;22.75;83
157285;621;42;-3.13;-3.13;22.75;83
157296;621;42;-3.13;-3.13;22.75;83
157306;622;42;-3.13;-3.13;22.75;83
157316;623;42;-3.13;-3.13;22.75;83
157326;624;42;-3.13;-3.13;22.75;83
157335;625;42;-3.13;-3.13;22.75;83
157347;626;42;-3.13;-3.13;22.75;83
157357;627;42;-3.13;-3.13;22.75;83
157366;627;42;-3.13;-3.13;23.14;83
157375;628;42;-3.13;-3.13;23.14;83
157387;628;42;-3.13;-3.13;23.14;83
157396;628;42;-3.13;-3.13;23.14;83
157407;628;42;-3.13;-3.13;23.14;83
157415;628;42;-3.13;-3.13;23.14;83
157426;628;42;-3.13;-3.13;22.75;83
157436;628;42;-3.13;-3.13;22.75;83
157447;628;42;-3.13;-3.13;22.75;83
157457;628;42;-3.13;-3.13;22.75;83
157467;627;42;-3.13;-3.13;22.75;83
157476;627;42;-3.13;-3.91;22.75;83
157486;627;42;-3.13;-3.91;22.75;83
157497;627;42;-3.13;-3.91;22.75;83
157506;627;42;-3.13;-3.91;22.75;83
157516;626;42;-3.13;-3.91;22.75;83
157527;626;42;-3.13;-3.91;22.75;83
157537;626;42;-3.13;-3.91;22.75;83
157546;626;42;-3.13;-3.91;22.75;83
157558;627;42;-3.13;-3.91;22.75;83
157566;627;42;-3.13;-3.91;22.75;83
157575;627;42;-3.13;-3.91;22.75;83
157587;628;42;-3.13;-3.91;22.75;83
157596;628;42;-3.13;-3.91;22.75;83
157606;628;42;-3.13;-3.91;22.75;83
157617;628;42;-3.13;-3.91;22.75;83
157626;628;42;-3.13;-3.91;22.75;83
157636;628;42;-3.13;-3.91;22.75;83
157647;629;42;-2.34;-3.91;22.75;83
157656;629;42;-2.34;-3.91;22.75;83
157667;628;42;-2.34;-3.91;22.75;83
157678;628;42;-2.34;-3.91;22.75;83
157697;627;42;-2.34;-3.91;22.75;83
157706;627;42;-2.34;-3.91;22.75;83
157717;626;42;-2.34;-3.91;22.75;83
157725;626;42;-2.34;-3.91;22.75;83
157738;625;42;-2.34;-3.91;22.75;83
157747;625;42;-2.34;-3.91;22.75;83
157757;625;42;-2.34;-3.91;22.75;83
157765;625;42;-2.34;-3.91;22.75;83
157776;625;42;-2.34;-3.91;22.75;83
157787;624;42;-2.34;-3.13;22.75;83
157797;623;42;-2.34;-3.13;22.75;83
157805;622;42;-2.34;-3.13;22.75;83
157817;620;42;-2.34;-3.13;22.75;83
157827;619;42;-2.34;-3.13;22.75;83
157835;618;42;-2.34;-3.13;22.75;83
157846;616;42;-2.34;-3.13;22.75;83
157855;618;42;-2.34;-3.13;23.14;83
157867;619;42;-2.34;-3.13;23.14;83
157875;620;42;-2.34;-3.13;23.14;83
157887;621;42;-2.34;-3.13;23.14;83
157897;622;42;-2.34;-3.13;23.14;83
157907;623;42;-2.34;-3.13;23.14;83
157917;624;42;-2.34;-3.13;23.14;83
157926;625;42;-2.34;-3.13;23.14;84
157938;625;42;-2.34;-3.13;23.14;84
157947;626;42;-2.34;-3.13;23.14;84
157956;627;42;-2.34;-3.13;23.14;84
157968;628;42;-2.34;-3.13;23.14;84
157978;628;42;-2.34;-3.13;23.14;84
157996;628;42;-2.34;-3.13;23.14;84
158007;628;42;-2.34;-3.13;23.14;84
158015;628;42;-2.34;-3.13;23.14;84
158027;628;42;-2.34;-3.13;23.14;84
158037;628;42;-2.34;-3.13;23.14;84
158045;628;42;-2.34;-3.13;23.14;84
158058;628;42;-2.34;-3.13;23.14;84
158066;628;42;-2.34;-3.13;23.14;84
158077;628;42;-2.34;-3.13;23.14;84
158086;628;42;-2.34;-3.13;23.14;84
158097;628;42;-2.34;-3.13;23.14;84
158106;627;42;-2.34;-3.13;23.14;84
158117;627;42;-2.34;-3.13;23.14;84
158125;626;42;-2.34;-3.13;23.14;84
158137;626;42;-2.34;-3.13;23.14;84
158143;626;42;-2.34;-3.13;23.14;84
158157;625;42;-2.34;-3.13;23.14;84
158167;625;42;-2.34;-3.13;22.75;84
158176;624;42;-2.34;-3.13;22.75;84
158186;623;42;-2.34;-3.13;22.75;84
158198;623;42;-2.34;-3.13;22.75;84
158206;622;42;-2.34;-3.13;22.75;84
158217;622;42;-2.34;-3.13;22.75;84
158225;622;42;-2.34;-3.13;23.14;84
158236;622;42;-2.34;-3.13;23.14;84
158247;622;42;-2.34;-3.13;23.14;84
158259;622;42;-2.34;-3.13;23.14;84
158277;622;42;-2.34;-3.13;23.14;84
158286;622;42;-2.34;-3.13;23.14;84
158297;623;42;-2.34;-3.13;23.14;84
158306;623;42;-2.34;-3.13;23.14;84
158318;624;42;-2.34;-3.13;23.14;84
158327;624;42;-2.34;-3.13;23.14;84
158336;625;42;-2.34;-3.13;23.14;84
158344;626;42;-2.34;-3.13;23.14;84
158359;626;42;-2.34;-3.13;23.14;84
158377;627;42;-2.34;-3.13;23.14;84
158386;627;42;-2.34;-3.13;23.14;84
158396;628;42;-2.34;-3.13;23.14;84
158407;628;42;-2.34;-3.13;23.14;84
158415;629;42;-2.34;-3.13;23.14;84
158425;629;42;-2.34;-3.13;22.75;84
158436;630;42;-2.34;-3.13;22.75;83
158444;631;42;-2.34;-3.13;22.75;83
158458;631;42;-2.34;-3.13;22.75;83
158464;632;42;-2.34;-3.13;22.75;83
158477;633;42;-2.34;-3.13;22.75;83
158487;632;42;-2.34;-3.13;22.75;83
158496;632;42;-2.34;-3.13;22.75;83
158504;632;42;-2.34;-3.13;22.75;83
158516;632;42;-2.34;-3.13;22.75;83
158525;632;42;-2.34;-3.13;22.75;83
158536;632;42;-2.34;-3.13;22.75;83
158546;630;42;-2.34;-3.13;22.75;83
158554;628;42;-2.34;-3.13;22.75;84
158566;627;42;-2.34;-3.13;22.75;84
158578;625;42;-2.34;-3.13;22.75;84
158597;623;42;-2.34;-3.13;22.75;84
158605;622;42;-2.34;-3.13;22.75;84
158615;623;42;-2.34;-3.13;22.75;84
158625;624;42;-2.34;-3.13;22.75;84
158633;625;42;-2.34;-3.13;22.75;84
158647;626;42;-2.34;-3.13;22.75;84
158655;627;42;-2.34;-3.13;22.75;84
158664;628;42;-2.34;-3.13;22.75;84
158676;629;42;-2.34;-3.13;22.75;84
158686;630;42;-2.34;-3.13;22.75;84
158696;630;42;-2.34;-3.13;22.75;84
158704;631;42;-2.34;-3.13;22.75;84
158717;631;42;-2.34;-3.13;22.75;84
158725;632;42;-2.34;-3.13;22.75;84
158735;632;42;-2.34;-3.13;22.75;84
158744;632;42;-2.34;-3.13;22.75;84
158757;632;42;-2.34;-3.13;22.75;84
158766;632;42;-2.34;-3.13;22.75;84
158775;633;42;-2.34;-3.13;22.75;84
158784;633;42;-2.34;-3.13;22.75;84
158795;632;42;-2.34;-3.13;22.75;84
158804;631;42;-2.34;-3.13;22.75;84
158815;630;42;-2.34;-3.13;22.75;84
158825;629;42;-2.34;-3.13;22.75;84
158836;628;42;-2.34;-3.13;22.75;84
158845;627;42;-2.34;-3.13;22.75;84
158856;628;42;-2.34;-3.13;22.75;84
158865;628;42;-2.34;-3.13;22.75;84
158876;629;42;-2.34;-3.13;22.75;84
158884;629;42;-2.34;-3.13;22.75;84
158894;629;42;-2.34;-3.13;22.75;84
158905;630;42;-2.34;-2.34;22.75;84
158917;629;42;-2.34;-2.34;22.75;84
158925;628;42;-2.34;-2.34;22.75;84
158936;627;42;-2.34;-2.34;22.75;84
158946;627;42;-2.34;-2.34;22.75;84
158955;626;42;-2.34;-2.34;22.75;84
158965;625;42;-2.34;-2.34;22.75;84
158975;624;42;-2.34;-2.34;22.75;84
158986;624;42;-2.34;-2.34;22.75;84
158999;623;42;-2.34;-2.34;22.75;84
159014;622;42;-2.34;-2.34;22.75;84
159025;622;42;-2.34;-2.34;22.75;84
159034;621;42;-2.34;-2.34;22.75;84
159045;622;42;-2.34;-2.34;22.75;84
159056;623;42;-2.34;-2.34;22.75;84
159065;624;42;-2.34;-2.34;22.75;84
159075;625;42;-2.34;-2.34;22.75;84
159084;625;42;-2.34;-2.34;22.75;84
159096;626;42;-2.34;-2.34;22.75;84
159106;626;42;-2.34;-2.34;22.75;84
159114;626;42;-2.34;-2.34;22.75;84
159124;626;42;-2.34;-2.34;22.75;84
159137;626;42;-2.34;-2.34;22.75;84
159145;626;42;-3.13;-2.34;22.75;84
159154;625;42;-3.13;-2.34;22.75;84
159165;625;42;-3.13;-2.34;22.75;84
159177;625;42;-3.13;-2.34;22.75;84
159185;625;42;-3.13;-2.34;22.75;84
159196;625;42;-3.13;-2.34;22.75;84
159205;624;42;-3.13;-2.34;22.75;84
159216;624;42;-3.13;-2.34;22.75;84
159225;625;42;-3.13;-2.34;22.75;84
159234;627;42;-3.13;-2.34;22.75;84
159245;628;42;-3.13;-2.34;22.75;84
159254;629;42;-3.13;-2.34;22.75;84
159264;631;42;-3.13;-2.34;22.75;84
159276;632;42;-3.13;-2.34;22.75;84
159284;632;42;-3.13;-2.34;22.75;84
159294;632;42;-3.13;-2.34;22.75;84
159306;632;42;-3.13;-2.34;22.75;84
159315;631;42;-3.13;-2.34;22.75;84
159326;631;42;-3.13;-2.34;22.75;84
159335;631;42;-3.13;-2.34;22.75;84
159345;630;42;-3.13;-2.34;22.75;84
159356;629;42;-3.13;-2.34;22.75;84
159365;629;42;-3.13;-2.34;22.75;84
159374;628;42;-3.13;-2.34;22.75;84
159386;627;42;-3.13;-2.34;22.75;84
159397;627;42;-3.13;-2.34;22.75;84
159406;626;42;-3.13;-2.34;22.75;84
159415;626;42;-3.13;-2.34;22.75;84
159425;625;42;-3.13;-2.34;22.75;84
159437;625;42;-3.13;-2.34;22.75;84
159447;624;42;-3.13;-2.34;22.75;84
159455;624;42;-3.13;-2.34;22.75;84
159464;624;42;-3.13;-2.34;22.75;84
159477;623;42;-3.13;-2.34;22.75;84
159485;623;42;-3.13;-2.34;22.75;84
159496;623;42;-3.13;-2.34;22.75;84
159506;623;42;-3.13;-2.34;22.75;84
159516;623;42;-3.13;-3.13;22.75;84
159526;622;42;-3.13;-3.13;22.75;84
159534;622;42;-3.13;-3.13;22.75;84
159545;622;42;-3.13;-3.13;22.75;84
159557;621;42;-3.13;-3.13;22.75;84
159566;621;42;-3.91;-3.13;22.75;84
159575;620;42;-3.91;-3.13;22.75;84
159584;621;42;-3.91;-3.13;22.75;84
159597;621;42;-3.91;-3.13;22.75;84
159607;622;42;-3.91;-3.13;22.75;84
159615;622;42;-3.91;-3.13;22.75;84
159626;622;42;-3.91;-3.13;22.75;84
159637;623;42;-3.91;-3.13;22.75;84
159646;623;42;-3.91;-3.13;23.14;84
159656;624;42;-3.91;-3.13;23.14;84
159666;624;42;-3.91;-3.13;23.14;84
159676;624;42;-3.91;-3.13;23.14;84
159684;625;42;-3.13;-3.13;23.14;84
159695;625;42;-3.13;-3.13;23.14;84
159705;625;42;-3.13;-3.13;23.14;84
159714;625;42;-3.13;-3.13;23.14;84
159726;625;42;-3.13;-3.13;23.14;84
159734;625;42;-3.13;-3.13;23.14;84
159746;625;42;-3.13;-3.13;23.14;84
159755;625;42;-3.13;-3.13;23.14;84
159766;625;42;-3.13;-3.13;23.14;84
159775;625;42;-3.13;-3.13;23.14;84
159786;625;42;-3.13;-3.13;23.14;84
159798;625;42;-3.13;-3.13;23.14;84
159806;625;42;-3.13;-3.13;23.14;84
159815;624;42;-3.13;-3.13;23.14;84
159827;625;42;-3.13;-3.13;23.14;84
159836;625;42;-3.13;-3.13;23.14;84
159846;625;42;-3.13;-3.13;23.14;84
159854;625;42;-3.13;-3.13;23.14;84
159865;626;42;-3.13;-3.13;23.14;84
159876;626;42;-3.13;-3.13;23.14;84
159885;626;42;-3.13;-3.13;23.14;84
159895;626;42;-3.13;-3.13;23.14;84
159906;626;42;-3.13;-3.13;23.14;84
159915;626;42;-3.13;-3.13;23.14;84
159926;626;42;-3.13;-3.13;23.14;84
159934;626;42;-3.13;-3.13;23.14;84
159946;625;42;-3.13;-3.13;22.75;84
159956;624;42;-3.13;-3.13;22.75;84
159964;623;42;-3.13;-3.13;22.75;84
159975;621;42;-3.13;-3.13;22.75;84
159986;620;42;-3.13;-3.13;22.75;84
159997;619;42;-3.13;-3.13;22.75;84
160004;620;42;-3.13;-3.13;22.75;84
160016;620;42;-3.13;-3.13;22.75;84
160025;621;42;-3.13;-3.13;22.75;84
160035;621;42;-3.13;-3.13;22.75;84
160047;622;42;-3.13;-3.13;22.75;84
160056;623;42;-3.13;-3.13;22.75;84
160065;622;42;-3.13;-3.13;23.14;84
160076;621;42;-3.13;-3.13;23.14;84
160085;621;42;-3.13;-3.13;23.14;84
160096;620;42;-3.13;-3.13;23.14;84
160105;619;42;-3.13;-3.13;23.14;84
160115;619;42;-3.13;-2.34;23.14;84
160125;619;42;-3.13;-2.34;23.14;84
160135;619;42;-3.13;-2.34;23.14;84
160146;619;42;-3.13;-2.34;23.14;84
160155;619;42;-3.13;-2.34;23.14;84
160167;620;42;-3.13;-2.34;23.14;84
160176;620;42;-3.13;-2.34;23.14;84
160187;621;42;-3.13;-2.34;23.14;84
160196;622;42;-3.13;-2.34;23.14;84
160207;623;42;-3.13;-2.34;23.14;84
160216;623;42;-3.13;-2.34;23.14;84
160225;624;42;-3.13;-2.34;23.14;84
160234;625;42;-3.13;-2.34;23.14;84
160247;625;42;-3.13;-2.34;23.14;84
160256;625;42;-3.13;-2.34;23.14;84
160265;625;42;-3.13;-2.34;23.14;84
160276;625;42;-3.13;-2.34;23.14;84
160285;625;42;-3.13;-2.34;23.14;84
160295;624;42;-3.13;-2.34;23.14;84
160307;623;42;-3.13;-2.34;23.14;84
160316;623;42;-3.13;-2.34;23.14;84
160326;622;42;-3.13;-2.34;23.14;84
160336;621;42;-3.13;-2.34;23.14;84
160347;620;42;-3.13;-2.34;23.14;84
160356;619;42;-3.13;-3.13;23.14;84
160367;619;42;-3.13;-3.13;23.14;84
160376;619;42;-3.13;-3.13;23.14;84
160385;620;42;-3.13;-3.13;23.14;84
160396;620;42;-3.13;-3.13;23.14;84
160404;620;42;-3.13;-3.13;23.14;84
160416;620;42;-3.13;-3.13;23.14;84
160426;621;42;-3.13;-3.13;23.14;84
160435;621;42;-3.13;-3.13;23.14;84
160446;621;42;-3.13;-3.13;23.14;84
160457;621;42;-3.13;-3.13;23.14;84
160467;621;42;-2.34;-3.13;23.14;84
160475;622;42;-2.34;-3.13;23.14;84
160486;621;42;-2.34;-3.13;23.14;84
160495;621;42;-2.34;-3.13;23.14;84
160506;621;42;-2.34;-3.13;23.14;84
160517;620;42;-2.34;-3.13;23.14;84
160525;620;42;-2.34;-3.13;23.14;84
160534;619;42;-2.34;-3.13;23.14;84
160545;620;42;-2.34;-3.13;23.14;84
160557;622;42;-2.34;-3.13;23.14;84
160566;623;42;-2.34;-3.13;23.14;84
160575;624;42;-2.34;-3.13;23.14;84
160586;625;42;-2.34;-3.13;23.14;84
160597;626;42;-2.34;-3.13;23.14;84
160605;626;42;-2.34;-3.13;23.14;84
160616;625;42;-2.34;-3.13;23.14;84
160627;625;42;-2.34;-3.13;23.14;84
160636;625;42;-2.34;-3.13;23.14;84
160645;625;42;-2.34;-3.13;23.14;84
160656;625;42;-2.34;-3.13;23.14;84
160665;624;42;-2.34;-3.13;23.14;84
160676;623;42;-2.34;-3.13;23.14;84
160687;623;42;-2.34;-3.13;23.14;84
160696;622;42;-2.34;-3.13;23.14;84
160707;621;42;-2.34;-3.13;23.14;84
160716;621;42;-2.34;-3.13;23.14;84
160725;620;42;-2.34;-3.13;23.14;84
160736;620;42;-2.34;-3.13;23.14;84
160747;619;42;-2.34;-3.13;23.14;84
160756;619;42;-2.34;-3.13;23.14;84
160767;618;42;-2.34;-3.13;23.14;84
160777;618;42;-2.34;-3.13;23.14;84
160786;619;42;-2.34;-3.13;23.14;84
160796;620;42;-2.34;-3.13;23.14;84
160807;621;42;-2.34;-3.13;23.14;84
160816;622;42;-2.34;-3.13;23.14;84
160825;623;42;-2.34;-3.13;23.14;84
160837;624;42;-2.34;-3.13;23.14;84
160845;625;42;-2.34;-3.13;23.14;84
160857;625;42;-2.34;-3.13;23.14;84
160867;626;42;-2.34;-3.13;23.14;84
160876;626;42;-2.34;-3.13;23.14;84
160886;627;42;-2.34;-3.13;23.14;84
160896;628;42;-2.34;-3.13;23.14;84
160905;627;42;-2.34;-3.13;23.14;84
160916;626;42;-2.34;-3.13;23.14;84
160925;625;42;-2.34;-3.13;23.14;84
160937;624;42;-2.34;-3.13;23.14;84
160945;623;42;-2.34;-3.13;23.14;84
160955;623;42;-2.34;-2.34;23.14;84
160967;624;42;-2.34;-2.34;23.14;84
160975;625;42;-2.34;-2.34;23.14;84
160986;626;42;-2.34;-2.34;23.14;84
160997;627;42;-2.34;-2.34;23.14;84
161006;628;42;-2.34;-2.34;23.14;84
161017;629;42;-2.34;-2.34;23.14;84
161026;628;42;-2.34;-2.34;22.75;84
161036;626;42;-2.34;-2.34;22.75;84
161047;624;42;-2.34;-2.34;22.75;84
161056;623;42;-2.34;-2.34;22.75;84
161067;621;42;-2.34;-2.34;22.75;84
161075;620;42;-2.34;-2.34;22.75;84
161086;620;42;-2.34;-2.34;22.75;84
161095;620;42;-2.34;-2.34;22.75;84
161107;620;42;-2.34;-2.34;22.75;84
161116;620;42;-2.34;-2.34;22.75;84
161128;620;42;-2.34;-2.34;22.75;84
161147;620;42;-2.34;-2.34;22.75;84
161156;621;42;-2.34;-2.34;23.14;84
161167;622;42;-2.34;-2.34;23.14;84
161177;623;42;-2.34;-2.34;23.14;84
161186;624;42;-2.34;-2.34;23.14;84
161197;625;42;-2.34;-2.34;23.14;84
161206;626;42;-2.34;-2.34;23.14;84
161217;626;42;-2.34;-2.34;23.14;84
161226;625;42;-2.34;-2.34;23.14;84
161237;625;42;-2.34;-2.34;23.14;84
161248;625;42;-2.34;-2.34;23.14;84
161257;624;42;-2.34;-2.34;23.14;84
161266;624;42;-2.34;-2.34;23.14;84
161275;624;42;-2.34;-2.34;23.14;84
161286;624;42;-2.34;-2.34;23.14;84
161298;624;42;-2.34;-2.34;23.14;84
161307;624;42;-2.34;-2.34;23.14;84
161315;624;42;-1.56;-2.34;23.14;84
161327;624;42;-1.56;-2.34;23.14;84
161336;625;42;-1.56;-2.34;23.14;84
161346;625;42;-1.56;-2.34;23.14;84
161355;626;42;-1.56;-2.34;23.14;84
161367;626;42;-1.56;-2.34;23.14;84
161376;627;42;-1.56;-2.34;23.14;84
161387;627;42;-1.56;-2.34;23.14;84
161395;627;42;-1.56;-2.34;23.14;84
161406;627;42;-1.56;-2.34;23.14;84
161417;627;42;-1.56;-2.34;23.14;84
161426;627;42;-1.56;-2.34;23.14;84
161435;627;42;-2.34;-2.34;23.14;84
161447;626;42;-2.34;-2.34;23.14;84
161456;626;42;-2.34;-2.34;22.75;84
161466;625;42;-2.34;-2.34;22.75;84
161475;625;42;-2.34;-2.34;22.75;84
161487;625;42;-2.34;-2.34;22.75;84
161495;624;42;-2.34;-2.34;22.75;84
161507;624;42;-2.34;-2.34;22.75;84
161516;623;42;-2.34;-2.34;22.75;84
161527;623;42;-2.34;-2.34;22.75;84
161536;623;42;-2.34;-2.34;22.75;84
161545;622;42;-2.34;-2.34;22.75;84
161556;622;42;-2.34;-2.34;22.75;84
161566;622;42;-2.34;-2.34;22.75;84
161576;622;42;-2.34;-2.34;22.75;84
161587;623;42;-2.34;-2.34;22.75;84
161596;623;42;-2.34;-2.34;22.75;84
161608;624;42;-2.34;-2.34;22.75;84
161616;625;42;-2.34;-2.34;22.75;84
161625;625;42;-2.34;-2.34;22.75;84
161636;625;42;-2.34;-2.34;22.75;84
161645;625;42;-2.34;-2.34;22.75;84
161657;626;42;-2.34;-2.34;22.75;84
161666;626;42;-2.34;-2.34;22.75;84
161677;626;42;-2.34;-2.34;22.75;84
161687;626;42;-2.34;-2.34;22.75;84
161697;627;42;-2.34;-2.34;22.75;84
161706;628;42;-2.34;-2.34;22.75;84
161716;628;42;-2.34;-2.34;22.75;84
161727;629;42;-2.34;-2.34;22.75;84
161736;630;42;-2.34;-2.34;22.75;84
161746;631;42;-2.34;-2.34;22.75;84
161757;630;42;-2.34;-2.34;22.75;84
161766;629;42;-2.34;-2.34;22.75;84
161777;628;42;-2.34;-2.34;22.75;84
161785;627;42;-2.34;-2.34;22.75;84
161797;627;42;-2.34;-2.34;22.75;84
161806;626;42;-2.34;-2.34;22.75;84
161816;625;42;-2.34;-2.34;22.75;84
161828;625;42;-2.34;-2.34;22.75;84
161838;624;42;-2.34;-2.34;22.75;84
161846;624;42;-2.34;-2.34;22.75;84
161857;623;42;-1.56;-2.34;22.75;84
161866;623;42;-1.56;-2.34;22.75;84
161875;623;42;-1.56;-2.34;22.75;84
161887;624;42;-1.56;-2.34;22.75;84
161897;624;42;-1.56;-2.34;22.75;84
161907;625;42;-1.56;-2.34;22.75;84
161915;625;42;-1.56;-2.34;22.75;84
161928;626;42;-1.56;-2.34;22.75;84
161947;626;42;-1.56;-2.34;22.75;84
161957;626;42;-1.56;-2.34;22.75;84
161966;626;42;-1.56;-2.34;22.75;84
161976;626;42;-1.56;-2.34;22.75;84
161988;626;42;-1.56;-2.34;22.75;84
161997;626;42;-1.56;-2.34;22.75;84
162005;626;42;-1.56;-2.34;22.75;84
162017;625;42;-1.56;-2.34;22.75;84
162026;624;42;-1.56;-2.34;22.75;84
162037;623;42;-1.56;-2.34;22.75;84
162047;622;42;-1.56;-2.34;22.75;84
162056;622;42;-1.56;-2.34;22.75;84
162066;620;42;-1.56;-2.34;22.75;84
162077;619;42;-1.56;-2.34;22.75;84
162086;618;42;-1.56;-2.34;22.75;84
162096;616;42;-1.56;-2.34;22.75;84
162108;615;42;-1.56;-2.34;22.75;84
162117;614;42;-1.56;-2.34;22.75;84
162125;615;42;-1.56;-2.34;23.14;84
162137;617;42;-1.56;-2.34;23.14;84
162147;619;42;-1.56;-2.34;23.14;84
162158;620;42;-1.56;-2.34;23.14;84
162168;622;42;-1.56;-2.34;23.14;84
162177;623;42;-1.56;-2.34;23.14;84
162186;623;42;-1.56;-2.34;23.14;84
162196;623;42;-1.56;-2.34;23.14;84
162204;623;42;-1.56;-2.34;23.14;84
162217;623;42;-1.56;-2.34;23.14;84
162223;623;42;-1.56;-2.34;23.14;84
162236;623;42;-1.56;-2.34;23.14;84
162244;623;42;-1.56;-2.34;23.14;84
162254;623;42;-1.56;-2.34;23.14;84
162268;623;42;-1.56;-2.34;23.14;84
162276;623;42;-1.56;-2.34;23.14;84
162283;623;42;-1.56;-2.34;23.14;84
162297;623;42;-1.56;-2.34;23.14;84
162305;622;42;-1.56;-2.34;23.14;84
162318;621;42;-1.56;-2.34;23.14;84
162325;621;42;-1.56;-2.34;23.14;84
162334;620;42;-1.56;-2.34;23.14;84
162346;619;42;-2.34;-2.34;23.14;84
162356;619;42;-2.34;-2.34;23.14;84
162365;619;42;-2.34;-2.34;23.14;84
162376;620;42;-2.34;-2.34;23.14;84
162385;621;42;-2.34;-2.34;23.14;84
162398;621;42;-2.34;-2.34;23.14;84
162404;622;42;-2.34;-2.34;23.14;84
162415;623;42;-2.34;-2.34;23.14;84
162427;623;42;-2.34;-2.34;23.14;84
162433;623;42;-2.34;-2.34;23.14;84
162445;623;42;-2.34;-2.34;23.14;84
162456;623;42;-2.34;-2.34;23.14;84
162466;624;42;-2.34;-2.34;23.14;84
162477;624;42;-2.34;-2.34;23.14;84
162485;625;42;-2.34;-2.34;23.14;84
162495;626;42;-2.34;-2.34;23.14;84
162507;627;42;-2.34;-2.34;23.14;84
162516;628;42;-2.34;-2.34;23.14;84
162526;628;42;-2.34;-2.34;23.14;84
162534;629;42;-2.34;-2.34;23.14;84
162545;630;42;-2.34;-2.34;23.14;84
162556;630;42;-2.34;-2.34;23.14;84
162565;630;42;-2.34;-2.34;23.14;84
162577;630;42;-2.34;-2.34;23.14;84
162588;630;42;-2.34;-2.34;23.14;84
162598;630;42;-2.34;-2.34;23.14;84
162604;628;42;-2.34;-2.34;23.14;84
162615;626;42;-2.34;-2.34;23.14;84
162627;624;42;-2.34;-2.34;23.14;84
162638;621;42;-2.34;-2.34;23.14;84
162645;619;42;-2.34;-2.34;23.14;84
162654;617;42;-2.34;-2.34;23.14;84
162667;617;42;-2.34;-2.34;23.14;84
162677;618;42;-2.34;-2.34;23.14;84
162686;619;42;-2.34;-2.34;23.14;84
162694;619;42;-2.34;-2.34;23.14;84
162705;620;42;-2.34;-2.34;23.14;84
162717;620;42;-2.34;-2.34;23.14;84
162727;621;42;-2.34;-2.34;23.14;84
162736;622;42;-2.34;-2.34;23.14;84
162748;623;42;-2.34;-2.34;23.14;84
162754;625;42;-2.34;-2.34;23.14;84
162768;626;42;-2.34;-2.34;23.14;84
162779;627;42;-2.34;-2.34;23.14;84
162797;627;42;-2.34;-2.34;23.14;84
162805;627;42;-2.34;-2.34;23.14;84
162815;628;42;-2.34;-2.34;23.14;84
162825;628;42;-2.34;-2.34;23.14;84
162834;629;42;-2.34;-2.34;23.14;84
162845;629;42;-2.34;-2.34;23.14;84
162856;629;42;-2.34;-2.34;23.14;84
162865;628;42;-2.34;-2.34;23.14;84
162875;628;42;-2.34;-2.34;23.14;84
162885;627;42;-2.34;-2.34;23.14;84
162896;627;42;-1.56;-2.34;23.14;84
162907;626;42;-1.56;-2.34;23.14;84
162915;624;42;-1.56;-2.34;23.14;84
162926;622;42;-1.56;-2.34;23.14;84
162937;620;42;-1.56;-2.34;23.14;84
162946;618;42;-1.56;-2.34;23.14;84
162957;617;42;-1.56;-2.34;23.14;84
162965;615;42;-1.56;-2.34;23.14;84
162976;615;42;-1.56;-2.34;23.14;84
162987;615;42;-1.56;-2.34;23.14;84
162995;615;42;-1.56;-2.34;23.14;84
163007;615;42;-1.56;-2.34;23.14;84
163015;616;42;-1.56;-2.34;23.14;84
163025;616;42;-1.56;-2.34;23.14;84
163036;618;42;-1.56;-2.34;23.14;84
163045;619;42;-1.56;-2.34;23.14;84
163055;621;42;-1.56;-2.34;23.14;84
163065;623;42;-1.56;-2.34;23.14;84
163078;624;42;-1.56;-2.34;23.14;84
163096;626;42;-1.56;-2.34;23.14;84
163105;626;42;-1.56;-2.34;23.14;84
163117;626;42;-1.56;-2.34;23.14;84
163126;626;42;-1.56;-2.34;23.14;84
163134;626;42;-1.56;-2.34;23.14;84
163146;626;42;-2.34;-2.34;23.14;84
163154;626;42;-2.34;-2.34;23.14;84
163166;626;42;-2.34;-2.34;23.14;84
163176;625;42;-2.34;-2.34;23.14;84
163185;625;42;-2.34;-2.34;23.14;84
163198;625;42;-2.34;-2.34;23.14;84
163204;624;42;-2.34;-2.34;23.14;84
163216;624;42;-2.34;-2.34;23.14;84
163224;624;42;-2.34;-2.34;23.14;84
163235;623;42;-2.34;-2.34;23.14;84
163244;623;42;-2.34;-2.34;23.14;84
163257;622;42;-2.34;-2.34;23.14;84
163266;622;42;-2.34;-2.34;23.14;84
163277;621;42;-2.34;-2.34;23.14;84
163284;622;42;-2.34;-2.34;23.14;84
163294;624;42;-2.34;-2.34;23.14;84
163305;625;42;-2.34;-2.34;23.14;84
163315;626;42;-2.34;-2.34;23.14;84
163324;628;42;-2.34;-2.34;23.14;84
163336;629;42;-2.34;-2.34;23.14;84
163344;629;42;-2.34;-2.34;23.14;84
163360;629;42;-2.34;-2.34;23.14;84
163377;629;42;-2.34;-2.34;23.14;84
163386;629;42;-2.34;-2.34;23.14;84
163395;629;42;-2.34;-2.34;23.14;84
163407;629;42;-2.34;-3.13;23.14;84
163416;628;42;-2.34;-3.13;23.14;84
163425;627;42;-2.34;-3.13;23.14;84
163434;626;42;-2.34;-3.13;23.14;84
163446;625;42;-2.34;-3.13;23.14;84
163456;625;42;-2.34;-3.13;23.14;84
163464;624;42;-2.34;-3.13;23.14;84
163476;624;42;-2.34;-3.13;23.14;84
163485;625;42;-2.34;-3.13;23.14;84
163495;625;42;-2.34;-3.13;23.14;84
163504;625;42;-2.34;-3.13;23.14;84
163516;626;42;-2.34;-3.13;23.14;84
163525;626;42;-2.34;-3.13;23.14;84
163536;625;42;-2.34;-3.13;23.14;84
163544;624;42;-2.34;-3.13;23.14;84
163556;623;42;-2.34;-3.13;23.14;84
163566;622;42;-2.34;-3.13;23.14;84
163575;621;42;-2.34;-3.13;23.14;84
163586;619;42;-2.34;-3.13;23.14;84
163595;619;42;-2.34;-3.13;23.14;84
163606;619;42;-2.34;-3.13;23.14;84
163614;619;42;-2.34;-3.13;23.14;84
163625;619;42;-2.34;-3.13;23.14;84
163634;619;42;-2.34;-3.13;23.14;84
163647;619;42;-2.34;-3.13;23.14;84
163655;621;42;-2.34;-3.13;23.14;84
163666;622;42;-2.34;-3.13;23.14;84
163678;623;42;-2.34;-3.13;23.14;84
163686;625;42;-2.34;-3.13;23.14;84
163696;626;42;-1.56;-3.13;23.14;84
163705;627;42;-1.56;-2.34;23.14;84
163715;627;42;-1.56;-2.34;23.14;84
163726;627;42;-1.56;-2.34;23.14;84
163736;627;42;-1.56;-2.34;23.14;84
163746;627;42;-1.56;-2.34;23.14;84
163755;626;42;-1.56;-2.34;23.14;84
163764;626;42;-1.56;-2.34;23.14;84
163775;626;42;-1.56;-2.34;23.14;84
163784;625;42;-1.56;-2.34;23.14;84
163796;624;42;-1.56;-2.34;23.14;84
163804;624;42;-1.56;-2.34;23.14;84
163816;623;42;-1.56;-2.34;23.14;84
163824;623;42;-1.56;-2.34;23.14;84
163835;623;42;-1.56;-2.34;23.14;84
163844;622;42;-1.56;-2.34;23.14;84
163854;622;42;-1.56;-2.34;23.14;84
163865;622;42;-1.56;-2.34;23.14;84
163874;622;42;-2.34;-2.34;23.14;84
163884;622;42;-2.34;-2.34;23.14;84
163897;622;42;-2.34;-2.34;23.14;84
163906;623;42;-2.34;-2.34;23.14;84
163914;623;42;-2.34;-2.34;23.14;84
163925;623;42;-2.34;-2.34;23.14;84
163937;624;42;-2.34;-2.34;23.14;84
163946;624;42;-2.34;-2.34;23.14;84
163955;624;42;-2.34;-2.34;23.14;84
163964;623;42;-2.34;-2.34;23.14;84
163976;623;42;-2.34;-2.34;23.14;84
163985;623;42;-2.34;-2.34;23.14;84
163995;622;42;-2.34;-2.34;23.14;84
164005;622;42;-2.34;-2.34;23.14;84
164014;622;42;-2.34;-2.34;23.14;84
164026;623;42;-2.34;-2.34;23.14;84
164034;623;42;-2.34;-2.34;23.14;84
164047;623;42;-2.34;-2.34;23.14;84
164056;624;42;-2.34;-2.34;23.14;84
164064;624;42;-2.34;-2.34;23.14;84
164076;625;42;-2.34;-2.34;23.14;84
164085;625;42;-2.34;-2.34;23.14;84
164096;626;42;-2.34;-2.34;23.14;84
164106;626;42;-2.34;-2.34;23.14;84
164115;627;42;-2.34;-2.34;23.14;84
164124;628;42;-2.34;-2.34;23.14;84
164135;628;42;-2.34;-2.34;23.14;84
164146;628;42;-2.34;-2.34;23.14;84
164156;628;42;-2.34;-2.34;23.14;84
164165;629;42;-2.34;-2.34;23.14;84
164175;629;42;-2.34;-2.34;23.14;84
164186;629;42;-2.34;-2.34;23.14;84
164195;630;42;-2.34;-2.34;23.14;84
164204;630;42;-2.34;-2.34;23.14;84
164215;631;42;-2.34;-2.34;23.14;84
164227;631;42;-2.34;-2.34;23.14;84
164236;631;42;-2.34;-2.34;23.14;84
164247;632;42;-2.34;-2.34;23.14;84
164256;630;42;-2.34;-2.34;23.14;84
164264;629;42;-2.34;-2.34;23.14;84
164276;628;42;-2.34;-2.34;23.14;84
164285;627;42;-2.34;-2.34;23.14;84
164296;626;42;-2.34;-2.34;23.14;84
164305;625;42;-2.34;-2.34;23.14;84
164317;624;42;-2.34;-2.34;23.14;84
164327;623;42;-2.34;-2.34;23.14;84
164336;623;42;-2.34;-2.34;23.14;84
164346;622;42;-2.34;-2.34;23.14;84
164356;621;42;-2.34;-2.34;23.14;84
164365;620;42;-2.34;-2.34;23.14;84
164377;620;42;-2.34;-2.34;23.14;84
164386;621;42;-2.34;-2.34;23.14;84
164397;621;42;-2.34;-2.34;23.14;84
164406;621;42;-2.34;-2.34;23.14;84
164414;621;42;-2.34;-2.34;23.14;84
164426;621;42;-2.34;-2.34;23.14;84
164435;622;42;-2.34;-2.34;23.14;84
164447;623;42;-2.34;-2.34;23.14;84
164455;624;42;-2.34;-2.34;23.14;84
164465;625;42;-2.34;-2.34;23.14;84
164475;626;42;-2.34;-2.34;23.14;84
164487;627;42;-2.34;-2.34;23.14;84
164495;627;42;-2.34;-2.34;23.14;84
164507;627;42;-2.34;-2.34;23.14;84
164516;628;42;-2.34;-2.34;23.14;84
164526;628;42;-2.34;-2.34;23.14;84
164535;628;42;-2.34;-2.34;23.14;84
164544;628;42;-2.34;-2.34;23.14;84
164556;627;42;-2.34;-2.34;22.75;84
164564;625;42;-2.34;-2.34;22.75;84
164576;624;42;-2.34;-2.34;22.75;84
164587;622;42;-2.34;-2.34;22.75;84
164597;621;42;-2.34;-2.34;22.75;84
164606;620;42;-2.34;-2.34;22.75;84
164616;620;42;-2.34;-2.34;22.75;84
164625;621;42;-2.34;-2.34;22.75;84
164634;621;42;-2.34;-2.34;22.75;84
164646;622;42;-2.34;-2.34;22.75;84
164656;622;42;-2.34;-2.34;22.75;84
164668;623;42;-2.34;-2.34;22.75;84
164675;622;42;-2.34;-2.34;23.14;84
164685;621;42;-2.34;-2.34;23.14;84
164696;620;42;-2.34;-2.34;23.14;84
164706;620;42;-2.34;-2.34;23.14;84
164716;619;42;-2.34;-2.34;23.14;84
164726;618;42;-2.34;-2.34;23.14;84
164735;618;42;-2.34;-2.34;23.14;84
164746;619;42;-2.34;-2.34;23.14;84
164756;619;42;-2.34;-2.34;23.14;84
164765;619;42;-2.34;-2.34;23.14;84
164777;620;42;-2.34;-2.34;23.14;84
164787;620;42;-2.34;-2.34;23.14;84
164799;621;42;-2.34;-2.34;23.14;84
164816;622;42;-2.34;-2.34;23.14;84
164826;624;42;-2.34;-2.34;23.14;84
164836;625;42;-2.34;-2.34;23.14;84
164845;626;42;-2.34;-2.34;23.14;84
164857;628;42;-2.34;-2.34;23.14;84
164866;628;42;-2.34;-2.34;23.14;84
164874;627;42;-2.34;-2.34;23.14;84
164886;627;42;-2.34;-2.34;23.14;84
164895;627;42;-2.34;-2.34;23.14;84
164906;627;42;-2.34;-2.34;23.14;84
164915;627;42;-2.34;-2.34;23.14;84
164925;627;42;-2.34;-2.34;23.14;84
164936;627;42;-2.34;-2.34;23.14;84
164947;628;42;-2.34;-2.34;23.14;84
164956;628;42;-2.34;-2.34;23.14;84
164964;628;42;-2.34;-2.34;23.14;84
164976;628;42;-2.34;-2.34;23.14;84
164986;628;42;-2.34;-2.34;23.14;84
164995;628;42;-2.34;-2.34;23.14;84
165005;628;42;-2.34;-2.34;23.14;84
165016;628;42;-2.34;-2.34;23.14;84
165027;628;42;-2.34;-2.34;23.14;84
165037;627;42;-2.34;-2.34;23.14;84
165045;627;42;-2.34;-2.34;23.14;84
165058;626;42;-2.34;-2.34;23.14;84
165065;626;42;-2.34;-2.34;23.14;84
165075;625;42;-2.34;-2.34;23.14;84
165086;624;42;-2.34;-2.34;23.14;84
165097;624;42;-2.34;-2.34;23.14;84
165106;623;42;-2.34;-2.34;23.14;84
165117;623;42;-2.34;-2.34;23.14;84
165127;623;42;-2.34;-2.34;23.14;84
165136;623;42;-2.34;-2.34;23.14;84
165145;622;42;-2.34;-2.34;23.14;84
165156;622;42;-2.34;-2.34;23.14;84
165166;622;42;-2.34;-2.34;23.14;84
165177;622;42;-2.34;-2.34;23.14;84
165186;622;42;-2.34;-2.34;23.14;84
165197;622;42;-2.34;-2.34;23.14;84
165206;623;42;-2.34;-2.34;23.14;84
165217;623;42;-2.34;-2.34;23.14;84
165225;623;42;-2.34;-2.34;23.14;84
165236;624;42;-2.34;-2.34;23.14;84
165245;624;42;-2.34;-2.34;23.14;84
165255;625;42;-2.34;-2.34;23.14;84
165266;625;42;-2.34;-2.34;23.14;84
165277;626;42;-2.34;-2.34;23.14;84
165286;625;42;-2.34;-2.34;23.14;84
165295;625;42;-2.34;-2.34;23.14;84
165307;625;42;-2.34;-2.34;23.14;84
165316;624;42;-2.34;-2.34;23.14;84
165327;624;42;-2.34;-2.34;23.14;84
165345;623;42;-2.34;-2.34;23.14;84
165356;623;42;-2.34;-2.34;23.14;84
165365;623;42;-2.34;-2.34;23.14;84
165376;623;42;-2.34;-2.34;23.14;84
165385;623;42;-2.34;-2.34;23.14;84
165396;623;42;-2.34;-2.34;23.14;84
165407;623;42;-2.34;-2.34;23.14;84
165416;622;42;-2.34;-2.34;23.14;84
165427;621;42;-2.34;-2.34;23.14;84
165436;620;42;-2.34;-2.34;23.14;84
165445;619;42;-2.34;-2.34;23.14;84
165455;618;42;-2.34;-2.34;23.14;84
165466;617;42;-2.34;-2.34;23.14;84
165477;617;42;-2.34;-2.34;23.14;84
165485;617;42;-2.34;-2.34;23.14;84
165496;617;42;-2.34;-2.34;23.14;84
165506;617;42;-2.34;-2.34;23.14;84
165515;616;42;-2.34;-2.34;23.14;84
165526;616;42;-2.34;-2.34;23.14;84
165538;616;42;-2.34;-2.34;23.14;84
165546;616;42;-2.34;-2.34;23.14;84
165556;617;42;-2.34;-2.34;23.14;84
165565;617;42;-2.34;-2.34;23.14;84
165575;617;42;-2.34;-2.34;23.14;84
165587;617;42;-2.34;-2.34;23.14;84
165595;618;42;-2.34;-2.34;23.14;84
165606;619;42;-2.34;-2.34;23.14;84
165617;620;42;-2.34;-2.34;23.14;84
165627;621;42;-2.34;-2.34;23.14;84
165636;621;42;-3.13;-2.34;23.14;84
165646;622;42;-3.13;-2.34;23.14;84
165657;622;42;-3.13;-2.34;23.14;84
165666;622;42;-3.13;-2.34;23.14;84
165676;621;42;-3.13;-2.34;23.14;84
165686;621;42;-3.13;-2.34;23.14;84
165695;621;42;-2.34;-2.34;23.14;84
165708;620;42;-2.34;-2.34;23.14;84
165716;619;42;-2.34;-2.34;23.14;84
165728;618;42;-2.34;-2.34;23.14;84
165745;617;42;-2.34;-2.34;23.14;84
165757;616;42;-2.34;-2.34;23.14;84
165767;615;42;-2.34;-2.34;23.14;84
165776;614;42;-2.34;-2.34;23.14;84
165785;614;42;-2.34;-2.34;23.14;84
165797;615;42;-2.34;-2.34;23.14;84
165808;615;42;-2.34;-2.34;23.14;84
165818;615;42;-2.34;-2.34;23.14;84
165826;616;42;-2.34;-2.34;23.14;84
165835;616;42;-2.34;-2.34;23.14;84
165847;617;42;-2.34;-2.34;23.53;84
165856;617;42;-2.34;-2.34;23.53;84
165865;618;42;-2.34;-2.34;23.53;84
165876;618;42;-2.34;-2.34;23.53;84
165885;619;42;-2.34;-2.34;23.53;84
165897;619;42;-2.34;-2.34;23.53;84
165905;620;42;-2.34;-2.34;23.53;84
165918;620;42;-2.34;-2.34;23.53;84
165926;620;42;-2.34;-2.34;23.53;84
165935;620;42;-2.34;-2.34;23.53;84
165946;621;42;-2.34;-2.34;23.53;84
165957;621;42;-2.34;-2.34;23.53;84
165966;622;42;-2.34;-2.34;23.53;84
165977;622;42;-2.34;-2.34;23.53;84
165987;623;42;-2.34;-2.34;23.53;84
165996;624;42;-2.34;-2.34;23.53;84
166006;624;42;-2.34;-2.34;23.53;84
166018;625;42;-2.34;-2.34;23.53;84
166027;624;42;-2.34;-2.34;23.53;84
166036;623;42;-2.34;-2.34;23.53;84
166047;621;42;-2.34;-2.34;23.53;84
166058;620;42;-2.34;-2.34;23.53;84
166066;619;42;-2.34;-2.34;23.53;84
166077;617;42;-2.34;-2.34;23.53;84
166086;617;42;-2.34;-2.34;23.53;84
166098;617;42;-2.34;-2.34;23.53;84
166106;617;42;-2.34;-2.34;23.53;84
166115;617;42;-2.34;-2.34;23.53;84
166128;617;42;-2.34;-2.34;23.53;84
166137;617;42;-2.34;-2.34;23.53;84
166147;618;42;-2.34;-2.34;23.53;84
166156;619;42;-2.34;-2.34;23.53;84
166167;620;42;-2.34;-2.34;23.53;84
166178;622;42;-2.34;-2.34;23.53;84
166188;623;42;-2.34;-2.34;23.53;84
166197;624;42;-2.34;-2.34;23.53;84
166206;624;42;-2.34;-2.34;23.53;84
166215;625;42;-2.34;-2.34;23.53;84
166227;626;42;-2.34;-2.34;23.53;84
166236;626;42;-2.34;-2.34;23.53;84
166247;627;42;-2.34;-2.34;23.53;84
166255;628;42;-2.34;-2.34;23.53;84
166266;626;42;-2.34;-2.34;23.53;84
166277;625;42;-2.34;-2.34;23.53;84
166286;623;42;-2.34;-2.34;23.53;84
166296;622;42;-2.34;-2.34;23.53;84
166307;620;42;-2.34;-2.34;23.53;84
166316;619;42;-2.34;-2.34;23.53;84
166325;620;42;-2.34;-2.34;23.53;84
166337;621;42;-2.34;-2.34;23.53;84
166346;622;42;-2.34;-2.34;23.53;84
166356;623;42;-2.34;-2.34;23.53;84
166365;624;42;-2.34;-2.34;23.53;84
166376;625;42;-2.34;-2.34;23.53;84
166386;625;42;-2.34;-2.34;23.53;84
166396;624;42;-2.34;-2.34;23.53;84
166408;624;42;-2.34;-2.34;23.53;84
166416;624;42;-2.34;-2.34;23.53;84
166427;623;42;-1.56;-2.34;23.53;84
166436;623;42;-1.56;-2.34;23.53;84
166447;623;42;-1.56;-2.34;23.53;84
166456;622;42;-1.56;-2.34;23.53;84
166467;622;42;-1.56;-2.34;23.53;84
166478;622;42;-1.56;-2.34;23.53;84
166487;622;42;-1.56;-2.34;23.53;84
166496;622;42;-1.56;-3.13;23.53;84
166507;622;42;-1.56;-3.13;23.53;84
166516;622;42;-1.56;-3.13;23.53;84
166526;622;42;-1.56;-3.13;23.53;84
166538;622;42;-1.56;-3.13;23.53;84
166557;622;42;-1.56;-3.13;23.53;84
166567;622;42;-1.56;-3.13;23.53;84
166577;622;42;-1.56;-3.13;23.53;84
166588;623;42;-1.56;-3.13;23.53;84
166604;624;42;-1.56;-3.13;23.53;84
166619;624;42;-1.56;-3.13;23.53;84
166637;625;42;-1.56;-3.13;23.53;84
166648;625;42;-1.56;-2.34;23.53;84
166656;625;42;-1.56;-2.34;23.53;84
166667;625;42;-1.56;-2.34;23.53;84
166676;625;42;-1.56;-2.34;23.53;84
166684;625;42;-1.56;-2.34;23.53;84
166696;625;42;-1.56;-2.34;23.53;84
166704;625;42;-1.56;-2.34;23.53;84
166715;624;42;-1.56;-2.34;23.53;84
166728;624;42;-1.56;-2.34;23.53;84
166736;624;42;-1.56;-2.34;23.53;84
166747;623;42;-1.56;-2.34;23.53;84
166756;623;42;-1.56;-2.34;23.53;84
166768;623;42;-1.56;-2.34;23.53;84
166776;622;42;-1.56;-2.34;23.53;84
166787;621;42;-1.56;-2.34;23.53;84
166796;620;42;-1.56;-2.34;23.53;84
166807;619;42;-1.56;-2.34;23.53;84
166816;619;42;-0.78;-2.34;23.53;84
166826;618;42;-0.78;-2.34;23.53;84
166835;619;42;-0.78;-2.34;23.53;84
166843;620;42;-0.78;-2.34;23.53;84
166856;621;42;-0.78;-2.34;23.53;84
166865;622;42;-0.78;-2.34;23.53;84
166877;623;42;-0.78;-2.34;23.53;84
166884;624;42;-0.78;-2.34;23.53;84
166895;624;42;-0.78;-2.34;23.53;84
166907;624;42;-0.78;-2.34;23.53;84
166915;625;42;-0.78;-2.34;23.53;84
166925;625;42;-0.78;-2.34;23.53;84
166936;625;42;-0.78;-2.34;23.53;84
166945;626;42;-0.78;-2.34;23.53;84
166955;626;42;-0.78;-2.34;23.53;84
166965;626;42;-0.78;-2.34;23.53;84
166979;626;42;-0.78;-2.34;23.53;84
166993;626;42;-0.78;-2.34;23.53;84
167004;626;42;-0.78;-2.34;23.53;84
167017;626;42;-0.78;-2.34;23.53;84
167026;625;42;-0.78;-2.34;23.53;84
167036;623;42;-0.78;-2.34;23.53;84
167044;622;42;-0.78;-2.34;23.53;84
167054;620;42;-0.78;-2.34;23.53;84
167065;618;42;-0.78;-2.34;23.53;84
167074;617;42;-0.78;-2.34;23.53;84
167086;617;42;-0.78;-2.34;23.53;84
167097;617;42;-0.78;-2.34;23.53;84
167106;617;42;-0.78;-2.34;23.53;84
167118;618;42;-0.78;-2.34;23.53;84
167125;618;42;-0.78;-2.34;23.53;84
167134;618;42;-0.78;-2.34;23.53;84
167147;619;42;-0.78;-2.34;23.92;84
167155;620;42;-0.78;-2.34;23.92;84
167166;621;42;-0.78;-2.34;23.92;84
167179;622;42;-0.78;-2.34;23.92;84
167198;623;42;-0.78;-2.34;23.92;84
167204;624;42;-0.78;-2.34;23.92;84
167214;625;42;-0.78;-2.34;23.92;84
167228;625;42;-0.78;-2.34;23.92;84
167237;626;42;-0.78;-2.34;23.92;84
167244;627;42;-0.78;-2.34;23.92;84
167256;628;42;-0.78;-2.34;23.92;84
167265;629;42;-0.78;-1.56;23.92;84
167278;629;42;-0.78;-1.56;23.92;84
167285;628;42;-0.78;-1.56;23.92;84
167294;628;42;-0.78;-1.56;23.92;84
167308;628;42;-0.78;-1.56;23.92;84
167314;627;42;-0.78;-1.56;23.92;84
167325;627;42;-0.78;-1.56;23.92;84
167336;627;42;-0.78;-1.56;23.92;84
167346;627;42;-0.78;-1.56;23.92;84
167355;627;42;-0.78;-1.56;23.92;84
167366;627;42;-0.78;-1.56;23.92;84
167377;627;42;-0.78;-1.56;23.92;84
167385;627;42;-0.78;-1.56;23.92;84
167396;627;42;-0.78;-1.56;23.92;84
167405;626;42;-0.78;-1.56;23.92;84
167417;625;42;-0.78;-1.56;23.92;84
167425;625;42;-0.78;-1.56;23.92;84
167438;624;42;-0.78;-1.56;23.92;84
167456;623;42;-0.78;-1.56;23.92;84
167465;624;42;-0.78;-1.56;23.92;84
167475;624;42;-0.78;-1.56;23.92;84
167484;624;42;-0.78;-1.56;23.92;84
167498;624;42;-0.78;-1.56;23.92;84
167505;624;42;-0.78;-1.56;23.92;84
167514;625;42;-0.78;-1.56;23.92;84
167528;626;42;-0.78;-1.56;23.92;84
167546;626;42;-0.78;-1.56;23.92;84
167555;627;42;-0.78;-1.56;23.92;84
167565;628;42;-0.78;-1.56;23.92;84
167576;629;42;-0.78;-1.56;23.92;84
167587;630;42;-0.78;-1.56;23.92;84
167596;628;42;-0.78;-1.56;23.92;84
167606;626;42;-0.78;-1.56;23.92;84
167614;624;42;-0.78;-1.56;23.92;84
167625;622;42;-0.78;-1.56;23.92;84
167634;620;42;-0.78;-1.56;23.92;84
167644;618;42;-0.78;-1.56;23.92;84
167655;618;42;-0.78;-1.56;23.92;84
167665;618;42;-0.78;-1.56;23.92;84
167675;618;42;-0.78;-1.56;23.92;84
167685;618;42;-0.78;-1.56;23.92;84
167695;619;42;-0.78;-1.56;23.92;84
167706;619;42;-0.78;-1.56;23.92;84
167714;621;42;-0.78;-1.56;23.92;84
167725;623;42;-0.78;-1.56;23.92;84
167734;625;42;-0.78;-1.56;23.92;84
167746;627;42;-0.78;-1.56;23.92;84
167755;629;42;-0.78;-1.56;23.92;84
167766;631;42;-0.78;-1.56;23.92;84
167775;631;42;-0.78;-1.56;23.92;84
167784;630;42;-0.78;-1.56;23.92;84
167795;630;42;-0.78;-1.56;23.92;84
167806;629;42;-0.78;-1.56;23.92;84
167815;629;42;-0.78;-1.56;23.92;84
167827;629;42;-0.78;-1.56;23.92;84
167835;628;42;-0.78;-1.56;23.92;84
167844;628;42;-0.78;-1.56;23.92;84
167856;628;42;-0.78;-1.56;23.92;84
167865;628;42;-0.78;-1.56;23.92;84
167874;628;42;-0.78;-1.56;23.92;84
167885;627;42;-0.78;-1.56;23.92;84
167894;627;42;-0.78;-1.56;23.92;84
167905;627;42;-0.78;-1.56;23.92;84
167917;627;42;-0.78;-1.56;23.92;84
167926;626;42;-0.78;-1.56;23.92;84
167936;626;42;-0.78;-1.56;23.92;84
167945;626;42;-0.78;-1.56;23.92;84
167956;625;42;-0.78;-1.56;23.92;84
167967;625;42;-0.78;-1.56;23.92;84
167976;624;42;-0.78;-1.56;23.92;84
167985;623;42;-0.78;-1.56;23.92;84
167996;623;42;-0.78;-1.56;23.92;84
168006;622;42;-0.78;-1.56;23.92;84
168014;623;42;-0.78;-1.56;23.92;84
168026;623;42;-0.78;-1.56;23.92;84
168035;624;42;-0.78;-1.56;23.92;84
168046;624;42;-0.78;-1.56;23.92;84
168055;624;42;-0.78;-1.56;23.92;84
168066;625;42;-0.78;-1.56;23.92;84
168075;626;42;-0.78;-1.56;23.92;84
168086;628;42;-0.78;-1.56;23.92;84
168094;629;42;-0.78;-1.56;23.92;84
168106;631;42;-0.78;-1.56;23.92;84
168115;633;42;-0.78;-1.56;23.92;84
168126;634;42;-0.78;-1.56;23.92;84
168136;634;42;-0.78;-1.56;23.92;84
168144;633;42;-0.78;-1.56;23.92;84
168156;633;42;-0.78;-1.56;23.92;84
168165;632;42;-0.78;-1.56;23.92;84
168177;632;42;-0.78;-1.56;23.92;84
168185;632;42;-0.78;-1.56;23.92;84
168196;630;42;-0.78;-1.56;23.92;84
168204;629;42;-0.78;-1.56;23.92;84
168215;627;42;-0.78;-1.56;23.92;84
168227;626;42;-0.78;-1.56;23.92;84
168236;624;42;-1.56;-1.56;23.92;84
168245;623;42;-1.56;-1.56;23.92;84
168255;623;42;-1.56;-1.56;23.92;84
168266;622;42;-1.56;-1.56;23.92;84
168277;622;42;-1.56;-1.56;23.92;84
168285;622;42;-1.56;-1.56;23.92;84
168296;622;42;-1.56;-1.56;23.92;84
168306;622;42;-1.56;-1.56;23.92;84
168316;622;42;-1.56;-1.56;23.92;84
168324;622;42;-1.56;-1.56;23.92;84
168336;623;42;-1.56;-1.56;23.92;84
168346;623;42;-1.56;-1.56;23.92;84
168356;624;42;-1.56;-1.56;23.92;84
168367;624;42;-1.56;-1.56;23.92;84
168375;624;42;-1.56;-1.56;24.31;84
168387;624;42;-1.56;-1.56;24.31;84
168397;624;42;-1.56;-1.56;24.31;84
168406;625;42;-1.56;-1.56;24.31;84
168417;625;42;-1.56;-1.56;24.31;84
168426;625;42;-1.56;-1.56;24.31;84
168434;625;42;-1.56;-1.56;24.31;84
168446;625;42;-1.56;-1.56;24.31;84
168455;626;42;-1.56;-1.56;24.31;84
168466;626;42;-1.56;-1.56;24.31;84
168475;626;42;-1.56;-1.56;24.31;84
168485;627;42;-1.56;-0.78;24.31;84
168497;627;42;-1.56;-0.78;24.31;84
168507;628;42;-1.56;-0.78;24.31;84
168515;629;42;-1.56;-0.78;24.31;84
168526;630;42;-1.56;-0.78;24.31;84
168537;630;42;-1.56;-0.78;24.31;84
168544;631;42;-1.56;-0.78;24.31;84
168556;631;42;-1.56;-0.78;24.31;84
168564;631;42;-1.56;-0.78;24.31;84
168576;631;42;-1.56;-0.78;24.31;84
168589;630;42;-1.56;-0.78;24.31;84
168605;630;42;-1.56;-0.78;24.31;84
168616;630;42;-1.56;-0.78;24.31;84
168625;630;42;-1.56;-0.78;24.31;84
168634;630;42;-1.56;-0.78;24.31;84
168646;630;42;-1.56;-0.78;24.31;84
168656;630;42;-1.56;-0.78;24.31;84
168666;629;42;-1.56;-0.78;24.31;84
168675;629;42;-1.56;-0.78;24.31;84
168684;629;42;-1.56;-0.78;24.31;84
168695;628;42;-1.56;-0.78;24.31;84
168706;628;42;-1.56;-0.78;24.31;84
168715;627;42;-1.56;-0.78;24.31;84
168726;626;42;-1.56;-0.78;24.31;84
168735;626;42;-1.56;-0.78;24.31;84
168746;626;42;-1.56;-0.78;24.31;84
168756;626;42;-1.56;-0.78;24.31;84
168766;625;42;-1.56;-0.78;24.31;84
168775;625;42;-1.56;-0.78;24.31;84
168786;625;42;-1.56;-0.78;24.31;84
168797;625;42;-1.56;-0.78;24.31;84
168806;625;42;-1.56;-0.78;24.31;84
168816;626;42;-1.56;-0.78;24.31;84
168824;626;42;-1.56;-0.78;24.31;84
168836;626;42;-1.56;-0.78;24.31;84
168847;626;42;-1.56;-0.78;24.31;84
168856;626;42;-1.56;-0.78;24.31;84
168865;627;42;-1.56;-0.78;24.31;84
168875;628;42;-1.56;-0.78;24.31;84
168884;630;42;-1.56;-0.78;24.31;84
168896;631;42;-1.56;-0.78;24.31;84
168904;632;42;-1.56;-0.78;24.31;84
168916;633;42;-1.56;-0.78;24.31;84
168926;633;42;-1.56;-0.78;24.31;84
168936;632;42;-1.56;-0.78;24.31;84
168947;631;42;-1.56;-0.78;24.31;84
168957;630;42;-1.56;-0.78;24.31;84
168966;630;42;-1.56;-0.78;24.31;84
168975;629;42;-1.56;-0.78;24.31;84
168986;628;42;-1.56;-0.78;24.31;84
168995;628;42;-1.56;-0.78;24.31;84
169007;627;42;-1.56;-0.78;24.31;84
169014;626;42;-1.56;-0.78;24.31;84
169024;626;42;-0.78;-0.78;24.31;84
169034;625;42;-0.78;-0.78;24.31;84
169046;626;42;-0.78;-0.78;24.31;84
169057;627;42;-0.78;-0.78;24.31;84
169066;628;42;-0.78;-0.78;24.31;84
169076;629;42;-0.78;-0.78;24.31;84
169086;630;42;-0.78;-0.78;24.31;84
169095;631;42;-0.78;-0.78;24.31;84
169105;631;42;-0.78;-0.78;24.31;84
169117;631;42;-0.78;-0.78;24.31;84
169125;631;42;-0.78;-0.78;24.31;84
169136;631;42;-0.78;-0.78;24.31;84
169145;631;42;-0.78;-0.78;24.31;84
169156;631;42;-0.78;-0.78;24.31;84
169166;630;42;-0.78;-0.78;24.31;84
169175;629;42;-0.78;-0.78;24.31;84
169185;628;42;-0.78;-0.78;24.31;84
169196;627;42;-0.78;-0.78;24.31;84
169206;626;42;-0.78;-0.78;24.31;84
169216;625;42;-0.78;-0.78;24.31;84
169227;624;42;-0.78;-0.78;24.71;84
169236;624;42;-0.78;-0.78;24.71;84
169247;624;42;-0.78;-0.78;24.71;84
169257;624;42;-0.78;-0.78;24.71;84
169267;623;42;-0.78;-0.78;24.71;84
169277;623;42;-0.78;-0.78;24.71;84
169285;622;42;-0.78;-0.78;24.71;84
169295;621;42;-0.78;-0.78;24.71;84
169305;621;42;-0.78;-0.78;24.71;84
169317;620;42;-0.78;-0.78;24.71;84
169326;619;42;-0.78;-0.78;24.71;84
169336;618;42;-0.78;-0.78;24.71;84
169345;619;42;-0.78;-0.78;24.71;84
169357;620;42;-0.78;-0.78;24.71;84
169366;621;42;-0.78;-0.78;24.71;84
169378;621;42;-0.78;-0.78;24.71;84
169387;622;42;-0.78;-0.78;24.71;84
169396;623;42;-0.78;-0.78;24.71;84
169406;625;42;-0.78;-0.78;24.71;84
169415;626;42;-0.78;-0.78;24.71;84
169425;628;42;-0.78;-0.78;24.71;84
169437;629;42;-0.78;-0.78;24.71;84
169446;631;42;-0.78;-0.78;24.71;84
169455;633;42;-0.78;-0.78;24.71;84
169466;632;42;-0.78;-0.78;25.10;84
169475;632;42;-0.78;-0.78;25.10;84
169485;632;42;-0.78;-0.78;25.10;84
169496;631;42;-0.78;-0.78;25.10;84
169507;631;42;-0.78;-0.78;25.10;84
169516;631;42;-0.78;-0.78;25.10;84
169525;630;42;-0.78;-0.78;25.10;84
169536;630;42;-0.78;-0.78;25.10;84
169546;629;42;-0.78;-0.78;25.10;84
169555;629;42;-0.78;-0.78;25.10;84
169565;628;42;-0.78;-0.78;25.10;84
169577;627;42;-0.78;-0.78;25.10;84
169588;627;42;-0.78;-0.78;25.10;84
169596;627;42;-0.78;-0.78;25.10;84
169608;627;42;-0.78;-0.78;25.10;84
169617;626;42;-0.78;-0.78;25.10;84
169625;626;42;0.00;-0.78;25.10;84
169637;626;42;0.00;-0.78;25.10;84
169646;626;42;0.00;-0.78;25.10;84
169658;626;42;0.00;-0.78;25.10;84
169675;626;42;0.00;-0.78;25.10;84
169686;627;42;0.00;-0.78;25.10;84
169696;627;42;0.00;-0.78;25.10;84
169707;627;42;0.00;-0.78;25.10;84
169716;626;42;0.00;-0.78;25.10;84
169725;626;42;0.00;-0.78;25.10;84
169737;625;42;0.00;-0.78;25.10;84
169747;624;42;0.00;-0.78;25.10;84
169756;624;42;0.00;-0.78;25.10;84
169765;623;42;0.00;-0.78;25.10;84
169776;623;42;0.00;-0.78;25.10;84
169786;624;42;0.00;-0.78;25.10;84
169796;625;42;0.00;-0.78;25.10;84
169806;625;42;0.00;-0.78;25.10;84
169816;626;42;0.00;-0.78;25.10;84
169825;626;42;0.00;-0.78;25.10;84
169836;627;42;0.00;-0.78;25.10;84
169847;627;42;0.00;-0.78;25.10;84
169856;628;42;0.00;-0.78;25.10;84
169867;629;42;0.00;-0.78;25.10;84
169876;629;42;0.00;-0.78;25.10;84
169885;630;42;0.00;-0.78;25.10;84
169896;630;42;0.00;-0.78;25.10;84
169908;629;42;0.00;-0.78;25.10;84
169925;628;42;0.00;-0.78;25.10;84
169937;628;42;0.00;-0.78;25.10;84
169946;627;42;0.00;-0.78;25.10;84
169958;626;42;0.00;-0.78;25.10;84
169977;627;42;0.00;-0.78;25.10;84
169987;627;42;0.00;-0.78;25.10;84
169996;628;42;0.00;-0.78;25.10;84
170005;629;42;0.00;-0.78;25.10;84
170017;629;42;0.00;-0.78;25.10;84
170026;630;42;0.00;-0.78;25.10;84
170036;629;42;0.00;-0.78;25.10;84
170045;629;42;0.00;-0.78;25.10;84
170056;629;42;0.00;-0.78;25.10;84
170065;628;42;0.00;-0.78;25.10;84
170077;628;42;0.00;-0.78;25.10;84
170086;628;42;0.00;-0.78;25.10;84
170098;627;42;0.00;-0.78;25.10;84
170105;626;42;0.00;-0.78;25.10;84
170118;625;42;0.00;-0.78;25.10;84
170124;625;42;0.00;-0.78;25.10;84
170137;624;42;0.00;-0.78;25.10;84
170145;623;42;0.00;-0.78;25.10;84
170155;624;42;0.00;-0.78;25.10;84
170165;625;42;0.00;-0.78;25.10;84
170175;626;42;0.00;-0.78;25.10;84
170186;627;42;0.00;-0.78;25.10;84
170197;628;42;0.00;-0.78;25.10;84
170206;629;42;0.00;-0.78;25.10;84
170214;630;42;0.00;-0.78;25.10;84
170225;630;42;0.00;-0.78;25.10;84
170235;631;42;0.00;-0.78;25.10;84
170246;631;42;0.00;-0.78;25.10;84
170258;632;42;0.00;-0.78;25.10;84
170264;632;42;0.00;-0.78;25.10;84
170275;632;42;0.00;-0.78;25.10;84
170284;631;42;0.00;-0.78;25.10;84
170297;630;42;0.00;-0.78;25.10;84
170305;629;42;0.00;-0.78;25.10;84
170315;628;42;0.00;-0.78;25.10;84
170325;628;42;0.00;-0.78;25.10;84
170337;627;42;0.00;-0.78;25.10;84
170344;627;42;0.00;-0.78;25.10;84
170355;627;42;0.00;-0.78;25.10;84
170364;627;42;0.00;-0.78;25.10;84
170376;626;42;0.00;-0.78;25.10;84
170386;626;42;0.00;-0.78;25.10;84
170397;627;42;0.00;-0.78;25.10;84
170405;628;42;0.00;-0.78;25.10;84
170417;629;42;0.00;-0.78;25.10;84
170425;630;42;0.00;-0.78;25.10;84
170435;631;42;0.00;-0.78;25.10;84
170446;632;42;0.00;-0.78;25.10;84
170455;632;42;0.00;-0.78;25.10;84
170466;632;42;0.00;-0.78;25.10;84
170477;632;42;0.00;-0.78;25.10;84
170483;631;42;0.00;-0.78;25.10;84
170497;631;42;0.00;-0.78;25.10;84
170505;631;42;0.00;-0.78;25.10;84
170515;631;42;0.00;-0.78;25.10;84
170526;630;42;0.00;-0.78;25.10;84
170535;630;42;0.00;-0.78;25.10;84
170545;629;42;0.00;-0.78;25.10;84
170554;629;42;0.00;-0.78;25.10;84
170566;628;42;0.00;-0.78;25.10;84
170577;630;42;0.00;-0.78;25.10;84
170587;631;42;0.00;-0.78;25.10;84
170597;632;42;0.00;-0.78;25.10;84
170607;633;42;0.00;-0.78;25.10;84
170615;635;42;0.00;-0.78;25.10;84
170623;636;42;0.00;-0.78;25.10;84
170635;635;42;0.00;-0.78;24.71;84
170645;635;42;0.00;-0.78;24.71;84
170655;634;42;0.00;-0.78;24.71;84
170666;633;42;0.00;-0.78;24.71;84
170676;633;42;0.00;-0.78;24.71;84
170684;632;42;0.00;-0.78;24.71;84
170695;631;42;0.00;-0.78;24.71;84
170706;631;42;0.00;-0.78;24.71;84
170717;630;42;0.00;-0.78;24.71;84
170726;630;42;0.00;-0.78;24.71;84
170735;629;42;0.00;-0.78;24.71;84
170743;628;42;0.00;-0.78;24.71;84
170756;630;42;0.00;-0.78;24.71;84
170764;631;42;0.00;-0.78;24.71;84
170778;632;42;0.00;-0.78;24.71;84
170784;633;42;0.00;-0.78;24.71;84
170797;634;42;0.00;-0.78;24.71;84
170805;635;42;0.00;-0.78;24.71;84
170813;635;42;0.00;-0.78;24.71;84
170825;634;42;0.00;-0.78;24.71;84
170835;634;42;0.00;-0.78;24.71;84
170844;633;42;0.00;-0.78;24.71;84
170855;633;42;0.00;-0.78;24.71;84
170865;632;42;0.00;0.00;24.71;84
170876;632;42;0.00;0.00;24.71;84
170885;631;42;0.00;0.00;24.71;84
170895;631;42;0.00;0.00;24.71;84
170906;630;42;0.00;0.00;24.71;84
170915;629;42;0.00;0.00;24.71;84
170925;629;42;0.00;0.00;24.71;84
170934;629;42;0.00;0.00;24.71;84
170944;628;42;0.00;0.00;24.71;84
170954;628;42;0.00;0.00;24.71;84
170965;628;42;0.00;0.00;24.71;84
170974;628;42;-0.78;0.00;24.71;84
170985;627;42;-0.78;0.00;24.71;84
170993;628;42;-0.78;0.00;24.71;84
171005;629;42;-0.78;0.00;24.71;84
171015;630;42;-0.78;0.00;24.71;84
171024;631;42;-0.78;0.00;24.71;84
171036;632;42;-0.78;0.00;24.71;84
171046;633;42;-0.78;0.00;24.71;84
171055;633;42;-0.78;0.00;24.71;84
171064;633;42;-0.78;0.00;24.71;84
171075;633;42;-0.78;0.00;24.71;84
171087;633;42;-0.78;0.00;24.71;84
171096;633;42;-0.78;0.00;24.71;84
171105;633;42;-0.78;0.00;24.71;84
171114;634;42;-0.78;0.00;24.71;84
171125;634;42;-0.78;0.00;24.71;84
171136;634;42;-0.78;0.00;24.71;84
171145;634;42;-0.78;0.00;24.71;84
171156;634;42;-0.78;0.00;24.71;84
171165;635;42;-0.78;-0.78;24.71;84
171176;633;42;-0.78;-0.78;24.71;84
171184;631;42;-0.78;-0.78;24.71;84
171193;629;42;-0.78;-0.78;24.71;84
171205;628;42;-0.78;-0.78;24.71;84
171213;626;42;-0.78;-0.78;24.71;84
171226;624;42;-0.78;-0.78;24.71;84
171234;625;42;-0.78;-0.78;24.71;84
171247;625;42;-0.78;-0.78;24.71;84
171256;626;42;-0.78;-0.78;24.71;84
171263;626;42;-0.78;-0.78;24.71;84
171276;627;42;-0.78;-0.78;24.71;84
171284;627;42;-0.78;-0.78;24.71;84
171295;628;42;-0.78;-0.78;24.71;84
171305;629;42;-0.78;-0.78;24.71;84
171314;630;42;-0.78;-0.78;24.71;84
171325;631;42;-0.78;-0.78;24.71;84
171334;633;42;-0.78;-0.78;24.71;84
171344;634;42;-0.78;-0.78;24.71;84
171355;634;42;-0.78;-0.78;24.71;84
171365;635;42;-0.78;-0.78;24.71;84
171375;636;42;-0.78;-0.78;24.71;84
171385;636;42;-0.78;-0.78;24.71;84
171394;637;42;-0.78;-0.78;24.71;84
171405;638;42;-0.78;-0.78;24.71;84
171416;635;42;-0.78;-0.78;24.71;84
171424;633;42;-0.78;-0.78;24.71;84
171436;631;42;-0.78;-0.78;24.71;84
171444;628;42;-0.78;-0.78;24.71;84
171455;626;42;-0.78;-0.78;24.71;84
171467;623;42;-0.78;-0.78;24.71;84
171478;623;42;-0.78;-0.78;24.71;84
171486;623;42;-0.78;-0.78;24.71;84
171496;622;42;-0.78;-0.78;24.71;84
171507;622;42;-0.78;-0.78;24.71;84
171514;622;42;-0.78;-0.78;24.71;84
171524;621;42;-0.78;-0.78;24.71;84
171536;622;42;-0.78;-0.78;25.10;84
171546;623;42;-0.78;-0.78;25.10;84
171554;624;42;-0.78;-0.78;25.10;84
171566;625;42;-0.78;-0.78;25.10;84
171578;626;42;-0.78;-0.78;25.10;84
171585;627;42;-0.78;-0.78;25.10;84
171596;626;42;-0.78;-0.78;25.10;84
171606;626;42;-0.78;-0.78;25.10;84
171615;626;42;-0.78;-0.78;25.10;84
171624;625;42;-0.78;-0.78;25.10;84
171637;625;42;-0.78;-0.78;25.10;84
171646;624;42;-0.78;-0.78;25.10;84
171654;625;42;-0.78;-0.78;25.10;84
171665;625;42;-0.78;-0.78;25.10;84
171674;625;42;-0.78;-0.78;25.10;84
171685;626;42;-0.78;-0.78;25.10;84
171695;626;42;-0.78;-0.78;25.10;84
171705;626;42;-0.78;-0.78;25.10;84
171715;627;42;-0.78;-0.78;25.10;84
171726;628;42;-0.78;-0.78;25.10;84
171737;628;42;-0.78;-0.78;25.10;84
171745;629;42;-0.78;-0.78;25.10;84
171754;630;42;-0.78;-0.78;25.10;84
171765;630;42;-0.78;-0.78;25.10;84
171777;629;42;-0.78;-0.78;25.10;84
171786;628;42;-0.78;-0.78;25.10;84
171797;627;42;-0.78;-0.78;25.10;84
171806;626;42;-0.78;-0.78;25.10;84
171816;625;42;-0.78;-0.78;25.10;84
171825;623;42;-0.78;-0.78;25.10;84
171835;623;42;-0.78;-0.78;25.10;84
171844;622;42;-0.78;-0.78;25.10;84
171855;621;42;-0.78;-0.78;25.10;84
171865;620;42;-0.78;-0.78;25.10;84
171875;619;42;-0.78;-0.78;25.10;84
171886;619;42;-0.78;-0.78;25.10;84
171897;620;42;-0.78;-0.78;25.10;84
171906;622;42;-0.78;-0.78;25.10;84
171915;624;42;-0.78;-0.78;25.10;84
171926;626;42;-0.78;-0.78;25.10;84
171935;628;42;-0.78;-0.78;25.10;84
171946;630;42;-0.78;-0.78;25.10;84
171955;630;42;-0.78;-0.78;25.49;84
171964;630;42;-0.78;-0.78;25.49;84
171975;629;42;-0.78;-0.78;25.49;84
171985;629;42;-0.78;-0.78;25.49;84
171995;629;42;-0.78;-0.78;25.49;84
172007;629;42;-0.78;-0.78;25.49;84
172015;629;42;-0.78;-0.78;25.49;84
172024;629;42;-0.78;-0.78;25.49;84
172036;628;42;-0.78;-0.78;25.49;84
172045;628;42;-0.78;-0.78;25.49;84
172054;628;42;-0.78;-0.78;25.49;84
172066;627;42;-0.78;-0.78;25.49;84
172076;626;42;-0.78;-0.78;25.49;84
172085;626;42;-0.78;-0.78;25.49;84
172096;625;42;-0.78;-0.78;25.49;84
172104;624;42;-0.78;-0.78;25.49;84
172115;624;42;-0.78;-0.78;25.49;84
172125;623;42;-0.78;-0.78;25.49;84
172136;623;42;-0.78;-0.78;25.49;84
172145;623;42;-0.78;-0.78;25.49;84
172156;623;42;-0.78;-0.78;25.49;84
172166;623;42;-0.78;-0.78;25.49;84
172177;624;42;-0.78;-0.78;25.49;84
172184;624;42;-0.78;-0.78;25.49;84
172196;623;42;-0.78;-0.78;25.49;84
172205;622;42;-0.78;-0.78;25.49;84
172214;622;42;-0.78;-0.78;25.49;84
172226;621;42;-0.78;-0.78;25.49;84
172235;620;42;-0.78;-0.78;25.49;84
172244;620;42;-0.78;-0.78;25.49;84
172256;621;42;-0.78;-0.78;25.49;84
172266;623;42;-0.78;-0.78;25.49;84
172275;624;42;-0.78;-0.78;25.49;84
172284;625;42;-0.78;-0.78;25.49;84
172295;627;42;-0.78;-0.78;25.49;84
172306;628;42;-0.78;0.00;25.49;84
172317;629;42;-0.78;0.00;25.49;84
172326;629;42;-0.78;0.00;25.49;84
172335;629;42;-0.78;0.00;25.49;84
172345;629;42;-0.78;0.00;25.49;84
172355;629;42;-0.78;0.00;25.49;84
172365;629;42;-0.78;0.00;25.49;84
172376;629;42;-0.78;0.00;25.49;84
172385;628;42;-0.78;0.00;25.49;84
172394;628;42;-0.78;0.00;25.49;84
172407;628;42;-0.78;0.00;25.49;84
172414;627;42;0.00;0.00;25.49;84
172425;627;42;0.00;0.00;25.49;84
172436;627;42;0.00;0.00;25.49;84
172445;627;42;0.00;0.00;25.49;84
172454;627;42;0.00;0.00;25.49;84
172466;626;42;0.00;0.00;25.49;84
172475;626;42;0.00;0.00;25.49;84
172484;626;42;0.00;-0.78;25.49;84
172495;626;42;0.00;-0.78;25.49;84
172506;626;42;0.00;-0.78;25.49;84
172516;626;42;0.00;-0.78;25.49;84
172524;626;42;0.00;-0.78;25.49;84
172535;626;42;0.00;-0.78;25.49;84
172546;626;42;0.00;-0.78;25.49;84
172555;625;42;0.00;-0.78;25.10;84
172564;625;42;0.00;-0.78;25.10;84
172576;625;42;0.00;-0.78;25.10;84
172588;625;42;0.00;-0.78;25.10;84
172597;625;42;0.00;-0.78;25.10;84
172605;625;42;0.00;-0.78;25.10;84
172616;624;42;0.00;-0.78;25.10;84
172625;624;42;0.00;-0.78;25.10;84
172636;624;42;0.00;-0.78;25.10;84
172646;624;42;0.00;-0.78;25.10;84
172654;623;42;0.00;-0.78;25.10;84
172664;623;42;0.00;-0.78;25.10;84
172676;625;42;0.00;-0.78;25.10;84
172688;627;42;0.00;-0.78;25.10;84
172696;628;42;0.00;-0.78;25.10;84
172706;630;42;0.00;-0.78;25.10;84
172714;632;42;0.00;-0.78;25.10;84
172725;634;42;0.00;-0.78;25.10;84
172734;633;42;0.00;-0.78;25.10;84
172746;632;42;0.00;-0.78;25.10;84
172755;631;42;0.00;-0.78;25.10;84
172766;631;42;0.00;-0.78;25.10;84
172775;630;42;0.00;-0.78;25.10;84
172784;629;42;0.00;-0.78;25.10;84
172794;629;42;0.00;-0.78;25.10;84
172805;629;42;0.00;-0.78;25.10;84
172816;628;42;0.00;-0.78;25.10;84
172824;628;42;0.00;-0.78;25.10;84
172837;628;42;0.00;-0.78;25.10;84
172846;628;42;0.00;-0.78;25.10;84
172857;629;42;0.00;-0.78;25.10;84
172866;630;42;0.00;-0.78;25.10;84
172876;631;42;0.00;-0.78;25.10;84
172886;632;42;0.00;-0.78;25.10;84
172894;633;42;0.00;-0.78;25.10;84
172906;634;42;0.00;-0.78;25.10;84
172916;634;42;0.00;-0.78;25.10;84
172926;633;42;0.00;-0.78;25.10;84
172935;632;42;0.00;-0.78;25.10;84
172946;632;42;0.00;-0.78;25.10;84
172955;631;42;0.00;-0.78;25.10;84
172966;630;42;0.00;-0.78;25.10;84
172976;629;42;0.00;-0.78;25.10;84
172988;628;42;0.00;-0.78;25.10;84
173004;627;42;0.00;-0.78;25.10;84
173016;626;42;0.00;-0.78;25.10;84
173025;625;42;0.00;-0.78;25.10;84
173036;623;42;0.00;0.00;25.10;84
173046;624;42;0.00;0.00;25.10;84
173057;625;42;0.00;0.00;25.10;84
173066;626;42;0.00;0.00;25.10;84
173074;627;42;0.00;0.00;25.10;84
173086;627;42;0.00;0.00;25.10;84
173095;628;42;0.00;0.00;25.10;84
173107;629;42;0.00;0.00;25.10;84
173116;629;42;0.00;0.00;25.10;84
173127;629;42;0.00;0.00;25.10;84
173135;630;42;0.00;0.00;25.10;84
173147;630;42;0.00;0.00;25.10;84
173156;630;42;0.00;0.00;25.10;84
173166;631;42;0.00;0.00;25.10;84
173175;631;42;0.00;0.00;25.10;84
173184;631;42;0.00;0.00;25.10;84
173196;631;42;0.00;0.00;25.10;84
173205;631;42;0.00;0.00;25.10;84
173216;632;42;0.00;0.00;25.10;84
173225;632;42;0.00;0.00;25.10;84
173234;633;42;0.00;0.00;25.10;84
173246;633;42;0.00;0.00;25.10;84
173257;634;42;0.00;0.00;25.10;84
173266;635;42;0.00;0.00;25.10;84
173275;635;42;0.00;0.00;25.10;84
173287;634;42;0.00;0.00;25.10;84
173295;633;42;0.00;0.00;25.10;84
173306;633;42;0.00;0.00;25.10;84
173316;632;42;0.00;0.00;25.10;84
173326;631;42;-0.78;0.00;25.10;84
173336;630;42;-0.78;0.00;25.10;84
173345;630;42;-0.78;0.00;25.10;84
173357;630;42;-0.78;0.00;25.10;84
173364;629;42;-0.78;0.00;25.10;84
173376;629;42;-0.78;0.00;25.10;84
173385;629;42;-0.78;0.00;25.10;84
173396;629;42;-0.78;0.00;25.10;84
173406;628;42;-0.78;0.00;25.10;84
173415;628;42;-0.78;0.00;25.10;84
173424;628;42;-0.78;0.00;25.10;84
173436;628;42;-0.78;0.00;25.10;84
173447;628;42;-0.78;0.00;25.10;84
173457;627;42;-0.78;0.00;25.10;84
173465;627;42;-0.78;0.00;25.10;84
173476;626;42;-0.78;0.00;25.10;84
173487;625;42;-0.78;0.00;25.10;84
173496;624;42;-0.78;0.00;25.10;84
173505;624;42;-0.78;0.00;25.10;84
173516;623;42;-0.78;-0.78;25.10;84
173525;624;42;-0.78;-0.78;25.10;84
173536;625;42;-0.78;-0.78;25.10;84
173545;626;42;-0.78;-0.78;25.10;84
173557;627;42;-0.78;-0.78;25.10;84
173566;628;42;-0.78;-0.78;25.10;84
173576;629;42;-0.78;-0.78;25.10;84
173585;631;42;-0.78;-0.78;25.10;84
173595;632;42;-0.78;-0.78;25.10;84
173606;634;42;-0.78;-0.78;25.10;84
173615;635;42;-0.78;-0.78;25.10;84
173625;637;42;-0.78;-0.78;25.10;84
173636;639;42;-0.78;-0.78;25.10;84
173647;639;42;-0.78;-0.78;25.10;84
173654;639;42;-0.78;-0.78;25.10;84
173667;639;42;-0.78;-0.78;25.10;84
173675;639;42;-0.78;-0.78;25.10;84
173686;639;42;-0.78;-0.78;25.10;84
173696;639;42;-0.78;-0.78;25.10;84
173706;638;42;-0.78;-0.78;25.10;84
173715;637;42;-0.78;-0.78;25.10;84
173727;635;42;-0.78;-0.78;25.10;84
173736;634;43;-0.78;-0.78;25.10;84
173746;633;43;-0.78;-0.78;25.10;84
173756;631;43;-0.78;-0.78;25.10;84
173767;631;43;-0.78;-0.78;24.71;84
173776;630;43;-0.78;-0.78;24.71;84
173785;630;43;-0.78;-0.78;24.71;84
173796;630;43;-0.78;-0.78;24.71;84
173804;629;43;-0.78;-0.78;24.71;84
173815;629;43;-0.78;-0.78;24.71;84
173827;630;43;-0.78;-0.78;24.71;84
173836;631;43;-0.78;-0.78;24.71;84
173845;631;43;-0.78;-0.78;24.71;84
173856;632;43;-0.78;-0.78;24.71;84
173868;633;43;-0.78;-0.78;24.71;84
173876;634;43;-0.78;-0.78;24.71;84
173886;633;43;-0.78;-0.78;24.71;84
173897;632;43;-0.78;-0.78;24.71;84
173905;631;43;-0.78;-0.78;24.71;84
173917;629;43;-0.78;-0.78;24.71;84
173925;628;43;-0.78;-0.78;24.71;84
173935;627;43;-0.78;-0.78;24.71;84
173947;628;43;-0.78;-0.78;24.71;84
173955;629;43;-0.78;-0.78;24.71;84
173966;630;43;-0.78;-0.78;24.71;84
173976;631;42;-0.78;-0.78;24.71;84
173985;632;42;-0.78;-0.78;24.71;84
173997;633;42;-0.78;-0.78;24.71;84
174005;634;42;-0.78;-0.78;24.71;84
174017;636;42;-0.78;-0.78;24.71;84
174026;637;42;-0.78;-0.78;24.71;84
174037;638;42;-0.78;-0.78;24.71;84
174046;640;42;-0.78;-0.78;24.71;84
174056;641;42;-0.78;-0.78;24.71;84
174067;641;42;-0.78;-0.78;24.71;84
174076;641;42;-0.78;-0.78;24.71;84
174085;640;42;-0.78;-0.78;24.71;84
174098;640;42;-0.78;-0.78;24.71;84
174108;640;42;-0.78;-0.78;24.71;84
174125;640;42;-0.78;-0.78;24.71;84
174136;637;42;-0.78;-0.78;24.71;84
174146;635;42;-0.78;-0.78;24.71;84
174155;632;42;-0.78;-0.78;24.71;84
174167;630;42;-0.78;-0.78;24.71;84
174178;627;42;-0.78;-0.78;24.71;84
174196;625;42;-0.78;-0.78;24.71;84
174207;625;42;-0.78;-0.78;24.71;84
174217;625;42;-0.78;-0.78;24.71;84
174226;626;42;-0.78;-0.78;24.71;84
174236;626;43;-0.78;-0.78;24.71;84
174245;626;43;-0.78;-0.78;24.71;84
174257;627;43;-0.78;-0.78;24.71;84
174266;627;43;-0.78;-0.78;24.71;84
174278;628;43;-0.78;-0.78;24.71;84
174285;628;43;-0.78;-0.78;24.71;84
174295;629;43;-0.78;-0.78;24.71;84
174307;629;43;-0.78;-0.78;24.71;84
174316;630;43;-0.78;-0.78;24.71;84
174328;630;43;-0.78;-0.78;24.71;84
174336;631;43;-0.78;-0.78;24.71;84
174346;631;43;-0.78;-0.78;24.71;84
174357;631;43;-0.78;-0.78;24.71;84
174365;632;43;-0.78;-0.78;24.71;84
174376;632;43;-0.78;-0.78;24.71;84
174385;632;43;-0.78;-0.78;24.71;84
174396;633;43;-0.78;-0.78;24.71;84
174405;633;43;-0.78;-0.78;24.71;84
174417;633;43;-0.78;-0.78;24.71;84
174426;634;43;-1.56;-0.78;24.71;84
174436;634;43;-1.56;-0.78;24.71;84
174445;633;43;-1.56;-0.78;24.71;84
174457;632;43;-1.56;-0.78;24.71;84
174467;630;43;-1.56;-0.78;24.71;84
174476;629;43;-1.56;-0.78;24.71;84
174485;628;43;-1.56;-0.78;24.71;84
174495;627;43;-1.56;-0.78;24.71;84
174506;627;43;-1.56;-0.78;24.71;84
174517;627;43;-1.56;-0.78;24.71;84
174526;627;43;-1.56;-0.78;24.71;84
174536;627;42;-1.56;-0.78;24.71;84
174547;627;42;-1.56;-0.78;24.71;84
174557;627;42;-1.56;-0.78;24.71;84
174565;628;42;-1.56;-0.78;24.71;84
174577;630;42;-1.56;-0.78;24.71;84
174585;631;42;-1.56;-0.78;24.71;84
174596;632;42;-1.56;-0.78;24.71;84
174607;633;42;-1.56;-0.78;24.71;84
174616;634;42;-1.56;-0.78;24.71;84
174627;634;42;-1.56;-0.78;24.71;84
174636;633;42;-1.56;-0.78;24.71;84
174646;633;42;-1.56;-0.78;24.71;84
174657;633;42;-1.56;-0.78;24.71;84
174663;633;42;-1.56;-0.78;24.71;84
174676;633;42;-1.56;-1.56;24.71;84
174685;632;42;-1.56;-1.56;24.71;84
174697;632;42;-1.56;-1.56;24.71;84
174706;632;42;-1.56;-1.56;24.71;84
174717;631;42;-1.56;-1.56;24.71;84
174725;631;42;-1.56;-1.56;24.71;84
174737;630;42;-1.56;-1.56;24.71;84
174746;630;42;-1.56;-1.56;24.71;84
174755;629;42;-1.56;-1.56;24.71;84
174763;629;42;-1.56;-1.56;24.71;84
174775;628;43;-1.56;-1.56;24.71;84
174788;628;43;-1.56;-1.56;24.71;84
174794;627;43;-1.56;-1.56;24.71;84
174803;627;43;-1.56;-1.56;24.71;84
174814;627;43;-1.56;-1.56;24.71;84
174825;627;43;-1.56;-1.56;24.71;84
174837;627;42;-1.56;-1.56;24.71;84
174845;627;42;-1.56;-1.56;24.71;84
174855;627;42;-1.56;-1.56;24.71;84
174867;628;42;-1.56;-1.56;24.71;84
174876;628;42;-1.56;-1.56;24.71;84
174885;629;42;-1.56;-1.56;24.71;84
174897;630;42;-1.56;-1.56;24.71;84
174905;630;42;-0.78;-1.56;24.71;84
174916;631;42;-0.78;-1.56;24.71;84
174925;632;42;-0.78;-1.56;24.71;84
174936;632;42;-0.78;-1.56;24.71;84
174945;633;42;-0.78;-1.56;24.71;84
174955;633;43;-0.78;-1.56;24.71;84
174964;634;43;-0.78;-1.56;24.71;84
174976;634;43;-0.78;-1.56;24.71;84
174985;632;43;-0.78;-1.56;24.71;84
174995;630;43;-0.78;-1.56;24.71;84
175004;628;43;-0.78;-1.56;24.71;84
175016;626;43;-0.78;-1.56;24.71;84
175027;624;43;-0.78;-1.56;24.71;84
175035;621;43;-0.78;-1.56;24.71;84
175044;622;43;-0.78;-1.56;24.71;84
175055;622;43;-0.78;-1.56;24.71;84
175063;622;43;-0.78;-1.56;24.71;84
175076;623;43;-0.78;-1.56;24.71;84
175084;623;43;-0.78;-1.56;24.71;84
175096;623;43;-0.78;-1.56;24.71;84
175107;623;43;-0.78;-1.56;24.71;84
175114;623;43;-0.78;-1.56;24.71;84
175124;624;43;-0.78;-1.56;24.71;84
175137;624;43;-0.78;-1.56;24.71;84
175144;624;43;-0.78;-1.56;24.71;84
175154;624;43;-0.78;-1.56;24.71;84
175164;626;43;-0.78;-1.56;25.10;84
175176;627;43;-0.78;-1.56;25.10;84
175187;629;43;-0.78;-1.56;25.10;84
175196;630;43;-0.78;-1.56;25.10;84
175203;632;43;-1.56;-1.56;25.10;84
175217;633;43;-1.56;-1.56;25.10;84
175225;633;43;-1.56;-1.56;25.10;84
175234;632;43;-1.56;-1.56;25.10;84
175246;632;43;-1.56;-1.56;25.10;84
175254;631;43;-1.56;-1.56;25.10;84
175268;631;43;-1.56;-1.56;25.10;84
175278;630;43;-1.56;-1.56;25.10;84
175284;629;43;-1.56;-1.56;25.10;84
175297;628;43;-1.56;-1.56;25.10;84
175305;627;43;-1.56;-1.56;25.10;84
175313;625;43;-1.56;-1.56;25.10;84
175326;624;43;-1.56;-1.56;25.10;84
175335;623;43;-1.56;-0.78;25.10;84
175346;624;43;-1.56;-0.78;25.10;84
175355;624;43;-1.56;-0.78;25.10;84
175365;625;43;-1.56;-0.78;25.10;84
175377;626;43;-1.56;-0.78;25.10;84
175386;626;43;-1.56;-0.78;25.10;84
175395;627;43;-1.56;-0.78;25.10;84
175406;627;43;-1.56;-0.78;25.10;84
175416;626;43;-1.56;-0.78;25.10;84
175427;626;43;-1.56;-0.78;25.10;84
175434;625;43;-1.56;-0.78;25.10;84
175445;625;43;-1.56;-0.78;25.10;84
175456;624;43;-1.56;-0.78;25.10;84
175464;624;43;-1.56;-0.78;25.10;84
175476;625;43;-1.56;-0.78;25.10;84
175487;625;43;-1.56;-0.78;25.10;84
175495;625;43;-1.56;-0.78;25.10;84
175505;626;43;-0.78;-0.78;25.10;84
175514;626;43;-0.78;-0.78;25.10;84
175525;627;43;-0.78;-0.78;25.10;84
175538;628;43;-0.78;-0.78;25.10;84
175554;629;43;-0.78;-0.78;25.10;84
175565;630;43;-0.78;-0.78;25.10;84
175577;632;43;-0.78;-0.78;25.10;84
175585;633;43;-0.78;-0.78;25.10;84
175598;632;43;-0.78;-0.78;25.10;84
175603;631;43;-0.78;-0.78;25.10;84
175615;631;43;-0.78;-0.78;25.10;84
175625;630;43;-0.78;-0.78;25.10;84
175635;629;43;-0.78;-0.78;25.10;84
175646;629;43;-0.78;-0.78;25.10;84
175655;628;43;-0.78;-0.78;25.10;84
175663;627;43;-0.78;-0.78;25.10;84
175676;627;43;-0.78;-0.78;25.10;84
175683;626;43;-0.78;-0.78;25.10;84
175695;626;43;-0.78;-0.78;25.10;84
175706;625;43;-0.78;-0.78;25.10;84
175715;626;43;-0.78;-0.78;25.10;84
175726;626;43;-0.78;-0.78;25.10;84
175734;627;43;-0.78;-0.78;25.10;84
175745;628;43;-0.78;-0.78;25.10;84
175754;628;43;-0.78;-0.78;25.10;84
175765;629;43;-0.78;-0.78;25.10;84
175776;630;43;-0.78;-0.78;25.10;84
175784;630;43;-0.78;-0.78;25.10;84
175795;631;43;-0.78;-0.78;25.10;84
175803;631;43;-0.78;-0.78;25.10;84
175814;632;43;-0.78;-0.78;25.10;84
175826;632;43;-0.78;-0.78;25.10;84
175836;632;43;-0.78;-0.78;25.10;84
175844;632;43;-0.78;-0.78;25.10;84
175856;633;43;-0.78;-0.78;25.10;84
175864;633;43;-0.78;-0.78;25.10;84
175878;633;43;0.00;-0.78;25.10;84
175885;633;43;0.00;-0.78;25.10;84
175896;631;43;0.00;-0.78;25.10;84
175904;630;43;0.00;-0.78;25.10;84
175915;629;43;0.00;-0.78;25.10;84
175926;628;43;0.00;-0.78;25.10;84
175934;627;43;0.00;-0.78;25.10;84
175945;626;43;0.00;-0.78;25.10;84
175954;625;43;0.00;-0.78;25.10;84
175965;624;43;0.00;-0.78;25.10;84
175977;624;43;0.00;-0.78;25.10;84
175985;623;43;0.00;-0.78;25.10;84
175994;622;43;-0.78;-0.78;25.10;84
176006;622;43;-0.78;-0.78;25.10;84
176014;622;43;-0.78;-0.78;25.10;84
176025;623;43;-0.78;-0.78;25.10;84
176036;623;43;-0.78;-0.78;25.10;84
176045;624;43;-0.78;-0.78;25.10;84
176054;624;43;-0.78;-0.78;25.10;84
176065;625;43;-0.78;-0.78;25.10;84
176074;626;43;-0.78;-0.78;25.10;84
176086;627;43;-0.78;-0.78;25.10;84
176096;628;43;-0.78;-0.78;25.10;84
176104;630;43;-0.78;-0.78;25.10;84
176116;631;43;-0.78;-0.78;25.10;84
176125;632;43;-0.78;-0.78;25.10;84
176134;633;43;-0.78;-0.78;25.10;84
176145;633;43;-0.78;-0.78;25.10;84
176155;633;43;-0.78;-0.78;25.10;84
176165;634;43;-0.78;-0.78;25.10;84
176174;634;43;-0.78;-0.78;25.10;84
176185;634;43;-0.78;-0.78;25.10;84
176196;632;43;-0.78;-0.78;25.10;84
176206;630;43;-0.78;-0.78;25.10;84
176215;628;43;-0.78;-0.78;25.10;84
176226;625;43;-0.78;-0.78;25.10;84
176235;623;43;-0.78;-0.78;25.10;84
176244;621;43;-0.78;-0.78;25.10;84
176255;621;43;-0.78;-0.78;25.10;84
176266;621;43;-0.78;-0.78;25.10;84
176277;621;43;-0.78;-0.78;25.10;84
176285;621;43;-0.78;-0.78;25.10;84
176295;621;43;-0.78;-0.78;25.10;84
176305;621;43;-0.78;-0.78;25.10;84
176314;622;43;-0.78;-0.78;25.10;84
176326;623;43;-0.78;-0.78;25.10;84
176335;624;43;-0.78;-0.78;25.10;84
176344;624;43;-0.78;-0.78;25.10;84
176356;625;43;-0.78;-0.78;25.10;84
176364;626;43;-0.78;-0.78;25.10;84
176376;626;43;-0.78;-0.78;25.10;84
176385;627;43;-0.78;-0.78;25.10;84
176396;627;43;-0.78;-0.78;25.10;84
176405;627;43;-0.78;-0.78;25.10;84
176415;628;43;-0.78;-0.78;25.10;84
176425;628;43;-0.78;-0.78;25.10;84
176436;628;43;-0.78;-0.78;25.10;84
176444;628;43;-0.78;-0.78;25.10;84
176456;628;43;-0.78;-0.78;25.10;84
176464;629;43;-0.78;-0.78;25.10;84
176474;629;43;-0.78;-0.78;25.10;84
176485;629;43;-0.78;-0.78;25.10;84
176495;630;43;-0.78;-0.78;25.10;84
176504;630;43;-0.78;-0.78;25.10;84
176515;631;43;-0.78;-0.78;25.10;84
176524;631;43;-0.78;-0.78;25.10;84
176535;631;43;-0.78;-0.78;25.10;84
176546;632;43;-0.78;-0.78;25.10;84
176555;630;43;-0.78;-0.78;25.10;84
176566;628;43;-0.78;-0.78;25.10;84
176578;626;43;-0.78;-0.78;25.10;84
176596;624;43;-0.78;-0.78;25.10;84
176605;622;43;-0.78;-0.78;25.10;84
176615;620;43;-0.78;-0.78;25.10;84
176626;620;43;-0.78;-0.78;25.10;84
176634;619;43;-0.78;-0.78;25.10;84
176644;619;43;-0.78;-0.78;25.10;84
176655;618;43;-0.78;-0.78;25.10;84
176664;618;43;-0.78;-0.78;25.10;84
176674;617;43;-0.78;-0.78;25.10;84
176686;620;43;-0.78;-0.78;25.10;84
176695;622;43;-0.78;-0.78;25.10;84
176704;624;43;-0.78;-0.78;25.10;84
176715;626;43;-0.78;-0.78;25.10;84
176724;628;43;-0.78;-0.78;25.10;84
176737;630;43;-0.78;-0.78;25.10;84
176745;630;43;-0.78;-0.78;25.10;84
176754;630;43;-0.78;-0.78;25.10;84
176767;630;43;-0.78;-0.78;25.10;84
176776;630;43;-0.78;-0.78;25.10;84
176786;630;43;-0.78;-0.78;25.10;84
176796;630;43;-0.78;-0.78;25.10;84
176805;629;43;-0.78;-0.78;25.10;84
176816;628;43;-0.78;-0.78;25.10;84
176825;627;43;-0.78;-0.78;25.10;84
176837;626;43;-0.78;-0.78;25.10;84
176846;626;43;-0.78;-0.78;25.10;84
176854;625;43;-0.78;-0.78;25.10;84
176866;625;43;-0.78;-0.78;25.10;84
176877;625;43;-0.78;-0.78;25.10;84
176886;625;43;-0.78;-0.78;25.10;84
176895;625;43;-0.78;-0.78;25.10;84
176905;625;43;-0.78;-0.78;25.10;84
176916;625;43;-0.78;-0.78;25.10;84
176925;626;43;-0.78;-0.78;25.10;84
176934;626;43;-0.78;-0.78;25.10;84
176945;627;43;-0.78;-0.78;25.10;84
176954;627;43;-0.78;-0.78;25.10;84
176967;628;43;-0.78;-0.78;25.10;84
176975;628;43;-0.78;-0.78;25.10;84
176988;629;43;-0.78;-0.78;25.10;84
176995;629;43;-0.78;-0.78;25.10;84
177007;629;43;-0.78;-0.78;25.10;84
177016;630;43;-0.78;-0.78;25.10;84
177026;630;43;-0.78;-0.78;25.10;84
177034;631;43;-0.78;-0.78;25.10;84
177046;631;43;-0.78;-0.78;25.10;84
177054;632;43;-0.78;-0.78;25.10;84
177065;633;43;-0.78;-0.78;25.10;84
177074;633;43;-0.78;-0.78;25.10;84
177085;634;43;-0.78;-0.78;25.10;84
177094;635;43;-0.78;-0.78;25.10;84
177106;634;43;-0.78;-0.78;25.10;84
177116;633;43;-0.78;-0.78;25.10;84
177127;633;43;-0.78;-0.78;25.10;84
177135;632;43;-0.78;-0.78;25.10;84
177146;631;43;-0.78;-0.78;25.10;84
177155;631;43;-0.78;-0.78;25.10;84
177166;630;43;-0.78;-0.78;24.71;84
177174;629;43;-0.78;-0.78;24.71;84
177186;628;43;-0.78;-0.78;24.71;84
177195;627;43;-0.78;-0.78;24.71;84
177205;626;43;-0.78;-0.78;24.71;84
177216;625;43;-0.78;-0.78;24.71;84
177226;625;43;-0.78;-0.78;25.10;84
177236;625;43;-0.78;-0.78;25.10;84
177244;625;43;-0.78;-0.78;25.10;84
177256;625;43;-0.78;-0.78;25.10;84
177267;625;43;-0.78;-0.78;25.10;84
177276;626;43;-0.78;-0.78;25.10;84
177286;627;43;-0.78;-0.78;25.10;84
177294;627;43;-0.78;-0.78;25.10;84
177306;628;43;-0.78;-0.78;25.10;84
177316;629;43;-0.78;-0.78;25.10;84
177326;630;43;-0.78;-0.78;25.10;84
177335;631;43;-0.78;-0.78;25.10;84
177347;631;43;-0.78;-0.78;24.71;84
177355;631;43;-0.78;-0.78;24.71;84
177364;630;43;-0.78;-0.78;24.71;84
177376;630;43;-0.78;-0.78;24.71;84
177387;630;43;-0.78;-0.78;24.71;84
177396;630;43;-0.78;-0.78;24.71;84
177404;630;43;-0.78;-0.78;24.71;84
177416;630;43;-0.78;-0.78;24.71;84
177425;631;43;-0.78;-0.78;24.71;84
177436;631;43;-0.78;-0.78;24.71;84
177447;631;43;-0.78;-0.78;24.71;84
177456;632;43;-0.78;-0.78;24.71;84
177464;631;43;-0.78;-0.78;24.71;84
177476;629;43;-0.78;-0.78;24.71;84
177486;628;43;-0.78;-0.78;24.71;84
177494;627;43;-0.78;-0.78;24.71;84
177506;626;43;-0.78;-0.78;24.71;84
177516;625;43;-0.78;-0.78;24.71;84
177526;625;43;-0.78;-0.78;24.71;84
177535;625;43;-0.78;-0.78;24.71;84
177545;625;43;-0.78;-0.78;24.71;84
177556;625;43;-0.78;-0.78;24.71;84
177565;625;43;-0.78;-0.78;24.71;84
177574;625;43;-0.78;-0.78;24.71;84
177587;626;43;-0.78;-0.78;24.71;84
177596;627;43;-0.78;-0.78;24.71;84
177605;628;43;-0.78;-0.78;24.71;84
177615;629;43;-0.78;-0.78;24.71;84
177627;630;43;-0.78;-0.78;24.71;84
177635;631;43;-0.78;-0.78;24.71;84
177646;632;43;-0.78;-0.78;24.71;84
177654;633;43;-0.78;-0.78;24.71;84
177665;633;43;-0.78;-0.78;24.71;84
177674;634;43;-0.78;-0.78;24.71;84
177686;635;43;-1.56;-0.78;24.71;84
177695;636;43;-1.56;-1.56;24.71;84
177706;635;43;-1.56;-1.56;24.71;84
177715;634;43;-1.56;-1.56;24.71;84
177726;633;43;-1.56;-1.56;24.71;84
177736;631;43;-1.56;-1.56;24.71;84
177745;630;43;-1.56;-1.56;24.71;84
177755;629;43;-1.56;-1.56;24.71;84
177766;628;43;-1.56;-1.56;24.71;84
177775;626;43;-1.56;-1.56;24.71;84
177785;625;43;-1.56;-1.56;24.71;84
177797;624;43;-1.56;-1.56;24.71;84
177806;623;43;-0.78;-1.56;24.71;84
177816;621;43;-0.78;-1.56;24.71;84
177825;622;43;-0.78;-1.56;24.71;84
177836;624;43;-0.78;-1.56;24.71;84
177847;625;43;-0.78;-1.56;24.71;84
177856;626;43;-0.78;-1.56;24.71;84
177865;627;43;-0.78;-1.56;24.71;84
177877;628;43;-0.78;-1.56;24.71;84
177887;627;43;-0.78;-1.56;24.71;84
177895;626;43;-0.78;-1.56;24.71;84
177905;625;43;-0.78;-1.56;24.71;84
177917;624;43;-0.78;-1.56;24.71;84
177926;623;43;-0.78;-1.56;24.71;84
177935;622;43;-0.78;-1.56;24.71;84
177946;623;43;-0.78;-1.56;24.71;84
177956;623;43;-0.78;-1.56;24.71;84
177966;623;43;-0.78;-1.56;24.71;84
177976;624;43;-0.78;-1.56;24.71;84
177985;624;43;-0.78;-1.56;24.71;84
177996;624;43;-0.78;-1.56;24.71;84
178007;625;43;-0.78;-1.56;24.71;84
178016;626;43;-0.78;-1.56;24.71;84
178025;627;43;-0.78;-1.56;24.71;84
178035;628;43;-0.78;-1.56;24.71;84
178046;629;43;-0.78;-1.56;24.71;84
178055;630;43;-0.78;-1.56;24.71;84
178066;630;43;-0.78;-1.56;25.10;84
178074;630;43;-0.78;-1.56;25.10;84
178087;631;43;-0.78;-1.56;25.10;84
178096;631;43;-0.78;-1.56;25.10;84
178106;631;43;-0.78;-1.56;25.10;84
178115;632;43;-0.78;-1.56;25.10;84
178127;631;43;-0.78;-1.56;24.71;84
178135;630;43;-0.78;-1.56;24.71;84
178146;629;43;-0.78;-1.56;24.71;84
178156;628;43;-0.78;-1.56;24.71;84
178165;627;43;-0.78;-1.56;24.71;84
178177;627;43;-0.78;-1.56;24.71;84
178186;627;43;-0.78;-1.56;24.71;84
178198;627;43;-0.78;-1.56;24.71;84
178216;628;43;-0.78;-1.56;24.71;84
178225;628;43;-0.78;-1.56;24.71;84
178235;629;43;-0.78;-1.56;24.71;84
178246;629;43;-0.78;-1.56;24.71;84
178255;630;43;-0.78;-1.56;24.71;84
178264;630;43;-0.78;-1.56;24.71;84
178275;631;43;-0.78;-1.56;24.71;84
178287;631;43;-0.78;-1.56;24.71;84
178295;632;43;-0.78;-1.56;24.71;84
178306;632;43;-0.78;-1.56;24.71;84
178317;630;43;-0.78;-1.56;24.71;84
178326;628;43;-0.78;-1.56;24.71;84
178335;627;43;-0.78;-1.56;24.71;84
178347;625;43;-0.78;-1.56;24.71;84
178355;623;43;-0.78;-1.56;24.71;84
178366;621;43;-0.78;-1.56;24.71;84
178377;622;43;-0.78;-1.56;24.71;84
178386;622;43;-0.78;-1.56;24.71;84
178396;623;43;-0.78;-1.56;24.71;84
178405;624;43;-0.78;-1.56;24.71;84
178415;625;43;-0.78;-1.56;24.71;84
178425;626;43;-0.78;-1.56;24.71;84
178436;627;43;-0.78;-1.56;24.71;84
178446;628;43;-0.78;-1.56;24.71;84
178456;630;43;-0.78;-1.56;24.71;84
178466;631;43;-0.78;-1.56;24.71;84
178475;632;43;-0.78;-1.56;24.71;84
178485;634;43;-0.78;-1.56;24.71;84
178497;633;43;-0.78;-1.56;24.71;84
178504;632;43;-0.78;-1.56;24.71;84
178516;631;43;-0.78;-1.56;24.71;84
178524;630;43;-0.78;-1.56;24.71;84
178536;629;43;-0.78;-1.56;24.71;84
178547;628;43;-0.78;-1.56;24.71;84
178556;627;43;-0.78;-1.56;25.10;84
178564;626;43;-0.78;-1.56;25.10;84
178575;626;43;-0.78;-1.56;25.10;84
178586;625;43;-0.78;-1.56;25.10;84
178597;624;43;-0.78;-1.56;25.10;84
178603;623;43;-0.78;-1.56;25.10;84
178616;622;43;-0.78;-1.56;25.10;84
178627;622;43;-0.78;-1.56;25.10;84
178636;621;43;-0.78;-1.56;25.10;84
178645;620;43;-0.78;-1.56;25.10;84
178654;620;43;-0.78;-1.56;25.10;84
178664;619;43;-0.78;-1.56;25.10;84
178675;618;43;-0.78;-1.56;25.10;84
178683;618;43;-0.78;-1.56;25.10;84
178696;617;43;-0.78;-1.56;25.10;84
178706;617;43;-0.78;-1.56;25.10;84
178714;617;43;0.00;-1.56;25.10;84
178725;616;43;0.00;-1.56;25.10;84
178735;618;43;0.00;-1.56;25.10;84
178745;619;43;0.00;-1.56;25.10;84
178755;620;43;0.00;-1.56;25.10;84
178764;622;43;0.00;-1.56;25.10;84
178777;623;43;0.00;-1.56;25.10;84
178786;625;43;0.00;-1.56;25.10;84
178798;626;43;0.00;-1.56;25.10;84
178806;628;43;0.00;-1.56;25.10;84
178815;629;43;0.00;-1.56;25.10;84
178825;631;43;0.00;-1.56;25.10;84
178835;632;43;0.00;-1.56;25.10;84
178845;634;43;0.00;-1.56;25.10;84
178854;632;43;0.00;-1.56;25.10;84
178867;630;43;0.00;-1.56;25.10;84
178876;629;43;0.00;-1.56;25.10;84
178885;627;43;0.00;-1.56;25.10;84
178893;626;43;0.00;-1.56;25.10;84
178905;624;43;0.00;-1.56;25.10;84
178917;623;43;0.00;-1.56;25.10;84
178924;622;43;0.00;-1.56;25.10;84
178935;621;43;0.00;-1.56;25.10;84
178945;620;43;0.00;-1.56;25.10;84
178953;619;43;0.00;-1.56;25.10;84
178965;618;43;0.00;-1.56;25.10;84
178977;619;43;0.00;-1.56;25.10;84
178985;620;43;0.00;-1.56;25.10;84
178995;621;43;0.00;-1.56;25.10;84
179003;622;43;0.00;-1.56;25.10;84
179015;624;43;0.00;-1.56;25.10;84
179026;625;43;0.00;-0.78;25.10;84
179035;625;43;0.00;-0.78;25.10;84
179045;625;43;0.00;-0.78;25.10;84
179054;625;43;0.00;-0.78;25.10;84
179065;625;43;0.00;-0.78;25.10;84
179077;625;43;0.00;-0.78;25.10;84
179083;625;43;0.00;-0.78;25.10;84
179097;625;43;0.00;-0.78;25.10;84
179105;625;43;0.00;-0.78;25.10;84
179114;624;43;0.00;-0.78;25.10;84
179126;624;43;0.00;-0.78;25.10;84
179135;624;43;0.00;-0.78;25.10;84
179145;624;43;0.00;-0.78;25.10;84
179156;624;43;0.00;-0.78;25.10;84
179165;625;43;0.00;-0.78;25.10;84
179176;626;43;0.00;-0.78;25.10;84
179185;627;43;0.00;-0.78;25.10;84
179194;628;43;-0.78;-0.78;25.10;84
179203;629;43;-0.78;-0.78;25.10;84
179214;628;43;-0.78;-0.78;25.10;84
179226;628;43;-0.78;-0.78;25.10;84
179235;628;43;-0.78;-0.78;25.10;84
179244;627;43;-0.78;-0.78;25.10;84
179256;627;43;-0.78;-0.78;25.10;84
179265;627;43;-0.78;-0.78;25.10;84
179276;626;43;-0.78;-0.78;25.10;84
179285;626;43;-0.78;-0.78;25.10;84
179294;625;43;-0.78;-0.78;25.10;84
179304;625;43;-0.78;-0.78;25.10;84
179317;625;43;-0.78;-0.78;25.10;84
179326;624;43;-0.78;-0.78;25.10;84
179334;625;43;-0.78;-0.78;25.10;84
179346;625;43;-0.78;-0.78;25.10;84
179355;626;43;-0.78;-0.78;25.10;84
179363;627;43;-0.78;-0.78;25.10;84
179376;627;43;-0.78;-0.78;25.10;84
179384;628;43;-0.78;-0.78;25.10;84
179396;628;43;-0.78;-0.78;25.10;84
179404;628;43;-0.78;-0.78;25.10;84
179413;627;43;-0.78;-0.78;25.10;84
179423;627;43;-0.78;-0.78;25.10;84
179436;627;43;-0.78;-0.78;25.10;84
179444;627;43;-0.78;-0.78;25.10;84
179455;627;43;-0.78;-0.78;24.71;84
179464;626;43;-0.78;-0.78;24.71;84
179476;626;43;-0.78;-0.78;24.71;84
179485;626;43;-0.78;-0.78;24.71;84
179494;626;43;-0.78;-0.78;24.71;84
179504;625;43;-0.78;-0.78;24.71;84
179515;625;43;-0.78;-0.78;24.71;84
179524;625;43;-0.78;-0.78;24.71;84
179533;624;43;-0.78;-0.78;24.71;84
179544;624;43;-0.78;-0.78;24.71;84
179553;624;43;-0.78;-0.78;24.71;84
179564;623;43;-0.78;-0.78;24.71;84
179578;623;43;-0.78;-0.78;25.10;84
179598;624;43;-0.78;-0.78;25.10;84
179615;624;43;-0.78;-0.78;25.10;84
179626;624;43;-0.78;-0.78;25.10;84
179636;624;43;-0.78;-0.78;25.10;84
179643;624;43;-0.78;-0.78;25.10;84
179653;625;43;-0.78;-0.78;25.10;84
179664;626;43;-0.78;-0.78;25.10;84
179675;626;43;-0.78;-0.78;25.10;84
179685;627;43;-0.78;-0.78;25.10;84
179694;628;43;-0.78;-0.78;25.10;84
179705;628;43;-0.78;-0.78;25.10;84
179715;629;43;-0.78;-0.78;25.10;84
179724;631;43;-0.78;-0.78;25.10;84
179735;632;43;-0.78;-0.78;25.10;84
179744;633;43;-0.78;-0.78;25.10;84
179754;634;43;-0.78;-0.78;25.10;84
179763;636;43;-0.78;-0.78;25.10;84
179776;634;43;-0.78;-0.78;24.71;84
179785;633;43;-0.78;-0.78;24.71;84
179794;631;43;-0.78;-0.78;24.71;84
179803;630;43;-0.78;-0.78;24.71;84
179815;629;43;-0.78;-0.78;24.71;84
179824;627;43;-0.78;-0.78;24.71;84
179833;626;43;-0.78;-0.78;24.71;84
179844;625;43;-0.78;-0.78;24.71;84
179853;624;43;-0.78;-0.78;24.71;84
179865;622;43;-0.78;-0.78;24.71;84
179878;621;43;-0.78;-0.78;24.71;84
179895;620;43;-0.78;-0.78;24.71;84
179904;622;43;-0.78;-0.78;24.71;84
179916;623;43;-0.78;-0.78;24.71;84
179925;625;43;-0.78;-0.78;24.71;84
179934;626;43;-0.78;-0.78;24.71;84
179944;627;43;-0.78;-0.78;24.71;84
179954;629;43;-0.78;0.00;24.71;84
179965;630;43;-0.78;0.00;24.71;84
179976;631;43;-0.78;0.00;24.71;84
179984;632;43;-0.78;0.00;24.71;84
179995;633;43;-0.78;0.00;24.71;84
180003;634;43;-0.78;0.00;24.71;84
180015;635;43;-0.78;0.00;24.71;84
180024;634;43;-0.78;0.00;24.71;84
180036;634;43;-0.78;0.00;24.71;84
180045;633;43;-0.78;0.00;24.71;84
180054;632;43;-0.78;0.00;24.71;84
180063;632;43;-0.78;0.00;24.71;84
180077;631;43;-0.78;0.00;24.71;84
180083;631;43;-0.78;0.00;24.71;84
180095;630;43;-0.78;0.00;24.71;84
180103;629;43;-0.78;0.00;24.71;84
180114;628;43;-0.78;0.00;24.71;84
180125;627;43;-0.78;0.00;24.71;84
180133;627;43;-0.78;0.00;24.71;84
180144;627;43;-0.78;0.00;24.71;84
180153;628;43;-0.78;0.00;24.71;84
180165;628;43;-0.78;0.00;24.71;84
180176;629;43;-0.78;0.00;24.71;84
180185;629;43;-0.78;0.00;24.71;84
180194;630;43;-0.78;0.00;24.71;84
180205;630;43;-0.78;0.00;24.71;84
180216;630;43;-0.78;0.00;24.71;84
180225;631;43;-0.78;0.00;24.71;84
180234;631;43;-0.78;0.00;24.71;84
180245;631;43;-0.78;0.00;24.71;84
180256;632;43;-0.78;0.00;24.71;84
180264;631;43;-0.78;0.00;24.71;84
180274;631;43;-0.78;0.00;24.71;84
180285;631;43;-0.78;0.00;24.71;84
180295;631;43;-0.78;0.00;24.71;84
180303;631;43;-0.78;0.00;24.71;84
180314;631;43;-0.78;-0.78;24.71;84
180326;631;43;-0.78;-0.78;24.71;84
180337;631;43;-0.78;-0.78;24.71;84
180347;630;43;-0.78;-0.78;24.71;84
180356;630;43;-0.78;-0.78;24.71;84
180365;630;43;-0.78;-0.78;24.71;84
180376;630;43;-0.78;-0.78;24.71;84
180384;630;43;-0.78;-0.78;24.71;84
180396;629;43;-0.78;-0.78;24.71;84
180406;629;43;-0.78;-0.78;24.71;84
180416;629;43;-0.78;-0.78;24.71;84
180424;628;43;-0.78;-0.78;24.71;84
180435;628;43;-0.78;-0.78;24.71;84
180445;628;43;-0.78;-0.78;24.71;84
180455;628;43;-0.78;-0.78;24.71;84
180464;628;43;-0.78;-0.78;24.71;84
180477;628;43;-0.78;-0.78;24.71;84
180485;628;43;-0.78;-0.78;24.71;84
180494;628;43;-0.78;-0.78;24.71;84
180506;628;43;-0.78;-0.78;24.71;84
180516;629;43;-0.78;-0.78;24.71;84
180523;630;43;-0.78;-0.78;24.71;84
180536;631;43;-0.78;-0.78;24.71;84
180545;631;43;-0.78;-0.78;24.71;84
180555;632;43;-0.78;-0.78;24.71;84
180564;631;43;-0.78;-0.78;24.71;84
180578;630;43;-0.78;-0.78;24.71;84
180596;629;43;-0.78;-0.78;24.71;84
180607;628;43;-0.78;-0.78;24.71;84
180616;627;43;-0.78;-0.78;24.71;84
180625;626;43;-0.78;-0.78;24.71;84
180635;625;43;-0.78;-0.78;24.71;84
180646;624;43;-0.78;-0.78;24.71;84
180654;623;43;-0.78;-0.78;24.71;84
180665;622;43;-0.78;-0.78;24.71;84
180673;622;43;-0.78;-0.78;24.71;84
180685;621;43;-0.78;-0.78;24.71;84
180696;622;43;-0.78;-0.78;24.71;84
180704;624;43;-0.78;-0.78;24.71;84
180715;626;43;-0.78;-0.78;24.71;84
180724;628;43;-0.78;-0.78;24.71;84
180735;630;43;-0.78;-0.78;24.71;84
180744;631;43;-0.78;-0.78;24.71;84
180754;631;43;-0.78;-0.78;24.71;84
180766;631;43;-0.78;-0.78;24.71;84
180776;631;43;-0.78;-0.78;24.71;84
180785;630;43;-0.78;-0.78;24.71;84
180794;630;43;-0.78;-0.78;24.71;84
180805;630;43;-0.78;-1.56;24.71;84
180814;628;43;-0.78;-1.56;24.71;84
180826;627;43;-0.78;-1.56;24.71;84
180834;626;43;-0.78;-1.56;24.71;84
180845;624;43;-0.78;-1.56;24.71;84
180856;623;43;-0.78;-1.56;24.71;84
180865;622;43;-0.78;-1.56;24.71;84
180874;622;43;-0.78;-1.56;24.71;84
180886;622;43;-0.78;-1.56;24.71;84
180896;622;43;-0.78;-1.56;24.71;84
180905;622;43;-0.78;-1.56;24.71;84
180914;622;43;-0.78;-1.56;24.71;84
180926;622;43;-0.78;-1.56;24.71;84
180935;623;43;-0.78;-1.56;24.71;84
180947;623;43;-0.78;-1.56;24.71;84
180955;623;43;-0.78;-1.56;24.71;84
180966;624;43;-0.78;-1.56;24.71;84
180974;624;43;-0.78;-1.56;24.71;84
180986;624;43;-0.78;-1.56;24.71;84
180996;624;43;-0.78;-1.56;24.71;84
181004;625;43;-0.78;-1.56;24.71;84
181015;625;43;-0.78;-1.56;24.71;84
181025;625;43;-0.78;-1.56;24.71;84
181034;625;43;-0.78;-1.56;24.71;84
181045;625;43;-0.78;-1.56;24.71;84
181055;627;43;-0.78;-1.56;24.71;84
181065;628;43;-0.78;-1.56;24.71;84
181078;629;43;-0.78;-1.56;24.71;84
181086;630;43;-0.78;-1.56;24.71;84
181094;632;43;-0.78;-1.56;24.71;84
181106;633;43;-0.78;-1.56;24.71;84
181115;632;43;-0.78;-1.56;24.71;84
181124;632;43;-0.78;-1.56;24.71;84
181135;631;43;-0.78;-1.56;24.71;84
181146;630;43;-0.78;-1.56;24.71;84
181158;630;43;-0.78;-1.56;24.71;84
181175;629;43;-0.78;-1.56;24.71;84
181184;629;43;-0.78;-1.56;24.71;84
181194;628;43;-0.78;-1.56;24.71;84
181206;628;43;-0.78;-1.56;24.71;84
181215;628;43;-0.78;-1.56;24.71;84
181226;627;43;-0.78;-1.56;24.71;84
181235;627;43;-0.78;-1.56;24.71;84
181246;627;43;-0.78;-1.56;24.71;84
181255;627;43;-0.78;-1.56;24.71;84
181266;627;43;-0.78;-1.56;24.71;84
181275;627;43;-0.78;-1.56;24.71;84
181286;627;43;-0.78;-1.56;24.71;84
181295;627;43;-0.78;-1.56;24.71;84
181306;627;43;-0.78;-1.56;24.71;84
181315;628;43;-0.78;-1.56;24.71;84
181327;629;43;-0.78;-1.56;24.71;84
181334;629;43;-0.78;-1.56;24.71;84
181346;630;43;-0.78;-1.56;24.71;84
181355;630;43;-0.78;-1.56;24.71;84
181366;629;43;-0.78;-1.56;24.71;84
181376;629;43;-0.78;-1.56;24.71;84
181386;628;43;-0.78;-1.56;24.71;84
181395;627;43;-0.78;-1.56;24.71;84
181406;626;43;-0.78;-1.56;24.71;84
181414;625;43;-0.78;-0.78;24.71;84
181426;625;43;-0.78;-0.78;24.71;84
181434;626;43;-0.78;-0.78;24.71;84
181446;626;43;-0.78;-0.78;24.71;84
181456;626;43;-0.78;-0.78;24.71;84
181464;627;43;-0.78;-0.78;24.71;84
181477;627;43;-0.78;-0.78;24.71;84
181485;627;43;-0.78;-0.78;24.71;84
181497;627;43;-0.78;-0.78;24.71;84
181506;627;43;-0.78;-0.78;24.71;84
181515;627;43;-0.78;-0.78;24.71;84
181524;627;43;-0.78;-0.78;24.71;84
181536;627;43;-0.78;-0.78;24.71;84
181545;627;43;-0.78;-0.78;24.71;84
181556;627;43;-0.78;-0.78;24.71;84
181565;627;43;-0.78;-0.78;24.71;84
181576;628;43;-0.78;-0.78;24.71;84
181586;628;43;-0.78;-0.78;24.71;84
181595;628;43;-0.78;-0.78;24.71;84
181605;627;43;-0.78;-0.78;24.71;84
181617;627;43;-0.78;-0.78;24.71;84
181627;626;43;-0.78;-0.78;24.71;84
181636;625;43;-0.78;-0.78;24.71;84
181646;625;43;-0.78;-0.78;24.71;84
181655;624;43;-0.78;-0.78;24.71;84
181665;624;43;-0.78;-0.78;24.71;84
181678;624;43;-0.78;-0.78;24.71;84
181695;625;43;-0.78;-0.78;24.71;84
181704;625;43;-0.78;-0.78;24.71;84
181714;625;43;-0.78;-0.78;24.71;84
181726;626;43;-0.78;-0.78;24.71;84
181736;626;43;-0.78;-0.78;24.71;84
181746;626;43;-0.78;-0.78;24.71;84
181756;626;43;-0.78;-0.78;24.71;84
181764;626;43;-0.78;-0.78;24.71;84
181777;626;43;0.00;-0.78;24.71;84
181786;626;43;0.00;-0.78;24.71;84
181794;625;43;0.00;-0.78;24.71;84
181804;624;43;0.00;-0.78;24.71;84
181816;623;43;0.00;-0.78;24.71;84
181825;622;43;0.00;-0.78;24.71;84
181834;621;43;0.00;-0.78;24.71;84
181846;620;43;0.00;-0.78;24.71;84
181854;621;43;0.00;-0.78;25.10;84
181866;622;43;0.00;-0.78;25.10;84
181874;624;43;0.00;-0.78;25.10;84
181885;625;43;0.00;-0.78;25.10;84
181896;626;43;0.00;-0.78;25.10;84
181906;627;43;0.00;-0.78;25.10;84
181915;626;43;0.00;-0.78;25.10;84
181926;625;43;0.00;-0.78;25.10;84
181935;624;43;0.00;-0.78;25.10;84
181945;623;43;0.00;-0.78;25.10;84
181955;622;43;0.00;-0.78;25.10;84
181964;621;43;0.00;-0.78;25.10;84
181975;621;43;0.00;-0.78;24.71;84
181984;620;43;0.00;-0.78;24.71;84
181996;620;43;0.00;-0.78;24.71;84
182005;620;43;0.00;-0.78;24.71;84
182017;619;43;0.00;-0.78;24.71;84
182027;619;43;0.00;-0.78;24.71;84
182035;621;43;0.00;-0.78;25.10;84
182046;622;43;0.00;-0.78;25.10;84
182055;624;43;0.00;-0.78;25.10;84
182066;625;43;0.00;-0.78;25.10;84
182076;627;43;0.00;-0.78;25.10;84
182085;628;43;0.00;-0.78;25.10;84
182096;628;43;0.00;-0.78;25.10;84
182104;627;43;0.00;-0.78;25.10;84
182116;627;43;0.00;-0.78;25.10;84
182125;627;43;0.00;-0.78;25.10;84
182136;626;43;0.00;-0.78;25.10;84
182145;626;43;0.00;-0.78;25.10;84
182156;626;43;0.00;-0.78;25.10;84
182166;626;43;0.00;-0.78;25.10;84
182175;625;43;0.00;-0.78;25.10;84
182186;625;43;0.00;-0.78;25.10;84
182195;625;43;0.00;-0.78;25.10;84
182207;624;43;0.00;-0.78;25.10;84
182215;624;43;0.00;-0.78;25.10;84
182226;624;43;0.00;-0.78;25.10;84
182235;625;43;0.00;-0.78;25.10;84
182244;625;43;0.00;-0.78;25.10;84
182255;625;43;0.00;-0.78;25.10;84
182266;625;43;0.00;0.00;25.10;84
182277;624;43;0.00;0.00;25.10;84
182285;624;43;0.00;0.00;25.10;84
182297;623;43;0.00;0.00;25.10;84
182305;622;43;0.00;0.00;25.10;84
182315;622;43;0.00;0.00;25.10;84
182326;621;43;0.00;0.00;25.10;84
182335;621;43;0.00;0.00;25.10;84
182345;621;43;0.00;0.00;25.10;84
182355;620;43;0.00;0.00;25.10;84
182366;620;43;0.00;0.00;25.10;84
182375;620;43;0.00;0.00;25.10;84
182385;619;43;0.00;0.00;25.10;84
182396;620;43;0.00;0.00;25.10;84
182404;621;43;0.00;0.00;25.10;84
182416;622;43;0.00;0.00;25.10;84
182425;624;43;0.00;0.00;25.10;84
182434;625;43;0.00;0.00;25.10;84
182446;626;43;0.00;0.00;25.10;84
182456;626;43;0.00;0.00;25.10;84
182465;626;43;0.00;0.00;25.10;84
182475;626;43;0.00;0.00;25.10;84
182486;626;43;0.00;0.00;25.10;84
182495;626;43;0.00;0.00;25.10;84
182505;626;43;0.00;0.00;25.10;84
182514;626;43;0.00;0.00;25.10;84
182527;626;43;0.00;0.00;25.10;84
182536;626;43;0.00;0.00;25.10;84
182547;626;43;0.00;0.00;25.10;84
182556;626;43;0.00;0.00;25.10;84
182567;626;43;0.00;0.00;25.10;84
182576;626;43;0.00;0.00;25.10;84
182585;626;43;0.00;0.00;25.10;84
182596;626;43;0.00;0.00;25.10;84
182605;626;43;0.00;0.00;25.10;84
182616;626;43;0.00;0.00;25.10;84
182624;626;43;0.00;0.00;25.10;84
182636;626;43;0.00;0.00;25.10;84
182647;626;43;0.00;0.00;25.10;84
182656;627;43;0.00;0.00;25.10;84
182665;627;43;0.00;0.00;25.10;84
182676;628;43;0.00;0.00;25.10;84
182685;628;43;0.00;0.00;25.10;84
182696;628;43;0.00;0.00;25.10;84
182705;628;43;0.00;0.00;25.10;84
182716;628;43;0.00;0.00;25.10;84
182728;628;43;0.00;0.00;25.10;84
182744;628;43;-0.78;0.00;25.10;84
182756;628;43;-0.78;0.00;25.10;84
182765;628;43;-0.78;0.00;25.10;84
182776;628;43;-0.78;0.00;25.10;84
182785;628;43;-0.78;0.00;25.10;84
182796;628;43;-0.78;0.00;25.10;84
182805;628;43;-0.78;0.00;25.10;84
182815;628;43;-0.78;0.00;25.10;84
182826;627;43;-0.78;0.00;24.71;84
182835;627;43;-0.78;0.00;24.71;84
182844;627;43;-0.78;0.00;24.71;84
182856;627;43;-0.78;0.00;24.71;84
182865;627;43;-0.78;0.00;24.71;84
182876;627;43;-0.78;0.00;24.71;84
182886;626;43;-0.78;0.00;24.71;84
182894;626;43;-0.78;0.00;24.71;84
182907;626;43;-0.78;0.00;24.71;84
182916;625;43;-0.78;0.00;24.71;84
182928;625;43;-0.78;0.00;24.71;84
182947;625;43;-0.78;0.00;24.71;84
182957;626;43;-0.78;0.00;24.71;84
182966;626;43;-0.78;0.00;24.71;84
182976;627;43;-0.78;0.00;24.71;84
182986;627;43;-0.78;0.00;24.71;84
182997;628;43;-0.78;0.00;24.71;84
183006;629;43;-0.78;0.00;24.71;84
183015;628;43;-0.78;0.00;24.71;84
183025;628;43;-0.78;0.00;24.71;84
183036;628;43;-0.78;0.00;24.71;84
183046;628;43;-0.78;0.00;24.71;84
183054;627;43;0.00;0.00;24.71;84
183066;627;43;0.00;0.00;24.71;84
183075;626;43;0.00;0.00;24.71;84
183086;625;43;0.00;0.00;24.71;84
183096;624;43;0.00;0.00;24.71;84
183106;623;43;0.00;0.00;24.71;84
183117;622;43;0.00;0.00;24.71;84
183127;621;43;0.00;0.00;24.71;84
183137;622;43;0.00;0.00;24.71;84
183146;622;43;0.00;0.00;24.71;84
183157;622;43;0.00;0.00;24.71;84
183165;623;43;0.00;0.00;24.71;84
183176;623;43;0.00;0.00;24.71;84
183185;624;43;0.00;-0.78;24.71;84
183196;624;43;0.00;-0.78;24.71;84
183206;625;43;0.00;-0.78;24.71;84
183217;626;43;0.00;-0.78;24.71;84
183226;626;43;0.00;-0.78;24.71;84
183236;627;43;0.00;-0.78;24.71;84
183248;628;43;0.00;-0.78;24.71;84
183265;627;43;0.00;-0.78;24.71;84
183276;626;43;0.00;-0.78;24.71;84
183285;626;43;0.00;-0.78;24.71;84
183297;625;43;0.00;-0.78;24.71;84
183305;625;43;0.00;-0.78;24.71;84
183317;624;43;0.00;-0.78;24.71;84
183323;624;43;0.00;-0.78;25.10;84
183334;624;43;0.00;-0.78;25.10;84
183345;625;43;0.00;-0.78;25.10;84
183356;625;43;0.00;-0.78;25.10;84
183363;625;43;-0.78;-0.78;25.10;84
183376;626;43;-0.78;-0.78;25.10;84
183385;627;43;-0.78;-0.78;25.10;84
183394;628;43;-0.78;-0.78;25.10;84
183405;629;43;-0.78;-0.78;25.10;84
183415;630;43;-0.78;-0.78;25.10;84
183425;631;43;-0.78;-0.78;25.10;84
183436;632;43;-0.78;-0.78;25.10;84
183444;632;43;-0.78;-0.78;24.71;84
183453;631;43;-0.78;-0.78;24.71;84
183465;631;43;-0.78;-0.78;24.71;84
183476;630;43;-0.78;-0.78;24.71;84
183485;630;43;-0.78;-0.78;24.71;84
183497;629;43;-0.78;-0.78;24.71;84
183505;629;43;-0.78;-0.78;24.71;84
183515;628;43;-0.78;-0.78;24.71;84
183525;627;43;-0.78;-0.78;24.71;84
183534;627;43;-0.78;-0.78;24.71;84
183546;626;43;-0.78;-0.78;24.71;84
183554;625;43;-0.78;-0.78;24.71;84
183564;626;43;-0.78;-0.78;24.71;84
183578;626;43;-0.78;-0.78;24.71;84
183588;627;43;-0.78;-0.78;24.71;84
183598;627;43;-0.78;-0.78;24.71;84
183604;628;43;-0.78;-0.78;24.71;84
183614;628;43;-0.78;-0.78;24.71;84
183626;628;43;-0.78;-0.78;24.71;84
183635;627;43;-0.78;-0.78;24.71;84
183643;626;43;-0.78;-0.78;24.71;84
183656;626;43;-0.78;-0.78;24.71;84
183665;625;43;-0.78;-0.78;24.71;84
183675;625;43;-0.78;-0.78;24.71;84
183684;624;43;-0.78;-0.78;24.71;84
183695;624;43;-0.78;-0.78;24.71;84
183707;624;43;-0.78;-0.78;24.71;84
183713;624;43;-0.78;-0.78;24.71;84
183724;624;43;-0.78;-0.78;24.71;84
183738;623;43;-0.78;-0.78;24.71;84
183754;624;43;-0.78;-0.78;24.71;84
183763;625;43;-0.78;-0.78;24.71;84
183777;626;43;-0.78;-0.78;24.71;84
183786;627;43;-0.78;-0.78;24.71;84
183794;628;43;-0.78;-0.78;24.71;84
183803;629;43;-0.78;-0.78;24.71;84
183816;628;43;-0.78;-0.78;24.71;84
183825;628;43;-0.78;-0.78;24.71;84
183835;627;43;-0.78;-0.78;24.71;84
183845;627;43;-0.78;-0.78;24.71;84
183855;626;43;-0.78;-0.78;24.71;84
183864;626;43;-0.78;-0.78;24.71;84
183876;626;43;-0.78;-0.78;24.71;84
183883;625;43;-0.78;-0.78;24.71;84
183898;625;43;-0.78;-0.78;24.71;84
183903;625;43;-0.78;-0.78;24.71;84
183915;624;43;-0.78;-0.78;24.71;84
183924;624;43;-0.78;-0.78;24.71;84
183935;625;43;-0.78;-0.78;24.71;84
183947;625;43;-0.78;-0.78;24.71;84
183955;625;43;-0.78;-0.78;24.71;84
183964;626;43;-0.78;-0.78;24.71;84
183976;626;43;-0.78;-0.78;24.71;84
183985;627;43;-0.78;-0.78;24.71;84
183993;627;43;-0.78;-0.78;24.71;84
184005;627;43;-0.78;-0.78;24.71;84
184015;627;43;-0.78;-0.78;24.71;84
184024;627;43;-0.78;-0.78;24.71;84
184033;627;43;-0.78;-0.78;24.71;84
184044;628;43;-0.78;-0.78;24.71;84
184056;628;43;-0.78;-0.78;24.71;84
184065;628;43;-0.78;-0.78;24.71;84
184076;628;43;-0.78;-0.78;24.71;84
184084;628;43;-0.78;-0.78;24.71;84
184094;628;43;-0.78;-0.78;24.71;84
184106;628;43;-0.78;-0.78;24.71;84
184114;628;43;-0.78;-0.78;24.71;84
184124;627;43;-0.78;-0.78;24.71;84
184135;627;43;-0.78;-0.78;24.71;84
184145;626;43;-0.78;-0.78;24.71;84
184155;626;43;-0.78;-0.78;24.71;84
184163;625;43;-0.78;-1.56;24.71;84
184176;625;43;-0.78;-1.56;24.71;84
184185;625;43;-0.78;-1.56;24.71;84
184196;625;43;-0.78;-1.56;24.71;84
184204;625;43;-0.78;-1.56;24.71;84
184213;625;43;-0.78;-1.56;24.71;84
184224;625;43;-0.78;-1.56;24.71;84
184236;624;43;-0.78;-1.56;24.71;84
184244;624;43;-0.78;-1.56;24.71;84
184254;623;43;-0.78;-1.56;24.71;84
184263;623;43;-0.78;-1.56;24.71;84
184277;623;43;-0.78;-1.56;24.71;84
184285;622;43;-0.78;-1.56;24.71;84
184297;622;43;-0.78;-1.56;24.71;84
184304;622;43;-0.78;-1.56;24.71;84
184314;622;43;-0.78;-1.56;24.71;84
184324;622;43;-0.78;-1.56;24.71;84
184333;622;43;-0.78;-1.56;24.71;84
184344;622;43;-0.78;-1.56;24.71;84
184355;623;43;-0.78;-1.56;24.71;84
184364;625;43;-0.78;-1.56;24.71;84
184376;627;43;-0.78;-1.56;24.71;84
184385;629;43;-0.78;-1.56;24.71;84
184393;630;43;-0.78;-1.56;24.71;84
184403;632;43;-0.78;-0.78;24.71;84
184416;631;43;-0.78;-0.78;24.71;84
184424;631;43;-0.78;-0.78;24.71;84
184434;630;43;-0.78;-0.78;24.71;84
184444;629;43;-0.78;-0.78;24.71;84
184455;628;43;-0.78;-0.78;24.71;84
184464;628;43;-0.78;-0.78;24.71;84
184478;627;43;-0.78;-0.78;24.71;84
184495;627;43;-0.78;-0.78;24.71;84
184505;627;43;-0.78;-0.78;24.71;84
184516;626;43;-0.78;-0.78;24.71;84
184525;626;43;-0.78;-0.78;24.71;84
184534;626;43;-0.78;-1.56;24.71;84
184546;626;43;-0.78;-1.56;24.71;84
184555;627;43;-0.78;-1.56;24.71;84
184564;627;43;-0.78;-1.56;24.71;84
184577;628;43;-0.78;-1.56;24.71;84
184586;628;43;-0.78;-1.56;24.71;84
184598;629;43;-0.78;-1.56;24.71;84
184613;629;43;-0.78;-1.56;24.71;84
184625;629;43;-0.78;-1.56;24.71;84
184635;629;43;-0.78;-1.56;24.71;84
184644;629;43;-0.78;-1.56;24.71;84
184655;629;43;-0.78;-1.56;24.71;84
184666;630;43;-0.78;-0.78;24.71;84
184677;630;43;-0.78;-0.78;24.71;84
184683;629;43;-0.78;-0.78;24.71;84
184695;629;43;-0.78;-0.78;24.71;84
184704;629;43;-0.78;-0.78;24.71;84
184716;629;43;-0.78;-0.78;24.71;84
184724;629;43;-0.78;-0.78;24.71;84
184736;630;43;-0.78;-0.78;24.31;84
184746;631;43;-0.78;-0.78;24.31;84
184756;632;43;-0.78;-0.78;24.31;84
184765;633;43;-0.78;-0.78;24.31;84
184776;634;43;0.00;-0.78;24.31;84
184785;635;43;0.00;-0.78;24.31;84
184794;634;43;0.00;-0.78;24.31;84
184805;633;43;0.00;-0.78;24.31;84
184815;632;43;0.00;-0.78;24.31;84
184824;631;43;0.00;-0.78;24.31;84
184834;630;43;0.00;-0.78;24.31;84
184846;629;43;0.00;-1.56;24.31;84
184854;628;43;0.00;-1.56;24.31;84
184866;626;43;0.00;-1.56;24.31;84
184877;625;43;0.00;-1.56;24.31;84
184885;624;43;0.00;-1.56;24.31;84
184896;623;43;0.00;-1.56;24.31;84
184904;622;43;0.00;-1.56;24.31;84
184916;623;43;0.00;-1.56;24.31;84
184923;623;43;0.00;-1.56;24.31;84
184933;624;43;0.00;-1.56;24.31;84
184946;624;43;0.00;-1.56;24.31;84
184955;625;43;0.00;-1.56;24.31;84
184965;625;43;0.00;-1.56;24.31;84
184976;625;43;0.00;-1.56;24.71;84
184985;626;43;0.00;-1.56;24.71;84
184994;626;43;0.00;-1.56;24.71;84
185005;626;43;0.00;-1.56;24.71;84
185016;626;43;0.00;-1.56;24.71;84
185025;626;43;0.00;-1.56;24.71;84
185034;626;43;0.00;-1.56;24.71;84
185046;626;43;0.00;-1.56;24.71;84
185055;626;43;0.00;-1.56;24.71;84
185064;626;43;0.00;-1.56;24.71;84
185075;626;43;-0.78;-1.56;24.71;84
185084;626;43;-0.78;-1.56;24.71;84
185095;627;43;-0.78;-1.56;24.71;84
185107;628;43;-0.78;-1.56;24.71;84
185113;629;43;-0.78;-1.56;24.71;84
185124;629;43;-0.78;-1.56;24.71;84
185136;630;43;-0.78;-1.56;24.71;84
185143;631;43;-0.78;-1.56;24.71;84
185155;631;43;-0.78;-1.56;24.71;84
185164;631;43;-0.78;-1.56;24.71;84
185177;632;43;-0.78;-1.56;24.71;84
185185;632;43;-0.78;-1.56;24.71;84
185194;632;43;-0.78;-1.56;24.71;84
185205;632;43;-0.78;-1.56;24.71;84
185213;631;43;-0.78;-1.56;24.71;84
185225;630;43;-0.78;-1.56;24.71;84
185235;629;43;-0.78;-1.56;24.71;84
185248;628;43;-0.78;-1.56;24.71;84
185266;627;43;-0.78;-1.56;24.71;84
185278;626;43;-0.78;-1.56;24.71;84
185284;626;43;-0.78;-1.56;24.71;84
185296;626;43;-0.78;-1.56;24.71;84
185306;625;43;-0.78;-1.56;24.71;84
185314;625;43;-0.78;-1.56;24.71;84
185325;625;43;-0.78;-1.56;24.71;84
185336;625;43;-0.78;-1.56;24.71;84
185344;624;43;-0.78;-1.56;24.71;84
185356;624;43;-0.78;-1.56;24.71;84
185364;623;43;-0.78;-1.56;24.71;84
185375;622;43;-0.78;-1.56;24.71;84
185385;622;43;-0.78;-1.56;24.71;84
185395;621;43;-0.78;-1.56;24.71;84
185405;621;43;-0.78;-1.56;24.71;84
185414;620;43;-0.78;-1.56;24.71;84
185425;620;43;-0.78;-1.56;24.71;84
185434;620;43;-0.78;-1.56;24.71;84
185444;619;43;-0.78;-1.56;24.71;84
185456;619;43;-0.78;-1.56;24.71;84
185467;621;43;-0.78;-1.56;24.71;84
185475;622;43;-0.78;-1.56;24.71;84
185485;624;43;-0.78;-1.56;24.71;84
185496;625;43;-0.78;-1.56;24.71;84
185504;627;43;-0.78;-1.56;24.71;84
185516;628;43;-0.78;-1.56;24.71;84
185526;629;43;-0.78;-1.56;24.71;84
185536;629;43;-0.78;-1.56;24.71;84
185545;630;43;-0.78;-1.56;24.71;84
185555;630;43;-0.78;-1.56;24.71;84
185563;630;43;-0.78;-1.56;24.71;84
185579;631;43;-0.78;-1.56;24.71;84
185596;630;43;-0.78;-1.56;24.71;84
185605;630;43;-0.78;-1.56;24.71;84
185614;629;43;-0.78;-1.56;24.71;84
185625;629;43;-0.78;-1.56;24.71;84
185635;628;43;-0.78;-1.56;24.71;84
185644;628;43;-0.78;-1.56;24.71;84
185654;627;43;-0.78;-1.56;24.71;84
185666;627;43;-0.78;-1.56;24.71;84
185676;626;43;-0.78;-1.56;24.71;84
185685;626;43;-0.78;-1.56;24.71;84
185694;625;43;-0.78;-1.56;24.71;84
185705;625;43;-0.78;-1.56;24.71;84
185717;625;43;-0.78;-1.56;24.71;84
185725;625;43;-0.78;-1.56;24.71;84
185734;624;43;-0.78;-1.56;24.71;84
185745;624;43;-0.78;-1.56;24.71;84
185757;624;43;-0.78;-1.56;24.71;84
185766;624;43;-0.78;-1.56;24.71;84
185774;623;43;-0.78;-1.56;24.71;84
185784;622;43;-0.78;-1.56;24.71;84
185795;621;43;-0.78;-1.56;24.71;84
185806;620;43;-0.78;-1.56;24.71;84
185814;619;43;-0.78;-1.56;24.71;84
185826;618;43;-0.78;-1.56;24.71;84
185835;619;43;-0.78;-1.56;24.71;84
185845;620;43;-0.78;-1.56;24.71;84
185855;621;43;-0.78;-1.56;24.71;84
185866;621;43;-0.78;-1.56;24.71;84
185877;622;43;-0.78;-1.56;24.71;84
185884;623;43;-0.78;-0.78;24.71;84
185894;624;43;-0.78;-0.78;24.71;84
185905;625;43;-0.78;-0.78;24.71;84
185917;626;43;-0.78;-0.78;24.71;84
185925;627;43;-0.78;-0.78;24.71;84
185935;628;43;-0.78;-0.78;24.71;84
185944;629;43;-0.78;-0.78;24.71;84
185954;629;43;-0.78;-0.78;25.10;84
185965;629;43;-0.78;-0.78;25.10;84
185976;630;43;-0.78;-0.78;25.10;84
185985;630;43;-0.78;-0.78;25.10;84
185995;630;43;-0.78;-0.78;25.10;84
186004;630;43;-0.78;-0.78;25.10;84
186016;629;43;-0.78;-0.78;25.10;84
186024;628;43;-0.78;-0.78;25.10;84
186036;627;43;-0.78;-0.78;25.10;84
186045;627;43;-0.78;-0.78;25.10;84
186056;626;43;-0.78;-0.78;25.10;84
186065;625;43;-0.78;-0.78;25.10;84
186077;626;43;-0.78;-0.78;25.10;84
186086;627;43;-0.78;-0.78;25.10;84
186094;628;43;-0.78;-0.78;25.10;84
186107;629;43;-0.78;-0.78;25.10;84
186115;630;43;-0.78;-0.78;25.10;84
186126;631;43;-0.78;-0.78;25.10;84
186135;630;43;-0.78;-0.78;24.71;84
186145;628;43;-0.78;-0.78;24.71;84
186155;627;43;-0.78;-0.78;24.71;84
186165;625;43;-0.78;-0.78;24.71;84
186177;623;43;-0.78;-0.78;24.71;84
186185;622;43;-0.78;-0.78;24.71;84
186194;621;43;-0.78;-0.78;24.71;84
186206;621;43;-0.78;-0.78;24.71;84
186215;621;43;-0.78;-0.78;24.71;84
186226;620;43;-0.78;-0.78;24.71;84
186236;620;43;-0.78;-0.78;24.71;84
186245;619;43;-0.78;-0.78;24.71;84
186254;621;43;-0.78;-0.78;24.71;84
186265;623;43;-0.78;-0.78;24.71;84
186274;624;43;-0.78;-0.78;24.71;84
186284;626;43;-0.78;-0.78;24.71;84
186295;628;43;-0.78;-0.78;24.71;84
186304;629;43;-0.78;-0.78;24.71;84
186315;629;43;-0.78;-0.78;24.71;84
186324;628;43;-0.78;-0.78;24.71;84
186336;628;43;-0.78;-0.78;24.71;84
186345;627;43;-0.78;-0.78;24.71;84
186355;626;43;-0.78;-0.78;24.71;84
186364;626;43;-0.78;-0.78;24.71;84
186375;625;43;-0.78;-0.78;24.71;84
186384;624;43;-0.78;-0.78;24.71;84
186396;623;43;-0.78;-0.78;24.71;84
186406;622;43;-0.78;-0.78;24.71;84
186414;622;43;-0.78;-0.78;24.71;84
186426;621;43;-0.78;-0.78;24.71;84
186435;622;43;-0.78;-0.78;24.71;84
186446;622;43;-0.78;-0.78;24.71;84
186455;623;43;-0.78;-0.78;24.71;84
186465;624;43;-0.78;-0.78;24.71;84
186475;625;43;-0.78;-0.78;24.71;84
186484;626;43;-0.78;-0.78;24.71;84
186494;626;43;-0.78;-0.78;24.71;84
186506;627;43;-0.78;-0.78;24.71;84
186515;628;43;-0.78;-0.78;24.71;84
186526;629;43;-0.78;-0.78;24.71;84
186536;630;43;-0.78;-0.78;24.71;84
186545;630;43;-0.78;-0.78;24.71;84
186554;631;43;-0.78;-0.78;24.71;84
186565;632;43;-0.78;-0.78;24.71;84
186575;632;43;-0.78;-0.78;24.71;84
186588;633;43;-0.78;-0.78;24.71;84
186597;633;43;-0.78;-0.78;24.71;84
186606;634;43;-0.78;-0.78;24.71;84
186615;633;43;-0.78;-0.78;24.71;84
186626;632;43;-0.78;-0.78;24.71;84
186635;632;43;-0.78;-0.78;24.71;84
186647;631;43;-0.78;-0.78;24.71;84
186656;630;43;-1.56;-0.78;24.71;84
186666;629;43;-1.56;-0.78;24.71;84
186675;628;43;-1.56;-0.78;24.71;84
186685;626;43;-1.56;-0.78;24.71;84
186694;625;43;-1.56;-0.78;24.71;84
186706;623;43;-1.56;-0.78;24.71;84
186714;621;43;-1.56;-0.78;24.71;84
186725;620;43;-1.56;-0.78;24.71;84
186737;620;43;-1.56;-0.78;24.71;84
186745;621;43;-1.56;-0.78;24.71;84
186754;621;43;-1.56;-0.78;24.71;84
186766;622;43;-1.56;-0.78;24.71;84
186775;623;43;-1.56;-0.78;24.71;84
186784;623;43;-1.56;-0.78;24.71;84
186794;624;43;-1.56;-0.78;24.71;84
186805;625;43;-1.56;-0.78;24.71;84
186816;626;43;-1.56;-0.78;24.71;84
186827;626;43;-1.56;-0.78;24.71;84
186837;627;43;-1.56;-0.78;24.71;84
186845;628;43;-1.56;-0.78;24.71;84
186856;628;43;-1.56;-0.78;24.71;84
186866;627;43;-1.56;-0.78;24.71;84
186876;627;43;-1.56;-0.78;24.71;84
186885;627;43;-1.56;-0.78;24.71;84
186896;627;43;-0.78;-0.78;24.71;84
186904;626;43;-0.78;-0.78;24.71;84
186916;625;43;-0.78;-0.78;24.71;84
186924;624;43;-0.78;-0.78;24.71;84
186935;624;43;-0.78;-0.78;24.71;84
186944;623;43;-0.78;-0.78;24.71;84
186955;622;43;-0.78;-0.78;24.71;84
186967;621;43;-0.78;-0.78;24.71;84
186976;619;43;-0.78;-0.78;24.71;84
186985;618;43;-0.78;-0.78;24.71;84
186996;617;43;-0.78;-0.78;24.71;84
187007;615;43;-0.78;-0.78;24.71;84
187015;614;43;-0.78;-0.78;24.71;84
187027;612;43;-0.78;-0.78;24.71;84
187035;614;43;-0.78;-0.78;25.10;84
187045;615;43;-0.78;-0.78;25.10;84
187056;616;43;-0.78;-0.78;25.10;84
187065;617;43;-0.78;-0.78;25.10;84
187077;618;43;-0.78;-0.78;25.10;84
187086;619;43;-0.78;-1.56;25.10;84
187095;620;43;-0.78;-1.56;25.10;84
187106;621;43;-0.78;-1.56;25.10;84
187116;621;43;-0.78;-1.56;25.10;84
187127;622;43;-0.78;-1.56;25.10;84
187136;623;43;-0.78;-1.56;25.10;84
187145;623;43;-0.78;-1.56;25.10;84
187156;623;43;-0.78;-1.56;25.10;84
187166;623;43;-0.78;-1.56;25.10;84
187174;623;43;-0.78;-1.56;25.10;84
187186;623;43;-0.78;-1.56;25.10;84
187195;624;43;-0.78;-1.56;25.10;84
187205;624;43;-0.78;-1.56;25.10;84
187215;624;43;-0.78;-1.56;25.10;84
187227;624;43;-0.78;-1.56;25.10;84
187236;624;43;-0.78;-1.56;25.10;84
187245;624;43;-0.78;-1.56;25.10;84
187256;624;43;-0.78;-1.56;25.10;84
187266;624;43;-0.78;-1.56;25.10;84
187276;623;43;-0.78;-1.56;25.10;84
187287;622;43;-0.78;-1.56;25.10;84
187296;621;43;-0.78;-1.56;25.10;84
187305;620;43;-0.78;-1.56;25.10;84
187317;620;43;-0.78;-1.56;25.10;84
187326;619;43;-0.78;-1.56;25.10;84
187335;619;43;-0.78;-1.56;25.10;84
187346;619;43;-0.78;-1.56;25.10;84
187355;619;43;-0.78;-1.56;25.10;84
187366;619;43;-0.78;-1.56;25.10;84
187377;619;43;-0.78;-1.56;25.10;84
187385;619;43;-0.78;-1.56;25.10;84
187395;620;43;-0.78;-1.56;25.10;84
187406;621;43;-0.78;-1.56;25.10;84
187414;622;43;-0.78;-1.56;25.10;84
187425;623;43;-0.78;-1.56;25.10;84
187436;624;43;-0.78;-1.56;25.10;84
187445;625;43;-0.78;-1.56;25.10;84
187454;624;43;-0.78;-1.56;25.10;84
187466;624;43;-0.78;-1.56;25.10;84
187477;624;43;-0.78;-1.56;25.10;84
187486;624;43;-0.78;-1.56;25.10;84
187495;624;43;-0.78;-1.56;25.10;84
187506;624;43;-0.78;-1.56;25.10;84
187516;624;43;-0.78;-1.56;25.10;84
187527;624;43;-0.78;-1.56;25.10;84
187536;624;43;-0.78;-1.56;25.10;84
187545;624;43;-0.78;-1.56;25.10;84
187556;624;43;-0.78;-1.56;25.10;84
187566;624;43;-0.78;-1.56;25.10;84
187577;623;43;-0.78;-1.56;25.10;84
187588;623;43;-0.78;-1.56;25.10;84
187597;622;43;-0.78;-1.56;25.10;84
187605;622;43;-0.78;-1.56;25.10;84
187615;621;43;-0.78;-1.56;25.10;84
187624;621;43;-0.78;-1.56;25.10;84
187637;620;43;-0.78;-1.56;25.10;84
187645;620;43;-0.78;-1.56;25.10;84
187657;620;43;-0.78;-1.56;25.10;84
187665;620;43;-0.78;-1.56;25.10;84
187674;619;43;-0.78;-1.56;25.10;84
187684;619;43;-0.78;-1.56;25.10;84
187697;619;43;-0.78;-1.56;25.10;84
187705;619;43;-0.78;-1.56;25.10;84
187717;619;43;-0.78;-1.56;25.10;84
187726;618;43;-0.78;-1.56;25.10;84
187735;618;43;-0.78;-1.56;25.10;84
187745;618;43;-0.78;-1.56;25.10;84
187756;620;43;-0.78;-1.56;25.10;84
187767;621;43;-0.78;-1.56;25.10;84
187775;622;43;-0.78;-1.56;25.10;84
187786;624;43;-0.78;-1.56;25.10;84
187796;625;43;-0.78;-1.56;25.10;84
187805;626;43;-0.78;-1.56;25.10;84
187816;626;43;-0.78;-1.56;25.10;84
187824;627;43;-0.78;-1.56;25.10;84
187836;627;43;-0.78;-1.56;25.10;84
187846;627;43;-0.78;-1.56;25.10;84
187856;627;43;0.00;-1.56;25.10;84
187866;627;43;0.00;-1.56;25.10;84
187874;627;43;0.00;-1.56;25.10;84
187884;627;43;0.00;-1.56;25.10;84
187895;627;43;0.00;-1.56;25.10;84
187904;627;43;0.00;-1.56;25.10;84
187916;627;43;0.00;-1.56;25.10;84
187923;627;43;0.00;-1.56;25.10;84
187934;625;43;0.00;-1.56;25.10;84
187943;624;43;0.00;-1.56;25.10;84
187955;623;43;0.00;-1.56;25.10;84
187964;621;43;0.00;-1.56;25.10;84
187976;620;43;0.00;-1.56;25.10;84
187985;619;43;0.00;-1.56;25.10;84
187993;619;43;0.00;-1.56;25.10;84
188005;620;43;0.00;-1.56;25.10;84
188013;621;43;0.00;-1.56;25.10;84
188024;621;43;0.00;-1.56;25.10;84
188035;622;43;0.00;-1.56;25.10;84
188043;622;43;0.00;-1.56;25.10;84
188053;622;43;0.00;-1.56;25.10;84
188064;622;43;0.00;-1.56;25.10;84
188076;622;43;0.00;-1.56;25.10;84
188084;622;43;0.00;-1.56;25.10;84
188095;622;43;0.00;-1.56;25.10;84
188104;621;43;0.00;-1.56;25.10;84
188113;622;43;0.00;-1.56;25.10;84
188125;622;43;0.00;-1.56;25.10;84
188136;622;43;0.00;-1.56;25.10;84
188144;622;43;0.00;-1.56;25.10;84
188154;622;43;0.00;-1.56;25.10;84
188164;622;43;0.00;-0.78;25.10;84
188176;622;43;0.00;-0.78;25.10;84
188183;623;43;0.00;-0.78;25.10;84
188194;623;43;0.00;-0.78;25.10;84
188205;623;43;0.00;-0.78;25.10;84
188214;623;43;0.00;-0.78;25.10;84
188223;623;43;0.00;-0.78;25.10;84
188234;623;43;0.00;-0.78;25.10;84
188244;624;43;0.00;-0.78;25.10;84
188254;624;43;0.00;-0.78;25.10;84
188263;624;43;0.00;-0.78;25.10;84
188275;625;43;0.00;-0.78;25.10;84
188285;625;43;0.00;-0.78;25.10;84
188296;625;43;0.00;-0.78;25.10;84
188305;626;43;0.00;-0.78;25.10;84
188314;626;43;0.00;-0.78;25.10;84
188325;626;43;0.00;-0.78;25.10;84
188334;627;43;0.00;-0.78;25.10;84
188344;627;43;0.00;-0.78;25.10;84
188355;628;43;0.00;-0.78;25.10;84
188364;628;43;0.00;-0.78;25.10;84
188376;629;43;0.00;-0.78;25.10;84
188385;630;43;0.00;-0.78;25.10;84
188396;630;43;0.00;-0.78;25.10;84
188404;631;43;0.00;-0.78;25.10;84
188413;630;43;0.00;-0.78;25.10;84
188424;630;43;0.00;-0.78;25.10;84
188434;629;43;0.00;-0.78;25.10;84
188444;629;43;0.00;-0.78;25.10;84
188453;628;43;0.00;-0.78;25.10;84
188464;627;43;0.00;-0.78;25.10;84
188475;627;43;0.00;-0.78;24.71;84
188484;627;43;0.00;-0.78;24.71;84
188495;627;43;0.00;-0.78;24.71;84
188503;627;43;0.00;-0.78;24.71;84
188515;627;43;0.00;-0.78;24.71;84
188523;627;43;0.00;-0.78;24.71;84
188535;628;43;0.00;-0.78;24.71;84
188544;629;43;0.00;-0.78;24.71;84
188553;630;43;0.00;-0.78;24.71;84
188565;631;43;0.00;-0.78;24.71;84
188575;632;43;0.00;-0.78;24.71;84
188586;633;43;0.00;-0.78;24.71;84
188596;633;43;0.00;-0.78;24.71;84
188605;632;43;0.00;-0.78;24.71;84
188614;632;43;0.00;-0.78;24.71;84
188623;631;43;0.00;-0.78;24.71;84
188634;631;43;-0.78;-0.78;24.71;84
188644;631;43;-0.78;-0.78;24.71;84
188654;631;43;-0.78;-0.78;24.71;84
188664;631;43;-0.78;-0.78;24.71;84
188676;631;43;-0.78;-0.78;24.71;84
188684;631;43;-0.78;-0.78;24.71;84
188697;632;43;-0.78;-0.78;24.71;84
188715;632;43;-0.78;-0.78;24.71;84
188723;632;43;-0.78;-0.78;24.31;84
188734;632;43;-0.78;-0.78;24.31;84
188743;632;43;-0.78;-0.78;24.31;84
188754;632;43;-0.78;-0.78;24.31;84
188763;632;43;-0.78;-0.78;24.31;84
188777;632;43;-0.78;-0.78;24.31;84
188784;631;43;-0.78;-0.78;24.31;84
188793;630;43;-0.78;-0.78;24.31;84
188805;630;43;-0.78;-0.78;24.31;84
188814;629;43;-0.78;-0.78;24.31;84
188825;628;43;-0.78;-0.78;24.31;84
188836;627;43;-0.78;-0.78;24.31;84
188845;626;43;-0.78;-0.78;24.31;84
188853;626;43;-0.78;-0.78;24.31;84
188864;625;43;-0.78;-0.78;24.31;84
188877;624;43;-0.78;-0.78;24.31;84
188883;624;43;-0.78;-0.78;24.31;84
188893;623;43;-0.78;-0.78;24.31;84
188904;623;43;-0.78;-0.78;24.31;84
188915;624;43;-0.78;-0.78;24.31;84
188923;624;43;-0.78;-0.78;24.31;84
188935;624;43;-0.78;-0.78;24.31;84
188944;625;43;-0.78;-0.78;24.31;84
188954;625;43;-0.78;-0.78;24.31;84
188964;625;43;-0.78;-0.78;24.31;84
188975;625;43;-0.78;-0.78;24.31;84
188983;625;43;-0.78;-0.78;24.31;84
188995;625;43;-0.78;-0.78;24.31;84
189003;625;43;-0.78;-0.78;24.31;84
189014;624;43;-0.78;-0.78;24.31;84
189025;624;43;-0.78;-0.78;24.71;84
189034;624;43;-0.78;-0.78;24.71;84
189043;623;43;-0.78;-0.78;24.71;84
189055;623;43;-0.78;-0.78;24.71;84
189067;623;43;-0.78;-0.78;24.71;84
189076;622;43;-0.78;-0.78;24.71;84
189084;621;43;-0.78;-0.78;24.71;84
189093;620;43;-0.78;-0.78;24.71;84
189104;619;43;-0.78;-0.78;24.71;84
189116;618;43;-0.78;-0.78;24.71;84
189125;617;43;-1.56;-0.78;24.71;84
189134;616;43;-1.56;-0.78;24.71;84
189143;618;43;-1.56;-0.78;24.71;84
189154;620;43;-1.56;-0.78;24.71;84
189165;622;43;-1.56;-0.78;24.71;84
189177;624;43;-1.56;-0.78;24.71;84
189185;626;43;-1.56;-0.78;24.71;84
189193;628;43;-1.56;-0.78;24.71;84
189203;627;43;-1.56;-0.78;24.71;84
189214;627;43;-1.56;-0.78;24.71;84
189224;626;43;-1.56;-0.78;24.71;84
189235;626;43;-1.56;-0.78;24.71;84
189245;626;43;-1.56;-0.78;24.71;84
189254;625;43;-1.56;-0.78;24.71;84
189263;625;43;-1.56;-0.78;24.71;84
189274;625;43;-1.56;-0.78;24.71;84
189284;625;43;-1.56;-0.78;24.71;84
189293;625;43;-1.56;-0.78;24.71;84
189305;625;43;-1.56;-0.78;24.71;84
189314;624;43;-1.56;-0.78;24.71;84
189324;625;43;-1.56;-0.78;24.71;84
189334;626;43;-1.56;-0.78;24.71;84
189346;627;43;-1.56;-0.78;24.71;84
189355;628;43;-1.56;-0.78;24.71;84
189365;629;43;-1.56;-0.78;24.71;84
189377;630;43;-1.56;-0.78;24.71;84
189385;629;43;-1.56;-0.78;24.71;84
189395;628;43;-1.56;-0.78;24.71;84
189405;627;43;-1.56;-0.78;24.71;84
189415;626;43;-1.56;-0.78;24.71;84
189426;624;43;-1.56;-0.78;24.71;84
189435;623;43;-1.56;-0.78;24.71;84
189445;624;43;-1.56;-0.78;24.71;84
189455;624;43;-1.56;-0.78;24.71;84
189465;624;43;-1.56;-0.78;24.71;84
189475;624;43;-1.56;-0.78;24.71;84
189485;624;43;-1.56;-0.78;24.71;84
189494;624;43;-1.56;-0.78;24.71;84
189505;624;43;-1.56;-0.78;24.71;84
189514;624;43;-1.56;-0.78;24.71;84
189523;623;43;-1.56;-0.78;24.71;84
189535;623;43;-1.56;-0.78;24.71;84
189545;623;43;-1.56;-0.78;24.71;84
189554;623;43;-1.56;-0.78;24.71;84
189566;623;43;-1.56;-0.78;24.71;84
189574;623;43;-1.56;-0.78;24.71;84
189586;623;43;-1.56;-0.78;24.71;84
189597;623;43;-1.56;-0.78;24.71;84
189603;623;43;-1.56;-0.78;24.71;84
189615;624;43;-1.56;-0.78;24.71;84
189625;624;43;-1.56;-0.78;24.71;84
189634;623;43;-1.56;-0.78;24.71;84
189643;623;43;-1.56;-0.78;24.71;84
189655;623;43;-1.56;-0.78;24.71;84
189664;623;43;-1.56;-0.78;24.71;84
189676;623;43;-1.56;-0.78;24.71;84
189684;624;43;-1.56;-0.78;24.71;84
189693;624;43;-1.56;-0.78;24.71;84
189705;625;43;-1.56;-0.78;24.71;84
189714;625;43;-1.56;-0.78;24.71;84
189723;625;43;-1.56;-0.78;24.71;84
189735;626;43;-1.56;-0.78;24.71;84
189745;625;43;-1.56;-0.78;24.71;84
189754;625;43;-1.56;-0.78;24.71;84
189766;624;43;-1.56;-0.78;24.71;84
189778;623;43;-1.56;-0.78;24.71;84
189795;623;43;-1.56;-0.78;24.71;84
189803;622;43;-1.56;-0.78;24.71;84
189815;622;43;-1.56;-0.78;24.71;84
189825;622;43;-1.56;-0.78;24.71;84
189834;622;43;-1.56;-0.78;24.71;84
189844;621;43;-1.56;-0.78;24.71;84
189854;621;43;-1.56;-0.78;24.71;84
189865;621;43;-1.56;-0.78;24.71;84
189875;622;43;-1.56;-0.78;24.71;84
189886;623;43;-1.56;-0.78;24.71;84
189895;623;43;-1.56;-0.78;24.71;84
189904;624;43;-1.56;-0.78;24.71;84
189914;625;43;-1.56;-0.78;24.71;84
189926;626;43;-1.56;-0.78;24.71;84
189935;625;43;-1.56;-0.78;24.71;84
189945;625;43;-1.56;-0.78;24.71;84
189954;624;43;-1.56;-0.78;24.71;84
189965;624;43;-1.56;-0.78;24.71;84
189974;623;43;-1.56;-0.78;24.71;84
189984;623;43;-1.56;-0.78;24.71;84
189995;623;43;-1.56;-0.78;24.71;84
190004;622;43;-1.56;-0.78;24.71;84
190015;622;43;-1.56;-0.78;24.71;84
190025;622;43;-1.56;-0.78;24.71;84
190035;621;43;-0.78;-0.78;24.71;84
190045;621;43;-0.78;-0.78;24.71;84
190054;621;43;-0.78;-0.78;25.10;84
190064;621;43;-0.78;-0.78;25.10;84
190074;621;43;-0.78;-0.78;25.10;84
190083;622;43;-0.78;-0.78;25.10;84
190095;622;43;-0.78;-0.78;25.10;84
190105;622;43;-0.78;-0.78;25.10;84
190115;623;43;-0.78;-0.78;25.10;84
190126;625;43;-0.78;-0.78;25.10;84
190135;626;43;-0.78;-0.78;25.10;84
190147;627;43;-0.78;-0.78;25.10;84
190154;628;43;-0.78;-0.78;25.10;84
190166;630;43;-0.78;-0.78;25.10;84
190175;629;43;-0.78;-0.78;24.71;84
190184;628;43;-0.78;-0.78;24.71;84
190195;627;43;-0.78;-0.78;24.71;84
190204;626;43;-0.78;-0.78;24.71;84
190216;625;43;-0.78;-0.78;24.71;84
190225;624;43;-0.78;-0.78;24.71;84
190235;624;43;-0.78;-0.78;24.71;84
190245;624;43;-0.78;-0.78;24.71;84
190256;623;43;-0.78;-0.78;24.71;84
190265;623;43;-0.78;-0.78;24.71;84
190275;622;43;-0.78;-0.78;24.71;84
190284;622;43;-0.78;-0.78;24.71;84
190296;623;43;-0.78;-0.78;24.71;84
190305;623;43;-0.78;-0.78;24.71;84
190316;624;43;-0.78;-0.78;24.71;84
190325;625;43;-0.78;-0.78;24.71;84
190334;625;43;-0.78;-0.78;24.71;84
190347;626;43;-0.78;-0.78;24.71;84
190356;626;43;-0.78;-0.78;24.71;84
190365;625;43;-0.78;-0.78;24.71;84
190374;624;43;-0.78;-0.78;24.71;84
190386;624;43;-0.78;-0.78;24.71;84
190395;623;43;-0.78;-0.78;24.71;84
190404;623;43;-0.78;-0.78;24.71;84
190416;623;43;-0.78;-0.78;24.71;84
190424;624;43;-0.78;-0.78;24.71;84
190434;625;43;-0.78;-0.78;24.71;84
190445;625;43;-0.78;-0.78;24.71;84
190454;626;43;-0.78;-0.78;24.71;84
190463;627;43;-0.78;-0.78;24.71;84
190476;627;43;-0.78;-0.78;24.71;84
190486;627;43;-0.78;-0.78;24.71;84
190494;627;43;-0.78;-0.78;24.71;84
190506;627;43;-0.78;-0.78;24.71;84
190515;627;43;-0.78;-0.78;24.71;84
190524;627;43;-0.78;-0.78;24.71;84
190536;627;43;-0.78;-0.78;24.71;84
190546;627;43;-0.78;-0.78;24.71;84
190556;626;43;-0.78;-0.78;24.71;84
190566;626;43;-0.78;-0.78;24.71;84
190575;626;43;-0.78;-0.78;24.71;84
190587;626;43;-0.78;-1.56;24.71;84
190595;624;43;-0.78;-1.56;24.71;84
190604;623;43;-0.78;-1.56;24.71;84
190615;622;43;-0.78;-1.56;24.71;84
190624;621;43;-0.78;-1.56;24.71;84
190636;620;43;-0.78;-1.56;24.71;84
190645;618;43;-0.78;-1.56;24.71;84
190656;619;43;-0.78;-1.56;24.71;84
190664;620;43;-0.78;-1.56;24.71;84
190676;621;43;-0.78;-1.56;24.71;84
190684;622;43;-0.78;-1.56;24.71;84
190697;623;43;-0.78;-1.56;24.71;84
190705;624;43;-0.78;-1.56;24.71;84
190716;624;43;-0.78;-1.56;24.71;84
190725;625;43;-0.78;-1.56;24.71;84
190737;625;43;-0.78;-1.56;24.71;84
190746;626;43;-0.78;-1.56;24.71;84
190755;627;43;-0.78;-1.56;24.71;84
190764;627;43;-0.78;-1.56;24.71;84
190774;628;43;-0.78;-1.56;24.71;84
190786;628;43;-0.78;-1.56;24.71;84
190794;628;43;-0.78;-1.56;24.71;84
190805;629;43;-0.78;-1.56;24.71;84
190814;629;43;0.00;-1.56;24.71;84
190824;629;43;0.00;-0.78;24.71;84
190836;630;43;0.00;-0.78;24.71;84
190845;630;43;0.00;-0.78;24.71;84
190857;630;43;0.00;-0.78;24.71;84
190866;630;43;0.00;-0.78;24.71;84
190876;631;43;0.00;-0.78;24.71;84
190885;631;43;0.00;-0.78;24.71;84
190896;630;43;0.00;-0.78;24.71;84
190906;628;43;0.00;-0.78;24.71;84
190914;627;43;0.00;-0.78;24.71;84
190925;625;43;0.00;-0.78;24.71;84
190937;624;43;0.00;-0.78;24.71;84
190945;623;43;0.00;-0.78;24.71;84
190957;622;43;0.00;-0.78;24.71;84
190965;621;43;0.00;-0.78;24.71;84
190977;621;43;0.00;-0.78;24.71;84
190986;620;43;0.00;-0.78;24.71;84
190994;619;43;0.00;-0.78;24.71;84
191006;619;43;0.00;-0.78;24.71;84
191015;619;43;0.00;-0.78;24.71;84
191027;619;43;0.00;-0.78;24.71;84
191034;619;43;0.00;-0.78;24.71;84
191046;619;43;0.00;-0.78;24.71;84
191056;619;43;0.00;-0.78;24.71;84
191064;619;43;0.00;-0.78;24.71;84
191076;620;43;0.00;-0.78;24.71;84
191085;622;43;0.00;-0.78;24.71;84
191095;623;43;0.00;-0.78;24.71;84
191105;625;43;0.00;-0.78;24.71;84
191115;626;43;0.00;-0.78;24.71;84
191124;628;43;0.00;-0.78;24.71;84
191134;627;43;0.00;-0.78;24.71;84
191145;626;43;0.00;-0.78;24.71;84
191154;625;43;0.00;-0.78;24.71;84
191166;624;43;0.00;-0.78;24.71;84
191174;623;43;-0.78;-0.78;24.71;84
191185;622;43;-0.78;0.00;24.71;84
191195;622;43;-0.78;0.00;24.71;84
191206;622;43;-0.78;0.00;24.71;84
191215;623;43;-0.78;0.00;24.71;84
191226;623;43;-0.78;0.00;24.71;84
191235;623;43;-0.78;0.00;24.71;84
191247;623;43;-0.78;0.00;24.71;84
191254;623;43;-0.78;0.00;24.71;84
191264;624;43;-0.78;0.00;24.71;84
191275;625;43;-0.78;0.00;24.71;84
191285;626;43;-0.78;0.00;24.71;84
191294;627;43;-0.78;0.00;24.71;84
191305;628;43;-0.78;0.00;24.71;84
191316;627;43;-0.78;0.00;24.71;84
191325;626;43;-0.78;0.00;24.71;84
191337;625;43;-0.78;0.00;24.71;84
191345;623;43;-0.78;0.00;24.71;84
191354;622;43;-0.78;0.00;24.71;84
191364;621;43;-0.78;0.00;24.71;84
191376;621;43;-0.78;0.00;24.71;84
191385;620;43;-0.78;0.00;24.71;84
191395;620;43;-0.78;0.00;24.71;84
191407;619;43;-0.78;0.00;24.71;84
191416;618;43;-0.78;0.00;24.71;84
191425;618;43;-0.78;0.00;24.71;84
191434;620;43;-0.78;0.00;24.71;84
191445;622;43;-0.78;0.00;24.71;84
191457;624;43;-0.78;0.00;24.71;84
191466;626;43;-0.78;0.00;24.71;84
191474;627;43;-0.78;0.00;24.71;84
191485;629;43;-0.78;0.00;24.71;84
191494;629;43;-0.78;0.00;24.71;84
191505;629;43;-0.78;0.00;24.71;84
191515;629;43;-0.78;0.00;24.71;84
191525;629;43;-0.78;0.00;24.71;84
191536;629;43;-0.78;0.00;24.71;84
191545;629;43;-0.78;0.00;24.71;84
191556;627;43;-0.78;0.00;24.71;84
191565;626;43;-0.78;0.00;24.71;84
191576;624;43;-0.78;0.00;24.71;84
191586;622;43;-0.78;0.00;24.71;84
191596;620;43;-0.78;0.00;24.71;84
191605;618;43;-0.78;0.00;24.71;84
191615;619;43;-0.78;0.00;24.71;84
191626;620;43;-0.78;0.00;24.71;84
191636;621;43;-0.78;0.00;24.71;84
191645;622;43;-0.78;0.00;24.71;84
191657;622;43;-0.78;0.00;24.71;84
191663;623;43;-0.78;0.00;24.71;84
191675;624;43;-0.78;0.00;25.10;84
191686;624;43;-0.78;0.00;25.10;84
191694;625;43;-0.78;0.00;25.10;84
191705;625;43;-0.78;0.00;25.10;84
191716;626;43;-0.78;0.00;25.10;84
191725;626;43;-0.78;0.00;25.10;84
191736;626;43;-0.78;0.00;24.71;84
191744;626;43;-0.78;0.00;24.71;84
191755;627;43;-0.78;0.00;24.71;84
191763;627;43;-0.78;0.00;24.71;84
191774;627;43;-0.78;0.00;24.71;84
191786;627;43;-0.78;0.00;24.71;84
191797;627;43;-0.78;0.00;24.71;84
191802;627;43;-0.78;0.00;24.71;84
191815;627;43;-0.78;0.00;24.71;84
191823;628;43;-0.78;0.00;24.71;84
191837;628;43;-0.78;0.00;24.71;84
191844;628;43;-0.78;0.00;24.71;84
191852;628;43;-0.78;0.00;24.71;84
191867;627;43;-0.78;0.00;24.71;84
191875;627;43;-0.78;0.00;24.71;84
191884;627;43;-0.78;0.00;24.71;84
191897;626;43;-0.78;0.00;24.71;84
191905;626;43;-0.78;0.00;24.71;84
191914;625;43;-0.78;0.00;24.71;84
191925;624;43;-0.78;0.00;24.71;84
191933;623;43;-0.78;0.00;24.71;84
191946;622;43;-0.78;0.00;24.71;84
191952;621;43;-0.78;0.00;24.71;84
191962;620;43;-0.78;0.00;24.71;84
191975;619;43;-0.78;0.00;24.71;84
191984;619;43;-0.78;0.00;24.71;84
191996;618;43;-0.78;0.00;24.71;84
192002;617;43;-0.78;0.00;24.71;84
192015;617;43;-0.78;0.00;24.71;84
192024;616;43;-0.78;0.00;24.71;84
192034;617;43;-0.78;0.00;24.71;84
192043;619;43;-0.78;0.00;24.71;84
192054;621;43;-0.78;0.00;24.71;84
192064;622;43;-0.78;0.00;24.71;84
192075;624;43;-0.78;0.00;24.71;84
192084;625;43;-0.78;0.00;24.71;84
192093;625;43;-0.78;0.00;24.71;84
192105;626;43;-0.78;0.00;24.71;84
192115;626;43;-0.78;0.00;24.71;84
192125;626;43;-0.78;0.00;24.71;84
192134;626;43;-0.78;0.00;24.71;84
192144;626;43;-0.78;0.00;24.71;84
192156;626;43;-0.78;0.00;24.71;84
192163;626;43;-0.78;0.00;24.71;84
192174;626;43;-0.78;0.00;24.71;84
192184;626;43;-0.78;0.00;24.71;84
192193;626;43;-0.78;0.00;24.71;84
192203;626;43;-0.78;0.00;24.71;84
192212;627;43;-0.78;0.00;24.71;84
192225;627;43;-0.78;0.00;24.71;84
192236;628;43;-0.78;0.00;24.71;84
192245;629;43;-0.78;0.00;24.71;84
192253;629;43;-0.78;0.00;24.71;84
192264;630;43;-0.78;0.00;24.71;84
192276;630;43;-0.78;0.00;24.71;84
192284;629;43;-0.78;0.00;24.71;84
192296;629;43;-0.78;0.00;24.71;84
192303;628;43;-0.78;0.00;24.71;84
192315;628;43;-0.78;0.00;24.71;84
192323;628;43;-0.78;0.00;24.71;84
192336;627;43;-0.78;0.00;24.71;84
192345;626;43;-0.78;0.00;24.71;84
192355;625;43;-0.78;0.00;24.71;84
192365;624;43;-0.78;0.00;24.71;84
192376;623;43;-0.78;0.00;24.71;84
192382;622;43;-0.78;0.00;24.71;84
192394;622;43;-0.78;0.00;24.71;84
192402;622;43;-0.78;0.00;24.71;84
192415;623;43;-0.78;0.00;24.71;84
192424;623;43;-0.78;0.00;24.71;84
192434;623;43;-0.78;0.00;24.71;84
192443;623;43;-0.78;-0.78;24.71;84
192455;623;43;-0.78;-0.78;24.71;84
192464;623;43;-0.78;-0.78;24.71;84
192476;623;43;-0.78;-0.78;24.71;84
192483;623;43;-0.78;-0.78;24.71;84
192494;623;43;-0.78;-0.78;24.71;84
192504;622;43;-0.78;-0.78;24.71;84
192513;622;43;-0.78;-0.78;24.71;84
192524;622;43;-0.78;-0.78;24.71;84
192533;622;43;-0.78;-0.78;24.71;84
192542;622;43;-0.78;-0.78;24.71;84
192554;622;43;-0.78;-0.78;24.71;84
192563;621;43;-0.78;-0.78;24.71;84
192574;622;43;-0.78;-0.78;24.71;84
192586;622;43;-0.78;-0.78;24.71;84
192595;622;43;-0.78;-0.78;24.71;84
192603;622;43;-0.78;-0.78;24.71;84
192615;622;43;-0.78;-0.78;24.71;84
192625;622;43;-0.78;-0.78;24.71;84
192633;622;43;-0.78;-0.78;24.71;84
192644;623;43;-0.78;-0.78;24.71;84
192654;623;43;-0.78;-0.78;24.71;84
192663;623;43;-0.78;-0.78;24.71;84
192676;623;43;-0.78;-0.78;24.71;84
192685;624;43;-0.78;-0.78;24.71;84
192694;623;43;-0.78;-0.78;24.71;84
192704;622;43;-0.78;-0.78;24.71;84
192716;621;43;-0.78;-0.78;24.71;84
192724;620;43;-0.78;-0.78;24.71;84
192733;619;43;-0.78;-0.78;24.71;84
192743;618;43;-0.78;-0.78;24.71;84
192754;619;43;-0.78;-0.78;25.10;84
192767;620;43;-0.78;-0.78;25.10;84
192777;622;43;-0.78;-0.78;25.10;84
192786;623;43;-0.78;-0.78;25.10;84
192797;624;43;-0.78;-0.78;25.10;84
192803;625;43;-0.78;-0.78;25.10;84
192814;626;43;-0.78;-0.78;25.10;84
192823;627;43;-0.78;-0.78;25.10;84
192834;627;43;-0.78;-0.78;25.10;84
192845;628;43;-0.78;-0.78;25.10;84
192854;629;43;-0.78;-0.78;25.10;84
192863;629;43;-0.78;-0.78;25.10;84
192877;628;43;-0.78;-0.78;24.71;84
192886;628;43;-0.78;-0.78;24.71;84
192895;627;43;-0.78;-0.78;24.71;84
192905;626;43;-0.78;-0.78;24.71;84
192914;626;43;-0.78;-0.78;24.71;84
192926;625;43;-0.78;-1.56;24.71;84
192934;624;43;-0.78;-1.56;24.71;84
192946;622;43;-0.78;-1.56;24.71;84
192956;621;43;-0.78;-1.56;24.71;84
192965;620;43;-0.78;-1.56;24.71;84
192977;618;43;-0.78;-1.56;24.71;84
192986;617;43;-0.78;-1.56;24.71;84
192995;618;43;-0.78;-1.56;24.71;84
193006;620;43;-0.78;-1.56;24.71;84
193013;621;43;-0.78;-1.56;24.71;84
193024;622;43;-0.78;-1.56;24.71;84
193036;624;43;-0.78;-1.56;24.71;84
193044;625;43;-0.78;-1.56;24.71;84
193055;625;43;-0.78;-1.56;24.71;84
193064;624;43;-0.78;-1.56;24.71;84
193075;624;43;-0.78;-1.56;24.71;84
193085;624;43;-0.78;-1.56;24.71;84
193094;623;43;-0.78;-1.56;24.71;84
193103;623;43;-0.78;-1.56;24.71;84
193115;624;43;-0.78;-1.56;24.71;84
193123;624;43;-0.78;-1.56;24.71;84
193134;625;43;-0.78;-1.56;24.71;84
193145;626;43;-0.78;-1.56;24.71;84
193154;626;43;-0.78;-1.56;24.71;84
193164;627;43;-0.78;-1.56;24.71;84
193178;628;43;-0.78;-1.56;25.10;84
193196;628;43;-0.78;-1.56;25.10;84
193204;629;43;-0.78;-1.56;25.10;84
193215;630;43;-0.78;-1.56;25.10;84
193225;630;43;-0.78;-1.56;25.10;84
193233;631;43;-0.78;-1.56;25.10;84
193245;631;43;-0.78;-1.56;24.71;84
193255;630;43;-0.78;-1.56;24.71;84
193265;630;43;-0.78;-1.56;24.71;84
193277;630;43;-0.78;-1.56;24.71;84
193285;630;43;-0.78;-1.56;24.71;84
193295;629;43;-0.78;-1.56;24.71;84
193304;628;43;-0.78;-1.56;24.71;84
193316;627;43;-0.78;-1.56;24.71;84
193324;626;43;-0.78;-1.56;24.71;84
193335;624;43;-0.78;-1.56;24.71;84
193345;623;43;-0.78;-1.56;24.71;84
193353;622;43;-0.78;-1.56;24.71;84
193365;622;43;-0.78;-1.56;24.71;84
193377;622;43;-0.78;-1.56;24.71;84
193386;622;43;-0.78;-1.56;24.71;84
193394;623;43;-0.78;-1.56;24.71;84
193403;623;43;-0.78;-1.56;24.71;84
193413;623;43;-0.78;-1.56;24.71;84
193424;624;43;-0.78;-1.56;24.71;84
193436;624;43;-0.78;-1.56;24.71;84
193444;624;43;-0.78;-1.56;24.71;84
193455;624;43;-0.78;-1.56;24.71;84
193464;624;43;-0.78;-1.56;24.71;84
193477;624;43;-0.78;-0.78;24.71;84
193484;624;43;-0.78;-0.78;24.71;84
193493;624;43;-0.78;-0.78;24.71;84
193505;624;43;-0.78;-0.78;24.71;84
193515;624;43;-0.78;-0.78;24.71;84
193524;624;43;0.00;-0.78;24.71;84
193534;624;43;0.00;-0.78;24.71;84
193544;625;43;0.00;-0.78;24.71;84
193555;626;43;0.00;-0.78;24.71;84
193565;627;43;0.00;-0.78;24.71;84
193576;627;43;0.00;-0.78;24.71;84
193585;628;43;0.00;-0.78;24.71;84
193597;629;43;0.00;-0.78;24.71;84
193606;629;43;0.00;-0.78;24.71;84
193615;629;43;0.00;-0.78;24.71;84
193624;629;43;0.00;-0.78;24.71;84
193633;629;43;0.00;-0.78;24.71;84
193646;629;43;0.00;-0.78;24.71;84
193656;629;43;0.00;-1.56;24.71;84
193664;629;43;0.00;-1.56;24.71;84
193677;629;43;0.00;-1.56;24.71;84
193685;629;43;0.00;-1.56;24.71;84
193695;629;43;0.00;-1.56;24.71;84
193705;629;43;0.00;-1.56;24.71;84
193714;629;43;0.00;-1.56;24.71;84
193725;628;43;0.00;-1.56;24.71;84
193734;628;43;0.00;-1.56;24.71;84
193745;628;43;0.00;-1.56;24.71;84
193754;627;43;0.00;-1.56;24.71;84
193764;627;43;0.00;-1.56;24.71;84
193775;627;43;0.00;-1.56;24.71;84
193785;626;43;0.00;-1.56;24.71;84
193794;626;43;0.00;-1.56;24.71;84
193805;626;43;0.00;-1.56;24.71;84
193814;626;43;0.00;-1.56;24.71;84
193824;625;43;0.00;-1.56;24.71;84
193833;625;43;0.00;-1.56;24.71;84
193844;625;43;0.00;-1.56;24.71;84
193853;626;43;0.00;-1.56;24.71;84
193865;626;43;0.00;-1.56;24.71;84
193877;626;43;0.00;-1.56;24.71;84
193884;627;43;-0.78;-1.56;24.71;84
193893;627;43;-0.78;-1.56;24.71;84
193905;628;43;-0.78;-1.56;24.71;84
193914;628;43;-0.78;-1.56;24.71;84
193925;629;43;-0.78;-1.56;24.71;84
193933;630;43;-0.78;-1.56;24.71;84
193945;630;43;-0.78;-1.56;24.71;84
193955;631;43;-0.78;-1.56;24.71;84
193964;631;43;-0.78;-1.56;24.71;84
193975;630;43;-0.78;-1.56;24.71;84
193983;629;43;-0.78;-1.56;24.71;84
193996;629;43;-0.78;-1.56;24.71;84
194004;628;43;-0.78;-1.56;24.71;84
194013;628;43;-0.78;-1.56;24.71;84
194023;626;43;-0.78;-1.56;24.71;84
194035;625;43;-0.78;-1.56;24.71;84
194046;624;43;-0.78;-1.56;24.71;84
194055;623;43;-0.78;-1.56;24.71;84
194064;622;43;-0.78;-1.56;24.71;84
194075;621;43;-0.78;-1.56;24.71;84
194084;620;43;-0.78;-1.56;24.71;84
194095;619;43;-0.78;-1.56;24.71;84
194103;618;43;-0.78;-1.56;24.71;84
194116;617;43;-0.78;-1.56;24.71;84
194125;616;43;-0.78;-1.56;24.71;84
194135;615;43;-0.78;-1.56;24.71;84
194145;617;43;-0.78;-1.56;24.71;84
194155;619;43;-0.78;-1.56;24.71;84
194165;621;43;-0.78;-1.56;24.71;84
194174;623;43;-0.78;-1.56;24.71;84
194183;626;43;-0.78;-1.56;24.71;84
194194;628;43;-0.78;-1.56;24.71;84
194203;628;43;-0.78;-1.56;24.71;84
194215;628;43;-0.78;-1.56;24.71;84
194224;628;43;-0.78;-1.56;24.71;84
194234;629;43;-0.78;-1.56;24.71;84
194245;629;43;-0.78;-1.56;24.71;84
194255;629;43;-0.78;-0.78;24.71;84
194265;628;43;-0.78;-0.78;24.71;84
194276;627;43;-0.78;-0.78;24.71;84
194284;627;43;-0.78;-0.78;24.71;84
194294;626;43;-0.78;-0.78;24.71;84
194306;625;43;-0.78;-0.78;24.71;84
194315;624;43;-0.78;-0.78;24.71;84
194324;624;43;-0.78;-0.78;24.71;84
194335;623;43;-0.78;-0.78;24.71;84
194343;622;43;-0.78;-0.78;24.71;84
194355;622;43;-0.78;-0.78;24.71;84
194365;621;43;-0.78;-0.78;24.71;84
194375;620;43;-0.78;-0.78;24.71;84
194386;620;43;-0.78;-0.78;24.71;84
194395;620;43;-0.78;-0.78;24.71;84
194405;619;43;-0.78;-0.78;24.71;84
194415;619;43;-0.78;-0.78;24.71;84
194425;619;43;-0.78;-0.78;24.71;84
194436;618;43;-0.78;-0.78;24.71;84
194444;619;43;-0.78;-0.78;24.71;84
194453;619;43;-0.78;-0.78;24.71;84
194464;619;43;-0.78;-0.78;24.71;84
194476;619;43;-0.78;-0.78;24.71;84
194484;619;43;-0.78;-0.78;24.71;84
194494;619;43;-0.78;-0.78;24.71;84
194504;620;43;-0.78;-0.78;24.71;84
194516;621;43;-0.78;-0.78;24.71;84
194525;622;43;-0.78;-0.78;24.71;84
194535;623;43;-0.78;-0.78;24.71;84
194544;624;43;-0.78;-0.78;24.71;84
194556;625;43;-0.78;-0.78;24.71;84
194566;626;43;-0.78;-0.78;25.10;84
194577;627;43;-0.78;-0.78;25.10;84
194586;628;43;-0.78;-0.78;25.10;84
194597;628;43;-0.78;-0.78;25.10;84
194603;629;43;-0.78;-0.78;25.10;84
194616;630;43;-0.78;-0.78;25.10;84
194625;630;43;-0.78;-0.78;24.71;84
194634;630;43;-0.78;-0.78;24.71;84
194647;630;43;-0.78;-0.78;24.71;84
194656;630;43;-0.78;-0.78;24.71;84
194665;630;43;-0.78;-0.78;24.71;84
194674;630;43;-0.78;-0.78;24.71;84
194685;630;43;-0.78;-0.78;24.71;84
194697;631;43;-0.78;-0.78;24.71;84
194706;631;43;-0.78;-0.78;24.71;84
194715;631;43;-0.78;-0.78;24.71;84
194724;631;43;-0.78;-0.78;24.71;84
194736;631;43;-0.78;-0.78;24.71;84
194747;630;43;-0.78;-0.78;24.71;84
194756;629;43;-0.78;-0.78;24.71;84
194764;628;43;-0.78;-0.78;24.71;84
194774;626;43;-0.78;-0.78;24.71;84
194787;625;43;-0.78;-0.78;24.71;84
194795;624;43;-0.78;-0.78;24.71;84
194805;623;43;-0.78;-0.78;24.71;84
194814;623;43;-0.78;-0.78;24.71;84
194825;623;43;-0.78;-0.78;24.71;84
194836;623;43;-0.78;-0.78;24.71;84
194845;623;43;-1.56;-0.78;24.71;84
194854;623;43;-1.56;-0.78;24.71;84
194865;623;43;-1.56;-0.78;24.71;84
194876;624;43;-1.56;-0.78;24.71;84
194885;625;43;-1.56;-0.78;24.71;84
194896;626;43;-1.56;-0.78;24.71;84
194904;626;43;-1.56;-0.78;24.71;84
194916;627;43;-1.56;-0.78;24.71;84
194924;628;43;-1.56;-0.78;24.71;84
194934;628;43;-1.56;-0.78;24.71;84
194946;628;43;-1.56;-0.78;24.71;84
194955;629;43;-1.56;-0.78;24.71;84
194964;629;43;-1.56;-0.78;24.71;84
194974;630;43;-1.56;-0.78;24.71;84
194986;629;43;-1.56;-0.78;24.71;84
194995;628;43;-1.56;-0.78;24.71;84
195004;627;43;-1.56;-0.78;24.71;84
195016;627;43;-1.56;-0.78;24.71;84
195024;626;43;-1.56;-0.78;24.71;84
195034;625;43;-1.56;-0.78;24.71;84
195046;625;43;-1.56;-0.78;24.71;84
195054;625;43;-1.56;-0.78;24.71;84
195064;625;43;-1.56;-0.78;24.71;84
195075;625;43;-1.56;-0.78;24.71;84
195085;625;43;-1.56;-0.78;24.71;84
195094;624;43;-1.56;-0.78;24.71;84
195106;626;43;-1.56;-0.78;24.71;84
195115;627;43;-1.56;-0.78;24.71;84
195124;629;43;-1.56;-0.78;24.71;84
195135;630;43;-1.56;-0.78;24.71;84
195146;631;43;-0.78;-0.78;24.71;84
195154;633;43;-0.78;-0.78;24.71;84
195165;632;43;-0.78;-0.78;24.71;84
195176;631;43;-0.78;-0.78;24.71;84
195185;630;43;-0.78;-0.78;24.71;84
195194;629;43;-0.78;-0.78;24.71;84
195204;628;43;-0.78;-0.78;24.71;84
195215;627;43;-0.78;-0.78;24.71;84
195226;627;43;-0.78;-0.78;24.71;84
195235;626;43;-0.78;-0.78;24.71;84
195246;626;43;-0.78;-0.78;24.71;84
195255;626;43;-0.78;-0.78;24.71;84
195266;626;43;-0.78;-0.78;24.71;84
195276;626;43;-0.78;-0.78;24.71;84
195285;625;43;-0.78;-0.78;24.71;84
195296;625;43;-0.78;-0.78;24.71;84
195305;625;43;-0.78;-0.78;24.71;84
195315;624;43;-0.78;-0.78;24.71;84
195325;624;43;-0.78;-0.78;24.71;84
195335;623;43;-0.78;-0.78;24.71;84
195344;623;43;-0.78;-0.78;24.71;84
195356;623;43;-0.78;-0.78;24.71;84
195365;623;43;-0.78;-0.78;24.71;84
195375;623;43;-0.78;-0.78;24.71;84
195384;623;43;-0.78;-0.78;24.71;84
195396;623;43;-0.78;-0.78;24.71;84
195404;623;43;-0.78;-0.78;24.71;84
195416;624;43;-0.78;-0.78;24.71;84
195425;624;43;-0.78;-0.78;24.71;84
195435;624;43;-0.78;-0.78;24.71;84
195446;625;43;-1.56;-0.78;24.71;84
195455;625;43;-1.56;-0.78;24.71;84
195467;626;43;-1.56;-0.78;24.71;84
195477;627;43;-1.56;-0.78;24.71;84
195495;627;43;-1.56;-0.78;24.71;84
195504;628;43;-1.56;-0.78;24.71;84
195514;629;43;-1.56;-0.78;24.71;84
195526;629;43;-1.56;-0.78;24.71;84
195535;628;43;-1.56;-0.78;24.71;84
195546;626;43;-1.56;-0.78;24.71;84
195555;624;43;-1.56;-0.78;24.71;84
195567;623;43;-1.56;-0.78;24.71;84
195575;621;43;-1.56;-0.78;24.71;84
195588;619;43;-1.56;-0.78;24.71;84
195604;619;43;-1.56;-0.78;24.71;84
195616;619;43;-1.56;-0.78;24.71;84
195626;619;43;-1.56;-0.78;24.71;84
195635;619;43;-1.56;-0.78;24.71;84
195646;619;43;-1.56;-0.78;24.71;84
195654;619;43;-1.56;-0.78;24.71;84
195666;621;43;-1.56;-0.78;24.71;84
195676;622;43;-1.56;-0.78;24.71;84
195687;624;43;-1.56;-0.78;24.71;84
195694;625;43;-1.56;-0.78;24.71;84
195705;627;43;-1.56;-0.78;24.71;84
195716;628;43;-1.56;-1.56;24.71;84
195726;627;43;-1.56;-1.56;24.71;84
195736;627;43;-1.56;-1.56;24.71;84
195744;626;43;-1.56;-1.56;24.71;84
195755;625;43;-1.56;-1.56;24.71;84
195766;624;43;-1.56;-1.56;24.71;84
195776;624;43;-1.56;-1.56;24.71;84
195786;623;43;-1.56;-1.56;24.71;84
195796;623;43;-1.56;-1.56;24.71;84
195805;622;43;-1.56;-1.56;24.71;84
195815;622;43;-1.56;-1.56;24.71;84
195827;621;43;-1.56;-1.56;24.71;84
195836;621;43;-1.56;-1.56;24.71;84
195844;621;43;-1.56;-1.56;25.10;84
195855;621;43;-1.56;-1.56;25.10;84
195866;621;43;-1.56;-1.56;25.10;84
195875;622;43;-1.56;-1.56;25.10;84
195886;622;43;-1.56;-1.56;25.10;84
195897;622;43;-1.56;-1.56;25.10;84
195906;621;43;-1.56;-1.56;25.10;84
195915;620;43;-1.56;-1.56;25.10;84
195926;619;43;-1.56;-1.56;25.10;84
195935;618;43;-1.56;-1.56;25.10;84
195944;617;43;-1.56;-1.56;25.10;84
195956;616;43;-1.56;-1.56;25.10;84
195964;617;43;-1.56;-1.56;25.10;84
195975;618;43;-1.56;-1.56;25.10;84
195985;619;43;-1.56;-1.56;25.10;84
195995;620;43;-1.56;-1.56;25.10;84
196006;621;43;-1.56;-1.56;25.10;84
196016;622;43;-1.56;-1.56;25.10;84
196024;623;43;-1.56;-1.56;25.10;84
196035;624;43;-1.56;-1.56;25.10;84
196046;625;43;-1.56;-1.56;25.10;84
196055;626;43;-1.56;-1.56;25.10;84
196066;627;43;-1.56;-1.56;25.10;84
196075;628;43;-1.56;-1.56;25.10;84
196086;627;43;-1.56;-1.56;25.10;84
196094;626;43;-1.56;-1.56;25.10;84
196105;624;43;-1.56;-1.56;25.10;84
196114;623;43;-1.56;-1.56;25.10;84
196126;622;43;-1.56;-1.56;25.10;84
196135;620;43;-1.56;-1.56;25.10;84
196145;619;43;-1.56;-1.56;25.10;84
196156;617;43;-1.56;-1.56;25.10;84
196164;616;43;-1.56;-1.56;25.10;84
196176;614;43;-1.56;-1.56;25.10;84
196186;613;43;-1.56;-1.56;25.10;84
196194;611;43;-1.56;-1.56;25.10;84
196206;613;43;-1.56;-1.56;25.10;84
196218;614;43;-1.56;-1.56;25.10;84
196238;615;43;-1.56;-1.56;25.10;84
196255;616;43;-1.56;-1.56;25.10;84
196264;618;43;-1.56;-1.56;25.10;84
196276;619;43;-1.56;-1.56;25.10;84
196284;620;43;-1.56;-1.56;25.10;84
196296;621;43;-1.56;-1.56;25.10;84
196303;622;43;-1.56;-1.56;25.10;84
196317;623;43;-1.56;-1.56;25.10;84
196323;625;43;-1.56;-1.56;25.10;84
196335;626;43;-1.56;-1.56;25.10;84
196344;625;43;-1.56;-1.56;25.10;84
196354;625;43;-1.56;-1.56;25.10;84
196367;625;43;-1.56;-1.56;25.10;84
196376;624;43;-1.56;-1.56;25.10;84
196382;624;43;-1.56;-1.56;25.10;84
196395;624;43;-1.56;-1.56;25.10;84
196403;624;43;-1.56;-1.56;25.10;84
196413;624;43;-1.56;-1.56;25.10;84
196422;624;43;-1.56;-1.56;25.10;84
196434;624;43;-1.56;-1.56;25.10;84
196446;624;43;-1.56;-1.56;25.10;84
196455;624;43;-1.56;-1.56;25.10;84
196464;624;43;-1.56;-1.56;25.10;84
196475;623;43;-1.56;-1.56;25.10;84
196484;623;43;-1.56;-1.56;25.10;84
196497;622;43;-1.56;-1.56;25.10;84
196505;621;43;-1.56;-1.56;25.10;84
196514;621;43;-1.56;-1.56;25.10;84
196525;620;43;-1.56;-1.56;25.10;84
196532;619;43;-1.56;-1.56;25.10;84
196542;619;43;-1.56;-1.56;25.10;84
196555;618;43;-1.56;-1.56;25.10;84
196564;618;43;-1.56;-1.56;25.10;84
196575;617;43;-1.56;-1.56;25.10;84
196586;618;43;-1.56;-1.56;25.10;84
196596;618;43;-1.56;-1.56;25.10;84
196605;618;43;-1.56;-1.56;25.10;84
196614;619;43;-1.56;-1.56;25.10;84
196623;619;43;-0.78;-1.56;25.10;84
196633;619;43;-0.78;-1.56;25.10;84
196644;621;43;-0.78;-1.56;25.10;84
196655;623;43;-0.78;-1.56;25.10;84
196664;624;43;-0.78;-1.56;25.10;84
196676;626;43;-0.78;-1.56;25.10;84
196686;628;43;-0.78;-1.56;25.10;84
196695;629;43;-0.78;-1.56;25.10;84
196703;629;43;-0.78;-1.56;25.10;84
196715;628;43;-0.78;-1.56;25.10;84
196723;628;43;-0.78;-1.56;25.10;84
196734;628;43;-0.78;-1.56;25.10;84
196742;627;43;-0.78;-1.56;25.10;84
196754;627;43;-0.78;-1.56;25.10;84
196766;626;43;-0.78;-1.56;25.10;84
196776;625;43;-0.78;-1.56;25.10;84
196785;625;43;-0.78;-1.56;25.10;84
196796;624;43;-0.78;-1.56;25.10;84
196803;624;43;-0.78;-1.56;25.10;84
196815;623;43;-0.78;-1.56;25.10;84
196824;624;43;-0.78;-1.56;24.71;84
196834;625;43;-0.78;-1.56;24.71;84
196847;626;43;-0.78;-1.56;24.71;84
196852;627;43;-0.78;-1.56;24.71;84
196863;628;43;-0.78;-1.56;24.71;84
196874;629;43;-0.78;-1.56;24.71;84
196883;628;43;-0.78;-1.56;24.71;84
196897;628;43;-0.78;-1.56;24.71;84
196913;627;43;-0.78;-1.56;24.71;84
196925;627;43;-0.78;-1.56;24.71;84
196933;626;43;0.00;-1.56;24.71;84
196944;626;43;0.00;-1.56;24.71;84
196957;625;43;0.00;-1.56;24.71;84
196963;624;43;0.00;-1.56;24.71;84
196974;623;43;0.00;-1.56;24.71;84
196984;622;43;0.00;-1.56;24.71;84
196993;621;43;0.00;-1.56;24.71;84
197006;620;43;0.00;-1.56;24.71;84
197013;620;43;0.00;-1.56;24.71;84
197024;621;43;0.00;-1.56;24.71;84
197036;622;43;0.00;-1.56;24.71;84
197043;622;43;0.00;-1.56;24.71;84
197055;623;43;0.00;-1.56;24.71;84
197065;624;43;0.00;-1.56;24.71;84
197078;624;43;0.00;-1.56;24.71;84
197097;625;43;0.00;-1.56;24.71;84
197104;626;43;0.00;-1.56;24.71;84
197115;626;43;0.00;-1.56;24.71;84
197125;627;43;0.00;-1.56;24.71;84
197136;627;43;0.00;-1.56;24.71;84
197145;626;43;0.00;-1.56;24.71;84
197154;625;43;0.00;-1.56;24.71;84
197165;624;43;0.00;-1.56;24.71;84
197177;623;43;0.00;-1.56;24.71;84
197183;621;43;-0.78;-1.56;24.71;84
197197;620;43;-0.78;-1.56;24.71;84
197214;621;43;-0.78;-1.56;24.71;84
197223;623;43;-0.78;-1.56;24.71;84
197234;624;43;-0.78;-1.56;24.71;84
197243;625;43;-0.78;-1.56;24.71;84
197253;626;43;-0.78;-1.56;24.71;84
197263;627;43;-0.78;-1.56;24.71;84
197277;628;43;-0.78;-1.56;24.71;84
197285;628;43;-0.78;-1.56;24.71;84
197296;628;43;-0.78;-1.56;24.71;84
197304;629;43;-0.78;-1.56;24.71;84
197313;629;43;-0.78;-1.56;24.71;84
197324;629;43;-0.78;-1.56;24.71;84
197333;629;43;-0.78;-1.56;24.71;84
197345;630;43;-0.78;-1.56;24.71;84
197355;630;43;-0.78;-1.56;24.71;84
197364;630;43;-0.78;-1.56;24.71;84
197376;630;43;-0.78;-1.56;24.71;84
197385;631;43;-0.78;-1.56;24.71;84
197394;630;43;-0.78;-1.56;24.71;84
197406;630;43;-0.78;-1.56;24.71;84
197415;630;43;-0.78;-1.56;24.71;84
197424;630;43;-0.78;-1.56;24.71;84
197433;630;43;-0.78;-1.56;24.71;84
197443;630;43;-0.78;-0.78;24.71;84
197455;628;43;-0.78;-0.78;24.71;84
197463;627;43;-0.78;-0.78;24.71;84
197477;626;43;-0.78;-0.78;24.71;84
197485;625;43;-0.78;-0.78;24.71;84
197494;624;43;-0.78;-0.78;24.71;84
197506;622;43;-0.78;-0.78;24.71;84
197515;623;43;-0.78;-0.78;24.71;84
197525;623;43;-0.78;-0.78;24.71;84
197535;623;43;-0.78;-0.78;24.71;84
197544;623;43;-0.78;-0.78;24.71;84
197554;623;43;-0.78;-0.78;24.71;84
197563;623;43;-0.78;-0.78;24.71;84
197577;625;43;-0.78;-0.78;24.71;84
197596;626;43;-0.78;-0.78;24.71;84
197604;628;43;-0.78;-0.78;24.71;84
197613;629;43;-0.78;-0.78;24.71;84
197624;630;43;-0.78;-0.78;24.71;84
197634;632;43;-0.78;-0.78;24.71;84
197643;631;43;-0.78;-0.78;24.71;84
197655;630;43;-0.78;-0.78;24.71;84
197663;629;43;-0.78;-0.78;24.71;84
197675;628;43;-0.78;-0.78;24.71;84
197685;627;43;-0.78;-0.78;24.71;84
197694;627;43;-0.78;-0.78;24.71;84
197704;626;43;-0.78;-0.78;24.71;84
197715;626;43;-0.78;-0.78;24.71;84
197724;626;43;-0.78;-0.78;24.71;84
197734;625;43;-0.78;-0.78;24.71;84
197745;625;43;-0.78;-0.78;24.71;84
197754;625;43;-0.78;-0.78;24.71;84
197764;625;43;-0.78;-0.78;24.71;84
197777;625;43;-0.78;-0.78;24.71;84
197784;625;43;-0.78;-0.78;24.71;84
197794;625;43;-0.78;-0.78;24.71;84
197804;625;43;-0.78;-0.78;24.71;84
197815;625;43;-0.78;-1.56;24.71;84
197825;624;43;-0.78;-1.56;24.71;84
197833;623;43;-0.78;-1.56;24.71;84
197846;622;43;-0.78;-1.56;24.71;84
197855;621;43;-0.78;-1.56;24.71;84
197864;620;43;-0.78;-1.56;24.71;84
197876;619;43;-0.78;-1.56;24.71;84
197883;619;43;-0.78;-1.56;24.71;84
197894;620;43;-0.78;-1.56;24.71;84
197904;621;43;-0.78;-1.56;24.71;84
197916;621;43;-0.78;-1.56;24.71;84
197923;622;43;-0.78;-1.56;24.71;84
197935;622;43;-0.78;-1.56;24.71;84
197944;624;43;-0.78;-1.56;24.71;84
197953;625;43;-0.78;-1.56;24.71;84
197963;627;43;-0.78;-1.56;24.71;84
197974;628;43;-0.78;-1.56;24.71;84
197984;630;43;-1.56;-1.56;24.71;84
197994;631;43;-1.56;-1.56;24.71;84
198003;631;43;-1.56;-1.56;24.71;84
198013;631;43;-1.56;-1.56;24.71;84
198025;631;43;-1.56;-1.56;24.71;84
198033;630;43;-1.56;-1.56;24.71;84
198044;630;43;-1.56;-1.56;24.71;84
198054;630;43;-1.56;-1.56;24.71;84
198064;629;43;-1.56;-1.56;24.71;84
198076;629;43;-1.56;-1.56;24.71;84
198083;628;43;-1.56;-1.56;24.71;84
198093;627;43;-1.56;-1.56;24.71;84
198105;626;43;-1.56;-1.56;24.71;84
198115;626;43;-1.56;-0.78;24.71;84
198124;626;43;-1.56;-0.78;24.71;84
198135;625;43;-1.56;-0.78;24.71;84
198144;625;43;-1.56;-0.78;24.71;84
198153;625;43;-1.56;-0.78;24.71;84
198164;625;43;-1.56;-0.78;24.71;84
198175;625;43;-1.56;-0.78;24.71;84
198184;625;43;-1.56;-0.78;24.71;84
198195;625;43;-1.56;-0.78;24.71;84
198204;625;43;-1.56;-0.78;24.71;84
198214;625;43;-1.56;-0.78;24.71;84
198224;626;43;-1.56;-0.78;24.71;84
198235;626;43;-1.56;-0.78;24.71;84
198244;626;43;-1.56;-0.78;24.71;84
198256;627;43;-1.56;-0.78;24.71;84
198265;627;43;-1.56;-0.78;24.71;84
198275;627;43;-1.56;-0.78;24.71;84
198286;628;43;-1.56;-0.78;24.71;84
198294;628;43;-1.56;-0.78;24.71;84
198304;628;43;-1.56;-0.78;24.71;84
198313;628;43;-1.56;-0.78;24.71;84
198324;627;43;-1.56;-0.78;24.71;84
198334;627;43;-1.56;-0.78;24.71;84
198346;626;43;-1.56;-0.78;24.71;84
198356;626;43;-1.56;-0.78;24.71;84
198363;626;43;-1.56;-0.78;24.71;84
198374;626;43;-1.56;-0.78;24.71;84
198386;626;43;-1.56;-0.78;24.71;84
198393;625;43;-1.56;-0.78;24.71;84
198404;625;43;-1.56;-0.78;24.71;84
198416;625;43;-1.56;-0.78;24.71;84
198425;624;43;-1.56;-0.78;24.71;84
198434;623;43;-1.56;-0.78;24.71;84
198444;622;43;-1.56;-0.78;24.71;84
198455;621;43;-1.56;-0.78;24.71;84
198464;620;43;-1.56;-0.78;24.71;84
198475;619;43;-1.56;-1.56;24.71;84
198485;620;43;-1.56;-1.56;24.71;84
198493;620;43;-1.56;-1.56;24.71;84
198505;620;43;-1.56;-1.56;24.71;84
198515;621;43;-1.56;-1.56;24.71;84
198525;621;43;-1.56;-1.56;24.71;84
198534;621;43;-1.56;-1.56;24.71;84
198544;623;43;-1.56;-1.56;24.71;84
198555;624;43;-1.56;-1.56;24.71;84
198564;626;43;-1.56;-1.56;24.71;84
198575;627;43;-1.56;-1.56;24.71;84
198587;629;43;-1.56;-1.56;24.71;84
198595;630;43;-1.56;-1.56;24.71;84
198604;630;43;-1.56;-1.56;24.71;84
198616;629;43;-1.56;-1.56;24.71;84
198625;628;43;-1.56;-1.56;24.71;84
198635;627;43;-1.56;-1.56;24.71;84
198643;626;43;-1.56;-1.56;24.71;84
198655;625;43;-1.56;-1.56;24.71;84
198664;624;43;-1.56;-1.56;24.71;84
198676;623;43;-1.56;-1.56;24.71;84
198686;622;43;-1.56;-1.56;24.71;84
198695;621;43;-1.56;-1.56;24.71;84
198705;620;43;-1.56;-1.56;24.71;84
198716;619;43;-1.56;-1.56;24.71;84
198725;618;43;-1.56;-1.56;24.71;84
198735;617;43;-1.56;-1.56;24.71;84
198744;616;43;-1.56;-1.56;24.71;84
198755;614;43;-1.56;-1.56;24.71;84
198764;613;43;-1.56;-1.56;24.71;84
198774;612;43;-1.56;-1.56;24.71;84
198784;613;43;-1.56;-1.56;24.71;84
198793;614;43;-1.56;-1.56;24.71;84
198806;615;43;-1.56;-1.56;24.71;84
198815;615;43;-1.56;-1.56;24.71;84
198825;616;43;-1.56;-1.56;24.71;84
198834;617;43;-1.56;-1.56;24.71;84
198845;618;43;-1.56;-1.56;25.10;84
198855;620;43;-1.56;-1.56;25.10;84
198864;621;43;-1.56;-1.56;25.10;84
198875;623;43;-1.56;-1.56;25.10;84
198885;625;43;-1.56;-1.56;25.10;84
198894;626;43;-1.56;-1.56;25.10;84
198903;627;43;-1.56;-1.56;25.10;84
198914;628;43;-1.56;-1.56;25.10;84
198926;628;43;-1.56;-1.56;25.10;84
198935;629;43;-1.56;-1.56;25.10;84
198944;630;43;-1.56;-1.56;25.10;84
198954;630;43;-1.56;-1.56;25.10;84
198965;630;43;-1.56;-1.56;25.10;84
198973;630;43;-1.56;-1.56;25.10;84
198985;630;43;-1.56;-1.56;25.10;84
198995;630;43;-1.56;-1.56;25.10;84
199003;629;43;-1.56;-1.56;25.10;84
199015;629;43;-1.56;-1.56;25.10;84
199025;628;43;-1.56;-1.56;24.71;84
199034;627;43;-1.56;-1.56;24.71;84
199045;627;43;-1.56;-1.56;24.71;84
199055;626;43;-1.56;-1.56;24.71;84
199064;625;43;-0.78;-1.56;24.71;84
199073;624;43;-0.78;-1.56;24.71;84
199086;623;43;-0.78;-1.56;24.71;84
199094;622;43;-0.78;-1.56;24.71;84
199105;621;43;-0.78;-1.56;24.71;84
199114;620;43;-0.78;-1.56;24.71;84
199123;619;43;-0.78;-1.56;24.71;84
199136;618;43;-0.78;-1.56;24.71;84
199144;619;43;-0.78;-1.56;24.71;84
199156;619;43;-0.78;-1.56;24.71;84
199164;620;43;-0.78;-1.56;24.71;84
199175;621;43;-0.78;-1.56;24.71;84
199184;621;43;-0.78;-1.56;24.71;84
199194;622;43;-0.78;-1.56;24.71;84
199205;621;43;-0.78;-1.56;24.71;84
199214;621;43;-0.78;-1.56;24.71;84
199226;621;43;-0.78;-1.56;24.71;84
199235;621;43;-0.78;-1.56;24.71;84
199245;620;43;-0.78;-1.56;24.71;84
199255;620;43;-0.78;-1.56;24.71;84
199265;621;43;-0.78;-1.56;25.10;84
199274;622;43;-0.78;-1.56;25.10;84
199285;623;43;-0.78;-1.56;25.10;84
199294;623;43;-0.78;-1.56;25.10;84
199304;624;43;-0.78;-1.56;25.10;84
199314;625;43;-0.78;-1.56;25.10;84
199326;626;43;-0.78;-1.56;25.10;84
199336;627;43;-0.78;-1.56;25.10;84
199345;628;43;-0.78;-1.56;25.10;84
199356;629;43;-0.78;-1.56;25.10;84
199365;630;43;-0.78;-1.56;25.10;84
199374;631;43;-0.78;-1.56;25.10;84
199384;630;43;-0.78;-1.56;25.10;84
199394;629;43;-0.78;-1.56;25.10;84
199404;628;43;-0.78;-1.56;25.10;84
199414;627;43;-0.78;-1.56;25.10;84
199425;625;43;-0.78;-1.56;25.10;84
199434;624;43;-0.78;-1.56;25.10;84
199445;622;43;-0.78;-1.56;24.71;84
199455;620;43;-0.78;-1.56;24.71;84
199466;617;43;-0.78;-1.56;24.71;84
199475;615;43;-0.78;-1.56;24.71;84
199483;613;43;-0.78;-1.56;24.71;84
199495;610;43;-0.78;-1.56;24.71;84
199504;612;43;-0.78;-1.56;24.71;84
199514;614;43;-0.78;-1.56;24.71;84
199524;616;43;-0.78;-1.56;24.71;84
199535;618;43;-0.78;-1.56;24.71;84
199544;620;43;-0.78;-1.56;24.71;84
199555;622;43;-0.78;-1.56;24.71;84
199566;623;43;-0.78;-1.56;25.10;84
199574;624;43;-0.78;-1.56;25.10;84
199588;626;43;-0.78;-1.56;25.10;84
199605;627;43;-0.78;-1.56;25.10;84
199615;629;43;0.00;-1.56;25.10;84
199624;630;43;0.00;-1.56;25.10;84
199634;630;43;0.00;-1.56;25.10;84
199645;631;43;0.00;-1.56;25.10;84
199656;631;43;0.00;-1.56;25.10;84
199664;631;43;0.00;-1.56;25.10;84
199675;631;43;0.00;-1.56;25.10;84
199685;631;43;0.00;-1.56;25.10;84
199695;631;43;0.00;-1.56;25.10;84
199705;631;43;0.00;-1.56;25.10;84
199714;631;43;0.00;-1.56;25.10;84
199726;631;43;0.00;-1.56;25.10;84
199735;631;43;0.00;-1.56;25.10;84
199744;631;43;0.00;-1.56;25.10;84
199756;630;43;0.00;-1.56;24.71;84
199766;629;43;0.00;-1.56;24.71;84
199775;629;43;0.00;-1.56;24.71;84
199784;628;43;0.00;-1.56;24.71;84
199796;627;43;0.00;-1.56;24.71;84
199805;626;43;0.00;-1.56;24.71;84
199814;626;43;0.00;-1.56;24.71;84
199826;626;43;0.00;-1.56;24.71;84
199835;627;43;0.00;-1.56;24.71;84
199846;627;43;0.00;-1.56;24.71;84
199856;627;43;0.00;-1.56;24.71;84
199864;627;43;0.00;-1.56;24.71;84
199877;627;43;0.00;-1.56;24.71;84
199895;627;43;0.00;-1.56;24.71;84
199907;627;43;0.00;-1.56;24.71;84
199916;627;43;0.00;-1.56;24.71;84
199925;627;43;0.00;-1.56;24.71;84
199934;627;43;0.00;-1.56;24.71;84
199946;627;43;0.00;-1.56;24.71;84
199955;627;43;0.00;-1.56;24.71;84
199965;627;43;0.00;-1.56;24.71;84
199975;627;43;0.00;-1.56;24.71;84
199985;627;43;0.00;-1.56;24.71;84
199995;627;43;0.00;-1.56;24.71;84
200005;626;43;0.00;-1.56;24.71;84
200015;625;43;0.00;-1.56;24.71;84
200026;625;43;0.00;-1.56;24.71;84
200035;624;43;0.00;-1.56;24.71;84
200044;624;43;0.00;-1.56;24.71;84
200055;623;43;0.00;-1.56;24.71;84
200063;624;43;0.00;-1.56;24.71;84
200075;624;43;0.00;-1.56;24.71;84
200084;625;43;0.00;-1.56;24.71;84
200095;626;43;0.00;-1.56;24.71;84
200104;626;43;0.00;-1.56;24.71;84
200113;627;43;0.00;-1.56;24.71;84
200125;627;43;0.00;-1.56;24.71;84
200134;628;43;0.00;-1.56;24.71;84
200144;628;43;0.00;-1.56;24.71;84
200156;629;43;0.00;-1.56;24.71;84
200164;629;43;0.00;-1.56;24.71;84
200174;630;43;0.00;-1.56;24.71;84
200183;630;43;0.00;-1.56;24.71;84
200195;630;43;0.00;-1.56;24.71;84
200205;630;43;0.00;-1.56;24.71;84
200213;630;43;0.00;-1.56;24.71;84
200222;630;43;0.00;-1.56;24.71;84
200235;630;43;0.00;-0.78;24.71;84
200245;630;43;0.00;-0.78;24.71;84
200252;630;43;0.00;-0.78;24.71;84
200263;630;43;0.00;-0.78;24.71;84
200274;629;43;0.00;-0.78;24.71;84
200284;629;43;0.00;-0.78;24.71;84
200295;629;43;0.00;-0.78;24.71;84
200304;629;43;0.00;-0.78;24.71;84
200316;629;43;0.00;-0.78;24.71;84
200323;629;43;0.00;-0.78;24.71;84
200335;629;43;0.00;-0.78;24.71;84
200344;629;43;0.00;-0.78;24.71;84
200353;629;43;0.00;-0.78;24.71;84
200365;629;43;0.00;-0.78;24.31;84
200377;629;43;0.00;-0.78;24.31;84
200394;629;43;0.00;-0.78;24.31;84
200403;629;43;0.00;-0.78;24.31;84
200413;628;43;-0.78;-0.78;24.31;84
200425;628;43;-0.78;-0.78;24.31;84
200434;628;43;-0.78;-0.78;24.31;84
200443;627;43;-0.78;-0.78;24.31;84
200453;627;43;-0.78;-0.78;24.31;84
200462;626;43;-0.78;-0.78;24.31;84
200476;626;43;-0.78;-0.78;24.31;84
200485;626;43;-0.78;-0.78;24.31;84
200495;626;43;-0.78;-0.78;24.31;84
200504;626;43;-0.78;-0.78;24.31;84
200513;626;43;-0.78;-0.78;24.31;84
200523;626;43;-0.78;-0.78;24.31;84
200534;627;43;-0.78;-0.78;24.31;84
200543;627;43;-0.78;-0.78;24.31;84
200555;627;43;-0.78;-0.78;24.31;84
200563;627;43;-0.78;-0.78;24.31;84
200574;627;43;-0.78;-0.78;24.31;84
200584;627;43;-0.78;-0.78;24.31;84
200597;627;43;-0.78;-0.78;24.31;84
200602;627;43;-0.78;-0.78;24.31;84
200613;627;43;-0.78;-0.78;24.31;84
200623;626;43;-0.78;-0.78;24.31;84
200634;626;43;-0.78;-0.78;24.31;84
200643;625;43;-0.78;-0.78;24.31;84
200652;625;43;-0.78;-0.78;24.31;84
200663;624;43;-0.78;-0.78;24.31;84
200675;624;43;-0.78;-0.78;24.31;84
200684;624;43;-0.78;-0.78;24.31;84
200696;625;43;-0.78;-0.78;24.31;84
200704;625;43;-0.78;-0.78;24.31;84
200715;625;43;-0.78;-0.78;24.31;84
200724;625;43;-0.78;-1.56;24.31;84
200735;624;43;-0.78;-1.56;24.71;84
200744;623;43;-0.78;-1.56;24.71;84
200752;622;43;-0.78;-1.56;24.71;84
200762;621;43;-0.78;-1.56;24.71;84
200776;620;43;-0.78;-1.56;24.71;84
200785;619;43;-0.78;-1.56;24.71;84
200796;620;43;-0.78;-1.56;24.71;84
200805;620;43;-0.78;-1.56;24.71;84
200814;620;43;-0.78;-1.56;24.71;84
200823;620;43;-0.78;-1.56;24.71;84
200833;621;43;-0.78;-1.56;24.71;84
200842;621;43;-0.78;-1.56;24.71;84
200853;622;43;-0.78;-1.56;24.71;84
200864;624;43;-0.78;-1.56;24.71;84
200875;625;43;-0.78;-1.56;24.71;84
200884;626;43;-0.78;-1.56;24.71;84
200896;628;43;-1.56;-1.56;24.71;84
200904;629;43;-1.56;-1.56;24.71;84
200913;629;43;-1.56;-1.56;24.71;84
200923;629;43;-1.56;-1.56;24.71;84
200935;629;43;-1.56;-1.56;24.71;84
200945;629;43;-1.56;-1.56;24.71;84
200954;629;43;-1.56;-1.56;24.71;84
200964;629;43;-1.56;-0.78;24.71;84
200974;627;43;-1.56;-0.78;24.71;84
200984;626;43;-1.56;-0.78;24.71;84
200996;625;43;-1.56;-0.78;24.71;84
201002;624;43;-1.56;-0.78;24.71;84
201014;623;43;-1.56;-0.78;24.71;84
201023;622;43;-1.56;-0.78;24.71;84
201036;622;43;-1.56;-0.78;24.71;84
201044;623;43;-1.56;-0.78;24.71;84
201053;623;43;-1.56;-0.78;24.71;84
201064;623;43;-1.56;-0.78;24.71;84
201076;624;43;-1.56;-0.78;24.71;84
201083;624;43;-1.56;-0.78;24.71;84
201096;624;43;-1.56;-0.78;24.71;84
201102;623;43;-1.56;-0.78;24.71;84
201113;622;43;-1.56;-0.78;24.71;84
201123;621;43;-1.56;-0.78;24.71;84
201133;620;43;-1.56;-0.78;24.71;84
201145;620;43;-1.56;-0.78;24.71;84
201154;619;43;-1.56;-0.78;24.71;84
201164;617;43;-1.56;-0.78;24.71;84
201176;616;43;-1.56;-0.78;24.71;84
201185;615;43;-1.56;-0.78;24.71;84
201196;614;43;-1.56;-0.78;24.71;84
201202;613;43;-1.56;-0.78;24.71;84
201213;614;43;-1.56;-0.78;24.71;84
201224;616;43;-1.56;-0.78;24.71;84
201233;617;43;-1.56;-0.78;24.71;84
201243;618;43;-1.56;-0.78;24.71;84
201255;619;43;-1.56;-0.78;24.71;84
201264;621;43;-1.56;-0.78;24.71;84
201277;620;43;-1.56;-0.78;25.10;84
201282;620;43;-1.56;-0.78;25.10;84
201296;620;43;-1.56;-0.78;25.10;84
201304;619;43;-1.56;-0.78;25.10;84
201315;619;43;-1.56;-0.78;25.10;84
201324;618;43;-1.56;-0.78;25.10;84
201334;619;43;-1.56;-0.78;25.10;84
201342;619;43;-1.56;-0.78;25.10;84
201352;619;43;-1.56;-0.78;25.10;84
201364;619;43;-1.56;-0.78;25.10;84
201376;620;43;-1.56;-0.78;25.10;84
201382;620;43;-1.56;-0.78;25.10;84
201393;621;43;-1.56;-0.78;25.10;84
201404;622;43;-1.56;-0.78;25.10;84
201413;624;43;-1.56;-0.78;25.10;84
201423;625;43;-1.56;-0.78;25.10;84
201433;626;43;-1.56;-0.78;25.10;84
201443;628;43;-1.56;-0.78;25.10;84
201453;628;43;-1.56;-0.78;25.10;84
201462;628;43;-1.56;-0.78;25.10;84
201478;629;43;-1.56;-0.78;25.10;84
201493;629;43;-1.56;-0.78;25.10;84
201504;629;43;-1.56;-0.78;25.10;84
201514;630;43;-1.56;-0.78;25.10;84
201524;629;43;-1.56;-0.78;25.10;84
201534;628;43;-1.56;-0.78;25.10;84
201544;627;43;-1.56;-0.78;25.10;84
201553;626;43;-1.56;-0.78;25.10;84
201564;625;43;-1.56;-0.78;25.10;84
201576;625;43;-1.56;-0.78;25.10;84
201585;624;43;-1.56;-0.78;25.10;84
201597;624;43;-1.56;-0.78;25.10;84
201614;623;43;-1.56;-0.78;25.10;84
201625;623;43;-1.56;-0.78;25.10;84
201635;622;43;-1.56;-0.78;25.10;84
201645;622;43;-1.56;-0.78;25.10;84
201652;621;43;-1.56;-0.78;25.10;84
201664;620;43;-1.56;-0.78;25.10;84
201673;619;43;-1.56;-0.78;25.10;84
201685;618;43;-1.56;-0.78;25.10;84
201693;617;43;-1.56;-0.78;25.10;84
201704;616;43;-1.56;-0.78;25.10;84
201715;616;43;-1.56;-0.78;25.10;84
201724;617;43;-1.56;-0.78;25.10;84
201732;617;43;-1.56;-0.78;25.10;84
201744;618;43;-1.56;-0.78;25.10;84
201754;618;43;-1.56;-0.78;25.10;84
201764;619;43;-1.56;-0.78;25.10;84
201776;619;43;-1.56;-0.78;25.10;84
201784;619;43;-1.56;-0.78;25.10;84
201795;619;43;-1.56;-0.78;25.10;84
201805;619;43;-1.56;-0.78;25.10;84
201814;619;43;-1.56;-0.78;25.10;84
201823;619;43;-1.56;-0.78;25.10;84
201833;620;43;-1.56;-0.78;25.10;84
201845;620;43;-1.56;-0.78;25.10;84
201857;621;43;-1.56;-0.78;25.10;84
201863;622;43;-1.56;-0.78;25.10;84
201876;623;43;-1.56;-0.78;25.10;84
201885;623;43;-1.56;-0.78;25.10;84
201893;623;43;-1.56;-0.78;25.10;84
201905;622;43;-1.56;-0.78;25.10;84
201914;622;43;-1.56;-0.78;25.10;84
201923;621;43;-1.56;-0.78;25.10;84
201936;620;43;-0.78;-0.78;25.10;84
201945;620;43;-0.78;-0.78;25.10;84
201954;620;43;-0.78;-0.78;25.10;84
201963;620;43;-0.78;-0.78;25.10;84
201977;620;43;-0.78;-0.78;25.10;84
201994;620;43;-0.78;-0.78;25.10;84
202005;620;43;-0.78;-0.78;25.10;84
202014;621;43;-0.78;-0.78;25.10;84
202023;622;43;-0.78;-0.78;25.10;84
202034;623;43;-0.78;-0.78;25.10;84
202044;624;43;-0.78;-0.78;25.10;84
202054;625;43;-0.78;-0.78;25.10;84
202064;626;43;-0.78;-0.78;25.10;84
202076;627;43;-0.78;-0.78;25.10;84
202084;627;43;-0.78;-0.78;25.10;84
202093;626;43;-0.78;-0.78;25.10;84
202103;626;43;-0.78;-0.78;25.10;84
202115;625;43;-0.78;-0.78;25.10;84
202124;625;43;-0.78;-0.78;25.10;84
202135;624;43;-0.78;-0.78;25.10;84
202144;623;43;-0.78;-0.78;25.10;84
202154;622;43;-0.78;-0.78;25.10;84
202163;621;43;-0.78;-0.78;25.10;84
202174;619;43;-0.78;-0.78;25.10;84
202185;618;43;-0.78;-0.78;25.10;84
202194;617;43;-0.78;-0.78;25.10;84
202205;617;43;-0.78;-0.78;25.10;84
202214;617;43;-0.78;-0.78;25.10;84
202223;618;43;-0.78;-0.78;25.10;84
202234;618;43;-0.78;-0.78;25.10;84
202244;618;43;-0.78;-0.78;25.10;84
202253;619;43;-0.78;-0.78;25.10;84
202265;619;43;-0.78;-0.78;25.10;84
202275;618;43;-0.78;-0.78;25.10;84
202283;618;43;-0.78;-0.78;25.10;84
202296;618;43;-0.78;-0.78;25.10;84
202304;618;43;-0.78;-0.78;25.10;84
202315;618;43;-0.78;-1.56;25.10;84
202326;618;43;-0.78;-1.56;25.10;84
202335;618;43;-0.78;-1.56;25.10;84
202344;619;43;-0.78;-1.56;25.10;84
202353;619;43;-0.78;-1.56;25.10;84
202364;619;43;-0.78;-1.56;25.10;84
202376;619;43;-0.78;-1.56;25.10;84
202385;620;43;-0.78;-1.56;25.10;84
202393;620;43;-0.78;-1.56;25.10;84
202404;621;43;-0.78;-1.56;25.10;84
202415;622;43;-0.78;-1.56;25.10;84
202425;622;43;0.00;-1.56;25.10;84
202434;623;43;0.00;-1.56;25.10;84
202444;623;43;0.00;-1.56;25.10;84
202455;624;43;0.00;-1.56;25.10;84
202464;624;43;0.00;-1.56;25.10;84
202475;624;43;0.00;-1.56;25.10;84
202485;625;43;0.00;-1.56;25.10;84
202495;625;43;0.00;-1.56;25.10;84
202504;624;43;0.00;-1.56;25.10;84
202515;622;43;0.00;-1.56;25.10;84
202524;620;43;0.00;-1.56;25.10;84
202534;619;43;0.00;-1.56;25.10;84
202543;617;43;0.00;-1.56;25.10;84
202555;616;43;0.00;-1.56;25.10;84
202564;617;43;0.00;-1.56;25.10;84
202575;618;43;0.00;-1.56;25.10;84
202585;619;43;0.00;-1.56;25.10;84
202597;620;43;0.00;-1.56;25.10;84
202615;621;43;0.00;-1.56;25.10;84
202625;622;43;0.00;-1.56;25.10;84
202634;623;43;0.00;-1.56;25.10;84
202643;624;43;0.00;-1.56;25.10;84
202653;625;43;0.00;-1.56;25.10;84
202664;626;43;0.00;-1.56;25.10;84
202675;627;43;0.00;-1.56;25.10;84
202684;628;43;0.00;-1.56;25.10;84
202696;628;43;0.00;-1.56;25.10;84
202704;628;43;0.00;-1.56;25.10;84
202714;627;43;0.00;-1.56;25.10;84
202725;627;43;0.00;-1.56;25.10;84
202733;627;43;0.00;-1.56;25.10;84
202745;626;43;0.00;-1.56;25.10;84
202753;626;43;0.00;-1.56;25.10;84
202763;625;43;0.00;-1.56;25.10;84
202774;625;43;0.00;-1.56;25.10;84
202785;625;43;0.00;-1.56;25.10;84
202793;624;43;0.00;-1.56;25.10;84
202804;624;43;0.00;-1.56;25.10;84
202817;624;43;0.00;-1.56;25.10;84
202823;623;43;0.00;-1.56;25.10;84
202834;623;43;0.00;-1.56;25.10;84
202846;623;43;0.00;-1.56;25.10;84
202855;623;43;0.00;-1.56;25.10;84
202864;623;43;0.00;-1.56;25.10;84
202873;624;43;0.00;-1.56;25.10;84
202884;625;43;0.00;-1.56;25.10;84
202893;626;43;0.00;-1.56;25.10;84
202903;628;43;0.00;-1.56;25.10;84
202915;629;43;0.00;-1.56;25.10;84
202926;630;43;0.00;-1.56;25.10;84
202934;630;43;0.00;-1.56;25.10;84
202946;630;43;0.00;-1.56;25.10;84
202954;630;43;0.00;-1.56;25.10;84
202965;630;43;0.00;-1.56;25.10;84
202977;629;43;0.00;-1.56;25.10;84
202994;629;43;0.00;-1.56;25.10;84
203004;630;43;0.00;-1.56;25.10;84
203015;630;43;0.00;-1.56;25.10;84
203025;631;43;0.00;-1.56;25.10;84
203033;632;43;0.00;-1.56;25.10;84
203045;632;43;0.00;-1.56;25.10;84
203054;633;43;0.00;-1.56;25.10;84
203066;634;43;0.00;-1.56;25.10;84
203076;634;43;0.00;-1.56;25.10;84
203085;635;43;0.00;-1.56;25.10;84
203094;636;43;0.00;-1.56;25.10;84
203104;636;43;0.00;-1.56;25.10;84
203114;637;43;0.00;-1.56;25.10;84
203124;636;43;0.00;-1.56;25.10;84
203133;635;43;0.00;-1.56;25.10;84
203144;634;43;0.00;-1.56;25.10;84
203155;633;43;0.00;-1.56;25.10;84
203165;632;43;0.00;-1.56;25.10;84
203173;631;43;0.00;-0.78;25.10;84
203185;631;43;0.00;-0.78;25.10;84
203195;631;43;0.00;-0.78;25.10;84
203203;631;43;0.00;-0.78;25.10;84
203215;631;43;0.00;-0.78;25.10;84
203225;631;43;0.00;-0.78;25.10;84
203235;630;43;0.00;-0.78;25.10;84
203245;630;43;0.00;-0.78;25.10;84
203253;630;43;0.00;-0.78;25.10;84
203264;630;43;0.00;-0.78;25.10;84
203275;630;43;0.00;-0.78;25.10;84
203283;630;43;0.00;-0.78;25.10;84
203295;630;43;0.00;-0.78;25.10;84
203304;631;43;0.00;-0.78;25.10;84
203314;632;43;0.00;-0.78;25.10;84
203325;633;43;0.00;-0.78;25.10;84
203334;634;43;0.00;-0.78;25.10;84
203346;635;43;0.00;-0.78;25.10;84
203355;636;43;0.00;-0.78;25.10;84
203366;638;43;0.00;-0.78;25.10;84
203375;640;43;0.00;-0.78;25.10;84
203384;641;43;0.00;-0.78;25.10;84
203393;643;43;0.00;-0.78;25.10;84
203406;645;43;0.00;-0.78;25.10;84
203415;647;43;0.00;-0.78;25.10;84
203425;647;43;0.00;-0.78;24.71;84
203435;647;43;0.00;-0.78;24.71;84
203445;647;43;0.00;-0.78;24.71;84
203455;646;43;0.00;-0.78;24.71;84
203464;646;43;0.00;-0.78;24.71;84
203474;646;43;0.00;-0.78;24.71;84
203487;645;43;0.00;-0.78;24.71;84
203495;643;43;0.00;-0.78;24.71;84
203503;642;43;0.00;-0.78;24.71;84
203516;640;43;0.00;-0.78;24.71;84
203525;639;43;0.00;-0.78;24.71;84
203536;637;43;0.00;-0.78;24.71;84
203543;638;43;0.00;-0.78;24.71;84
203555;639;43;0.00;-0.78;24.71;84
203564;640;43;0.00;-0.78;24.71;84
203575;641;43;0.00;-0.78;24.71;84
203587;643;43;0.00;-0.78;24.71;84
203596;644;43;0.00;-0.78;24.71;84
203604;644;43;0.00;-0.78;24.71;84
203613;644;43;0.00;-0.78;24.71;84
203626;645;43;0.00;-0.78;24.71;84
203635;645;43;0.00;-0.78;24.71;84
203644;646;43;0.00;-0.78;24.71;84
203656;646;43;0.00;-0.78;24.71;84
203665;646;43;0.00;-0.78;24.71;84
203674;646;43;0.00;-0.78;24.71;84
203687;646;43;0.00;-0.78;24.71;84
203696;646;43;0.00;-0.78;24.71;84
203704;646;43;0.00;-0.78;24.71;84
203715;646;43;0.00;-0.78;24.71;84
203723;647;43;0.00;-0.78;24.71;84
203735;648;43;0.00;-0.78;24.71;84
203744;649;43;0.00;-0.78;24.71;84
203755;649;43;0.00;-0.78;24.71;84
203766;650;43;-0.78;-0.78;24.71;84
203774;651;43;-0.78;-0.78;24.71;84
203784;650;43;-0.78;-0.78;24.71;84
203795;649;43;-0.78;-0.78;24.71;84
203804;648;43;-0.78;-0.78;24.71;84
203816;647;43;-0.78;-0.78;24.71;84
203826;647;43;-0.78;-0.78;24.71;84
203834;646;43;-0.78;-0.78;24.71;84
203843;645;43;-0.78;-0.78;24.71;84
203855;645;43;-0.78;-0.78;24.71;84
203864;645;43;-0.78;-0.78;24.71;84
203874;645;43;-0.78;-0.78;24.71;84
203884;645;43;-0.78;-0.78;24.71;84
203895;645;43;-0.78;-0.78;24.71;84
203905;646;43;-0.78;-0.78;24.71;84
203915;646;43;-0.78;-0.78;24.71;84
203927;647;43;-0.78;-0.78;24.71;84
203935;648;43;-0.78;-0.78;24.71;84
203946;649;43;-0.78;-0.78;24.71;84
203956;650;43;-0.78;-0.78;24.71;84
203964;649;43;-0.78;-0.78;24.71;84
203976;649;43;-0.78;-0.78;24.71;84
203985;648;43;-0.78;-0.78;24.71;84
203995;647;43;-0.78;-0.78;24.71;84
204004;647;43;-0.78;-0.78;24.71;84
204015;646;43;-0.78;-0.78;24.71;84
204024;647;43;-0.78;-0.78;24.71;84
204035;647;43;-0.78;-0.78;24.71;84
204045;647;43;-0.78;-0.78;24.71;84
204056;648;43;-0.78;-0.78;24.71;84
204065;648;43;-0.78;-0.78;24.71;84
204074;649;43;-0.78;-0.78;24.71;84
204087;649;43;-0.78;-0.78;24.71;84
204095;650;43;-0.78;-0.78;24.71;84
204104;650;43;-0.78;-0.78;24.71;84
204114;650;43;-0.78;-0.78;24.71;84
204124;651;43;-0.78;-0.78;24.71;84
204136;651;43;-0.78;-0.78;24.71;84
204146;651;43;-0.78;-0.78;24.71;84
204155;651;43;-0.78;-0.78;24.71;84
204164;651;43;-0.78;-0.78;24.71;84
204174;651;43;-0.78;-0.78;24.71;84
204186;651;43;-0.78;-0.78;24.71;84
204194;651;43;-0.78;-0.78;24.71;84
204205;650;43;-0.78;-0.78;24.71;84
204214;650;43;-0.78;-0.78;24.71;84
204224;649;43;-0.78;-0.78;24.71;84
204236;648;43;-0.78;-0.78;24.71;84
204246;648;43;-1.56;-0.78;24.71;84
204255;647;43;-1.56;-1.56;24.71;84
204264;648;43;-1.56;-1.56;24.71;84
204274;649;43;-1.56;-1.56;24.71;84
204284;650;43;-1.56;-1.56;24.71;84
204295;651;43;-1.56;-1.56;24.71;84
204306;652;43;-0.78;-1.56;24.71;84
204315;653;43;-0.78;-1.56;24.71;84
204324;654;43;-0.78;-1.56;24.71;84
204334;654;43;-0.78;-1.56;24.71;84
204345;655;43;-0.78;-1.56;24.71;84
204356;656;43;-0.78;-1.56;24.71;84
204364;657;43;-0.78;-1.56;24.71;84
204374;657;43;-0.78;-1.56;24.71;84
204386;658;43;-0.78;-1.56;24.71;84
204395;658;43;-0.78;-1.56;24.71;84
204404;659;43;-0.78;-1.56;24.71;84
204415;659;43;-0.78;-1.56;24.71;84
204424;659;43;-0.78;-1.56;24.71;84
204436;660;43;-0.78;-1.56;24.71;84
204446;659;43;-0.78;-1.56;24.71;84
204455;659;43;-0.78;-1.56;24.71;84
204467;658;43;-0.78;-1.56;24.71;84
204474;658;43;-0.78;-1.56;24.71;84
204484;657;43;-0.78;-1.56;24.71;84
204496;657;43;-0.78;-1.56;24.71;84
204504;656;43;-0.78;-1.56;24.71;84
204516;654;43;-0.78;-1.56;24.71;84
204524;653;43;-0.78;-1.56;24.71;84
204536;652;43;-0.78;-1.56;24.71;84
204545;651;43;-0.78;-1.56;24.71;84
204556;650;43;-0.78;-1.56;24.71;84
204564;649;43;-0.78;-1.56;24.71;84
204576;649;43;-0.78;-1.56;24.71;84
204589;649;43;-0.78;-1.56;24.71;84
204604;649;43;-0.78;-1.56;24.71;84
204615;649;43;-0.78;-1.56;24.71;84
204626;649;43;-0.78;-1.56;24.71;84
204635;650;43;-0.78;-1.56;25.10;84
204645;651;43;-0.78;-1.56;25.10;84
204656;653;43;-0.78;-1.56;25.10;84
204666;654;43;-0.78;-1.56;25.10;84
204676;656;43;-0.78;-1.56;25.10;84
204686;657;43;-0.78;-1.56;25.10;84
204695;659;43;-0.78;-1.56;25.10;84
204704;660;43;-0.78;-1.56;25.10;84
204716;662;43;-0.78;-1.56;25.10;84
204727;663;43;-0.78;-1.56;25.10;84
204735;665;43;-0.78;-1.56;25.10;84
204744;666;43;-0.78;-1.56;25.10;84
204756;666;43;-0.78;-1.56;25.10;84
204762;666;43;-0.78;-1.56;25.10;84
204776;665;43;-0.78;-1.56;25.10;84
204784;665;43;-0.78;-1.56;25.10;84
204795;665;43;-0.78;-1.56;25.10;84
204806;664;43;-0.78;-1.56;25.10;84
204814;664;43;-0.78;-1.56;25.10;84
204822;663;43;-0.78;-1.56;25.10;84
204835;662;43;-0.78;-1.56;25.10;84
204844;661;43;-0.78;-1.56;25.10;84
204853;660;43;-0.78;-1.56;25.10;84
204864;659;43;-0.78;-1.56;25.10;84
204875;657;43;-0.78;-1.56;25.10;84
204883;656;43;-0.78;-1.56;25.10;84
204894;654;43;-0.78;-1.56;25.10;84
204904;652;43;-0.78;-1.56;25.10;84
204915;650;43;-0.78;-1.56;25.10;84
204924;648;43;-0.78;-1.56;25.10;84
204936;648;43;-0.78;-1.56;25.10;84
204945;648;43;-0.78;-1.56;25.10;84
204954;648;43;-0.78;-1.56;25.10;84
204962;647;43;-0.78;-1.56;25.10;84
204975;647;43;-0.78;-1.56;25.10;84
204984;647;43;-0.78;-1.56;25.10;84
204996;649;43;-0.78;-1.56;25.10;84
205006;650;43;-0.78;-1.56;25.10;84
205014;652;43;-0.78;-1.56;25.10;84
205024;654;43;-0.78;-1.56;25.10;84
205036;655;43;-0.78;-1.56;25.10;84
205044;657;43;-0.78;-1.56;25.10;84
205052;659;43;-0.78;-1.56;25.49;84
205064;661;43;-0.78;-1.56;25.49;84
205076;662;43;-0.78;-1.56;25.49;84
205082;664;43;-0.78;-1.56;25.49;84
205094;666;43;-0.78;-1.56;25.49;84
205102;668;43;-0.78;-1.56;25.49;84
205112;668;43;-0.78;-1.56;25.49;84
205124;669;43;-0.78;-1.56;25.49;84
205133;669;43;-0.78;-1.56;25.49;84
205142;670;43;-0.78;-1.56;25.49;84
205154;670;43;-0.78;-1.56;25.49;84
205162;671;43;-0.78;-1.56;25.49;84
205177;670;43;-0.78;-1.56;25.49;84
205196;669;43;-0.78;-1.56;25.49;84
205203;668;43;-0.78;-1.56;25.49;84
205215;667;43;-0.78;-1.56;25.49;84
205223;666;43;0.00;-1.56;25.49;84
205232;665;43;0.00;-1.56;25.49;84
205245;664;43;0.00;-1.56;25.49;84
205254;663;43;0.00;-1.56;25.49;84
205262;662;43;0.00;-1.56;25.49;84
205275;661;43;0.00;-1.56;25.49;84
205283;660;43;0.00;-1.56;25.49;84
205295;659;43;0.00;-1.56;25.49;84
205306;659;43;0.00;-1.56;25.49;84
205312;659;43;0.00;-1.56;25.49;84
205325;659;43;0.00;-1.56;25.49;84
205335;659;43;0.00;-1.56;25.49;84
205345;659;43;0.00;-1.56;25.49;84
205354;659;43;0.00;-1.56;25.49;84
205366;660;43;0.00;-1.56;25.49;84
205375;661;43;0.00;-1.56;25.49;84
205383;663;43;0.00;-1.56;25.49;84
205396;664;43;0.00;-1.56;25.49;84
205406;665;43;0.00;-1.56;25.49;84
205412;666;43;0.00;-1.56;25.49;84
205425;667;43;0.00;-1.56;25.49;84
205434;668;43;0.00;-1.56;25.49;84
205444;668;43;0.00;-1.56;25.49;84
205454;669;43;0.00;-1.56;25.49;84
205463;670;43;0.00;-1.56;25.49;84
205475;671;43;0.00;-1.56;25.49;84
205485;671;43;0.00;-1.56;25.49;84
205496;671;43;0.00;-1.56;25.49;84
205505;671;43;0.00;-1.56;25.49;84
205516;671;43;0.00;-1.56;25.49;84
205524;672;43;0.00;-1.56;25.49;84
205534;672;43;0.00;-1.56;25.49;84
205545;672;43;0.00;-1.56;25.49;84
205554;672;43;0.00;-1.56;25.49;84
205563;672;43;0.00;-1.56;25.49;84
205576;672;43;0.00;-1.56;25.49;84
205586;671;43;0.78;-1.56;25.49;84
205594;671;43;0.78;-0.78;25.49;84
205607;671;43;0.78;-0.78;25.49;84
205624;670;43;0.78;-0.78;25.49;84
205636;669;43;0.78;-0.78;25.49;84
205645;668;43;0.78;-0.78;25.49;84
205652;667;43;0.78;-0.78;25.49;84
205664;666;43;0.78;-0.78;25.49;84
205677;667;43;0.78;-0.78;25.49;84
205695;667;43;0.78;-0.78;25.49;84
205704;667;43;0.78;-0.78;25.49;84
205713;668;43;0.78;-0.78;25.49;84
205722;668;43;0.78;-0.78;25.49;84
205735;668;43;0.78;-0.78;25.49;84
205744;670;43;0.78;-0.78;25.49;84
205755;672;43;0.78;-0.78;25.49;84
205764;675;43;0.78;-0.78;25.49;84
205777;677;43;0.78;-0.78;25.49;84
205783;679;43;0.78;-0.78;25.49;84
205795;681;43;0.78;-0.78;25.49;84
205804;680;43;0.78;-0.78;25.49;84
205815;679;43;0.78;-0.78;25.49;84
205823;677;43;0.78;-0.78;25.49;84
205833;676;43;0.78;-0.78;25.49;84
205846;675;43;0.78;-0.78;25.49;84
205855;674;43;0.78;-0.78;25.49;84
205864;673;43;0.78;-0.78;25.10;84
205877;671;43;0.78;-0.78;25.10;84
205894;670;43;0.78;-0.78;25.10;84
205902;669;43;0.78;-0.78;25.10;84
205913;668;43;0.78;-0.78;25.10;84
205925;667;43;0.78;-0.78;25.10;84
205936;668;43;0.78;-0.78;25.10;84
205945;669;43;0.78;-0.78;25.10;84
205955;670;43;0.78;-0.78;25.10;84
205964;671;43;0.78;-0.78;25.10;84
205975;672;43;0.78;-0.78;25.10;84
205984;673;43;0.78;-0.78;25.10;84
205993;674;43;0.78;-0.78;25.10;84
206003;674;43;0.78;-0.78;25.10;84
206013;675;43;0.78;-0.78;25.10;84
206025;676;43;0.78;-0.78;25.10;84
206034;676;43;0.78;-0.78;25.10;84
206045;677;43;0.78;-0.78;25.10;84
206055;677;43;0.78;-0.78;25.10;84
206064;678;43;0.78;-0.78;25.10;84
206077;679;43;0.78;-0.78;25.10;84
206084;680;43;0.78;-0.78;25.10;84
206093;681;43;0.00;-0.78;25.10;84
206104;681;43;0.00;-0.78;25.10;84
206113;681;43;0.00;-0.78;25.10;84
206123;680;43;0.00;-0.78;25.10;84
206133;680;43;0.00;-0.78;25.10;84
206144;679;43;0.00;-0.78;25.10;84
206155;679;43;0.00;-0.78;25.10;84
206164;678;43;0.00;-0.78;25.10;84
206177;678;43;0.00;-0.78;25.10;84
206183;677;43;0.00;-0.78;25.10;84
206193;676;43;0.00;-0.78;25.10;84
206203;675;43;0.00;-0.78;25.10;84
206212;674;43;0.00;-0.78;25.10;84
206225;674;43;0.00;-0.78;25.10;84
206235;675;43;0.00;-0.78;24.71;84
206244;676;43;0.00;-0.78;24.71;84
206256;677;43;0.00;-0.78;24.71;84
206262;678;43;0.00;-0.78;24.71;84
206277;679;43;0.00;-0.78;24.71;84
206283;680;43;0.00;0.00;24.71;84
206296;681;43;0.00;0.00;24.71;84
206305;682;43;0.00;0.00;24.71;84
206313;682;43;0.00;0.00;24.71;84
206325;683;43;0.00;0.00;24.71;84
206334;683;43;0.78;0.00;24.71;84
206344;684;43;0.78;0.00;24.71;84
206353;683;43;0.78;0.00;24.71;84
206363;683;43;0.78;0.00;24.71;84
206374;682;43;0.78;0.00;24.71;84
206383;682;43;0.78;0.00;24.71;84
206395;681;43;0.78;0.00;24.71;84
206406;681;43;0.78;0.00;24.71;84
206414;681;43;0.78;0.00;24.71;84
206423;682;43;0.78;0.00;24.71;84
206433;683;43;0.78;0.00;24.71;84
206443;683;43;0.78;0.00;24.71;84
206454;684;43;0.78;0.00;24.71;84
206463;684;43;0.78;0.00;24.71;84
206473;683;43;0.78;0.00;24.71;84
206484;681;43;0.78;0.00;24.71;84
206494;680;43;0.78;0.00;24.71;84
206504;678;43;0.78;0.00;24.71;84
206515;677;43;0.78;0.00;24.71;84
206525;675;43;0.78;0.00;24.71;84
206534;675;43;0.78;0.00;24.31;84
206545;675;43;0.78;0.00;24.31;84
206554;676;43;0.78;0.00;24.31;84
206563;676;43;0.78;0.00;24.31;84
206577;676;43;0.78;0.00;24.31;84
206595;676;43;0.78;0.00;24.31;84
206603;676;43;0.78;0.00;24.31;84
206614;676;43;0.78;0.00;24.31;84
206624;676;43;0.78;0.00;24.31;84
206633;676;43;0.78;0.00;24.31;84
206644;676;43;0.78;0.00;24.31;84
206655;676;43;0.78;0.00;24.31;84
206663;676;43;0.78;0.00;24.71;84
206675;676;43;0.78;0.00;24.71;84
206686;676;43;0.78;0.00;24.71;84
206695;675;43;0.78;0.00;24.71;84
206703;675;43;0.78;0.00;24.71;84
206715;675;43;0.78;0.00;24.71;84
206724;676;43;0.78;0.00;24.71;84
206733;677;43;0.78;0.00;24.71;84
206744;677;43;0.78;0.00;24.71;84
206755;678;43;0.78;0.00;24.71;84
206763;679;43;0.78;0.00;24.71;84
206774;680;43;0.78;0.00;24.71;84
206786;679;43;0.78;0.00;24.71;84
206795;679;43;0.78;0.00;24.71;84
206804;679;43;0.78;0.00;24.71;84
206813;679;43;0.78;0.00;24.71;84
206824;679;43;0.78;0.00;24.71;84
206833;679;43;0.78;0.00;24.71;84
206844;678;43;0.78;0.00;24.71;84
206853;678;43;0.78;0.00;24.71;84
206864;678;43;0.78;0.00;24.71;84
206876;677;43;0.78;0.00;24.71;84
206884;677;43;0.00;0.00;24.71;84
206893;676;43;0.00;0.00;24.71;84
206904;676;43;0.00;0.00;24.71;84
206926;675;43;0.00;0.00;24.71;84
206935;675;43;0.00;0.00;24.71;84
206945;674;43;0.00;0.00;24.71;84
206953;674;43;0.00;0.00;24.71;84
206965;673;43;0.00;0.00;24.71;84
206974;674;43;0.00;0.00;24.71;84
206986;674;43;0.00;0.00;24.71;84
206994;675;43;0.00;0.00;24.71;84
207006;675;43;0.00;0.00;24.71;84
207016;676;43;0.00;0.00;24.71;84
207025;676;43;0.00;0.00;24.71;84
207035;675;43;0.00;0.00;24.71;84
207043;673;43;0.00;0.00;24.71;84
207056;672;43;0.00;0.00;24.71;84
207064;670;43;0.00;0.00;24.71;84
207074;668;43;0.00;0.00;24.71;84
207085;667;43;0.00;0.00;24.71;84
207095;667;43;0.00;0.00;24.71;84
207104;667;43;0.00;0.00;24.71;84
207114;667;43;0.00;0.00;24.71;84
207123;668;43;0.00;0.00;24.71;84
207135;668;43;0.00;0.00;24.71;84
207145;668;43;0.00;-0.78;24.71;84
207153;670;43;0.00;-0.78;24.71;84
207165;672;43;0.00;-0.78;24.71;84
207176;674;43;0.00;-0.78;24.71;84
207185;675;43;0.00;-0.78;24.71;84
207196;677;43;0.00;-0.78;24.71;84
207204;679;43;0.00;-0.78;24.71;84
207215;679;43;0.00;-0.78;24.71;84
207224;680;43;0.00;-0.78;24.71;84
207235;680;43;0.00;-0.78;24.71;84
207244;680;43;0.00;-0.78;24.71;84
207256;681;43;0.00;-0.78;24.71;84
207264;681;43;0.00;-0.78;24.71;84
207274;680;43;0.00;-0.78;24.71;84
207285;679;43;0.00;-0.78;24.71;84
207293;677;43;0.00;-0.78;24.71;84
207304;676;43;0.00;-0.78;24.71;84
207314;675;43;0.00;-0.78;24.71;84
207323;673;43;0.00;0.00;24.71;84
207335;673;43;0.00;0.00;24.71;84
207344;673;43;0.00;0.00;24.71;84
207354;673;43;0.00;0.00;24.71;84
207366;673;43;0.00;0.00;24.71;84
207375;673;43;0.00;0.00;24.71;84
207384;673;43;0.00;0.00;24.71;84
207396;672;43;0.00;0.00;24.71;84
207405;671;43;0.00;0.00;24.71;84
207415;670;43;0.00;0.00;24.71;84
207423;669;43;0.00;0.00;24.71;84
207434;668;43;0.00;0.00;24.71;84
207445;667;43;0.00;0.00;24.71;84
207454;667;43;0.00;0.00;25.10;84
207465;668;43;0.00;0.00;25.10;84
207473;668;43;0.00;0.00;25.10;84
207487;668;43;0.00;0.00;25.10;84
207495;669;43;0.00;0.00;25.10;84
207504;669;43;0.00;0.00;25.10;84
207514;670;43;0.00;0.00;25.10;84
207524;671;43;0.00;0.00;25.10;84
207535;672;43;0.00;0.00;25.10;84
207544;673;43;0.00;0.00;25.10;84
207554;674;43;0.00;0.00;25.10;84
207565;675;43;0.00;0.00;25.10;84
207575;674;43;0.00;0.00;25.10;84
207586;674;43;0.00;0.00;25.10;84
207597;673;43;0.00;0.00;25.10;84
207605;672;43;0.00;0.00;25.10;84
207614;671;43;0.00;0.00;25.10;84
207623;671;43;0.00;0.00;25.10;84
207634;671;43;0.00;0.00;25.10;84
207644;671;43;0.00;0.00;25.10;84
207655;671;43;0.00;0.00;25.10;84
207665;671;43;0.00;0.00;25.10;84
207674;671;43;0.00;0.00;25.10;84
207684;671;43;0.00;0.00;25.10;84
207694;670;43;0.00;0.00;25.10;84
207705;670;43;0.00;0.00;25.10;84
207714;669;43;0.00;0.00;25.10;84
207723;668;43;0.00;0.00;25.10;84
207733;668;43;0.00;0.00;25.10;84
207744;667;43;0.00;0.00;25.10;84
207754;666;43;0.00;0.00;25.10;84
207764;666;43;0.00;0.00;25.10;84
207774;665;43;0.00;0.00;25.10;84
207784;665;43;0.00;0.00;25.10;84
207795;664;43;0.00;0.00;25.10;84
207805;664;43;0.00;0.00;25.10;84
207814;664;43;0.00;0.00;25.10;84
207823;664;43;0.00;0.00;25.10;84
207836;665;43;0.00;0.00;25.10;84
207845;665;43;0.00;0.00;25.10;84
207855;665;43;0.00;0.00;25.10;84
207864;666;43;0.00;0.00;25.10;84
207875;667;43;0.00;0.00;25.49;84
207884;669;43;0.00;0.00;25.49;84
207894;671;43;0.00;0.00;25.49;84
207904;672;43;0.00;0.00;25.49;84
207915;674;43;0.00;0.00;25.49;84
207923;676;43;0.00;0.00;25.49;84
207934;676;43;0.00;0.00;25.49;84
207945;677;43;0.00;0.00;25.49;84
207954;678;43;0.00;0.00;25.49;84
207965;678;43;0.00;0.00;25.49;84
207973;679;43;0.00;0.00;25.49;84
207985;679;43;0.00;0.00;25.49;84
207995;678;43;0.00;0.00;25.49;84
208004;677;43;0.00;0.00;25.49;84
208016;675;43;0.00;0.00;25.49;84
208024;674;43;0.00;0.00;25.49;84
208034;673;43;0.78;0.00;25.49;84
208045;672;43;0.78;0.00;25.49;84
208053;671;43;0.78;0.00;25.10;84
208065;671;43;0.78;0.00;25.10;84
208076;670;43;0.78;0.00;25.10;84
208084;670;43;0.78;0.00;25.10;84
208095;669;43;0.78;0.00;25.10;84
208104;669;43;0.78;0.00;25.10;84
208114;668;43;0.78;0.00;25.10;84
208125;668;43;0.78;0.00;25.10;84
208134;667;43;0.78;0.00;25.10;84
208145;666;43;0.78;0.00;25.10;84
208153;666;43;0.78;0.00;25.10;84
208165;665;43;0.78;0.00;25.10;84
208175;665;43;0.78;0.00;25.49;84
208185;666;43;0.78;0.00;25.49;84
208195;666;43;0.78;0.00;25.49;84
208203;667;43;0.78;0.00;25.49;84
208215;667;43;0.78;0.00;25.49;84
208224;668;43;0.78;0.00;25.49;84
208235;670;43;0.78;0.00;25.49;84
208244;672;43;0.78;0.00;25.49;84
208254;674;43;0.78;0.00;25.49;84
208266;676;43;0.78;0.00;25.49;84
208275;678;43;1.56;0.00;25.49;84
208286;680;43;1.56;0.00;25.49;84
208294;679;43;1.56;0.00;25.49;84
208303;679;43;1.56;0.00;25.49;84
208314;679;43;1.56;0.00;25.49;84
208325;679;43;1.56;0.00;25.49;84
208336;679;43;1.56;0.00;25.49;84
208345;678;43;1.56;0.00;25.49;84
208355;678;43;1.56;0.00;25.10;84
208365;678;43;1.56;0.00;25.10;84
208374;679;43;1.56;0.00;25.10;84
208384;679;43;1.56;0.00;25.10;84
208395;679;43;1.56;0.00;25.10;84
208404;679;43;1.56;0.00;25.10;84
208415;679;43;1.56;0.00;25.10;84
208425;680;43;1.56;0.00;25.10;84
208434;680;43;1.56;0.00;25.10;84
208446;680;43;1.56;0.00;25.10;84
208455;681;43;1.56;0.00;25.10;84
208465;681;43;1.56;0.00;25.10;84
208474;681;43;1.56;0.00;25.10;84
208485;680;43;1.56;0.00;25.10;84
208494;680;43;1.56;0.00;25.10;84
208506;679;43;1.56;0.00;25.10;84
208515;678;43;1.56;0.00;25.10;84
208525;678;43;1.56;0.00;25.10;84
208535;677;43;1.56;0.00;24.71;84
208544;677;43;1.56;0.00;24.71;84
208555;676;43;1.56;0.00;24.71;84
208565;676;43;1.56;0.00;24.71;84
208573;675;43;1.56;0.00;24.71;84
208588;674;43;1.56;0.00;24.71;84
208605;675;43;1.56;0.00;24.71;84
208615;675;43;1.56;0.00;24.71;84
208624;675;43;1.56;0.00;24.71;84
208633;675;43;1.56;0.00;24.71;84
208644;675;43;1.56;0.00;24.71;84
208655;676;43;1.56;0.00;24.71;84
208665;676;43;1.56;0.00;24.71;84
208676;677;43;1.56;0.00;24.71;84
208685;677;43;1.56;0.00;24.71;84
208695;678;43;1.56;0.00;24.71;84
208706;678;43;1.56;0.00;24.71;84
208716;679;43;1.56;0.00;24.71;84
208725;679;43;1.56;0.00;24.71;84
208736;679;43;1.56;0.00;24.71;84
208745;678;43;1.56;0.00;24.71;84
208755;678;43;1.56;0.00;24.71;84
208764;678;43;1.56;0.00;24.71;84
208775;678;43;1.56;0.00;24.71;84
208784;678;43;1.56;0.00;24.71;84
208795;677;43;1.56;0.00;24.71;84
208805;677;43;1.56;0.00;24.71;84
208816;676;43;1.56;0.00;24.71;84
208824;676;43;2.34;0.00;24.71;84
208835;676;43;2.34;0.00;24.71;84
208844;675;43;2.34;0.00;24.71;84
208856;675;43;2.34;0.00;24.71;84
208865;675;43;2.34;0.00;24.71;84
208874;674;43;2.34;0.00;24.71;84
208884;674;43;2.34;0.00;24.71;84
208896;674;43;2.34;0.00;24.71;84
208904;674;43;2.34;0.00;24.71;84
208925;675;43;2.34;0.00;24.71;84
208936;675;43;2.34;0.00;24.71;84
208944;675;43;2.34;0.00;24.71;84
208955;676;43;2.34;0.00;24.71;84
208964;676;43;2.34;-0.78;24.71;84
208975;676;43;2.34;-0.78;24.71;84
208984;677;43;2.34;-0.78;24.71;84
208995;677;43;2.34;-0.78;24.71;84
209004;677;43;2.34;-0.78;24.71;84
209015;678;43;2.34;-0.78;24.71;84
209025;678;43;2.34;-0.78;24.71;84
209034;679;43;2.34;-0.78;24.71;84
209046;680;43;2.34;-0.78;24.71;84
209055;681;43;2.34;-0.78;24.71;84
209064;681;43;2.34;-0.78;24.71;84
209074;682;43;2.34;-0.78;24.71;84
209082;683;43;2.34;-0.78;24.71;84
209094;683;43;2.34;-0.78;24.71;84
209107;683;43;2.34;-0.78;24.71;84
209125;683;43;2.34;-0.78;24.71;84
209133;683;43;2.34;-0.78;24.71;84
209144;684;43;1.56;-0.78;24.71;84
209154;684;43;1.56;-0.78;24.71;84
209163;681;43;1.56;-0.78;24.71;84
209174;679;43;1.56;-0.78;24.71;84
209183;677;43;1.56;-0.78;24.71;84
209195;675;43;1.56;-0.78;24.71;84
209204;672;43;1.56;-0.78;24.71;84
209212;670;43;1.56;-0.78;24.71;84
209222;670;43;1.56;-0.78;24.71;84
209234;669;43;1.56;-0.78;24.71;84
209243;669;43;1.56;-0.78;24.71;84
209253;668;43;1.56;-0.78;24.71;84
209262;668;43;1.56;-0.78;24.71;84
209275;668;43;1.56;-0.78;24.71;84
209283;669;43;1.56;-0.78;24.71;84
209296;670;43;1.56;-0.78;24.71;84
209303;672;43;1.56;-0.78;24.71;84
209313;673;43;1.56;-0.78;24.71;84
209322;675;43;1.56;-0.78;24.71;84
209333;676;43;1.56;-0.78;24.71;84
209342;676;43;1.56;-0.78;24.71;84
209355;677;43;1.56;-0.78;24.71;84
209362;677;43;1.56;-0.78;24.71;84
209376;677;43;1.56;-0.78;24.71;84
209384;678;43;1.56;-0.78;24.71;84
209395;678;43;1.56;-0.78;24.71;84
209404;678;43;1.56;-0.78;24.71;84
209415;677;43;1.56;-0.78;24.71;84
209424;677;43;1.56;-0.78;24.71;84
209432;677;43;1.56;-0.78;24.71;84
209443;676;43;1.56;-0.78;24.71;84
209454;676;43;1.56;-0.78;24.71;84
209462;677;43;1.56;-0.78;24.71;84
209474;677;43;1.56;-0.78;24.71;84
209483;678;43;1.56;-0.78;24.71;84
209495;679;43;1.56;-0.78;24.71;84
209503;680;43;1.56;-0.78;24.71;84
209514;680;43;1.56;-0.78;24.71;84
209524;680;43;1.56;-0.78;24.71;84
209534;680;43;1.56;-0.78;24.71;84
209542;681;43;1.56;-0.78;24.71;84
209554;681;43;1.56;-0.78;24.71;84
209563;681;43;0.78;-0.78;24.71;84
209575;681;43;0.78;-0.78;24.71;84
209587;680;43;0.78;-0.78;24.71;84
209603;679;43;0.78;-0.78;24.71;84
209612;679;43;0.78;-0.78;24.71;84
209624;678;43;0.78;-0.78;24.71;84
209632;677;43;0.78;-0.78;24.71;84
209645;677;43;0.78;0.00;24.71;84
209655;677;43;0.78;0.00;24.71;84
209664;678;43;0.78;0.00;24.71;84
209676;679;43;0.78;0.00;24.71;84
209682;680;43;0.78;0.00;24.71;84
209696;681;43;0.78;0.00;24.71;84
209703;682;43;0.78;0.00;24.71;84
209714;682;43;0.78;0.00;24.71;84
209723;682;43;0.78;0.00;24.71;84
209733;682;43;0.78;0.00;24.71;84
209744;683;43;0.78;0.00;24.71;84
209753;683;43;0.78;0.00;24.71;84
209763;683;43;0.78;0.00;24.71;84
209779;683;43;0.78;0.00;24.71;84
209795;682;43;0.78;0.00;24.71;84
209804;682;43;0.78;0.00;24.71;84
209815;682;43;0.78;0.00;24.71;84
209823;681;43;0.78;0.00;24.71;84
209833;681;43;0.78;0.00;24.71;84
209844;680;43;0.78;0.00;24.31;84
209852;679;43;0.78;0.00;24.31;84
209862;678;43;0.78;0.00;24.31;84
209876;677;43;0.78;0.00;24.31;84
209885;676;43;0.78;0.00;24.31;84
209896;675;43;0.78;0.00;24.31;84
209902;675;43;0.78;0.00;24.31;84
209915;675;43;0.78;0.00;24.31;84
209924;675;43;0.78;0.00;24.31;84
209934;675;43;0.78;0.00;24.31;84
209943;675;43;0.00;0.00;24.31;84
209954;674;43;0.00;0.00;24.31;84
209962;675;43;0.00;0.00;24.71;84
209975;675;43;0.00;0.00;24.71;84
209983;676;43;0.00;0.00;24.71;84
209995;676;43;0.00;0.00;24.71;84
210003;676;43;0.00;0.00;24.71;84
210014;677;43;0.00;0.00;24.71;84
210022;678;43;0.00;0.00;24.71;84
210033;678;43;0.00;0.00;24.71;84
210044;679;43;0.00;0.00;24.71;84
210055;680;43;0.00;0.00;24.71;84
210064;681;43;0.00;0.00;24.71;84
210076;682;43;0.00;0.00;24.71;84
210084;681;43;0.00;0.00;24.71;84
210096;680;43;0.00;0.00;24.71;84
210104;679;43;0.00;0.00;24.71;84
210115;678;43;0.00;0.00;24.71;84
210123;677;43;0.00;0.00;24.71;84
210133;676;43;0.00;0.00;24.71;84
210142;676;43;0.00;0.00;24.71;84
210154;677;43;0.00;0.00;24.71;84
210163;677;43;0.00;0.00;24.71;84
210175;677;43;0.00;0.00;24.71;84
210184;677;43;0.00;0.00;24.71;84
210195;677;43;0.00;0.00;24.71;84
210203;677;43;0.00;0.00;24.71;84
210214;678;43;0.00;0.00;24.71;84
210223;678;43;0.00;0.00;24.71;84
210233;679;43;0.00;0.00;24.71;84
210242;679;43;0.00;0.00;24.71;84
210255;680;43;0.00;0.00;24.71;84
210265;679;43;0.00;0.00;24.71;84
210275;679;43;0.00;0.00;24.71;84
210284;679;43;0.00;0.00;24.71;84
210294;679;43;0.00;0.00;24.71;84
210303;679;43;0.00;0.00;24.71;84
210314;679;43;0.00;0.00;24.71;84
210325;679;43;0.00;0.00;24.71;84
210334;680;43;0.00;0.00;24.71;84
210343;681;43;0.00;0.00;24.71;84
210355;681;43;0.00;0.00;24.71;84
210364;682;43;0.00;0.00;24.71;84
210377;682;43;0.00;0.00;24.71;84
210396;681;43;0.00;0.00;24.71;84
210404;679;43;0.00;0.00;24.71;84
210413;678;43;0.00;0.00;24.71;84
210425;677;43;0.00;0.00;24.71;84
210434;675;43;0.00;0.00;24.71;84
210444;674;43;0.00;0.00;24.71;84
210453;673;43;0.00;0.00;24.71;84
210464;673;43;0.00;0.00;24.71;85
210477;672;43;0.00;0.00;24.71;85
210496;671;43;0.00;0.00;24.71;85
210504;671;43;0.00;0.00;24.71;85
210516;670;43;0.00;0.00;24.71;85
210525;673;43;0.00;0.00;24.71;85
210534;675;43;0.00;0.00;24.71;85
210543;677;43;0.00;0.00;24.71;85
210552;679;43;0.00;0.00;24.71;85
210564;682;43;0.00;0.00;24.71;85
210574;684;43;0.00;0.00;24.71;85
210586;683;43;0.00;0.00;24.71;85
210595;682;43;0.00;0.00;24.71;85
210606;681;43;0.00;0.00;24.71;85
210615;681;43;0.00;0.00;24.71;85
210623;680;43;-0.78;0.00;24.71;85
210634;679;43;-0.78;0.00;24.71;85
210643;679;43;-0.78;0.00;24.71;85
210654;678;43;-0.78;0.00;24.71;84
210664;678;43;-0.78;0.00;24.71;84
210673;678;43;-0.78;0.00;24.71;84
210684;677;43;-0.78;0.00;24.71;84
210696;677;43;-0.78;0.00;24.71;84
210705;677;43;-0.78;0.00;24.71;84
210714;677;43;-0.78;0.00;24.71;84
210724;677;43;-0.78;0.00;24.71;84
210734;677;43;-0.78;0.00;24.71;84
210744;678;43;-0.78;0.00;24.71;84
210755;678;43;-0.78;0.00;24.71;84
210765;677;43;-0.78;0.00;24.71;84
210776;676;43;-0.78;0.00;24.71;84
210785;675;43;-0.78;0.00;24.71;84
210795;674;43;-0.78;0.00;24.71;84
210803;673;43;-0.78;0.00;24.71;84
210815;672;43;-0.78;0.00;24.71;84
210824;672;43;-0.78;0.00;24.71;84
210836;672;43;-0.78;0.00;24.71;84
210845;672;43;-0.78;0.00;24.71;84
210854;671;43;-0.78;0.00;24.71;84
210865;671;43;-0.78;0.00;24.71;84
210875;671;43;-0.78;0.00;24.71;84
210884;672;43;-0.78;0.00;24.71;84
210896;673;43;-0.78;0.00;24.71;84
210903;674;43;-0.78;0.00;24.71;84
210913;674;43;-0.78;0.00;24.71;84
210924;675;43;-0.78;0.00;24.71;84
210935;676;43;-0.78;0.00;24.71;84
210944;675;43;-0.78;0.00;25.10;84
210955;673;43;-0.78;0.00;25.10;85
210964;671;43;-0.78;0.00;25.10;85
210973;670;43;-0.78;0.00;25.10;85
210984;668;43;-0.78;0.00;25.10;85
210994;666;43;-0.78;0.00;25.10;85
211003;667;43;-0.78;0.00;25.10;85
211016;667;43;-0.78;0.00;25.10;85
211023;667;43;-0.78;0.00;25.10;85
211034;668;43;-0.78;0.00;25.10;85
211043;668;43;-0.78;0.00;25.10;85
211054;668;43;-0.78;0.00;25.10;85
211062;670;43;-0.78;0.00;25.10;85
211077;671;43;-0.78;0.00;25.10;84
211084;673;43;-0.78;0.00;25.10;84
211094;674;43;-0.78;0.00;25.10;84
211102;675;43;0.00;0.00;25.10;84
211115;677;43;0.00;0.00;25.10;84
211123;676;43;0.00;0.00;25.10;84
211132;676;43;0.00;0.00;25.10;84
211145;676;43;0.00;0.00;25.10;84
211153;675;43;0.00;0.00;25.10;84
211165;675;43;0.00;0.00;25.10;84
211176;674;43;0.00;0.00;25.10;84
211185;672;43;0.00;0.00;25.10;84
211194;671;43;0.00;0.00;25.10;84
211203;669;43;0.00;0.00;25.10;84
211214;667;43;0.00;0.00;25.10;84
211223;665;43;0.00;0.00;25.10;84
211232;663;43;0.00;0.00;25.10;84
211242;663;43;0.00;0.00;25.10;84
211254;663;43;0.00;0.00;25.10;84
211266;663;43;0.00;0.00;25.10;84
