time(ms);RPM(1/min);IAT2(°C);SHRTFT1(%);SHRTFT2(%);LOAD(%);ECT(°C)
0;623;-;-;-;-;-
0;622;45;-;-;-;-
15;621;45;-5.47;-;-;-
25;619;45;-5.47;-7.81;-;-
34;618;45;-5.47;-7.81;23.92;-
44;617;45;-5.47;-7.81;23.92;85
55;616;45;-5.47;-7.81;23.92;85
65;617;45;-5.47;-7.81;23.92;85
76;619;45;-5.47;-7.81;23.92;85
84;620;45;-5.47;-7.81;23.92;85
100;621;45;-5.47;-7.81;23.92;85
117;623;45;-5.47;-7.81;23.92;85
125;624;45;-5.47;-7.03;23.92;85
136;625;45;-5.47;-7.03;23.92;85
145;625;45;-5.47;-7.03;23.92;85
155;626;45;-5.47;-7.03;23.92;85
164;627;45;-5.47;-7.03;23.92;85
176;627;45;-4.69;-7.03;23.92;85
184;628;45;-4.69;-7.03;23.92;85
199;628;45;-4.69;-7.03;23.53;85
215;628;45;-4.69;-7.03;23.53;85
223;628;45;-4.69;-7.03;23.53;85
236;628;45;-4.69;-7.03;23.53;85
244;628;45;-4.69;-7.03;23.53;85
255;628;45;-4.69;-7.03;23.53;85
267;628;45;-4.69;-7.03;23.53;85
276;629;45;-4.69;-7.03;23.53;85
284;630;45;-4.69;-7.03;23.53;85
298;630;45;-4.69;-7.03;23.53;85
316;631;45;-3.91;-7.03;23.53;85
325;632;45;-3.91;-7.03;23.53;85
336;631;45;-3.91;-7.03;23.53;85
345;630;45;-3.91;-7.03;23.53;85
356;630;45;-3.91;-7.03;23.53;85
362;629;45;-3.91;-7.03;23.53;85
375;628;45;-3.91;-7.03;23.53;85
384;628;45;-3.91;-7.03;23.53;85
401;627;45;-3.91;-7.03;23.14;85
415;626;45;-3.91;-7.03;23.14;85
423;625;45;-3.91;-7.03;23.14;85
436;625;45;-3.91;-7.03;23.14;85
445;624;45;-3.91;-7.03;23.14;85
456;623;45;-3.91;-6.25;23.14;85
463;624;45;-3.91;-6.25;23.14;85
476;625;45;-3.91;-6.25;23.14;85
482;626;45;-3.91;-6.25;23.14;85
500;627;45;-3.91;-6.25;23.14;85
516;629;45;-3.91;-6.25;23.14;85
523;630;45;-3.91;-6.25;23.14;85
536;629;45;-3.91;-6.25;23.14;85
545;629;45;-3.91;-6.25;23.14;85
554;629;45;-3.91;-6.25;23.14;85
563;629;45;-3.91;-6.25;23.14;85
577;628;45;-3.13;-6.25;23.14;85
600;628;45;-3.13;-6.25;23.14;85
615;629;45;-3.13;-6.25;23.14;85
624;629;45;-3.13;-6.25;23.14;85
636;629;45;-3.13;-6.25;23.14;85
645;630;45;-3.13;-6.25;23.14;85
656;630;45;-3.13;-6.25;23.14;85
664;630;45;-3.13;-5.47;23.14;85
676;630;45;-3.13;-5.47;23.14;85
684;629;45;-3.13;-5.47;23.14;85
699;629;45;-3.13;-5.47;23.14;85
716;628;45;-3.13;-5.47;23.14;85
727;627;45;-3.91;-5.47;23.14;85
735;627;45;-3.91;-5.47;23.14;85
746;627;45;-3.91;-5.47;23.14;85
754;627;45;-3.91;-5.47;23.14;85
764;628;45;-3.91;-5.47;23.14;85
777;628;45;-3.91;-5.47;23.14;85
800;628;45;-3.91;-5.47;23.14;85
816;629;45;-3.91;-5.47;23.14;85
824;630;45;-3.91;-5.47;23.14;85
836;630;45;-3.91;-5.47;23.14;85
842;631;45;-3.91;-5.47;23.14;85
856;632;45;-3.91;-5.47;23.14;85
862;633;45;-3.91;-5.47;23.14;85
876;634;45;-3.91;-5.47;23.14;85
885;633;45;-3.91;-5.47;22.75;85
906;632;45;-3.91;-5.47;22.75;85
915;631;45;-3.91;-5.47;22.75;85
926;631;45;-3.91;-5.47;22.75;85
936;630;45;-3.91;-5.47;22.75;85
945;629;45;-3.91;-5.47;22.75;85
955;628;45;-3.91;-5.47;22.75;85
964;627;45;-3.91;-5.47;22.75;85
976;626;45;-3.91;-5.47;22.75;85
983;625;45;-3.91;-5.47;22.75;85
1000;624;45;-3.91;-5.47;22.75;85
1016;623;45;-3.91;-5.47;22.75;85
1024;624;45;-3.91;-5.47;23.14;85
1037;625;45;-3.91;-5.47;23.14;85
1056;626;45;-3.91;-5.47;23.14;85
1063;627;45;-3.91;-5.47;23.14;85
1074;627;45;-3.91;-5.47;23.14;85
1084;628;45;-3.91;-5.47;23.14;85
1100;628;45;-3.91;-5.47;23.14;85
1115;628;45;-3.91;-5.47;23.14;85
1123;628;45;-3.91;-5.47;23.14;85
1137;628;45;-3.91;-5.47;23.14;85
1156;628;45;-3.91;-5.47;23.14;85
1164;627;45;-3.91;-5.47;23.14;85
1176;628;45;-3.91;-5.47;23.14;85
1184;628;45;-3.91;-5.47;23.14;85
1200;628;45;-3.91;-5.47;23.14;85
1218;628;45;-3.91;-5.47;23.14;85
1236;628;45;-3.91;-5.47;23.14;85
1245;629;45;-3.91;-5.47;23.14;85
1257;628;45;-3.91;-5.47;23.14;85
1263;627;45;-3.91;-5.47;23.14;85
1275;626;45;-3.91;-5.47;23.14;85
1285;625;45;-3.91;-5.47;23.14;85
1300;624;45;-3.91;-5.47;23.14;85
1315;623;45;-3.91;-5.47;23.14;85
1324;623;45;-3.91;-5.47;23.14;85
1337;623;45;-3.91;-5.47;23.14;85
1356;623;45;-3.91;-5.47;23.14;85
1365;623;45;-3.91;-5.47;23.14;85
1378;622;45;-3.91;-5.47;23.14;85
1400;622;45;-3.91;-5.47;23.14;85
1415;623;45;-3.91;-5.47;23.14;85
1423;624;45;-3.91;-5.47;23.14;85
1436;625;45;-3.91;-5.47;23.14;85
1445;626;45;-3.91;-5.47;23.14;85
1456;627;45;-3.91;-5.47;23.14;85
1463;627;45;-3.91;-5.47;23.14;85
1475;628;45;-3.91;-5.47;23.14;85
1484;628;45;-3.91;-5.47;23.14;85
1499;628;45;-3.91;-5.47;23.14;85
1516;629;45;-3.91;-5.47;23.14;85
1525;629;45;-3.91;-5.47;23.14;85
1536;629;45;-3.91;-5.47;23.14;85
1545;629;45;-3.91;-5.47;23.14;85
1555;628;45;-3.91;-5.47;23.14;85
1564;628;45;-3.91;-5.47;23.14;85
1576;627;45;-3.91;-5.47;23.14;85
1585;626;45;-3.91;-5.47;23.14;85
1600;626;45;-3.91;-5.47;23.14;85
1616;627;45;-3.91;-5.47;23.14;85
1623;628;45;-3.91;-5.47;23.14;85
1636;628;45;-3.91;-5.47;23.14;85
1645;629;45;-3.91;-5.47;23.14;85
1655;630;45;-3.91;-5.47;23.14;85
1664;631;45;-3.91;-5.47;23.14;85
1677;631;45;-3.91;-5.47;23.14;85
1685;631;45;-3.91;-5.47;23.14;85
1700;631;45;-3.91;-5.47;23.14;85
1717;631;45;-3.91;-5.47;23.14;85
1737;630;45;-4.69;-5.47;23.14;85
1755;630;45;-4.69;-5.47;23.14;85
1764;631;45;-4.69;-5.47;22.75;85
1778;632;45;-4.69;-5.47;22.75;85
1799;632;45;-4.69;-5.47;22.75;85
1815;633;45;-4.69;-5.47;22.75;85
1824;634;45;-4.69;-5.47;22.75;85
1834;634;45;-4.69;-5.47;22.75;85
1844;634;45;-4.69;-5.47;22.75;85
1856;633;45;-4.69;-5.47;22.75;85
1865;632;45;-4.69;-5.47;22.75;85
1877;631;45;-4.69;-5.47;22.75;85
1907;631;45;-4.69;-5.47;22.75;85
1923;630;45;-4.69;-5.47;22.75;85
1936;630;45;-4.69;-5.47;22.75;85
1944;629;45;-4.69;-5.47;22.75;85
1955;629;45;-4.69;-5.47;22.75;85
1964;629;45;-4.69;-5.47;22.75;85
1976;628;45;-4.69;-5.47;22.75;85
1986;628;45;-4.69;-5.47;22.75;85
2001;629;45;-4.69;-5.47;22.75;85
2017;629;45;-4.69;-5.47;22.75;85
2035;630;45;-4.69;-5.47;22.75;85
2043;630;45;-4.69;-5.47;22.75;85
2057;630;45;-4.69;-5.47;22.75;85
2074;631;45;-4.69;-5.47;22.75;85
2085;631;45;-4.69;-5.47;22.75;85
2099;631;45;-4.69;-5.47;22.75;85
2116;631;45;-4.69;-5.47;22.75;85
2125;631;45;-4.69;-5.47;22.75;85
2134;632;45;-4.69;-5.47;22.75;85
2146;632;45;-4.69;-5.47;22.75;85
2154;632;45;-4.69;-5.47;22.75;85
2166;632;45;-4.69;-5.47;22.75;85
2177;632;45;-4.69;-5.47;22.75;85
2197;632;45;-4.69;-5.47;22.75;85
2217;633;45;-4.69;-5.47;22.75;85
2225;633;45;-4.69;-5.47;22.75;85
2236;633;45;-4.69;-5.47;22.75;85
2244;633;45;-4.69;-5.47;22.75;85
2255;633;45;-4.69;-5.47;22.75;85
2264;632;45;-4.69;-5.47;22.75;85
2274;632;45;-4.69;-5.47;22.75;85
2284;632;45;-4.69;-5.47;22.75;85
2302;632;45;-4.69;-5.47;22.75;85
2314;632;45;-4.69;-5.47;22.75;85
2324;631;45;-4.69;-5.47;22.75;85
2337;631;45;-4.69;-5.47;22.75;85
2357;631;45;-4.69;-5.47;22.75;85
2375;631;45;-4.69;-5.47;22.75;85
2384;630;45;-4.69;-5.47;22.75;85
2401;630;45;-4.69;-5.47;22.75;85
2417;629;45;-4.69;-5.47;22.75;85
2435;628;45;-4.69;-5.47;22.75;85
2443;628;45;-4.69;-5.47;22.75;85
2455;627;45;-4.69;-5.47;22.75;85
2464;627;45;-4.69;-5.47;22.75;85
2473;627;45;-4.69;-5.47;22.75;85
2485;628;45;-4.69;-5.47;22.75;85
2499;628;45;-4.69;-5.47;22.75;85
2514;628;45;-4.69;-5.47;22.75;85
2524;628;45;-4.69;-5.47;22.75;85
2535;628;45;-4.69;-5.47;22.75;85
2545;628;45;-4.69;-5.47;22.75;85
2554;628;45;-4.69;-5.47;22.75;85
2563;628;45;-4.69;-5.47;22.75;85
2577;628;45;-4.69;-5.47;22.75;85
2599;628;45;-4.69;-5.47;22.75;85
2618;628;45;-4.69;-5.47;22.75;85
2634;627;45;-4.69;-5.47;22.75;85
2644;627;45;-4.69;-5.47;22.75;85
2657;626;45;-4.69;-5.47;22.75;85
2674;626;45;-4.69;-5.47;22.75;85
2685;626;45;-4.69;-5.47;22.75;85
2700;626;45;-4.69;-5.47;22.75;85
2718;625;45;-4.69;-5.47;22.75;85
2734;625;45;-4.69;-5.47;22.75;85
2745;625;45;-4.69;-5.47;22.75;85
2755;625;45;-4.69;-5.47;22.75;85
2765;625;45;-4.69;-5.47;22.75;85
2776;626;45;-4.69;-5.47;23.14;85
2785;626;45;-4.69;-5.47;23.14;85
2799;627;45;-4.69;-5.47;23.14;85
2817;628;45;-4.69;-5.47;23.14;85
2824;628;45;-5.47;-5.47;23.14;85
2835;629;45;-5.47;-5.47;23.14;85
2845;628;45;-5.47;-5.47;23.14;85
2853;628;45;-5.47;-5.47;23.14;85
2865;627;45;-5.47;-5.47;23.14;85
2877;626;45;-5.47;-5.47;23.14;85
2886;625;45;-5.47;-5.47;23.14;85
2905;625;45;-5.47;-5.47;23.14;85
2914;625;45;-5.47;-5.47;23.14;85
2924;626;45;-5.47;-5.47;23.14;85
2935;626;45;-5.47;-5.47;23.14;85
2945;627;45;-5.47;-5.47;23.14;85
2956;627;45;-5.47;-5.47;23.14;85
2965;628;45;-5.47;-6.25;23.14;85
2974;626;45;-5.47;-6.25;23.14;85
2986;625;45;-5.47;-6.25;23.14;85
2999;624;45;-5.47;-6.25;23.14;85
3018;622;45;-5.47;-6.25;23.14;85
3034;621;45;-5.47;-6.25;23.14;85
3045;620;45;-5.47;-6.25;23.14;85
3054;620;45;-5.47;-6.25;23.14;85
3064;620;45;-5.47;-6.25;23.14;85
3074;621;45;-5.47;-6.25;23.14;85
3085;621;45;-5.47;-6.25;23.14;85
3099;621;45;-5.47;-6.25;23.14;85
3115;621;45;-5.47;-5.47;23.14;85
3126;623;45;-5.47;-5.47;23.14;85
3134;625;45;-5.47;-5.47;23.14;85
3145;626;45;-5.47;-5.47;23.14;85
3156;628;45;-5.47;-5.47;23.14;85
3164;629;45;-5.47;-5.47;23.14;85
3174;631;45;-5.47;-5.47;23.14;85
3185;631;45;-5.47;-5.47;23.14;85
3199;631;45;-5.47;-5.47;23.14;85
3216;631;45;-5.47;-5.47;23.14;85
3225;631;45;-5.47;-5.47;23.14;85
3236;631;45;-4.69;-5.47;23.14;85
3245;631;45;-4.69;-5.47;23.14;85
3256;630;45;-4.69;-5.47;23.14;85
3265;629;45;-4.69;-5.47;23.14;85
3274;629;45;-4.69;-5.47;23.14;85
3285;628;45;-4.69;-5.47;23.14;85
3300;627;45;-4.69;-5.47;23.14;85
3315;626;45;-4.69;-5.47;23.14;85
3326;625;45;-4.69;-5.47;23.14;85
3336;625;45;-4.69;-5.47;23.14;85
3344;624;45;-4.69;-5.47;23.14;85
3355;624;45;-4.69;-5.47;23.14;85
3365;623;45;-4.69;-5.47;23.14;85
3376;623;45;-4.69;-5.47;23.14;85
3384;623;45;-4.69;-5.47;23.14;85
3399;623;45;-4.69;-5.47;23.14;85
3414;623;45;-4.69;-5.47;23.14;85
3424;624;45;-4.69;-5.47;23.14;85
3435;624;45;-4.69;-5.47;23.14;85
3444;624;45;-4.69;-5.47;23.14;85
3456;624;45;-4.69;-5.47;23.14;85
3465;624;45;-4.69;-5.47;23.14;85
3474;624;45;-4.69;-5.47;23.14;85
3485;624;45;-4.69;-5.47;23.14;85
3502;624;45;-4.69;-5.47;23.14;85
3515;624;45;-4.69;-5.47;23.14;85
3525;625;45;-4.69;-5.47;23.14;85
3537;625;45;-4.69;-5.47;23.14;85
3556;625;45;-4.69;-5.47;23.14;85
3565;626;45;-4.69;-5.47;23.14;85
3575;626;45;-4.69;-5.47;23.14;85
3585;626;45;-4.69;-5.47;23.14;85
3599;626;45;-4.69;-5.47;23.14;85
3615;625;45;-4.69;-5.47;23.14;85
3623;624;45;-4.69;-5.47;23.14;85
3636;623;45;-4.69;-5.47;23.14;85
3645;623;45;-4.69;-5.47;23.14;85
3655;622;45;-4.69;-5.47;23.14;85
3664;622;45;-4.69;-5.47;23.14;85
3675;622;45;-4.69;-5.47;23.14;85
3684;622;45;-4.69;-5.47;23.14;85
3698;622;45;-4.69;-5.47;23.14;85
3714;622;45;-4.69;-5.47;23.14;85
3727;622;45;-4.69;-5.47;23.14;85
3735;623;45;-4.69;-5.47;23.14;85
3745;623;45;-4.69;-5.47;23.14;85
3754;623;45;-4.69;-5.47;23.14;85
3764;624;45;-4.69;-5.47;23.14;85
3776;624;45;-4.69;-5.47;23.14;85
3784;624;45;-4.69;-5.47;23.14;85
3799;623;45;-4.69;-5.47;23.14;85
3815;621;45;-4.69;-5.47;23.14;85
3823;620;45;-4.69;-5.47;23.14;85
3834;619;45;-4.69;-5.47;23.14;85
3842;617;45;-4.69;-5.47;23.14;85
3854;616;45;-4.69;-5.47;23.14;85
3863;616;45;-4.69;-5.47;23.14;85
3875;617;45;-4.69;-5.47;23.14;85
3885;617;45;-4.69;-5.47;23.14;85
3904;617;45;-4.69;-5.47;23.14;85
3918;618;45;-4.69;-5.47;23.14;85
3936;618;45;-4.69;-5.47;23.14;85
3944;620;45;-4.69;-5.47;23.53;85
3954;622;45;-4.69;-5.47;23.53;85
3966;623;45;-4.69;-5.47;23.53;85
3975;625;45;-4.69;-5.47;23.53;85
3982;627;45;-4.69;-5.47;23.53;85
3999;629;45;-4.69;-5.47;23.53;85
4018;628;45;-4.69;-5.47;23.53;85
4036;628;45;-4.69;-5.47;23.53;85
4046;627;45;-4.69;-5.47;23.53;85
4055;626;45;-4.69;-5.47;23.53;85
4063;626;45;-3.91;-5.47;23.53;85
4074;625;45;-3.91;-5.47;23.53;85
4083;625;45;-3.91;-5.47;23.53;85
4099;626;45;-3.91;-5.47;23.53;85
4117;626;45;-3.91;-5.47;23.53;85
4136;626;45;-3.91;-5.47;23.53;85
4145;626;45;-3.91;-5.47;23.53;85
4155;626;45;-3.91;-5.47;23.53;85
4164;626;45;-3.91;-5.47;23.53;85
4175;625;45;-3.91;-5.47;23.53;85
4183;625;45;-3.91;-5.47;23.53;85
4200;624;45;-3.91;-5.47;23.53;85
4218;624;45;-3.91;-5.47;23.53;85
4234;623;45;-3.91;-5.47;23.53;85
4243;624;45;-3.91;-5.47;23.53;85
4254;625;45;-3.91;-5.47;23.53;85
4264;626;45;-3.91;-5.47;23.53;85
4276;627;45;-3.91;-5.47;23.53;85
4284;628;45;-3.13;-5.47;23.53;85
4299;629;45;-3.13;-5.47;23.53;85
4316;630;45;-3.13;-5.47;23.53;85
4323;631;45;-3.13;-5.47;23.53;85
4334;631;45;-3.13;-5.47;23.53;85
4344;632;45;-3.13;-5.47;23.53;85
4357;632;45;-3.13;-5.47;23.53;85
4366;633;45;-3.13;-5.47;23.53;85
4375;632;45;-3.13;-5.47;23.14;85
4384;632;45;-3.13;-5.47;23.14;85
4398;631;45;-3.13;-5.47;23.14;85
4415;631;45;-3.13;-5.47;23.14;85
4424;630;45;-3.13;-5.47;23.14;85
4436;630;45;-3.13;-5.47;23.14;85
4444;630;45;-3.13;-5.47;23.14;85
4456;629;45;-3.13;-5.47;23.14;85
4464;629;45;-3.13;-5.47;23.14;85
4476;629;45;-3.13;-5.47;23.14;85
4485;628;45;-3.13;-5.47;23.14;85
4499;628;45;-3.13;-4.69;23.14;85
4517;628;45;-3.13;-4.69;23.14;85
4536;628;45;-3.13;-4.69;23.14;85
4543;628;45;-3.13;-4.69;23.14;85
4555;628;45;-3.13;-4.69;23.14;85
4565;628;45;-3.13;-4.69;23.14;85
4576;628;45;-3.13;-4.69;23.14;85
4585;627;45;-3.13;-4.69;23.14;85
4598;626;45;-3.13;-4.69;23.14;85
4617;626;45;-3.13;-4.69;23.14;85
4636;625;45;-3.13;-4.69;23.14;85
4642;625;45;-3.13;-4.69;23.14;85
4655;624;45;-3.13;-4.69;23.14;85
4664;625;45;-3.13;-4.69;23.14;85
4674;626;45;-3.13;-4.69;23.14;85
4683;627;45;-3.13;-4.69;23.14;85
4698;629;45;-3.13;-4.69;23.14;85
4716;630;45;-2.34;-4.69;23.14;85
4724;631;45;-2.34;-4.69;23.14;85
4736;631;45;-2.34;-4.69;23.14;85
4744;631;45;-2.34;-4.69;23.14;85
4756;631;45;-2.34;-4.69;23.14;85
4762;631;45;-2.34;-4.69;23.14;85
4776;630;45;-2.34;-4.69;23.14;85
4785;630;45;-2.34;-3.91;23.14;85
4802;631;45;-2.34;-3.91;23.14;85
4817;631;45;-2.34;-3.91;23.14;85
4837;631;45;-2.34;-3.91;23.14;85
4855;631;45;-2.34;-3.91;23.14;85
4864;631;45;-2.34;-3.91;23.14;85
4875;631;45;-2.34;-3.91;23.14;85
4886;631;45;-2.34;-3.91;23.14;85
4906;631;45;-2.34;-3.91;23.14;85
4914;631;45;-2.34;-3.91;23.14;85
4923;631;45;-2.34;-3.91;23.14;85
4936;631;45;-2.34;-3.91;23.14;85
4943;631;45;-2.34;-3.91;23.14;85
4957;630;45;-2.34;-3.91;23.14;85
4976;628;45;-2.34;-3.91;23.14;85
4985;626;45;-2.34;-3.91;23.14;85
5000;624;45;-2.34;-3.91;23.14;85
5015;622;45;-2.34;-3.91;23.14;85
5023;620;45;-2.34;-3.91;23.14;85
5035;621;45;-2.34;-3.91;23.14;85
5044;622;45;-2.34;-3.91;23.14;85
5055;623;45;-2.34;-3.91;23.14;85
5067;624;45;-2.34;-3.91;23.14;85
5075;625;45;-2.34;-3.91;23.14;85
5084;626;45;-2.34;-3.91;23.14;85
5099;627;45;-2.34;-3.91;23.14;85
5117;628;45;-2.34;-3.91;23.14;85
5123;628;45;-2.34;-3.91;23.14;85
5138;629;45;-2.34;-3.91;23.14;85
5157;630;45;-2.34;-3.91;23.14;85
5175;630;45;-2.34;-3.91;23.14;85
5182;630;45;-2.34;-3.91;23.14;85
5197;629;45;-2.34;-3.91;23.14;85
5216;629;45;-2.34;-3.91;23.14;85
5225;629;45;-2.34;-3.91;23.14;85
5236;628;45;-2.34;-3.91;23.14;85
5243;628;45;-2.34;-3.91;23.14;85
5258;628;45;-2.34;-3.91;23.14;85
5276;628;45;-2.34;-3.91;23.14;85
5284;627;45;-2.34;-3.91;23.14;85
5299;627;45;-2.34;-3.91;23.14;85
5317;627;45;-2.34;-3.91;23.14;85
5323;627;45;-2.34;-3.91;23.14;85
5337;627;45;-2.34;-3.91;23.14;85
5343;626;45;-2.34;-3.91;23.14;85
5356;626;45;-2.34;-3.91;23.14;85
5364;626;45;-2.34;-3.91;23.14;85
5377;626;45;-2.34;-3.91;23.14;85
5399;626;45;-2.34;-3.91;23.14;85
5416;627;45;-2.34;-3.91;23.14;85
5425;627;45;-2.34;-3.91;23.14;85
5434;628;45;-2.34;-3.91;23.14;85
5443;628;45;-2.34;-3.91;23.14;85
5456;629;45;-2.34;-3.91;23.14;85
5465;629;45;-2.34;-3.13;23.14;85
5476;630;45;-2.34;-3.13;23.14;85
5485;630;45;-2.34;-3.13;23.14;85
5499;630;45;-2.34;-3.13;23.14;85
5515;631;45;-2.34;-3.13;23.14;85
5524;631;45;-2.34;-3.13;23.14;85
5537;632;45;-2.34;-3.13;23.14;85
5555;631;45;-2.34;-3.13;23.14;85
5565;630;45;-2.34;-3.13;23.14;85
5576;629;45;-2.34;-3.13;23.14;85
5585;628;45;-2.34;-3.13;23.14;85
5600;627;45;-2.34;-3.13;23.14;85
5618;626;45;-2.34;-3.13;23.14;85
5633;626;45;-2.34;-3.13;23.14;85
5644;625;45;-2.34;-3.13;23.14;85
5657;625;45;-2.34;-3.13;23.14;85
5675;624;45;-2.34;-3.13;23.14;85
5684;624;45;-2.34;-3.13;23.14;85
5700;623;45;-2.34;-3.13;23.14;85
5716;623;45;-2.34;-3.13;23.14;85
5725;623;45;-2.34;-3.13;23.14;85
5735;623;45;-2.34;-3.13;23.14;85
5743;622;45;-2.34;-3.13;23.14;85
5756;622;45;-3.13;-3.13;23.14;85
5764;622;45;-3.13;-3.13;23.14;85
5776;622;45;-3.13;-3.13;23.14;85
5785;623;45;-3.13;-3.13;23.14;85
5799;623;45;-3.13;-3.13;23.14;85
5816;624;45;-3.13;-3.13;23.14;85
5825;624;45;-3.13;-3.13;23.14;85
5837;624;45;-3.13;-3.13;23.14;85
5855;625;45;-3.13;-3.13;23.14;85
5864;626;45;-3.13;-3.13;23.14;85
5876;627;45;-3.13;-3.13;23.14;85
5884;628;45;-3.13;-3.13;23.14;85
5907;629;45;-3.13;-3.13;23.14;85
5916;630;45;-3.13;-3.13;23.14;85
5925;630;45;-3.13;-3.13;23.14;85
5936;630;45;-3.13;-3.13;23.14;85
5946;629;45;-3.13;-3.13;23.14;85
5956;629;45;-3.13;-3.13;23.14;85
5964;629;45;-3.13;-3.13;23.14;85
5975;629;45;-3.13;-3.13;23.14;85
5984;628;45;-3.13;-3.13;23.14;85
5999;628;45;-3.13;-3.13;23.14;85
6016;627;45;-3.13;-3.13;23.14;85
6025;627;45;-3.13;-3.13;23.14;85
6033;627;45;-3.13;-3.13;23.14;85
6045;626;45;-3.13;-3.13;23.14;85
6056;625;45;-3.13;-3.13;23.14;85
6064;623;45;-3.13;-3.13;23.14;85
6076;622;45;-3.13;-3.13;23.14;85
6084;620;45;-3.13;-3.13;23.14;85
6100;619;45;-3.13;-3.13;23.14;85
6116;618;45;-3.13;-3.13;23.14;85
6125;618;45;-3.13;-3.13;23.14;85
6136;619;45;-3.13;-3.13;23.14;85
6144;619;45;-3.13;-3.13;23.14;85
6154;620;45;-3.13;-3.13;23.14;85
6165;620;45;-3.13;-3.13;23.14;85
6177;621;45;-3.13;-3.13;23.14;85
6183;623;45;-3.13;-3.13;23.14;85
6198;624;45;-3.13;-3.13;23.14;85
6215;626;45;-3.13;-3.13;23.14;85
6224;628;45;-3.13;-3.13;23.14;85
6233;630;45;-2.34;-3.13;23.14;85
6245;632;45;-2.34;-3.13;23.14;85
6255;632;45;-2.34;-3.13;23.14;85
6264;633;45;-2.34;-3.13;23.14;85
6274;633;45;-2.34;-3.13;23.14;85
6284;633;45;-2.34;-3.13;23.14;85
6301;634;45;-2.34;-3.13;23.14;85
6316;634;45;-2.34;-3.13;23.14;85
6325;633;45;-2.34;-3.13;23.14;85
6337;631;45;-2.34;-3.13;23.14;85
6353;630;45;-2.34;-3.13;23.14;85
6364;629;45;-2.34;-3.13;23.14;85
6376;628;45;-2.34;-3.13;23.14;85
6385;626;45;-2.34;-3.91;23.14;85
6400;627;45;-2.34;-3.91;23.14;85
6417;627;45;-2.34;-3.91;23.14;85
6424;627;45;-2.34;-3.91;23.14;85
6435;627;45;-2.34;-3.91;23.14;85
6445;627;45;-2.34;-3.91;23.14;85
6458;627;45;-2.34;-3.91;23.14;85
6475;628;45;-2.34;-3.91;23.14;85
6485;628;45;-2.34;-3.91;23.14;85
6501;629;45;-2.34;-3.91;23.14;85
6517;629;46;-2.34;-3.91;23.14;85
6536;630;46;-2.34;-3.91;23.14;85
6544;631;46;-2.34;-3.91;23.14;85
6557;631;46;-2.34;-3.91;23.14;85
6563;631;46;-2.34;-3.91;23.14;85
6574;632;46;-2.34;-3.91;23.14;85
6585;632;46;-2.34;-3.91;23.14;85
6599;633;46;-2.34;-3.91;23.14;85
6616;633;46;-2.34;-3.91;23.14;85
6625;633;46;-2.34;-3.91;23.14;85
6633;632;46;-2.34;-3.91;23.14;85
6644;632;46;-2.34;-3.91;23.14;85
6653;632;46;-2.34;-3.91;23.14;85
6663;631;46;-2.34;-3.91;23.14;85
6673;631;46;-2.34;-3.91;23.14;85
6684;630;46;-2.34;-3.91;23.14;85
6698;629;46;-2.34;-3.91;23.14;85
6716;628;46;-2.34;-3.91;23.14;85
6725;627;46;-2.34;-3.91;23.14;85
6734;626;46;-2.34;-3.91;23.14;85
6744;625;46;-2.34;-3.91;23.14;85
6755;626;46;-2.34;-3.91;23.14;85
6766;626;46;-2.34;-3.91;23.14;85
6775;627;46;-2.34;-3.91;23.14;85
6785;627;46;-2.34;-3.91;23.14;85
6799;628;46;-2.34;-3.91;23.14;85
6818;628;46;-2.34;-3.13;23.14;85
6834;628;46;-2.34;-3.13;23.14;85
6844;627;46;-2.34;-3.13;23.14;85
6857;627;46;-2.34;-3.13;23.14;85
6874;627;46;-2.34;-3.13;23.14;85
6885;626;46;-2.34;-3.13;23.14;85
6906;626;46;-2.34;-3.13;23.14;85
6917;626;46;-2.34;-3.13;23.14;85
6935;627;46;-2.34;-3.13;23.14;85
6947;627;46;-2.34;-3.13;23.14;85
6955;627;46;-2.34;-3.13;23.14;85
6964;628;46;-2.34;-3.13;23.14;85
6977;628;46;-2.34;-3.13;23.14;85
6999;628;46;-2.34;-3.13;23.14;85
7017;628;46;-2.34;-3.13;23.14;85
7035;628;46;-2.34;-3.13;23.14;85
7045;628;46;-2.34;-3.13;23.14;85
7054;629;46;-2.34;-3.13;23.14;85
7065;629;46;-2.34;-3.13;23.14;85
7075;628;46;-2.34;-3.13;23.14;85
7084;627;46;-2.34;-3.13;23.14;85
7101;626;46;-2.34;-3.13;23.14;85
7116;625;46;-2.34;-3.13;23.14;85
7125;624;46;-2.34;-3.13;23.14;85
7136;624;46;-2.34;-3.91;23.14;85
7145;625;46;-2.34;-3.91;23.14;85
7154;626;46;-2.34;-3.91;23.14;85
7165;627;46;-2.34;-3.91;23.14;85
7176;628;46;-2.34;-3.91;23.14;85
7184;629;46;-1.56;-3.91;23.14;85
7199;630;46;-1.56;-3.91;23.14;85
7217;630;46;-1.56;-3.91;23.14;85
7235;631;46;-1.56;-3.91;23.14;85
7244;631;46;-1.56;-3.91;23.14;85
7254;632;46;-1.56;-3.91;23.14;85
7264;632;46;-1.56;-3.91;23.14;85
7274;633;46;-1.56;-3.91;23.14;85
7283;633;46;-1.56;-3.91;23.14;85
7300;632;46;-1.56;-3.91;23.14;85
7314;632;46;-1.56;-3.91;23.14;85
7325;631;46;-1.56;-3.91;23.14;85
7336;631;46;-1.56;-3.91;23.14;85
7344;631;46;-1.56;-3.91;23.14;85
7356;630;46;-1.56;-3.91;23.14;85
7366;629;46;-1.56;-3.91;23.14;85
7375;629;46;-1.56;-3.91;23.14;85
7384;628;46;-1.56;-3.91;23.14;85
7399;627;46;-2.34;-3.91;23.14;85
7418;627;46;-2.34;-3.91;23.14;85
7434;626;46;-2.34;-3.91;22.75;85
7446;626;46;-2.34;-3.91;22.75;85
7456;625;46;-2.34;-3.91;22.75;85
7465;625;46;-2.34;-3.91;22.75;85
7474;625;46;-2.34;-3.91;22.75;85
7485;624;46;-2.34;-3.91;22.75;85
7500;625;46;-2.34;-3.91;23.14;85
7517;625;46;-2.34;-3.91;23.14;85
7536;626;46;-2.34;-3.91;23.14;85
7545;626;46;-2.34;-3.91;23.14;85
7554;627;46;-2.34;-3.91;23.14;85
7565;628;46;-2.34;-3.13;23.14;85
7575;628;46;-2.34;-3.13;23.14;85
7584;628;46;-2.34;-3.13;23.14;85
7599;628;46;-2.34;-3.13;23.14;85
7617;628;46;-2.34;-3.13;23.14;85
7637;628;46;-2.34;-3.13;23.14;85
7644;628;46;-2.34;-3.13;23.14;85
7656;628;46;-2.34;-3.13;23.14;85
7665;627;46;-2.34;-3.13;23.14;85
7675;627;46;-2.34;-3.13;23.14;85
7685;627;46;-2.34;-3.13;23.14;85
7699;626;46;-2.34;-3.13;23.14;85
7714;626;46;-2.34;-3.13;23.14;85
7724;627;46;-2.34;-3.13;23.14;85
7734;627;46;-2.34;-3.13;23.14;85
7746;628;46;-2.34;-3.13;23.14;85
7754;628;46;-2.34;-3.13;23.14;85
7765;628;46;-2.34;-3.13;23.14;85
7779;629;46;-2.34;-3.13;23.14;85
7800;628;46;-2.34;-3.13;23.14;85
7818;628;46;-2.34;-3.13;23.14;85
7835;627;46;-2.34;-3.13;23.14;85
7845;626;46;-2.34;-3.13;23.14;85
7856;626;46;-2.34;-3.13;23.14;85
7864;625;46;-2.34;-3.13;23.14;85
7875;625;46;-2.34;-3.13;23.14;85
7885;625;46;-2.34;-3.13;23.14;85
7905;626;46;-2.34;-3.13;23.14;85
7915;626;46;-2.34;-3.13;23.14;85
7923;626;46;-2.34;-3.13;23.14;85
7936;626;46;-2.34;-3.13;23.14;85
7945;625;46;-2.34;-3.13;23.14;85
7955;624;46;-2.34;-3.13;23.14;85
7964;623;46;-2.34;-3.13;23.14;85
7975;622;46;-2.34;-3.13;23.14;85
7984;621;46;-2.34;-3.13;23.14;85
7999;620;46;-2.34;-3.13;23.14;85
8016;620;46;-2.34;-3.13;23.14;85
8022;619;46;-2.34;-3.13;23.14;85
8035;619;46;-2.34;-3.13;23.14;85
8045;618;46;-2.34;-3.13;23.14;85
8054;618;46;-2.34;-3.13;23.14;85
8066;618;46;-2.34;-3.13;23.14;85
8074;618;46;-2.34;-3.13;23.53;85
8084;619;46;-2.34;-3.13;23.53;85
8098;619;46;-2.34;-3.13;23.53;85
8116;619;46;-2.34;-3.13;23.53;85
8125;620;46;-2.34;-3.13;23.53;85
8135;620;46;-2.34;-3.13;23.53;85
8146;621;46;-2.34;-3.13;23.53;85
8157;622;46;-2.34;-3.13;23.53;85
8176;623;46;-2.34;-3.13;23.53;85
8183;623;46;-2.34;-3.13;23.53;85
8198;624;46;-2.34;-3.13;23.53;85
8216;625;46;-2.34;-3.13;23.53;85
8226;624;46;-2.34;-3.13;23.53;85
8235;624;46;-2.34;-3.13;23.53;85
8244;623;46;-2.34;-3.13;23.53;85
8255;623;46;-2.34;-3.13;23.53;85
8264;622;46;-2.34;-3.13;23.53;85
8276;622;46;-2.34;-3.13;23.53;85
8284;622;46;-2.34;-3.13;23.53;85
8299;622;46;-2.34;-3.13;23.53;85
8315;622;46;-2.34;-3.13;23.53;85
8324;622;46;-2.34;-3.13;23.53;85
8335;622;46;-2.34;-3.13;23.53;85
8342;622;46;-2.34;-3.13;23.53;85
8356;622;46;-2.34;-3.13;23.53;85
8363;623;46;-2.34;-3.13;23.53;85
8374;623;46;-2.34;-3.13;23.53;85
8385;623;46;-2.34;-3.13;23.53;85
8399;624;46;-2.34;-3.13;23.53;85
8415;624;46;-2.34;-2.34;23.53;85
8424;624;46;-2.34;-2.34;23.53;85
8434;624;46;-2.34;-2.34;23.53;85
8444;624;46;-2.34;-2.34;23.53;85
8456;624;46;-2.34;-2.34;23.53;85
8466;625;46;-2.34;-2.34;23.53;85
8475;625;46;-2.34;-2.34;23.53;85
8484;625;46;-2.34;-2.34;23.53;85
8500;625;46;-2.34;-2.34;23.53;85
8517;626;46;-2.34;-2.34;23.53;85
8523;626;46;-2.34;-2.34;23.53;85
8536;627;46;-2.34;-2.34;23.53;85
8546;627;46;-2.34;-2.34;23.53;85
8554;626;46;-2.34;-2.34;23.53;85
8564;625;46;-2.34;-2.34;23.53;85
8575;624;46;-2.34;-2.34;23.53;85
8584;622;46;-2.34;-2.34;23.53;85
8600;621;46;-2.34;-2.34;23.53;85
8615;620;46;-2.34;-2.34;23.53;85
8624;620;46;-2.34;-2.34;23.53;85
8635;620;46;-2.34;-2.34;23.53;85
8642;620;46;-2.34;-2.34;23.53;85
8656;620;46;-2.34;-2.34;23.53;85
8665;620;46;-2.34;-2.34;23.53;85
8675;619;46;-2.34;-2.34;23.53;85
8683;621;46;-2.34;-2.34;23.53;85
8700;622;46;-2.34;-2.34;23.53;85
8716;624;46;-2.34;-2.34;23.53;85
8724;625;46;-2.34;-2.34;23.53;85
8736;627;46;-2.34;-2.34;23.53;85
8745;628;46;-2.34;-2.34;23.53;85
8756;628;46;-2.34;-2.34;23.53;85
8764;628;46;-2.34;-2.34;23.53;85
8775;628;46;-2.34;-2.34;23.53;85
8784;627;46;-2.34;-2.34;23.53;85
8799;627;46;-2.34;-2.34;23.53;85
8817;627;46;-2.34;-2.34;23.53;85
8836;627;46;-2.34;-2.34;23.53;85
8842;627;46;-2.34;-2.34;23.53;85
8857;627;46;-2.34;-2.34;23.53;85
8876;627;46;-2.34;-2.34;23.53;85
8885;627;46;-2.34;-2.34;23.53;85
8907;626;46;-2.34;-2.34;23.53;85
8916;627;46;-2.34;-2.34;23.53;85
8924;627;46;-2.34;-2.34;23.53;85
8936;627;46;-2.34;-2.34;23.53;85
8944;627;46;-2.34;-2.34;23.53;85
8955;627;46;-2.34;-2.34;23.53;85
8963;627;46;-2.34;-2.34;23.53;85
8976;625;46;-2.34;-2.34;23.53;85
8984;624;46;-2.34;-2.34;23.53;85
9000;622;46;-2.34;-2.34;23.53;85
9019;620;46;-2.34;-2.34;23.53;85
9034;618;46;-2.34;-2.34;23.53;85
9043;617;46;-2.34;-2.34;23.53;85
9056;618;46;-2.34;-2.34;23.53;85
9064;619;46;-2.34;-2.34;23.53;85
9074;620;46;-2.34;-2.34;23.53;85
9083;621;46;-2.34;-2.34;23.53;85
9101;622;46;-2.34;-2.34;23.53;85
9116;623;46;-2.34;-2.34;23.53;85
9124;624;46;-2.34;-2.34;23.53;85
9134;625;46;-2.34;-2.34;23.53;85
9144;626;46;-2.34;-2.34;23.53;85
9155;626;46;-2.34;-2.34;23.53;85
9164;627;46;-2.34;-2.34;23.53;85
9176;628;46;-2.34;-2.34;23.53;85
9184;628;46;-2.34;-2.34;23.53;85
9201;628;46;-2.34;-2.34;23.53;85
9215;628;46;-2.34;-2.34;23.53;85
9223;628;46;-2.34;-2.34;23.53;85
9235;628;46;-1.56;-2.34;23.53;85
9244;628;46;-1.56;-2.34;23.53;85
9255;629;46;-1.56;-2.34;23.53;85
9264;630;46;-1.56;-2.34;23.53;85
9272;631;46;-1.56;-2.34;23.53;85
9284;632;46;-1.56;-2.34;23.53;85
9298;632;46;-1.56;-2.34;23.53;85
9317;633;46;-1.56;-2.34;23.53;85
9324;631;46;-1.56;-2.34;23.14;85
9336;628;46;-1.56;-2.34;23.14;85
9345;626;46;-1.56;-2.34;23.14;85
9356;624;46;-1.56;-2.34;23.14;85
9365;621;46;-1.56;-2.34;23.14;85
9378;619;46;-1.56;-2.34;23.14;85
9399;619;46;-1.56;-2.34;23.14;85
9414;618;46;-1.56;-2.34;23.14;85
9424;618;46;-1.56;-2.34;23.14;85
9435;618;46;-1.56;-2.34;23.14;85
9443;618;46;-1.56;-2.34;23.14;85
9455;618;46;-1.56;-2.34;23.14;85
9464;620;46;-1.56;-2.34;23.14;85
9476;621;46;-1.56;-2.34;23.14;85
9484;623;46;-1.56;-2.34;23.14;85
9498;625;46;-1.56;-2.34;23.14;85
9515;626;46;-1.56;-2.34;23.14;85
9524;628;46;-1.56;-2.34;23.14;85
9533;628;46;-1.56;-2.34;23.14;85
9543;629;46;-1.56;-2.34;23.14;85
9555;629;46;-1.56;-2.34;23.14;85
9563;630;46;-1.56;-2.34;23.14;85
9574;630;46;-1.56;-2.34;23.14;85
9585;630;46;-1.56;-2.34;23.14;85
9597;631;46;-1.56;-2.34;23.14;85
9617;631;46;-1.56;-2.34;23.14;85
9624;631;46;-1.56;-2.34;23.14;85
9635;631;46;-1.56;-2.34;23.14;85
9645;631;46;-1.56;-2.34;23.14;85
9655;631;46;-1.56;-2.34;23.14;85
9664;630;46;-1.56;-2.34;23.14;85
9676;628;46;-1.56;-2.34;23.14;85
9684;627;46;-1.56;-2.34;23.14;85
9701;625;46;-1.56;-2.34;23.14;85
9716;623;46;-1.56;-2.34;23.14;85
9726;622;46;-1.56;-2.34;23.14;85
9735;622;46;-1.56;-2.34;23.14;85
9743;623;46;-1.56;-2.34;23.14;85
9755;624;46;-1.56;-2.34;23.14;85
9764;624;46;-1.56;-2.34;23.14;85
9776;625;46;-1.56;-2.34;23.14;85
9786;625;46;-1.56;-2.34;23.14;85
9799;625;46;-1.56;-2.34;23.14;85
9816;625;46;-1.56;-2.34;23.14;85
9823;624;46;-1.56;-2.34;23.14;85
9833;624;46;-1.56;-2.34;23.14;85
9844;623;46;-1.56;-2.34;23.14;85
9856;623;46;-1.56;-2.34;23.14;85
9864;623;46;-1.56;-2.34;23.14;85
9873;623;46;-1.56;-2.34;23.14;85
9884;623;46;-1.56;-2.34;23.14;85
9907;623;46;-1.56;-2.34;23.14;85
9916;623;46;-1.56;-2.34;23.14;85
9926;623;46;-1.56;-2.34;23.14;85
9935;622;46;-1.56;-2.34;23.14;85
9944;622;46;-1.56;-2.34;23.14;85
9955;621;46;-1.56;-2.34;23.14;85
9964;620;46;-1.56;-2.34;23.14;85
9976;619;46;-1.56;-2.34;23.14;85
9985;618;46;-1.56;-2.34;23.14;85
9999;619;46;-1.56;-2.34;23.14;85
10017;620;46;-1.56;-2.34;23.14;85
10023;621;46;-1.56;-2.34;23.14;85
10035;622;46;-1.56;-2.34;23.14;85
10045;623;46;-1.56;-2.34;23.14;85
10055;624;46;-1.56;-2.34;23.14;85
10063;624;46;-1.56;-2.34;23.14;85
10075;625;46;-1.56;-2.34;23.14;85
10084;625;46;-1.56;-2.34;23.14;85
10101;625;46;-1.56;-2.34;23.14;85
10116;626;46;-0.78;-2.34;23.14;85
10125;626;46;-0.78;-2.34;23.14;85
10134;626;46;-0.78;-2.34;23.14;85
10144;626;46;-0.78;-2.34;23.14;85
10153;626;46;-0.78;-2.34;23.14;85
10165;626;46;-0.78;-2.34;23.14;85
10176;625;46;-0.78;-2.34;23.14;85
10183;625;46;-0.78;-2.34;23.14;85
10198;626;46;-0.78;-2.34;23.14;85
10217;626;46;-0.78;-2.34;23.14;85
10234;626;46;-0.78;-2.34;23.14;85
10245;627;46;-0.78;-2.34;23.14;85
10254;627;46;-0.78;-2.34;23.14;85
10263;627;46;-0.78;-2.34;23.14;85
10277;627;46;-0.78;-2.34;23.14;85
10284;626;46;-0.78;-2.34;23.14;85
10300;626;46;-0.78;-2.34;23.14;85
10315;625;46;-0.78;-2.34;23.14;85
10324;624;46;-0.78;-2.34;23.14;85
10336;624;46;-0.78;-2.34;23.14;85
10346;623;46;-0.78;-2.34;23.14;85
10354;622;46;-0.78;-2.34;23.14;85
10365;621;46;-0.78;-2.34;23.14;85
10376;620;46;-0.78;-2.34;23.14;85
10384;619;46;-0.78;-2.34;23.14;85
10402;618;46;-0.78;-2.34;23.14;85
10415;619;46;-0.78;-2.34;23.14;85
10424;620;46;-0.78;-2.34;23.14;85
10434;621;46;-0.78;-2.34;23.14;85
10444;622;46;-0.78;-2.34;23.14;85
10457;623;46;-0.78;-2.34;23.14;85
10475;624;46;-0.78;-2.34;23.14;85
10484;624;46;-0.78;-2.34;23.14;85
10501;625;46;-0.78;-2.34;23.14;85
10516;625;46;-0.78;-2.34;23.14;85
10524;626;46;-0.78;-2.34;23.14;85
10535;626;46;-0.78;-2.34;23.14;85
10546;627;46;-0.78;-2.34;23.14;85
10555;627;46;-0.78;-2.34;23.14;85
10563;628;46;-0.78;-2.34;23.14;85
10577;628;46;-0.78;-2.34;23.14;85
10598;628;46;-0.78;-2.34;23.14;85
10616;629;46;-0.78;-2.34;23.14;85
10636;629;46;-0.78;-2.34;23.14;85
10645;629;46;-0.78;-2.34;23.14;85
10655;629;46;-0.78;-2.34;23.14;85
10665;628;46;-0.78;-2.34;23.14;85
10674;628;46;-0.78;-2.34;23.14;85
10683;628;46;-0.78;-2.34;23.14;85
10699;628;46;-0.78;-2.34;23.14;85
10717;626;46;-0.78;-2.34;23.14;85
10734;625;46;-0.78;-2.34;23.14;85
10745;624;46;-0.78;-2.34;23.14;85
10755;622;46;-0.78;-2.34;23.14;85
10765;621;46;-0.78;-2.34;23.14;85
10775;620;46;-0.78;-2.34;23.14;85
10784;622;46;-0.78;-2.34;23.14;85
10799;623;46;-0.78;-2.34;23.14;85
10817;625;46;-0.78;-2.34;23.14;85
10834;627;46;-0.78;-2.34;23.14;85
10845;628;46;-0.78;-2.34;23.14;85
10856;630;46;-0.78;-2.34;23.14;85
10865;629;46;-0.78;-2.34;23.14;85
10875;628;46;-0.78;-2.34;23.14;85
10884;627;46;-0.78;-2.34;23.14;85
10908;626;46;-0.78;-2.34;23.14;85
10925;624;46;-0.78;-2.34;23.14;85
10936;623;46;-0.78;-2.34;23.14;85
10945;624;46;-0.78;-2.34;23.14;85
10954;624;46;-0.78;-2.34;23.14;85
10966;624;46;-0.78;-2.34;23.14;85
10976;624;46;-0.78;-2.34;23.14;85
10998;624;46;-0.78;-2.34;23.14;85
11018;624;46;-0.78;-2.34;23.14;85
11034;624;46;-0.78;-2.34;23.14;85
11045;624;46;-0.78;-2.34;23.14;85
11056;624;46;-0.78;-2.34;23.14;85
11065;624;46;-0.78;-2.34;23.14;85
11074;623;46;-1.56;-2.34;23.14;85
11085;623;46;-1.56;-2.34;23.14;85
11100;623;46;-1.56;-2.34;23.14;85
11116;623;46;-1.56;-2.34;23.14;85
11125;623;46;-1.56;-2.34;23.14;85
11134;623;46;-1.56;-2.34;23.14;85
11143;624;46;-1.56;-2.34;23.14;85
11153;624;46;-1.56;-2.34;23.14;85
11165;624;46;-1.56;-2.34;23.14;85
11174;625;46;-1.56;-2.34;23.14;85
11183;625;46;-1.56;-2.34;23.14;85
11199;625;46;-1.56;-2.34;23.14;85
11217;626;46;-1.56;-2.34;23.14;85
11235;626;46;-1.56;-2.34;23.14;85
11245;626;46;-1.56;-2.34;23.14;85
11253;626;46;-1.56;-2.34;23.14;85
11264;625;46;-1.56;-2.34;23.14;85
11277;625;46;-1.56;-2.34;23.14;85
11286;625;46;-1.56;-2.34;23.14;85
11300;624;46;-1.56;-2.34;23.14;85
11315;624;46;-1.56;-2.34;23.14;85
11324;623;46;-1.56;-2.34;23.14;85
11337;623;46;-1.56;-2.34;23.14;85
11354;623;46;-1.56;-2.34;23.14;85
11366;622;46;-1.56;-2.34;23.14;85
11375;622;46;-1.56;-2.34;23.14;85
11384;623;46;-1.56;-2.34;23.14;85
11397;624;46;-1.56;-2.34;23.14;85
11417;625;46;-1.56;-2.34;23.14;85
11435;626;46;-1.56;-2.34;23.14;85
11444;627;46;-1.56;-2.34;23.14;85
11454;628;46;-1.56;-2.34;23.14;85
11465;628;46;-1.56;-2.34;23.14;85
11474;628;46;-1.56;-2.34;23.14;85
11484;628;46;-1.56;-2.34;23.14;85
11499;629;46;-1.56;-2.34;23.14;85
11516;629;46;-1.56;-2.34;23.14;85
11522;629;46;-1.56;-2.34;23.14;85
11534;629;46;-1.56;-2.34;23.14;85
11545;628;46;-1.56;-2.34;23.14;85
11554;628;46;-1.56;-2.34;23.14;85
11564;627;46;-1.56;-2.34;23.14;85
11576;627;46;-0.78;-2.34;23.14;85
11585;626;46;-0.78;-2.34;23.14;85
11599;626;46;-0.78;-2.34;23.14;85
11614;626;46;-0.78;-2.34;23.14;85
11623;626;46;-0.78;-2.34;23.14;85
11636;626;46;-0.78;-2.34;23.14;85
11644;626;46;-0.78;-2.34;23.14;85
11655;626;46;-0.78;-2.34;23.14;85
11666;626;46;-0.78;-2.34;23.14;85
11675;626;46;-0.78;-2.34;23.14;85
11684;626;46;-0.78;-2.34;23.14;85
11698;626;46;-0.78;-2.34;23.14;85
11717;625;46;-0.78;-2.34;23.14;85
11735;625;46;-0.78;-2.34;23.14;85
11745;626;46;-0.78;-2.34;23.14;85
11754;627;46;-0.78;-2.34;23.14;85
11762;628;46;-0.78;-2.34;23.14;85
11774;628;46;-0.78;-2.34;23.14;85
11784;629;46;-0.78;-2.34;23.14;85
11800;630;46;-0.78;-2.34;23.14;85
11818;629;46;-0.78;-2.34;23.14;85
11834;629;46;-0.78;-2.34;23.14;85
11843;628;46;-0.78;-2.34;23.14;85
11855;627;46;-0.78;-2.34;23.14;85
11864;627;46;-0.78;-2.34;23.14;85
11875;626;46;-0.78;-2.34;23.14;85
11884;625;46;-0.78;-2.34;23.14;85
11905;623;46;-0.78;-2.34;23.14;85
11916;622;46;-0.78;-2.34;23.14;85
11936;621;46;-0.78;-2.34;23.14;85
11943;620;46;-1.56;-2.34;23.14;85
11955;618;46;-1.56;-2.34;23.14;85
11963;620;46;-1.56;-2.34;23.14;85
11974;621;46;-1.56;-2.34;23.14;85
11984;622;46;-1.56;-2.34;23.14;85
11999;623;46;-1.56;-2.34;23.14;85
12017;625;46;-1.56;-2.34;23.14;85
12035;626;46;-1.56;-1.56;23.14;85
12044;626;46;-1.56;-1.56;23.14;85
12056;626;46;-1.56;-1.56;23.14;85
12066;626;46;-1.56;-1.56;23.14;85
12074;626;46;-1.56;-1.56;23.14;85
12083;626;46;-1.56;-1.56;23.14;85
12100;626;46;-1.56;-1.56;23.14;85
12115;626;46;-1.56;-1.56;23.14;85
12123;626;46;-1.56;-1.56;23.14;85
12134;626;46;-1.56;-1.56;23.14;85
12144;626;46;-1.56;-1.56;23.14;85
12155;626;46;-1.56;-1.56;23.14;85
12163;626;46;-1.56;-1.56;23.14;85
12175;625;46;-1.56;-1.56;23.14;85
12184;625;46;-1.56;-1.56;23.14;85
12199;624;46;-1.56;-1.56;23.14;85
12215;624;46;-1.56;-1.56;23.14;85
12225;623;46;-1.56;-1.56;23.14;85
12235;623;46;-1.56;-1.56;23.14;85
12243;623;46;-1.56;-1.56;23.14;85
12254;623;46;-1.56;-1.56;23.14;85
12264;623;46;-1.56;-1.56;23.14;85
12275;623;46;-1.56;-1.56;23.14;85
12283;624;46;-0.78;-1.56;23.14;85
12299;624;46;-0.78;-2.34;23.14;85
12315;625;46;-0.78;-2.34;23.14;85
12324;626;46;-0.78;-2.34;23.14;85
12336;627;46;-0.78;-2.34;23.14;85
12344;628;46;-0.78;-2.34;23.14;85
12355;629;46;-0.78;-2.34;23.14;85
12364;631;46;-0.78;-2.34;23.14;85
12376;630;46;-0.78;-2.34;23.14;85
12386;630;46;-0.78;-2.34;23.14;85
12400;629;46;-0.78;-2.34;23.14;85
12418;628;46;-0.78;-2.34;23.14;85
12434;628;46;-0.78;-2.34;23.14;85
12444;627;46;-0.78;-2.34;23.14;85
12455;626;46;-0.78;-2.34;23.14;85
12465;624;46;-0.78;-2.34;23.14;85
12476;622;46;-0.78;-2.34;23.14;85
12482;621;46;-0.78;-2.34;23.14;85
12500;619;46;-0.78;-2.34;23.14;85
12514;617;46;-0.78;-2.34;23.14;85
12523;618;46;-0.78;-2.34;23.14;85
12535;618;46;-0.78;-2.34;23.14;85
12546;618;46;-0.78;-2.34;23.14;85
12555;619;46;-0.78;-2.34;23.14;85
12563;619;46;-0.78;-2.34;23.14;85
12575;620;46;-0.78;-2.34;23.14;85
12583;621;46;-0.78;-2.34;23.14;85
12599;622;46;-0.78;-2.34;23.14;85
12615;623;46;-0.78;-2.34;23.14;85
12626;625;46;-0.78;-2.34;23.14;85
12636;626;46;-0.78;-2.34;23.14;85
12643;627;46;-0.78;-2.34;23.14;85
12656;627;46;-0.78;-2.34;23.14;85
12664;626;46;-0.78;-2.34;23.14;85
12674;626;46;-0.78;-2.34;23.14;85
12683;626;46;-0.78;-2.34;23.14;85
12700;625;46;-0.78;-2.34;23.14;85
12715;625;46;-0.78;-2.34;23.14;85
12723;625;46;-0.78;-2.34;23.14;85
12735;626;46;-0.78;-2.34;23.14;85
12743;626;46;-0.78;-2.34;23.14;85
12755;626;46;-0.78;-2.34;23.14;85
12764;626;46;-0.78;-2.34;23.14;85
12775;627;46;-0.78;-2.34;23.14;85
12786;626;46;-0.78;-2.34;23.14;85
12798;624;46;-0.78;-2.34;23.14;85
12815;623;46;-0.78;-2.34;23.14;85
12822;622;46;-0.78;-2.34;23.14;85
12835;621;46;-0.78;-2.34;23.14;85
12844;620;46;-0.78;-1.56;23.14;85
12856;621;46;-0.78;-1.56;23.14;85
12866;622;46;-0.78;-1.56;23.14;85
12874;623;46;-0.78;-1.56;23.14;85
12884;623;46;-0.78;-1.56;23.14;85
12907;624;46;-0.78;-1.56;23.14;85
12924;625;46;-0.78;-1.56;23.14;85
12935;625;46;-0.78;-1.56;23.14;85
12945;625;46;-0.78;-1.56;23.14;85
12956;625;46;-0.78;-1.56;23.14;85
12962;625;46;-0.78;-1.56;23.14;85
12975;625;46;-0.78;-1.56;23.14;85
12983;625;46;-0.78;-1.56;23.14;85
13000;625;46;-0.78;-1.56;23.14;85
13015;625;46;-0.78;-1.56;23.14;85
13026;625;46;-0.78;-1.56;23.14;85
13035;624;46;-0.78;-1.56;23.14;85
13044;624;46;-0.78;-1.56;23.14;85
13057;624;46;-0.78;-1.56;23.14;85
13076;624;46;-0.78;-1.56;23.14;85
13082;624;46;-0.78;-1.56;23.14;85
13100;624;46;-0.78;-1.56;23.14;85
13116;624;46;-0.78;-1.56;23.14;85
13124;623;46;-0.78;-1.56;23.14;85
13136;623;46;-0.78;-1.56;23.14;85
13145;623;46;-0.78;-1.56;23.14;85
13156;623;46;-0.78;-1.56;23.14;85
13164;623;46;-0.78;-1.56;23.14;85
13177;622;46;-0.78;-1.56;23.14;85
13200;622;46;0.00;-1.56;23.14;85
13216;622;46;0.00;-2.34;23.14;85
13235;622;46;0.00;-2.34;23.14;85
13243;622;46;0.00;-2.34;23.14;85
13256;622;46;0.00;-2.34;23.14;85
13265;622;46;0.00;-2.34;23.14;85
13276;622;46;0.00;-2.34;23.14;85
13284;622;46;0.00;-2.34;23.14;85
13300;623;46;0.00;-2.34;23.14;85
13317;623;46;0.00;-2.34;23.14;85
13337;624;46;0.00;-2.34;23.14;85
13354;625;46;0.00;-2.34;23.14;85
13364;625;46;0.00;-2.34;23.14;85
13375;626;46;0.00;-2.34;23.14;85
13384;625;46;0.00;-2.34;23.14;85
13400;625;46;0.00;-2.34;23.14;85
13417;624;46;0.00;-2.34;23.14;85
13435;624;46;0.00;-2.34;23.14;85
13444;623;46;0.00;-2.34;23.14;85
13456;623;46;0.00;-2.34;23.14;85
13465;622;46;0.00;-2.34;23.14;85
13474;622;46;0.00;-2.34;23.14;85
13485;622;46;0.00;-2.34;23.14;85
13499;622;46;0.00;-2.34;23.14;85
13515;622;46;0.00;-2.34;23.14;85
13524;622;46;0.00;-2.34;23.14;85
13535;622;46;0.00;-2.34;23.53;85
13543;623;46;0.00;-2.34;23.53;85
13556;623;46;0.00;-2.34;23.53;85
13564;624;46;0.00;-2.34;23.53;85
13575;625;46;0.00;-2.34;23.53;85
13585;625;46;0.00;-1.56;23.53;85
13597;625;46;0.00;-1.56;23.14;85
13615;624;46;0.00;-1.56;23.14;85
13623;624;46;0.00;-1.56;23.14;85
13636;623;46;0.00;-1.56;23.14;85
13643;623;46;0.00;-1.56;23.14;85
13654;623;46;0.00;-1.56;23.14;85
13664;623;46;0.00;-1.56;23.14;85
13673;623;46;0.00;-1.56;23.14;85
13684;622;46;0.00;-1.56;23.14;85
13699;622;46;0.00;-1.56;23.14;85
13716;622;46;0.00;-1.56;23.14;85
13725;622;46;0.00;-1.56;23.14;85
13735;623;46;0.00;-1.56;23.53;85
13746;624;46;0.00;-1.56;23.53;85
13753;624;46;0.00;-1.56;23.53;85
13764;625;46;0.00;-1.56;23.53;85
13776;625;46;0.00;-1.56;23.53;85
13784;626;46;0.00;-1.56;23.53;85
13799;626;46;0.00;-1.56;23.53;85
13816;626;46;0.00;-1.56;23.53;85
13824;626;46;0.00;-1.56;23.53;85
13835;627;46;0.00;-1.56;23.53;85
13843;627;46;0.00;-1.56;23.53;85
13855;627;46;0.00;-1.56;23.53;85
13864;627;46;0.00;-1.56;23.53;85
13876;626;46;0.00;-1.56;23.53;85
13884;626;46;0.00;-1.56;23.53;85
13905;626;46;0.00;-1.56;23.53;85
13915;626;46;0.00;-1.56;23.53;85
13923;625;46;0.00;-1.56;23.53;85
13936;625;46;0.00;-1.56;23.14;85
13944;624;46;0.00;-1.56;23.14;85
13955;623;46;0.00;-1.56;23.14;85
13964;623;46;0.00;-1.56;23.14;85
13975;622;46;0.00;-1.56;23.14;85
13984;621;46;0.00;-1.56;23.14;85
14000;621;46;0.00;-1.56;23.14;85
14015;621;46;0.00;-1.56;23.14;85
14024;621;46;0.00;-1.56;23.14;85
14033;621;46;0.00;-1.56;23.14;85
14044;622;46;0.00;-1.56;23.14;85
14058;622;46;0.00;-1.56;23.14;85
14073;623;46;0.00;-1.56;23.14;85
14083;624;46;0.00;-1.56;23.14;85
14101;625;46;0.00;-1.56;23.14;85
14115;627;46;0.00;-1.56;23.14;85
14124;628;46;0.00;-1.56;23.14;85
14135;629;46;0.00;-1.56;23.14;85
14143;628;46;0.00;-1.56;23.14;85
14156;627;46;0.00;-1.56;23.14;85
14165;626;46;0.00;-1.56;23.14;85
14176;625;46;0.00;-1.56;23.14;85
14184;624;46;0.00;-1.56;23.14;85
14199;623;46;0.00;-1.56;23.14;85
14217;623;46;0.00;-1.56;23.14;85
14233;623;46;0.00;-1.56;23.14;85
14244;623;46;0.00;-1.56;23.14;85
14255;623;46;0.00;-1.56;23.14;85
14266;623;46;0.78;-1.56;23.14;85
14274;623;46;0.78;-1.56;23.14;85
14285;624;46;0.78;-1.56;23.14;85
14302;624;46;0.78;-1.56;23.14;85
14316;624;46;0.78;-1.56;23.14;85
14325;625;46;0.78;-1.56;23.14;85
14336;625;46;0.78;-1.56;23.14;85
14345;625;46;0.78;-1.56;23.14;85
14354;625;46;0.78;-1.56;23.14;85
14365;624;46;0.78;-1.56;23.14;85
14376;623;46;0.78;-1.56;23.14;85
14385;623;46;0.78;-1.56;23.14;85
14400;622;46;0.78;-1.56;23.14;85
14415;621;46;0.78;-1.56;23.14;85
14423;621;46;0.78;-1.56;23.14;85
14434;622;46;0.78;-1.56;23.14;85
14443;622;46;0.78;-1.56;23.14;85
14455;622;46;0.78;-1.56;23.14;85
14463;622;46;0.78;-1.56;23.14;85
14476;623;46;0.78;-0.78;23.14;85
14484;622;46;0.78;-0.78;23.14;85
14501;621;46;0.78;-0.78;23.14;85
14517;620;46;0.78;-0.78;23.14;85
14534;619;46;0.78;-0.78;23.14;85
14544;619;46;0.78;-0.78;23.14;85
14556;618;46;0.78;-0.78;23.14;85
14564;618;46;0.78;-0.78;23.14;85
14576;618;46;0.78;-0.78;23.14;85
14583;619;46;0.78;-0.78;23.14;85
14598;619;46;0.78;-0.78;23.14;85
14617;619;46;0.78;-0.78;23.14;85
14636;619;46;0.78;-0.78;23.14;85
14644;620;46;0.78;-0.78;23.53;85
14656;621;46;0.78;-0.78;23.53;85
14664;622;46;0.78;-0.78;23.53;85
14675;623;46;0.78;-0.78;23.53;85
14683;624;46;0.00;-0.78;23.53;85
14701;625;46;0.00;-0.78;23.53;85
14718;625;46;0.00;-0.78;23.53;85
14733;625;46;0.00;-0.78;23.53;85
14744;626;46;0.00;-0.78;23.53;85
14755;626;46;0.00;-0.78;23.53;85
14765;626;46;0.00;-0.78;23.53;85
14775;626;46;0.00;-0.78;23.53;85
14786;626;46;0.00;-0.78;23.53;85
14798;625;46;0.00;-0.78;23.53;85
14817;625;46;0.00;-0.78;23.53;85
14835;625;46;0.00;-0.78;23.53;85
14845;625;46;0.00;-0.78;23.53;85
14853;625;46;0.00;-0.78;23.53;85
14865;624;46;0.00;-0.78;23.14;85
14874;624;46;0.00;-0.78;23.14;85
14885;624;46;0.00;-0.78;23.14;85
14907;624;46;0.00;-0.78;23.14;85
14924;624;46;0.00;-0.78;23.14;85
14934;623;46;0.00;-0.78;23.14;85
14945;623;46;0.00;-0.78;23.14;85
14955;623;46;0.00;-0.78;23.14;85
14964;622;46;0.00;-0.78;23.14;85
14974;622;46;0.00;-0.78;23.14;85
14985;622;46;0.00;-0.78;23.14;85
14999;621;46;0.00;-0.78;23.14;85
15016;622;46;0.00;-0.78;23.53;85
15025;623;46;0.00;-0.78;23.53;85
15034;623;46;0.00;-0.78;23.53;85
15045;624;46;0.00;-0.78;23.53;85
15053;625;46;0.00;-0.78;23.53;85
15065;625;46;0.00;-0.78;23.53;85
15073;625;46;0.00;-0.78;23.14;85
15084;624;46;0.00;-0.78;23.14;85
15098;624;46;0.00;-0.78;23.14;85
15116;623;46;0.00;-0.78;23.14;85
15124;623;46;0.00;-0.78;23.14;85
15134;622;46;0.00;-0.78;23.14;85
15144;622;46;0.00;-0.78;23.14;85
15154;622;46;0.00;-0.78;23.14;85
15165;622;46;0.00;-0.78;23.14;85
15174;622;46;0.00;-0.78;23.14;85
15185;622;46;0.00;-0.78;23.14;85
15198;622;46;0.00;-0.78;23.14;85
15215;622;46;0.00;-0.78;23.14;85
15225;622;46;0.00;-0.78;23.14;85
15235;622;46;0.00;-0.78;23.14;85
15244;621;46;0.00;-0.78;23.14;85
15254;621;46;0.00;-0.78;23.14;85
15263;621;46;0.00;-0.78;23.14;85
15275;622;46;0.00;-0.78;23.14;85
15285;622;46;0.00;-0.78;23.14;85
15301;622;46;0.00;-0.78;23.14;85
15317;623;46;0.00;-0.78;23.14;85
15333;623;46;0.00;-0.78;23.14;85
15344;624;46;0.00;-0.78;23.14;85
15356;624;46;0.00;-0.78;23.14;85
15365;624;46;0.00;-0.78;23.14;85
15373;625;46;0.00;-0.78;23.14;85
15384;625;46;0.00;-0.78;23.14;85
15398;626;46;0.00;-0.78;23.14;85
15418;626;46;0.00;-0.78;23.14;85
15435;626;46;0.00;-0.78;23.53;85
15445;626;46;0.00;-0.78;23.53;85
15457;626;46;0.00;-0.78;23.53;85
15464;625;46;0.00;-0.78;23.53;85
15476;625;46;0.00;-0.78;23.53;85
15485;625;46;0.00;-0.78;23.53;85
15501;624;46;0.00;-0.78;23.53;85
15516;624;46;0.00;-0.78;23.53;85
15525;623;46;0.00;-0.78;23.53;85
15534;622;46;0.00;-0.78;23.53;85
15545;622;46;0.00;-0.78;23.53;85
15555;621;46;0.00;-0.78;23.53;85
15564;621;46;0.00;-0.78;23.53;85
15575;621;46;0.00;-0.78;23.53;85
15584;622;46;0.00;-0.78;23.53;85
15599;622;46;0.00;-0.78;23.53;85
15617;622;46;0.00;-0.78;23.53;85
15635;623;46;0.00;0.00;23.53;85
15646;623;46;0.00;0.00;23.53;85
15655;622;46;0.00;0.00;23.53;85
15665;622;46;0.00;0.00;23.53;85
15674;622;46;0.00;0.00;23.53;85
15684;622;46;0.00;0.00;23.53;85
15700;622;46;0.00;0.00;23.53;85
15715;622;46;0.00;0.00;23.53;85
15724;622;46;0.00;0.00;23.53;85
15735;623;46;0.00;0.00;23.53;85
15745;623;46;0.00;0.00;23.53;85
15754;623;46;0.00;0.00;23.53;85
15764;623;46;0.00;0.00;23.53;85
15775;624;46;0.00;0.00;23.53;85
15784;624;46;0.00;0.00;23.53;85
15799;624;46;0.00;0.00;23.53;85
15814;625;46;0.00;0.00;23.53;85
15823;625;46;0.00;0.00;23.53;85
15834;625;46;0.00;0.00;23.53;85
15842;625;46;0.00;0.00;23.53;85
15855;624;46;0.00;0.00;23.53;85
15865;624;46;0.00;0.00;23.53;85
15874;623;46;0.00;0.00;23.53;85
15883;623;46;0.00;0.00;23.53;85
15907;622;46;0.00;-0.78;23.53;85
15924;622;46;0.00;-0.78;23.53;85
15935;621;46;0.00;-0.78;23.53;85
15946;621;46;0.00;-0.78;23.53;85
15955;620;46;0.00;-0.78;23.53;85
15966;620;46;0.00;-0.78;23.53;85
15976;619;46;0.00;-0.78;23.53;85
15983;621;46;0.00;-0.78;23.53;85
15999;622;46;0.00;-0.78;23.53;85
16016;623;46;0.00;-0.78;23.53;85
16027;625;46;0.00;-0.78;23.53;85
16046;626;46;0.00;-0.78;23.53;85
16055;627;46;0.00;-0.78;23.53;85
16062;627;46;0.00;-0.78;23.53;85
16075;626;46;0.00;-0.78;23.53;85
16084;625;46;0.00;-0.78;23.53;85
16098;625;46;0.00;-0.78;23.53;85
16115;624;46;0.00;-0.78;23.53;85
16126;624;46;0.00;-0.78;23.53;85
16136;623;46;0.00;-0.78;23.14;85
16144;623;46;0.00;-0.78;23.14;85
16156;623;46;0.00;-0.78;23.14;85
16164;622;46;0.00;-0.78;23.14;85
16176;622;46;0.00;-0.78;23.14;85
16185;621;46;0.00;-0.78;23.14;85
16199;622;46;0.00;-0.78;23.14;85
16214;622;46;0.00;-0.78;23.14;85
16223;623;46;0.00;-0.78;23.14;85
16234;623;46;0.00;-0.78;23.14;85
16243;624;46;0.00;-0.78;23.14;85
16254;624;46;0.00;-0.78;23.14;85
16266;624;46;0.00;-0.78;23.14;85
16274;624;46;0.00;-0.78;23.14;85
16286;623;46;0.00;-0.78;23.14;85
16298;623;46;0.00;-0.78;23.14;85
16314;623;46;0.78;-0.78;23.14;85
16323;623;46;0.78;-0.78;23.14;85
16335;622;46;0.78;-0.78;23.14;85
16344;622;46;0.78;-0.78;23.14;85
16356;622;46;0.78;-0.78;23.14;85
16365;621;46;0.78;-0.78;23.14;85
16374;621;46;0.78;-0.78;23.14;85
16383;621;46;0.78;-0.78;23.14;85
16398;621;46;0.78;-0.78;23.14;85
16415;622;46;0.78;-0.78;23.14;85
16424;623;46;0.78;-0.78;23.14;85
16437;623;46;0.78;-0.78;23.14;85
16454;624;46;0.78;-0.78;23.14;85
16464;624;46;0.78;-0.78;23.14;85
16476;623;46;0.78;-0.78;23.14;85
16482;622;46;0.78;-0.78;23.14;85
16499;621;46;0.78;-0.78;23.14;85
16516;620;46;0.78;-0.78;23.14;85
16526;619;46;0.78;-0.78;23.14;85
16542;618;46;0.78;-0.78;23.14;85
16556;619;46;0.78;-0.78;23.14;85
16562;620;46;0.78;-0.78;23.14;85
16577;622;46;0.78;-0.78;23.14;85
16599;623;46;0.78;-0.78;23.14;85
16616;624;46;0.78;-0.78;23.14;85
16624;625;46;0.78;-0.78;23.14;85
16636;625;46;0.78;-0.78;23.53;85
16642;625;46;0.78;-0.78;23.53;85
16656;625;46;0.78;-0.78;23.53;85
16663;625;46;0.78;-0.78;23.53;85
16675;625;46;0.78;-0.78;23.53;85
16683;625;46;0.78;-0.78;23.53;85
16699;624;46;0.78;-0.78;23.53;85
16716;623;46;0.78;-0.78;23.53;85
16722;622;46;0.78;-0.78;23.53;85
16736;621;46;0.78;-0.78;23.53;85
16744;620;46;0.78;-0.78;23.53;85
16755;619;46;0.78;0.00;23.53;85
16764;621;46;0.78;0.00;23.53;85
16776;622;46;0.78;0.00;23.53;85
16784;623;46;0.78;0.00;23.53;85
16801;624;46;0.78;0.00;23.53;85
16816;625;46;0.78;0.00;23.53;85
16824;626;46;0.78;0.00;23.53;85
16835;626;46;0.78;0.00;23.53;85
16843;626;46;0.78;0.00;23.53;85
16855;626;46;0.78;0.00;23.53;85
16862;626;46;0.78;0.00;23.53;85
16875;627;46;0.78;0.00;23.53;85
16883;627;46;0.78;0.00;23.53;85
16904;627;46;0.78;0.00;23.14;85
16917;627;46;0.78;0.00;23.14;85
16935;626;46;0.78;0.00;23.14;85
16944;626;46;0.78;0.00;23.14;85
16955;626;46;0.78;0.00;23.14;85
16964;626;46;0.78;0.00;23.14;85
16975;625;46;0.78;0.00;23.14;85
16983;624;46;0.78;0.00;23.14;85
17000;623;46;0.78;0.00;23.14;85
17016;622;46;0.78;0.00;23.14;85
17024;621;46;0.78;0.00;23.14;85
17035;620;46;0.78;-0.78;23.14;85
17045;621;46;0.78;-0.78;23.14;85
17055;621;46;0.78;-0.78;23.14;85
17064;621;46;0.78;-0.78;23.14;85
17075;622;46;0.78;-0.78;23.14;85
17085;622;46;0.78;-0.78;23.14;85
17099;622;46;0.78;-0.78;23.14;85
17114;623;46;0.78;-0.78;23.14;85
17124;624;46;0.78;-0.78;23.14;85
17134;625;46;0.78;-0.78;23.14;85
17143;626;46;0.78;-0.78;23.14;85
17156;627;46;0.78;-0.78;23.14;85
17162;628;46;0.78;-0.78;23.14;85
17176;628;46;0.78;-0.78;23.14;85
17184;628;46;0.78;-0.78;23.14;85
17200;628;46;0.78;-0.78;23.14;85
17216;627;46;0.78;-0.78;23.14;85
17225;627;46;0.78;-0.78;23.14;85
17236;627;46;0.78;-0.78;23.14;85
17244;626;46;0.78;-0.78;23.14;85
17255;625;46;0.78;-0.78;23.14;85
17263;624;46;0.78;-0.78;23.14;85
17276;623;46;0.78;-0.78;23.14;85
17284;622;46;0.78;-0.78;23.14;85
17300;620;46;0.78;-0.78;23.14;85
17316;621;46;0.78;-0.78;23.14;85
17325;621;46;0.78;-0.78;23.14;85
17334;622;46;0.78;-0.78;23.14;85
17343;622;46;0.78;-0.78;23.14;85
17356;622;46;0.00;-0.78;23.14;85
17362;623;46;0.00;-0.78;23.14;85
17376;623;46;0.00;-0.78;23.14;85
17383;624;46;0.00;-0.78;23.14;85
17399;624;46;0.00;-0.78;23.14;85
17416;625;46;0.00;-0.78;23.14;85
17425;625;46;0.00;-0.78;23.14;85
17434;626;46;0.00;0.00;23.14;85
17445;626;46;0.00;0.00;23.14;85
17454;626;46;0.00;0.00;23.14;85
17464;626;46;0.00;0.00;23.14;85
17475;626;46;0.00;0.00;23.14;85
17483;626;46;0.00;0.00;23.14;85
17498;626;46;0.00;0.00;23.14;85
17516;626;46;0.00;0.00;23.14;85
17524;626;46;0.00;0.00;23.14;85
17536;626;46;0.00;0.00;23.14;85
17545;626;46;0.00;0.00;23.14;85
17556;626;46;0.00;0.00;23.14;85
17564;626;46;0.00;0.00;23.14;85
17576;626;46;0.00;0.00;23.14;85
17584;626;46;0.00;0.00;23.14;85
17599;627;46;0.00;0.00;23.14;85
17616;627;46;0.00;0.00;23.14;85
17625;627;46;0.00;0.00;23.14;85
17636;627;46;0.00;0.00;23.14;85
17643;627;46;0.00;0.00;23.14;85
17657;626;46;0.00;0.00;23.14;85
17676;625;46;0.00;0.00;23.14;85
17682;625;46;0.00;0.00;23.14;85
17701;624;46;0.00;0.00;23.14;85
17716;624;46;0.00;0.00;23.14;85
17724;624;46;0.00;0.00;23.14;85
17736;624;46;0.00;0.00;23.14;85
17744;624;46;0.00;0.00;23.14;85
17756;624;46;0.00;0.00;23.14;85
17764;624;46;0.00;0.00;23.14;85
17775;624;46;0.00;0.00;23.14;85
17785;622;46;0.00;0.00;23.14;85
17798;620;46;0.00;0.00;23.14;85
17816;618;46;0.00;0.00;23.14;85
17825;616;46;0.00;0.00;23.14;85
17836;614;46;0.00;0.00;23.14;85
17845;612;46;0.00;0.00;23.14;85
17856;614;46;0.00;0.00;23.53;85
17865;615;46;0.00;0.00;23.53;85
17878;616;46;0.00;0.00;23.53;85
17906;617;46;0.00;0.00;23.53;85
17923;618;46;0.00;0.00;23.53;85
17937;620;46;0.00;0.00;23.53;85
17957;621;46;0.00;0.00;23.53;85
17977;621;46;0.00;0.00;23.53;85
18001;622;46;0.00;0.00;23.53;85
18017;623;46;0.00;0.00;23.53;85
18033;624;46;0.00;0.00;23.53;85
18046;625;46;0.00;0.00;23.53;85
18055;623;46;0.00;0.00;23.53;85
18064;621;46;0.00;0.00;23.53;85
18077;619;46;0.00;0.00;23.53;85
18101;616;46;0.00;0.00;23.53;85
18116;614;46;0.00;0.00;23.53;85
18125;612;46;0.00;0.00;23.53;85
18136;612;46;0.00;0.00;23.53;85
18145;612;46;0.00;0.00;23.53;85
18155;612;46;0.00;0.00;23.53;85
18164;612;46;0.00;0.00;23.53;85
18175;612;46;0.00;0.00;23.53;85
18185;612;46;0.00;0.00;23.53;85
18200;613;46;0.00;0.00;23.53;85
18215;614;46;0.00;0.00;23.53;85
18224;614;46;0.00;0.00;23.53;85
18234;615;46;0.00;0.00;23.53;85
18243;616;46;0.00;0.00;23.53;85
18255;617;46;0.00;0.00;23.53;85
18263;618;46;0.00;0.00;23.53;85
18275;618;46;0.00;0.00;23.53;85
18284;619;46;0.00;0.00;23.53;85
18302;620;46;0.00;0.00;23.53;85
18317;621;46;0.00;0.00;23.53;85
18324;622;46;0.00;0.00;23.53;85
18336;622;46;0.00;0.00;23.92;85
18345;622;46;0.00;0.00;23.92;85
18355;622;46;0.00;0.00;23.92;85
18364;622;46;0.00;0.00;23.92;85
18375;622;46;0.00;0.00;23.92;85
18385;622;46;0.00;0.00;23.92;85
18400;622;46;0.00;0.00;23.53;85
18417;621;46;0.00;0.00;23.53;85
18434;620;46;0.00;0.00;23.53;85
18445;620;46;0.00;0.00;23.53;85
18455;619;46;0.00;0.00;23.53;85
18463;619;46;0.00;0.00;23.53;85
18474;619;46;0.00;0.00;23.53;85
18485;619;46;0.00;0.00;23.53;85
18502;619;46;0.00;0.00;23.53;85
18515;619;46;0.00;0.00;23.53;85
18525;619;46;0.00;0.00;23.53;85
18534;619;46;0.00;0.00;23.53;85
18545;619;46;0.00;0.00;23.53;85
18556;620;46;0.00;0.00;23.53;85
18564;620;46;0.00;0.00;23.53;85
18575;620;46;0.00;0.00;23.53;85
18586;621;46;0.00;0.00;23.53;85
18597;621;46;0.00;0.00;23.53;85
18617;621;46;0.00;0.00;23.53;85
18633;621;46;0.00;0.00;23.53;85
18646;620;46;0.00;0.00;23.53;85
18655;620;46;0.00;0.00;23.53;85
18664;620;46;0.78;0.00;23.53;85
18674;620;46;0.78;0.00;23.53;85
18685;621;46;0.78;0.00;23.53;85
18701;622;46;0.78;0.00;23.53;85
18713;623;46;0.78;0.00;23.53;85
18723;624;46;0.78;0.00;23.53;85
18735;626;46;0.78;0.00;23.53;85
18743;627;46;0.78;0.00;23.53;85
18754;626;46;0.78;0.00;23.53;85
18765;626;46;0.78;0.00;23.53;85
18776;626;46;0.78;0.00;23.53;85
18785;625;46;0.78;0.00;23.53;85
18797;625;46;0.78;0.00;23.53;85
18814;625;46;0.78;0.00;23.53;85
18824;624;46;0.78;0.00;23.53;85
18835;623;46;0.78;0.00;23.53;85
18846;622;46;0.78;0.00;23.53;85
18857;621;46;0.78;0.00;23.53;85
18875;620;46;0.78;0.00;23.53;85
18884;619;46;0.78;0.00;23.53;85
18905;620;46;0.78;0.00;23.53;85
18915;620;46;0.78;0.00;23.53;85
18925;620;46;0.78;0.00;23.53;85
18935;621;46;0.78;0.00;23.53;85
18944;621;46;0.78;0.00;23.53;85
18955;622;46;0.78;-0.78;23.53;85
18963;622;46;0.78;-0.78;23.53;85
18976;621;46;0.78;-0.78;23.53;85
18986;621;46;0.78;-0.78;23.53;85
18999;621;46;0.78;-0.78;23.53;85
19016;621;46;0.78;-0.78;23.53;85
19024;621;46;0.78;-0.78;23.53;85
19034;621;46;0.78;-0.78;23.53;85
19043;621;46;0.78;-0.78;23.53;85
19053;621;46;0.78;-0.78;23.53;85
19063;621;46;0.78;-0.78;23.53;85
19073;621;46;0.78;-0.78;23.53;85
19084;621;46;0.78;-0.78;23.53;85
19101;623;46;0.78;-0.78;23.53;85
19115;624;46;0.78;-0.78;23.53;85
19124;626;46;0.78;-0.78;23.53;85
19133;628;46;0.78;-0.78;23.53;85
19145;629;46;0.78;-0.78;23.53;85
19156;631;46;0.78;-0.78;23.53;85
19165;630;46;0.78;-0.78;23.53;85
19174;630;46;0.78;-0.78;23.53;85
19185;629;46;0.78;-0.78;23.53;85
19198;629;46;0.78;-0.78;23.53;85
19215;628;46;1.56;-0.78;23.53;85
19223;628;46;1.56;-0.78;23.53;85
19233;627;46;1.56;-0.78;23.53;85
19245;627;46;1.56;-0.78;23.53;85
19253;626;46;1.56;-0.78;23.53;85
19265;626;46;1.56;-0.78;23.53;85
19274;625;46;1.56;-0.78;23.53;85
19285;625;46;1.56;-0.78;23.53;85
19299;624;46;1.56;-0.78;23.14;85
19314;623;46;1.56;-0.78;23.14;85
19323;622;46;1.56;-0.78;23.14;85
19337;621;46;1.56;-0.78;23.14;85
19355;619;46;1.56;-0.78;23.14;85
19363;618;46;1.56;-0.78;23.14;85
19375;618;46;1.56;-0.78;23.53;85
19384;617;46;1.56;-0.78;23.53;85
19401;616;46;1.56;-0.78;23.53;85
19414;615;46;1.56;-0.78;23.53;85
19424;614;46;1.56;-0.78;23.53;85
19435;614;46;1.56;-0.78;23.53;85
19444;615;46;1.56;-0.78;23.53;85
19458;617;46;1.56;-0.78;23.53;85
19475;618;46;1.56;-0.78;23.53;85
19484;620;46;1.56;-0.78;23.53;85
19500;622;46;1.56;-0.78;23.53;85
19514;623;46;1.56;-0.78;23.53;85
19524;623;46;1.56;-0.78;23.53;85
19533;624;46;1.56;-0.78;23.53;85
19545;624;46;1.56;-0.78;23.53;85
19554;624;46;1.56;-0.78;23.53;85
19565;624;46;1.56;-0.78;23.53;85
19575;625;46;1.56;-0.78;23.53;85
19585;624;46;1.56;-0.78;23.53;85
19599;623;46;1.56;-0.78;23.53;85
19614;622;46;1.56;-0.78;23.53;85
19625;621;46;1.56;-0.78;23.53;85
19635;620;46;1.56;-0.78;23.53;85
19643;619;46;1.56;-0.78;23.53;85
19655;619;46;1.56;-0.78;23.53;85
19662;619;46;1.56;-0.78;23.53;85
19673;619;46;1.56;-0.78;23.53;85
19682;619;46;1.56;-0.78;23.53;85
19700;619;46;1.56;-0.78;23.53;85
19715;619;46;1.56;0.00;23.53;85
19724;619;46;1.56;0.00;23.53;85
19735;620;46;1.56;0.00;23.53;85
19744;620;46;1.56;0.00;23.53;85
19756;621;46;1.56;0.00;23.53;85
19764;622;46;1.56;0.00;23.53;85
19775;622;46;1.56;0.00;23.53;85
19783;622;46;1.56;0.00;23.53;85
19799;622;46;1.56;0.00;23.53;85
19816;623;46;1.56;0.00;23.53;85
19822;623;46;1.56;0.00;23.53;85
19834;623;46;1.56;0.00;23.53;85
19842;623;46;1.56;0.00;23.53;85
19855;624;46;1.56;0.00;23.53;85
19864;625;46;1.56;0.00;23.53;85
19876;626;46;1.56;0.00;23.53;85
19885;627;46;1.56;0.00;23.53;85
19905;628;46;1.56;0.00;23.53;85
19915;629;46;1.56;0.00;23.53;85
19922;627;46;1.56;0.00;23.53;85
19936;625;46;1.56;0.00;23.53;85
19944;624;46;1.56;0.00;23.53;85
19955;622;46;1.56;0.00;23.53;85
19964;620;46;1.56;0.00;23.53;85
19974;619;46;1.56;0.00;23.53;85
19982;618;46;1.56;0.00;23.53;85
19998;618;46;1.56;0.00;23.53;85
20014;617;46;1.56;0.00;23.53;85
20022;617;46;1.56;0.00;23.53;85
20035;616;46;1.56;0.00;23.53;85
20044;616;46;1.56;0.00;23.53;85
20055;617;46;1.56;0.00;23.53;85
20064;618;46;1.56;0.00;23.53;85
20076;619;46;1.56;0.00;23.53;85
20083;620;46;1.56;0.00;23.53;85
20099;621;46;1.56;0.00;23.53;85
20115;622;46;1.56;0.00;23.53;85
20126;622;46;1.56;0.00;23.53;85
20135;622;46;1.56;0.00;23.53;85
20144;622;46;1.56;0.00;23.53;85
20155;622;46;1.56;0.00;23.53;85
20165;623;46;1.56;0.00;23.53;85
20175;623;46;1.56;0.00;23.53;85
20182;623;46;1.56;0.00;23.53;85
20199;623;46;1.56;0.00;23.53;85
20216;622;46;1.56;0.00;23.53;85
20226;622;46;1.56;0.00;23.53;85
20234;622;46;1.56;0.00;23.53;85
20244;622;46;1.56;0.00;23.53;85
20254;623;46;1.56;0.00;23.53;85
20262;623;46;1.56;0.00;23.53;85
20276;624;46;1.56;0.00;23.53;85
20285;624;46;1.56;0.00;23.53;85
20300;624;46;1.56;0.00;23.53;85
20315;625;46;1.56;0.00;23.53;85
20323;624;46;1.56;0.00;23.53;85
20335;623;46;1.56;0.00;23.53;85
20343;623;46;1.56;0.00;23.53;85
20356;622;46;1.56;0.00;23.53;85
20362;621;46;1.56;0.00;23.53;85
20374;620;46;1.56;0.00;23.53;85
20385;621;46;1.56;0.00;23.53;85
20399;622;46;1.56;0.00;23.53;85
20415;623;46;1.56;0.00;23.53;85
20422;624;46;1.56;0.00;23.53;85
20433;625;46;0.78;0.00;23.53;85
20444;625;46;0.78;0.78;23.53;85
20455;626;46;0.78;0.78;23.53;85
20464;626;46;0.78;0.78;23.53;85
20476;626;46;0.78;0.78;23.53;85
20484;626;46;0.78;0.78;23.53;85
20499;627;46;0.78;0.78;23.53;85
20514;627;46;0.78;0.78;23.53;85
20522;627;46;0.78;0.78;23.14;85
20535;626;46;0.78;0.78;23.14;85
20544;626;46;0.78;0.78;23.14;85
20553;626;46;0.78;0.78;23.14;85
20562;625;46;0.78;0.78;23.14;85
20576;625;46;0.78;0.78;23.14;85
20585;625;46;0.78;0.78;23.14;85
20600;625;46;0.78;0.78;23.14;85
20614;625;46;0.78;0.78;23.14;85
20624;625;46;0.78;0.78;23.14;85
20634;625;46;0.78;0.78;23.14;85
20642;625;46;0.78;0.78;23.14;85
20656;625;46;0.78;0.78;23.14;85
20677;625;46;0.78;0.78;23.14;85
20700;625;46;0.78;0.78;23.14;85
20716;624;46;0.78;0.78;23.14;85
20724;624;46;0.78;0.78;23.14;85
20734;624;46;0.78;0.78;23.14;85
20742;623;46;0.78;0.78;23.14;85
20753;623;46;0.78;0.78;23.14;85
20763;622;46;0.78;0.78;23.14;85
20775;621;46;0.78;0.78;23.14;85
20784;621;46;0.78;0.78;23.14;85
20799;620;46;0.78;0.78;23.14;85
20816;621;46;0.78;0.78;23.14;85
20823;621;46;0.78;0.78;23.14;85
20834;622;46;0.78;0.78;23.14;85
20843;622;46;0.78;0.78;23.14;85
20854;623;46;0.00;0.78;23.14;85
20862;623;46;0.00;0.78;23.14;85
20875;623;46;0.00;0.78;23.14;85
20883;623;46;0.00;0.78;23.14;85
20905;623;46;0.00;0.78;23.14;85
20916;623;46;0.00;0.78;23.14;85
20924;623;46;0.00;0.78;23.14;85
20935;622;46;0.00;0.78;23.14;85
20942;623;46;0.00;0.78;23.14;85
20957;624;46;0.00;0.78;23.14;85
20974;624;46;0.00;0.78;23.14;85
20985;625;46;0.00;0.78;23.14;85
21000;626;46;0.00;0.78;23.14;85
21016;626;46;0.00;0.78;23.14;85
21024;625;46;0.00;0.78;23.53;85
21035;624;46;0.00;0.78;23.53;85
21044;623;46;0.00;0.78;23.53;85
21055;622;46;0.00;0.78;23.53;85
21062;621;46;0.00;0.78;23.53;85
21077;620;46;0.00;0.78;23.53;85
21100;620;46;0.00;0.78;23.53;85
21117;620;46;0.00;0.78;23.53;85
21134;620;46;0.00;0.78;23.53;85
21142;619;46;0.00;0.78;23.53;85
21156;619;46;0.00;0.78;23.53;85
21174;619;46;0.00;0.78;23.53;85
21184;621;46;0.00;0.78;23.53;85
21200;622;46;0.00;0.78;23.53;85
21216;624;46;0.00;0.78;23.53;85
21224;625;46;0.00;0.78;23.53;85
21232;627;46;0.00;0.78;23.53;85
21245;628;46;0.00;0.78;23.53;85
21256;628;46;0.00;0.78;23.53;85
21262;628;46;0.00;0.78;23.53;85
21274;628;46;0.00;0.78;23.53;85
21283;628;46;0.00;0.78;23.53;85
21300;628;46;0.00;0.78;23.53;85
21316;628;46;0.00;0.78;23.53;85
21336;626;46;0.00;0.78;23.53;85
21354;625;46;0.00;0.78;23.53;85
21364;623;46;0.00;0.78;23.53;85
21375;622;46;0.00;0.78;23.53;85
21384;620;46;0.78;0.78;23.53;85
21400;619;46;0.78;0.78;23.53;85
21415;618;46;0.78;0.78;23.53;85
21423;618;46;0.78;0.78;23.53;85
21436;617;46;0.78;0.78;23.53;85
21456;616;46;0.78;0.78;23.53;85
21465;616;46;0.78;0.78;23.53;85
21475;615;46;0.78;0.78;23.53;85
21484;616;46;0.78;0.78;23.53;85
21500;616;46;0.78;0.78;23.53;85
21516;617;46;0.78;0.78;23.53;85
21525;617;46;0.78;0.78;23.53;85
21536;617;46;0.78;0.78;23.53;85
21544;618;46;0.78;0.78;23.53;85
21556;619;46;0.78;0.78;23.53;85
21575;619;46;0.78;0.78;23.53;85
21582;620;46;0.78;0.78;23.53;85
21598;621;46;0.78;0.78;23.53;85
21616;621;46;0.78;0.78;23.53;85
21634;622;46;0.78;0.78;23.53;85
21644;621;46;0.78;0.78;23.92;85
21655;621;46;0.78;0.78;23.92;85
21663;620;46;0.78;0.78;23.92;85
21675;619;46;0.78;0.78;23.92;85
21683;619;46;0.78;0.78;23.92;85
21700;618;46;0.78;0.78;23.92;85
21716;618;46;0.78;0.78;23.92;85
21725;618;46;0.78;0.78;23.92;85
21735;618;46;0.78;0.78;23.92;85
21744;618;46;0.78;0.78;23.92;85
21753;618;46;0.78;0.78;23.92;85
21765;617;46;0.78;0.78;23.92;85
21776;618;46;0.78;0.78;23.92;85
21784;619;46;0.78;0.78;23.92;85
21799;620;46;0.78;0.78;23.92;85
21815;621;46;0.78;0.78;23.92;85
21824;622;46;0.78;0.78;23.92;85
21835;623;46;0.78;0.78;23.92;85
21843;623;46;0.78;0.78;23.92;85
21857;622;46;0.78;0.78;23.92;85
21874;621;46;0.78;0.78;23.92;85
21883;620;46;0.78;0.78;23.92;85
21906;619;46;0.78;0.78;23.92;85
21917;618;46;0.78;0.78;23.92;85
21934;618;46;0.78;0.78;23.92;85
21943;619;46;0.78;0.78;23.92;85
21954;619;46;0.78;0.78;23.92;85
21965;619;46;0.78;0.78;23.92;85
21975;620;46;0.78;0.78;23.92;85
21998;620;46;0.78;0.78;23.92;85
22015;621;46;0.78;0.78;23.92;85
22026;622;46;0.78;0.78;23.92;85
22033;624;46;0.78;0.78;23.92;85
22045;625;46;0.78;0.78;23.92;85
22053;626;46;0.78;0.78;23.92;85
22064;627;46;0.78;0.78;23.92;85
22075;627;46;0.78;0.78;23.92;85
22084;627;46;0.78;0.78;23.92;85
22101;628;46;0.78;0.78;23.92;85
22114;628;46;0.78;0.78;23.92;85
22123;628;46;0.78;0.78;23.92;85
22134;629;46;0.78;0.78;23.92;85
22144;629;46;0.78;0.78;23.92;85
22153;629;46;0.78;0.78;23.92;85
22164;628;46;0.78;0.78;23.92;85
22175;628;46;0.78;0.78;23.92;85
22183;628;46;1.56;0.78;23.92;85
22198;628;46;1.56;0.78;23.92;85
22216;628;46;1.56;0.78;23.92;85
22224;627;46;1.56;0.78;23.92;85
22234;626;46;1.56;0.78;23.92;85
22245;625;46;1.56;0.78;23.92;85
22253;624;46;1.56;0.78;23.92;85
22265;624;46;1.56;0.00;23.92;85
22276;623;46;1.56;0.00;23.92;85
22297;623;46;1.56;0.00;23.92;85
22316;622;46;1.56;0.00;23.92;85
22325;622;46;1.56;0.00;23.92;85
22335;621;46;1.56;0.00;23.92;85
22344;621;46;1.56;0.00;23.92;85
22355;622;46;1.56;0.00;23.92;85
22363;623;46;1.56;0.00;23.92;85
22375;625;46;1.56;0.00;23.92;85
22384;626;46;1.56;0.00;23.92;85
22401;627;46;1.56;0.00;23.92;85
22414;628;46;1.56;0.78;23.92;85
22424;628;46;1.56;0.78;23.92;85
22434;628;46;1.56;0.78;23.92;85
22443;628;46;1.56;0.78;23.92;85
22455;627;46;1.56;0.78;23.92;85
22464;627;46;1.56;0.78;23.92;85
22475;627;46;1.56;0.78;23.92;85
22483;627;46;1.56;0.78;23.92;85
22500;626;46;1.56;0.78;23.92;85
22514;626;46;1.56;0.78;23.92;85
22526;625;46;1.56;0.78;23.92;85
22534;625;46;1.56;0.78;23.92;85
22545;625;46;1.56;0.78;23.92;85
22553;625;46;1.56;0.78;23.92;85
22563;624;46;1.56;0.78;23.92;85
22574;624;46;1.56;0.78;23.92;85
22583;624;46;1.56;0.78;23.92;85
22598;624;46;1.56;0.78;23.92;85
22613;624;46;1.56;0.78;23.92;85
22624;624;46;1.56;0.78;23.92;85
22635;624;46;1.56;0.78;23.92;85
22643;624;46;1.56;0.78;23.92;85
22654;624;46;1.56;0.78;23.92;85
22663;624;46;1.56;0.78;23.92;85
22675;624;46;1.56;0.78;23.92;85
22684;623;46;1.56;0.78;23.92;85
22701;623;46;1.56;0.78;23.92;85
22716;622;46;1.56;0.78;23.92;85
22724;622;46;1.56;0.78;23.92;85
22735;622;46;1.56;0.78;23.92;85
22743;621;46;1.56;0.78;23.92;85
22754;622;46;1.56;0.78;23.92;85
22763;623;46;1.56;0.78;23.92;85
22775;624;46;1.56;0.78;23.92;85
22786;624;46;1.56;0.78;23.92;85
22799;625;46;1.56;0.78;23.92;85
22814;626;46;1.56;0.78;23.92;85
22826;626;46;1.56;0.78;24.31;85
22834;626;46;1.56;0.78;24.31;85
22844;626;46;1.56;0.78;24.31;85
22855;626;46;1.56;0.78;24.31;85
22864;626;46;1.56;0.78;24.31;85
22875;626;46;1.56;0.78;24.31;85
22884;626;46;1.56;0.78;24.31;85
22907;626;46;1.56;0.78;24.31;85
22924;627;46;1.56;0.78;24.31;85
22934;627;46;1.56;0.78;24.31;85
22945;627;46;1.56;0.78;24.31;85
22954;627;46;1.56;1.56;24.31;85
22964;627;46;1.56;1.56;24.31;85
22975;626;46;1.56;1.56;24.31;85
22984;626;46;1.56;1.56;24.31;85
22999;625;46;1.56;1.56;24.31;85
23013;625;46;1.56;1.56;24.31;85
23024;624;46;1.56;1.56;24.31;85
23035;623;46;1.56;1.56;24.31;85
23044;622;46;1.56;1.56;24.31;85
23055;620;46;1.56;1.56;24.31;85
23066;619;46;1.56;1.56;24.31;85
23075;618;46;1.56;1.56;24.31;85
23083;616;46;1.56;1.56;24.31;85
23098;618;46;1.56;1.56;24.31;85
23115;619;46;1.56;1.56;24.31;86
23123;620;46;1.56;1.56;24.31;86
23135;622;46;1.56;1.56;24.31;86
23144;623;46;1.56;1.56;24.31;86
23151;624;46;1.56;1.56;24.31;86
23163;625;46;1.56;1.56;24.31;86
23175;626;46;1.56;1.56;24.31;85
23184;626;46;1.56;1.56;24.31;85
23197;627;46;1.56;1.56;24.31;85
23214;628;46;1.56;1.56;24.31;85
23224;628;46;1.56;1.56;24.31;85
23235;628;46;1.56;1.56;24.31;85
23244;628;46;1.56;1.56;24.31;85
23254;628;46;1.56;1.56;24.31;85
23264;628;46;1.56;1.56;24.31;85
23275;628;46;1.56;1.56;24.31;85
23282;628;46;1.56;1.56;24.31;85
23303;628;46;1.56;1.56;24.31;85
23314;628;46;1.56;1.56;24.31;86
23323;628;46;1.56;1.56;24.31;86
23336;628;46;1.56;1.56;24.31;86
23354;627;46;1.56;1.56;24.31;86
23362;627;46;1.56;1.56;24.31;86
23374;627;46;1.56;1.56;24.31;86
23384;627;46;1.56;1.56;24.31;85
23398;627;46;1.56;1.56;24.31;85
23415;627;46;1.56;1.56;24.31;85
23423;627;46;1.56;1.56;24.31;85
23433;627;46;1.56;1.56;24.31;85
23445;627;46;1.56;1.56;24.31;85
23455;627;46;1.56;1.56;24.31;85
23464;628;46;1.56;1.56;24.31;85
23474;628;46;1.56;1.56;24.31;85
23481;628;46;1.56;1.56;24.31;85
23497;628;46;1.56;1.56;24.31;85
23516;628;46;1.56;1.56;24.31;85
23524;629;46;1.56;1.56;24.31;85
23535;629;46;1.56;1.56;24.31;85
23543;630;46;1.56;1.56;24.31;85
23555;630;46;1.56;1.56;24.31;85
23563;631;46;1.56;1.56;24.31;85
23575;630;46;1.56;1.56;24.31;85
23584;629;46;1.56;1.56;24.31;85
23598;628;46;1.56;1.56;24.31;85
23615;627;46;1.56;1.56;24.31;85
23624;627;46;1.56;1.56;24.31;85
23633;626;46;1.56;1.56;24.31;85
23645;626;46;1.56;1.56;24.31;85
23654;626;46;1.56;1.56;24.31;85
23663;625;46;1.56;1.56;24.31;85
23676;625;46;1.56;1.56;24.31;85
23698;625;46;1.56;1.56;24.31;85
23717;625;46;1.56;2.34;24.31;85
23736;625;46;1.56;2.34;24.71;85
23742;626;46;1.56;2.34;24.71;85
23755;626;46;1.56;2.34;24.71;85
23764;627;46;1.56;2.34;24.71;85
23775;627;46;1.56;2.34;24.71;85
23783;628;46;1.56;2.34;24.71;85
23798;628;46;1.56;2.34;24.71;85
23816;628;46;1.56;2.34;24.71;86
23823;628;46;1.56;2.34;24.71;86
23835;629;46;1.56;2.34;24.71;86
23844;629;46;1.56;2.34;24.71;86
23854;629;46;1.56;2.34;24.71;86
23863;630;46;1.56;2.34;24.71;86
23874;631;46;1.56;2.34;24.71;86
23884;632;46;1.56;2.34;24.71;86
23903;632;46;1.56;2.34;24.71;86
23917;633;46;1.56;2.34;24.71;86
23934;634;46;1.56;2.34;24.71;86
23942;633;46;1.56;2.34;24.71;86
23956;631;46;1.56;2.34;24.71;86
23963;630;46;1.56;2.34;24.71;86
23975;628;46;1.56;2.34;24.71;86
23984;627;46;1.56;2.34;24.71;86
24000;625;46;1.56;2.34;24.71;86
24016;625;46;1.56;2.34;24.71;86
24025;624;46;1.56;2.34;24.71;86
24033;623;46;1.56;2.34;24.71;86
24042;623;46;1.56;2.34;24.71;86
24055;622;46;1.56;2.34;24.71;86
24063;622;46;1.56;2.34;24.71;86
24076;622;46;1.56;2.34;24.71;86
24084;623;46;1.56;2.34;24.71;85
24099;624;46;1.56;2.34;24.71;85
24116;625;46;1.56;2.34;24.71;85
24122;626;46;1.56;2.34;24.71;85
24135;627;46;1.56;2.34;24.71;85
24146;627;46;1.56;2.34;24.71;85
24154;628;46;1.56;2.34;24.71;85
24165;628;46;1.56;2.34;24.71;85
24175;629;46;1.56;2.34;24.71;85
24184;629;46;1.56;2.34;24.71;85
24198;630;46;1.56;2.34;24.71;85
24216;629;46;1.56;2.34;24.71;85
24232;628;46;1.56;2.34;24.71;86
24242;627;46;1.56;2.34;24.71;86
24254;626;46;1.56;2.34;24.71;86
24263;625;46;1.56;2.34;24.71;86
24274;624;46;1.56;2.34;24.71;86
24282;624;46;1.56;2.34;25.10;86
24300;624;46;1.56;2.34;25.10;85
24316;625;46;1.56;2.34;25.10;85
24334;625;46;1.56;2.34;25.10;85
24343;626;46;2.34;2.34;25.10;85
24354;626;46;2.34;2.34;25.10;85
24365;626;46;2.34;2.34;25.10;85
24376;626;46;2.34;2.34;25.10;86
24384;626;46;2.34;2.34;25.10;86
24399;626;46;2.34;2.34;25.10;86
24416;627;46;2.34;2.34;25.10;86
24425;627;46;2.34;2.34;25.10;86
24436;627;46;2.34;2.34;25.10;86
24445;628;46;2.34;2.34;25.10;86
24455;629;46;2.34;2.34;25.10;86
24463;630;46;2.34;2.34;25.10;86
24475;630;46;2.34;2.34;25.10;86
24484;631;46;2.34;2.34;25.10;86
24499;631;46;2.34;2.34;25.10;86
24516;631;46;2.34;2.34;25.10;86
24524;630;46;2.34;2.34;25.10;86
24534;630;46;2.34;2.34;25.10;86
24543;630;46;2.34;2.34;25.10;86
24556;630;46;2.34;2.34;25.10;86
24575;629;46;2.34;2.34;25.10;86
24584;628;46;2.34;2.34;25.10;85
24598;627;46;2.34;2.34;25.10;85
24615;626;46;2.34;2.34;25.10;85
24625;625;46;3.13;2.34;25.10;85
24633;624;46;3.13;2.34;25.10;85
24642;624;46;3.13;2.34;25.10;85
24653;625;46;3.13;2.34;25.10;85
24664;626;46;3.13;2.34;25.10;85
24675;626;46;3.13;2.34;25.10;85
24683;627;46;3.13;2.34;25.10;85
24701;627;46;3.13;1.56;25.10;85
24716;627;46;3.13;1.56;25.10;85
24724;626;46;3.13;1.56;25.10;85
24736;625;46;3.13;1.56;25.10;85
24745;624;46;3.13;1.56;25.10;85
24753;623;46;3.13;1.56;25.10;85
24764;623;46;3.13;1.56;25.10;85
24773;623;46;3.13;1.56;25.10;85
24784;624;46;3.13;1.56;25.10;86
24798;624;46;3.13;1.56;25.10;86
24815;624;46;3.13;1.56;25.10;86
24824;625;46;3.13;1.56;25.10;86
24835;625;46;3.13;1.56;25.10;86
24845;626;46;3.13;1.56;25.10;86
24855;627;46;3.13;1.56;25.10;86
24863;628;46;3.13;1.56;25.10;86
24875;629;46;3.13;1.56;25.10;86
24884;630;46;2.34;1.56;25.10;86
24905;631;46;2.34;2.34;25.10;86
24916;631;46;2.34;2.34;25.10;86
24935;630;46;2.34;2.34;25.10;86
24944;629;46;2.34;2.34;25.10;86
24956;629;46;2.34;2.34;25.10;86
24964;628;46;2.34;2.34;25.10;86
24975;627;46;2.34;2.34;25.10;86
24983;627;46;2.34;2.34;25.49;86
25000;626;46;2.34;2.34;25.49;86
25015;626;46;2.34;2.34;25.49;86
25024;626;46;2.34;2.34;25.49;86
25035;625;46;3.13;2.34;25.49;86
25044;625;46;3.13;2.34;25.49;86
25054;625;46;3.13;2.34;25.49;86
25063;626;46;3.13;2.34;25.49;86
25075;627;46;3.13;2.34;25.49;86
25083;628;46;3.13;2.34;25.49;86
25099;629;46;3.13;2.34;25.49;86
25114;630;46;3.13;2.34;25.49;86
25123;630;46;3.13;2.34;25.49;86
25134;630;46;3.13;2.34;25.49;86
25144;630;46;3.13;2.34;25.49;86
25155;630;46;3.13;2.34;25.49;86
25164;631;46;3.13;2.34;25.49;86
25176;631;46;3.13;2.34;25.49;86
25200;631;46;3.13;2.34;25.10;86
25217;632;46;3.13;2.34;25.10;86
25234;632;46;3.13;2.34;25.10;86
25244;632;46;3.13;2.34;25.10;86
25253;633;46;3.13;2.34;25.10;86
25266;633;46;3.13;2.34;25.10;86
25275;632;46;3.13;2.34;25.10;86
25285;632;46;3.13;2.34;25.10;86
25300;631;46;3.13;2.34;25.10;86
25314;631;46;3.13;2.34;25.10;86
25324;630;46;3.13;2.34;25.10;86
25337;630;46;3.13;2.34;25.10;86
25355;630;46;3.13;2.34;25.10;86
25364;629;46;3.13;2.34;25.10;86
25376;629;46;3.13;2.34;25.10;86
25383;629;46;3.13;2.34;25.10;86
25399;629;46;3.13;2.34;25.10;86
25416;629;46;3.13;2.34;25.10;86
25422;630;46;3.13;2.34;25.10;86
25435;631;46;3.13;2.34;25.10;86
25444;633;46;3.13;2.34;25.10;86
25455;634;46;3.13;2.34;25.10;86
25464;635;46;3.13;2.34;25.10;86
25475;636;46;3.13;2.34;25.10;86
25483;635;46;3.13;2.34;25.10;86
25501;634;46;3.13;2.34;25.10;86
25517;633;46;3.13;2.34;25.10;86
25534;631;46;3.13;2.34;25.10;86
25544;630;46;3.13;2.34;25.10;86
25553;629;46;3.13;2.34;25.10;86
25564;629;46;3.13;2.34;25.10;86
25576;629;46;3.13;2.34;25.10;86
25585;629;46;3.13;2.34;25.10;86
25598;629;46;3.13;2.34;25.10;86
25616;630;46;3.13;2.34;25.10;86
25625;630;46;3.13;2.34;25.10;86
25636;630;46;3.13;2.34;25.10;86
25655;629;46;3.13;2.34;25.10;86
25664;629;46;3.13;2.34;25.10;86
25676;629;46;3.13;2.34;25.10;86
25682;629;46;3.13;2.34;25.10;86
25700;629;46;3.13;2.34;25.10;86
25714;628;46;3.13;2.34;25.10;86
25723;628;46;3.13;2.34;25.10;86
25733;627;46;3.13;2.34;25.10;86
25744;627;46;3.13;2.34;25.10;86
25756;626;46;3.13;2.34;25.10;86
25765;626;46;3.13;2.34;25.10;86
25775;626;46;3.13;2.34;25.49;86
25785;627;46;3.13;2.34;25.49;86
25798;628;46;3.13;2.34;25.49;86
25816;629;46;3.13;2.34;25.49;86
25825;629;46;3.13;2.34;25.49;86
25834;630;46;3.13;2.34;25.49;86
25843;632;46;3.13;2.34;25.49;86
25857;633;46;3.13;2.34;25.49;86
25875;634;46;3.13;2.34;25.49;86
25885;636;46;3.13;2.34;25.49;86
25908;637;46;3.13;2.34;25.49;86
25923;638;46;3.13;2.34;25.49;86
25936;637;46;3.13;2.34;25.49;86
25943;637;46;3.13;2.34;25.49;86
25955;636;46;3.13;2.34;25.49;86
25964;635;46;3.13;2.34;25.49;86
25976;634;46;3.13;2.34;25.49;86
25985;633;46;3.13;2.34;25.49;86
26001;633;46;3.13;2.34;25.10;86
26016;634;46;3.13;2.34;25.10;86
26023;635;46;3.13;2.34;25.10;86
26034;635;46;3.13;2.34;25.10;86
26045;636;46;3.13;2.34;25.10;86
26057;636;46;3.13;2.34;25.10;86
26073;637;46;3.13;2.34;25.10;86
26083;637;46;3.13;2.34;25.10;86
26101;637;46;3.13;2.34;25.10;86
26116;637;46;3.13;2.34;25.10;86
26124;637;46;2.34;2.34;25.10;86
26134;638;46;2.34;2.34;25.10;86
26146;636;46;2.34;2.34;25.10;86
26154;635;46;2.34;2.34;25.10;86
26166;634;46;2.34;2.34;25.10;86
26176;633;46;2.34;2.34;25.10;86
26185;631;46;2.34;2.34;25.10;86
26197;630;46;2.34;2.34;25.10;86
26215;630;46;2.34;2.34;25.10;86
26225;629;46;2.34;2.34;25.10;86
26233;628;46;2.34;2.34;25.10;86
26244;628;46;2.34;2.34;25.10;86
26253;627;46;2.34;2.34;25.10;86
26263;627;46;2.34;2.34;25.10;86
26273;627;46;2.34;2.34;25.10;86
26284;626;46;2.34;2.34;25.10;86
26301;626;46;2.34;2.34;25.10;86
26314;626;46;2.34;2.34;25.10;86
26325;625;46;2.34;2.34;25.10;86
26334;625;46;2.34;2.34;25.10;86
26343;626;46;2.34;2.34;25.10;86
26354;626;46;2.34;2.34;25.10;86
26364;627;46;2.34;2.34;25.10;86
26374;628;46;2.34;2.34;25.10;86
26385;629;46;2.34;2.34;25.10;86
26399;630;46;2.34;2.34;25.10;86
26417;629;46;2.34;2.34;25.49;86
26433;629;46;2.34;2.34;25.49;86
26446;629;46;2.34;2.34;25.49;86
26455;629;46;2.34;2.34;25.49;86
26464;629;46;2.34;2.34;25.49;86
26474;628;46;2.34;2.34;25.49;86
26485;628;46;2.34;2.34;25.49;86
26500;627;46;2.34;2.34;25.49;86
26513;626;46;2.34;2.34;25.49;86
26525;626;46;2.34;2.34;25.49;86
26537;625;46;2.34;2.34;25.49;86
26555;624;46;2.34;2.34;25.49;86
26564;625;46;2.34;2.34;25.49;86
26575;626;46;2.34;2.34;25.49;86
26584;627;46;2.34;2.34;25.49;86
26598;629;46;2.34;2.34;25.49;86
26613;630;46;2.34;2.34;25.49;86
26624;631;46;2.34;2.34;25.49;86
26635;630;46;2.34;2.34;25.49;86
26643;629;46;2.34;2.34;25.49;86
26656;628;46;2.34;2.34;25.49;86
26665;628;46;2.34;2.34;25.49;86
26673;627;46;2.34;2.34;25.49;86
26683;626;46;2.34;1.56;25.49;86
26700;627;46;2.34;1.56;25.49;86
26714;627;46;2.34;1.56;25.49;86
26723;628;46;2.34;1.56;25.49;86
26735;628;46;2.34;1.56;25.49;86
26744;628;46;2.34;1.56;25.49;86
26755;629;46;2.34;1.56;25.49;86
26763;629;46;2.34;1.56;25.49;86
26775;629;46;2.34;1.56;25.49;86
26784;629;46;2.34;1.56;25.49;86
26798;630;46;2.34;1.56;25.49;86
26813;630;46;2.34;1.56;25.49;86
26824;630;46;2.34;1.56;25.49;86
26833;630;46;2.34;1.56;25.49;86
26844;630;46;2.34;1.56;25.49;86
26854;630;46;2.34;1.56;25.49;86
26863;630;46;2.34;1.56;25.49;86
26874;631;46;2.34;1.56;25.49;86
26886;631;46;2.34;1.56;25.49;86
26908;630;46;2.34;1.56;25.49;86
26924;630;46;2.34;1.56;25.49;86
26935;630;46;2.34;1.56;25.49;86
26943;630;46;2.34;1.56;25.49;86
26954;630;46;1.56;1.56;25.49;86
26964;630;46;1.56;1.56;25.49;86
26973;630;46;1.56;1.56;25.49;86
26986;629;46;1.56;1.56;25.49;86
26998;629;46;1.56;1.56;25.49;86
27015;629;46;1.56;1.56;25.49;86
27024;629;46;1.56;1.56;25.49;86
27033;629;46;1.56;1.56;25.49;86
27045;630;46;1.56;1.56;25.49;86
27054;630;46;1.56;1.56;25.49;86
27065;630;46;1.56;1.56;25.49;86
27073;631;46;1.56;1.56;25.49;86
27084;631;46;1.56;1.56;25.49;86
27099;632;46;1.56;1.56;25.49;86
27115;632;46;1.56;1.56;25.49;86
27125;633;46;1.56;1.56;25.49;86
27135;633;46;1.56;1.56;25.49;86
27143;634;46;1.56;1.56;25.49;86
27153;635;46;1.56;1.56;25.49;86
27165;635;46;1.56;1.56;25.49;86
27174;634;46;1.56;1.56;25.49;86
27183;634;46;1.56;1.56;25.49;86
27200;633;46;1.56;1.56;25.49;86
27213;632;46;1.56;1.56;25.49;86
27224;631;46;1.56;1.56;25.49;86
27233;631;46;1.56;1.56;25.49;86
27246;630;46;1.56;1.56;25.49;86
27255;629;46;1.56;1.56;25.49;86
27265;628;46;1.56;1.56;25.49;86
27274;626;46;1.56;1.56;25.49;86
27285;625;46;1.56;1.56;25.49;86
27301;624;46;1.56;1.56;25.49;86
27316;626;46;1.56;1.56;25.49;86
27326;627;46;1.56;1.56;25.49;86
27346;628;46;1.56;1.56;25.49;86
27364;629;46;1.56;1.56;25.49;86
27375;630;46;1.56;1.56;25.49;86
27384;631;46;1.56;1.56;25.49;86
27401;631;46;1.56;1.56;25.49;86
27415;631;46;1.56;1.56;25.49;86
27423;631;46;1.56;1.56;25.49;86
27435;631;46;1.56;1.56;25.49;86
27444;631;46;2.34;1.56;25.49;86
27456;631;46;2.34;1.56;25.49;86
27465;630;46;2.34;1.56;25.49;86
27474;630;46;2.34;1.56;25.49;86
27484;630;46;2.34;1.56;25.49;86
27502;630;46;2.34;1.56;25.49;86
27516;629;46;2.34;1.56;25.49;86
27523;629;46;2.34;1.56;25.49;86
27535;629;46;2.34;1.56;25.49;86
27543;629;46;2.34;1.56;25.49;86
27556;630;46;2.34;1.56;25.49;86
27564;630;46;2.34;1.56;25.49;86
27574;630;46;2.34;1.56;25.49;86
27582;630;46;2.34;1.56;25.49;86
27597;630;46;2.34;1.56;25.49;86
27615;630;46;2.34;1.56;25.49;86
27623;630;46;2.34;1.56;25.49;86
27631;630;46;2.34;1.56;25.49;86
27644;630;46;2.34;1.56;25.49;86
27653;630;46;2.34;1.56;25.49;86
27664;630;46;2.34;1.56;25.49;86
27675;631;46;2.34;1.56;25.49;86
27685;631;46;2.34;1.56;25.49;86
27699;631;46;2.34;1.56;25.49;86
27716;631;46;1.56;1.56;25.49;86
27725;631;46;1.56;1.56;25.49;86
27735;632;46;1.56;1.56;25.49;86
27743;632;46;1.56;1.56;25.49;86
27755;632;46;1.56;1.56;25.49;86
27763;632;46;1.56;1.56;25.49;86
27776;632;46;1.56;1.56;25.49;86
27785;633;46;1.56;1.56;25.49;86
27799;632;46;1.56;1.56;25.49;86
27815;631;46;1.56;1.56;25.49;86
27823;630;46;1.56;1.56;25.49;86
27834;630;46;1.56;1.56;25.49;86
27843;629;46;1.56;1.56;25.49;86
27855;628;46;1.56;1.56;25.49;86
27864;629;46;1.56;1.56;25.49;86
27876;629;46;1.56;1.56;25.49;86
27885;629;46;1.56;1.56;25.49;86
27905;630;46;1.56;1.56;25.49;86
27914;630;46;1.56;1.56;25.49;86
27923;631;46;1.56;1.56;25.49;86
27935;631;46;1.56;1.56;25.49;86
27945;631;46;1.56;1.56;25.49;86
27953;631;46;1.56;1.56;25.49;86
27962;631;46;1.56;1.56;25.49;86
27974;632;46;1.56;1.56;25.49;86
27983;632;46;1.56;1.56;25.49;86
27999;633;46;1.56;1.56;25.10;86
28015;633;46;1.56;1.56;25.10;86
28022;634;46;1.56;1.56;25.10;86
28035;635;46;1.56;1.56;25.10;86
28043;635;46;1.56;1.56;25.10;86
28054;636;46;1.56;1.56;25.10;86
28062;636;46;1.56;1.56;25.10;86
28075;635;46;1.56;1.56;25.10;86
28084;635;46;1.56;1.56;25.10;86
28097;635;46;1.56;1.56;25.10;86
28114;634;46;2.34;1.56;25.10;86
28122;634;46;2.34;1.56;25.10;86
28136;634;46;2.34;1.56;25.10;86
28145;634;46;2.34;1.56;25.10;86
28155;634;46;2.34;1.56;25.10;86
28164;634;46;2.34;1.56;25.10;86
28176;634;46;2.34;1.56;25.10;86
28183;633;46;2.34;1.56;25.10;86
28199;632;46;2.34;1.56;25.10;86
28215;631;46;2.34;1.56;25.10;86
28222;630;46;2.34;1.56;25.10;86
28235;629;46;2.34;1.56;25.10;86
28243;628;46;2.34;1.56;25.10;86
28252;626;46;2.34;1.56;25.10;86
28265;627;46;2.34;1.56;25.10;86
28275;628;46;2.34;1.56;25.10;86
28283;628;46;2.34;1.56;25.10;86
28299;629;46;2.34;1.56;25.10;86
28314;630;46;2.34;1.56;25.10;86
28323;630;46;2.34;1.56;25.10;86
28336;630;46;2.34;1.56;25.10;86
28344;631;46;2.34;1.56;25.10;86
28352;631;46;2.34;1.56;25.10;86
28363;631;46;2.34;1.56;25.10;86
28375;631;46;2.34;1.56;25.10;86
28383;631;46;2.34;0.78;25.10;86
28398;631;46;2.34;0.78;25.10;86
28416;631;46;2.34;0.78;25.10;86
28422;631;46;2.34;0.78;25.10;86
28434;630;46;2.34;0.78;25.10;86
28445;630;46;2.34;0.78;25.10;86
28454;630;46;2.34;0.78;25.10;86
28463;631;46;2.34;0.78;25.10;86
28473;631;46;2.34;0.78;25.10;86
28483;632;46;2.34;0.78;25.10;86
28499;632;46;2.34;0.78;25.10;86
28516;633;46;2.34;0.78;25.10;86
28533;633;46;2.34;0.78;25.10;86
28543;633;46;2.34;0.78;25.10;86
28552;632;46;2.34;0.78;25.10;86
28564;632;46;2.34;0.78;25.10;86
28576;631;46;2.34;0.78;25.10;86
28582;631;46;2.34;0.78;25.10;86
28601;631;46;2.34;0.78;25.10;86
28615;631;46;2.34;0.78;25.10;86
28623;630;46;2.34;0.78;25.10;86
28635;630;46;2.34;0.78;25.10;86
28647;630;46;2.34;0.78;25.10;86
28665;630;46;2.34;0.78;25.10;86
28676;630;46;2.34;0.78;25.10;86
28685;631;46;2.34;0.78;25.10;86
28699;631;46;2.34;0.78;25.10;86
28713;632;46;2.34;0.78;25.10;86
28725;632;46;2.34;0.78;25.10;86
28734;632;46;2.34;0.78;25.10;86
28743;633;46;2.34;0.78;25.10;86
28755;633;46;2.34;0.78;25.10;86
28765;634;46;2.34;0.78;25.10;86
28775;634;46;2.34;0.78;25.10;86
28784;634;46;2.34;0.78;25.10;86
28800;635;46;2.34;0.78;25.10;86
28815;635;46;2.34;0.78;25.10;86
28824;635;46;2.34;0.78;25.10;86
28833;635;46;2.34;0.78;25.10;86
28842;635;46;2.34;0.78;25.10;86
28854;635;46;2.34;0.78;25.10;86
28863;635;46;2.34;0.78;25.10;86
28875;635;46;2.34;0.78;25.10;86
28883;635;46;2.34;0.78;25.10;86
28905;635;46;2.34;0.78;25.10;86
28913;635;46;2.34;0.78;25.10;86
28923;634;46;2.34;0.78;25.10;86
28935;634;46;2.34;0.78;25.10;86
28944;634;46;2.34;0.78;25.10;86
28953;633;46;2.34;0.78;25.10;86
28965;632;46;2.34;0.78;25.10;86
28974;631;46;2.34;0.78;25.10;86
28983;630;46;2.34;0.78;25.10;86
29000;629;46;2.34;0.78;25.10;86
29015;628;46;2.34;0.78;25.10;86
29024;629;46;2.34;0.78;25.10;86
29033;630;46;2.34;0.78;25.10;86
29044;631;46;2.34;0.78;25.10;86
29057;632;46;2.34;0.78;25.10;86
29072;633;46;2.34;0.78;25.10;86
29083;634;46;2.34;1.56;25.10;86
29100;634;46;2.34;1.56;25.10;86
29114;634;46;2.34;1.56;25.10;86
29123;634;46;2.34;1.56;25.10;86
29132;634;46;2.34;1.56;25.10;86
29145;634;46;2.34;1.56;25.10;86
29154;633;46;2.34;1.56;25.10;86
29163;632;46;2.34;1.56;25.10;86
29175;631;46;2.34;1.56;25.10;86
29184;630;46;2.34;1.56;25.10;86
29200;629;46;2.34;1.56;25.10;86
29214;628;46;1.56;1.56;25.10;86
29223;627;46;1.56;1.56;25.10;86
29232;628;46;1.56;1.56;25.10;86
29244;629;46;1.56;1.56;25.10;86
29254;630;46;1.56;1.56;25.10;86
29264;630;46;1.56;1.56;25.10;86
29274;631;46;1.56;1.56;25.10;86
29283;632;46;1.56;1.56;25.10;86
29299;631;46;1.56;1.56;25.10;86
29312;631;46;1.56;1.56;25.10;86
29323;630;46;1.56;1.56;25.10;86
29334;629;46;1.56;1.56;25.10;86
29344;629;46;1.56;1.56;25.10;86
29353;628;46;1.56;1.56;25.10;86
29364;629;46;1.56;1.56;25.10;86
29374;629;46;1.56;1.56;25.10;86
29383;630;46;1.56;1.56;25.10;86
29399;631;46;1.56;1.56;25.10;86
29415;631;46;0.78;1.56;25.10;86
29424;632;46;0.78;1.56;25.10;86
29432;633;46;0.78;1.56;25.10;86
29443;633;46;0.78;1.56;25.10;86
29455;634;46;0.78;1.56;25.10;86
29464;634;46;0.78;1.56;25.10;86
29476;634;46;0.78;1.56;25.10;86
29500;635;46;0.78;1.56;25.10;86
29514;634;46;0.78;1.56;25.10;86
29526;634;46;0.78;1.56;25.10;86
29534;633;46;0.78;1.56;25.10;86
29544;633;46;0.78;1.56;25.10;86
29555;632;46;0.78;1.56;25.10;86
29564;632;46;0.78;1.56;25.10;86
29576;631;46;0.78;1.56;25.10;86
29582;630;46;0.78;1.56;25.10;86
29600;630;46;0.78;1.56;25.10;86
29614;629;46;0.78;1.56;25.10;86
29624;629;46;0.78;1.56;25.10;86
29634;628;46;0.78;1.56;25.10;86
29643;628;46;0.78;1.56;25.10;86
29656;628;46;0.78;1.56;25.10;86
29674;628;46;0.78;1.56;25.10;86
29682;628;46;0.78;1.56;25.10;86
29700;628;46;0.78;1.56;25.10;86
29716;628;46;0.78;1.56;25.10;86
29724;627;46;0.78;1.56;25.10;86
29733;627;46;0.78;1.56;25.10;86
29744;627;46;0.78;1.56;25.10;86
29754;627;46;0.78;1.56;25.10;86
29764;627;46;0.78;1.56;25.10;86
29776;627;46;0.78;1.56;25.10;86
29784;628;46;0.78;1.56;25.49;86
29800;629;46;0.78;1.56;25.49;86
29815;630;46;0.78;1.56;25.49;86
29823;631;46;0.78;1.56;25.49;86
29835;632;46;0.78;1.56;25.49;86
29843;633;46;0.78;1.56;25.49;86
29854;631;46;0.78;1.56;25.49;86
29864;629;46;0.78;1.56;25.49;86
29873;627;46;0.78;1.56;25.49;86
29884;625;46;0.78;1.56;25.49;86
29906;623;46;0.78;1.56;25.49;86
29914;621;46;0.78;1.56;25.49;86
29923;620;46;0.78;1.56;25.49;86
29934;620;46;0.78;1.56;25.49;86
29945;620;46;0.78;1.56;25.49;86
29954;619;46;0.78;1.56;25.49;86
29962;619;46;0.78;1.56;25.49;86
29977;619;46;0.78;1.56;25.49;86
30001;621;46;0.78;1.56;25.49;86
30018;624;46;0.78;1.56;25.49;86
30035;626;46;0.78;1.56;25.49;86
30042;629;46;0.78;1.56;25.49;86
30054;631;46;0.78;1.56;25.49;86
30063;634;46;0.78;1.56;25.49;86
30077;633;46;0.78;1.56;25.49;86
30099;633;46;0.78;1.56;25.49;86
30114;632;46;0.78;1.56;25.49;86
30123;631;46;0.78;1.56;25.49;86
30137;631;46;0.78;1.56;25.49;86
30154;630;46;0.78;1.56;25.49;86
30165;630;46;0.78;1.56;25.49;86
30173;630;46;0.78;1.56;25.49;86
30184;629;46;0.78;1.56;25.49;86
30199;629;46;0.78;1.56;25.49;86
30213;629;46;1.56;1.56;25.49;86
30225;628;46;1.56;1.56;25.49;86
30235;628;46;1.56;1.56;25.49;86
30243;627;46;1.56;1.56;25.49;86
30254;626;46;1.56;1.56;25.49;86
30265;626;46;1.56;1.56;25.49;86
30275;625;46;1.56;1.56;25.49;86
30284;625;46;1.56;1.56;25.49;86
30302;625;46;1.56;1.56;25.49;86
30314;625;46;1.56;1.56;25.49;86
30326;625;46;1.56;1.56;25.49;86
30334;625;46;1.56;1.56;25.49;86
30344;624;46;1.56;1.56;25.49;86
30354;624;46;1.56;1.56;25.49;86
30366;626;46;1.56;1.56;25.49;86
30375;628;46;1.56;1.56;25.49;86
30385;630;46;1.56;1.56;25.49;86
30401;631;46;1.56;1.56;25.49;86
30414;633;46;1.56;1.56;25.49;86
30424;635;46;1.56;1.56;25.49;86
30433;634;46;1.56;1.56;25.49;86
30443;633;46;1.56;1.56;25.49;86
30455;632;46;1.56;1.56;25.49;86
30465;631;46;1.56;1.56;25.49;86
30473;630;46;1.56;1.56;25.49;86
30485;629;46;1.56;1.56;25.49;86
30502;628;46;1.56;1.56;25.49;86
30514;627;46;1.56;1.56;25.49;86
30523;626;46;1.56;1.56;25.49;86
30534;625;46;1.56;1.56;25.49;86
30543;624;46;2.34;1.56;25.49;86
30555;623;46;2.34;1.56;25.49;86
30565;624;46;2.34;1.56;25.49;86
30574;625;46;2.34;1.56;25.49;86
30583;626;46;2.34;1.56;25.49;86
30597;627;46;2.34;1.56;25.49;86
30616;627;46;2.34;1.56;25.49;86
30633;628;46;2.34;1.56;25.49;86
30645;629;46;2.34;1.56;25.49;86
30654;629;46;2.34;1.56;25.49;86
30666;629;46;2.34;1.56;25.49;86
30675;629;46;2.34;1.56;25.49;86
30683;629;46;2.34;1.56;25.49;86
30700;630;46;2.34;0.78;25.49;86
30714;630;46;2.34;0.78;25.49;86
30724;630;46;2.34;0.78;25.49;86
30733;630;46;2.34;0.78;25.49;86
30745;630;46;2.34;0.78;25.49;86
30754;630;46;2.34;0.78;25.49;86
30764;630;46;2.34;0.78;25.49;86
30774;630;46;2.34;0.78;25.49;86
30784;629;46;2.34;0.78;25.49;86
30797;629;46;2.34;0.78;25.49;86
30814;628;46;2.34;0.78;25.49;86
30823;628;46;2.34;0.78;25.49;86
30834;627;46;2.34;0.78;25.49;86
30841;627;46;2.34;0.78;25.49;86
30856;627;46;2.34;0.78;25.49;86
30865;627;46;2.34;0.78;25.49;86
30874;626;46;2.34;0.78;25.49;86
30883;626;46;2.34;0.78;25.49;86
30906;626;46;2.34;0.78;25.49;86
30921;627;46;2.34;0.78;25.49;86
30933;628;46;2.34;0.78;25.49;86
30944;629;46;2.34;0.78;25.49;86
30957;630;46;2.34;0.78;25.49;86
30975;631;46;2.34;0.78;25.49;86
30983;632;46;2.34;1.56;25.49;86
30999;631;46;2.34;1.56;25.49;86
31013;630;46;2.34;1.56;25.49;86
31026;630;46;2.34;1.56;25.49;86
31032;629;46;2.34;1.56;25.49;86
31044;628;46;2.34;1.56;25.49;86
31053;627;46;2.34;1.56;25.49;86
31061;627;46;2.34;1.56;25.49;86
31074;626;46;2.34;1.56;25.49;86
31082;625;46;2.34;1.56;25.49;86
31100;624;46;2.34;1.56;25.49;86
31112;624;46;2.34;1.56;25.49;86
31122;623;46;2.34;1.56;25.49;86
31134;624;46;2.34;1.56;25.49;86
31145;624;46;2.34;1.56;25.49;86
31154;625;46;2.34;1.56;25.49;86
31163;626;46;2.34;1.56;25.49;86
31174;626;46;2.34;1.56;25.49;86
31185;627;46;2.34;1.56;25.49;86
31199;628;46;2.34;1.56;25.49;86
31214;629;46;2.34;1.56;25.49;86
31221;629;46;2.34;1.56;25.49;86
31233;630;46;2.34;1.56;25.49;86
31243;631;46;2.34;1.56;25.49;86
31253;631;46;2.34;1.56;25.49;86
31264;632;46;2.34;1.56;25.49;86
31276;632;46;2.34;1.56;25.49;86
31298;632;46;2.34;1.56;25.49;86
31313;633;46;2.34;1.56;25.49;86
31322;633;46;3.13;1.56;25.49;86
31336;633;46;3.13;1.56;25.49;86
31354;632;46;3.13;1.56;25.49;86
31364;631;46;3.13;1.56;25.49;86
31372;630;46;3.13;1.56;25.49;86
31383;628;46;3.13;1.56;25.49;86
31399;627;46;3.13;1.56;25.49;86
31414;626;46;3.13;1.56;25.49;86
31423;625;46;3.13;1.56;25.49;86
31432;625;46;3.13;1.56;25.49;86
31444;625;46;3.13;1.56;25.49;86
31454;625;46;3.13;1.56;25.49;86
31463;624;46;3.13;1.56;25.49;86
31473;624;46;3.13;1.56;25.49;86
31482;625;46;3.13;1.56;25.49;86
31500;625;46;3.13;1.56;25.49;86
31514;626;46;3.13;1.56;25.49;86
31522;627;46;3.13;1.56;25.49;86
31533;627;46;3.13;1.56;25.49;86
31542;628;46;3.13;1.56;25.49;86
31553;628;46;3.13;1.56;25.49;86
31562;628;46;3.13;1.56;25.49;86
31574;628;46;3.13;1.56;25.49;86
31581;628;46;3.13;1.56;25.49;86
31598;628;46;3.13;1.56;25.49;86
31611;627;46;3.13;1.56;25.49;86
31622;627;46;3.13;1.56;25.49;86
31633;626;46;3.13;1.56;25.49;86
31642;625;46;3.13;1.56;25.49;86
31653;624;46;3.13;1.56;25.49;86
31666;624;46;3.13;1.56;25.49;86
31674;623;46;3.13;1.56;25.49;86
31683;623;46;3.13;1.56;25.49;86
31702;623;46;3.13;1.56;25.49;86
31715;623;46;3.13;1.56;25.49;86
31722;623;46;3.13;1.56;25.49;86
31732;624;46;3.13;1.56;25.49;86
31741;624;46;3.13;1.56;25.49;86
31752;625;46;3.13;1.56;25.49;86
31761;627;46;3.13;1.56;25.49;86
31774;629;46;3.13;1.56;25.49;86
31783;631;46;3.13;1.56;25.49;86
31797;633;46;3.13;1.56;25.49;86
31813;635;46;3.13;2.34;25.49;86
31822;634;46;3.13;2.34;25.49;86
31835;634;46;3.13;2.34;25.49;86
31843;633;46;3.13;2.34;25.49;86
31855;633;46;3.13;2.34;25.49;86
31861;632;46;3.13;2.34;25.49;86
31873;632;46;3.13;2.34;25.49;86
31885;632;46;3.13;2.34;25.49;86
31907;631;46;3.13;2.34;25.49;86
31922;631;46;3.13;2.34;25.49;86
31931;630;46;3.13;2.34;25.49;86
31944;630;46;3.13;2.34;25.49;86
31952;630;46;3.13;2.34;25.49;86
31963;628;46;3.13;2.34;25.49;86
31972;627;46;3.13;2.34;25.49;86
31982;625;46;3.13;2.34;25.49;86
31999;624;46;3.13;2.34;25.49;86
32013;623;46;3.13;2.34;25.49;86
32023;621;46;3.13;2.34;25.49;86
32032;621;46;3.13;2.34;25.49;86
32043;620;46;3.13;2.34;25.49;86
32053;620;46;3.13;2.34;25.49;86
32063;620;46;3.13;2.34;25.49;86
32072;619;46;3.13;2.34;25.49;86
32083;619;46;3.13;2.34;25.49;86
32099;621;46;3.13;2.34;25.49;86
32115;622;46;3.13;2.34;25.49;86
32124;624;46;3.13;2.34;25.49;86
32132;626;46;3.13;2.34;25.49;86
32143;628;46;2.34;2.34;25.49;86
32154;630;46;2.34;2.34;25.49;86
32162;631;46;2.34;2.34;25.49;86
32175;632;46;2.34;2.34;25.49;86
32182;633;46;2.34;2.34;25.49;86
32199;635;46;2.34;2.34;25.49;86
32213;636;46;2.34;2.34;25.49;86
32224;637;46;2.34;2.34;25.49;86
32232;636;46;2.34;2.34;25.49;86
32244;635;46;2.34;2.34;25.49;86
32254;634;46;2.34;2.34;25.49;86
32263;632;46;2.34;2.34;25.49;86
32273;631;46;2.34;2.34;25.49;86
32284;630;46;2.34;1.56;25.49;86
32298;629;46;2.34;1.56;25.10;86
32313;629;46;2.34;1.56;25.10;86
32322;629;46;2.34;1.56;25.10;86
32331;629;46;2.34;1.56;25.10;86
32343;629;46;2.34;1.56;25.10;86
32352;628;46;2.34;1.56;25.10;86
32363;628;46;2.34;1.56;25.10;86
32371;627;46;2.34;1.56;25.10;86
32382;627;46;2.34;1.56;25.10;86
32399;626;46;2.34;1.56;25.10;86
32414;625;46;2.34;1.56;25.10;86
32424;625;46;2.34;1.56;25.10;86
32432;626;46;2.34;1.56;25.10;86
32441;626;46;2.34;1.56;25.10;86
32453;627;46;2.34;1.56;25.10;86
32463;628;46;2.34;1.56;25.10;86
32473;629;46;2.34;1.56;25.10;86
32484;630;46;2.34;1.56;25.10;86
32498;631;46;2.34;1.56;25.10;86
32513;631;46;2.34;1.56;25.10;86
32525;632;46;2.34;1.56;25.10;86
32534;633;46;2.34;1.56;25.10;86
32543;633;46;1.56;1.56;25.10;86
32555;634;46;1.56;1.56;25.10;86
32564;634;46;1.56;1.56;25.10;86
32573;633;46;1.56;1.56;25.10;86
32584;632;46;1.56;1.56;25.10;86
32598;632;46;1.56;1.56;25.10;86
32613;631;46;2.34;1.56;25.10;86
32624;630;46;2.34;1.56;25.10;86
32632;631;46;2.34;1.56;25.10;86
32643;631;46;2.34;1.56;25.10;86
32653;631;46;2.34;1.56;25.10;86
32662;631;46;2.34;1.56;25.10;86
32674;631;46;2.34;1.56;25.10;86
32682;631;46;2.34;1.56;25.10;86
32698;632;46;2.34;1.56;25.10;86
32714;632;46;2.34;1.56;25.10;86
32724;632;46;2.34;1.56;25.10;86
32732;633;46;2.34;1.56;25.10;86
32744;633;46;2.34;1.56;25.10;86
32752;634;46;2.34;1.56;25.10;86
32763;632;46;2.34;1.56;25.10;86
32775;631;46;2.34;1.56;25.10;86
32784;630;46;2.34;1.56;25.10;86
32799;628;46;2.34;1.56;25.10;86
32814;627;46;2.34;1.56;25.10;86
32822;625;46;2.34;1.56;25.10;86
32834;625;46;2.34;1.56;25.10;86
32842;625;46;2.34;1.56;25.10;86
32852;625;46;2.34;1.56;25.10;86
32862;625;46;2.34;1.56;25.10;86
32873;625;46;2.34;1.56;25.10;86
32882;625;46;2.34;1.56;25.10;86
32908;625;46;2.34;1.56;25.10;86
32923;624;46;2.34;1.56;25.10;86
32932;624;46;2.34;1.56;25.10;86
32942;623;46;2.34;1.56;25.10;86
32953;623;46;2.34;1.56;25.10;86
32962;622;46;2.34;1.56;25.10;86
32973;623;46;2.34;1.56;25.10;86
32983;623;46;2.34;1.56;25.10;86
32999;623;46;2.34;1.56;25.10;86
33016;624;46;2.34;1.56;25.10;86
33034;624;46;1.56;1.56;25.10;86
33043;624;46;1.56;1.56;25.10;86
33054;626;46;1.56;1.56;25.10;86
33064;627;46;1.56;1.56;25.10;86
33074;629;46;1.56;1.56;25.10;86
33083;630;46;1.56;1.56;25.10;86
33099;632;46;1.56;1.56;25.10;86
33113;633;46;1.56;1.56;25.10;86
33124;633;46;1.56;1.56;25.10;86
33134;632;46;1.56;1.56;25.10;86
33143;631;46;1.56;1.56;25.10;86
33153;630;46;1.56;1.56;25.10;86
33163;629;46;1.56;1.56;25.10;86
33172;628;46;1.56;1.56;25.10;86
33183;628;46;1.56;1.56;25.10;86
33199;627;46;1.56;1.56;25.10;86
33212;627;46;1.56;1.56;25.10;86
33223;626;46;1.56;1.56;25.10;86
33233;626;46;1.56;1.56;25.10;86
33243;625;46;1.56;1.56;25.10;86
33253;626;46;1.56;1.56;25.10;86
33263;626;46;1.56;1.56;25.10;86
33275;627;46;1.56;1.56;25.10;86
33283;627;46;1.56;1.56;25.10;86
33299;628;46;1.56;1.56;25.10;86
33312;628;46;1.56;1.56;25.10;86
33324;629;46;1.56;1.56;25.49;86
33334;629;46;1.56;1.56;25.49;86
33343;630;46;1.56;1.56;25.49;86
33354;630;46;1.56;1.56;25.49;86
33363;630;46;0.78;1.56;25.49;86
33373;631;46;0.78;1.56;25.49;86
33383;631;46;0.78;1.56;25.10;86
33401;630;46;0.78;1.56;25.10;86
33414;630;46;0.78;1.56;25.10;86
33423;630;46;0.78;1.56;25.10;86
33434;629;46;1.56;1.56;25.10;86
33442;629;46;1.56;1.56;25.10;86
33454;628;46;1.56;1.56;25.10;86
33464;627;46;1.56;1.56;25.10;86
33474;627;46;1.56;1.56;25.10;86
33483;626;46;1.56;1.56;25.10;86
33500;625;46;1.56;1.56;25.10;86
33512;625;46;1.56;1.56;25.10;86
33524;624;46;1.56;1.56;25.10;86
33533;624;46;1.56;1.56;25.10;86
33544;623;46;1.56;1.56;25.10;86
33553;623;46;1.56;1.56;25.10;86
33562;623;46;1.56;1.56;25.10;86
33576;622;46;1.56;1.56;25.10;86
33599;623;46;1.56;1.56;25.49;86
33613;623;46;1.56;1.56;25.49;86
33625;624;46;1.56;1.56;25.49;86
33632;624;46;1.56;1.56;25.49;86
33644;625;46;1.56;1.56;25.49;86
33654;625;46;1.56;0.78;25.49;86
33663;626;46;1.56;0.78;25.49;86
33672;627;46;1.56;0.78;25.49;86
33684;628;46;1.56;0.78;25.49;86
33699;628;46;1.56;0.78;25.49;86
33714;629;46;1.56;0.78;25.49;86
33723;630;46;1.56;0.78;25.49;86
33736;629;46;1.56;0.78;25.49;86
33753;628;46;1.56;0.78;25.49;86
33764;628;46;1.56;0.78;25.49;86
33772;627;46;1.56;0.78;25.49;86
33784;626;46;1.56;0.78;25.49;86
33799;625;46;1.56;0.78;25.49;86
33814;626;46;1.56;0.78;25.49;86
33823;627;46;1.56;0.78;25.49;86
33835;627;46;1.56;0.78;25.49;86
33843;628;46;1.56;0.78;25.49;86
33853;628;46;1.56;0.78;25.49;86
33865;629;46;1.56;1.56;25.49;86
33875;628;46;1.56;1.56;25.10;86
33884;628;46;1.56;1.56;25.10;86
33904;627;46;1.56;1.56;25.10;86
33914;627;46;1.56;1.56;25.10;86
33923;627;46;1.56;1.56;25.10;86
33934;626;46;1.56;1.56;25.10;86
33943;627;46;1.56;1.56;25.10;86
33953;627;46;1.56;1.56;25.10;86
33963;628;46;1.56;1.56;25.10;86
33976;629;46;1.56;1.56;25.10;86
33999;629;46;1.56;1.56;25.10;86
34014;630;46;1.56;1.56;25.10;86
34025;630;46;1.56;1.56;25.10;86
34034;630;46;1.56;1.56;25.10;86
34044;631;46;1.56;1.56;25.10;86
34053;631;46;1.56;1.56;25.10;86
34064;631;46;2.34;1.56;25.10;86
34075;631;46;2.34;1.56;25.10;86
34083;631;46;2.34;1.56;25.10;86
34099;632;46;2.34;1.56;25.10;86
34113;632;46;2.34;1.56;25.10;86
34124;632;46;2.34;1.56;25.10;86
34133;632;46;2.34;1.56;25.10;86
34144;632;46;2.34;1.56;25.10;86
34154;632;46;2.34;1.56;25.10;86
34163;632;46;2.34;1.56;25.10;86
34175;631;46;2.34;1.56;25.10;86
34183;631;46;2.34;1.56;25.10;86
34198;631;46;2.34;1.56;25.10;86
34213;631;46;2.34;1.56;25.10;86
34224;630;46;2.34;1.56;25.10;86
34233;629;46;2.34;1.56;25.10;86
34244;627;46;2.34;1.56;25.10;86
34253;626;46;2.34;1.56;25.10;86
34264;625;46;2.34;1.56;25.10;86
34274;624;46;2.34;1.56;25.10;86
34282;624;46;2.34;1.56;25.10;86
34297;624;46;2.34;1.56;25.10;86
34314;624;46;2.34;1.56;25.10;86
34326;624;46;2.34;1.56;25.10;86
34334;623;46;2.34;1.56;25.10;86
34344;623;46;2.34;1.56;25.10;86
34354;624;46;2.34;1.56;25.10;86
34363;625;46;2.34;1.56;25.10;86
34376;625;46;2.34;1.56;25.10;86
34385;626;46;2.34;1.56;25.10;86
34400;626;46;2.34;1.56;25.10;86
34413;627;46;2.34;0.78;25.10;86
34425;627;46;2.34;0.78;25.10;86
34434;626;46;2.34;0.78;25.10;86
34444;626;46;2.34;0.78;25.10;86
34456;626;46;2.34;0.78;25.10;86
34473;626;46;2.34;0.78;25.10;86
34483;626;46;2.34;0.78;25.10;86
34502;626;46;2.34;0.78;25.10;86
34514;626;46;2.34;0.78;25.10;86
34523;626;46;2.34;0.78;25.10;86
34534;626;46;2.34;0.78;25.10;86
34544;626;46;2.34;0.78;25.10;86
34554;627;46;2.34;0.78;25.10;86
34564;628;46;2.34;0.78;25.10;86
34574;628;46;2.34;0.78;25.10;86
34583;629;46;2.34;0.78;25.10;86
34597;630;46;2.34;0.78;25.10;86
34613;631;46;2.34;0.78;25.10;86
34624;632;46;2.34;0.78;25.10;86
34634;631;46;2.34;0.78;25.10;86
34645;630;46;2.34;0.78;25.10;86
34654;629;46;2.34;0.78;25.10;86
34663;629;46;2.34;0.78;25.10;86
34674;628;46;2.34;0.78;25.10;86
34683;627;46;2.34;0.78;25.10;86
34701;625;46;2.34;0.78;25.10;86
34713;624;46;2.34;0.78;25.10;86
34724;623;46;2.34;0.78;25.10;86
34733;621;46;2.34;0.78;25.10;86
34743;620;46;2.34;0.78;25.10;86
34754;618;46;2.34;0.78;25.10;86
34763;620;46;2.34;0.78;25.10;86
34774;621;46;2.34;0.78;25.10;86
34785;622;46;2.34;0.78;25.10;86
34797;624;46;2.34;0.78;25.10;86
34815;625;46;2.34;0.78;25.10;86
34823;626;46;2.34;0.78;25.10;86
34835;626;46;2.34;0.78;25.49;86
34844;626;46;2.34;0.78;25.49;86
34853;626;46;2.34;0.78;25.49;86
34862;626;46;2.34;0.78;25.49;86
34874;626;46;2.34;0.78;25.49;86
34881;625;46;2.34;0.78;25.49;86
34905;625;46;2.34;0.78;25.49;86
34914;625;46;2.34;0.78;25.49;86
34925;624;46;2.34;0.78;25.49;86
34931;624;46;2.34;0.78;25.49;86
34943;623;46;2.34;0.78;25.49;86
34952;623;46;2.34;0.78;25.49;86
34962;624;46;2.34;0.78;25.49;86
34971;624;46;2.34;0.78;25.49;86
34983;625;46;2.34;0.78;25.49;86
34998;626;46;2.34;0.78;25.49;86
35013;627;46;2.34;0.78;25.49;86
35026;627;46;2.34;0.78;25.49;86
35042;627;46;2.34;0.78;25.49;86
35051;627;46;2.34;0.78;25.49;86
35062;628;46;2.34;0.78;25.49;86
35073;628;46;2.34;0.78;25.49;86
35082;628;46;2.34;0.78;25.49;86
35099;628;46;2.34;0.78;25.49;86
35113;628;46;2.34;0.78;25.49;86
35123;628;46;2.34;0.78;25.49;86
35134;628;46;2.34;0.78;25.49;86
35142;629;46;2.34;0.78;25.49;86
35153;629;46;2.34;0.78;25.49;86
35163;629;46;2.34;1.56;25.49;86
35173;628;46;2.34;1.56;25.10;86
35184;628;46;2.34;1.56;25.10;86
35199;627;46;2.34;1.56;25.10;86
35211;626;46;2.34;1.56;25.10;86
35223;626;46;2.34;1.56;25.10;86
35235;625;46;2.34;1.56;25.10;86
35241;623;46;2.34;1.56;25.10;86
35253;622;46;2.34;1.56;25.10;86
35263;620;46;2.34;1.56;25.10;86
35272;618;46;2.34;1.56;25.10;86
35283;617;46;2.34;1.56;25.10;86
35297;615;46;2.34;1.56;25.10;86
35315;616;46;2.34;1.56;25.49;86
35321;616;46;2.34;1.56;25.49;86
35333;617;46;2.34;1.56;25.49;86
35344;618;46;2.34;1.56;25.49;86
35353;619;46;2.34;1.56;25.49;86
35364;620;46;2.34;1.56;25.49;86
35373;620;46;2.34;1.56;25.49;86
35382;621;46;2.34;1.56;25.49;86
35397;621;46;2.34;1.56;25.49;86
35413;622;46;2.34;1.56;25.49;86
35425;623;46;1.56;1.56;25.49;86
35434;623;46;1.56;1.56;25.49;86
35443;624;46;1.56;1.56;25.49;86
35452;625;46;1.56;1.56;25.49;86
35461;625;46;1.56;1.56;25.49;86
35474;626;46;1.56;1.56;25.49;86
35482;627;46;1.56;1.56;25.49;86
35499;628;46;1.56;2.34;25.49;86
35514;627;46;1.56;2.34;25.49;86
35523;627;46;1.56;2.34;25.49;86
35533;627;46;1.56;2.34;25.49;86
35541;627;46;1.56;2.34;25.49;86
35554;626;46;1.56;2.34;25.49;86
35562;626;46;1.56;2.34;25.49;86
35573;626;46;1.56;2.34;25.49;86
35586;625;46;1.56;2.34;25.49;86
35599;624;46;1.56;2.34;25.49;86
35612;624;46;1.56;2.34;25.49;86
35622;623;46;1.56;2.34;25.49;86
35633;623;46;1.56;2.34;25.49;86
35642;622;46;1.56;2.34;25.49;86
35652;622;46;1.56;2.34;25.49;86
35664;622;46;1.56;2.34;25.49;86
35673;621;46;1.56;2.34;25.49;86
35684;621;46;1.56;2.34;25.49;86
35697;620;46;1.56;2.34;25.49;86
35714;621;46;1.56;2.34;25.49;86
35723;621;46;1.56;2.34;25.49;86
35733;622;46;1.56;2.34;25.49;86
35744;622;46;1.56;2.34;25.49;86
35754;623;46;1.56;2.34;25.49;86
35765;623;46;1.56;2.34;25.49;86
35775;623;46;1.56;2.34;25.49;86
35782;623;46;1.56;2.34;25.49;86
35800;623;46;1.56;2.34;25.49;86
35813;623;46;1.56;2.34;25.49;86
35822;623;46;1.56;2.34;25.49;86
35831;623;46;1.56;2.34;25.49;86
35843;624;46;1.56;2.34;25.49;86
35852;624;46;1.56;2.34;25.49;86
35862;625;46;1.56;2.34;25.49;86
35875;625;46;1.56;2.34;25.49;86
35883;626;46;1.56;2.34;25.49;86
35905;627;46;1.56;2.34;25.49;86
35913;628;46;1.56;2.34;25.49;86
35922;630;46;1.56;2.34;25.49;86
35932;631;46;1.56;2.34;25.49;86
35942;633;46;1.56;2.34;25.49;86
35953;635;46;1.56;2.34;25.49;86
35961;636;46;1.56;2.34;25.49;86
35973;634;46;1.56;2.34;25.49;86
35982;632;46;1.56;2.34;25.49;86
35998;630;46;1.56;2.34;25.49;86
36014;628;46;1.56;2.34;25.49;86
36023;626;46;1.56;2.34;25.49;86
36035;624;46;1.56;2.34;25.49;86
36044;623;46;1.56;2.34;25.49;86
36053;622;46;1.56;2.34;25.49;86
36065;620;46;1.56;2.34;25.49;86
36074;619;46;1.56;2.34;25.49;86
36083;617;46;1.56;2.34;25.49;86
36098;616;46;1.56;2.34;25.49;86
36112;617;46;1.56;2.34;25.49;86
36124;619;46;1.56;2.34;25.49;86
36133;620;46;1.56;2.34;25.49;86
36143;622;46;1.56;2.34;25.49;86
36153;623;46;1.56;2.34;25.49;86
36165;625;46;1.56;2.34;25.49;86
36173;625;46;1.56;2.34;25.49;86
36183;624;46;1.56;2.34;25.49;86
36199;624;46;1.56;2.34;25.49;86
36213;624;46;1.56;2.34;25.49;86
36223;624;46;1.56;2.34;25.49;86
36232;623;46;1.56;1.56;25.49;86
36243;624;46;1.56;1.56;25.49;86
36253;624;46;1.56;1.56;25.49;86
36262;625;46;1.56;1.56;25.49;86
36273;626;46;1.56;1.56;25.49;86
36282;626;46;1.56;1.56;25.49;86
36300;627;46;1.56;1.56;25.49;86
36313;628;46;1.56;1.56;25.49;86
36323;629;46;1.56;1.56;25.49;86
36333;630;46;1.56;1.56;25.49;86
36342;631;46;1.56;1.56;25.49;86
36353;633;46;1.56;1.56;25.49;86
36362;634;46;1.56;1.56;25.49;86
36375;633;46;1.56;1.56;25.49;86
36382;631;46;1.56;1.56;25.49;86
36399;630;46;1.56;1.56;25.49;86
36414;629;46;1.56;1.56;25.49;86
36421;628;46;1.56;1.56;25.49;86
36436;627;46;1.56;1.56;25.49;86
36453;627;46;1.56;1.56;25.49;86
36462;627;46;1.56;1.56;25.49;86
36473;627;46;1.56;1.56;25.49;86
36486;627;46;1.56;1.56;25.49;86
36504;627;46;2.34;1.56;25.49;86
36515;627;46;2.34;1.56;25.49;86
36524;627;46;2.34;1.56;25.10;86
36533;626;46;2.34;1.56;25.10;86
36545;625;46;2.34;1.56;25.10;86
36554;625;46;2.34;1.56;25.10;86
36562;624;46;2.34;1.56;25.10;86
36575;623;46;2.34;1.56;25.10;86
36584;623;46;2.34;1.56;25.10;86
36598;623;46;2.34;1.56;25.10;86
36615;624;46;2.34;1.56;25.10;86
36625;624;46;2.34;1.56;25.10;86
36634;624;46;2.34;1.56;25.10;86
36645;624;46;2.34;1.56;25.10;86
36653;625;46;2.34;1.56;25.10;86
36663;626;46;2.34;1.56;25.10;86
36672;626;46;2.34;1.56;25.10;86
36684;627;46;2.34;1.56;25.10;86
36698;628;46;2.34;1.56;25.10;86
36714;629;46;2.34;1.56;25.10;86
36722;630;46;2.34;1.56;25.10;86
36733;630;46;2.34;1.56;25.10;86
36744;630;46;2.34;1.56;25.10;86
36755;631;46;2.34;1.56;25.10;86
36765;631;46;2.34;1.56;25.10;86
36774;631;46;2.34;1.56;25.10;86
36784;631;46;2.34;1.56;25.10;86
36799;630;46;2.34;1.56;25.10;86
36812;629;46;2.34;1.56;25.10;86
36823;628;46;2.34;1.56;25.10;86
36833;627;46;2.34;1.56;25.10;86
36842;626;46;2.34;1.56;25.10;86
36853;625;46;2.34;1.56;25.10;86
36863;624;46;2.34;1.56;25.10;86
36874;624;46;2.34;1.56;25.10;86
36883;623;46;2.34;1.56;25.10;86
36904;622;46;2.34;1.56;25.10;86
36914;621;46;2.34;1.56;25.10;86
36925;621;46;2.34;1.56;25.10;86
36934;621;46;2.34;1.56;25.10;86
36943;622;46;2.34;1.56;25.10;86
36953;622;46;2.34;1.56;25.10;86
36964;622;46;2.34;1.56;25.10;86
36974;622;46;2.34;1.56;25.10;86
36983;622;46;2.34;1.56;25.10;86
37000;623;46;2.34;1.56;25.10;86
37016;623;46;2.34;1.56;25.10;86
37024;623;46;2.34;1.56;25.10;86
37034;624;46;2.34;1.56;25.10;86
37043;624;46;2.34;0.78;25.10;86
37053;625;46;2.34;0.78;25.10;86
37065;625;46;2.34;0.78;25.10;86
37072;626;46;2.34;0.78;25.10;86
37083;627;46;2.34;0.78;25.10;86
37099;627;46;2.34;0.78;25.10;86
37114;628;46;2.34;0.78;25.10;86
37123;627;46;2.34;0.78;25.10;86
37132;626;46;2.34;0.78;25.10;86
37145;625;46;2.34;0.78;25.10;86
37153;624;46;2.34;0.78;25.10;86
37162;623;46;2.34;0.78;25.10;86
37174;622;46;2.34;0.78;25.10;86
37183;621;46;2.34;0.78;25.49;86
37198;620;46;2.34;0.78;25.49;86
37215;619;46;2.34;0.78;25.49;86
37223;618;46;2.34;0.78;25.49;86
37232;618;46;2.34;0.78;25.49;86
37243;617;46;2.34;0.78;25.49;86
37254;618;46;2.34;0.78;25.49;86
37264;619;46;2.34;0.78;25.49;86
37273;620;46;2.34;0.78;25.49;86
37284;621;46;2.34;0.78;25.49;86
37299;623;46;2.34;0.78;25.49;86
37314;624;46;2.34;0.78;25.49;86
37323;625;46;2.34;0.78;25.49;86
37334;626;46;2.34;0.78;25.49;86
37342;627;46;2.34;0.78;25.49;86
37353;628;46;2.34;0.78;25.49;86
37364;629;46;2.34;0.78;25.49;86
37373;630;46;2.34;0.78;25.49;86
37382;630;46;2.34;0.78;25.49;86
37400;630;46;2.34;0.78;25.49;86
37413;630;46;2.34;0.78;25.49;86
37425;630;46;2.34;0.78;25.49;86
37434;630;46;2.34;0.78;25.49;86
37444;630;46;2.34;0.78;25.49;86
37454;630;46;2.34;0.78;25.49;86
37463;630;46;2.34;0.78;25.49;86
37474;631;46;2.34;0.78;25.49;86
37484;631;46;2.34;0.78;25.49;86
37500;631;46;2.34;0.78;25.49;86
37516;631;46;2.34;0.78;25.49;86
37535;629;46;2.34;0.78;25.10;86
37544;628;46;2.34;0.78;25.10;86
37554;626;46;2.34;0.78;25.10;86
37563;624;46;2.34;0.78;25.10;86
37576;623;46;2.34;0.78;25.10;86
37596;621;46;2.34;0.78;25.10;86
37612;621;46;2.34;0.78;25.10;86
37623;621;46;2.34;0.78;25.10;86
37634;621;46;2.34;0.78;25.10;86
37643;620;46;2.34;0.78;25.10;86
37654;620;46;2.34;0.78;25.10;86
37664;620;46;2.34;0.78;25.10;86
37673;621;46;2.34;0.78;25.10;86
37684;621;46;2.34;0.78;25.10;86
37699;622;46;2.34;0.78;25.10;86
37715;622;46;2.34;0.78;25.10;86
37724;623;46;2.34;0.78;25.10;86
37733;623;46;2.34;0.78;25.10;86
37743;623;46;2.34;0.78;25.10;86
37754;624;46;2.34;0.78;25.10;86
37762;624;46;2.34;0.78;25.10;86
37773;624;46;2.34;0.78;25.10;86
37784;624;46;2.34;0.78;25.10;86
37798;624;46;2.34;0.78;25.10;86
37815;625;46;2.34;0.78;25.10;86
37823;625;46;2.34;0.78;25.10;86
37835;626;46;2.34;0.78;25.10;86
37844;627;46;2.34;0.78;25.10;86
37853;627;46;2.34;0.78;25.10;86
37864;628;46;2.34;1.56;25.10;86
37873;628;46;2.34;1.56;25.10;86
37883;629;46;2.34;1.56;25.10;86
37906;630;46;2.34;1.56;25.10;86
37914;631;46;2.34;1.56;25.10;86
37923;632;46;2.34;1.56;25.10;86
37932;633;46;2.34;1.56;25.10;86
37944;632;46;2.34;1.56;25.10;86
37953;632;46;2.34;1.56;25.10;86
37963;631;46;2.34;1.56;25.10;86
37972;631;46;2.34;1.56;25.10;86
37984;630;46;2.34;1.56;25.10;86
37998;630;46;2.34;1.56;25.10;86
38014;629;46;2.34;1.56;25.10;86
38023;629;46;2.34;1.56;25.10;86
38032;629;46;2.34;1.56;25.10;86
38043;628;46;2.34;1.56;25.10;86
38054;628;46;2.34;1.56;25.10;86
38063;627;46;2.34;1.56;25.10;86
38074;627;46;2.34;1.56;25.10;86
38085;626;46;2.34;1.56;25.10;86
38101;626;46;2.34;1.56;25.10;86
38114;625;46;2.34;1.56;25.10;86
38124;624;46;2.34;1.56;25.10;86
38132;624;46;2.34;1.56;25.10;86
38144;624;46;2.34;1.56;25.10;86
38153;624;46;2.34;1.56;25.10;86
38165;624;46;2.34;1.56;25.10;86
38174;624;46;2.34;1.56;25.10;86
38184;624;46;1.56;1.56;25.10;86
38198;625;46;1.56;1.56;25.10;86
38213;626;46;1.56;1.56;25.10;86
38223;628;46;1.56;1.56;25.10;86
38234;629;46;1.56;1.56;25.10;86
38242;631;46;1.56;1.56;25.10;86
38254;632;46;1.56;1.56;25.10;86
38263;634;46;1.56;1.56;25.10;86
38274;633;46;1.56;1.56;25.10;86
38283;633;46;1.56;1.56;25.10;86
38299;632;46;1.56;1.56;25.10;86
38314;631;46;1.56;1.56;25.10;86
38324;631;46;1.56;1.56;25.10;86
38334;630;46;1.56;1.56;25.10;86
38342;628;46;1.56;1.56;25.10;86
38354;626;46;1.56;1.56;25.10;86
38363;624;46;1.56;1.56;25.10;86
38374;622;46;1.56;1.56;25.10;86
38384;620;46;1.56;1.56;25.10;86
38401;618;46;1.56;1.56;25.10;86
38413;618;46;1.56;1.56;25.10;86
38425;619;46;1.56;1.56;25.10;86
38434;620;46;1.56;1.56;25.10;86
38445;620;46;1.56;1.56;25.10;86
38454;621;46;1.56;1.56;25.10;86
38464;622;46;1.56;1.56;25.10;86
38473;622;46;1.56;1.56;25.10;86
38485;623;46;1.56;1.56;25.10;86
38500;623;46;1.56;1.56;25.10;86
38513;624;46;1.56;1.56;25.10;86
38524;624;46;1.56;1.56;25.10;86
38533;625;46;1.56;1.56;25.10;86
38546;625;46;1.56;1.56;25.10;86
38555;624;46;1.56;1.56;25.10;86
38563;624;46;1.56;1.56;25.10;86
38575;624;46;1.56;1.56;25.10;86
38584;624;46;1.56;1.56;25.10;86
38600;624;46;1.56;1.56;25.10;86
38614;625;46;1.56;1.56;25.10;86
38624;625;46;1.56;1.56;25.10;86
38633;626;46;1.56;1.56;25.10;86
38642;626;46;1.56;1.56;25.10;86
38654;627;46;1.56;1.56;25.10;86
38663;627;46;1.56;1.56;25.10;86
38675;625;46;1.56;1.56;25.10;86
38684;623;46;1.56;1.56;25.10;86
38699;620;46;1.56;1.56;25.10;86
38713;618;46;1.56;1.56;25.10;86
38725;616;46;1.56;1.56;25.10;86
38734;614;46;1.56;1.56;25.10;86
38743;614;46;1.56;1.56;25.10;86
38755;614;46;1.56;1.56;25.10;86
38763;614;46;1.56;1.56;25.10;86
38774;614;46;1.56;1.56;25.10;86
38784;615;46;1.56;1.56;25.10;86
38799;615;46;1.56;1.56;25.10;86
38815;617;46;1.56;1.56;25.49;86
38824;619;46;1.56;1.56;25.49;86
38834;622;46;1.56;1.56;25.49;86
38844;624;46;1.56;1.56;25.49;86
38855;626;46;1.56;1.56;25.49;86
38864;629;46;1.56;1.56;25.49;86
38873;629;46;1.56;1.56;25.49;86
38884;629;46;1.56;1.56;25.49;86
38906;629;46;1.56;1.56;25.49;86
38924;630;46;1.56;1.56;25.49;86
38933;630;46;1.56;1.56;25.49;86
38945;630;46;1.56;1.56;25.49;86
38953;629;46;1.56;1.56;25.49;86
38964;628;46;1.56;1.56;25.49;86
38973;627;46;1.56;1.56;25.49;86
38983;626;46;1.56;1.56;25.49;86
38997;625;46;1.56;1.56;25.49;86
39016;624;46;1.56;1.56;25.49;86
39033;624;46;1.56;1.56;25.49;86
39044;624;46;1.56;1.56;25.49;86
39054;623;46;1.56;1.56;25.49;86
39063;623;46;1.56;1.56;25.49;86
39076;623;46;1.56;1.56;25.49;86
39082;623;46;1.56;1.56;25.49;86
39097;623;46;1.56;1.56;25.10;86
39114;624;46;1.56;1.56;25.10;86
39125;624;46;1.56;1.56;25.10;86
39134;624;46;1.56;1.56;25.10;86
39144;624;46;1.56;1.56;25.10;86
39154;624;46;1.56;1.56;25.10;86
39163;625;46;1.56;1.56;25.10;86
39174;625;46;1.56;1.56;25.10;86
39184;626;46;1.56;1.56;25.10;86
39200;627;46;1.56;1.56;25.10;86
39214;627;46;1.56;1.56;25.10;86
39223;628;46;1.56;1.56;25.10;86
39235;628;46;1.56;1.56;25.49;86
39241;628;46;1.56;1.56;25.49;86
39255;627;46;1.56;1.56;25.49;86
39264;627;46;1.56;1.56;25.49;86
39273;627;46;1.56;1.56;25.49;86
39282;627;46;1.56;1.56;25.49;86
39298;627;46;1.56;1.56;25.10;86
39313;627;46;1.56;1.56;25.10;86
39322;627;46;1.56;1.56;25.10;86
39332;626;46;1.56;1.56;25.10;86
39344;626;46;1.56;1.56;25.10;86
39353;626;46;1.56;1.56;25.10;86
39361;626;46;1.56;1.56;25.10;86
39373;626;46;1.56;1.56;25.10;86
39383;626;46;1.56;1.56;25.10;86
39398;626;46;1.56;1.56;25.10;86
39414;626;46;1.56;1.56;25.10;86
39426;626;46;1.56;1.56;25.10;86
39434;625;46;1.56;1.56;25.10;86
39443;624;46;1.56;1.56;25.10;86
39454;623;46;1.56;1.56;25.10;86
39463;622;46;1.56;1.56;25.10;86
39475;621;46;1.56;1.56;25.10;86
39483;620;46;1.56;1.56;25.10;86
39499;620;46;1.56;1.56;25.10;86
39514;619;46;1.56;1.56;25.10;86
39523;619;46;1.56;1.56;25.10;86
39533;618;46;1.56;1.56;25.10;86
39541;618;46;2.34;1.56;25.10;86
39554;618;46;2.34;0.78;25.10;86
39563;619;46;2.34;0.78;25.10;86
39574;621;46;2.34;0.78;25.10;86
39585;623;46;2.34;0.78;25.10;86
39599;624;46;2.34;0.78;25.10;86
39613;626;46;2.34;0.78;25.10;86
39622;627;46;2.34;0.78;25.10;86
39633;628;46;2.34;0.78;25.49;86
39641;628;46;2.34;0.78;25.49;86
39653;628;46;2.34;0.78;25.49;86
39663;628;46;2.34;0.78;25.49;86
39675;629;46;2.34;0.78;25.49;86
39681;629;46;2.34;0.78;25.49;86
39699;628;46;2.34;0.78;25.10;86
39714;628;46;2.34;0.78;25.10;86
39723;627;46;2.34;0.78;25.10;86
39732;627;46;2.34;0.78;25.10;86
39745;626;46;2.34;0.78;25.10;86
39754;626;46;2.34;0.78;25.10;86
39762;625;46;2.34;0.78;25.10;86
39773;625;46;2.34;0.78;25.10;86
39782;624;46;2.34;0.78;25.10;86
39799;624;46;2.34;0.78;25.10;86
39812;624;46;2.34;0.78;25.10;86
39822;623;46;2.34;0.78;25.10;86
39832;622;46;2.34;0.78;25.10;86
39844;621;46;2.34;0.78;25.10;86
39851;620;46;2.34;0.78;25.10;86
39862;619;46;2.34;0.78;25.10;86
39871;618;46;2.34;0.78;25.10;86
39883;617;46;2.34;0.78;25.10;86
39904;617;46;2.34;0.78;25.49;86
39915;618;46;2.34;0.78;25.49;86
39924;618;46;2.34;0.78;25.49;86
39933;618;46;2.34;0.78;25.49;86
39941;618;46;2.34;0.78;25.49;86
39951;618;46;2.34;0.78;25.49;86
39963;620;46;2.34;0.78;25.49;86
39976;622;46;2.34;0.78;25.49;86
39982;624;46;2.34;0.78;25.49;86
39999;627;46;2.34;0.78;25.49;86
40014;629;46;1.56;0.78;25.49;86
40024;631;46;1.56;0.78;25.49;86
40033;630;46;1.56;0.78;25.49;86
40042;630;46;1.56;0.78;25.49;86
40052;630;46;1.56;0.78;25.49;86
40062;629;46;1.56;0.78;25.49;86
40074;629;46;1.56;0.78;25.49;86
40083;628;46;1.56;0.78;25.49;86
40103;627;46;1.56;0.78;25.49;86
40111;625;46;1.56;0.78;25.49;86
40123;623;46;1.56;0.78;25.49;86
40132;622;46;1.56;0.78;25.49;86
40143;620;46;1.56;0.78;25.49;86
40151;618;46;1.56;1.56;25.49;86
40163;620;46;1.56;1.56;25.49;86
40173;621;46;1.56;1.56;25.49;86
40183;623;46;1.56;1.56;25.49;86
40197;624;46;1.56;1.56;25.49;86
40215;626;46;1.56;1.56;25.49;86
40221;627;46;1.56;1.56;25.49;86
40233;628;46;1.56;1.56;25.49;86
40242;628;46;1.56;1.56;25.49;86
40251;629;46;1.56;1.56;25.49;86
40263;629;46;1.56;1.56;25.49;86
40275;630;46;1.56;1.56;25.49;86
40284;631;46;1.56;1.56;25.49;86
40299;631;46;1.56;1.56;25.49;86
40314;631;46;1.56;1.56;25.49;86
40323;631;46;1.56;1.56;25.49;86
40334;631;46;1.56;1.56;25.49;86
40343;631;46;1.56;1.56;25.49;86
40351;631;46;1.56;1.56;25.49;86
40364;629;46;1.56;1.56;25.49;86
40373;627;46;1.56;1.56;25.49;86
40383;626;46;1.56;1.56;25.49;86
40397;624;46;1.56;1.56;25.49;86
40412;622;46;2.34;1.56;25.49;86
40424;621;46;2.34;1.56;25.49;86
40433;619;46;2.34;1.56;25.10;86
40442;618;46;2.34;1.56;25.10;86
40452;617;46;2.34;1.56;25.10;86
40463;616;46;2.34;1.56;25.10;86
40474;614;46;2.34;1.56;25.10;86
40485;613;46;2.34;1.56;25.10;86
40500;614;46;2.34;1.56;25.49;86
40515;615;46;2.34;1.56;25.49;86
40523;616;46;2.34;1.56;25.49;86
40534;617;46;2.34;1.56;25.49;86
40542;618;46;2.34;1.56;25.49;86
40554;619;46;2.34;1.56;25.49;86
40563;619;46;2.34;1.56;25.49;86
40574;619;46;2.34;1.56;25.49;86
40583;619;46;2.34;1.56;25.49;86
40596;620;46;2.34;1.56;25.49;86
40613;620;46;2.34;1.56;25.49;86
40623;620;46;2.34;1.56;25.49;86
40632;621;46;2.34;1.56;25.49;86
40643;621;46;2.34;1.56;25.49;86
40653;622;46;2.34;1.56;25.49;86
40663;623;46;2.34;1.56;25.49;86
40673;623;46;2.34;1.56;25.49;86
40683;624;46;2.34;1.56;25.49;86
40700;623;46;2.34;1.56;25.49;86
40715;622;46;2.34;1.56;25.49;86
40723;622;46;2.34;1.56;25.49;86
40734;621;46;2.34;1.56;25.49;86
40743;620;46;2.34;1.56;25.49;86
40754;619;46;2.34;1.56;25.49;86
40763;620;46;2.34;1.56;25.49;86
40772;621;46;2.34;1.56;25.49;86
40784;622;46;2.34;1.56;25.49;86
40801;622;46;2.34;1.56;25.49;86
40811;623;46;2.34;1.56;25.49;86
40823;624;46;2.34;2.34;25.49;86
40833;624;46;2.34;2.34;25.49;86
40842;624;46;2.34;2.34;25.49;86
40853;624;46;2.34;2.34;25.49;86
40862;623;46;2.34;2.34;25.49;86
40874;623;46;2.34;2.34;25.49;86
40885;623;46;2.34;2.34;25.49;86
40905;623;46;2.34;2.34;25.49;86
40914;623;46;2.34;2.34;25.49;86
40923;622;46;2.34;2.34;25.49;86
40932;622;46;2.34;2.34;25.49;86
40944;622;46;1.56;2.34;25.49;86
40952;622;46;1.56;2.34;25.49;86
40963;622;46;1.56;2.34;25.49;86
40973;621;46;1.56;2.34;25.49;86
40982;621;46;1.56;2.34;25.49;86
40999;621;46;1.56;2.34;25.49;86
41013;621;46;2.34;2.34;25.49;86
41023;621;46;2.34;2.34;25.49;86
41032;620;46;2.34;2.34;25.49;86
41044;619;46;2.34;2.34;25.49;86
41052;619;46;2.34;2.34;25.49;86
41064;618;46;2.34;2.34;25.49;86
41072;618;46;2.34;2.34;25.49;86
41083;617;46;2.34;2.34;25.49;86
41100;618;46;2.34;2.34;25.49;86
41114;619;46;2.34;2.34;25.49;86
41123;620;46;2.34;2.34;25.49;86
41134;621;46;2.34;2.34;25.49;86
41143;622;46;2.34;2.34;25.49;86
41153;623;46;2.34;2.34;25.49;86
41162;623;46;2.34;2.34;25.49;86
41173;624;46;2.34;2.34;25.49;86
41182;624;46;2.34;2.34;25.49;86
41196;625;46;2.34;2.34;25.49;86
41213;625;46;2.34;2.34;25.49;86
41224;626;46;2.34;2.34;25.49;86
41234;625;46;2.34;2.34;25.49;86
41242;625;46;2.34;2.34;25.49;86
41254;625;46;2.34;2.34;25.49;86
41263;624;46;2.34;2.34;25.49;86
41272;624;46;2.34;2.34;25.49;86
41283;624;46;2.34;2.34;25.49;86
41300;625;46;2.34;2.34;25.49;86
41314;626;46;2.34;2.34;25.49;86
41323;626;46;2.34;2.34;25.49;86
41333;627;46;2.34;2.34;25.49;86
41345;628;46;2.34;2.34;25.49;86
41354;629;46;2.34;2.34;25.49;86
41363;629;46;2.34;2.34;25.49;86
41372;629;46;2.34;2.34;25.49;86
41383;630;46;2.34;2.34;25.49;86
41399;630;46;2.34;2.34;25.49;86
41413;630;46;2.34;2.34;25.49;86
41426;630;46;2.34;2.34;25.49;86
41444;630;46;2.34;2.34;25.10;86
41454;629;46;2.34;2.34;25.10;86
41464;629;46;2.34;2.34;25.10;86
41474;629;46;2.34;2.34;25.10;86
41482;629;46;2.34;2.34;25.10;86
41499;629;46;2.34;2.34;25.10;86
41513;629;46;2.34;2.34;25.10;86
41524;628;46;2.34;2.34;25.10;86
41533;628;46;2.34;2.34;25.10;86
41544;627;46;2.34;2.34;25.10;86
41553;627;46;2.34;2.34;25.10;86
41562;627;46;2.34;2.34;25.10;86
41574;626;46;2.34;2.34;25.10;86
41582;626;46;2.34;2.34;25.10;86
41599;626;46;2.34;2.34;25.10;86
41613;625;46;2.34;2.34;25.10;86
41625;625;46;2.34;2.34;25.10;86
41634;624;46;2.34;2.34;25.10;86
41643;625;46;2.34;2.34;25.10;86
41654;625;46;2.34;2.34;25.10;86
41662;625;46;2.34;2.34;25.10;86
41674;626;46;2.34;2.34;25.10;86
41684;626;46;2.34;2.34;25.10;86
41700;626;46;2.34;2.34;25.10;86
41713;626;46;2.34;2.34;25.10;86
41725;625;46;2.34;2.34;25.10;86
41733;624;46;2.34;2.34;25.10;86
41745;624;46;2.34;2.34;25.10;86
41753;623;46;2.34;2.34;25.10;86
41764;622;46;2.34;2.34;25.10;86
41773;621;46;2.34;2.34;25.10;86
41785;621;46;2.34;2.34;25.10;86
41798;620;46;2.34;2.34;25.10;86
41815;619;46;2.34;2.34;25.10;86
41822;618;46;2.34;2.34;25.10;86
41835;618;46;2.34;2.34;25.10;86
41846;619;46;2.34;2.34;25.10;86
41863;620;46;2.34;2.34;25.10;86
41873;620;46;2.34;2.34;25.10;86
41883;621;46;2.34;2.34;25.10;86
41904;622;46;2.34;2.34;25.10;86
41913;623;46;2.34;2.34;25.10;86
41924;624;46;2.34;2.34;25.49;86
41934;625;46;2.34;2.34;25.49;86
41943;625;46;2.34;2.34;25.49;86
41954;626;46;2.34;2.34;25.49;86
41964;626;46;2.34;2.34;25.49;86
41972;627;46;2.34;1.56;25.49;86
41982;626;46;2.34;1.56;25.10;86
41999;625;46;2.34;1.56;25.10;86
42012;624;46;2.34;1.56;25.10;86
42024;624;46;2.34;1.56;25.10;86
42034;623;46;2.34;1.56;25.10;86
42042;622;46;2.34;1.56;25.10;86
42053;623;46;2.34;1.56;25.10;86
42064;625;46;2.34;1.56;25.10;86
42073;626;46;2.34;1.56;25.10;86
42085;627;46;2.34;1.56;25.10;86
42099;628;46;2.34;1.56;25.10;86
42113;629;46;2.34;1.56;25.10;86
42122;629;46;2.34;1.56;25.10;86
42133;630;46;2.34;1.56;25.10;86
42143;630;46;2.34;1.56;25.10;86
42154;630;46;2.34;1.56;25.10;86
42163;630;46;2.34;1.56;25.10;86
42175;630;46;2.34;1.56;25.10;86
42185;630;46;2.34;1.56;25.10;86
42199;629;46;2.34;1.56;25.10;86
42215;629;46;2.34;1.56;25.10;86
42223;628;46;2.34;1.56;25.10;86
42234;628;46;2.34;1.56;25.10;86
42244;628;46;2.34;1.56;25.10;86
42254;628;46;2.34;1.56;25.10;86
42263;628;46;2.34;1.56;25.10;86
42275;629;46;2.34;1.56;25.10;86
42284;629;46;2.34;1.56;25.10;86
42299;629;46;2.34;1.56;25.10;86
42315;630;46;2.34;1.56;25.10;86
42324;629;46;2.34;1.56;25.10;86
42333;628;46;2.34;1.56;25.10;86
42345;628;46;2.34;1.56;25.10;86
42354;627;46;2.34;1.56;25.10;86
42362;627;46;2.34;1.56;25.10;86
42373;626;46;2.34;1.56;25.10;86
42385;626;46;2.34;1.56;25.10;86
42399;626;46;2.34;1.56;25.10;86
42414;626;46;2.34;1.56;25.10;86
42425;627;46;2.34;1.56;25.10;86
42434;627;46;2.34;1.56;25.10;86
42442;627;46;2.34;1.56;25.10;86
42454;627;46;2.34;1.56;25.10;86
42464;628;46;2.34;1.56;25.10;86
42472;629;46;2.34;1.56;25.10;86
42484;629;46;2.34;1.56;25.10;86
42500;630;46;2.34;1.56;25.10;86
42514;630;46;2.34;1.56;25.10;86
42523;629;46;2.34;1.56;25.10;86
42534;629;46;2.34;1.56;25.10;86
42543;628;46;2.34;1.56;25.10;86
42553;627;46;2.34;1.56;25.10;86
42564;627;46;2.34;1.56;25.10;86
42573;626;46;2.34;1.56;25.10;86
42584;626;46;2.34;1.56;25.10;86
42598;625;46;2.34;1.56;25.10;86
42614;625;46;2.34;1.56;25.10;86
42623;625;46;2.34;1.56;25.10;86
42632;624;46;2.34;1.56;25.10;86
42644;624;46;2.34;1.56;25.10;86
42654;624;46;2.34;1.56;25.10;86
42663;625;46;2.34;1.56;25.10;86
42674;626;46;2.34;1.56;25.10;86
42682;626;46;2.34;1.56;25.10;86
42699;627;46;2.34;1.56;25.10;86
42713;627;46;2.34;1.56;25.10;86
42724;627;46;2.34;1.56;25.10;86
42735;628;46;2.34;1.56;25.10;86
42743;628;46;2.34;1.56;25.10;86
42752;628;46;2.34;1.56;25.10;86
42763;629;46;1.56;1.56;25.10;86
42774;629;46;1.56;1.56;25.10;86
42781;629;46;1.56;1.56;25.10;86
42799;630;46;1.56;1.56;25.10;86
42814;630;46;1.56;1.56;25.10;86
42823;631;46;1.56;1.56;25.10;86
42833;631;46;1.56;1.56;25.10;86
42842;632;46;1.56;1.56;25.10;86
42854;632;46;1.56;1.56;25.10;86
42863;632;46;1.56;1.56;25.10;86
42872;632;46;1.56;1.56;25.10;86
42886;632;46;1.56;1.56;25.10;86
42906;632;46;1.56;1.56;25.10;86
42924;632;46;1.56;1.56;25.10;86
42933;632;46;1.56;1.56;24.71;86
42943;631;46;1.56;1.56;24.71;86
42953;631;46;1.56;1.56;24.71;86
42961;631;46;1.56;1.56;24.71;86
42973;631;46;1.56;1.56;24.71;86
42982;631;46;1.56;1.56;24.71;86
42998;631;46;1.56;1.56;24.71;86
43014;631;46;1.56;1.56;24.71;86
43024;631;46;1.56;1.56;24.71;86
43033;630;46;1.56;1.56;24.71;86
43044;630;46;1.56;1.56;24.71;86
43053;630;46;1.56;1.56;24.71;86
43063;629;46;1.56;1.56;24.71;86
43073;627;46;1.56;1.56;24.71;86
43081;626;46;1.56;1.56;24.71;86
43101;624;46;1.56;1.56;24.71;86
43112;623;46;1.56;1.56;24.71;86
43124;622;46;1.56;1.56;24.71;86
43131;621;46;1.56;1.56;24.71;86
43142;621;46;1.56;1.56;24.71;86
43152;620;46;1.56;1.56;24.71;86
43162;620;46;1.56;1.56;24.71;86
43173;619;46;1.56;1.56;24.71;86
43184;619;46;1.56;1.56;24.71;86
43198;620;46;1.56;1.56;25.10;86
43214;621;46;1.56;1.56;25.10;86
43224;623;46;1.56;1.56;25.10;86
43231;624;46;1.56;1.56;25.10;86
43242;625;46;1.56;1.56;25.10;86
43253;626;46;1.56;1.56;25.10;86
43262;627;46;1.56;1.56;25.10;86
43273;628;46;1.56;1.56;25.10;86
43281;629;46;1.56;1.56;25.10;86
43299;630;46;1.56;1.56;25.10;86
43312;632;46;1.56;1.56;25.10;86
43321;633;46;1.56;1.56;25.10;86
43333;631;46;1.56;1.56;25.10;86
43341;629;46;1.56;1.56;25.10;86
43351;627;46;1.56;1.56;25.10;86
43365;625;46;1.56;1.56;25.10;86
43371;623;46;2.34;1.56;25.10;86
43382;621;46;2.34;1.56;25.10;86
43400;622;46;2.34;1.56;25.10;86
43411;622;46;2.34;1.56;25.10;86
43424;623;46;2.34;1.56;25.10;86
43432;623;46;2.34;1.56;25.10;86
43442;623;46;2.34;1.56;25.10;86
43451;624;46;2.34;1.56;25.10;86
43463;624;46;2.34;1.56;25.10;86
43472;624;46;2.34;1.56;25.10;86
43481;624;46;2.34;1.56;25.10;86
43502;624;46;2.34;1.56;25.10;86
43511;624;46;2.34;1.56;25.10;86
43523;624;46;2.34;1.56;25.10;86
43532;624;46;2.34;1.56;25.10;86
43542;625;46;2.34;1.56;25.10;86
43554;625;46;2.34;1.56;25.10;86
43563;626;46;2.34;1.56;25.10;86
43574;626;46;2.34;1.56;25.10;86
43582;627;46;2.34;1.56;25.10;86
43599;628;46;2.34;1.56;25.10;86
43612;629;46;2.34;1.56;25.10;86
43621;630;46;2.34;1.56;25.10;86
43633;631;46;2.34;1.56;25.10;86
43642;632;46;2.34;1.56;25.10;86
43653;633;46;2.34;1.56;25.10;86
43663;632;46;2.34;1.56;25.10;86
43673;632;46;2.34;1.56;25.10;86
43684;632;46;2.34;1.56;25.10;86
43701;632;46;2.34;1.56;25.10;86
43713;631;46;2.34;1.56;25.10;86
43724;631;46;2.34;1.56;25.10;86
43733;629;46;2.34;1.56;25.10;86
43744;628;46;2.34;1.56;25.10;86
43753;626;46;2.34;1.56;25.10;86
43763;624;46;2.34;1.56;25.10;86
43772;622;46;2.34;1.56;25.10;86
43783;620;46;2.34;1.56;25.10;86
43799;621;46;2.34;1.56;25.10;86
43813;621;46;2.34;1.56;25.10;86
43822;622;46;2.34;1.56;25.10;86
43833;622;46;2.34;1.56;25.10;86
43842;623;46;2.34;1.56;25.10;86
43854;623;46;2.34;1.56;25.10;86
43862;624;46;2.34;1.56;25.10;86
43871;625;46;2.34;1.56;25.10;86
43881;625;46;2.34;1.56;25.10;86
43906;626;46;2.34;1.56;25.10;86
43924;626;46;2.34;1.56;25.10;86
43935;627;46;2.34;1.56;25.10;86
43942;627;46;2.34;1.56;25.10;86
43953;627;46;2.34;1.56;25.10;86
43961;628;46;2.34;1.56;25.10;86
43973;628;46;2.34;1.56;25.10;86
43983;628;46;2.34;1.56;25.10;86
43998;629;46;2.34;1.56;25.10;86
44014;627;46;2.34;1.56;25.10;86
44023;626;46;2.34;1.56;25.10;86
44031;625;46;2.34;1.56;25.10;86
44042;624;46;2.34;1.56;25.10;86
44051;623;46;2.34;1.56;25.10;86
44063;621;46;2.34;2.34;25.10;86
44072;621;46;2.34;2.34;25.10;86
44081;620;46;2.34;2.34;25.10;86
44098;620;46;2.34;2.34;25.10;86
44112;619;46;2.34;2.34;25.10;86
44123;619;46;2.34;2.34;25.10;86
44133;618;46;2.34;2.34;25.10;86
44142;619;46;2.34;2.34;25.10;86
44153;620;46;2.34;2.34;25.10;86
44162;620;46;2.34;2.34;25.10;86
44172;621;46;2.34;2.34;25.10;86
44185;622;46;2.34;2.34;25.10;86
44199;622;46;2.34;2.34;25.10;86
44214;624;46;2.34;2.34;25.49;86
44223;625;46;2.34;2.34;25.49;86
44233;626;46;2.34;2.34;25.49;86
44242;628;46;2.34;2.34;25.49;86
44254;629;46;2.34;2.34;25.49;86
44263;630;46;2.34;2.34;25.49;86
44271;630;46;2.34;2.34;25.10;86
44283;630;46;2.34;2.34;25.10;86
44302;630;46;2.34;2.34;25.10;86
44313;630;46;2.34;2.34;25.10;86
44321;630;46;2.34;2.34;25.10;86
44333;630;46;2.34;2.34;25.10;86
44342;629;46;2.34;2.34;25.10;86
44353;628;46;2.34;2.34;25.10;86
44362;627;46;2.34;2.34;25.10;86
44374;626;46;2.34;2.34;25.10;86
44384;625;46;2.34;2.34;25.10;86
44399;624;46;2.34;2.34;25.10;86
44413;624;46;2.34;2.34;25.10;86
44424;624;46;2.34;2.34;25.10;86
44435;624;46;2.34;2.34;25.10;86
44442;624;46;2.34;2.34;25.10;86
44453;624;46;2.34;2.34;25.10;86
44462;624;46;2.34;2.34;25.10;86
44473;624;46;2.34;2.34;25.10;86
44484;623;46;2.34;2.34;25.10;86
44499;623;46;2.34;2.34;25.10;86
44512;623;46;2.34;2.34;25.10;86
44523;622;46;2.34;2.34;25.10;86
44532;622;46;2.34;2.34;25.10;86
44543;624;46;2.34;2.34;25.10;86
44552;625;46;2.34;2.34;25.10;86
44563;626;46;2.34;2.34;25.10;86
44573;628;46;2.34;2.34;25.10;86
44582;629;46;2.34;2.34;25.10;86
44600;631;46;2.34;2.34;25.10;86
44613;630;46;2.34;2.34;25.10;86
44622;630;46;2.34;2.34;25.10;86
44633;630;46;2.34;2.34;25.10;86
44644;630;46;2.34;2.34;25.10;86
44653;630;46;2.34;2.34;25.10;86
44662;630;46;2.34;2.34;25.10;86
44674;629;46;2.34;2.34;25.10;86
44683;628;46;2.34;2.34;25.10;86
44699;627;46;2.34;2.34;25.10;86
44713;626;46;2.34;2.34;25.10;86
44721;625;46;2.34;2.34;25.10;86
44735;624;46;2.34;2.34;25.10;86
44743;624;46;2.34;2.34;25.10;86
44752;623;46;2.34;2.34;25.10;86
44763;623;46;2.34;2.34;25.10;86
44773;623;46;2.34;2.34;25.10;86
44783;622;46;2.34;2.34;25.10;86
44798;622;46;2.34;2.34;25.10;86
44812;621;46;2.34;2.34;25.10;86
44824;621;46;2.34;2.34;25.10;86
44832;620;46;2.34;2.34;25.10;86
44843;619;46;2.34;2.34;25.10;86
44853;619;46;2.34;2.34;25.10;86
44862;618;46;2.34;2.34;25.10;86
44873;619;46;2.34;2.34;25.10;86
44882;619;46;2.34;2.34;25.10;86
44905;619;46;2.34;2.34;25.10;86
44912;620;46;2.34;2.34;25.10;86
44924;620;46;2.34;2.34;25.10;86
44934;620;46;2.34;2.34;25.10;86
44943;621;46;2.34;2.34;25.10;86
44952;622;46;2.34;2.34;25.10;86
44962;623;46;2.34;2.34;25.10;86
44972;623;46;2.34;2.34;25.10;86
44983;624;46;2.34;2.34;25.10;86
44998;625;46;2.34;2.34;25.10;86
45014;625;46;2.34;2.34;25.10;86
45022;625;46;2.34;2.34;25.10;86
45033;625;46;2.34;2.34;25.10;86
45044;624;46;2.34;2.34;25.10;86
45053;624;46;2.34;2.34;25.10;86
45064;624;46;2.34;2.34;25.10;86
45072;624;46;2.34;2.34;25.49;86
45084;624;46;2.34;2.34;25.49;86
45098;624;46;2.34;2.34;25.49;86
45112;624;46;2.34;2.34;25.49;86
45123;624;46;2.34;2.34;25.49;86
45132;624;46;2.34;2.34;25.49;86
45145;624;46;2.34;2.34;25.49;86
45154;624;46;2.34;2.34;25.49;86
45163;624;46;2.34;2.34;25.49;86
45172;624;46;2.34;2.34;25.49;86
45183;624;46;2.34;2.34;25.49;86
45200;624;46;2.34;2.34;25.49;86
45214;624;46;2.34;2.34;25.49;86
45224;624;46;2.34;2.34;25.49;86
45233;623;46;2.34;2.34;25.49;86
45242;623;46;2.34;2.34;25.49;86
45254;623;46;2.34;2.34;25.49;86
45263;622;46;2.34;2.34;25.49;86
45273;623;46;2.34;2.34;25.49;86
45283;623;46;2.34;2.34;25.49;86
45300;623;46;2.34;2.34;25.49;86
45312;623;46;2.34;2.34;25.49;86
45323;623;46;2.34;2.34;25.49;86
45334;623;46;2.34;2.34;25.49;86
45344;624;46;2.34;2.34;25.49;86
45353;624;46;2.34;2.34;25.49;86
45362;625;46;2.34;2.34;25.49;86
45375;625;46;2.34;2.34;25.49;86
45384;626;46;2.34;2.34;25.49;86
45398;627;46;2.34;2.34;25.49;86
45413;626;46;2.34;2.34;25.10;86
45422;624;46;2.34;2.34;25.10;86
45432;623;46;2.34;2.34;25.10;86
45443;622;46;2.34;2.34;25.10;86
45452;621;46;2.34;2.34;25.10;86
45463;620;46;2.34;2.34;25.10;86
45472;620;46;2.34;2.34;25.49;86
45482;620;46;2.34;2.34;25.49;86
45502;621;46;2.34;2.34;25.49;86
45512;621;46;2.34;2.34;25.49;86
45524;621;46;2.34;2.34;25.49;86
45533;622;46;2.34;2.34;25.49;86
45545;623;46;2.34;2.34;25.49;86
45552;624;46;2.34;2.34;25.49;86
45563;625;46;2.34;2.34;25.49;86
45574;627;46;2.34;2.34;25.49;86
45584;628;46;2.34;2.34;25.49;86
45598;629;46;2.34;2.34;25.49;86
45612;630;46;2.34;2.34;25.10;86
45624;630;46;2.34;2.34;25.10;86
45632;630;46;2.34;2.34;25.10;86
45644;631;46;2.34;2.34;25.10;86
45654;631;46;2.34;2.34;25.10;86
45664;631;46;2.34;2.34;25.10;86
45673;632;46;2.34;2.34;25.10;86
45683;632;46;2.34;2.34;25.10;86
45700;633;46;2.34;2.34;25.10;86
45714;633;46;2.34;2.34;25.10;86
45725;634;46;2.34;2.34;25.10;86
45735;634;46;2.34;2.34;25.10;86
45743;633;46;2.34;2.34;25.10;86
45754;632;46;2.34;2.34;25.10;86
45764;631;46;2.34;2.34;25.10;86
45772;629;46;2.34;2.34;25.10;86
45783;628;46;2.34;2.34;25.10;86
45798;627;46;2.34;2.34;25.10;86
45815;625;46;2.34;2.34;24.71;86
45824;624;46;2.34;2.34;24.71;86
45833;623;46;2.34;2.34;24.71;86
45842;622;46;2.34;2.34;24.71;86
45853;621;46;2.34;2.34;24.71;86
45864;619;46;2.34;2.34;24.71;86
45873;621;46;2.34;2.34;25.10;86
45883;622;46;2.34;2.34;25.10;86
45906;623;46;2.34;2.34;25.10;86
45922;624;46;2.34;2.34;25.10;86
45934;625;46;2.34;2.34;25.10;86
45943;626;46;2.34;2.34;25.10;86
45956;627;46;2.34;2.34;25.10;86
45964;627;46;2.34;2.34;25.10;86
45973;627;46;2.34;2.34;25.10;86
45983;628;46;2.34;2.34;25.10;86
45999;628;46;2.34;2.34;25.10;86
46014;629;46;2.34;2.34;25.10;86
46022;628;46;2.34;2.34;25.10;86
46033;628;46;2.34;2.34;25.10;86
46042;627;46;2.34;2.34;25.10;86
46053;627;46;2.34;2.34;25.10;86
46064;627;46;2.34;2.34;25.10;86
46073;626;46;2.34;2.34;25.10;86
46084;627;46;2.34;2.34;25.10;86
46099;628;46;2.34;2.34;25.10;86
46114;628;46;2.34;2.34;25.10;86
46123;629;46;2.34;2.34;25.10;86
46134;630;46;2.34;2.34;25.10;86
46143;630;46;2.34;2.34;25.10;86
46155;629;46;2.34;2.34;25.10;86
46163;628;46;2.34;2.34;25.10;86
46172;627;46;2.34;2.34;25.10;86
46185;626;46;2.34;2.34;25.10;86
46197;625;46;2.34;2.34;25.10;86
46214;623;46;2.34;2.34;25.10;86
46223;623;46;2.34;2.34;25.10;86
46232;622;46;2.34;2.34;25.10;86
46244;622;46;2.34;2.34;25.10;86
46255;622;46;2.34;2.34;25.10;86
46263;621;46;2.34;2.34;25.10;86
46274;621;46;2.34;2.34;25.10;86
46283;622;46;2.34;2.34;25.10;86
46299;623;46;2.34;2.34;25.10;86
46313;624;46;2.34;2.34;25.10;86
46324;626;46;2.34;2.34;25.10;86
46334;627;46;2.34;2.34;25.10;86
46343;628;46;2.34;1.56;25.10;86
46354;628;46;2.34;1.56;25.10;86
46364;627;46;2.34;1.56;25.10;86
46373;626;46;2.34;1.56;25.10;86
46384;626;46;2.34;1.56;25.10;86
46400;625;46;2.34;1.56;25.10;86
46414;625;46;2.34;1.56;25.10;86
46423;625;46;2.34;1.56;25.10;86
46434;625;46;2.34;1.56;25.10;86
46443;624;46;2.34;1.56;25.10;86
46454;624;46;2.34;1.56;25.10;86
46463;624;46;2.34;1.56;25.10;86
46473;624;46;2.34;1.56;25.10;86
46484;625;46;2.34;1.56;25.10;86
46500;625;46;2.34;1.56;25.10;86
46514;626;46;2.34;1.56;25.10;86
46524;627;46;2.34;1.56;25.10;86
46534;628;46;2.34;1.56;25.10;86
46543;628;46;2.34;1.56;25.10;86
46553;628;46;2.34;1.56;25.10;86
46562;627;46;2.34;1.56;25.10;86
46575;627;46;2.34;1.56;25.10;86
46584;627;46;2.34;1.56;25.10;86
46598;626;46;2.34;1.56;25.10;86
46614;626;46;2.34;1.56;25.10;86
46624;626;46;2.34;1.56;25.10;86
46634;626;46;2.34;1.56;25.10;86
46645;626;46;2.34;1.56;25.10;86
46653;626;46;2.34;1.56;25.10;86
46663;626;46;2.34;1.56;25.10;86
46673;626;46;2.34;1.56;25.10;86
46683;627;46;2.34;1.56;25.10;86
46700;627;46;2.34;1.56;25.10;86
46712;627;46;2.34;1.56;25.10;86
46724;628;46;2.34;1.56;25.10;86
46735;628;46;2.34;1.56;25.10;86
46755;629;46;2.34;1.56;25.10;86
46763;628;46;2.34;1.56;25.10;86
46774;627;46;2.34;1.56;25.10;86
46786;626;46;2.34;1.56;25.10;86
46804;625;46;2.34;1.56;25.10;86
46814;624;46;2.34;1.56;25.10;86
46823;623;46;2.34;2.34;25.10;86
46835;623;46;2.34;2.34;25.10;86
46851;624;46;2.34;2.34;25.10;86
46865;625;46;2.34;2.34;25.10;86
46874;626;46;2.34;2.34;25.10;86
46882;627;46;2.34;2.34;25.10;86
46907;627;46;2.34;2.34;25.10;86
46922;627;46;2.34;2.34;25.10;86
46934;626;46;2.34;2.34;25.10;86
46945;626;46;2.34;2.34;25.10;86
46951;625;46;2.34;2.34;25.10;86
46963;624;46;2.34;2.34;25.10;86
46973;624;46;2.34;2.34;25.10;86
46981;622;46;2.34;2.34;25.10;86
47000;620;46;2.34;2.34;25.10;86
47013;619;46;2.34;2.34;25.10;86
47023;617;46;2.34;2.34;25.10;86
47033;616;46;2.34;2.34;25.10;86
47044;614;46;2.34;2.34;25.10;86
47055;614;46;2.34;2.34;25.10;86
47061;614;46;2.34;2.34;25.10;86
47075;614;46;2.34;2.34;25.10;86
47082;615;46;2.34;2.34;25.10;86
47101;615;46;2.34;2.34;25.10;86
47115;615;46;2.34;2.34;25.10;86
47124;616;46;2.34;2.34;25.49;86
47132;617;46;2.34;2.34;25.49;86
47141;618;46;2.34;2.34;25.49;86
47154;619;46;2.34;2.34;25.49;86
47163;621;46;2.34;2.34;25.49;86
47174;622;46;2.34;2.34;25.49;86
47183;622;46;2.34;2.34;25.49;86
47199;622;46;2.34;2.34;25.49;86
47211;623;46;2.34;2.34;25.49;86
47222;623;46;2.34;2.34;25.49;86
47233;623;46;2.34;2.34;25.49;86
47243;624;46;2.34;2.34;25.49;86
47256;624;46;2.34;2.34;25.49;86
47273;625;46;2.34;2.34;25.49;86
47284;626;46;2.34;2.34;25.49;86
47299;626;46;2.34;2.34;25.49;86
47313;627;46;2.34;2.34;25.49;86
47322;627;46;2.34;2.34;25.49;86
47331;625;46;2.34;2.34;25.49;86
47342;622;46;2.34;2.34;25.49;86
47353;619;46;2.34;2.34;25.49;86
47364;617;46;2.34;2.34;25.49;86
47373;614;46;2.34;2.34;25.49;86
47382;611;46;2.34;2.34;25.49;86
47400;612;46;2.34;2.34;25.49;86
47415;613;46;2.34;2.34;25.49;86
47423;614;46;2.34;2.34;25.49;86
47430;615;46;2.34;2.34;25.49;86
47443;616;46;2.34;2.34;25.49;86
47451;617;46;2.34;2.34;25.49;86
47462;619;46;2.34;2.34;25.49;86
47474;621;46;2.34;2.34;25.49;86
47483;622;46;2.34;2.34;25.49;86
47500;624;46;2.34;2.34;25.49;86
47513;626;46;1.56;2.34;25.49;86
47526;627;46;1.56;2.34;25.49;86
47543;628;46;1.56;2.34;25.49;86
47553;629;46;1.56;2.34;25.49;86
47562;630;46;1.56;2.34;25.49;86
47572;631;46;1.56;2.34;25.49;86
47583;632;46;1.56;2.34;25.49;86
47599;633;46;1.56;2.34;25.49;86
47613;633;46;1.56;2.34;25.49;86
47623;633;46;1.56;2.34;25.49;86
47631;633;46;1.56;2.34;25.49;86
47643;634;46;1.56;2.34;25.49;86
47655;634;46;1.56;2.34;25.49;86
47662;634;46;1.56;2.34;25.49;86
47671;632;46;1.56;2.34;25.10;86
47684;630;46;1.56;2.34;25.10;86
47698;629;46;1.56;2.34;25.10;86
47714;627;46;1.56;2.34;25.10;86
47722;625;46;1.56;2.34;25.10;86
47731;623;46;1.56;2.34;25.10;86
47741;621;46;1.56;2.34;25.10;86
47752;620;46;1.56;2.34;25.10;86
47763;618;46;1.56;2.34;25.10;86
47774;616;46;1.56;2.34;25.10;86
47783;614;46;1.56;2.34;25.10;86
47797;612;46;1.56;2.34;25.10;86
47813;614;46;1.56;2.34;25.49;86
47822;615;46;1.56;2.34;25.49;86
47833;616;46;1.56;2.34;25.49;86
47844;618;46;1.56;2.34;25.49;86
47853;619;46;1.56;2.34;25.49;86
47861;620;46;1.56;2.34;25.49;86
47873;621;46;1.56;2.34;25.49;86
47882;622;46;1.56;2.34;25.49;86
47906;623;46;1.56;2.34;25.49;86
47923;623;46;1.56;2.34;25.49;86
47933;624;46;2.34;2.34;25.49;86
47942;625;46;2.34;2.34;25.49;86
47951;624;46;2.34;2.34;25.49;86
47962;623;46;2.34;2.34;25.49;86
47973;623;46;2.34;2.34;25.49;86
47982;622;46;2.34;2.34;25.49;86
47999;621;46;2.34;2.34;25.49;86
48014;620;46;2.34;2.34;25.49;86
48022;622;46;2.34;2.34;25.49;86
48032;624;46;2.34;2.34;25.49;86
48041;625;46;2.34;2.34;25.49;86
48052;627;46;2.34;2.34;25.49;86
48063;628;46;2.34;2.34;25.49;86
48075;630;46;2.34;2.34;25.49;86
48083;628;46;2.34;2.34;25.49;86
48098;627;46;2.34;2.34;25.49;86
48112;625;46;2.34;2.34;25.49;86
48121;624;46;2.34;2.34;25.49;86
48133;622;46;2.34;2.34;25.49;86
48144;621;46;2.34;2.34;25.49;86
48151;621;46;2.34;2.34;25.49;86
48163;621;46;2.34;2.34;25.49;86
48172;620;46;2.34;2.34;25.49;86
48182;620;46;2.34;2.34;25.49;86
48199;620;46;2.34;2.34;25.49;86
48213;620;46;2.34;2.34;25.49;86
48222;621;46;2.34;2.34;25.49;86
48233;622;46;2.34;2.34;25.49;86
48242;623;46;2.34;2.34;25.49;86
48251;624;46;2.34;2.34;25.49;86
48263;624;46;2.34;2.34;25.49;86
48273;625;46;2.34;2.34;25.49;86
48281;626;46;2.34;2.34;25.49;86
48298;626;46;2.34;2.34;25.49;86
48314;626;46;2.34;2.34;25.49;86
48323;626;46;2.34;2.34;25.49;86
48332;626;46;2.34;2.34;25.49;86
48343;626;46;2.34;1.56;25.49;86
48352;626;46;2.34;1.56;25.49;86
48362;626;46;2.34;1.56;25.49;86
48374;627;46;2.34;1.56;25.49;86
48384;627;46;2.34;1.56;25.49;86
48397;627;46;2.34;1.56;25.49;86
48413;627;46;2.34;1.56;25.49;86
48422;627;46;2.34;1.56;25.10;86
48432;628;46;2.34;1.56;25.10;86
48443;628;46;2.34;1.56;25.10;86
48451;628;46;2.34;1.56;25.10;86
48462;628;46;2.34;1.56;25.10;86
48474;629;46;2.34;1.56;25.10;86
48483;628;46;2.34;1.56;25.10;86
48501;627;46;2.34;1.56;25.10;86
48513;627;46;2.34;1.56;25.10;86
48522;626;46;2.34;1.56;25.10;86
48534;625;46;2.34;1.56;25.10;86
48542;624;46;2.34;1.56;25.10;86
48551;625;46;2.34;1.56;25.10;86
48561;625;46;2.34;1.56;25.10;86
48573;625;46;2.34;1.56;25.10;86
48581;625;46;2.34;1.56;25.10;86
48598;625;46;2.34;1.56;25.10;86
48613;625;46;2.34;1.56;25.10;86
48624;625;46;2.34;1.56;25.10;86
48633;626;46;2.34;1.56;25.10;86
48643;626;46;2.34;1.56;25.10;86
48654;626;46;2.34;1.56;25.10;86
48662;626;46;2.34;1.56;25.10;86
48673;626;46;2.34;1.56;25.10;86
48682;626;46;2.34;1.56;25.10;86
48699;626;46;2.34;1.56;25.10;86
48714;626;46;2.34;1.56;25.10;86
48723;625;46;2.34;1.56;25.10;86
48732;625;46;2.34;1.56;25.10;86
48742;625;46;2.34;1.56;25.10;86
48753;625;46;2.34;1.56;25.10;86
48763;626;46;2.34;1.56;25.10;86
48772;626;46;2.34;1.56;25.10;86
48783;626;46;2.34;1.56;25.10;86
48799;627;46;2.34;1.56;25.10;86
48811;627;46;2.34;1.56;25.10;86
48821;626;46;2.34;1.56;25.10;86
48832;626;46;2.34;1.56;25.10;86
48842;625;46;2.34;1.56;25.10;86
48852;624;46;2.34;1.56;25.10;86
48863;624;46;3.13;1.56;25.10;86
48873;623;46;3.13;1.56;25.10;86
48884;623;46;3.13;1.56;25.10;86
48905;624;46;3.13;1.56;25.10;86
48914;624;46;3.13;1.56;25.10;86
48922;624;46;3.13;1.56;25.10;86
48933;625;46;3.13;1.56;25.10;86
48943;625;46;3.13;0.78;25.10;86
48954;624;46;3.13;0.78;25.10;86
48963;624;46;3.13;0.78;25.10;86
48974;623;46;3.13;0.78;25.10;86
48984;623;46;3.13;0.78;25.10;86
48999;622;46;3.13;0.78;25.10;86
49013;622;46;3.13;0.78;25.10;86
49022;622;46;3.13;0.78;25.10;86
49035;623;46;3.13;0.78;25.10;86
49043;624;46;3.13;0.78;25.10;86
49052;624;46;3.13;0.78;25.10;86
49063;625;46;3.13;0.78;25.10;86
49075;625;46;3.13;0.78;25.10;86
49084;625;46;3.13;0.78;25.10;86
49098;625;46;3.13;0.78;25.10;86
49112;625;46;3.13;0.78;25.10;86
49123;625;46;3.13;0.78;25.10;86
49132;624;46;3.13;0.78;25.10;86
49144;624;46;3.13;0.78;25.10;86
49152;625;46;3.13;0.78;25.10;86
49163;625;46;3.13;0.78;25.10;86
49175;626;46;3.13;0.78;25.10;86
49185;626;46;3.13;0.78;25.10;86
49199;627;46;3.13;0.78;25.10;86
49213;627;46;3.13;0.78;25.10;86
49222;627;46;3.13;0.78;25.10;86
49233;627;46;3.13;0.78;25.10;86
49243;627;46;3.13;0.78;25.10;86
49252;627;46;3.13;0.78;25.10;86
49263;628;46;3.13;0.78;25.10;86
49272;628;46;3.13;0.78;25.10;86
49284;627;46;3.13;0.78;25.10;86
49299;627;46;3.13;0.78;25.10;86
49312;626;46;3.13;0.78;25.10;86
49324;626;46;3.13;0.78;25.10;86
49332;625;46;3.13;0.78;25.10;86
49344;625;46;3.13;0.78;25.10;86
49353;626;46;3.13;0.78;25.10;86
49362;627;46;3.13;0.78;25.10;86
49372;628;46;3.13;0.78;25.10;86
49384;630;46;3.13;0.78;25.10;86
49399;631;46;3.13;0.78;25.10;86
49413;632;46;3.13;0.78;25.10;86
49423;632;46;3.13;0.78;25.10;86
49434;632;46;3.13;0.78;25.10;86
49443;632;46;3.13;0.78;25.10;86
49452;631;46;3.13;0.78;25.10;86
49463;631;46;3.13;0.78;25.10;86
49472;631;46;3.13;0.78;25.10;86
49483;630;46;3.13;0.78;25.10;86
49499;629;46;3.13;0.78;25.10;86
49513;629;46;3.13;0.78;25.10;86
49523;628;46;3.13;0.78;25.10;86
49533;627;46;3.13;0.78;25.10;86
49542;627;46;3.13;0.78;25.10;86
49552;626;46;3.13;0.78;25.10;86
49563;626;46;3.13;0.78;25.10;86
49575;626;46;3.13;0.78;25.10;86
49598;626;46;3.13;0.78;25.10;86
49612;625;46;3.13;0.78;25.10;86
49624;625;46;3.13;0.78;25.10;86
49632;625;46;3.13;0.78;25.10;86
49642;625;46;3.13;0.78;25.10;86
49654;624;46;3.13;0.78;25.10;86
49665;624;46;3.13;0.78;25.10;86
49674;624;46;3.13;0.78;25.10;86
49682;624;46;3.13;0.78;25.10;86
49700;625;46;3.13;0.78;25.10;86
49714;626;46;3.13;0.78;25.10;86
49722;627;46;3.13;0.78;25.10;86
49734;628;46;3.13;0.78;25.10;86
49743;629;46;3.13;0.78;25.10;86
49752;630;46;3.13;0.78;25.10;86
49762;629;46;3.13;0.78;25.10;86
49773;629;46;3.13;0.78;25.10;86
49782;629;46;3.13;0.78;25.10;86
49800;629;46;3.13;0.78;25.10;86
49814;629;46;3.13;0.78;25.10;86
49823;629;46;3.13;0.78;25.10;86
49834;628;46;3.13;0.78;25.10;86
49843;628;46;3.13;0.78;25.10;86
49853;628;46;3.13;0.78;25.10;86
49862;627;46;3.13;0.78;25.10;86
49874;627;46;3.13;0.78;25.10;86
49884;627;46;3.13;1.56;25.10;86
49906;627;46;3.13;1.56;25.10;86
49922;627;46;3.13;1.56;25.10;86
49935;628;46;3.13;1.56;25.10;86
49944;628;46;3.13;1.56;25.10;86
49955;629;46;3.13;1.56;25.10;86
49963;629;46;3.13;1.56;25.10;86
49974;628;46;3.13;1.56;24.71;86
49983;627;46;3.13;1.56;24.71;86
50001;627;46;3.13;1.56;24.71;86
50014;626;46;3.13;1.56;24.71;86
50023;625;46;2.34;1.56;24.71;86
50035;624;46;2.34;1.56;24.71;86
50043;624;46;2.34;1.56;24.71;86
50052;625;46;2.34;1.56;24.71;86
50064;625;46;2.34;1.56;24.71;86
50074;625;46;2.34;1.56;24.71;86
50083;625;46;2.34;1.56;24.71;86
50098;625;46;2.34;1.56;24.71;86
50114;625;46;2.34;1.56;25.10;86
50123;626;46;2.34;1.56;25.10;86
50132;626;46;2.34;1.56;25.10;86
50143;626;46;2.34;1.56;25.10;86
50153;627;46;2.34;1.56;25.10;86
50164;627;46;2.34;1.56;25.10;86
50173;626;46;2.34;1.56;25.10;86
50184;626;46;2.34;1.56;25.10;86
50198;625;46;2.34;1.56;25.10;86
50214;625;46;2.34;1.56;25.10;86
50223;625;46;2.34;1.56;25.10;86
50232;624;46;2.34;1.56;25.10;86
50242;624;46;2.34;1.56;25.10;86
50254;624;46;2.34;1.56;25.10;86
50263;624;46;2.34;1.56;25.10;86
50272;623;46;2.34;1.56;25.10;86
50284;623;46;2.34;1.56;25.10;86
50300;623;46;2.34;1.56;25.10;86
50315;624;46;2.34;1.56;25.10;86
50333;626;46;2.34;1.56;25.10;86
50343;627;46;2.34;1.56;25.10;86
50353;629;46;2.34;1.56;25.10;86
50361;630;46;1.56;1.56;25.10;86
50373;632;46;1.56;1.56;25.10;86
50382;632;46;1.56;1.56;25.10;86
50398;631;46;1.56;1.56;25.10;86
50412;631;46;1.56;1.56;25.10;86
50424;631;46;1.56;1.56;25.10;86
50432;630;46;1.56;1.56;25.10;86
50444;630;46;1.56;1.56;25.10;86
50453;629;46;1.56;1.56;25.10;86
50462;628;46;1.56;1.56;25.10;86
50474;627;46;1.56;1.56;25.10;86
50483;626;46;1.56;1.56;25.10;86
50500;625;46;1.56;1.56;25.10;86
50514;624;46;1.56;1.56;25.10;86
50522;625;46;1.56;1.56;25.10;86
50534;625;46;1.56;1.56;25.10;86
50543;625;46;1.56;1.56;25.10;86
50551;626;46;1.56;1.56;25.10;86
50564;626;46;1.56;1.56;25.10;86
50572;627;46;1.56;1.56;25.10;86
50582;627;46;1.56;1.56;25.10;86
50599;627;46;1.56;1.56;25.10;86
50614;627;46;1.56;1.56;25.10;86
50623;627;46;1.56;1.56;25.10;86
50631;627;46;1.56;1.56;25.10;86
50643;627;46;1.56;1.56;25.10;86
50651;628;46;1.56;1.56;25.10;86
50662;629;46;1.56;1.56;25.10;86
50674;631;46;1.56;1.56;25.10;86
50683;632;46;1.56;1.56;25.10;86
50700;633;46;1.56;1.56;25.10;86
50712;634;46;1.56;1.56;25.10;86
50722;635;46;1.56;1.56;25.10;86
50733;635;46;1.56;1.56;25.10;86
50742;636;46;1.56;1.56;25.10;86
50753;636;46;1.56;1.56;25.10;86
50760;637;46;1.56;1.56;25.10;86
50773;637;46;1.56;1.56;25.10;86
50782;636;46;1.56;1.56;24.71;86
50798;635;46;1.56;1.56;24.71;86
50814;633;46;1.56;1.56;24.71;86
50822;632;46;1.56;1.56;24.71;86
50832;631;46;1.56;1.56;24.71;86
50843;630;46;1.56;2.34;24.71;86
50852;628;46;1.56;2.34;24.71;86
50862;627;46;1.56;2.34;24.71;86
50872;626;46;1.56;2.34;24.71;86
50882;625;46;1.56;2.34;24.71;86
50902;623;46;1.56;2.34;24.71;86
50914;622;46;1.56;2.34;24.71;86
50922;622;46;1.56;2.34;24.71;86
50933;622;46;1.56;2.34;24.71;86
50943;622;46;1.56;2.34;24.71;86
50952;621;46;1.56;2.34;24.71;86
50962;621;46;1.56;2.34;24.71;86
50973;621;46;1.56;2.34;24.71;86
50982;621;46;1.56;2.34;24.71;86
51000;622;46;1.56;2.34;24.71;86
51015;622;46;1.56;2.34;24.71;86
51032;623;46;1.56;2.34;24.71;86
51042;623;46;1.56;2.34;24.71;86
51051;624;46;1.56;2.34;24.71;86
51062;625;46;1.56;2.34;24.71;86
51074;627;46;1.56;2.34;24.71;86
51081;629;46;1.56;2.34;24.71;86
51098;631;46;1.56;2.34;24.71;86
51112;632;46;1.56;2.34;24.71;86
51122;634;46;1.56;2.34;24.71;86
51132;634;46;1.56;2.34;25.10;86
51141;633;46;1.56;2.34;25.10;86
51153;632;46;1.56;2.34;25.10;86
51161;632;46;1.56;2.34;25.10;86
51172;631;46;1.56;2.34;25.10;86
51183;631;46;1.56;2.34;25.10;86
51199;629;46;1.56;2.34;24.71;86
51211;627;46;1.56;2.34;24.71;86
51223;624;46;1.56;2.34;24.71;86
51233;622;46;1.56;2.34;24.71;86
51243;620;46;1.56;2.34;24.71;86
51255;618;46;1.56;2.34;24.71;86
51265;619;46;1.56;2.34;24.71;86
51271;621;46;1.56;2.34;24.71;86
51283;623;46;1.56;2.34;24.71;86
51298;624;46;1.56;2.34;24.71;86
51313;626;46;1.56;2.34;24.71;86
51322;627;46;1.56;2.34;24.71;86
51330;629;46;1.56;2.34;25.10;86
51341;630;46;1.56;2.34;25.10;86
51352;632;46;1.56;2.34;25.10;86
51362;633;46;1.56;2.34;25.10;86
51374;635;46;1.56;2.34;25.10;86
51382;636;46;1.56;1.56;25.10;86
51398;635;46;1.56;1.56;25.10;86
51411;634;46;1.56;1.56;25.10;86
51423;634;46;1.56;1.56;25.10;86
51431;633;46;1.56;1.56;25.10;86
51443;632;46;1.56;1.56;25.10;86
51452;631;46;1.56;1.56;25.10;86
51463;630;46;1.56;1.56;25.10;86
51472;630;46;1.56;1.56;25.10;86
51484;629;46;1.56;1.56;25.10;86
51499;628;46;1.56;1.56;25.10;86
51513;628;46;1.56;1.56;25.10;86
51522;627;46;1.56;1.56;25.10;86
51533;625;46;1.56;1.56;24.71;86
51542;623;46;1.56;1.56;24.71;86
51553;621;46;1.56;1.56;24.71;86
51562;619;46;1.56;1.56;24.71;86
51571;617;46;1.56;1.56;24.71;86
51582;615;46;1.56;1.56;24.71;86
51598;616;46;1.56;1.56;25.10;86
51614;616;46;1.56;1.56;25.10;86
51623;616;46;1.56;1.56;25.10;86
51632;616;46;1.56;1.56;25.10;86
51641;616;46;2.34;1.56;25.10;86
51651;616;46;2.34;1.56;25.10;86
51662;618;46;2.34;1.56;25.10;86
51673;620;46;2.34;1.56;25.10;86
51682;622;46;2.34;1.56;25.10;86
51698;624;46;2.34;1.56;25.10;86
51713;627;46;2.34;1.56;25.10;86
51721;629;46;2.34;1.56;25.10;86
51732;629;46;2.34;1.56;25.10;86
51745;630;46;2.34;1.56;25.10;86
51753;630;46;2.34;1.56;25.10;86
51762;631;46;2.34;1.56;25.10;86
51773;631;46;2.34;1.56;25.10;86
51781;632;46;2.34;1.56;25.10;86
51797;631;46;2.34;1.56;25.10;86
51811;631;46;2.34;1.56;25.10;86
51822;630;46;2.34;1.56;25.10;86
51833;630;46;2.34;1.56;25.10;86
51843;629;46;2.34;1.56;25.10;86
51852;628;46;2.34;1.56;25.10;86
51862;628;46;2.34;1.56;25.10;86
51873;627;46;2.34;1.56;25.10;86
51882;626;46;2.34;1.56;25.10;86
51904;625;46;2.34;1.56;25.10;86
51911;624;46;2.34;1.56;25.10;86
51923;623;46;2.34;1.56;25.10;86
51933;623;46;2.34;1.56;25.10;86
51943;624;46;2.34;1.56;25.10;86
51952;624;46;2.34;1.56;25.10;86
51962;624;46;2.34;1.56;25.10;86
51973;624;46;3.13;1.56;25.10;86
51982;624;46;3.13;1.56;25.10;86
51999;625;46;3.13;1.56;25.10;86
52013;626;46;3.13;1.56;25.10;86
52024;626;46;3.13;1.56;25.10;86
52033;627;46;3.13;1.56;25.10;86
52042;628;46;3.13;1.56;25.10;86
52054;628;46;3.13;1.56;25.10;86
52063;629;46;3.13;1.56;25.10;86
52072;629;46;3.13;1.56;25.10;86
52083;629;46;3.13;1.56;25.10;86
52100;629;46;3.13;1.56;25.10;86
52113;629;46;3.13;1.56;25.10;86
52122;629;46;3.13;1.56;25.10;86
52131;629;46;3.13;1.56;25.10;86
52142;628;46;3.13;1.56;25.10;86
52151;627;46;3.13;1.56;25.10;86
52161;627;46;3.13;1.56;25.10;86
52174;626;46;3.13;1.56;25.10;86
52183;625;46;3.13;1.56;25.10;86
52198;625;46;3.13;1.56;25.10;86
52213;625;46;3.13;1.56;25.10;86
52221;625;46;3.13;1.56;25.10;86
52232;625;46;3.13;1.56;25.10;86
52241;625;46;3.13;1.56;25.10;86
52252;624;46;3.13;1.56;25.10;86
52263;625;46;3.13;1.56;25.10;86
52271;626;46;3.13;1.56;25.10;86
52283;627;46;3.13;1.56;25.10;86
52299;628;46;3.13;1.56;25.10;86
52313;629;46;3.13;1.56;25.10;86
52322;630;46;3.13;1.56;25.10;86
52333;631;46;3.13;1.56;25.10;86
52342;631;46;3.13;1.56;25.10;86
52352;632;46;3.13;1.56;25.10;86
52364;633;46;3.13;1.56;25.10;86
52373;633;46;3.13;1.56;25.10;86
52381;634;46;3.13;1.56;25.10;86
52398;633;46;3.13;1.56;24.71;86
52412;632;46;3.13;1.56;24.71;86
52421;631;46;3.13;1.56;24.71;86
52433;631;46;3.13;1.56;24.71;86
52443;630;46;3.13;1.56;24.71;86
52452;629;46;3.13;1.56;24.71;86
52463;628;46;3.13;1.56;24.71;86
52472;627;46;3.13;1.56;24.71;86
52483;626;46;3.13;1.56;24.71;86
52500;626;46;3.13;1.56;24.71;86
52512;625;46;3.13;1.56;24.71;86
52521;624;46;3.13;1.56;24.71;86
52533;624;46;3.13;1.56;24.71;86
52543;624;46;3.13;1.56;24.71;86
52553;624;46;3.13;1.56;24.71;86
52561;624;46;3.13;1.56;24.71;86
52574;624;46;3.13;1.56;24.71;86
52584;624;46;3.13;1.56;24.71;86
52598;626;46;3.13;1.56;25.10;86
52612;627;46;3.13;1.56;25.10;86
52622;628;46;3.13;1.56;25.10;86
52632;629;46;3.13;1.56;25.10;86
52643;631;46;3.13;1.56;25.10;86
52652;632;46;3.13;1.56;25.10;86
52662;631;46;3.13;1.56;25.10;86
52671;630;46;3.13;1.56;25.10;86
52684;629;46;3.13;1.56;25.10;86
52699;628;46;3.13;1.56;25.10;86
52712;627;46;3.13;1.56;25.10;86
52723;626;46;3.13;1.56;25.10;86
52732;626;46;3.13;1.56;24.71;86
52741;625;46;3.13;1.56;24.71;86
52752;625;46;3.13;1.56;24.71;86
52763;625;46;3.13;1.56;24.71;86
52773;624;46;3.13;1.56;24.71;86
52781;624;46;3.13;1.56;24.71;86
52800;625;46;3.13;1.56;25.10;86
52812;626;46;3.13;1.56;25.10;86
52824;627;46;3.13;1.56;25.10;86
52833;628;46;3.13;1.56;25.10;86
52842;629;46;3.13;1.56;25.10;86
52854;630;46;3.13;2.34;25.10;86
52863;630;46;3.13;2.34;24.71;86
52873;630;46;3.13;2.34;24.71;86
52882;630;46;3.13;2.34;24.71;86
52906;630;46;3.13;2.34;24.71;86
52922;630;46;3.13;2.34;24.71;86
52932;630;46;3.13;2.34;24.71;86
52943;629;46;3.13;2.34;24.71;86
52953;629;46;3.13;2.34;24.71;86
52962;628;46;3.13;2.34;24.71;86
52973;628;46;3.13;2.34;24.71;86
52981;628;46;3.13;2.34;24.71;86
52997;627;46;3.13;2.34;24.71;86
53014;628;46;3.13;2.34;25.10;86
53023;629;46;3.13;2.34;25.10;86
53034;629;46;3.13;2.34;25.10;86
53043;630;46;3.13;2.34;25.10;86
53054;631;46;3.13;2.34;25.10;86
53062;631;46;3.13;2.34;25.10;86
53073;631;46;3.13;2.34;24.71;86
53084;630;46;3.13;2.34;24.71;86
53099;630;46;3.13;2.34;24.71;86
53113;629;46;3.13;2.34;24.71;86
53123;628;46;3.13;2.34;24.71;86
53133;628;46;3.13;2.34;24.71;86
53143;628;46;3.13;2.34;24.71;86
53153;628;46;3.13;2.34;24.71;86
53161;629;46;3.13;2.34;24.71;86
53173;629;46;3.13;2.34;24.71;86
53182;629;46;3.13;2.34;24.71;86
53198;629;46;3.13;2.34;24.71;86
53212;630;46;3.13;2.34;24.71;86
53225;630;46;3.13;2.34;24.71;86
53233;630;46;3.13;2.34;24.71;86
53242;631;46;3.13;2.34;24.71;86
53253;631;46;3.13;2.34;24.71;86
53262;631;46;3.13;2.34;24.71;86
53272;631;46;3.13;2.34;24.71;86
53282;631;46;3.13;2.34;24.71;86
53299;631;46;3.13;2.34;24.71;86
53314;631;46;3.13;2.34;24.71;86
53323;631;46;3.13;2.34;24.71;86
53333;631;46;3.13;2.34;24.71;86
53344;631;46;3.13;2.34;24.71;86
53352;631;46;3.13;2.34;24.71;86
53365;631;46;3.13;2.34;24.71;86
53373;631;46;3.13;2.34;24.71;86
53382;632;46;3.13;2.34;24.71;86
53399;632;46;3.13;2.34;24.71;86
53413;631;46;3.13;2.34;24.71;86
53422;630;46;3.13;2.34;24.71;86
53433;630;46;3.13;2.34;24.71;86
53443;629;46;3.13;2.34;24.71;86
53454;628;46;3.13;2.34;24.71;86
53463;628;46;3.13;2.34;24.71;86
53472;628;46;3.13;2.34;24.71;86
53483;628;46;3.13;2.34;24.71;86
53499;627;46;3.13;2.34;24.71;86
53512;627;46;3.13;2.34;24.71;86
53524;627;46;3.13;2.34;24.71;86
53534;627;46;3.13;2.34;24.71;86
53543;627;46;3.13;2.34;24.71;86
53553;627;46;3.13;2.34;24.71;86
53564;627;46;3.13;2.34;24.71;86
53572;626;46;3.13;2.34;24.71;86
53585;626;46;3.13;2.34;24.71;86
53598;626;46;3.13;2.34;24.71;86
53613;626;46;3.13;2.34;24.71;86
53625;627;46;3.13;2.34;24.71;86
53643;627;46;3.13;2.34;24.71;86
53653;628;46;3.13;2.34;24.71;86
53662;628;46;3.13;2.34;24.71;86
53672;629;46;3.13;2.34;24.71;86
53684;628;46;3.13;2.34;24.71;86
53700;627;46;3.13;2.34;24.71;86
53712;626;46;3.13;2.34;24.71;86
53723;626;46;3.13;2.34;24.71;86
53732;625;46;3.13;2.34;24.71;86
53742;624;46;3.13;2.34;24.71;86
53754;625;46;3.13;2.34;24.71;86
53762;625;46;3.13;2.34;24.71;86
53772;626;46;3.13;2.34;24.71;86
53783;626;46;3.13;2.34;24.71;86
53798;627;46;3.13;2.34;24.71;86
53814;628;46;3.13;2.34;24.71;86
53825;627;46;3.13;2.34;24.71;86
53834;627;46;3.13;2.34;24.71;86
53842;626;46;3.13;2.34;24.71;86
53854;626;46;3.13;2.34;24.71;86
53862;626;46;3.13;2.34;24.71;86
53873;625;46;3.13;2.34;24.71;86
53883;624;46;3.13;2.34;25.10;86
53905;624;46;3.13;2.34;25.10;86
53923;623;46;3.13;2.34;25.10;86
53933;622;46;3.13;2.34;25.10;86
53943;622;46;3.13;2.34;25.10;86
53952;621;46;3.13;2.34;25.10;86
53962;622;46;3.13;2.34;25.10;86
53973;624;46;3.13;2.34;25.10;86
53983;625;46;3.13;2.34;25.10;86
54001;626;46;3.13;2.34;25.10;86
54013;628;46;3.13;2.34;25.10;86
54022;629;46;3.13;2.34;25.10;86
54034;628;46;3.13;2.34;25.10;86
54043;627;46;3.13;2.34;25.10;86
54052;626;46;3.13;2.34;25.10;86
54063;625;46;3.13;2.34;25.10;86
54072;625;46;3.13;2.34;25.10;86
54082;624;46;3.13;2.34;25.10;86
54099;624;46;3.13;2.34;25.10;86
54114;624;46;3.13;2.34;25.10;86
54124;624;46;3.13;2.34;25.10;86
54133;624;46;3.13;2.34;25.10;86
54144;624;46;2.34;2.34;25.10;86
54154;624;46;2.34;2.34;25.10;86
54163;624;46;2.34;2.34;25.10;86
54174;624;46;2.34;2.34;25.10;86
54183;624;46;2.34;2.34;25.10;86
54198;624;46;2.34;2.34;25.10;86
54215;624;46;2.34;2.34;25.10;86
54224;625;46;2.34;2.34;25.10;86
54233;625;46;2.34;2.34;25.10;86
54245;624;46;2.34;2.34;25.10;86
54263;624;46;2.34;2.34;25.10;86
54275;624;46;2.34;2.34;25.10;86
54283;624;46;2.34;2.34;25.10;86
54300;624;46;2.34;2.34;25.10;86
54314;624;46;2.34;2.34;25.10;86
54323;624;46;2.34;2.34;25.10;86
54333;624;46;2.34;2.34;25.10;86
54342;625;46;2.34;2.34;25.10;86
54354;625;46;2.34;2.34;25.10;86
54362;625;46;2.34;2.34;25.10;86
54373;626;46;2.34;2.34;25.10;86
54382;626;46;2.34;2.34;25.10;86
54401;627;46;2.34;2.34;25.10;86
54413;628;46;2.34;2.34;25.10;86
54423;629;46;2.34;2.34;25.10;86
54435;630;46;2.34;2.34;25.10;86
54441;629;46;2.34;2.34;25.10;86
54454;629;46;2.34;2.34;25.10;86
54461;629;46;2.34;2.34;25.10;86
54472;629;46;2.34;2.34;25.10;86
54483;628;46;2.34;2.34;25.10;86
54500;628;46;2.34;2.34;25.10;86
54513;627;46;2.34;2.34;25.10;86
54522;627;46;2.34;2.34;25.10;86
54534;626;46;2.34;2.34;25.10;86
54542;625;46;2.34;2.34;25.10;86
54552;624;46;2.34;2.34;25.10;86
54562;623;46;2.34;2.34;25.10;86
54573;622;46;2.34;2.34;25.10;86
54580;621;46;2.34;2.34;25.10;86
54597;619;46;2.34;2.34;25.10;86
54613;618;46;2.34;2.34;25.10;86
54622;617;46;2.34;2.34;25.10;86
54631;615;46;2.34;2.34;25.10;86
54644;616;46;2.34;2.34;25.10;86
54652;616;46;2.34;2.34;25.10;86
54665;616;46;2.34;2.34;25.10;86
54673;616;46;2.34;2.34;25.10;86
54681;616;46;2.34;2.34;25.10;86
54700;616;46;2.34;2.34;25.10;86
54714;618;46;2.34;2.34;25.49;86
54723;621;46;2.34;2.34;25.49;86
54733;623;46;2.34;2.34;25.49;86
54743;625;46;2.34;2.34;25.49;86
54751;627;46;2.34;2.34;25.49;86
54760;630;46;2.34;2.34;25.49;86
54774;630;46;2.34;2.34;25.10;86
54783;630;46;2.34;2.34;25.10;86
54798;630;46;2.34;2.34;25.10;86
54813;630;46;2.34;2.34;25.10;86
54825;630;46;2.34;2.34;25.10;86
54842;630;46;2.34;2.34;25.10;86
54851;629;46;2.34;2.34;25.10;86
54862;628;46;2.34;2.34;25.10;86
54872;626;46;2.34;2.34;25.10;86
54880;625;46;2.34;2.34;25.10;86
54906;624;46;2.34;2.34;25.10;86
54921;623;46;2.34;2.34;25.10;86
54933;623;46;2.34;2.34;25.10;86
54942;624;46;2.34;2.34;25.10;86
54952;625;46;2.34;2.34;25.10;86
54962;625;46;2.34;2.34;25.10;86
54970;626;46;2.34;2.34;25.10;86
54980;626;46;2.34;2.34;25.10;86
54996;626;46;2.34;2.34;25.10;86
55011;625;46;2.34;2.34;25.10;86
55023;625;46;2.34;2.34;25.10;86
55033;625;46;2.34;2.34;25.10;86
55042;624;46;2.34;2.34;25.10;86
55051;624;46;2.34;2.34;25.10;86
55062;625;46;2.34;2.34;25.10;86
55072;626;46;2.34;2.34;25.10;86
55081;626;46;2.34;2.34;25.10;86
55101;627;46;2.34;2.34;25.10;86
55112;628;46;2.34;2.34;25.10;86
55121;629;46;2.34;2.34;25.10;86
55130;628;46;2.34;2.34;25.10;86
55143;628;46;2.34;2.34;25.10;86
55152;627;46;2.34;2.34;25.10;86
55163;627;46;2.34;2.34;25.10;86
55173;626;46;2.34;2.34;25.10;86
55181;625;46;2.34;2.34;25.10;86
55198;626;46;2.34;2.34;25.10;86
55212;626;46;2.34;2.34;25.10;86
55224;626;46;2.34;2.34;25.10;86
55232;626;46;2.34;2.34;25.10;86
55241;626;46;2.34;2.34;25.10;86
55253;626;46;2.34;2.34;25.10;86
55261;627;46;2.34;2.34;25.10;86
55273;627;46;2.34;2.34;25.10;86
55282;627;46;2.34;2.34;25.10;86
55298;627;46;2.34;2.34;25.10;86
55312;627;46;2.34;2.34;25.10;86
55322;628;46;2.34;2.34;25.10;86
55333;628;46;2.34;2.34;25.10;86
55342;628;46;2.34;2.34;25.10;86
55353;628;46;2.34;2.34;25.10;86
55363;628;46;2.34;2.34;25.10;86
55372;628;46;2.34;2.34;25.10;86
55383;628;46;2.34;2.34;25.10;86
55400;628;46;2.34;2.34;25.10;86
55414;628;46;2.34;2.34;25.10;86
55423;628;46;2.34;2.34;25.10;86
55432;628;46;2.34;2.34;25.10;86
55444;628;46;2.34;2.34;25.10;86
55451;629;46;2.34;2.34;25.10;86
55464;628;46;2.34;2.34;25.10;86
55474;628;46;2.34;2.34;25.10;86
55486;628;46;2.34;2.34;25.10;86
55512;628;46;2.34;2.34;25.10;86
55523;628;46;3.13;2.34;25.10;86
55531;628;46;3.13;2.34;25.10;86
55542;627;46;3.13;2.34;25.10;86
55553;627;46;3.13;2.34;25.10;86
55562;626;46;3.13;2.34;25.10;86
55571;626;46;3.13;2.34;25.10;86
55582;625;46;3.13;2.34;25.10;86
55598;625;46;3.13;2.34;25.10;86
55613;624;46;3.13;2.34;24.71;86
55623;623;46;3.13;2.34;24.71;86
55631;622;46;3.13;2.34;24.71;86
55641;621;46;3.13;2.34;24.71;86
55652;620;46;3.13;2.34;24.71;86
55662;619;46;3.13;2.34;24.71;86
55671;621;46;3.13;2.34;25.10;86
55684;622;46;3.13;2.34;25.10;86
55700;623;46;3.13;2.34;25.10;86
55711;624;46;3.13;2.34;25.10;86
55721;625;46;3.13;2.34;25.10;86
55733;626;46;3.13;2.34;25.10;86
55743;627;46;3.13;2.34;25.10;86
55751;627;46;3.13;2.34;25.10;86
55762;627;46;3.13;2.34;25.10;86
55773;627;46;3.13;2.34;25.10;86
55783;627;46;3.13;2.34;25.10;86
55798;627;46;3.13;2.34;25.10;86
55813;627;46;3.13;2.34;25.10;86
55822;627;46;3.13;2.34;25.10;86
55832;627;46;3.13;2.34;25.10;86
55841;627;46;3.13;2.34;25.10;86
55852;627;46;3.13;2.34;25.10;86
55863;627;46;3.13;2.34;25.10;86
55874;627;46;3.13;2.34;25.10;86
55883;628;46;3.13;2.34;25.10;86
55904;628;46;3.13;2.34;25.10;86
55911;628;46;3.13;2.34;25.10;86
55925;629;46;3.13;2.34;25.10;86
55933;629;46;3.13;2.34;25.10;86
55941;628;46;3.13;2.34;25.10;86
55954;628;46;3.13;2.34;25.10;86
55963;627;46;3.13;2.34;25.10;86
55972;626;46;3.13;2.34;25.10;86
55981;626;46;3.13;2.34;25.10;86
55998;625;46;3.13;2.34;25.10;86
56013;625;46;3.13;2.34;25.10;86
56021;624;46;3.13;2.34;25.10;86
56034;623;46;3.13;2.34;25.10;86
56041;623;46;3.13;2.34;25.10;86
56053;622;46;3.13;2.34;25.10;86
56064;622;46;3.13;2.34;25.10;86
56072;623;46;3.13;2.34;24.71;86
56081;625;46;3.13;2.34;24.71;86
56098;627;46;3.13;2.34;24.71;86
56113;628;46;3.13;2.34;24.71;86
56123;630;46;3.13;2.34;24.71;86
56131;631;46;3.13;2.34;24.71;86
56141;631;46;3.13;2.34;24.71;86
56152;630;46;3.13;2.34;24.71;86
56161;630;46;3.13;2.34;24.71;86
56173;629;46;3.13;2.34;24.71;86
56182;628;46;3.13;2.34;24.71;86
56197;628;46;3.13;2.34;24.71;86
56213;627;46;3.13;2.34;25.10;86
56222;627;46;3.13;2.34;25.10;86
56231;627;46;3.13;2.34;25.10;86
56244;627;46;3.13;2.34;25.10;86
56253;626;46;3.13;2.34;25.10;86
56263;626;46;3.13;2.34;25.10;86
56273;626;46;3.13;2.34;24.71;86
56282;626;46;3.13;2.34;24.71;86
56300;625;46;3.13;2.34;24.71;86
56314;625;46;3.13;2.34;24.71;86
56323;625;46;3.13;2.34;24.71;86
56332;625;46;3.13;2.34;24.71;86
56342;624;46;3.13;2.34;24.71;86
56352;623;46;3.13;2.34;24.71;86
56361;623;46;3.13;2.34;24.71;86
56374;622;46;3.13;2.34;24.71;86
56384;622;46;3.13;2.34;24.71;86
56398;621;46;3.13;2.34;24.71;86
56412;622;46;3.13;2.34;25.10;86
56423;623;46;3.13;2.34;25.10;86
56431;624;46;3.13;2.34;25.10;86
56444;624;46;3.13;2.34;25.10;86
56456;625;46;3.13;2.34;25.10;86
56471;626;46;3.13;2.34;25.10;86
56482;626;46;3.13;2.34;25.10;86
56497;626;46;3.13;2.34;25.10;86
56512;626;46;3.13;2.34;25.10;86
56523;626;46;3.13;2.34;25.10;86
56532;626;46;3.13;2.34;25.10;86
56542;626;46;3.13;2.34;25.10;86
56552;626;46;3.13;2.34;25.10;86
56563;626;46;3.13;2.34;25.10;86
56573;626;46;3.13;2.34;25.10;86
56581;625;46;3.13;2.34;25.10;86
56598;625;46;3.13;2.34;25.10;86
56613;625;46;3.13;2.34;25.10;86
56623;625;46;3.13;2.34;25.10;86
56633;625;46;3.13;2.34;25.10;86
56642;625;46;3.13;2.34;25.10;86
56653;625;46;3.13;2.34;25.10;86
56661;625;46;2.34;2.34;25.10;86
56673;625;46;2.34;2.34;25.10;86
56684;625;46;2.34;2.34;25.10;86
56698;626;46;2.34;2.34;25.10;86
56713;626;46;2.34;2.34;25.10;86
56723;627;46;2.34;2.34;25.10;86
56732;627;46;2.34;2.34;25.10;86
56744;627;46;2.34;2.34;25.10;86
56752;627;46;2.34;2.34;25.10;86
56764;626;46;2.34;2.34;25.10;86
56775;626;46;2.34;2.34;25.10;86
56798;625;46;2.34;2.34;25.10;86
56813;624;46;2.34;2.34;25.10;86
56823;624;46;2.34;2.34;25.10;86
56832;624;46;2.34;2.34;25.10;86
56844;624;46;2.34;2.34;25.10;86
56853;624;46;2.34;2.34;25.10;86
56862;624;46;2.34;2.34;25.10;86
56874;624;46;2.34;2.34;25.10;86
56882;624;46;2.34;2.34;25.10;86
56905;624;46;2.34;2.34;25.10;86
56923;624;46;2.34;2.34;25.10;86
56933;624;46;2.34;2.34;25.10;86
56942;624;46;2.34;2.34;25.10;86
56953;624;46;2.34;2.34;25.10;86
56964;624;46;2.34;2.34;25.10;86
56973;624;46;2.34;2.34;25.10;86
56984;624;46;2.34;2.34;25.10;86
56998;625;46;2.34;2.34;25.10;86
57013;625;46;2.34;2.34;25.10;86
57024;626;46;2.34;2.34;25.10;86
57033;626;46;2.34;2.34;25.10;86
57043;626;46;2.34;2.34;25.10;86
57052;626;46;2.34;2.34;25.10;86
57063;625;46;2.34;2.34;25.10;86
57073;625;46;2.34;2.34;25.10;86
57082;625;46;2.34;2.34;25.10;86
57098;625;46;2.34;2.34;25.10;86
57112;625;46;2.34;2.34;25.10;86
57122;625;46;2.34;2.34;25.10;86
57133;624;46;2.34;2.34;25.10;86
57144;624;46;2.34;2.34;25.10;86
57153;624;46;2.34;2.34;25.10;86
57161;624;46;2.34;2.34;25.10;86
57174;625;46;2.34;2.34;25.10;86
57183;625;46;2.34;2.34;25.10;86
57198;625;46;2.34;2.34;25.10;86
57211;626;46;2.34;2.34;25.10;86
57222;626;46;2.34;2.34;25.10;86
57234;626;46;2.34;2.34;25.10;86
57244;626;46;2.34;2.34;25.10;86
57253;626;46;2.34;2.34;25.10;86
57261;626;46;2.34;2.34;25.10;86
57273;626;46;2.34;2.34;25.10;86
57282;626;46;2.34;2.34;25.10;86
57297;626;46;2.34;2.34;25.10;86
57312;625;46;2.34;2.34;25.10;86
57323;624;46;2.34;2.34;25.10;86
57333;623;46;2.34;2.34;25.10;86
57342;622;46;2.34;2.34;25.10;86
57353;621;46;2.34;2.34;25.10;86
57361;620;46;2.34;2.34;25.10;86
57372;619;46;2.34;2.34;25.10;86
57384;619;46;2.34;2.34;25.10;86
57398;618;46;2.34;2.34;25.10;86
57412;618;46;2.34;2.34;25.10;86
57423;617;46;2.34;2.34;25.10;86
57435;617;46;2.34;2.34;25.10;86
57444;617;46;2.34;2.34;25.10;86
57454;618;46;2.34;2.34;25.10;86
57462;618;46;2.34;2.34;25.10;86
57472;619;46;2.34;2.34;25.10;86
57484;619;46;2.34;2.34;25.10;86
57501;620;46;2.34;2.34;25.10;86
57512;621;46;2.34;2.34;25.10;86
57523;622;46;2.34;2.34;25.10;86
57533;623;46;2.34;2.34;25.10;86
57542;624;46;2.34;2.34;25.10;86
57553;625;46;2.34;2.34;25.10;86
57564;626;46;2.34;2.34;25.10;86
57573;626;46;2.34;2.34;25.10;86
57582;626;46;2.34;2.34;25.10;86
57599;626;46;2.34;2.34;25.10;86
57613;626;46;2.34;2.34;25.10;86
57623;627;46;2.34;2.34;25.10;86
57634;627;46;2.34;2.34;25.10;86
57644;626;46;2.34;2.34;25.10;86
57652;625;46;2.34;2.34;25.10;86
57662;624;46;2.34;2.34;25.10;86
57674;623;46;2.34;2.34;25.10;86
57682;622;46;2.34;2.34;25.10;86
57699;621;46;2.34;1.56;25.10;86
57712;621;46;2.34;1.56;25.10;86
57723;620;46;2.34;1.56;25.10;86
57733;620;46;2.34;1.56;25.10;86
57743;620;46;2.34;1.56;25.10;86
57752;619;46;2.34;1.56;25.10;86
57762;619;46;2.34;1.56;25.10;86
57772;620;46;2.34;1.56;25.10;86
57783;620;46;2.34;1.56;25.10;86
57798;621;46;2.34;1.56;25.10;86
57815;622;46;2.34;1.56;25.10;86
57824;622;46;2.34;1.56;25.10;86
57833;623;46;2.34;1.56;25.10;86
57844;623;46;2.34;1.56;25.10;86
57852;624;46;2.34;1.56;25.10;86
57865;624;46;2.34;1.56;25.10;86
57874;625;46;2.34;1.56;25.10;86
57882;625;46;2.34;1.56;25.10;86
57907;625;46;2.34;1.56;25.10;86
57924;624;46;2.34;1.56;25.10;86
57933;622;46;2.34;1.56;25.10;86
57944;621;46;2.34;1.56;25.10;86
57953;619;46;2.34;1.56;25.10;86
57964;618;46;2.34;1.56;25.10;86
57973;616;46;2.34;2.34;25.10;86
57983;617;46;2.34;2.34;25.49;86
57999;618;46;2.34;2.34;25.49;86
58012;619;46;2.34;2.34;25.49;86
58023;620;46;2.34;2.34;25.49;86
58033;621;46;2.34;2.34;25.49;86
58042;622;46;2.34;2.34;25.49;86
58053;623;46;2.34;2.34;25.49;86
58063;624;46;2.34;2.34;25.49;86
58072;625;46;2.34;2.34;25.49;86
58083;625;46;2.34;2.34;25.49;86
58100;626;46;2.34;2.34;25.49;86
58113;627;46;2.34;2.34;25.49;86
58122;627;46;2.34;2.34;25.49;86
58133;627;46;2.34;2.34;25.49;86
58144;627;46;2.34;2.34;25.49;86
58153;627;46;2.34;2.34;25.49;86
58162;626;46;2.34;2.34;25.49;86
58174;626;46;2.34;2.34;25.49;86
58183;626;46;2.34;2.34;25.49;86
58197;626;46;2.34;2.34;25.49;86
58214;626;46;2.34;2.34;25.49;86
58223;626;46;2.34;2.34;25.49;86
58232;626;46;2.34;2.34;25.49;86
58244;626;46;2.34;2.34;25.49;86
58253;626;46;2.34;2.34;25.49;86
58263;626;46;2.34;2.34;25.49;86
58274;626;46;2.34;2.34;25.49;86
58284;626;46;2.34;2.34;25.49;86
58300;627;46;2.34;2.34;25.49;86
58312;627;46;2.34;2.34;25.49;86
58322;627;46;2.34;2.34;25.49;86
58334;628;46;2.34;2.34;25.49;86
58343;628;46;2.34;2.34;25.49;86
58352;629;46;2.34;2.34;25.49;86
58363;629;46;3.13;2.34;25.49;86
58372;630;46;3.13;2.34;25.49;86
58383;630;46;3.13;2.34;25.49;86
58400;631;46;3.13;2.34;25.49;86
58413;632;46;3.13;2.34;25.49;86
58423;633;46;3.13;2.34;25.49;86
58432;634;46;3.13;2.34;25.49;86
58444;634;46;3.13;2.34;25.49;86
58455;634;46;3.13;2.34;25.49;86
58463;633;46;3.13;2.34;25.49;86
58472;632;46;3.13;2.34;25.49;86
58484;632;46;3.13;2.34;25.49;86
58500;631;46;3.13;2.34;25.49;86
58513;630;46;3.13;2.34;25.49;86
58522;631;46;3.13;2.34;25.49;86
58534;632;46;3.13;2.34;25.49;86
58543;632;46;3.13;2.34;25.49;86
58554;633;46;3.13;2.34;25.49;86
58563;634;46;3.13;2.34;25.49;86
58575;635;46;3.13;2.34;25.49;86
58584;635;46;3.13;2.34;25.49;86
58596;636;46;3.13;2.34;25.49;86
58613;637;46;3.13;2.34;25.49;86
58622;638;46;3.13;2.34;25.49;86
58634;639;46;3.13;2.34;25.49;86
58644;640;46;3.13;2.34;25.49;86
58652;640;46;3.13;2.34;25.49;86
58664;641;46;3.13;2.34;25.49;86
58674;642;46;3.13;2.34;25.49;86
58682;642;46;3.13;2.34;25.49;86
58701;643;46;3.13;2.34;25.49;86
58712;644;46;3.13;2.34;25.49;86
58723;643;46;3.13;2.34;25.49;86
58734;642;46;3.13;2.34;25.49;86
58743;642;46;3.13;2.34;25.49;86
58754;641;46;3.13;2.34;25.49;86
58762;640;46;3.13;2.34;25.49;86
58775;640;46;3.13;2.34;25.49;86
58798;640;46;3.13;2.34;25.10;86
58814;640;46;3.13;2.34;25.10;86
58822;640;46;3.13;2.34;25.10;86
58834;640;46;3.13;2.34;25.10;86
58843;640;46;3.13;2.34;25.10;86
58852;640;46;3.13;2.34;25.10;86
58862;640;46;3.13;2.34;25.10;86
58873;640;46;3.13;2.34;25.10;86
58881;640;46;3.13;2.34;25.10;86
58904;639;46;3.13;2.34;25.10;86
58910;639;46;3.13;2.34;25.10;86
58924;639;46;3.13;2.34;25.10;86
58933;640;46;3.13;2.34;25.10;86
58942;641;46;3.13;2.34;25.10;86
58954;642;46;3.13;2.34;25.10;86
58963;643;46;3.13;2.34;25.10;86
58974;644;46;3.13;2.34;25.10;86
58985;645;46;3.13;2.34;25.10;86
58999;646;46;3.13;2.34;25.10;86
59010;647;46;3.13;2.34;25.10;86
59020;648;46;3.13;2.34;25.10;86
59034;649;46;3.13;2.34;25.10;86
59042;649;46;3.13;2.34;25.10;86
59051;650;46;3.13;3.13;25.10;86
59063;649;46;3.13;3.13;25.10;86
59072;648;46;3.13;3.13;25.10;86
59082;647;46;3.13;3.13;25.10;86
59098;646;46;3.13;3.13;25.10;86
59113;645;46;3.13;3.13;25.10;86
59125;644;46;3.13;3.13;25.10;86
59132;646;46;3.13;3.13;25.10;86
59142;647;46;3.13;3.13;25.10;86
59153;649;46;3.13;3.13;25.10;86
59161;650;46;3.13;3.13;25.10;86
59173;652;46;3.13;3.13;25.10;86
59184;653;46;3.13;3.13;25.10;86
59197;653;46;3.13;3.13;25.10;86
59216;652;46;3.13;3.13;25.10;86
59234;652;46;3.13;3.13;25.10;86
59242;651;46;3.13;3.13;25.10;86
59253;650;46;3.13;3.13;25.10;86
59263;650;46;3.13;3.13;25.10;86
59272;650;46;3.13;3.13;25.10;86
59281;649;46;3.13;3.13;25.10;86
59299;649;46;3.13;3.13;25.10;86
59311;649;46;3.13;3.13;25.10;86
59324;649;46;3.13;3.13;25.10;86
59333;648;46;3.13;3.13;25.10;86
59341;649;46;3.13;3.13;25.10;86
59353;649;46;3.13;3.13;25.10;86
59362;650;46;3.13;3.13;25.10;86
59373;650;46;3.13;3.13;25.10;86
59382;650;46;2.34;3.13;25.10;86
59400;651;46;2.34;3.13;25.10;86
59412;650;46;2.34;3.13;25.10;86
59422;649;46;2.34;3.13;25.10;86
59435;649;46;2.34;3.13;25.10;86
59452;648;46;2.34;3.13;25.10;86
59464;647;46;2.34;3.13;25.10;86
59470;647;46;2.34;3.13;25.10;86
59482;648;46;2.34;3.13;25.10;86
59499;650;46;2.34;3.13;25.10;86
59510;652;46;2.34;3.13;25.10;86
59523;653;46;2.34;3.13;25.10;86
59533;655;46;2.34;3.13;25.10;86
59544;657;46;2.34;2.34;25.10;86
59553;656;46;2.34;2.34;25.10;86
59562;654;46;2.34;2.34;25.10;86
59571;653;46;2.34;2.34;25.10;86
59583;652;46;2.34;2.34;25.10;86
59598;651;46;2.34;2.34;25.10;86
59613;649;46;2.34;2.34;25.10;86
59622;649;46;2.34;2.34;25.10;86
59633;649;46;2.34;2.34;25.10;86
59642;649;46;2.34;2.34;25.10;86
59650;649;46;2.34;2.34;25.10;86
59662;649;46;2.34;2.34;25.10;86
59672;649;46;2.34;2.34;25.10;86
59683;651;46;2.34;2.34;25.10;86
59700;652;46;2.34;2.34;25.10;86
59713;654;46;2.34;2.34;25.10;86
59725;655;46;2.34;2.34;25.10;86
59732;657;46;2.34;2.34;25.10;86
59741;658;46;2.34;2.34;25.10;86
59753;659;46;2.34;2.34;25.10;86
59761;659;46;2.34;2.34;25.10;86
59773;659;46;2.34;2.34;25.10;86
59782;660;46;2.34;2.34;25.10;86
59798;660;46;2.34;2.34;25.10;86
59813;660;46;2.34;2.34;25.10;86
59822;660;46;2.34;2.34;25.10;86
59830;659;46;2.34;2.34;25.10;86
59842;658;46;2.34;2.34;25.10;86
59851;658;46;2.34;2.34;25.10;86
59863;657;46;1.56;2.34;25.10;86
59873;657;46;1.56;2.34;25.10;86
59882;657;46;1.56;2.34;25.10;86
59904;657;46;1.56;2.34;25.10;86
59911;657;46;1.56;2.34;25.10;86
59923;658;46;1.56;2.34;25.10;86
59932;658;46;1.56;2.34;25.10;86
59942;658;46;1.56;2.34;25.10;86
59952;658;46;1.56;2.34;25.10;86
59962;658;46;1.56;2.34;25.10;86
59972;658;46;1.56;2.34;25.10;86
59981;658;46;1.56;2.34;25.10;86
59999;658;46;1.56;2.34;25.10;86
60015;658;46;1.56;1.56;25.10;86
60023;662;46;1.56;1.56;25.49;86
60031;666;46;1.56;1.56;25.49;86
60041;669;46;1.56;1.56;25.49;86
60054;673;46;1.56;1.56;25.49;86
60063;677;46;1.56;1.56;26.27;86
60075;681;46;1.56;1.56;26.67;86
60098;684;46;1.56;1.56;27.45;86
60112;686;46;1.56;1.56;28.24;86
60122;689;46;1.56;1.56;28.63;86
60131;692;46;1.56;1.56;29.41;86
60140;695;46;1.56;1.56;29.41;86
60154;698;46;1.56;1.56;29.41;86
60163;701;46;1.56;1.56;29.41;86
60172;704;46;1.56;1.56;29.41;86
60180;707;46;1.56;1.56;29.41;86
60198;711;46;1.56;1.56;29.41;86
60211;714;46;1.56;1.56;29.80;86
60222;717;46;1.56;1.56;29.80;86
60231;717;46;1.56;1.56;30.20;86
60241;717;46;1.56;1.56;30.20;86
60252;717;46;1.56;1.56;30.59;86
60263;717;46;1.56;1.56;30.59;86
60274;717;46;1.56;1.56;30.59;86
60284;717;46;1.56;1.56;30.59;86
60298;718;46;1.56;1.56;30.59;86
60314;720;46;1.56;1.56;30.59;86
60323;722;46;1.56;1.56;30.59;86
60332;723;46;1.56;1.56;30.59;86
60341;725;46;1.56;1.56;30.59;86
60352;726;46;1.56;1.56;30.59;86
60362;733;46;1.56;1.56;30.59;86
60372;739;46;1.56;1.56;30.59;86
60381;746;46;1.56;1.56;30.59;86
60398;752;46;1.56;1.56;30.59;86
60413;758;46;1.56;1.56;30.59;86
60422;765;46;1.56;1.56;30.59;86
60433;768;46;1.56;1.56;30.59;86
60441;771;46;1.56;1.56;30.59;86
60454;774;46;1.56;1.56;30.59;86
60462;777;46;1.56;1.56;30.59;86
60471;780;46;2.34;1.56;30.59;86
60483;783;46;2.34;1.56;30.20;86
60500;790;46;2.34;1.56;30.20;86
60514;796;46;2.34;1.56;30.20;86
60523;802;46;2.34;1.56;29.80;86
60532;808;46;2.34;1.56;29.80;86
60543;814;46;2.34;1.56;29.80;86
60553;821;46;2.34;2.34;29.80;86
60561;827;46;2.34;2.34;29.80;86
60573;833;46;2.34;2.34;29.80;86
60581;839;46;2.34;2.34;29.80;86
60598;845;46;2.34;2.34;29.80;86
60613;851;46;2.34;2.34;29.80;86
60622;857;46;2.34;2.34;29.41;86
60631;863;46;2.34;2.34;29.41;86
60641;868;46;2.34;2.34;29.41;86
60653;874;46;2.34;2.34;29.02;86
60663;880;46;2.34;2.34;29.02;86
60672;885;46;3.13;2.34;29.02;86
60681;891;46;3.13;3.13;28.63;86
60697;896;46;3.13;3.13;28.63;86
60712;901;46;3.13;3.13;28.63;86
60721;906;46;3.13;3.13;28.24;86
60734;911;46;3.13;3.13;28.24;86
60742;917;46;3.13;3.13;28.24;86
60751;922;46;3.13;3.13;28.24;86
60763;930;46;3.13;3.13;28.24;86
60772;938;46;3.13;3.13;28.24;86
60784;946;46;3.13;3.13;28.24;86
60798;954;46;3.13;3.13;28.24;86
60812;962;46;3.91;3.13;28.24;86
60821;970;46;3.91;3.91;27.84;86
60832;975;46;3.91;3.91;27.84;86
60843;980;46;3.91;3.91;27.84;86
60852;985;46;3.91;3.91;27.45;86
60863;991;46;3.91;3.91;27.45;86
60871;996;46;3.91;3.91;27.45;86
60881;1001;46;3.91;3.91;27.45;86
60904;1006;46;3.91;3.91;27.06;86
60911;1011;46;3.91;3.91;27.06;86
60923;1016;46;3.91;3.91;27.06;86
60934;1020;46;3.91;3.91;27.06;86
60943;1025;46;3.13;3.91;27.06;86
60952;1030;46;3.13;3.91;27.06;86
60964;1036;46;3.13;3.91;27.06;86
60974;1041;46;3.13;3.91;27.06;86
60983;1047;46;3.13;3.91;27.06;86
60999;1052;46;3.13;3.91;27.06;86
61013;1058;46;3.13;3.91;27.06;86
61022;1063;46;3.13;3.13;26.67;86
61032;1067;46;3.13;3.13;26.67;86
61043;1071;46;3.13;3.13;26.67;86
61052;1074;46;3.13;3.13;26.27;86
61062;1078;46;3.13;3.13;26.27;86
61073;1082;46;2.34;3.13;26.27;86
61082;1086;46;2.34;3.13;25.88;86
61100;1092;46;2.34;3.13;25.88;86
61112;1098;46;2.34;3.13;25.88;86
61124;1104;46;2.34;3.13;25.49;86
61133;1110;46;2.34;3.13;25.49;86
61141;1116;46;2.34;3.13;25.49;86
61151;1123;46;2.34;3.13;25.49;86
61162;1128;46;2.34;3.13;25.49;86
61173;1133;46;2.34;3.13;25.49;86
61181;1139;46;2.34;3.13;25.49;86
61199;1144;46;2.34;3.13;25.49;86
61214;1150;46;2.34;3.13;25.49;86
61224;1155;46;2.34;3.13;25.10;86
61234;1159;46;2.34;3.13;25.10;86
61243;1162;46;2.34;3.13;25.10;86
61252;1166;46;2.34;3.13;24.71;86
61263;1170;46;2.34;3.13;24.71;86
61272;1173;46;1.56;3.13;24.71;86
61283;1177;46;1.56;3.13;24.31;86
61298;1182;46;1.56;3.13;24.31;86
61313;1186;46;1.56;3.13;24.31;86
61321;1191;46;1.56;3.13;23.92;86
61333;1196;46;1.56;3.13;23.92;86
61342;1200;46;1.56;3.13;23.92;86
61353;1205;46;1.56;3.13;23.92;86
61363;1210;46;1.56;3.13;23.92;86
61374;1214;46;1.56;3.13;23.92;86
61382;1219;46;1.56;3.13;23.92;86
61399;1223;46;1.56;3.13;23.92;86
61412;1227;46;0.78;3.13;23.92;86
61423;1232;46;0.78;2.34;23.92;86
61433;1236;46;0.78;2.34;23.53;86
61443;1239;46;0.78;2.34;23.53;86
61453;1243;46;0.78;2.34;23.53;86
61463;1247;46;0.78;2.34;23.53;86
61471;1250;46;0.00;2.34;23.53;86
61482;1254;46;0.00;2.34;23.53;86
61499;1258;46;0.00;2.34;23.14;86
61513;1262;46;0.00;2.34;23.14;86
61522;1267;46;0.00;2.34;23.14;86
61533;1271;46;0.00;2.34;23.14;86
61542;1275;46;0.00;2.34;23.14;86
61552;1279;46;0.00;3.13;23.14;86
61561;1283;46;0.00;3.13;23.14;86
61571;1287;46;0.00;3.13;23.14;86
61582;1291;46;0.00;3.13;23.14;86
61597;1295;46;0.00;3.13;23.14;86
61613;1299;46;0.00;3.13;23.14;86
61622;1303;46;0.00;3.13;23.14;86
61632;1306;46;0.00;3.13;22.75;86
61644;1310;46;0.00;3.13;22.75;86
61653;1314;46;0.00;3.13;22.75;86
61663;1318;46;0.00;3.13;22.75;86
61672;1322;46;0.78;3.13;22.75;86
61683;1325;46;0.78;3.13;22.75;86
61700;1329;46;0.78;3.13;22.35;86
61712;1332;46;0.78;3.13;22.35;86
61723;1336;46;0.78;3.13;22.35;86
61733;1340;46;0.78;3.13;22.35;86
61744;1343;46;0.78;3.13;22.35;86
61752;1347;46;0.78;3.13;22.35;86
61763;1351;46;0.78;3.13;22.35;86
61772;1355;46;0.78;3.13;22.35;86
61781;1360;46;0.78;3.13;22.35;86
61798;1364;46;0.78;3.13;22.35;86
61813;1368;46;1.56;3.13;22.35;86
61822;1373;46;1.56;3.91;22.35;86
61833;1376;46;1.56;3.91;21.96;86
61843;1379;46;1.56;3.91;21.96;86
61853;1383;46;1.56;3.91;21.96;86
61863;1386;46;1.56;3.91;21.96;86
61872;1389;46;2.34;3.91;21.96;86
61883;1392;46;2.34;3.91;21.96;86
61905;1397;46;2.34;3.91;21.57;86
61923;1401;46;2.34;3.91;21.57;86
61933;1405;46;2.34;3.91;21.57;86
61942;1410;46;2.34;3.91;21.57;86
61952;1414;46;2.34;3.91;21.57;86
61963;1418;46;2.34;3.91;21.57;86
61974;1422;46;2.34;3.91;21.18;86
61983;1425;46;2.34;3.91;21.18;86
62001;1428;46;2.34;3.91;21.18;86
62013;1432;46;2.34;3.91;21.18;86
62022;1435;46;3.13;3.91;21.18;86
62032;1438;46;3.13;3.91;21.18;86
62042;1442;46;3.13;3.91;21.18;86
62054;1445;46;3.13;3.91;21.18;86
62062;1448;46;3.13;3.91;21.18;86
62073;1451;46;3.13;3.91;21.18;86
62084;1455;46;3.13;3.91;21.18;86
62100;1458;46;3.13;3.91;21.18;86
62115;1462;46;3.13;3.91;20.78;86
62133;1465;46;3.13;3.91;20.78;86
62143;1469;46;3.13;3.91;20.78;86
62152;1473;46;3.13;3.91;20.78;86
62163;1476;46;3.91;3.91;20.78;86
62173;1480;46;3.91;3.91;20.78;86
62185;1483;46;3.91;3.91;20.39;86
62196;1486;46;3.91;3.91;20.39;86
62213;1489;46;3.91;3.91;20.39;86
62222;1491;46;3.91;3.91;20.39;86
62234;1494;46;3.91;3.91;20.39;86
62243;1497;46;3.91;3.91;20.39;86
62251;1501;46;3.91;3.91;20.39;86
62262;1504;46;3.91;3.91;20.39;86
62273;1508;46;3.91;3.91;20.39;86
62282;1512;46;3.91;3.91;20.39;86
62299;1515;46;3.91;3.91;20.39;86
62312;1519;46;3.91;3.91;20.39;86
62324;1521;46;3.91;3.91;20.39;86
62333;1524;46;3.91;3.91;20.39;86
62344;1526;46;3.91;3.91;20.39;86
62353;1529;46;3.91;3.91;20.39;86
62364;1531;46;3.13;3.91;20.39;86
62372;1533;46;3.13;3.91;20.00;86
62383;1536;46;3.13;3.91;20.00;86
62400;1539;46;3.13;3.91;20.00;86
62413;1543;46;3.13;3.91;19.61;86
62424;1546;46;3.13;3.91;19.61;86
62434;1549;46;2.34;3.91;19.61;86
62442;1552;46;2.34;3.13;19.61;86
62453;1554;46;2.34;3.13;19.61;86
62463;1557;46;2.34;3.13;19.61;86
62472;1560;46;2.34;3.13;19.61;86
62482;1562;46;2.34;3.13;19.61;86
62500;1565;46;2.34;3.13;19.61;86
62512;1567;46;2.34;3.13;19.61;86
62522;1570;46;2.34;3.13;19.22;86
62533;1572;46;2.34;3.13;19.22;86
62545;1574;46;2.34;3.13;19.22;86
62554;1576;46;2.34;3.13;19.22;86
62562;1578;46;2.34;3.13;19.22;86
62572;1580;46;2.34;3.91;19.22;86
62584;1583;46;2.34;3.91;19.22;86
62598;1586;46;2.34;3.91;19.22;86
62614;1589;46;2.34;3.91;19.22;86
62622;1592;46;2.34;3.91;19.22;86
62634;1595;46;2.34;3.91;19.22;86
62642;1597;46;2.34;3.91;19.22;86
62651;1600;46;2.34;3.91;19.22;86
62664;1603;46;2.34;3.91;19.22;86
62674;1605;46;2.34;3.91;19.22;86
62683;1608;46;2.34;3.91;19.22;86
62699;1611;46;2.34;3.91;19.22;86
62712;1613;46;2.34;3.91;19.22;86
62722;1616;46;2.34;3.91;19.22;86
62733;1618;46;2.34;3.91;19.22;86
62742;1621;46;2.34;3.91;19.22;86
62753;1623;46;2.34;3.91;19.22;86
62763;1626;46;2.34;3.91;19.22;86
62772;1628;46;2.34;4.69;19.22;86
62783;1632;46;2.34;4.69;19.22;86
62796;1635;46;2.34;4.69;19.22;86
62813;1638;46;2.34;4.69;19.22;86
62822;1641;46;2.34;4.69;19.22;86
62831;1644;46;2.34;4.69;19.22;86
62843;1647;46;2.34;4.69;19.22;86
62854;1650;46;2.34;4.69;19.22;86
62861;1653;46;2.34;4.69;19.22;86
62874;1656;46;2.34;4.69;19.22;86
62885;1659;46;2.34;4.69;19.22;86
62914;1662;46;3.13;4.69;19.22;86
62922;1665;46;3.13;5.47;19.22;86
62934;1666;46;3.13;5.47;19.22;86
62943;1668;46;3.13;5.47;19.22;86
62951;1670;46;3.13;5.47;19.22;86
62963;1671;46;3.13;5.47;19.22;86
62973;1673;46;3.91;5.47;19.22;86
62981;1675;46;3.91;6.25;19.22;86
62997;1677;46;3.91;6.25;18.82;86
63013;1680;46;3.91;6.25;18.82;86
63022;1682;46;3.91;6.25;18.82;86
63033;1685;46;4.69;6.25;18.82;86
63042;1687;46;4.69;6.25;18.82;86
63052;1690;46;4.69;7.03;18.82;86
63063;1692;46;5.47;7.03;18.82;86
63072;1695;46;5.47;7.03;18.82;86
63081;1698;46;5.47;7.03;18.82;86
63098;1700;46;5.47;7.03;18.82;86
63112;1703;46;6.25;7.03;18.82;86
63122;1705;46;6.25;7.81;18.82;86
63133;1708;46;6.25;7.81;18.43;86
63143;1710;46;6.25;7.81;18.43;86
63154;1713;46;6.25;7.81;18.43;86
63164;1715;46;6.25;7.81;18.43;86
63173;1718;46;7.03;7.81;18.43;86
63181;1720;46;7.03;8.59;18.43;86
63197;1723;46;7.03;8.59;18.43;86
63213;1725;46;7.03;8.59;18.43;86
63222;1728;46;7.03;8.59;18.43;86
63235;1731;46;7.03;8.59;18.43;86
63243;1733;46;7.81;8.59;18.43;86
63254;1736;46;7.81;8.59;18.43;86
63263;1738;46;7.81;8.59;18.43;86
63273;1741;46;7.81;8.59;18.43;86
63282;1743;46;7.81;8.59;18.43;86
63296;1746;46;7.81;8.59;18.43;86
63312;1748;46;8.59;8.59;18.43;86
63324;1751;46;8.59;9.38;18.43;86
63333;1753;46;8.59;9.38;18.04;86
63345;1755;46;8.59;9.38;18.04;86
63352;1758;46;8.59;9.38;18.04;86
63364;1760;46;8.59;9.38;18.04;86
63373;1762;46;9.38;9.38;18.04;86
63384;1765;46;9.38;10.16;18.04;86
63399;1767;46;9.38;10.16;18.04;86
63414;1770;46;9.38;10.16;18.04;86
63423;1772;46;9.38;10.16;18.04;86
63431;1775;46;9.38;10.16;18.04;86
63443;1778;46;9.38;10.16;18.04;86
63452;1780;46;9.38;10.16;18.04;86
63462;1783;46;9.38;10.16;18.04;86
63472;1785;46;9.38;10.16;18.04;86
63482;1788;46;9.38;10.16;18.04;86
63499;1790;46;9.38;10.16;18.04;86
63511;1793;46;9.38;10.16;18.04;86
63524;1795;46;9.38;10.94;18.04;86
63532;1798;46;9.38;10.94;17.65;86
63543;1800;46;9.38;10.94;17.65;86
63554;1803;46;9.38;10.94;17.65;86
63560;1805;46;9.38;10.94;17.65;86
63572;1808;46;10.16;10.94;17.65;86
63584;1810;46;10.16;11.72;17.65;86
63598;1813;46;10.16;11.72;17.65;86
63613;1815;46;10.16;11.72;17.65;86
63624;1817;46;10.16;11.72;17.65;86
63632;1820;46;10.16;11.72;17.65;86
63645;1822;46;10.94;11.72;17.65;86
63656;1825;46;10.94;11.72;17.65;86
63673;1828;46;10.94;11.72;17.25;86
63684;1830;46;10.94;11.72;17.25;86
63698;1833;46;10.94;11.72;17.25;86
63715;1835;46;10.94;11.72;17.25;86
63723;1838;46;11.72;11.72;17.25;86
63732;1841;46;11.72;11.72;17.25;86
63744;1845;46;11.72;11.72;17.25;86
63755;1849;46;11.72;11.72;17.25;86
63773;1853;46;11.72;11.72;17.25;86
63784;1857;46;11.72;11.72;17.25;86
63798;1861;46;12.50;11.72;17.25;86
63812;1865;46;12.50;12.50;17.25;86
63824;1867;46;12.50;12.50;17.25;86
63832;1869;46;12.50;12.50;17.25;86
63844;1871;46;12.50;12.50;17.25;86
63852;1872;46;12.50;12.50;17.25;86
63864;1874;46;13.28;13.28;17.25;86
63874;1876;46;13.28;13.28;17.25;86
63882;1879;46;13.28;13.28;16.86;86
63903;1882;46;13.28;14.06;16.86;86
63914;1884;46;13.28;14.06;16.86;86
63923;1887;46;13.28;14.06;16.86;86
63932;1890;46;13.28;14.06;16.86;86
63943;1892;46;13.28;13.28;16.86;86
63952;1894;46;13.28;13.28;16.86;86
63964;1896;46;13.28;13.28;16.86;86
63974;1899;46;13.28;13.28;16.86;86
63985;1901;46;13.28;13.28;16.86;86
64004;1903;46;13.28;13.28;16.86;86
64012;1905;46;13.28;14.06;16.86;86
64024;1907;46;13.28;14.06;16.86;86
64034;1910;46;13.28;14.06;16.86;86
64044;1912;46;13.28;14.06;16.86;86
64055;1914;46;13.28;14.06;16.86;86
64063;1917;46;13.28;14.06;16.86;86
64071;1919;46;13.28;14.06;16.86;86
64085;1921;46;13.28;14.06;16.47;86
64103;1922;46;13.28;14.06;16.47;86
64111;1923;46;13.28;14.06;16.47;86
64123;1925;46;13.28;14.06;16.47;86
64133;1926;46;13.28;14.06;16.47;86
64142;1927;46;13.28;14.84;16.47;86
64152;1930;46;13.28;14.84;16.47;86
64162;1932;46;13.28;14.84;16.47;86
64171;1934;46;13.28;14.84;16.47;86
64182;1937;45;13.28;14.84;16.47;86
64198;1939;45;14.06;14.84;16.47;86
64213;1941;45;14.06;15.63;16.08;86
64221;1942;45;14.06;15.63;16.08;86
64233;1943;45;14.06;15.63;16.08;86
64243;1944;45;14.06;15.63;15.69;86
64253;1945;45;14.06;15.63;15.69;86
64264;1946;45;14.06;15.63;15.69;86
64272;1946;45;14.06;16.41;15.29;86
64282;1947;45;14.06;16.41;15.29;86
64297;1948;45;14.06;16.41;15.29;86
64313;1949;45;14.06;16.41;14.90;86
64324;1951;45;14.06;16.41;14.90;86
64333;1952;45;13.28;16.41;14.90;86
64341;1953;45;13.28;15.63;14.90;86
64352;1953;45;13.28;15.63;14.90;86
64362;1954;45;13.28;15.63;14.90;86
64371;1955;45;13.28;15.63;14.90;86
64381;1955;45;13.28;15.63;14.90;86
64398;1956;45;14.06;15.63;14.90;86
64413;1957;45;14.06;15.63;14.90;86
64421;1958;45;14.06;15.63;14.51;86
64433;1958;45;14.06;15.63;14.51;86
64442;1959;45;14.06;15.63;14.51;86
64454;1960;45;14.06;15.63;14.51;86
64463;1961;45;13.28;15.63;14.51;86
64473;1962;45;13.28;14.84;14.51;86
64481;1962;45;13.28;14.84;14.51;86
64497;1962;45;13.28;14.84;14.51;86
64511;1961;45;13.28;14.84;14.51;86
64522;1961;45;13.28;14.84;14.51;86
64532;1961;45;12.50;14.84;14.51;86
64541;1960;45;12.50;14.06;14.51;86
64553;1962;45;12.50;14.06;14.51;86
64562;1964;45;12.50;14.06;14.51;86
64571;1965;45;12.50;14.06;14.51;86
64583;1967;45;12.50;14.06;14.51;86
64598;1968;45;11.72;14.06;14.51;86
64613;1970;45;11.72;14.06;14.51;86
64622;1971;45;11.72;14.06;14.51;86
64631;1971;45;11.72;14.06;14.51;86
64644;1972;45;11.72;14.06;14.51;86
64652;1973;45;11.72;14.06;14.51;86
64661;1973;45;10.94;14.06;14.51;86
64673;1974;45;10.94;13.28;14.51;86
64683;1975;45;10.94;13.28;14.51;86
64698;1976;45;10.94;13.28;14.51;86
64712;1977;45;10.94;13.28;14.51;86
64722;1977;45;10.94;13.28;14.51;86
64734;1978;45;10.16;13.28;14.51;86
64742;1979;45;10.16;12.50;14.51;86
64753;1979;45;10.16;12.50;14.51;86
64762;1979;45;10.16;12.50;14.51;86
64774;1978;45;10.16;12.50;14.51;86
64781;1978;45;10.16;12.50;14.51;86
64797;1978;45;10.16;12.50;14.51;86
64812;1977;45;10.16;11.72;14.51;86
64822;1978;45;10.16;11.72;14.51;86
64834;1979;45;10.16;11.72;14.51;86
64842;1979;45;10.16;11.72;14.51;86
64851;1980;45;10.16;11.72;14.51;86
64861;1980;45;10.16;11.72;14.51;86
64873;1981;45;10.16;12.50;14.51;86
64882;1982;45;10.16;12.50;14.51;86
64904;1984;45;10.16;12.50;14.51;86
64911;1985;45;10.16;12.50;14.51;86
64924;1986;45;10.16;12.50;14.51;86
64931;1988;45;9.38;12.50;14.51;86
64941;1989;45;9.38;11.72;14.51;86
64953;1990;45;9.38;11.72;14.51;86
64961;1990;45;9.38;11.72;14.51;86
64974;1991;45;9.38;11.72;14.51;86
64983;1991;45;9.38;11.72;14.51;86
64999;1992;45;10.16;11.72;14.51;86
65014;1992;45;10.16;10.94;14.51;86
65023;1993;45;10.16;10.94;14.51;86
65032;1994;45;10.16;10.94;14.51;86
65044;1994;45;10.16;10.94;14.51;86
65052;1995;45;10.16;10.94;14.51;86
65061;1996;45;9.38;10.94;14.51;86
65073;1997;45;9.38;10.94;14.51;86
65083;1997;45;9.38;10.94;14.51;86
65098;1997;45;9.38;10.94;14.51;86
65113;1996;45;9.38;10.94;14.51;86
65123;1996;45;9.38;10.94;14.51;86
65131;1996;45;9.38;10.94;14.51;86
65141;1996;45;9.38;10.16;14.51;86
65153;1998;45;9.38;10.16;14.51;86
65163;2000;45;9.38;10.16;14.51;86
65172;2002;45;9.38;10.16;14.51;86
65181;2003;45;9.38;10.16;14.51;86
65198;2005;45;9.38;10.16;14.51;86
65213;2007;45;9.38;10.16;14.51;86
65223;2008;45;9.38;10.16;14.90;86
65231;2009;45;9.38;10.16;14.90;86
65242;2010;45;9.38;10.16;14.90;86
65251;2011;45;9.38;10.16;14.90;86
65263;2012;45;9.38;10.16;14.90;86
65272;2013;45;9.38;10.94;14.90;86
65283;2014;45;9.38;10.94;14.51;86
65299;2015;45;9.38;10.94;14.51;86
65313;2016;45;9.38;10.94;14.51;86
65322;2016;45;9.38;10.94;14.51;86
65334;2017;45;8.59;10.94;14.51;86
65343;2018;45;8.59;10.94;14.51;86
65352;2018;45;8.59;10.94;14.51;86
65362;2018;45;8.59;10.94;14.51;86
65371;2018;45;8.59;10.94;14.51;86
65383;2018;45;8.59;10.94;14.51;86
65399;2019;45;9.38;10.94;14.51;86
65412;2019;45;9.38;10.94;14.51;86
65422;2020;45;9.38;10.94;14.51;86
65433;2021;45;9.38;10.94;14.51;86
65442;2022;45;9.38;10.94;14.51;86
65453;2023;45;9.38;10.94;14.51;86
65463;2024;45;10.16;10.94;14.51;86
65474;2025;45;10.16;11.72;14.51;86
65482;2026;45;10.16;11.72;14.51;86
65499;2028;45;10.16;11.72;14.51;86
65513;2029;45;10.16;11.72;14.51;86
65523;2031;45;10.16;11.72;14.51;86
65534;2032;45;10.16;11.72;14.51;86
65544;2034;45;10.16;11.72;14.51;86
65552;2035;45;10.16;11.72;14.51;86
65563;2036;45;10.16;11.72;14.51;86
65573;2037;45;10.16;11.72;14.51;86
65585;2038;45;10.16;11.72;14.51;86
65596;2039;45;10.94;11.72;14.51;86
65613;2040;45;10.94;11.72;14.51;86
65622;2040;45;10.94;11.72;14.51;86
65632;2041;45;10.94;11.72;14.51;86
65643;2041;45;10.94;11.72;14.51;86
65654;2041;45;10.94;11.72;14.51;86
65662;2042;45;10.94;11.72;14.51;86
65672;2042;45;10.94;12.50;14.51;86
65683;2041;45;10.94;12.50;14.12;86
65698;2041;45;10.94;12.50;14.12;86
65713;2040;45;10.94;12.50;14.12;86
65722;2039;45;10.94;12.50;14.12;86
65733;2039;45;10.94;12.50;14.12;86
65742;2038;45;10.94;12.50;14.12;86
65753;2040;45;10.94;12.50;14.12;86
65762;2041;45;10.94;12.50;14.12;86
65772;2042;45;10.94;12.50;14.12;86
65782;2044;45;10.94;12.50;14.12;86
65797;2045;45;11.72;12.50;14.12;86
65813;2046;45;11.72;12.50;14.12;86
65823;2047;45;11.72;12.50;14.12;86
65833;2047;45;11.72;12.50;14.12;86
65844;2048;45;11.72;12.50;14.12;86
65851;2048;45;11.72;12.50;14.12;86
65863;2049;45;11.72;12.50;14.12;86
65872;2049;45;11.72;12.50;14.12;86
65883;2049;45;11.72;12.50;13.73;86
65903;2048;45;11.72;12.50;13.73;86
65913;2048;45;11.72;12.50;13.73;86
65923;2047;45;11.72;12.50;13.73;86
65934;2046;45;10.94;12.50;13.73;86
65943;2046;45;10.94;11.72;13.73;86
65953;2047;45;10.94;11.72;13.73;86
65963;2048;45;10.94;11.72;13.73;86
65972;2048;45;10.94;11.72;13.73;86
65984;2049;45;10.94;11.72;13.73;86
65998;2050;45;10.94;11.72;13.73;86
66012;2051;45;10.94;11.72;13.73;86
66022;2051;45;10.94;11.72;13.73;86
66031;2051;45;10.94;11.72;13.73;86
66042;2052;45;10.94;11.72;13.73;86
66052;2052;45;10.94;11.72;13.73;86
66064;2052;45;10.94;11.72;13.73;86
66071;2053;45;10.94;11.72;13.73;86
66083;2053;45;10.94;11.72;13.73;86
66097;2053;45;10.94;11.72;13.73;86
66113;2053;45;10.94;11.72;13.73;86
66122;2053;45;10.94;11.72;13.73;86
66133;2053;45;10.16;11.72;13.73;86
66143;2053;45;10.16;10.94;13.73;86
66153;2053;45;10.16;10.94;13.73;86
66163;2053;45;10.16;10.94;13.73;86
66175;2053;45;10.16;10.94;13.73;86
66184;2053;45;10.16;10.94;13.73;86
66197;2053;45;10.16;10.94;13.73;86
66214;2053;45;10.16;10.16;13.73;86
66223;2053;45;10.16;10.16;13.73;86
66233;2053;45;10.16;10.16;13.73;86
66243;2053;45;10.16;10.16;13.73;86
66253;2053;45;10.16;10.16;13.73;86
66262;2053;45;10.16;10.16;13.73;86
66273;2053;45;10.16;10.16;13.73;86
66284;2052;45;10.16;10.16;13.73;86
66296;2052;45;10.16;10.16;13.73;86
66313;2052;45;10.16;10.16;13.73;86
66323;2052;45;10.16;10.16;13.73;86
66333;2051;45;9.38;10.16;13.73;86
66342;2051;45;9.38;9.38;13.73;86
66354;2050;45;9.38;9.38;13.73;86
66364;2049;45;9.38;9.38;13.73;86
66373;2048;45;9.38;9.38;13.73;86
66383;2047;45;9.38;9.38;13.73;86
66397;2046;45;9.38;9.38;13.73;86
66412;2045;45;9.38;9.38;13.73;86
66423;2045;45;9.38;9.38;13.73;86
66433;2045;45;9.38;9.38;13.73;86
66442;2045;45;9.38;9.38;13.73;86
66453;2045;45;9.38;9.38;13.73;86
66462;2045;45;8.59;9.38;13.73;86
66472;2045;45;8.59;9.38;13.73;86
66482;2046;45;8.59;9.38;13.73;86
66499;2046;45;8.59;9.38;13.73;86
66513;2046;45;8.59;9.38;13.73;86
66523;2047;45;8.59;9.38;13.73;86
66534;2047;45;7.81;9.38;13.73;86
66543;2047;45;7.81;9.38;13.73;86
66552;2046;45;7.81;9.38;13.73;86
66563;2045;45;7.81;9.38;13.73;86
66572;2044;45;7.81;9.38;13.73;86
66583;2043;45;7.81;9.38;13.73;86
66599;2042;45;8.59;9.38;13.73;86
66613;2041;45;8.59;9.38;13.73;86
66624;2041;45;8.59;9.38;13.73;86
66632;2041;45;8.59;9.38;13.73;86
66643;2042;45;8.59;9.38;13.73;86
66652;2042;45;8.59;9.38;13.73;86
66662;2042;45;8.59;9.38;13.73;86
66672;2042;45;8.59;9.38;13.73;86
66684;2043;45;8.59;9.38;13.73;86
66697;2043;45;8.59;9.38;13.73;86
66714;2044;45;8.59;9.38;13.73;86
66723;2045;45;8.59;9.38;13.73;86
66732;2046;45;7.81;9.38;13.73;86
66742;2047;45;7.81;8.59;13.73;86
66753;2046;45;7.81;8.59;13.73;86
66763;2046;45;7.81;8.59;13.73;86
66772;2046;45;7.81;8.59;13.73;86
66783;2046;45;7.81;8.59;13.73;86
66797;2046;45;7.81;8.59;13.73;86
66813;2046;45;7.81;8.59;13.73;86
66822;2046;45;7.81;8.59;13.73;86
66832;2046;45;7.81;8.59;13.73;86
66844;2047;45;7.81;8.59;13.73;86
66852;2047;45;7.81;8.59;13.73;86
66862;2047;45;7.81;8.59;13.73;86
66873;2048;45;7.81;8.59;13.73;86
66883;2047;45;7.81;8.59;13.73;86
66905;2046;45;7.81;8.59;13.73;86
66914;2045;45;7.81;8.59;13.73;86
66923;2044;45;7.81;8.59;13.73;86
66934;2043;45;7.03;8.59;13.73;86
66943;2042;45;7.03;8.59;13.73;86
66954;2043;45;7.03;8.59;13.73;86
66964;2043;45;7.03;8.59;13.73;86
66972;2044;45;7.03;8.59;13.73;86
66982;2044;45;7.03;8.59;13.73;86
66996;2045;45;7.81;8.59;13.73;86
67013;2045;45;7.81;8.59;13.73;86
67023;2045;45;7.81;8.59;13.73;86
67032;2045;45;7.81;8.59;13.73;86
67045;2046;45;7.81;8.59;13.73;86
67054;2046;45;7.81;8.59;13.73;86
67063;2046;45;7.03;8.59;13.73;86
67072;2046;45;7.03;8.59;13.73;86
67084;2046;45;7.03;8.59;13.73;86
67098;2046;45;7.03;8.59;13.73;86
67112;2046;45;7.03;8.59;13.73;86
67124;2046;45;7.03;8.59;13.73;86
67136;2046;45;6.25;8.59;13.73;86
67154;2046;45;6.25;8.59;13.73;86
67163;2046;45;6.25;8.59;13.73;86
67173;2046;45;6.25;8.59;13.73;86
67183;2046;45;6.25;8.59;13.73;86
67198;2046;45;6.25;8.59;13.73;86
67212;2046;45;6.25;8.59;13.73;86
67224;2046;45;6.25;8.59;13.73;86
67232;2046;45;6.25;8.59;13.73;86
67244;2046;45;6.25;8.59;13.73;86
67254;2046;45;6.25;8.59;13.73;86
67263;2046;45;6.25;8.59;13.73;86
67273;2046;45;6.25;8.59;13.73;86
67282;2046;45;6.25;7.81;13.73;86
67296;2046;45;6.25;7.81;13.73;86
67314;2045;45;6.25;7.81;13.73;86
67324;2045;45;6.25;7.81;13.73;86
67333;2044;45;6.25;7.81;13.73;86
67342;2043;45;6.25;7.81;13.73;86
67353;2043;45;6.25;7.81;13.73;86
67365;2043;45;6.25;7.81;13.73;86
67384;2043;45;6.25;7.81;13.73;86
67398;2042;45;6.25;7.81;13.73;86
67412;2042;45;6.25;7.81;13.73;86
67424;2042;45;6.25;7.81;13.73;86
67430;2042;45;6.25;7.03;13.73;86
67444;2042;45;6.25;7.03;13.73;86
67455;2043;45;6.25;7.03;13.73;86
67472;2043;45;6.25;7.03;13.73;86
67482;2043;45;6.25;7.03;13.73;86
67497;2044;45;6.25;7.03;13.73;86
67514;2044;45;6.25;7.03;13.73;86
67523;2044;45;6.25;7.03;13.73;86
67535;2045;45;6.25;7.03;13.73;86
67542;2045;45;6.25;7.03;13.73;86
67553;2045;45;6.25;7.03;13.73;86
67564;2046;45;6.25;7.03;13.73;86
67573;2046;45;6.25;7.03;13.73;86
67584;2045;45;6.25;7.03;13.73;86
67596;2044;45;6.25;7.03;13.73;86
67610;2043;45;6.25;7.03;13.73;86
67623;2041;45;6.25;7.03;13.73;86
67632;2040;45;5.47;7.03;13.73;86
67641;2039;45;5.47;6.25;13.73;86
67652;2040;45;5.47;6.25;13.73;86
67662;2041;45;5.47;6.25;13.73;86
67672;2041;45;5.47;6.25;13.73;86
67681;2042;45;5.47;6.25;13.73;86
67699;2043;45;6.25;6.25;13.73;86
67713;2043;45;6.25;6.25;13.73;86
67722;2043;45;6.25;6.25;13.73;86
67733;2043;45;6.25;6.25;13.73;86
67743;2043;45;6.25;6.25;13.73;86
67753;2043;45;6.25;6.25;13.73;86
67765;2043;45;5.47;6.25;13.73;86
67773;2043;45;5.47;6.25;13.73;86
67782;2043;45;5.47;6.25;13.73;86
67798;2042;45;5.47;6.25;13.73;86
67815;2042;45;5.47;6.25;13.73;86
67831;2041;45;5.47;6.25;13.73;86
67840;2041;45;5.47;6.25;13.73;86
67851;2041;45;5.47;5.47;13.73;86
67861;2041;45;5.47;5.47;13.73;86
67873;2041;45;5.47;5.47;13.73;86
67883;2042;45;5.47;5.47;13.73;86
67903;2042;45;5.47;5.47;13.73;86
67912;2043;45;4.69;5.47;13.73;86
67921;2043;45;4.69;5.47;13.73;86
67932;2043;45;4.69;5.47;13.73;86
67943;2043;45;4.69;5.47;13.73;86
67952;2043;45;4.69;5.47;13.73;86
67962;2043;45;4.69;5.47;13.73;86
67972;2043;45;4.69;5.47;13.73;86
67984;2043;45;4.69;5.47;13.73;86
67996;2042;45;4.69;5.47;13.73;86
68014;2042;45;4.69;5.47;13.73;86
68022;2041;45;4.69;5.47;13.73;86
68030;2040;45;4.69;5.47;13.73;86
68041;2039;45;4.69;5.47;13.73;86
68052;2039;45;4.69;5.47;13.73;86
68061;2039;45;4.69;5.47;13.73;86
68072;2039;45;4.69;5.47;13.73;86
68083;2039;45;4.69;5.47;13.73;86
68098;2040;45;4.69;5.47;13.73;86
68113;2040;45;4.69;5.47;13.73;86
68123;2040;45;4.69;5.47;13.73;86
68134;2041;45;4.69;5.47;13.73;86
68141;2041;45;4.69;5.47;13.73;86
68151;2041;45;4.69;5.47;13.73;86
68161;2041;45;4.69;5.47;13.73;86
68172;2041;45;4.69;5.47;13.73;86
68182;2042;45;4.69;5.47;13.73;86
68199;2041;45;4.69;5.47;14.12;86
68211;2041;45;4.69;5.47;14.12;86
68223;2041;45;4.69;5.47;14.12;86
68235;2040;45;4.69;5.47;14.12;86
68243;2040;45;4.69;5.47;14.12;86
68251;2040;45;4.69;4.69;14.12;86
68262;2039;45;4.69;4.69;14.12;86
68273;2037;45;4.69;4.69;14.12;86
68282;2036;45;4.69;4.69;14.12;86
68299;2035;45;4.69;4.69;14.12;86
68312;2034;45;4.69;4.69;14.12;86
68323;2033;45;4.69;4.69;14.12;86
68332;2033;45;4.69;4.69;13.73;86
68341;2033;45;4.69;4.69;13.73;86
68351;2034;45;4.69;4.69;13.73;86
68362;2034;45;4.69;4.69;13.73;86
68372;2034;45;4.69;4.69;13.73;86
68382;2034;45;4.69;4.69;13.73;86
68398;2035;45;4.69;4.69;14.12;86
68411;2035;45;4.69;4.69;14.12;86
68422;2035;45;4.69;4.69;14.12;86
68431;2035;45;4.69;4.69;14.12;86
68443;2035;45;4.69;4.69;14.12;86
68453;2036;45;4.69;3.91;14.12;86
68462;2035;45;4.69;3.91;14.12;86
68474;2034;45;4.69;3.91;14.12;86
68481;2033;45;4.69;3.91;14.12;86
68500;2033;45;4.69;3.91;14.12;86
68512;2032;45;3.91;3.91;14.12;86
68523;2031;45;3.91;3.91;14.12;86
68532;2031;45;3.91;3.91;14.12;86
68542;2032;45;3.91;3.91;14.12;86
68551;2032;45;3.91;3.91;14.12;86
68562;2032;45;3.91;3.91;14.12;86
68571;2033;45;3.91;3.91;14.12;86
68582;2033;45;3.91;3.91;14.12;86
68598;2034;45;3.91;3.91;14.12;86
68613;2034;45;3.91;3.91;14.12;86
68622;2035;45;3.91;3.91;14.12;86
68633;2036;45;3.91;3.91;14.12;86
68641;2037;45;3.91;3.91;14.12;86
68651;2037;45;3.91;3.13;14.12;86
68662;2037;45;3.91;3.13;14.12;86
68674;2037;45;3.91;3.13;14.12;86
68683;2037;45;3.91;3.13;14.12;86
68699;2037;45;3.91;3.13;14.12;86
68711;2037;45;3.91;3.13;14.12;86
68723;2037;45;3.91;3.13;14.12;86
68732;2037;45;3.91;3.13;14.12;86
68742;2038;45;3.91;3.13;14.12;86
68754;2038;45;3.91;3.13;14.12;86
68762;2038;45;3.91;3.13;14.12;86
68772;2038;45;3.91;3.13;14.12;86
68781;2039;45;3.91;3.13;14.12;86
68797;2037;45;3.91;3.13;14.12;86
68813;2036;45;3.91;3.13;14.12;86
68822;2035;45;3.91;3.13;14.12;86
68834;2034;45;3.91;3.13;14.12;86
68841;2032;45;3.13;3.13;14.12;86
68851;2031;45;3.13;2.34;14.12;86
68862;2031;45;3.13;2.34;14.12;86
68873;2032;45;3.13;2.34;14.12;86
68883;2032;45;3.13;2.34;14.12;86
68905;2032;45;3.13;2.34;14.12;86
68921;2032;45;3.13;2.34;14.12;86
68933;2032;45;3.13;2.34;14.12;86
68942;2031;45;3.13;2.34;14.12;86
68954;2030;45;3.13;2.34;14.12;86
68962;2029;45;3.13;2.34;14.12;86
68972;2028;45;3.13;2.34;14.12;86
68983;2027;45;3.13;2.34;14.12;86
68998;2026;45;3.13;2.34;14.12;86
69014;2026;45;3.13;2.34;14.12;86
69022;2025;45;3.13;2.34;14.12;86
69031;2025;45;3.13;2.34;14.12;86
69043;2024;45;3.13;2.34;14.12;86
69051;2024;45;2.34;2.34;14.12;86
69062;2023;45;2.34;2.34;14.12;86
69072;2022;45;2.34;2.34;14.12;86
69083;2020;45;2.34;2.34;14.12;86
69099;2019;45;2.34;2.34;14.12;86
69112;2018;45;2.34;2.34;14.12;86
69122;2016;45;2.34;1.56;14.12;86
69134;2015;45;2.34;1.56;14.12;86
69143;2012;45;2.34;0.78;14.12;86
69151;2008;45;2.34;0.78;14.12;86
69162;2005;45;2.34;0.00;14.12;86
69172;2002;45;1.56;0.00;14.12;86
69182;1999;45;1.56;0.00;14.12;86
69199;1996;45;0.78;0.00;13.73;86
69214;1990;45;0.78;0.00;13.73;86
69223;1985;45;0.00;0.00;13.73;86
69231;1980;45;0.00;0.00;13.33;86
69243;1975;45;0.00;0.00;13.33;86
69251;1970;45;0.00;0.00;13.33;86
69263;1964;45;0.00;0.00;12.94;86
69273;1952;45;0.00;0.00;12.94;86
69283;1940;45;0.00;0.00;12.55;86
69298;1929;45;0.00;0.00;12.55;86
69313;1917;45;0.00;0.00;12.16;86
69322;1905;45;0.00;0.00;12.16;86
69331;1893;45;0.00;0.00;12.16;86
69343;1883;45;0.00;0.00;12.16;86
69353;1873;45;0.00;0.00;12.16;86
69361;1863;45;0.00;0.00;12.16;86
69372;1853;45;0.00;0.00;12.16;86
69382;1844;45;0.00;0.00;12.16;86
69398;1834;45;0.00;0.00;12.16;86
69412;1825;45;0.00;0.00;12.16;86
69423;1816;45;0.00;0.00;12.16;86
69433;1808;45;0.00;0.00;12.16;86
69442;1799;45;0.00;0.00;12.16;86
69453;1790;45;0.00;0.00;12.16;86
69461;1781;45;0.00;0.00;12.16;86
69472;1772;45;0.00;0.00;12.55;86
69483;1762;45;0.00;0.00;12.55;86
69500;1752;45;0.00;0.00;12.55;86
69512;1742;45;0.00;0.00;12.55;86
69523;1732;45;0.00;0.00;12.55;86
69532;1723;45;0.00;0.00;12.55;86
69542;1713;45;0.00;0.00;12.55;86
69553;1703;45;0.00;0.00;12.55;86
69563;1693;45;0.00;0.00;12.55;86
69572;1683;45;0.00;0.00;12.55;86
69584;1673;45;0.00;0.00;12.55;86
69595;1663;45;0.00;0.00;12.94;86
69613;1655;45;0.00;0.00;12.94;86
69623;1647;45;0.00;0.00;12.94;86
69632;1639;45;0.00;0.00;13.33;86
69644;1631;45;0.00;0.00;13.33;86
69652;1623;45;0.00;0.00;13.33;86
69661;1615;45;0.00;0.00;13.33;86
69673;1606;45;0.00;0.00;13.73;86
69683;1597;45;0.00;0.00;13.73;86
69698;1589;45;0.00;0.00;13.73;86
69714;1580;45;0.00;0.00;13.73;86
69723;1571;45;0.00;0.00;13.73;86
69731;1563;45;0.00;0.00;13.73;86
69744;1552;45;0.00;0.00;13.73;86
69752;1541;45;0.00;0.00;13.73;86
69762;1530;45;0.00;0.00;13.73;86
69771;1519;45;0.00;0.00;13.73;86
69784;1509;45;0.00;0.00;13.73;86
69798;1498;45;0.00;0.00;14.12;86
69814;1490;45;0.00;0.00;14.12;86
69822;1483;45;0.00;0.00;14.12;86
69833;1476;45;0.00;0.00;14.51;86
69841;1468;45;0.00;0.00;14.51;86
69853;1461;45;0.00;0.00;14.51;86
69862;1453;45;0.00;0.00;14.51;86
69872;1444;45;0.00;0.00;14.51;86
69881;1435;45;0.00;0.00;14.51;86
69903;1425;45;0.00;0.00;14.51;86
69913;1416;45;0.00;0.00;14.51;86
69923;1406;45;0.00;0.00;14.51;86
69932;1397;45;0.00;0.00;14.51;86
69943;1387;45;0.00;0.00;14.51;86
69953;1376;45;0.00;0.00;14.51;86
69964;1366;45;0.00;0.00;14.51;86
69973;1356;45;0.00;0.00;14.51;86
69984;1345;45;0.00;0.00;14.51;86
69997;1335;45;0.00;0.00;14.51;86
70013;1328;45;0.00;0.00;14.51;86
70021;1320;45;0.00;0.00;14.51;86
70032;1312;45;0.00;0.00;14.51;86
70044;1305;45;0.00;0.00;14.51;86
70053;1297;45;0.00;0.00;14.51;86
70062;1290;45;0.00;0.00;14.51;86
70074;1281;45;0.00;0.00;14.90;86
70082;1273;45;0.00;0.00;14.90;86
70099;1265;45;0.00;0.00;14.90;86
70114;1256;45;0.00;0.00;14.90;86
70122;1248;45;0.00;0.00;14.90;86
70132;1240;45;0.00;0.00;14.90;86
70145;1231;45;0.00;0.00;14.90;86
70154;1221;45;0.00;0.00;14.90;86
70163;1212;45;0.00;0.00;14.90;86
70172;1203;45;0.00;0.00;14.90;86
70183;1194;45;0.00;0.00;14.90;86
70196;1185;45;0.00;0.00;14.90;86
70212;1176;45;0.00;0.00;14.90;86
70222;1168;45;0.00;0.00;14.90;86
70231;1159;45;0.00;0.00;14.90;86
70244;1151;45;0.00;0.00;14.90;86
70253;1142;45;0.00;0.00;14.90;86
70262;1134;45;0.00;0.00;14.90;86
70273;1125;45;0.00;0.00;14.90;86
70284;1115;45;0.00;0.00;14.90;86
70297;1106;45;0.00;0.00;14.90;86
70312;1097;45;0.00;0.00;14.90;86
70320;1087;45;0.00;0.00;14.90;86
70333;1078;45;0.00;0.00;14.90;86
70342;1071;45;0.00;0.00;14.90;86
70352;1063;45;0.00;0.00;14.90;86
70364;1056;45;0.00;0.00;14.90;86
70370;1049;45;0.00;0.00;14.90;86
70382;1041;45;0.00;0.00;14.90;86
70399;1034;45;0.00;0.00;14.90;86
70412;1035;45;0.00;0.00;15.29;86
70422;1036;45;0.00;0.00;15.29;86
70430;1038;45;0.00;0.00;15.29;86
70442;1039;45;0.00;0.00;15.29;86
70451;1040;45;0.00;0.00;15.29;86
70460;1042;45;0.00;0.00;15.29;86
70472;1043;45;0.00;0.00;15.29;86
70482;1044;45;0.00;0.00;15.29;86
70496;1044;45;0.00;0.00;15.29;86
70510;1045;45;0.00;0.00;15.29;86
70519;1046;45;0.00;0.00;15.29;86
70532;1047;45;0.00;0.00;15.29;86
70543;1048;45;0.00;0.00;15.29;86
70554;1049;45;0.00;0.00;15.29;86
70562;1049;45;0.00;0.00;15.29;86
70572;1050;45;0.00;0.00;15.29;86
70581;1050;45;0.00;0.00;15.29;86
70597;1051;45;0.00;0.00;15.29;86
70613;1049;45;0.00;0.00;15.29;86
70622;1046;45;0.00;0.00;15.29;86
70634;1044;45;0.00;0.00;15.29;86
70640;1042;45;0.00;0.00;15.29;86
70652;1040;45;0.00;0.00;15.29;86
70660;1038;45;0.00;0.00;15.29;86
70671;1035;45;0.00;0.00;15.29;86
70681;1033;45;0.00;0.00;15.29;86
70698;1031;45;0.00;0.00;15.29;86
70711;1029;45;0.00;0.00;15.29;86
70721;1027;45;0.00;0.00;15.29;86
70732;1025;45;0.00;0.00;15.29;86
70741;1020;45;0.00;0.00;15.29;86
70752;1015;45;0.00;0.00;15.29;86
70761;1010;45;0.00;0.00;15.29;86
70770;1005;45;0.00;0.00;15.29;86
70783;1000;45;0.00;0.00;15.29;86
70797;995;45;0.00;0.00;15.29;86
70811;990;45;0.00;0.00;15.29;86
70822;984;45;0.00;0.00;15.29;86
70832;979;45;0.00;0.00;15.29;86
70841;974;45;0.00;0.00;15.29;86
70853;969;45;0.00;0.00;15.29;86
70861;964;45;0.00;0.00;15.29;86
70874;960;45;0.00;0.00;15.69;86
70882;955;45;0.00;0.00;15.69;86
70902;951;45;0.00;0.00;15.69;86
70912;947;45;0.00;0.00;15.69;86
70920;943;45;0.00;0.00;15.69;86
70931;939;45;0.00;0.00;15.69;86
70943;935;45;0.00;0.00;15.69;86
70953;931;45;0.00;0.00;15.69;86
70961;928;45;0.00;0.00;15.69;86
70972;924;45;0.00;0.00;15.69;86
70981;920;45;0.00;0.00;15.69;86
70996;916;45;0.00;0.00;15.69;86
71010;912;45;0.00;0.00;16.08;86
71020;909;45;0.00;0.00;16.08;86
71031;905;45;0.00;0.00;16.08;86
71041;902;45;0.00;0.00;16.08;86
71052;898;45;0.00;0.00;16.08;86
71063;895;45;0.00;0.00;16.08;86
71073;893;45;0.00;0.00;16.08;86
71082;891;45;0.00;0.00;16.08;86
71097;889;45;0.00;0.00;16.08;86
71110;886;45;0.00;0.00;16.08;86
71121;884;45;0.00;0.00;16.08;86
71130;882;45;0.00;0.00;16.08;86
71143;879;45;0.00;0.00;16.08;86
71151;875;45;0.00;0.00;16.08;86
71161;872;45;0.00;0.00;16.08;86
71171;868;45;0.00;0.00;16.08;86
71180;865;45;0.00;0.00;16.08;86
71198;862;45;0.00;0.00;16.08;86
71211;858;45;0.00;0.00;16.47;86
71223;855;45;0.00;0.00;16.47;86
71232;852;45;0.00;0.00;16.47;86
71242;848;45;0.00;0.00;16.47;86
71253;845;45;0.00;0.00;16.47;86
71262;842;45;0.00;0.00;16.47;86
71270;839;45;0.00;0.00;16.86;86
71281;836;45;0.00;0.00;16.86;86
71298;833;45;0.00;0.00;16.86;86
71312;830;45;0.00;0.00;16.86;86
71322;827;45;0.00;0.00;16.86;86
71330;824;45;0.00;0.00;16.86;86
71343;822;45;0.00;0.00;16.86;86
71351;820;45;0.00;0.00;16.86;86
71363;818;45;0.00;0.00;16.86;86
71371;815;45;0.00;0.00;16.86;86
71381;813;45;0.00;0.00;16.86;86
71396;811;45;0.00;0.00;16.86;86
71413;808;45;0.00;0.00;16.86;86
71422;804;45;0.00;0.00;16.86;86
71432;800;45;0.00;0.00;16.86;86
71443;797;45;0.00;0.00;16.86;86
71452;793;45;0.00;0.00;16.86;86
71461;790;45;0.00;0.00;16.86;86
71472;788;45;0.00;0.00;17.25;86
71481;786;45;0.00;0.00;17.25;86
71498;784;45;0.00;0.00;17.25;86
71510;782;45;0.00;0.00;17.25;86
71522;780;45;0.00;0.00;17.25;86
71531;778;45;0.00;0.00;17.25;86
71541;774;45;0.00;0.00;17.25;86
71551;771;45;0.00;0.00;17.25;86
71560;767;45;0.00;0.00;17.25;86
71570;763;45;-0.78;0.00;17.25;86
71581;759;45;-0.78;-0.78;17.25;86
71598;755;45;-0.78;-0.78;17.25;86
71611;753;45;-1.56;-0.78;17.25;86
71624;752;45;-1.56;-1.56;17.25;86
71631;750;45;-2.34;-1.56;17.25;86
71642;748;45;-2.34;-2.34;17.25;86
71650;747;45;-3.13;-3.13;17.25;86
71662;745;45;-3.91;-3.13;17.25;86
71672;741;45;-3.91;-3.91;17.25;86
71681;737;45;-4.69;-4.69;17.25;86
71699;733;45;-4.69;-5.47;17.25;86
71711;729;45;-5.47;-5.47;17.25;86
71721;725;45;-5.47;-6.25;17.25;86
71732;721;45;-5.47;-6.25;17.25;86
71741;718;45;-6.25;-6.25;17.25;86
71751;715;45;-6.25;-7.03;17.25;86
71761;712;45;-7.03;-7.03;17.25;86
71773;708;45;-7.03;-7.03;17.25;86
71781;705;45;-7.81;-7.03;17.25;86
71798;702;45;-8.59;-7.81;17.25;86
71810;700;45;-8.59;-7.81;17.65;86
71821;698;45;-9.38;-7.81;17.65;86
71832;696;45;-9.38;-7.81;17.65;86
71844;694;45;-9.38;-7.81;17.65;86
71851;692;45;-10.16;-7.81;17.65;86
71862;690;45;-10.16;-8.59;17.65;86
71872;688;45;-10.16;-8.59;17.65;86
71882;685;45;-10.16;-8.59;17.65;86
71904;683;45;-10.16;-8.59;17.65;86
71911;680;45;-10.94;-8.59;17.65;86
71920;677;45;-10.94;-8.59;17.65;86
71930;675;45;-10.94;-9.38;17.65;86
71942;674;45;-11.72;-9.38;17.65;86
71951;673;45;-11.72;-9.38;17.65;86
71962;672;45;-11.72;-9.38;17.65;86
71973;671;45;-11.72;-9.38;17.65;86
71981;671;45;-11.72;-9.38;17.65;86
71999;670;45;-11.72;-9.38;18.04;86
72012;669;45;-11.72;-9.38;18.04;86
72022;668;45;-11.72;-9.38;18.04;86
72031;667;45;-11.72;-9.38;18.43;86
72042;666;45;-11.72;-9.38;18.43;86
72051;665;45;-12.50;-9.38;18.43;86
72063;664;45;-12.50;-10.16;18.43;86
72074;662;45;-12.50;-10.16;18.82;86
72083;661;45;-12.50;-10.16;18.82;86
72098;660;45;-11.72;-10.16;18.82;86
72112;658;45;-10.16;-10.16;18.82;86
72122;657;45;-9.38;-10.16;18.82;86
72131;655;45;-8.59;-10.16;18.82;86
72144;654;45;-7.03;-10.16;18.82;86
72153;653;45;-6.25;-10.16;18.82;86
72162;652;45;-6.25;-10.16;18.82;86
72172;651;45;-6.25;-10.16;18.82;86
72181;650;45;-7.03;-10.16;18.82;86
72197;648;45;-7.03;-10.16;19.22;86
72211;648;45;-7.03;-10.16;19.22;86
72221;647;45;-7.03;-10.16;19.22;86
72230;646;45;-7.03;-10.16;19.61;86
72242;645;45;-7.03;-10.16;19.61;86
72251;644;45;-7.03;-10.16;19.61;86
72263;643;45;-7.03;-10.16;20.00;86
72272;643;45;-7.03;-10.16;20.00;86
72282;642;45;-7.03;-10.16;20.00;86
72297;641;45;-7.03;-10.16;20.39;86
72312;641;45;-7.03;-10.16;20.39;86
72321;640;45;-7.81;-10.94;20.39;86
72333;639;45;-7.81;-10.94;20.39;86
72342;639;45;-7.81;-10.94;20.39;86
72351;639;45;-7.81;-11.72;20.39;86
72363;639;45;-7.81;-11.72;20.39;86
72374;638;45;-7.81;-11.72;20.39;86
72383;638;45;-7.81;-11.72;20.39;86
72399;638;45;-7.81;-12.50;20.39;86
72412;637;45;-7.81;-12.50;20.78;86
72422;637;45;-7.81;-12.50;20.78;86
72433;637;45;-7.81;-12.50;20.78;86
72443;636;45;-7.81;-12.50;20.78;86
72453;636;45;-7.81;-12.50;20.78;86
72462;635;45;-7.81;-13.28;21.18;86
72471;636;45;-7.81;-13.28;21.18;86
72482;636;45;-7.81;-13.28;21.18;86
72499;636;45;-7.81;-13.28;21.57;86
72513;637;45;-7.81;-13.28;21.57;86
72522;637;45;-7.81;-13.28;21.57;86
72532;637;45;-7.81;-14.06;21.57;86
72542;637;45;-7.81;-14.06;21.57;86
72552;637;45;-7.81;-14.06;21.57;86
72562;637;45;-7.81;-14.06;21.57;86
72573;637;45;-7.81;-14.06;21.57;86
72582;637;45;-7.81;-14.06;21.57;86
72595;637;45;-7.81;-14.84;21.57;86
72613;637;45;-7.81;-14.84;21.96;86
72622;637;45;-7.81;-14.84;21.96;86
72631;637;45;-7.81;-14.84;21.96;86
72642;637;45;-7.81;-14.84;21.96;86
72653;637;45;-7.81;-14.84;21.96;86
72663;637;45;-7.81;-15.63;21.96;86
72672;638;45;-7.81;-15.63;22.35;86
72683;638;45;-7.81;-15.63;22.35;86
72699;638;45;-7.81;-15.63;22.35;86
72711;639;45;-7.81;-15.63;22.35;86
72722;639;45;-7.81;-15.63;22.35;86
72733;639;45;-7.81;-15.63;22.35;86
72742;639;45;-7.81;-15.63;22.35;86
72753;639;45;-7.81;-15.63;22.35;86
72762;640;45;-7.81;-15.63;22.35;86
72772;640;45;-7.81;-15.63;22.35;86
72781;640;45;-7.81;-15.63;22.35;86
72796;640;45;-7.81;-16.41;22.35;86
72812;639;45;-7.81;-16.41;22.35;86
72822;639;45;-7.81;-16.41;22.35;86
72832;638;45;-9.38;-16.41;22.35;86
72841;638;45;-10.16;-16.41;22.35;86
72853;638;45;-11.72;-16.41;22.35;86
72863;637;45;-13.28;-17.19;22.35;86
72872;638;45;-14.06;-17.19;22.75;86
72881;638;45;-15.63;-17.19;22.75;86
72903;639;45;-15.63;-17.19;22.75;86
72913;639;45;-15.63;-17.19;22.75;86
72922;640;45;-16.41;-17.19;22.75;86
72933;640;45;-16.41;-17.19;22.75;86
72944;638;45;-16.41;-17.19;22.75;86
72953;636;45;-16.41;-17.19;22.75;86
72962;634;45;-16.41;-17.19;22.75;86
72972;632;45;-16.41;-17.19;22.75;86
72981;630;45;-17.19;-17.19;22.75;86
72995;628;45;-17.19;-17.97;22.75;86
73013;627;45;-17.19;-17.97;22.75;86
73025;626;45;-17.19;-17.97;22.75;86
73041;624;45;-17.19;-17.97;22.75;86
73053;623;45;-17.19;-17.97;22.75;86
73061;622;45;-16.41;-17.97;22.75;86
73072;621;45;-16.41;-17.97;22.75;86
73081;621;45;-16.41;-17.97;23.14;86
73098;622;45;-16.41;-17.97;23.14;86
73112;622;45;-16.41;-17.97;23.14;86
73121;623;45;-16.41;-17.97;23.14;86
73132;623;45;-15.63;-17.97;23.14;86
73143;624;45;-15.63;-17.19;23.14;86
73152;623;45;-15.63;-17.19;23.14;86
73163;623;45;-15.63;-17.19;23.14;86
73172;623;45;-15.63;-17.19;23.14;86
73182;622;46;-15.63;-17.19;23.14;86
73196;622;46;-15.63;-17.19;23.14;86
73213;621;46;-15.63;-17.97;23.14;86
73223;620;46;-15.63;-17.97;23.14;86
73231;619;46;-15.63;-17.97;23.14;86
73241;617;46;-15.63;-17.97;23.14;86
73252;616;46;-15.63;-17.97;23.14;86
73262;614;46;-14.84;-17.97;23.14;86
73272;613;46;-14.84;-17.19;23.14;86
73283;613;46;-14.84;-17.19;23.53;86
73297;613;46;-14.84;-17.19;23.53;86
73313;614;46;-14.84;-17.19;23.53;86
73324;614;46;-14.84;-17.19;23.53;86
73333;614;46;-14.84;-17.19;23.53;86
73342;614;46;-14.84;-17.19;23.53;86
73351;614;46;-14.84;-17.19;23.53;86
73362;613;46;-14.84;-17.19;23.53;86
73371;612;46;-14.84;-17.19;23.53;86
73383;611;46;-14.84;-17.19;23.53;86
73398;610;46;-14.06;-17.19;23.53;86
73413;610;46;-14.06;-17.19;23.53;86
73421;610;46;-14.06;-17.19;23.92;86
73433;610;46;-14.06;-17.19;23.92;86
73441;610;46;-14.06;-17.19;23.92;86
73452;610;46;-14.06;-17.19;23.92;86
73462;610;46;-13.28;-17.19;23.92;86
73474;610;46;-13.28;-16.41;23.92;86
73483;610;46;-13.28;-16.41;23.92;86
73497;610;46;-13.28;-16.41;23.92;86
73514;611;46;-13.28;-16.41;23.92;86
73522;611;46;-13.28;-16.41;23.92;86
73534;611;46;-13.28;-16.41;23.92;86
73542;612;46;-13.28;-16.41;23.92;86
73553;611;46;-13.28;-16.41;23.92;86
73561;611;46;-13.28;-16.41;23.92;86
73573;610;46;-13.28;-16.41;23.92;86
73582;610;46;-13.28;-16.41;23.92;86
73597;610;46;-12.50;-16.41;23.92;86
73613;609;46;-12.50;-16.41;23.92;86
73621;609;46;-12.50;-16.41;24.31;86
73633;609;46;-12.50;-16.41;24.31;86
73642;609;46;-12.50;-16.41;24.31;86
73652;609;46;-12.50;-16.41;24.31;86
73664;609;46;-12.50;-16.41;24.31;86
73673;609;46;-12.50;-15.63;24.31;86
73683;609;46;-12.50;-15.63;24.31;86
73697;608;46;-12.50;-15.63;24.31;86
73712;607;46;-12.50;-15.63;24.31;86
73723;607;46;-12.50;-15.63;24.31;86
73732;606;46;-13.28;-15.63;24.31;86
73741;605;46;-13.28;-15.63;24.31;86
73753;604;46;-13.28;-15.63;24.31;86
73762;602;46;-13.28;-15.63;24.31;86
73772;601;46;-13.28;-15.63;24.31;86
73784;600;46;-13.28;-15.63;24.31;86
73796;598;46;-13.28;-15.63;24.31;86
73813;597;46;-13.28;-14.84;24.31;86
73821;598;46;-13.28;-14.84;24.71;86
73833;599;46;-13.28;-14.84;24.71;86
73841;600;46;-13.28;-14.84;24.71;86
73851;602;46;-13.28;-14.84;24.71;86
73863;603;46;-13.28;-14.84;24.71;86
73872;604;46;-13.28;-14.06;24.71;86
73881;605;46;-13.28;-14.06;24.71;86
73903;606;46;-13.28;-14.06;24.71;86
73911;607;46;-13.28;-14.06;24.71;86
73922;609;46;-13.28;-14.06;24.71;86
73930;610;46;-12.50;-14.06;24.71;86
73942;611;46;-12.50;-13.28;24.71;86
73950;611;46;-12.50;-13.28;24.71;86
73962;612;46;-12.50;-13.28;24.71;86
73973;612;46;-12.50;-13.28;24.71;86
73981;613;46;-12.50;-13.28;24.71;86
73996;613;46;-11.72;-13.28;24.71;86
74013;614;46;-11.72;-12.50;24.71;86
74024;613;46;-11.72;-12.50;24.71;86
74032;612;46;-11.72;-12.50;24.71;86
74039;611;46;-11.72;-12.50;24.71;86
74051;610;46;-11.72;-12.50;24.71;86
74060;609;46;-11.72;-12.50;24.71;86
74073;608;46;-11.72;-12.50;24.71;86
74080;607;46;-11.72;-12.50;24.71;86
74097;607;46;-11.72;-12.50;24.71;86
74110;606;46;-11.72;-12.50;24.71;86
74123;605;46;-11.72;-12.50;24.71;86
74134;604;46;-10.94;-12.50;24.71;86
74140;604;46;-10.94;-11.72;24.71;86
74152;605;46;-10.94;-11.72;24.71;86
74161;606;46;-10.94;-11.72;24.71;86
74173;607;46;-10.94;-11.72;24.71;86
74181;608;46;-10.94;-11.72;24.71;86
74198;609;46;-10.16;-11.72;24.71;86
74210;610;46;-10.16;-10.94;24.71;86
74222;611;46;-10.16;-10.94;24.71;86
74230;612;46;-10.16;-10.94;24.71;86
74243;613;46;-10.16;-10.94;24.71;86
74253;614;46;-9.38;-10.94;24.71;86
74260;615;46;-9.38;-10.94;24.71;86
74273;617;46;-9.38;-10.16;24.71;86
74282;616;46;-8.59;-10.16;24.71;86
74296;615;46;-8.59;-10.16;24.71;86
74312;614;46;-8.59;-10.16;24.71;86
74323;612;46;-8.59;-10.16;24.71;86
74332;611;46;-8.59;-10.16;24.71;86
74339;610;46;-8.59;-9.38;24.71;86
74354;611;46;-8.59;-9.38;24.71;86
74362;611;46;-8.59;-9.38;24.71;86
74372;612;46;-8.59;-9.38;24.71;86
74383;612;46;-7.81;-9.38;24.71;86
74398;613;46;-7.81;-9.38;24.71;86
74411;613;46;-7.81;-8.59;24.71;86
74421;615;46;-7.03;-8.59;24.71;86
74434;616;46;-7.03;-8.59;24.71;86
74443;617;46;-7.03;-8.59;24.71;86
74451;619;46;-7.03;-8.59;24.71;86
74462;620;46;-6.25;-8.59;24.71;86
74472;622;46;-6.25;-8.59;24.71;86
74480;622;46;-6.25;-8.59;24.31;86
74497;622;46;-6.25;-8.59;24.31;86
74512;623;46;-6.25;-8.59;24.31;86
74521;623;46;-6.25;-8.59;24.31;86
74530;624;46;-6.25;-8.59;24.31;86
74541;624;46;-6.25;-7.81;24.31;86
74550;623;46;-6.25;-7.81;24.31;86
74560;622;46;-6.25;-7.81;24.31;86
74573;622;46;-6.25;-7.81;24.31;86
74580;621;46;-6.25;-7.81;24.31;86
74598;620;46;-6.25;-7.81;24.31;86
74612;619;46;-6.25;-7.81;24.31;86
74623;619;46;-6.25;-7.81;24.31;86
74630;619;46;-6.25;-7.81;24.31;86
74642;619;46;-6.25;-7.81;24.31;86
74651;619;46;-6.25;-7.81;24.31;86
74662;620;46;-6.25;-7.81;24.31;86
74674;620;46;-6.25;-7.81;24.31;86
74681;621;46;-6.25;-7.81;23.92;86
74697;622;46;-6.25;-7.81;23.92;86
74711;623;46;-6.25;-7.81;23.92;86
74721;624;46;-6.25;-7.81;23.92;86
74731;625;46;-6.25;-7.81;23.92;86
74741;626;46;-6.25;-7.03;23.92;86
74753;626;46;-6.25;-7.03;23.92;86
74762;625;46;-6.25;-7.03;23.92;86
74774;625;46;-6.25;-7.03;23.92;86
74783;625;46;-6.25;-7.03;23.92;86
74796;624;46;-5.47;-7.03;23.92;86
74810;624;46;-5.47;-7.03;23.92;86
74821;625;46;-5.47;-7.03;23.92;86
74831;627;46;-5.47;-7.03;23.92;86
74841;628;46;-5.47;-7.03;23.92;86
74850;629;46;-5.47;-7.03;23.92;86
74860;630;46;-5.47;-7.03;23.92;86
74872;631;46;-5.47;-7.03;23.92;86
74883;631;46;-5.47;-7.03;23.53;86
74903;631;46;-5.47;-7.03;23.53;86
74913;631;46;-5.47;-7.03;23.53;86
74922;631;46;-5.47;-7.03;23.53;86
74932;631;46;-5.47;-7.03;23.53;86
74944;631;46;-5.47;-7.03;23.53;86
74951;630;46;-5.47;-7.03;23.53;86
74962;629;46;-5.47;-7.03;23.53;86
74974;628;46;-5.47;-7.03;23.53;86
74981;627;46;-5.47;-7.03;23.53;86
74998;626;46;-5.47;-7.03;23.53;86
75012;625;46;-5.47;-6.25;23.53;86
75020;626;46;-5.47;-6.25;23.53;86
75031;626;46;-5.47;-6.25;23.53;86
75041;627;46;-5.47;-6.25;23.53;86
75052;627;46;-5.47;-6.25;23.53;86
75061;628;46;-4.69;-6.25;23.53;86
75074;629;46;-4.69;-6.25;23.53;86
75080;629;46;-4.69;-6.25;23.14;86
75098;630;46;-4.69;-6.25;23.14;86
75112;631;46;-4.69;-6.25;23.14;86
75121;631;46;-4.69;-6.25;23.14;86
75132;632;46;-4.69;-6.25;23.14;86
75141;633;46;-4.69;-6.25;23.14;86
75151;633;46;-4.69;-6.25;23.14;86
75162;633;46;-4.69;-6.25;23.14;86
75172;633;46;-4.69;-6.25;23.14;86
75184;633;46;-4.69;-6.25;23.14;86
75199;632;46;-3.91;-6.25;23.14;86
75212;632;46;-3.91;-5.47;23.14;86
75221;632;46;-3.91;-5.47;23.14;86
75231;632;46;-3.91;-5.47;23.14;86
75242;633;46;-3.91;-5.47;23.14;86
75251;633;46;-3.91;-5.47;23.14;86
75262;633;46;-3.91;-5.47;23.14;86
75274;633;46;-3.91;-5.47;23.14;86
75280;632;46;-3.91;-5.47;22.75;86
75299;631;46;-3.91;-5.47;22.75;86
75313;630;46;-3.91;-5.47;22.75;86
75321;629;46;-3.91;-5.47;22.75;86
75331;628;46;-3.91;-5.47;22.75;86
75343;627;46;-3.91;-5.47;22.75;86
75351;627;46;-3.91;-5.47;22.75;86
75362;626;46;-3.91;-5.47;22.75;86
75374;626;46;-3.91;-5.47;22.75;86
75380;625;46;-3.91;-5.47;22.75;86
75398;625;46;-3.91;-5.47;22.75;86
75412;625;46;-3.91;-5.47;22.75;86
75421;625;46;-3.91;-5.47;23.14;86
75432;625;46;-3.91;-5.47;23.14;86
75441;625;46;-3.91;-5.47;23.14;86
75451;626;46;-3.91;-5.47;23.14;86
75461;626;46;-3.91;-5.47;23.14;86
75475;626;46;-3.91;-5.47;23.14;86
75496;627;46;-3.91;-5.47;23.14;86
75511;627;46;-3.91;-5.47;23.14;86
75522;628;46;-3.91;-5.47;23.14;86
75530;629;46;-3.91;-5.47;23.14;86
75542;629;46;-3.91;-5.47;23.14;86
75550;630;46;-3.91;-5.47;23.14;86
75562;631;46;-3.91;-5.47;23.14;86
75574;631;46;-3.91;-5.47;23.14;86
75581;632;46;-3.91;-5.47;23.14;86
75598;632;46;-3.91;-5.47;23.14;86
75614;633;46;-3.91;-5.47;23.14;86
75623;633;46;-3.91;-5.47;23.14;86
75631;633;46;-3.91;-5.47;23.14;86
75641;633;46;-3.91;-5.47;23.14;86
75652;632;46;-3.91;-5.47;23.14;86
75660;632;46;-3.91;-5.47;23.14;86
75674;632;46;-3.91;-5.47;23.14;86
75680;632;46;-3.91;-5.47;23.14;86
75697;630;46;-3.91;-5.47;22.75;86
75711;629;46;-3.91;-5.47;22.75;86
75722;628;46;-3.91;-5.47;22.75;86
75731;627;46;-3.91;-5.47;22.75;86
75741;626;46;-3.91;-5.47;22.75;86
75752;624;46;-3.91;-5.47;22.75;86
75762;625;46;-3.91;-5.47;22.75;86
75771;626;46;-3.91;-5.47;22.75;86
75781;627;46;-3.91;-5.47;22.75;86
75796;628;46;-3.91;-5.47;22.75;86
75811;629;46;-3.91;-5.47;22.75;86
75823;629;46;-3.91;-5.47;22.75;86
75832;630;46;-3.91;-5.47;23.14;86
75840;630;46;-3.91;-5.47;23.14;86
75852;630;46;-3.91;-5.47;23.14;86
75860;630;46;-3.91;-5.47;23.14;86
75872;630;46;-3.91;-5.47;23.14;86
75881;631;46;-3.91;-5.47;23.14;86
75903;631;46;-3.91;-5.47;22.75;86
75911;631;46;-3.91;-5.47;22.75;86
75922;631;46;-3.91;-5.47;22.75;86
75930;631;46;-3.91;-5.47;22.75;86
75943;631;46;-3.91;-5.47;22.75;86
75951;631;46;-3.91;-5.47;22.75;86
75962;631;46;-3.91;-5.47;22.75;86
75974;631;46;-3.91;-5.47;22.75;86
75982;631;46;-3.91;-5.47;22.75;86
75998;631;46;-3.91;-5.47;22.75;86
76012;631;46;-3.91;-5.47;22.75;86
76022;631;46;-3.91;-5.47;22.75;86
76031;631;46;-3.91;-5.47;22.75;86
76040;632;46;-3.91;-5.47;22.75;86
76052;632;46;-3.91;-5.47;22.75;86
76061;632;46;-3.91;-5.47;22.75;86
76070;632;46;-3.91;-5.47;22.75;86
76083;632;46;-3.91;-5.47;22.75;86
76097;632;46;-3.91;-5.47;22.75;86
76112;631;46;-3.91;-5.47;22.75;86
76122;630;46;-3.91;-5.47;22.75;86
76131;629;46;-3.91;-5.47;22.75;86
76143;628;46;-3.91;-5.47;22.75;86
76152;628;46;-3.91;-5.47;22.75;86
76162;628;46;-3.91;-5.47;22.75;86
76173;627;46;-3.91;-5.47;22.75;86
76181;627;46;-3.91;-5.47;22.75;86
76196;627;46;-3.91;-5.47;22.75;86
76211;627;46;-3.91;-5.47;22.75;86
76220;627;46;-3.91;-5.47;22.75;86
76232;627;46;-3.91;-5.47;22.75;86
76243;628;46;-3.91;-5.47;22.75;86
76252;629;46;-3.91;-5.47;22.75;86
76263;629;46;-3.91;-5.47;22.75;86
76275;630;46;-3.91;-5.47;22.75;86
76299;630;46;-3.91;-5.47;22.75;86
76311;631;46;-3.91;-5.47;22.75;86
76322;631;46;-3.91;-5.47;22.75;86
76331;632;46;-3.91;-5.47;22.75;86
76341;632;46;-3.91;-5.47;22.75;86
76352;633;46;-3.91;-5.47;22.75;86
76363;633;46;-3.91;-5.47;22.75;86
76373;633;46;-3.91;-5.47;22.75;86
76382;633;46;-3.91;-5.47;22.75;86
76397;633;46;-3.91;-5.47;22.75;86
76411;632;46;-3.91;-5.47;22.75;86
76421;632;46;-3.91;-5.47;22.75;86
76432;632;46;-3.91;-5.47;22.75;86
76444;631;46;-3.91;-5.47;22.75;86
76451;631;46;-3.91;-5.47;22.75;86
76461;630;46;-3.91;-5.47;22.75;86
76471;630;46;-3.91;-5.47;22.75;86
76484;629;46;-3.91;-5.47;22.75;86
76497;629;46;-3.91;-5.47;22.75;86
76511;629;46;-3.91;-5.47;22.75;86
76521;629;46;-3.91;-5.47;22.75;86
76532;629;46;-3.91;-5.47;22.75;86
76541;629;46;-3.91;-5.47;22.75;86
76553;629;46;-3.91;-5.47;22.75;86
76563;629;46;-3.91;-5.47;22.75;86
76571;628;46;-3.91;-5.47;22.75;86
76583;627;46;-3.91;-5.47;22.75;86
76595;626;46;-3.91;-5.47;22.75;86
76611;625;46;-3.91;-5.47;22.75;86
76622;624;46;-3.91;-5.47;22.75;86
76632;623;46;-3.91;-5.47;22.75;86
76644;623;46;-3.91;-5.47;22.75;86
76652;623;46;-3.91;-5.47;22.75;86
76661;623;46;-3.91;-5.47;22.75;86
76673;623;46;-3.91;-5.47;22.75;86
76682;623;46;-3.91;-5.47;22.75;86
76699;624;46;-3.91;-5.47;22.75;86
76711;624;46;-3.91;-5.47;22.75;86
76723;625;46;-3.91;-5.47;22.75;86
76732;626;46;-3.91;-5.47;22.75;86
76743;627;46;-3.91;-5.47;22.75;86
76752;627;46;-3.91;-5.47;22.75;86
76760;628;46;-3.91;-5.47;22.75;86
76774;628;46;-3.91;-5.47;23.14;86
76783;629;46;-3.91;-5.47;23.14;86
76796;629;46;-3.91;-5.47;23.14;86
76813;629;46;-3.91;-5.47;23.14;86
76822;629;46;-3.91;-5.47;23.14;86
76832;629;46;-3.91;-5.47;23.14;86
76841;630;46;-3.91;-5.47;23.14;86
76852;630;46;-3.91;-5.47;23.14;86
76862;631;46;-3.91;-5.47;23.14;86
76872;631;46;-3.91;-5.47;23.14;86
76883;631;46;-3.91;-5.47;23.14;86
76902;632;46;-3.91;-5.47;23.14;86
76911;632;46;-3.91;-5.47;23.14;86
76921;633;46;-3.91;-5.47;23.14;86
76932;634;46;-3.91;-5.47;23.14;86
76943;634;46;-3.91;-5.47;23.14;86
76952;635;46;-3.91;-5.47;23.14;86
76961;636;46;-3.91;-4.69;23.14;86
76974;635;46;-3.91;-4.69;22.75;86
76981;634;46;-3.91;-4.69;22.75;86
76997;633;46;-3.91;-4.69;22.75;86
77010;632;46;-3.91;-4.69;22.75;86
77022;632;46;-3.91;-4.69;22.75;86
77031;631;46;-3.91;-4.69;22.75;86
77043;631;46;-3.91;-4.69;22.75;86
77052;631;46;-3.91;-4.69;22.75;86
77061;630;46;-3.91;-4.69;22.75;86
77072;630;46;-3.91;-4.69;22.75;86
77082;630;46;-3.91;-4.69;22.75;86
77098;630;46;-3.91;-4.69;22.75;86
77111;630;46;-3.91;-4.69;22.75;86
77122;630;46;-3.91;-4.69;22.75;86
77132;630;46;-3.91;-4.69;22.75;86
77142;631;46;-3.91;-4.69;22.75;86
77151;631;46;-3.91;-4.69;22.75;86
77161;631;46;-3.91;-4.69;22.75;86
77173;632;46;-3.91;-4.69;22.75;86
77183;632;46;-3.91;-4.69;22.75;86
77196;632;46;-3.91;-4.69;22.75;86
77212;633;46;-3.91;-4.69;22.75;86
77222;633;46;-3.91;-4.69;22.75;86
77232;634;46;-3.91;-4.69;22.75;86
77243;633;46;-3.91;-4.69;22.75;86
77253;631;46;-3.91;-4.69;22.75;86
77262;630;46;-3.91;-4.69;22.75;86
77271;629;46;-3.91;-4.69;22.75;86
77283;628;46;-3.91;-4.69;22.75;86
77300;627;46;-3.91;-4.69;22.75;86
77313;628;46;-3.91;-4.69;22.75;86
77323;628;46;-3.91;-4.69;22.75;86
77331;629;46;-3.91;-4.69;22.75;86
77343;629;46;-3.91;-4.69;22.75;86
77353;629;46;-3.91;-4.69;22.75;86
77363;630;46;-3.91;-4.69;22.75;86
77372;630;46;-3.91;-4.69;22.75;86
77383;630;46;-3.91;-4.69;22.75;86
77399;630;46;-3.91;-4.69;22.75;86
77414;630;46;-3.91;-4.69;22.75;86
77423;630;46;-3.91;-4.69;22.75;86
77432;630;46;-3.91;-4.69;22.75;86
77441;631;46;-3.91;-4.69;22.75;86
77453;631;46;-3.91;-4.69;22.75;86
77462;632;46;-3.91;-4.69;22.75;86
77473;632;46;-3.91;-4.69;22.75;86
77482;632;46;-3.91;-4.69;22.75;86
77496;633;46;-3.91;-4.69;22.75;86
77513;634;46;-3.91;-4.69;22.75;86
77522;634;46;-3.91;-4.69;22.75;86
77532;635;46;-3.91;-4.69;22.75;86
77544;636;46;-3.91;-4.69;22.75;86
77553;636;46;-3.91;-4.69;22.75;86
77563;637;46;-3.91;-4.69;22.75;86
77572;636;46;-3.91;-4.69;22.75;86
77583;635;46;-3.91;-4.69;22.75;86
77597;634;46;-3.91;-4.69;22.75;86
77613;633;46;-3.91;-4.69;22.75;86
77625;632;46;-3.91;-4.69;22.75;86
77643;631;46;-3.91;-4.69;22.75;86
77654;632;46;-3.91;-4.69;22.75;86
77663;632;46;-3.91;-4.69;22.75;86
77674;633;46;-3.91;-4.69;22.75;86
77683;633;46;-3.91;-4.69;22.75;86
77695;634;46;-4.69;-4.69;22.75;86
77712;634;46;-4.69;-5.47;22.75;86
77721;634;46;-4.69;-5.47;22.75;86
77731;634;46;-4.69;-5.47;22.75;86
77742;634;46;-4.69;-5.47;22.75;86
77752;634;46;-4.69;-5.47;22.75;86
77763;634;46;-3.91;-5.47;22.75;86
77773;633;46;-3.91;-5.47;22.75;86
77783;634;46;-3.91;-5.47;22.75;86
77795;634;46;-3.91;-5.47;22.75;86
77812;635;46;-3.91;-5.47;22.75;86
77823;635;46;-3.91;-5.47;22.75;86
77832;635;46;-4.69;-5.47;22.75;86
77842;636;46;-4.69;-5.47;22.75;86
77852;636;46;-4.69;-5.47;22.75;86
77863;635;46;-4.69;-5.47;22.75;86
77872;635;46;-4.69;-5.47;22.75;86
77883;634;46;-4.69;-5.47;22.75;86
77903;634;46;-4.69;-5.47;22.75;86
77911;634;46;-4.69;-5.47;22.75;86
77921;634;46;-4.69;-5.47;22.75;86
77932;634;46;-4.69;-5.47;22.75;86
77944;634;46;-4.69;-5.47;22.75;86
77953;634;46;-4.69;-5.47;22.75;86
77963;634;46;-4.69;-5.47;22.75;86
77973;635;46;-4.69;-5.47;22.75;86
77983;634;46;-4.69;-5.47;22.35;86
77998;633;46;-4.69;-5.47;22.35;86
78012;632;46;-4.69;-5.47;22.35;86
78024;631;46;-4.69;-5.47;22.35;86
78030;630;46;-4.69;-5.47;22.35;86
78042;629;46;-4.69;-5.47;22.35;86
78051;629;46;-4.69;-5.47;22.35;86
78062;628;46;-4.69;-5.47;22.35;86
78072;628;46;-4.69;-5.47;22.35;86
78083;627;46;-4.69;-5.47;22.35;86
78097;627;46;-4.69;-5.47;22.35;86
78111;626;46;-4.69;-5.47;22.35;86
78121;625;46;-4.69;-5.47;22.35;86
78133;624;46;-4.69;-5.47;22.35;86
78143;623;46;-4.69;-5.47;22.35;86
78151;622;46;-4.69;-5.47;22.35;86
78162;621;46;-4.69;-5.47;22.35;86
78171;620;46;-4.69;-4.69;22.35;86
78181;620;46;-4.69;-4.69;22.75;86
78197;620;46;-4.69;-4.69;22.75;86
78212;620;46;-4.69;-4.69;22.75;86
78220;620;46;-4.69;-4.69;22.75;86
78231;620;46;-4.69;-4.69;22.75;86
78242;620;46;-4.69;-4.69;22.75;86
78251;622;46;-4.69;-4.69;22.75;86
78264;623;46;-4.69;-4.69;22.75;86
78271;624;46;-4.69;-4.69;22.75;86
78284;625;46;-4.69;-4.69;22.75;86
78297;627;46;-4.69;-4.69;22.75;86
78309;628;46;-4.69;-4.69;22.75;86
78323;628;46;-4.69;-4.69;22.75;86
78332;628;46;-4.69;-4.69;22.75;86
78343;628;46;-4.69;-4.69;22.75;86
78349;629;46;-4.69;-4.69;22.75;86
78362;629;46;-4.69;-4.69;22.75;86
78374;629;46;-4.69;-4.69;22.75;86
78381;628;46;-4.69;-4.69;23.14;86
78397;627;46;-4.69;-4.69;23.14;86
78411;626;46;-4.69;-4.69;23.14;86
78424;625;46;-4.69;-4.69;23.14;86
78430;625;46;-4.69;-4.69;23.14;86
78442;624;46;-4.69;-5.47;23.14;86
78452;625;46;-4.69;-5.47;23.14;86
78460;625;46;-4.69;-5.47;23.14;86
78471;626;46;-4.69;-5.47;23.14;86
78482;627;46;-4.69;-5.47;23.14;86
78498;628;46;-4.69;-5.47;23.14;86
78513;629;46;-4.69;-5.47;23.14;86
78521;628;46;-4.69;-5.47;23.14;86
78533;628;46;-4.69;-5.47;23.14;86
78541;627;46;-4.69;-5.47;23.14;86
78551;626;46;-4.69;-5.47;23.14;86
78563;626;46;-4.69;-5.47;23.14;86
78571;625;46;-4.69;-5.47;23.14;86
78584;625;46;-4.69;-5.47;23.14;86
78598;624;46;-4.69;-5.47;23.14;86
78614;624;46;-4.69;-5.47;23.14;86
78620;623;46;-4.69;-5.47;23.14;86
78631;623;46;-4.69;-5.47;23.14;86
78643;623;46;-4.69;-5.47;23.14;86
78651;623;46;-4.69;-5.47;23.14;86
78662;623;46;-4.69;-5.47;23.14;86
78671;623;46;-4.69;-5.47;23.14;86
78680;623;46;-4.69;-5.47;23.14;86
78698;623;46;-4.69;-5.47;23.14;86
78710;623;46;-4.69;-5.47;23.14;86
78722;624;46;-4.69;-5.47;23.14;86
78731;624;46;-4.69;-5.47;23.14;86
78743;624;46;-4.69;-5.47;23.14;86
78752;625;46;-4.69;-5.47;23.14;86
78762;625;46;-4.69;-5.47;23.14;86
78774;625;46;-4.69;-5.47;23.14;86
78797;626;46;-4.69;-5.47;23.14;86
78810;627;46;-4.69;-5.47;23.14;86
78823;627;46;-4.69;-5.47;23.14;86
78831;628;46;-4.69;-5.47;23.14;86
78841;628;46;-4.69;-5.47;23.14;86
78852;629;46;-4.69;-5.47;23.14;86
78860;628;46;-4.69;-5.47;23.14;86
78872;628;46;-4.69;-5.47;23.14;86
78885;627;46;-4.69;-5.47;23.14;86
78903;627;46;-4.69;-5.47;23.14;86
78911;626;46;-4.69;-5.47;23.14;86
78921;625;46;-4.69;-5.47;23.14;86
78932;625;46;-4.69;-5.47;23.14;86
78942;625;46;-4.69;-5.47;23.14;86
78950;625;46;-4.69;-5.47;23.14;86
78962;624;46;-4.69;-5.47;23.14;86
78972;624;46;-4.69;-5.47;23.14;86
78983;624;46;-4.69;-4.69;23.14;86
78996;624;46;-4.69;-4.69;23.14;86
79011;624;46;-4.69;-4.69;23.14;86
79021;624;46;-4.69;-4.69;23.14;86
79031;625;46;-4.69;-4.69;23.14;86
79042;625;46;-4.69;-4.69;23.14;86
79052;625;46;-4.69;-4.69;23.14;86
79060;626;46;-4.69;-4.69;23.14;86
79072;627;46;-4.69;-4.69;23.14;86
79083;628;46;-4.69;-4.69;23.14;86
79097;629;46;-4.69;-4.69;23.14;86
79112;630;46;-4.69;-4.69;23.14;86
79122;631;46;-4.69;-4.69;23.14;86
79132;630;46;-4.69;-4.69;23.14;86
79141;629;46;-4.69;-4.69;23.14;86
79152;628;46;-4.69;-4.69;23.14;86
79162;627;46;-4.69;-4.69;23.14;86
79170;626;46;-4.69;-4.69;23.14;86
79182;626;46;-4.69;-4.69;23.14;86
79197;626;46;-4.69;-4.69;23.14;86
79212;625;46;-4.69;-4.69;23.14;86
79221;625;46;-4.69;-4.69;23.14;86
79230;625;46;-4.69;-4.69;23.14;86
79243;625;46;-4.69;-4.69;23.14;86
79250;625;46;-4.69;-4.69;23.14;86
79261;624;46;-4.69;-4.69;23.14;86
79272;622;46;-4.69;-4.69;23.14;86
79280;621;46;-4.69;-4.69;23.14;86
79296;620;46;-4.69;-4.69;23.14;86
79311;618;46;-4.69;-4.69;23.14;86
79321;617;46;-4.69;-4.69;23.14;86
79330;617;46;-4.69;-4.69;23.14;86
79341;618;46;-4.69;-4.69;23.14;86
79352;619;46;-4.69;-4.69;23.14;86
79361;619;46;-4.69;-4.69;23.14;86
79371;620;46;-4.69;-4.69;23.14;86
79382;620;46;-4.69;-4.69;23.14;86
79397;621;46;-4.69;-4.69;23.53;86
79412;623;46;-4.69;-4.69;23.53;86
79420;624;46;-4.69;-4.69;23.53;86
79431;625;46;-4.69;-4.69;23.53;86
79440;627;46;-3.91;-4.69;23.53;86
79450;628;46;-3.91;-4.69;23.53;86
79460;628;46;-3.91;-4.69;23.53;86
79473;627;46;-3.91;-4.69;23.53;86
79482;627;46;-3.91;-4.69;23.53;86
79498;627;46;-3.91;-4.69;23.53;86
79512;627;46;-3.91;-4.69;23.53;86
79521;626;46;-3.91;-4.69;23.53;86
79531;625;46;-3.91;-4.69;23.14;86
79542;624;46;-3.91;-4.69;23.14;86
79553;624;46;-3.91;-4.69;23.14;86
79561;623;46;-3.91;-4.69;23.14;86
79570;622;46;-3.91;-4.69;23.14;86
79582;621;46;-3.91;-4.69;23.14;86
79596;621;46;-3.91;-4.69;23.14;86
79611;622;46;-3.91;-4.69;23.14;86
79622;623;46;-3.91;-4.69;23.14;86
79630;623;46;-3.91;-4.69;23.14;86
79642;624;46;-3.91;-4.69;23.14;86
79650;625;46;-3.91;-3.91;23.14;86
79663;625;46;-3.91;-3.91;23.14;86
79671;626;46;-3.91;-3.91;23.14;86
79681;627;46;-3.91;-3.91;23.14;86
79697;627;46;-3.91;-3.91;23.14;86
79710;628;46;-3.91;-3.91;23.14;86
79721;628;46;-3.91;-3.91;23.14;86
79731;627;46;-3.91;-3.91;23.14;86
79742;626;46;-3.91;-3.91;23.14;86
79750;625;46;-3.91;-3.91;23.14;86
79762;624;46;-3.91;-3.91;23.14;86
79773;623;46;-3.91;-3.91;23.14;86
79781;622;46;-3.91;-3.91;23.14;86
79799;622;46;-3.91;-3.91;23.14;86
79812;622;46;-3.91;-3.91;23.14;86
79823;622;46;-3.91;-3.91;23.14;86
79833;622;46;-3.91;-3.91;23.14;86
79841;622;46;-3.91;-3.91;23.14;86
79851;622;46;-3.91;-3.91;23.14;86
79862;622;46;-3.91;-3.91;23.14;86
79873;622;46;-3.91;-3.91;23.14;86
79882;623;46;-3.91;-3.91;23.14;86
79904;623;46;-3.91;-3.91;23.14;86
79912;623;46;-3.13;-3.91;23.14;86
79922;624;46;-3.13;-3.91;23.14;86
79931;623;46;-3.13;-3.91;23.14;86
79941;623;46;-3.13;-3.91;23.14;86
79950;623;46;-3.13;-3.91;23.14;86
79962;623;46;-3.13;-3.91;23.14;86
79971;623;46;-3.13;-3.91;23.14;86
79981;622;46;-3.13;-3.91;23.14;86
79997;623;46;-3.13;-3.91;23.14;86
80010;624;46;-3.13;-3.91;23.14;86
80022;625;46;-3.13;-3.91;23.14;86
80032;627;46;-3.13;-3.91;23.14;86
80042;628;46;-3.13;-3.91;23.14;86
80051;629;46;-3.13;-3.91;23.14;86
80062;628;46;-3.13;-3.91;23.14;86
80072;627;46;-3.13;-3.91;23.14;86
80082;626;46;-3.13;-3.91;23.14;86
80098;626;46;-3.13;-3.91;23.14;86
80110;625;46;-3.13;-3.91;23.14;86
80122;624;46;-3.13;-3.91;23.14;86
80132;624;46;-3.13;-3.91;23.14;86
80140;624;46;-3.13;-3.91;23.14;86
80152;624;46;-3.13;-3.91;23.14;86
80162;624;46;-3.13;-3.91;23.14;86
80170;624;46;-3.13;-3.91;23.14;86
80181;624;46;-3.13;-3.91;23.14;86
80195;625;46;-3.13;-3.91;23.14;86
80212;625;46;-3.13;-3.91;23.14;86
80221;626;46;-3.13;-3.91;23.14;86
80232;626;46;-3.13;-3.91;23.14;86
80241;627;46;-3.13;-3.91;23.14;86
80252;628;46;-3.13;-3.91;23.14;86
80262;627;46;-3.13;-3.91;23.14;86
80272;627;46;-3.13;-3.91;23.14;86
80283;627;46;-3.13;-3.91;23.14;86
80298;626;46;-3.13;-3.91;23.14;86
80312;626;46;-3.13;-3.91;23.14;86
80321;626;46;-3.13;-3.91;23.14;86
80331;626;46;-3.13;-3.91;23.14;86
80340;627;46;-3.13;-3.91;23.14;86
80352;627;46;-3.13;-3.91;23.14;86
80361;628;46;-3.13;-3.91;23.14;86
80371;628;46;-3.13;-3.91;23.14;86
80382;628;46;-3.13;-3.91;23.14;86
80398;628;46;-3.13;-3.91;23.14;86
80412;628;46;-3.13;-3.91;23.14;86
80421;627;46;-3.13;-3.91;23.14;86
80430;627;46;-3.13;-3.91;23.14;86
80441;627;46;-3.13;-3.91;23.14;86
80452;626;46;-3.13;-3.91;23.14;86
80462;627;46;-3.13;-3.91;23.14;86
80472;628;46;-3.13;-3.91;23.14;86
80483;629;46;-3.13;-3.91;23.14;86
80498;630;46;-3.13;-3.91;23.14;86
80513;631;46;-3.13;-3.91;23.14;86
80522;632;46;-3.13;-3.91;23.14;86
80531;632;46;-3.13;-3.91;23.14;86
80542;632;46;-3.13;-3.91;23.14;86
80553;632;46;-3.13;-3.91;23.14;86
80562;632;46;-3.13;-3.91;23.14;86
80572;633;46;-3.13;-3.91;23.14;86
80582;633;46;-3.13;-3.91;23.14;86
80597;632;46;-3.13;-3.91;23.14;86
80612;631;46;-3.13;-3.91;23.14;86
80621;630;46;-3.13;-3.91;23.14;86
80632;629;46;-3.13;-3.91;23.14;86
80641;628;46;-3.13;-3.91;23.14;86
80652;627;46;-3.13;-3.91;23.14;86
80663;627;46;-3.13;-3.91;23.14;86
80673;627;46;-3.13;-3.91;23.14;86
80683;627;46;-3.13;-3.91;23.14;86
80698;627;46;-3.13;-3.91;23.14;86
80711;627;46;-3.13;-3.91;23.14;86
80721;627;46;-3.13;-3.91;23.14;86
80733;627;46;-3.13;-3.91;23.14;86
80742;627;46;-3.13;-3.91;23.14;86
80751;627;46;-3.13;-3.91;23.14;86
80762;627;46;-3.13;-3.91;23.14;86
80772;627;46;-3.13;-3.91;23.14;86
80783;627;46;-3.13;-3.91;23.14;86
80797;627;46;-3.13;-3.91;23.14;86
80813;627;46;-3.13;-3.91;23.14;86
80821;627;46;-3.13;-3.91;23.14;86
80832;627;46;-3.13;-3.91;23.14;86
80842;627;46;-3.13;-3.91;23.14;86
80852;627;46;-3.13;-3.91;23.14;86
80863;628;46;-3.13;-3.91;23.14;86
80871;628;46;-3.13;-3.91;23.14;86
80882;629;46;-3.13;-3.91;23.14;86
80901;629;46;-3.13;-3.91;23.14;86
80913;630;46;-3.13;-3.91;23.14;86
80923;630;46;-3.13;-3.91;23.14;86
80932;630;46;-3.13;-3.91;23.14;86
80941;630;46;-3.13;-3.91;23.14;86
80954;630;46;-3.13;-3.91;23.14;86
80963;630;46;-3.13;-3.91;23.14;86
80974;630;46;-3.13;-3.91;23.14;86
80996;629;46;-3.13;-3.91;23.14;86
81012;629;46;-3.13;-3.91;23.14;86
81023;628;46;-3.13;-3.91;23.14;86
81032;627;46;-3.13;-3.91;23.14;86
81042;626;46;-3.13;-3.91;23.14;86
81052;625;46;-3.13;-3.91;23.14;86
81062;625;46;-3.13;-3.91;23.14;86
81072;624;46;-3.13;-3.91;23.14;86
81081;624;46;-3.13;-3.91;23.14;86
81097;624;46;-3.13;-3.91;23.14;86
81111;624;46;-3.13;-3.91;23.14;86
81123;624;46;-3.13;-3.91;23.14;86
81132;623;46;-3.13;-3.91;23.14;86
81144;624;46;-3.13;-3.91;23.14;86
81153;625;46;-3.13;-3.91;23.14;86
81162;625;46;-3.13;-3.91;23.14;86
81171;626;46;-3.13;-3.91;23.14;86
81181;626;46;-3.13;-3.91;23.14;86
81196;627;46;-3.13;-3.91;23.14;86
81211;627;46;-3.13;-3.91;23.14;86
81222;627;46;-3.13;-3.91;23.14;86
81233;627;46;-3.13;-3.91;23.14;86
81243;627;46;-3.13;-3.91;23.14;86
81251;627;46;-3.13;-3.91;23.14;86
81263;627;46;-3.13;-3.91;23.14;86
81273;626;46;-3.13;-3.91;23.14;86
81283;625;46;-3.13;-3.91;23.14;86
81296;625;46;-3.13;-3.91;23.14;86
81311;624;46;-3.13;-3.91;23.14;86
81323;623;46;-3.13;-3.91;23.14;86
81333;623;46;-3.13;-3.91;23.14;86
81341;623;46;-3.13;-3.91;23.14;86
81353;623;46;-3.13;-3.91;23.14;86
81362;623;46;-3.13;-3.91;23.14;86
81373;624;46;-3.13;-3.91;23.14;86
81382;624;46;-3.13;-3.91;23.14;86
81397;624;46;-3.13;-3.91;23.14;86
81411;624;46;-3.13;-3.91;23.14;86
81423;625;46;-3.13;-3.91;23.14;86
81433;625;46;-3.13;-3.91;23.14;86
81443;625;46;-3.13;-3.91;23.14;86
81452;625;46;-3.13;-3.91;23.14;86
81463;626;46;-3.13;-3.91;23.14;86
81473;626;46;-3.13;-3.91;23.14;86
81481;627;46;-3.13;-3.91;23.14;86
81498;627;46;-3.13;-3.91;23.14;86
81509;628;46;-3.13;-3.91;23.14;86
81525;628;46;-3.13;-3.91;23.14;86
81543;629;46;-3.13;-3.91;23.14;86
81552;628;46;-3.13;-3.91;23.14;86
81563;628;46;-3.13;-3.91;23.14;86
81572;627;46;-3.13;-3.91;23.14;86
81582;627;46;-3.13;-3.91;23.14;86
81597;627;46;-3.13;-3.91;23.14;86
81611;626;46;-3.13;-3.91;23.14;86
81626;626;46;-3.13;-3.91;23.14;86
81643;626;46;-3.13;-3.91;23.14;86
81651;626;46;-3.13;-3.91;23.14;86
81664;625;46;-3.13;-3.91;23.14;86
81669;625;46;-3.13;-3.91;23.14;86
81681;625;46;-3.13;-3.91;23.14;86
81698;625;46;-3.13;-3.91;23.14;86
81713;624;46;-3.13;-3.91;23.14;86
81722;624;46;-3.13;-3.91;23.14;86
81734;624;46;-3.13;-3.91;23.14;86
81739;624;46;-3.13;-3.91;23.14;86
81750;624;46;-3.13;-3.91;23.14;86
81762;624;46;-3.13;-3.91;23.14;86
81771;625;46;-3.13;-3.91;23.14;86
81781;626;46;-3.13;-3.91;23.14;86
81797;627;46;-3.13;-3.91;23.14;86
81810;627;46;-3.13;-3.91;23.14;86
81823;628;46;-3.13;-3.91;23.14;86
81829;628;46;-3.13;-3.91;23.14;86
81844;627;46;-3.13;-3.91;23.14;86
81861;626;46;-3.13;-3.91;23.14;86
81869;626;46;-3.13;-3.91;23.14;86
81881;625;46;-3.13;-3.91;23.14;86
81903;625;46;-3.13;-3.91;23.14;86
81911;625;46;-3.13;-3.91;23.14;86
81921;625;46;-3.13;-3.91;23.14;86
81933;625;46;-3.13;-3.91;23.14;86
81942;625;46;-3.13;-3.91;23.14;86
81951;625;46;-3.13;-3.91;23.14;86
81960;625;46;-3.13;-3.13;23.14;86
81971;624;46;-3.13;-3.13;23.14;86
81983;624;46;-3.13;-3.13;23.14;86
81998;624;46;-3.13;-3.13;23.14;86
82010;624;46;-3.13;-3.13;23.14;86
82022;624;46;-3.13;-3.13;23.14;86
82030;624;46;-3.13;-3.13;23.14;86
82039;624;46;-3.13;-3.13;23.14;86
82051;624;46;-3.13;-3.13;23.14;86
82061;624;46;-3.13;-3.13;23.14;86
82071;624;46;-3.13;-3.13;23.14;86
82082;624;46;-3.13;-3.13;23.14;86
82098;624;46;-3.13;-3.13;23.14;86
82111;624;46;-3.13;-3.13;23.14;86
82121;625;46;-3.13;-3.13;23.14;86
82129;625;46;-3.13;-3.13;23.14;86
82141;625;46;-3.13;-3.13;23.14;86
82152;625;46;-2.34;-3.13;23.14;86
82161;625;46;-2.34;-3.13;23.14;86
82171;625;46;-2.34;-3.13;23.14;86
82179;625;46;-2.34;-3.13;23.14;86
82198;625;46;-2.34;-3.13;23.14;86
82212;625;46;-2.34;-3.13;23.14;86
82220;625;46;-2.34;-3.13;23.14;86
82232;625;46;-2.34;-3.13;23.14;86
82243;625;46;-2.34;-3.13;23.14;86
82251;626;46;-2.34;-3.13;23.14;86
82262;626;46;-2.34;-3.13;23.14;86
82273;626;46;-2.34;-3.13;23.14;86
82281;627;46;-2.34;-3.13;23.14;86
82297;627;46;-2.34;-3.13;23.14;86
82313;627;46;-2.34;-3.13;23.14;86
82322;627;46;-2.34;-3.13;23.14;86
82331;627;46;-2.34;-3.13;23.14;86
82339;628;46;-2.34;-3.13;23.14;86
82351;628;46;-2.34;-3.13;23.14;86
82361;628;46;-2.34;-3.13;23.14;86
82371;628;46;-2.34;-3.13;23.14;86
82380;628;46;-2.34;-3.13;23.14;86
82397;628;46;-2.34;-3.13;23.14;86
82411;628;46;-2.34;-3.13;23.14;86
82421;628;46;-2.34;-3.13;23.14;86
82431;628;46;-2.34;-3.13;23.14;86
82440;627;46;-2.34;-3.13;23.14;86
82451;626;46;-2.34;-3.13;23.14;86
82463;626;46;-2.34;-3.13;23.14;86
82472;625;46;-2.34;-3.13;23.14;86
82481;624;46;-2.34;-3.13;23.14;86
82496;624;46;-2.34;-3.13;23.14;86
82510;623;46;-2.34;-3.13;23.14;86
82521;622;46;-2.34;-3.13;23.14;86
82532;622;46;-2.34;-3.13;23.14;86
82540;621;46;-2.34;-3.13;23.14;86
82552;620;46;-2.34;-3.13;23.14;86
82563;620;46;-2.34;-3.13;23.14;86
82572;620;46;-2.34;-3.13;23.14;86
82581;620;46;-2.34;-3.13;23.14;86
82595;620;46;-2.34;-3.13;23.14;86
82611;620;46;-2.34;-3.13;23.14;86
82622;620;46;-2.34;-3.13;23.14;86
82631;621;46;-2.34;-3.13;23.14;86
82641;621;46;-2.34;-3.13;23.14;86
82651;622;46;-2.34;-3.13;23.14;86
82660;623;46;-2.34;-3.13;23.14;86
82672;623;46;-2.34;-3.13;23.14;86
82680;624;46;-2.34;-3.13;23.14;86
82697;625;46;-2.34;-3.13;23.14;86
82711;625;46;-2.34;-3.13;23.14;86
82723;626;46;-2.34;-3.13;23.14;86
82731;626;46;-2.34;-3.13;23.14;86
82741;626;46;-2.34;-3.13;23.14;86
82753;627;46;-2.34;-3.13;23.14;86
82761;627;46;-2.34;-2.34;23.14;86
82770;628;46;-2.34;-2.34;23.14;86
82781;628;46;-2.34;-2.34;23.14;86
82797;629;46;-2.34;-2.34;23.14;86
82811;629;46;-2.34;-2.34;23.14;86
82821;630;46;-2.34;-2.34;23.14;86
82830;631;46;-2.34;-2.34;23.14;86
82842;630;46;-2.34;-2.34;23.14;86
82852;629;46;-2.34;-2.34;23.14;86
82862;628;46;-2.34;-2.34;23.14;86
82871;627;46;-2.34;-2.34;23.14;86
82885;626;46;-1.56;-2.34;23.14;86
82912;626;46;-1.56;-2.34;23.14;86
82921;625;46;-1.56;-2.34;23.14;86
82932;623;46;-1.56;-2.34;23.14;86
82942;622;46;-1.56;-2.34;23.14;86
82951;621;46;-1.56;-2.34;23.14;86
82961;620;46;-1.56;-2.34;23.14;86
82970;619;46;-1.56;-2.34;23.14;86
82981;619;46;-1.56;-2.34;23.14;86
82997;619;46;-1.56;-2.34;23.14;86
83012;619;46;-1.56;-2.34;23.14;86
83021;618;46;-1.56;-2.34;23.14;86
83032;618;46;-1.56;-2.34;23.14;86
83043;618;46;-1.56;-3.13;23.14;86
83052;620;46;-1.56;-3.13;23.14;86
83061;621;46;-1.56;-3.13;23.14;86
83071;623;46;-1.56;-3.13;23.14;86
83081;625;46;-1.56;-3.13;23.14;86
83097;626;46;-1.56;-3.13;23.14;86
83110;628;46;-1.56;-3.13;23.14;86
83121;628;46;-1.56;-3.13;23.14;86
83131;628;46;-1.56;-3.13;23.14;86
83140;628;46;-1.56;-3.13;23.14;86
83151;629;46;-1.56;-3.13;23.14;86
83161;629;46;-1.56;-3.13;23.14;86
83172;629;46;-1.56;-3.13;23.14;86
83181;628;46;-1.56;-3.13;23.14;86
83194;628;46;-1.56;-3.13;23.14;86
83211;628;46;-1.56;-3.13;23.14;86
83220;627;46;-1.56;-3.13;23.14;86
83231;627;46;-1.56;-3.13;23.14;86
83240;626;46;-1.56;-3.13;23.14;86
83252;626;46;-1.56;-3.13;23.14;86
83261;626;46;-1.56;-3.13;23.14;86
83272;626;46;-1.56;-3.13;23.14;86
83280;626;46;-1.56;-3.13;23.14;86
83298;625;46;-1.56;-3.13;23.14;86
83312;625;46;-1.56;-3.13;23.14;86
83320;624;46;-1.56;-3.13;23.14;86
83331;623;46;-1.56;-3.13;23.14;86
83342;622;46;-1.56;-3.13;23.14;86
83351;621;46;-1.56;-3.13;23.14;86
83362;620;46;-1.56;-3.13;23.14;86
83371;619;46;-1.56;-3.13;23.14;86
83383;619;46;-1.56;-3.13;23.53;86
83397;619;46;-1.56;-3.13;23.53;86
83411;620;46;-1.56;-3.13;23.53;86
83422;620;46;-1.56;-3.13;23.53;86
83432;620;46;-1.56;-3.13;23.53;86
83441;620;46;-1.56;-3.13;23.53;86
83450;622;46;-1.56;-3.13;23.53;86
83461;624;46;-1.56;-3.13;23.53;86
83470;626;46;-1.56;-3.13;23.53;86
83481;628;46;-1.56;-3.13;23.53;86
83497;630;46;-1.56;-3.13;23.53;86
83510;631;46;-1.56;-3.13;23.53;86
83522;631;46;-1.56;-3.13;23.14;86
83530;631;46;-1.56;-3.13;23.14;86
83541;631;46;-1.56;-3.13;23.14;86
83551;631;46;-1.56;-3.13;23.14;86
83560;631;46;-2.34;-3.13;23.14;86
83572;631;46;-2.34;-3.13;23.14;86
83583;630;46;-2.34;-3.13;23.14;86
83596;628;46;-2.34;-3.13;23.14;86
83611;626;46;-2.34;-3.13;23.14;86
83620;625;46;-2.34;-3.13;23.14;86
83631;623;46;-2.34;-3.13;23.14;86
83640;621;46;-2.34;-3.13;23.14;86
83652;621;46;-2.34;-3.13;23.14;86
83660;620;46;-2.34;-3.13;23.14;86
83672;620;46;-2.34;-3.13;23.14;86
83682;619;46;-2.34;-3.13;23.14;86
83697;618;46;-2.34;-3.13;23.14;86
83713;618;46;-2.34;-3.13;23.14;86
83722;619;46;-2.34;-3.13;23.14;86
83732;620;46;-2.34;-3.13;23.14;86
83741;621;46;-2.34;-3.13;23.14;86
83752;622;46;-2.34;-3.13;23.14;86
83762;623;46;-2.34;-3.13;23.14;86
83771;624;46;-2.34;-3.13;23.14;86
83780;625;46;-2.34;-3.13;23.14;86
83796;626;46;-2.34;-3.13;23.14;86
83814;627;46;-2.34;-3.13;23.14;86
83831;628;46;-2.34;-3.13;23.14;86
83843;629;46;-2.34;-3.13;23.14;86
83852;630;46;-2.34;-3.13;23.14;86
83862;630;46;-2.34;-3.13;23.14;86
83871;630;46;-2.34;-3.13;23.14;86
83882;630;46;-2.34;-3.13;23.14;86
83905;630;46;-2.34;-3.13;23.14;86
83922;630;46;-2.34;-3.13;23.14;86
83931;630;46;-2.34;-3.13;23.14;86
83941;629;46;-2.34;-3.13;23.14;86
83951;628;46;-2.34;-3.13;23.14;86
83962;627;46;-2.34;-3.13;23.14;86
83971;626;46;-2.34;-3.13;23.14;86
83981;625;46;-2.34;-3.13;23.14;86
83996;624;46;-2.34;-2.34;23.14;86
84012;624;46;-2.34;-2.34;23.14;86
84022;624;46;-2.34;-2.34;23.14;86
84033;624;46;-2.34;-2.34;23.14;86
84042;624;46;-2.34;-2.34;23.14;86
84053;624;46;-2.34;-2.34;23.14;86
84063;624;46;-2.34;-2.34;23.14;86
84070;623;46;-2.34;-2.34;23.14;86
84082;621;46;-2.34;-2.34;23.14;86
84096;620;46;-2.34;-2.34;23.14;86
84112;619;46;-2.34;-2.34;23.14;86
84121;618;46;-2.34;-2.34;23.14;86
84130;617;46;-2.34;-2.34;23.14;86
84142;618;46;-2.34;-2.34;23.14;86
84150;618;46;-2.34;-2.34;23.14;86
84162;619;46;-2.34;-2.34;23.14;86
84172;620;46;-2.34;-2.34;23.14;86
84181;621;46;-2.34;-2.34;23.14;86
84196;621;46;-2.34;-2.34;23.14;86
84214;623;46;-2.34;-2.34;23.53;86
84223;624;46;-2.34;-2.34;23.53;86
84232;625;46;-2.34;-2.34;23.53;86
84243;626;46;-2.34;-2.34;23.53;86
84250;627;46;-2.34;-2.34;23.53;86
84263;628;46;-2.34;-2.34;23.53;86
84272;629;46;-2.34;-2.34;23.14;86
84281;629;46;-2.34;-2.34;23.14;86
84299;630;46;-2.34;-2.34;23.14;86
84311;630;46;-2.34;-2.34;23.14;86
84322;631;46;-2.34;-2.34;23.14;86
84331;632;46;-2.34;-2.34;23.14;86
84341;630;46;-2.34;-2.34;23.14;86
84352;628;46;-2.34;-2.34;23.14;86
84361;627;46;-2.34;-2.34;23.14;86
84370;625;46;-2.34;-2.34;23.14;86
84382;623;46;-2.34;-2.34;23.14;86
84398;622;46;-2.34;-2.34;23.14;86
84412;622;46;-2.34;-2.34;23.14;86
84422;622;46;-2.34;-2.34;23.14;86
84430;622;46;-2.34;-2.34;23.14;86
84442;622;46;-2.34;-2.34;23.14;86
84452;623;46;-2.34;-2.34;23.14;86
84462;623;46;-2.34;-3.13;23.14;86
84470;622;46;-2.34;-3.13;23.14;86
84480;622;46;-2.34;-3.13;23.14;86
84498;622;46;-2.34;-3.13;23.14;86
84511;621;46;-2.34;-3.13;23.14;86
84522;621;46;-2.34;-3.13;23.14;86
84532;620;46;-2.34;-3.13;23.14;86
84543;621;46;-2.34;-3.13;23.14;86
84552;622;46;-2.34;-3.13;23.14;86
84562;623;46;-2.34;-3.13;23.14;86
84571;624;46;-2.34;-3.13;23.14;86
84582;625;46;-2.34;-3.13;23.14;86
84595;626;46;-2.34;-3.13;23.14;86
84611;625;46;-2.34;-3.13;23.14;86
84622;625;46;-2.34;-3.13;23.14;86
84631;624;46;-2.34;-3.13;23.14;86
84642;624;46;-2.34;-3.13;23.14;86
84653;623;46;-2.34;-3.13;23.14;86
84660;623;46;-2.34;-3.13;23.14;86
84671;623;46;-2.34;-3.13;23.14;86
84680;623;46;-2.34;-3.13;23.14;86
84699;624;46;-2.34;-3.13;23.14;86
84711;624;46;-2.34;-3.13;23.14;86
84722;624;46;-2.34;-3.13;23.14;86
84730;625;46;-2.34;-3.13;23.14;86
84742;624;46;-2.34;-3.13;23.14;86
84753;624;46;-2.34;-3.13;23.14;86
84763;623;46;-2.34;-3.13;23.14;86
84772;623;46;-2.34;-3.13;23.14;86
84781;623;46;-2.34;-3.13;23.14;86
84796;622;46;-2.34;-3.13;23.14;86
84812;622;46;-2.34;-3.13;23.14;86
84822;623;46;-2.34;-3.13;23.14;86
84831;623;46;-2.34;-3.13;23.14;86
84842;623;46;-2.34;-3.13;23.14;86
84852;624;46;-2.34;-3.13;23.14;86
84862;624;46;-2.34;-3.13;23.14;86
84870;624;46;-2.34;-3.13;23.53;86
84882;624;46;-2.34;-3.13;23.53;86
84903;624;46;-2.34;-3.13;23.53;86
84912;623;46;-2.34;-3.13;23.53;86
84921;623;46;-2.34;-3.13;23.53;86
84933;623;46;-2.34;-3.13;23.53;86
84942;624;46;-2.34;-3.13;23.53;86
84953;624;46;-2.34;-3.13;23.53;86
84961;625;46;-2.34;-3.13;23.53;86
84973;625;46;-2.34;-3.13;23.53;86
84983;625;46;-1.56;-3.13;23.53;86
84997;626;46;-1.56;-2.34;23.53;86
85014;626;46;-1.56;-2.34;23.53;86
85023;627;46;-1.56;-2.34;23.53;86
85031;627;46;-1.56;-2.34;23.53;86
85043;628;46;-1.56;-2.34;23.53;86
85051;628;46;-1.56;-2.34;23.53;86
85062;628;46;-1.56;-2.34;23.53;86
85071;628;46;-1.56;-2.34;23.14;86
85083;628;46;-1.56;-2.34;23.14;86
85100;628;46;-1.56;-2.34;23.14;86
85114;628;46;-1.56;-2.34;23.14;86
85124;627;46;-1.56;-2.34;23.14;86
85133;627;46;-1.56;-2.34;23.14;86
85142;627;46;-1.56;-2.34;23.14;86
85152;626;46;-1.56;-2.34;23.14;86
85161;625;46;-1.56;-2.34;23.14;86
85172;625;46;-1.56;-2.34;23.14;86
85183;624;46;-1.56;-2.34;23.14;86
85197;624;46;-1.56;-2.34;23.14;86
85213;624;46;-1.56;-2.34;23.14;86
85222;625;46;-1.56;-2.34;23.14;86
85232;626;46;-1.56;-2.34;23.14;86
85241;626;46;-1.56;-2.34;23.14;86
85253;627;46;-1.56;-2.34;23.14;86
85263;627;46;-1.56;-2.34;23.14;86
85272;627;46;-1.56;-2.34;23.14;86
85282;627;46;-1.56;-2.34;23.14;86
85297;627;46;-1.56;-2.34;23.14;86
85312;627;46;-1.56;-2.34;23.14;86
85323;627;46;-1.56;-2.34;23.14;86
85331;626;46;-1.56;-2.34;23.14;86
85343;627;46;-1.56;-2.34;23.14;86
85352;627;46;-1.56;-2.34;23.14;86
85362;628;46;-1.56;-2.34;23.14;86
85371;628;46;-1.56;-2.34;23.14;86
85383;628;46;-1.56;-2.34;23.14;86
85399;629;46;-1.56;-2.34;23.14;86
85414;629;46;-1.56;-2.34;23.14;86
85421;629;46;-1.56;-2.34;23.14;86
85432;630;46;-1.56;-2.34;23.14;86
85441;630;46;-1.56;-2.34;23.14;86
85452;630;46;-1.56;-2.34;23.14;86
85462;631;46;-1.56;-2.34;23.14;86
85472;630;46;-1.56;-2.34;23.14;86
85482;630;46;-1.56;-2.34;23.14;86
85499;629;46;-1.56;-2.34;23.14;86
85511;629;46;-1.56;-2.34;23.14;86
85523;629;46;-1.56;-2.34;23.14;86
85532;628;46;-1.56;-2.34;23.14;86
85542;628;46;-1.56;-2.34;23.14;86
85551;628;46;-1.56;-2.34;23.14;86
85562;628;46;-1.56;-2.34;23.14;86
85572;628;46;-1.56;-2.34;23.14;86
85583;628;46;-1.56;-2.34;23.14;86
85596;627;46;-1.56;-2.34;23.14;86
85613;627;46;-1.56;-2.34;23.14;86
85622;627;46;-1.56;-2.34;23.14;86
85631;627;46;-1.56;-2.34;23.14;86
85643;627;46;-1.56;-2.34;23.14;86
85652;627;46;-1.56;-2.34;23.14;86
85662;626;46;-1.56;-2.34;23.14;86
85671;626;46;-1.56;-2.34;23.14;86
85684;625;46;-1.56;-2.34;23.14;86
85703;625;46;-1.56;-2.34;23.14;86
85713;624;46;-1.56;-2.34;23.14;86
85721;624;46;-0.78;-2.34;23.14;86
85730;623;46;-0.78;-2.34;23.14;86
85742;624;46;-0.78;-2.34;23.14;86
85751;625;46;-0.78;-2.34;23.14;86
85762;626;46;-0.78;-2.34;23.14;86
85771;627;46;-0.78;-2.34;23.14;86
85783;628;46;-0.78;-2.34;23.14;86
85796;629;46;-0.78;-2.34;23.14;86
85813;628;46;-0.78;-2.34;23.14;86
85822;628;46;-0.78;-2.34;23.14;86
85831;628;46;-0.78;-2.34;23.14;86
85843;627;46;-0.78;-2.34;23.14;86
85849;627;46;-0.78;-2.34;23.14;86
85861;626;46;-0.78;-1.56;23.14;86
85872;625;46;-0.78;-1.56;23.14;86
85882;625;46;-0.78;-1.56;23.14;86
85902;624;46;-0.78;-1.56;23.14;86
85914;623;46;-0.78;-1.56;23.14;86
85921;622;46;-0.78;-1.56;23.14;86
85930;621;46;-0.78;-1.56;23.14;86
85942;621;46;-0.78;-1.56;23.14;86
85951;622;46;-0.78;-1.56;23.14;86
85961;622;46;-0.78;-1.56;23.14;86
85969;622;46;-0.78;-1.56;23.14;86
85981;623;46;-1.56;-1.56;23.14;86
85997;623;46;-1.56;-1.56;23.14;86
86011;624;46;-1.56;-1.56;23.14;86
86020;624;46;-1.56;-1.56;23.14;86
86032;625;46;-1.56;-1.56;23.14;86
86040;626;46;-1.56;-1.56;23.14;86
86049;626;46;-1.56;-1.56;23.14;86
86059;627;46;-1.56;-1.56;23.14;86
86071;627;46;-1.56;-1.56;23.14;86
86084;627;46;-1.56;-1.56;23.14;86
86101;628;46;-1.56;-1.56;23.14;86
86112;628;46;-1.56;-1.56;23.14;86
86121;628;46;-1.56;-1.56;23.14;86
86131;629;46;-1.56;-1.56;23.14;86
86143;628;46;-1.56;-1.56;23.14;86
86152;627;46;-1.56;-1.56;23.14;86
86163;626;46;-1.56;-1.56;23.14;86
86173;625;46;-1.56;-1.56;23.14;86
86182;624;46;-1.56;-1.56;23.14;86
86198;623;46;-1.56;-1.56;23.14;86
86211;624;46;-1.56;-1.56;23.14;86
86222;624;46;-1.56;-1.56;23.14;86
86229;625;46;-1.56;-1.56;23.14;86
86243;625;46;-1.56;-1.56;23.14;86
86253;625;46;-1.56;-1.56;23.14;86
86259;626;46;-1.56;-1.56;23.14;86
86273;626;46;-1.56;-1.56;23.14;86
86281;626;46;-1.56;-1.56;23.14;86
86298;626;46;-1.56;-1.56;23.14;86
86311;627;46;-1.56;-1.56;23.14;86
86321;627;46;-1.56;-1.56;23.14;86
86329;627;46;-1.56;-1.56;23.14;86
86342;627;46;-1.56;-1.56;23.14;86
86354;627;46;-1.56;-1.56;23.14;86
86359;627;46;-1.56;-1.56;23.14;86
86371;627;46;-1.56;-1.56;23.14;86
86383;627;46;-1.56;-1.56;23.14;86
86395;627;46;-1.56;-1.56;23.14;86
86412;626;46;-1.56;-1.56;23.14;86
86421;625;46;-1.56;-1.56;23.14;86
86433;625;46;-1.56;-1.56;23.14;86
86442;624;46;-1.56;-1.56;23.14;86
86451;623;46;-1.56;-1.56;23.14;86
86463;623;46;-1.56;-1.56;23.14;86
86472;623;46;-1.56;-1.56;23.14;86
86484;624;46;-1.56;-1.56;23.14;86
86499;625;46;-1.56;-1.56;23.14;86
86512;626;46;-1.56;-1.56;23.14;86
86521;626;46;-1.56;-1.56;23.14;86
86529;627;46;-1.56;-1.56;23.14;86
86543;627;46;-1.56;-1.56;23.14;86
86553;627;46;-1.56;-1.56;23.14;86
86564;627;46;-1.56;-1.56;23.14;86
86579;627;46;-1.56;-1.56;23.14;86
86595;627;46;-1.56;-1.56;23.14;86
86611;627;46;-1.56;-2.34;23.14;86
86622;627;46;-1.56;-2.34;23.14;86
86631;627;46;-1.56;-2.34;23.14;86
86643;626;46;-1.56;-2.34;23.14;86
86651;626;46;-1.56;-2.34;23.14;86
86661;625;46;-1.56;-2.34;23.14;86
86671;625;46;-1.56;-2.34;23.14;86
86681;624;46;-1.56;-2.34;23.14;86
86696;624;46;-1.56;-2.34;23.14;86
86712;623;46;-1.56;-2.34;23.14;86
86723;623;46;-1.56;-2.34;23.14;86
86731;623;46;-2.34;-2.34;23.14;86
86741;622;46;-2.34;-2.34;23.14;86
86752;622;46;-2.34;-2.34;23.14;86
86759;622;46;-2.34;-2.34;23.14;86
86775;623;46;-2.34;-2.34;23.14;86
86794;623;46;-2.34;-2.34;23.14;86
86801;623;46;-2.34;-2.34;23.14;86
86809;623;46;-2.34;-2.34;23.14;86
86822;623;46;-2.34;-2.34;23.14;86
86835;623;46;-2.34;-2.34;23.14;86
86850;623;46;-2.34;-2.34;23.14;86
86862;624;46;-2.34;-2.34;23.14;86
86871;624;46;-1.56;-2.34;23.14;86
86880;624;46;-1.56;-2.34;23.14;86
86904;625;46;-1.56;-2.34;23.14;86
86912;626;46;-1.56;-2.34;23.14;87
86920;627;46;-1.56;-2.34;23.14;87
86929;628;46;-1.56;-2.34;23.14;87
86941;630;46;-1.56;-2.34;23.14;87
86952;631;46;-1.56;-2.34;23.14;87
86962;630;46;-1.56;-2.34;23.14;87
86971;629;46;-1.56;-2.34;23.14;86
86982;628;46;-1.56;-2.34;23.14;86
86997;627;46;-1.56;-2.34;23.14;86
87014;627;46;-1.56;-2.34;23.14;86
87031;626;46;-1.56;-2.34;23.14;86
87042;625;46;-1.56;-2.34;23.14;86
87051;624;46;-1.56;-2.34;23.14;86
87062;623;46;-1.56;-2.34;23.14;86
87072;622;46;-1.56;-2.34;23.14;86
87081;621;46;-1.56;-2.34;23.14;86
87097;620;46;-1.56;-2.34;23.14;86
87112;621;46;-1.56;-2.34;23.14;86
87122;621;46;-1.56;-2.34;23.14;86
87131;621;46;-1.56;-2.34;23.14;86
87140;621;46;-1.56;-2.34;23.14;86
87152;621;46;-1.56;-2.34;23.14;86
87161;621;46;-1.56;-2.34;23.14;86
87170;622;46;-1.56;-2.34;23.14;86
87180;622;46;-1.56;-2.34;23.14;86
87198;623;46;-1.56;-2.34;23.14;86
87210;623;46;-1.56;-2.34;23.14;86
87221;624;46;-1.56;-2.34;23.14;86
87230;624;46;-1.56;-2.34;23.14;86
87242;625;46;-1.56;-2.34;23.14;86
87251;626;46;-1.56;-2.34;23.14;86
87261;626;46;-1.56;-2.34;23.14;86
87270;627;46;-1.56;-2.34;23.14;86
87284;628;46;-1.56;-2.34;23.14;86
87298;628;46;-1.56;-2.34;23.14;86
87311;628;46;-1.56;-2.34;23.14;86
87320;627;46;-1.56;-2.34;23.14;86
87333;626;46;-1.56;-2.34;23.14;86
87340;625;46;-1.56;-2.34;23.14;86
87352;624;46;-1.56;-2.34;23.14;86
87362;623;46;-1.56;-2.34;23.14;86
87371;623;46;-1.56;-2.34;23.14;86
87381;623;46;-1.56;-2.34;23.14;86
87398;623;46;-1.56;-2.34;23.14;86
87411;623;46;-1.56;-2.34;23.14;86
87420;622;46;-2.34;-2.34;23.14;86
87431;622;46;-2.34;-2.34;23.14;86
87440;622;46;-2.34;-2.34;23.14;86
87453;622;46;-2.34;-2.34;23.14;86
87462;622;46;-2.34;-2.34;23.14;86
87471;622;46;-2.34;-2.34;23.14;86
87481;622;46;-2.34;-2.34;23.14;86
87496;622;46;-2.34;-3.13;23.14;86
87511;622;46;-2.34;-3.13;23.14;86
87523;621;46;-2.34;-3.13;23.14;86
87532;621;46;-2.34;-3.13;23.14;86
87540;621;46;-2.34;-3.13;23.14;86
87552;621;46;-2.34;-3.13;23.14;86
87562;621;46;-2.34;-3.13;23.14;86
87572;621;46;-2.34;-3.13;23.14;86
87581;622;46;-2.34;-3.13;23.14;86
87596;623;46;-2.34;-3.13;23.14;86
87614;623;46;-2.34;-3.13;23.14;86
87620;624;46;-2.34;-3.13;23.14;86
87631;624;46;-2.34;-3.13;23.14;86
87641;624;46;-2.34;-3.13;23.14;86
87650;624;46;-2.34;-3.13;23.14;86
87662;624;46;-2.34;-3.13;23.14;86
87672;624;46;-2.34;-3.13;23.14;86
87681;624;46;-2.34;-3.13;23.14;86
87698;624;46;-2.34;-3.13;23.14;86
87711;624;46;-2.34;-3.13;23.14;86
87720;624;46;-2.34;-3.13;23.14;86
87730;623;46;-2.34;-3.13;23.14;86
87742;623;46;-2.34;-3.13;23.14;86
87752;623;46;-2.34;-3.13;23.14;86
87761;622;46;-2.34;-2.34;23.14;86
87770;623;46;-2.34;-2.34;23.14;86
87780;623;46;-2.34;-2.34;23.14;86
87798;623;46;-2.34;-2.34;23.14;86
87812;623;46;-2.34;-2.34;23.14;86
87821;623;46;-2.34;-2.34;23.14;86
87832;624;46;-2.34;-2.34;23.14;86
87841;623;46;-2.34;-2.34;23.14;86
87850;622;46;-2.34;-2.34;23.14;86
87862;622;46;-2.34;-2.34;23.14;86
87872;621;46;-2.34;-2.34;23.14;86
87881;620;46;-1.56;-2.34;23.14;86
87904;620;46;-1.56;-2.34;23.14;86
87911;619;46;-1.56;-2.34;23.53;86
87921;618;46;-1.56;-2.34;23.53;86
87930;617;46;-1.56;-2.34;23.53;86
87942;616;46;-1.56;-2.34;23.53;86
87952;615;46;-1.56;-2.34;23.53;86
87963;614;46;-1.56;-2.34;23.53;86
87972;614;46;-1.56;-2.34;23.53;86
87980;614;46;-1.56;-2.34;23.53;86
87999;614;46;-1.56;-2.34;23.53;86
88010;614;46;-1.56;-2.34;23.53;86
88022;614;46;-1.56;-2.34;23.53;86
88031;614;46;-1.56;-2.34;23.53;86
88041;614;46;-1.56;-2.34;23.53;86
88053;615;46;-1.56;-2.34;23.53;86
88061;616;46;-1.56;-2.34;23.53;86
88073;617;46;-1.56;-2.34;23.53;86
88081;618;46;-1.56;-2.34;23.53;86
88097;618;46;-1.56;-2.34;23.53;86
88111;620;46;-1.56;-2.34;23.53;86
88120;621;46;-1.56;-2.34;23.53;87
88131;623;46;-1.56;-2.34;23.53;87
88142;624;46;-1.56;-2.34;23.53;87
88150;625;46;-1.56;-2.34;23.53;87
88162;627;46;-1.56;-1.56;23.53;87
88173;626;46;-1.56;-1.56;23.53;87
88182;625;46;-1.56;-1.56;23.53;87
88198;624;46;-1.56;-1.56;23.53;87
88212;623;46;-1.56;-1.56;23.53;87
88220;623;46;-1.56;-1.56;23.53;87
88231;622;46;-1.56;-1.56;23.53;87
88243;621;46;-1.56;-1.56;23.53;87
88252;621;46;-1.56;-1.56;23.53;87
88260;620;46;-1.56;-1.56;23.53;87
88271;620;46;-1.56;-1.56;23.53;87
88282;619;46;-1.56;-1.56;23.53;87
88297;619;46;-1.56;-2.34;23.53;87
88312;619;46;-1.56;-2.34;23.53;87
88321;619;46;-1.56;-2.34;23.53;87
88333;618;46;-1.56;-2.34;23.53;87
88341;618;46;-1.56;-2.34;23.53;87
88350;618;46;-1.56;-2.34;23.53;87
88362;618;46;-1.56;-1.56;23.53;87
88372;618;46;-1.56;-1.56;23.53;87
88381;619;46;-1.56;-1.56;23.53;86
88398;620;46;-1.56;-1.56;23.53;86
88411;620;46;-1.56;-1.56;23.53;86
88421;621;46;-1.56;-1.56;23.53;86
88432;621;46;-1.56;-1.56;23.53;86
88442;622;46;-1.56;-1.56;23.53;86
88451;624;46;-1.56;-1.56;23.53;86
88463;625;46;-1.56;-1.56;23.53;86
88472;626;46;-1.56;-1.56;23.53;86
88481;627;46;-1.56;-1.56;23.53;86
88498;628;46;-1.56;-1.56;23.53;86
88513;628;46;-1.56;-1.56;23.53;86
88520;627;46;-1.56;-1.56;23.53;87
88532;626;46;-1.56;-1.56;23.53;87
88540;625;46;-1.56;-1.56;23.53;87
88551;624;46;-1.56;-1.56;23.53;87
88560;623;46;-1.56;-1.56;23.53;87
88571;623;46;-1.56;-1.56;23.53;87
88583;623;46;-1.56;-1.56;23.53;87
88595;623;46;-1.56;-1.56;23.53;87
88612;622;46;-1.56;-1.56;23.53;87
88622;622;46;-0.78;-1.56;23.53;87
88630;622;46;-0.78;-1.56;23.53;87
88641;622;46;-0.78;-1.56;23.53;87
88652;622;46;-0.78;-1.56;23.53;87
88661;622;46;-0.78;-1.56;23.53;87
88671;622;46;-0.78;-1.56;23.53;87
88681;622;46;-0.78;-1.56;23.53;87
88697;622;46;-0.78;-1.56;23.53;87
88711;622;46;-0.78;-1.56;23.53;87
88722;623;46;-0.78;-1.56;23.53;87
88733;623;46;-0.78;-1.56;23.53;87
88742;623;46;-0.78;-1.56;23.53;87
88750;624;46;-0.78;-1.56;23.53;87
88762;624;46;-0.78;-1.56;23.53;87
88771;625;46;-0.78;-1.56;23.14;87
88783;625;46;-0.78;-1.56;23.14;86
88796;626;46;-0.78;-1.56;23.14;86
88811;627;46;-0.78;-1.56;23.14;86
88822;627;46;-0.78;-1.56;23.14;86
88833;628;46;-0.78;-0.78;23.14;86
88842;628;46;-0.78;-0.78;23.14;86
88851;628;46;-0.78;-0.78;23.14;86
88860;627;46;-0.78;-0.78;23.14;86
88872;627;46;-0.78;-0.78;23.14;86
88883;627;46;-0.78;-0.78;23.14;86
88901;627;46;-0.78;-0.78;23.14;86
88913;626;46;-0.78;-0.78;23.14;86
88923;626;46;-0.78;-0.78;23.14;87
88933;626;46;-0.78;-0.78;23.14;87
88941;626;46;-0.78;-0.78;23.14;87
88953;626;46;-0.78;-0.78;23.14;87
88963;625;46;-0.78;-1.56;23.14;87
88983;626;46;-0.78;-1.56;23.14;87
88998;626;46;-0.78;-1.56;23.14;86
89012;626;46;-0.78;-1.56;23.14;86
89020;626;46;-0.78;-1.56;23.14;86
89033;627;46;-0.78;-1.56;23.14;86
89042;627;46;-0.78;-1.56;23.14;86
89052;626;46;-0.78;-1.56;23.14;86
89063;625;46;-0.78;-1.56;23.14;86
89070;624;46;-0.78;-1.56;23.14;86
89083;623;46;-0.78;-1.56;23.14;86
89097;622;46;-0.78;-1.56;23.14;86
89112;621;46;-0.78;-1.56;23.14;86
89122;621;46;-0.78;-1.56;23.14;86
89133;621;46;-0.78;-1.56;23.14;86
89141;621;46;-0.78;-1.56;23.14;86
89152;621;46;-0.78;-1.56;23.14;86
89160;621;46;-0.78;-1.56;23.14;86
89171;621;46;-0.78;-1.56;23.14;86
89183;622;46;-0.78;-1.56;23.14;86
89196;623;46;-0.78;-1.56;23.14;87
89212;624;46;-0.78;-1.56;23.14;87
89221;624;46;-0.78;-1.56;23.14;87
89232;625;46;-0.78;-1.56;23.14;87
89243;626;46;-0.78;-1.56;23.14;87
89252;627;46;-0.78;-1.56;23.14;87
89263;627;46;-0.78;-1.56;23.14;87
89273;628;46;-0.78;-1.56;23.14;87
89282;629;46;-0.78;-1.56;23.14;87
89297;629;46;-0.78;-1.56;23.14;87
89311;630;46;-0.78;-1.56;23.14;87
89322;629;46;-0.78;-1.56;23.14;87
89332;628;46;-0.78;-1.56;23.14;87
89341;627;46;-0.78;-1.56;23.14;87
89353;626;46;-0.78;-1.56;23.14;87
89362;625;46;-0.78;-1.56;23.14;87
89373;624;46;-0.78;-1.56;23.14;87
89381;625;46;-0.78;-1.56;23.14;87
89396;625;46;-0.78;-1.56;23.14;87
89412;626;46;-0.78;-1.56;23.14;87
89422;626;46;-0.78;-1.56;23.14;87
89432;627;46;-0.78;-1.56;23.14;87
89442;628;46;-0.78;-1.56;23.14;87
89451;628;46;-0.78;-1.56;23.14;87
89462;628;46;-0.78;-1.56;23.14;87
89472;628;46;-0.78;-1.56;23.14;87
89483;628;46;-0.78;-1.56;23.14;87
89496;628;46;-0.78;-1.56;23.14;87
89513;628;46;-0.78;-1.56;23.14;87
89523;627;46;-0.78;-1.56;23.14;87
89531;627;46;-0.78;-1.56;23.14;87
89542;626;46;-0.78;-1.56;23.14;87
89552;626;46;-0.78;-1.56;23.14;87
89563;625;46;-0.78;-1.56;23.14;87
89571;624;46;-0.78;-1.56;23.14;87
89582;625;46;-0.78;-1.56;23.14;87
89597;625;46;-0.78;-1.56;23.14;87
89614;626;46;-0.78;-1.56;23.14;87
89633;626;46;-0.78;-1.56;23.14;87
89642;627;46;-0.78;-1.56;23.14;87
89651;627;46;-0.78;-1.56;23.14;87
89663;627;46;-0.78;-1.56;23.14;87
89671;627;46;-0.78;-1.56;23.14;87
89683;627;46;-0.78;-1.56;23.14;87
89696;627;46;-0.78;-1.56;23.14;87
89712;626;46;-0.78;-1.56;23.14;87
89721;626;46;-0.78;-1.56;23.14;87
89731;626;46;-0.78;-1.56;23.14;87
89744;626;46;-0.78;-1.56;23.14;87
89762;626;46;-0.78;-1.56;23.14;87
89772;626;46;-0.78;-1.56;23.14;87
89784;626;46;-0.78;-1.56;23.14;87
89796;625;46;-0.78;-1.56;23.14;87
89813;626;46;-0.78;-1.56;23.14;87
89824;626;46;-0.78;-1.56;23.14;87
89832;626;46;-0.78;-1.56;23.14;87
89843;626;46;-0.78;-1.56;23.14;87
89851;626;46;-0.78;-1.56;23.14;87
89861;627;46;-0.78;-1.56;23.14;87
89871;626;46;-0.78;-1.56;23.14;87
89883;626;46;-0.78;-1.56;23.14;87
89902;626;46;-0.78;-1.56;23.14;87
89913;626;46;-0.78;-1.56;23.14;87
89923;625;46;-0.78;-1.56;23.14;87
89932;625;46;-0.78;-1.56;23.14;87
89941;625;46;-0.78;-1.56;23.14;87
89950;626;46;-0.78;-1.56;23.14;87
89959;626;46;-0.78;-1.56;23.14;87
89972;626;46;-0.78;-1.56;23.14;87
89980;627;46;-0.78;-1.56;23.14;87
89996;627;46;-0.78;-1.56;23.14;87
90012;627;46;-0.78;-1.56;23.14;87
90021;627;46;-0.78;-1.56;23.14;87
90035;628;46;-0.78;-1.56;23.14;87
90052;628;46;-0.78;-1.56;23.14;87
90059;628;46;-0.78;-1.56;23.14;87
90072;628;46;-0.78;-1.56;23.14;87
90081;628;46;-0.78;-1.56;23.14;87
90096;627;46;-0.78;-1.56;23.14;87
90112;627;46;-0.78;-1.56;23.14;87
90121;626;46;-0.78;-1.56;23.14;87
90132;626;46;-0.78;-1.56;23.14;87
90141;625;46;-0.78;-1.56;23.14;87
90153;624;46;-0.78;-1.56;23.14;87
90162;624;46;-0.78;-1.56;23.14;87
90171;623;46;-0.78;-1.56;23.14;87
90183;622;46;-0.78;-1.56;23.14;87
90196;622;46;-0.78;-1.56;23.14;87
90211;621;46;-0.78;-1.56;23.14;87
90220;621;46;-0.78;-1.56;23.14;87
90232;621;46;-0.78;-1.56;23.14;87
90242;622;46;-0.78;-1.56;23.14;87
90251;622;46;-0.78;-1.56;23.14;87
90263;622;46;-0.78;-1.56;23.14;87
90272;623;46;-0.78;-1.56;23.14;87
90280;623;46;-0.78;-1.56;23.14;87
90297;623;46;-0.78;-1.56;23.14;87
90309;623;46;-0.78;-1.56;23.14;87
90321;623;46;-0.78;-1.56;23.14;87
90332;623;46;-0.78;-1.56;23.14;87
90341;623;46;-0.78;-1.56;23.14;87
90350;625;46;-0.78;-1.56;23.14;87
90361;626;46;-0.78;-1.56;23.14;87
90370;627;46;-0.78;-1.56;23.14;87
90381;628;46;-0.78;-1.56;23.14;87
90396;629;46;-0.78;-1.56;23.14;87
90412;630;46;-0.78;-1.56;23.14;87
90422;630;46;-0.78;-1.56;23.14;87
90431;630;46;-0.78;-1.56;23.14;87
90439;630;46;-0.78;-1.56;23.14;87
90451;630;46;-0.78;-1.56;23.14;87
90459;630;46;-0.78;-1.56;23.14;87
90471;630;46;-0.78;-1.56;23.14;87
90481;629;46;-0.78;-1.56;23.14;87
90497;627;46;-0.78;-1.56;23.14;87
90512;626;46;-0.78;-1.56;23.14;87
90520;624;46;-0.78;-1.56;23.14;87
90530;623;46;-0.78;-1.56;23.14;87
90540;622;46;-0.78;-1.56;23.14;87
90552;622;46;-0.78;-1.56;23.14;87
90561;621;46;-0.78;-1.56;23.14;87
90570;621;46;-0.78;-1.56;23.14;87
90581;621;46;-0.78;-1.56;23.14;87
90596;621;46;-0.78;-1.56;23.14;87
90612;621;46;-0.78;-1.56;23.14;87
90621;620;46;-0.78;-1.56;23.14;87
90630;620;46;-0.78;-1.56;23.14;87
90639;619;46;-0.78;-1.56;23.14;87
90653;619;46;-0.78;-1.56;23.14;87
90662;618;46;-0.78;-1.56;23.14;87
90671;617;46;-0.78;-1.56;23.14;87
90680;618;46;-0.78;-1.56;23.14;87
90697;618;46;-0.78;-1.56;23.14;87
90713;618;46;-0.78;-1.56;23.14;87
90720;619;46;-0.78;-1.56;23.14;87
90731;619;46;-0.78;-1.56;23.14;87
90739;619;46;-0.78;-1.56;23.14;87
90751;621;46;-0.78;-1.56;23.14;87
90761;623;46;-0.78;-1.56;23.14;87
90771;624;46;-0.78;-1.56;23.14;87
90779;626;46;-0.78;-1.56;23.14;87
90797;628;46;-0.78;-1.56;23.14;87
90810;629;46;-0.78;-1.56;23.14;87
90823;629;46;-0.78;-1.56;23.14;87
90829;628;46;-0.78;-1.56;23.14;87
90842;627;46;-0.78;-1.56;23.14;87
90852;627;46;-0.78;-1.56;23.14;87
90861;626;46;-0.78;-1.56;23.14;87
90870;626;46;-0.78;-1.56;23.14;87
90881;626;46;-0.78;-1.56;23.14;87
90903;625;46;-0.78;-1.56;23.14;87
90910;625;46;-0.78;-1.56;23.14;87
90920;625;46;-0.78;-1.56;23.14;87
90929;625;46;-0.78;-1.56;23.14;87
90941;624;46;-0.78;-1.56;23.14;87
90954;625;46;-0.78;-1.56;23.14;87
90961;625;46;-0.78;-1.56;23.14;87
90971;625;46;-0.78;-1.56;23.14;87
90983;625;46;-0.78;-1.56;23.14;87
91001;626;46;-0.78;-1.56;23.14;87
91010;626;46;-0.78;-1.56;23.14;87
91022;626;46;-0.78;-1.56;23.14;87
91030;626;46;-0.78;-1.56;23.14;87
91041;626;46;-0.78;-1.56;23.14;87
91050;626;46;-0.78;-1.56;23.14;87
91059;626;46;-0.78;-1.56;23.14;87
91070;626;46;-0.78;-1.56;23.14;87
91080;625;46;-0.78;-1.56;23.14;87
91098;625;46;-0.78;-1.56;23.14;87
91111;624;46;-0.78;-1.56;23.14;87
91122;623;46;-0.78;-1.56;23.14;87
91133;623;46;-0.78;-1.56;23.14;87
91143;622;46;-0.78;-1.56;23.14;87
91152;622;46;-0.78;-1.56;23.14;87
91160;622;46;-0.78;-1.56;23.14;87
91172;622;46;-0.78;-1.56;23.14;87
91181;621;46;-0.78;-1.56;23.14;87
91195;621;46;-0.78;-1.56;23.14;87
91210;621;46;-0.78;-1.56;23.14;87
91222;621;46;-0.78;-1.56;23.14;87
91230;621;46;-0.78;-1.56;23.14;87
91241;621;46;-0.78;-1.56;23.14;87
91250;621;46;-0.78;-1.56;23.14;87
91262;621;46;-0.78;-1.56;23.14;87
91271;621;46;-0.78;-0.78;23.14;87
91280;622;46;-0.78;-0.78;23.53;87
91298;623;46;-0.78;-0.78;23.53;87
91310;624;46;-0.78;-0.78;23.53;87
91320;624;46;-0.78;-0.78;23.53;87
91333;625;46;-0.78;-0.78;23.53;87
91339;626;46;-0.78;-0.78;23.53;87
91352;626;46;-0.78;-0.78;23.53;87
91361;625;46;-0.78;-0.78;23.53;87
91370;624;46;-0.78;-0.78;23.53;87
91381;624;46;-0.78;-0.78;23.53;87
91397;623;46;-1.56;-0.78;23.53;87
91412;622;46;-1.56;-0.78;23.53;87
91421;622;46;-1.56;-0.78;23.14;87
91430;621;46;-1.56;-0.78;23.14;87
91441;620;46;-1.56;-0.78;23.14;87
91451;620;46;-1.56;-0.78;23.14;87
91463;619;46;-1.56;-0.78;23.14;87
91471;618;46;-1.56;-0.78;23.14;87
91480;619;46;-1.56;-0.78;23.53;87
91495;620;46;-1.56;-0.78;23.53;87
91510;620;46;-1.56;-0.78;23.53;87
91521;621;47;-1.56;-0.78;23.53;87
91531;622;47;-1.56;-0.78;23.53;87
91541;622;47;-1.56;-0.78;23.53;87
91550;623;47;-1.56;-0.78;23.53;87
91561;624;47;-1.56;-0.78;23.53;87
91571;625;47;-1.56;-0.78;23.53;87
91580;625;47;-1.56;-0.78;23.53;87
91596;626;47;-0.78;-0.78;23.53;87
91611;627;47;-0.78;-0.78;23.53;87
91621;627;47;-0.78;-0.78;23.53;87
91632;628;47;-0.78;-0.78;23.53;87
91641;629;47;-0.78;-0.78;23.53;87
91652;629;47;-0.78;-0.78;23.53;87
91661;630;47;-0.78;-0.78;23.53;87
91670;630;47;-0.78;-0.78;23.53;87
91682;630;47;-0.78;-0.78;23.14;87
91700;629;47;-0.78;-0.78;23.14;87
91710;628;47;-0.78;-0.78;23.14;87
91722;628;46;-0.78;-0.78;23.14;87
91732;627;46;-0.78;-0.78;23.14;87
91740;627;46;-0.78;-0.78;23.14;87
91751;627;46;-0.78;-0.78;23.14;87
91760;626;46;-0.78;-0.78;23.14;87
91772;626;46;-0.78;-0.78;23.14;87
91781;626;46;-0.78;-0.78;23.14;87
91794;626;46;-0.78;-0.78;23.14;87
91802;626;46;-0.78;-0.78;23.14;87
91812;626;46;-0.78;-0.78;23.14;87
91822;626;46;-0.78;-0.78;23.14;87
91831;626;46;-0.78;-0.78;23.14;87
91840;626;46;-0.78;-0.78;23.14;87
91853;626;46;-0.78;-0.78;23.14;87
91862;626;46;-0.78;-0.78;23.14;87
91871;627;46;-0.78;-0.78;23.14;87
91880;627;46;-0.78;-0.78;23.14;87
91904;628;46;-0.78;-0.78;23.14;87
91910;629;46;-0.78;-0.78;23.14;87
91920;629;46;-0.78;-0.78;23.14;87
91932;630;46;-0.78;-0.78;23.14;87
91941;630;46;-0.78;-0.78;23.14;87
91952;630;46;-0.78;-0.78;23.14;87
91962;630;46;-0.78;-0.78;23.14;87
91970;630;46;-0.78;-0.78;23.14;87
91981;630;46;-0.78;-0.78;23.14;87
91996;630;46;-0.78;0.00;23.14;87
92012;629;46;-0.78;0.00;23.14;87
92022;628;46;-0.78;0.00;23.14;87
92031;627;46;-0.78;0.00;23.14;87
92042;626;46;-0.78;0.00;23.14;87
92051;626;46;-0.78;0.00;23.14;87
92061;625;46;-0.78;0.00;23.14;87
92070;625;46;-0.78;0.00;23.14;87
92081;625;46;-0.78;0.00;23.14;87
92096;625;46;-0.78;0.00;23.14;87
92111;626;46;-0.78;0.00;23.14;87
92122;626;46;-0.78;0.00;23.14;87
92130;626;46;-0.78;0.00;23.14;87
92142;627;46;-0.78;0.00;23.14;87
92152;627;46;-0.78;0.00;23.14;87
92162;627;46;-0.78;0.00;23.14;87
92172;628;46;-0.78;0.00;23.14;87
92181;628;46;-0.78;0.00;23.14;87
92195;628;46;-0.78;0.00;23.14;87
92211;628;46;-0.78;0.00;23.14;87
92221;627;46;-0.78;0.00;23.14;87
92230;627;46;-0.78;0.00;23.14;87
92241;627;46;-0.78;0.00;23.14;87
92251;626;46;-0.78;0.00;23.14;87
92260;626;46;-0.78;-0.78;23.14;87
92272;627;46;-0.78;-0.78;23.14;87
92282;628;46;-0.78;-0.78;23.14;87
92297;629;46;-0.78;-0.78;23.14;87
92311;630;46;-0.78;-0.78;23.14;87
92322;631;46;-0.78;-0.78;23.14;87
92332;632;46;-0.78;-0.78;23.14;87
92341;631;46;-0.78;-0.78;23.14;87
92352;631;46;-0.78;-0.78;23.14;87
92360;630;46;-0.78;-0.78;23.14;87
92372;629;47;-0.78;-0.78;23.14;87
92380;629;47;-0.78;-0.78;23.14;87
92396;628;47;-0.78;-0.78;23.14;87
92412;627;47;-0.78;-0.78;23.14;87
92420;626;47;-0.78;-0.78;23.14;87
92431;625;47;-0.78;-0.78;23.14;87
92441;624;47;-0.78;-0.78;23.14;87
92450;623;47;-0.78;-0.78;23.14;87
92461;622;47;-0.78;-0.78;23.14;87
92472;623;47;-0.78;-0.78;23.14;87
92480;624;47;-0.78;-0.78;23.14;87
92497;625;47;-0.78;-0.78;23.14;87
92511;626;46;-0.78;-0.78;23.14;87
92524;627;46;-0.78;-0.78;23.14;87
92541;628;46;-0.78;-0.78;23.14;87
92553;628;46;-0.78;-0.78;23.14;87
92563;628;46;-0.78;-0.78;23.14;87
92573;628;46;-0.78;-0.78;23.14;87
92582;627;46;-0.78;-0.78;23.14;87
92596;627;46;0.00;-0.78;23.14;87
92612;627;46;0.00;-0.78;23.14;87
92621;627;46;0.00;-0.78;23.14;87
92633;627;46;0.00;-0.78;23.14;87
92642;628;46;0.00;-0.78;23.14;87
92651;628;46;0.00;-0.78;23.14;87
92661;628;46;0.00;-0.78;23.14;87
92671;629;46;0.00;-0.78;23.14;87
92682;629;46;0.00;-0.78;23.14;87
92694;629;46;0.00;-0.78;23.14;87
92712;629;46;0.00;-0.78;23.14;87
92721;630;47;0.00;-0.78;23.14;87
92732;630;47;-0.78;-0.78;23.14;87
92742;630;47;-0.78;-0.78;23.14;87
92752;630;47;-0.78;-0.78;23.14;87
92761;630;47;-0.78;-0.78;23.14;87
92772;630;47;-0.78;-0.78;23.14;87
92781;630;46;-0.78;-0.78;23.14;87
92795;631;46;-0.78;-0.78;23.14;87
92812;631;46;-0.78;-0.78;23.14;87
92821;629;46;-0.78;-0.78;23.14;87
92832;628;46;-0.78;-0.78;23.14;87
92842;627;46;-0.78;-0.78;23.14;87
92852;626;46;-0.78;-0.78;23.14;87
92862;625;46;-0.78;-0.78;23.14;87
92872;623;46;-0.78;-0.78;23.14;87
92880;623;46;-0.78;-0.78;23.14;87
92901;623;46;-0.78;-0.78;23.14;87
92913;623;46;-0.78;-0.78;23.14;87
92922;622;47;-0.78;-0.78;23.14;87
92931;622;47;-0.78;-0.78;23.14;87
92941;622;47;-0.78;-0.78;23.14;87
92952;622;47;-0.78;-0.78;23.14;87
92961;623;47;-0.78;-0.78;23.14;87
92973;623;47;-0.78;-0.78;23.14;87
92981;624;47;-0.78;-0.78;23.14;87
92994;624;47;-0.78;-0.78;23.14;87
93011;625;47;-0.78;-0.78;23.14;87
93022;625;47;-0.78;-0.78;23.14;87
93031;626;47;-0.78;-0.78;23.14;87
93040;626;47;-0.78;-0.78;23.14;87
93050;627;47;-0.78;-0.78;23.14;87
93062;627;47;-0.78;-0.78;23.14;87
93072;628;47;-0.78;-0.78;23.14;87
93081;627;47;-0.78;-0.78;23.14;87
93093;627;47;-0.78;-0.78;23.14;87
93101;626;47;-0.78;-0.78;23.14;87
93111;626;47;-0.78;-0.78;23.14;87
93122;625;47;-0.78;-0.78;23.14;87
93131;625;47;-0.78;-0.78;23.14;87
93142;624;47;-0.78;-0.78;23.14;87
93151;623;47;-0.78;-0.78;23.14;87
93163;622;47;-0.78;-0.78;23.14;87
93173;621;47;-0.78;-0.78;23.14;87
93182;620;47;-0.78;-0.78;23.14;87
93197;620;47;-0.78;-0.78;23.14;87
93212;620;47;-0.78;-0.78;23.14;87
93223;621;47;-0.78;-0.78;23.14;87
93232;621;47;-0.78;-0.78;23.14;87
93241;621;47;-0.78;-0.78;23.14;87
93251;622;47;-0.78;-0.78;23.14;87
93263;622;47;-0.78;-0.78;23.14;87
93271;623;47;-0.78;-0.78;23.14;87
93282;623;47;-0.78;-0.78;23.14;87
93295;624;47;-0.78;-0.78;23.14;87
93311;624;47;-0.78;-0.78;23.14;87
93323;625;47;-0.78;-0.78;23.14;87
93332;625;47;-0.78;-0.78;23.14;87
93342;625;47;-0.78;-0.78;23.14;87
93353;625;47;-0.78;-0.78;23.14;87
93362;625;47;-0.78;-0.78;23.14;87
93372;624;47;-0.78;-0.78;23.14;87
93383;624;47;-0.78;-0.78;23.14;87
93394;624;47;-0.78;-0.78;23.14;87
93412;623;47;-0.78;-0.78;23.14;87
93421;623;47;-0.78;-0.78;23.14;87
93432;623;47;-0.78;-0.78;23.14;87
93442;623;47;-0.78;-0.78;23.14;87
93451;623;47;-0.78;-0.78;23.14;87
93461;623;47;-0.78;-0.78;23.14;87
93471;622;47;-0.78;-0.78;23.53;87
93480;622;47;-0.78;-0.78;23.53;87
93499;622;47;-0.78;-0.78;23.53;87
93512;622;47;-0.78;-0.78;23.53;87
93521;621;47;-0.78;-0.78;23.53;87
93532;621;47;-0.78;-0.78;23.53;87
93543;621;47;-0.78;-0.78;23.53;87
93552;621;47;-0.78;-0.78;23.53;87
93563;621;47;-0.78;-0.78;23.53;87
93571;621;47;-0.78;-0.78;23.53;87
93581;621;47;-1.56;-0.78;23.53;87
93594;621;47;-1.56;-0.78;23.53;87
93603;622;47;-1.56;-0.78;23.53;87
93611;623;47;-1.56;-0.78;23.53;87
93623;623;47;-1.56;-0.78;23.53;87
93631;624;47;-1.56;-0.78;23.53;87
93643;625;47;-1.56;-0.78;23.53;87
93652;626;47;-1.56;-0.78;23.53;87
93662;626;47;-1.56;-0.78;23.53;87
93673;625;47;-1.56;-0.78;23.53;87
93683;624;47;-1.56;-0.78;23.53;87
93702;623;47;-1.56;-0.78;23.53;87
93709;623;47;-1.56;-0.78;23.53;87
93721;622;47;-1.56;-0.78;23.53;87
93734;621;47;-1.56;-0.78;23.53;87
93751;619;47;-1.56;-0.78;23.53;87
93763;618;47;-1.56;-0.78;23.53;87
93770;617;47;-1.56;-0.78;23.53;87
93782;615;47;-1.56;-0.78;23.53;87
93795;614;47;-1.56;-0.78;23.53;87
93810;615;47;-1.56;-0.78;23.53;87
93819;616;47;-1.56;-0.78;23.53;87
93831;618;47;-1.56;-0.78;23.53;87
93840;619;47;-1.56;-0.78;23.53;87
93853;620;47;-1.56;-0.78;23.53;87
93859;621;47;-1.56;-0.78;23.53;87
93869;622;47;-1.56;-0.78;23.53;87
93881;623;47;-1.56;-0.78;23.53;87
93904;624;47;-1.56;-0.78;23.53;87
93921;624;47;-1.56;-0.78;23.53;87
93932;625;47;-0.78;-0.78;23.53;87
93939;626;47;-0.78;-0.78;23.53;87
93952;626;47;-0.78;-0.78;23.53;87
93961;625;47;-0.78;-0.78;23.53;87
93974;625;47;-0.78;-0.78;23.53;87
93980;625;47;-0.78;-0.78;23.53;87
93993;624;47;-0.78;-0.78;23.53;87
93999;624;47;-0.78;-0.78;23.53;87
94010;624;47;-0.78;-0.78;23.53;87
94019;625;47;-0.78;-0.78;23.53;87
94033;626;47;-0.78;-0.78;23.53;87
94041;626;47;-0.78;-0.78;23.53;87
94052;627;47;-0.78;-0.78;23.53;87
94061;627;47;-0.78;-0.78;23.53;87
94072;627;47;-0.78;-0.78;23.53;87
94079;626;47;-0.78;-0.78;23.53;87
94095;625;47;-0.78;-0.78;23.53;87
94111;624;47;-0.78;-0.78;23.53;87
94122;624;47;-0.78;-0.78;23.53;87
94132;623;47;-0.78;0.00;23.53;87
94140;623;47;-0.78;0.00;23.53;87
94153;624;47;-0.78;0.00;23.53;87
94169;624;47;-0.78;0.00;23.53;87
94180;625;47;-0.78;0.00;23.53;87
94195;625;47;-0.78;0.00;23.53;87
94211;625;47;-0.78;0.00;23.53;87
94220;625;47;-0.78;0.00;23.53;87
94229;625;47;-0.78;0.00;23.53;87
94239;625;47;-0.78;0.00;23.53;87
94251;625;47;-0.78;0.00;23.53;87
94262;625;47;-0.78;0.00;23.53;87
94271;625;47;-0.78;0.00;23.53;87
94282;626;47;-0.78;0.00;23.53;87
94295;626;47;-0.78;0.00;23.53;87
94312;627;47;-0.78;0.00;23.53;87
94321;627;47;-0.78;0.00;23.53;87
94332;627;47;-0.78;0.00;23.53;87
94341;628;47;-0.78;0.00;23.53;87
94352;628;47;-0.78;0.00;23.53;87
94361;627;47;-0.78;0.00;23.53;87
94370;627;47;-0.78;0.00;23.53;87
94382;626;47;-0.78;0.00;23.53;87
94396;626;47;-0.78;0.00;23.53;87
94412;626;47;-0.78;0.00;23.53;87
94421;626;47;-0.78;0.00;23.14;87
94430;627;47;-0.78;0.00;23.14;87
94442;628;47;-0.78;0.00;23.14;87
94451;628;47;-0.78;0.00;23.14;87
94461;629;47;-0.78;0.00;23.14;87
94473;630;47;-0.78;0.00;23.14;87
94479;630;47;-0.78;0.00;23.14;87
94495;629;47;-0.78;0.00;23.14;87
94512;629;47;-0.78;0.00;23.14;87
94521;629;47;-0.78;0.00;23.14;87
94531;629;47;0.00;0.00;23.14;87
94540;629;47;0.00;0.00;23.14;87
94553;629;47;0.00;0.00;23.14;87
94559;628;47;0.00;0.00;23.14;87
94570;627;47;0.00;0.00;23.14;87
94580;627;47;0.00;0.00;23.14;87
94596;626;47;0.00;0.00;23.14;87
94610;625;47;0.00;0.00;23.14;87
94621;624;47;0.00;0.00;23.14;87
94630;623;47;0.00;0.00;23.14;87
94639;622;47;0.00;0.00;23.14;87
94650;621;47;0.00;0.00;23.14;87
94662;619;47;0.00;0.00;23.14;87
94671;618;47;0.00;0.00;23.14;87
94680;618;47;0.00;0.00;23.14;87
94696;619;47;0.00;0.00;23.14;87
94712;619;47;0.00;0.00;23.14;87
94719;619;47;0.00;0.00;23.14;87
94731;619;47;0.00;0.00;23.14;87
94739;619;47;0.00;0.00;23.14;87
94753;620;47;0.00;0.00;23.14;87
94763;620;47;0.00;0.00;23.14;87
94769;621;47;0.00;0.00;23.14;87
94780;621;47;0.00;0.00;23.14;87
94795;622;47;0.00;0.00;23.14;87
94810;622;47;0.00;0.00;23.14;87
94822;623;47;0.00;0.00;23.53;87
94831;624;47;0.00;0.00;23.53;87
94839;625;47;0.00;0.00;23.53;87
94851;626;47;0.00;0.00;23.53;87
94859;627;47;0.00;0.00;23.53;87
94873;628;47;0.00;0.00;23.53;87
94880;628;47;0.00;0.00;23.14;87
94903;628;47;0.00;0.00;23.14;87
94910;628;47;0.00;0.00;23.14;87
94923;628;47;0.00;0.00;23.14;87
94933;628;47;0.78;0.00;23.14;87
94940;628;47;0.78;0.00;23.14;87
94951;629;47;0.78;0.00;23.14;87
94961;629;47;0.78;0.00;23.14;87
94970;629;47;0.78;0.00;23.14;87
94984;629;47;0.78;0.00;23.14;87
94998;630;47;0.78;0.00;23.14;87
95010;630;47;0.78;0.00;23.14;87
95022;629;47;0.78;0.00;23.14;87
95031;628;47;0.78;0.00;23.14;87
95040;628;47;0.78;0.00;23.14;87
95051;627;47;0.78;0.00;23.14;87
95061;626;47;0.78;0.00;23.14;87
95069;626;47;0.78;0.00;23.14;87
95083;625;47;0.78;0.00;23.14;87
95097;624;47;0.78;0.00;23.14;87
95113;623;47;0.78;0.00;23.14;87
95121;622;47;0.78;0.00;23.14;87
95130;621;47;0.78;0.00;23.14;87
95143;620;47;0.78;0.00;23.14;87
95149;621;47;0.78;0.00;23.14;87
95164;622;47;0.78;0.00;23.14;87
95181;623;47;0.78;0.00;23.14;87
95193;624;47;0.78;0.00;23.14;87
95199;626;47;0.78;0.00;23.14;87
95211;627;47;0.78;0.00;23.14;87
95223;627;47;0.78;0.00;23.14;87
95230;627;47;0.78;0.00;23.14;87
95240;626;47;0.78;0.00;23.14;87
95251;626;47;0.78;0.00;23.14;87
95262;626;47;0.78;0.00;23.14;87
95271;626;47;0.78;0.00;23.14;87
95281;625;47;0.78;0.00;23.14;87
95296;625;47;0.78;0.00;23.14;87
95309;624;47;0.78;0.00;23.14;87
95322;623;47;0.78;0.00;23.14;87
95333;623;47;0.78;0.00;23.14;87
95339;622;47;0.78;0.00;23.14;87
95351;623;47;0.78;0.00;23.14;87
95360;624;47;0.78;0.00;23.14;87
95372;625;47;0.78;0.00;23.14;87
95382;626;47;0.78;0.00;23.14;87
95396;628;47;0.78;0.00;23.14;87
95412;629;47;0.78;-0.78;23.14;87
95421;629;47;0.78;-0.78;23.14;87
95429;629;47;0.78;-0.78;23.14;87
95441;629;47;0.78;-0.78;23.14;87
95451;630;47;0.78;-0.78;23.14;87
95461;630;47;0.78;-0.78;23.14;87
95470;630;47;0.78;-0.78;23.14;87
95482;630;47;0.78;-0.78;23.14;87
95497;630;47;0.78;-0.78;23.14;87
95511;630;47;0.78;-0.78;23.14;87
95519;629;47;0.78;-0.78;23.14;87
95531;629;47;0.00;-0.78;23.14;87
95540;629;47;0.00;-0.78;23.14;87
95550;628;47;0.00;-0.78;23.14;87
95561;627;47;0.00;-0.78;23.14;87
95571;626;47;0.00;-0.78;23.14;87
95582;625;47;0.00;-0.78;23.14;87
95596;624;47;0.00;-0.78;23.14;87
95610;623;47;0.00;-0.78;23.14;87
95621;623;47;0.00;-0.78;23.14;87
95629;623;47;0.00;-0.78;23.14;87
95639;624;47;0.00;-0.78;23.14;87
95651;624;47;0.00;-0.78;23.14;87
95662;624;47;0.00;-0.78;23.14;87
95670;624;47;0.00;-0.78;23.14;87
95681;624;47;0.00;-0.78;23.14;87
95697;624;47;0.00;-0.78;23.14;87
95711;625;47;0.00;-0.78;23.14;87
95722;625;47;0.00;-0.78;23.14;87
95731;625;47;0.00;-0.78;23.14;87
95740;626;47;0.00;-0.78;23.14;87
95752;627;47;0.00;-0.78;23.14;87
95760;627;47;0.00;-0.78;23.14;87
95772;628;47;0.00;-0.78;23.14;87
95780;629;47;0.00;-0.78;23.14;87
95794;630;47;0.00;-0.78;23.14;87
95812;631;47;0.00;-0.78;23.14;87
95822;631;47;0.00;-0.78;23.14;87
95832;630;47;0.00;-0.78;23.14;87
95842;630;47;0.00;-0.78;23.14;87
95850;629;47;0.00;-0.78;23.14;87
95860;629;47;0.00;-0.78;23.14;87
95870;629;47;0.00;0.00;23.14;87
95880;629;47;0.00;0.00;23.14;87
95902;628;47;0.00;0.00;23.14;87
95910;628;47;0.00;0.00;23.14;87
95921;628;47;0.00;0.00;23.14;87
95930;628;47;0.00;0.00;23.14;87
95942;628;47;0.00;0.00;23.14;87
95951;628;47;0.00;0.00;23.14;87
95960;628;47;0.00;0.00;23.14;87
95971;628;47;0.00;0.00;23.14;87
95980;627;47;0.00;0.00;23.14;87
95998;627;47;0.00;0.00;23.14;87
96011;627;47;0.00;0.00;23.14;87
96023;627;47;0.00;0.00;23.14;87
96031;628;47;0.00;0.00;23.14;87
96041;628;47;0.00;0.00;23.14;87
96050;628;47;0.00;0.00;23.14;87
96060;628;47;0.00;0.00;23.14;87
96070;629;47;0.00;0.00;23.14;87
96081;628;47;0.00;0.00;23.14;87
96098;628;47;0.00;0.00;23.14;87
96110;627;47;0.00;0.00;23.14;87
96121;627;47;0.00;0.00;23.14;87
96131;626;47;0.00;0.00;23.14;87
96140;626;47;0.00;0.00;23.14;87
96151;626;47;0.00;0.00;23.14;87
96160;626;47;0.00;0.00;23.14;87
96171;626;47;0.00;0.00;23.14;87
96182;625;47;0.00;0.00;23.14;87
96197;625;47;0.00;0.00;23.14;87
96212;625;47;0.00;0.00;23.14;87
96220;625;47;0.00;0.00;23.14;87
96231;624;47;0.00;0.00;23.14;87
96240;624;47;0.00;0.00;23.14;87
96252;624;47;0.00;0.00;23.14;87
96260;623;47;0.00;0.00;23.14;87
96271;623;47;0.00;0.00;23.14;87
96281;623;47;0.00;0.00;23.53;87
96298;624;47;0.00;0.00;23.53;87
96311;624;47;0.00;0.00;23.53;87
96320;625;47;0.00;0.00;23.53;87
96330;625;47;0.00;0.00;23.53;87
96341;626;47;0.00;0.00;23.53;87
96353;626;47;0.00;0.00;23.53;87
96361;627;47;0.00;0.00;23.53;87
96371;627;47;0.00;0.00;23.53;87
96381;627;47;0.00;0.00;23.53;87
96397;628;47;0.00;0.00;23.53;87
96410;628;47;0.00;0.00;23.53;87
96422;628;47;0.00;0.00;23.14;87
96431;627;47;0.00;0.00;23.14;87
96440;627;47;0.00;0.00;23.14;87
96450;626;47;0.00;0.00;23.14;87
96461;626;47;0.00;0.00;23.14;87
96472;625;47;0.00;0.00;23.14;87
96481;624;47;0.00;0.00;23.53;87
96496;624;47;0.00;0.00;23.53;87
96511;623;47;0.00;0.00;23.53;87
96520;622;47;0.00;0.00;23.53;87
96532;622;47;-0.78;0.00;23.53;87
96540;621;47;-0.78;-0.78;23.53;87
96552;621;47;-0.78;-0.78;23.53;87
96560;621;47;-0.78;-0.78;23.53;87
96572;621;47;-0.78;-0.78;23.53;87
96581;621;47;-0.78;-0.78;23.53;87
96594;621;47;-0.78;-0.78;23.53;87
96612;620;47;-0.78;-0.78;23.53;87
96621;621;47;-0.78;-0.78;23.53;87
96633;621;47;-0.78;-0.78;23.53;87
96640;622;47;-0.78;-0.78;23.53;87
96650;622;47;-0.78;-0.78;23.53;87
96661;622;47;-0.78;-0.78;23.53;87
96673;623;47;-0.78;-0.78;23.53;87
96681;624;47;-0.78;-0.78;23.53;87
96699;625;47;-0.78;-0.78;23.53;87
96711;626;47;-0.78;-0.78;23.53;87
96722;627;47;-0.78;-0.78;23.53;87
96730;628;47;-0.78;-0.78;23.53;87
96742;629;47;-0.78;-0.78;23.53;87
96751;629;47;-0.78;-0.78;23.53;87
96761;629;47;-0.78;-0.78;23.53;87
96773;629;47;-0.78;-0.78;23.53;87
96781;629;47;-0.78;-0.78;23.53;87
96797;629;47;-0.78;-0.78;23.53;87
96811;629;47;-0.78;-0.78;23.53;87
96821;627;47;-0.78;-0.78;23.53;87
96832;626;47;-0.78;-0.78;23.53;87
96840;624;47;-0.78;-0.78;23.53;87
96852;623;47;-0.78;-0.78;23.53;87
96861;621;47;-0.78;-0.78;23.53;87
96872;620;47;-0.78;-0.78;23.53;87
96882;621;47;-0.78;-0.78;23.53;87
96902;622;47;-0.78;-0.78;23.53;87
96910;623;47;-0.78;-0.78;23.53;87
96922;624;47;-0.78;-0.78;23.53;87
96930;625;47;-0.78;-0.78;23.53;87
96941;626;47;-0.78;-0.78;23.53;87
96950;626;47;-0.78;-0.78;23.53;87
96961;626;47;-0.78;-0.78;23.53;87
96970;626;47;-0.78;-0.78;23.53;87
96982;627;47;-0.78;-0.78;23.53;87
96994;627;47;-0.78;-0.78;23.53;87
97012;627;47;-0.78;-0.78;23.53;87
97021;626;47;-0.78;-0.78;23.53;87
97032;625;47;-0.78;-0.78;23.53;87
97040;625;47;-0.78;-0.78;23.53;87
97051;624;47;-0.78;-0.78;23.53;87
97062;623;47;-0.78;-0.78;23.53;87
97071;623;47;-0.78;0.00;23.53;87
97082;623;47;-0.78;0.00;23.92;87
97097;624;47;-0.78;0.00;23.92;87
97112;624;47;-0.78;0.00;23.92;87
97120;625;47;-0.78;0.00;23.92;87
97133;625;47;-0.78;0.00;23.92;87
97140;626;47;-0.78;0.00;23.92;87
97152;626;47;-0.78;0.00;23.92;87
97161;627;47;-0.78;0.00;23.92;87
97172;627;47;-0.78;0.00;23.92;87
97182;627;47;-0.78;0.00;23.92;87
97198;628;47;-0.78;0.00;23.92;87
97212;628;47;-0.78;0.00;23.92;87
97220;627;47;-0.78;0.00;23.92;87
97232;627;47;-0.78;0.00;23.92;87
97243;626;47;-0.78;0.00;23.92;87
97251;626;47;-0.78;0.00;23.92;87
97263;626;47;-0.78;0.00;23.92;87
97273;625;47;-0.78;0.00;23.92;87
97283;625;47;-0.78;0.00;23.92;87
97294;626;47;-0.78;0.00;23.92;87
97302;626;47;-0.78;0.00;23.92;87
97310;626;47;-0.78;0.00;23.92;87
97323;626;47;0.00;0.00;23.92;87
97331;627;47;0.00;0.00;23.92;87
97342;627;47;0.00;0.00;23.92;87
97353;628;47;0.00;0.00;23.92;87
97362;628;47;0.00;0.00;23.92;87
97371;629;47;0.00;0.00;23.92;87
97382;630;47;0.00;0.00;23.92;87
97398;630;47;0.00;0.00;23.92;87
97412;629;47;0.00;0.00;23.53;87
97422;629;47;0.00;0.00;23.53;87
97430;628;47;0.00;0.00;23.53;87
97442;627;47;0.00;0.00;23.53;87
97452;627;47;0.00;0.00;23.53;87
97461;626;47;0.00;0.00;23.53;87
97472;626;47;0.00;0.00;23.92;87
97480;626;47;0.00;0.00;23.92;87
97494;626;47;0.00;0.00;23.92;87
97513;625;47;0.00;0.00;23.92;87
97521;625;47;0.00;0.00;23.92;87
97533;625;47;0.00;0.00;23.92;87
97541;625;47;0.00;0.00;23.92;87
97552;625;47;0.00;0.00;23.92;87
97564;626;47;0.00;0.00;23.92;87
97582;626;47;0.00;0.00;23.92;87
97594;626;47;0.00;0.00;23.92;87
97611;626;47;0.00;0.00;23.92;87
97620;626;47;0.00;0.00;23.92;87
97631;626;47;0.00;0.00;23.92;87
97643;626;47;0.00;0.00;23.92;87
97651;626;47;0.00;0.00;23.92;87
97662;626;47;0.00;0.00;23.92;87
97672;626;47;0.00;0.00;23.92;87
97682;626;47;0.00;0.00;23.92;87
97698;625;47;0.00;0.00;23.92;87
97712;625;47;0.00;0.00;23.92;87
97722;624;47;0.00;0.00;23.92;87
97732;624;47;0.00;0.00;23.92;87
97742;624;47;0.00;0.00;23.92;87
97751;624;47;0.00;0.00;23.92;87
97762;623;47;0.00;0.00;23.92;87
97772;623;47;0.00;0.00;23.92;87
97783;623;47;0.00;0.00;23.92;87
97795;623;47;0.00;0.00;23.92;87
97813;623;47;0.00;0.00;23.92;87
97822;623;47;0.00;0.00;23.92;87
97831;623;47;0.00;0.00;23.92;87
97843;623;47;0.00;0.00;23.92;87
97852;623;47;0.00;0.00;23.92;87
97862;624;47;0.00;0.00;23.92;87
97872;624;47;0.00;0.00;23.92;87
97882;625;47;0.00;0.00;24.31;87
97902;626;47;0.00;0.00;24.31;87
97913;627;47;0.00;0.00;24.31;87
97922;628;47;0.00;0.00;24.31;87
97932;629;47;0.00;0.00;24.31;87
97940;630;47;0.00;0.00;24.31;87
97953;630;47;0.00;0.00;24.31;87
97961;630;47;0.00;0.00;24.31;87
97971;630;47;0.00;0.00;24.31;87
97982;630;47;0.00;0.00;24.31;87
97997;630;47;0.00;0.00;24.31;87
98011;630;47;0.00;0.78;24.31;87
98022;630;47;0.00;0.78;23.92;87
98032;630;47;0.00;0.78;23.92;87
98042;630;47;0.00;0.78;23.92;87
98052;630;47;0.00;0.78;23.92;87
98061;630;47;0.00;0.78;23.92;87
98070;630;47;0.00;0.78;23.92;87
98084;629;47;0.00;0.78;23.92;87
98095;628;47;0.00;0.78;23.92;87
98111;628;47;0.00;0.78;23.92;87
98122;627;47;0.00;0.78;23.92;87
98131;626;47;0.00;0.78;23.92;87
98142;625;47;0.00;0.78;23.92;87
98150;625;47;0.00;0.78;23.92;87
98162;624;47;0.00;0.78;23.92;87
98171;623;47;0.00;0.78;23.92;87
98180;622;47;0.00;0.78;23.92;87
98193;621;47;0.78;0.78;23.92;87
98202;620;47;0.78;0.78;23.92;87
98210;621;47;0.78;0.78;24.31;87
98219;621;47;0.78;0.78;24.31;87
98230;622;47;0.78;0.78;24.31;87
98243;622;47;0.78;0.78;24.31;87
98251;623;47;0.78;0.78;24.31;87
98261;623;47;0.78;0.78;24.31;87
98270;624;47;0.78;0.78;24.31;87
98279;625;47;0.78;0.78;24.31;87
98298;626;47;0.78;0.78;24.31;87
98311;627;47;0.78;0.78;24.31;87
98322;628;47;0.78;0.78;24.31;87
98332;628;47;0.78;0.78;24.31;87
98341;627;47;0.78;0.78;24.31;87
98352;627;47;0.78;0.78;24.31;87
98362;626;47;0.78;0.78;24.31;87
98373;625;47;0.78;0.78;24.31;87
98380;624;47;0.78;0.78;24.31;87
98394;623;47;0.78;0.78;24.31;87
98411;623;47;0.78;0.78;24.31;87
98419;623;47;0.78;0.78;24.31;87
98429;624;47;0.78;0.78;24.31;87
98440;624;47;0.78;0.78;24.31;87
98452;624;47;0.78;0.78;24.31;87
98461;625;47;0.78;0.78;24.31;87
98473;625;47;0.78;0.78;24.31;87
98482;625;47;0.78;0.78;24.31;87
98493;625;47;0.78;0.78;24.31;87
98502;626;47;0.78;0.78;24.31;87
98511;626;47;0.78;0.78;24.31;87
98522;626;47;0.78;0.78;24.31;87
98531;626;47;0.78;0.78;24.31;87
98540;626;47;0.78;0.78;24.31;87
98551;626;47;0.78;0.78;24.31;87
98563;626;47;0.78;0.78;24.31;87
98569;626;47;0.78;0.78;24.31;87
98581;626;47;0.78;0.78;24.31;87
98596;627;47;0.78;0.78;24.31;87
98611;628;47;0.78;0.78;24.31;87
98620;629;47;0.78;0.78;24.31;87
98632;630;47;0.78;0.78;24.31;87
98642;631;47;0.78;0.78;24.31;87
98651;632;47;0.78;0.78;24.31;87
98662;632;47;0.78;0.78;24.31;87
98671;632;47;0.78;0.78;24.31;87
98680;632;47;0.78;0.78;24.31;87
98696;632;47;0.78;0.78;24.31;87
98709;632;47;0.78;0.78;24.31;87
98722;632;47;0.78;0.78;24.31;87
98730;631;47;0.78;0.78;24.31;87
98739;629;47;0.78;0.78;24.31;87
98751;628;47;0.78;0.78;24.31;87
98761;627;47;0.78;0.78;24.31;87
98773;625;47;0.78;0.78;24.31;87
98781;624;47;0.78;0.78;24.31;87
98796;625;47;0.78;0.78;24.31;87
98810;626;47;0.78;0.78;24.31;87
98821;626;47;0.78;0.78;24.31;87
98833;627;47;0.78;0.78;24.31;87
98841;628;47;0.78;0.78;24.31;87
98853;629;47;0.78;0.00;24.31;87
98859;629;47;0.78;0.00;24.31;87
98870;630;47;0.78;0.00;24.31;87
98881;630;47;0.78;0.00;24.31;87
98902;631;47;0.78;0.00;24.31;87
98911;632;47;0.78;0.00;24.31;87
98921;632;47;0.78;0.78;24.31;87
98930;631;47;0.78;0.78;24.31;87
98940;629;47;0.78;0.78;24.31;87
98953;627;47;0.78;0.78;24.31;87
98961;626;47;0.78;0.78;24.31;87
98971;624;47;0.78;0.78;24.31;87
98982;622;47;0.78;0.78;24.31;87
98994;623;47;0.78;0.78;24.71;87
98999;624;47;0.78;0.78;24.71;87
99011;625;47;0.78;0.78;24.71;87
99019;625;47;0.78;0.78;24.71;87
99031;626;47;0.78;0.78;24.71;87
99041;627;47;0.78;0.78;24.71;87
99050;627;47;0.78;0.78;24.71;87
99061;628;47;0.78;0.78;24.71;87
99072;628;47;0.78;0.78;24.71;87
99079;628;47;0.78;0.78;24.71;87
99093;629;47;0.78;0.78;24.71;87
99102;629;47;0.78;0.78;24.71;87
99111;629;47;0.78;0.78;24.71;87
99119;629;47;0.78;0.78;24.71;87
99132;630;47;0.78;0.78;24.71;87
99140;630;47;0.78;0.78;24.71;87
99151;630;47;0.78;0.78;24.71;87
99161;630;47;0.78;0.78;24.71;87
99170;631;47;0.78;0.78;24.71;87
99181;631;47;0.78;0.78;24.71;87
99195;632;47;0.78;0.78;24.71;87
99210;632;47;0.78;0.78;24.71;87
99219;632;47;0.78;0.78;24.71;87
99229;633;47;0.78;0.78;24.71;87
99239;632;47;0.78;0.78;24.71;87
99252;631;47;0.78;0.78;24.71;87
99261;630;47;0.78;0.78;24.71;87
99271;629;47;0.78;0.78;24.71;87
99281;628;47;0.78;0.78;24.71;87
99293;627;47;0.78;0.78;24.71;87
99311;626;47;0.78;0.78;24.71;87
99319;625;47;0.78;0.78;24.71;87
99333;624;47;0.78;0.78;24.71;87
99341;623;47;0.78;0.78;24.71;87
99350;622;47;0.78;0.78;24.71;87
99362;620;47;0.78;0.78;24.71;87
99372;622;47;0.78;0.78;24.71;87
99380;623;47;0.78;0.78;24.71;87
99395;624;47;0.78;0.78;24.71;87
99411;625;47;0.78;0.78;24.71;87
99421;626;47;0.78;0.78;24.71;87
99431;627;47;0.78;0.78;24.71;87
99440;628;47;0.78;0.78;24.71;87
99449;629;47;0.78;0.78;24.71;87
99462;630;47;0.78;0.78;24.71;87
99471;631;47;0.78;0.78;24.71;87
99481;632;47;0.78;0.78;24.71;87
99497;633;47;0.78;0.78;24.71;87
99511;632;47;0.78;0.78;24.71;87
99520;631;47;0.78;0.78;24.71;87
99532;630;47;0.78;0.78;24.71;87
99540;629;47;0.78;0.78;24.71;87
99551;628;47;0.78;0.78;24.71;87
99561;627;47;0.78;0.78;24.71;87
99572;627;47;0.78;0.78;24.71;87
99580;628;47;0.78;0.78;24.71;87
99595;628;47;0.78;0.78;24.71;87
99611;628;47;0.78;0.78;24.71;87
99620;628;47;0.78;0.78;24.71;87
99631;628;47;0.78;0.78;24.71;87
99640;628;47;0.78;0.78;24.71;87
99651;627;47;0.78;0.78;24.71;87
99660;627;47;0.78;0.78;24.71;87
99672;627;47;0.78;0.78;24.71;87
99680;627;47;0.78;0.78;24.71;87
99696;626;47;0.78;0.78;24.71;87
99710;627;47;0.78;0.78;25.10;87
99720;628;47;0.78;0.78;25.10;87
99731;629;47;0.78;0.78;25.10;87
99740;630;47;0.78;0.78;25.10;87
99751;631;47;0.78;0.78;25.10;87
99761;632;47;0.78;0.78;25.10;87
99770;633;47;0.78;0.78;25.10;87
99780;633;47;0.78;0.78;25.10;87
99796;633;47;0.78;0.78;25.10;87
99810;633;47;0.78;0.78;25.10;87
99823;633;47;0.78;0.78;25.10;87
99832;633;47;0.78;0.78;25.10;87
99840;633;47;0.78;0.78;25.10;87
99852;634;47;0.78;0.78;25.10;87
99859;634;47;0.78;0.78;25.10;87
99872;634;47;0.78;0.78;25.10;87
99881;634;47;0.78;0.78;25.10;87
99902;634;47;0.78;0.78;25.10;87
99911;634;47;0.78;0.78;24.71;87
99920;634;47;0.78;0.78;24.71;87
99931;634;47;0.78;0.78;24.71;87
99940;634;47;0.78;0.78;24.71;87
99950;634;47;0.78;0.78;24.71;87
99961;634;47;0.78;0.78;24.71;87
99974;633;47;0.78;0.78;24.71;87
99994;632;47;0.78;0.78;24.71;87
100010;631;47;0.78;0.78;24.71;87
100020;630;47;0.78;0.78;24.71;87
100030;629;47;0.78;0.78;24.71;87
100040;628;47;0.78;0.78;24.71;87
100050;628;47;0.78;0.78;24.71;87
100062;627;47;0.78;0.78;24.71;87
100072;626;47;0.78;0.78;24.71;87
100081;626;47;0.78;0.78;24.71;87
100097;625;47;0.78;0.78;24.71;87
100111;624;47;0.78;1.56;24.71;87
100121;625;47;0.78;1.56;25.10;87
100129;626;47;0.78;1.56;25.10;87
100141;627;47;0.78;1.56;25.10;87
100150;628;47;0.78;1.56;25.10;87
100162;628;47;0.78;1.56;25.10;87
100172;629;47;0.78;1.56;25.10;87
100182;630;47;0.78;1.56;25.10;87
100197;631;47;0.78;1.56;25.10;87
100211;632;47;0.78;1.56;25.10;87
100223;633;47;0.78;1.56;25.10;87
100231;634;47;0.78;1.56;25.10;87
100241;635;47;0.78;1.56;25.10;87
100251;634;47;0.78;1.56;25.10;87
100260;633;47;0.78;1.56;25.10;87
100271;632;47;0.78;1.56;25.10;87
100282;631;47;0.78;1.56;25.10;87
100296;630;47;0.78;1.56;25.10;87
100309;629;47;0.78;1.56;25.10;87
100320;629;47;0.78;1.56;25.10;87
100332;628;47;0.78;1.56;25.10;87
100342;628;47;0.78;1.56;25.10;87
100350;628;47;0.78;1.56;25.10;87
100361;627;47;1.56;1.56;25.10;87
100370;627;47;1.56;1.56;25.10;87
100382;627;47;1.56;1.56;25.10;87
100396;627;47;1.56;1.56;25.10;87
100411;628;47;1.56;1.56;25.10;87
100421;628;47;1.56;1.56;25.10;87
100432;628;47;1.56;1.56;25.10;87
100442;629;47;1.56;1.56;25.10;87
100450;629;47;1.56;1.56;25.10;87
100466;629;47;1.56;1.56;25.10;87
100480;629;47;1.56;1.56;25.10;87
100496;629;47;1.56;1.56;25.10;87
100511;629;47;1.56;1.56;25.10;87
100521;629;47;1.56;1.56;25.10;87
100530;630;47;1.56;1.56;25.10;87
100540;631;47;1.56;1.56;25.10;87
100550;632;47;1.56;1.56;25.10;87
100561;633;47;1.56;1.56;25.10;87
100572;634;47;1.56;1.56;25.10;87
100582;635;47;1.56;1.56;25.10;87
100596;635;47;1.56;1.56;25.10;87
100610;634;47;1.56;1.56;25.10;87
100621;634;47;1.56;1.56;25.10;87
100633;634;47;1.56;1.56;25.10;87
100642;634;47;1.56;1.56;25.10;87
100651;634;47;1.56;1.56;25.10;87
100662;633;47;1.56;1.56;25.10;87
100672;633;47;1.56;1.56;25.10;87
100681;632;47;1.56;1.56;25.10;87
100697;631;47;1.56;1.56;25.10;87
100711;631;47;1.56;1.56;25.10;87
100720;630;47;1.56;1.56;25.10;87
100731;631;47;1.56;1.56;25.10;87
100740;631;47;1.56;1.56;25.10;87
100752;631;47;1.56;1.56;25.10;87
100762;632;47;1.56;1.56;25.10;87
100771;632;47;1.56;1.56;25.10;87
100781;633;47;1.56;1.56;25.10;87
100795;633;47;1.56;1.56;25.10;87
100812;633;47;1.56;1.56;25.10;87
100821;633;47;1.56;1.56;25.10;87
100831;633;47;1.56;1.56;25.10;87
100842;633;47;1.56;1.56;25.10;87
100850;633;47;1.56;1.56;25.10;87
100862;633;47;1.56;1.56;25.10;87
100872;633;47;1.56;1.56;25.10;87
100880;633;47;1.56;1.56;25.10;87
100903;633;47;1.56;1.56;25.10;87
100911;633;47;1.56;1.56;25.10;87
100922;633;47;1.56;1.56;25.10;87
100931;633;47;1.56;1.56;25.10;87
100942;633;47;1.56;1.56;25.10;87
100952;633;47;1.56;1.56;25.10;87
100961;634;47;1.56;1.56;25.10;87
100971;634;47;1.56;1.56;25.10;87
100981;634;47;1.56;1.56;25.10;87
100996;634;47;1.56;1.56;24.71;87
101013;634;47;1.56;1.56;24.71;87
101021;634;47;1.56;1.56;24.71;87
101031;634;47;1.56;1.56;24.71;87
101042;634;47;1.56;1.56;24.71;87
101050;634;47;1.56;2.34;24.71;87
101061;634;47;1.56;2.34;24.71;87
101072;634;47;1.56;2.34;24.71;87
101081;633;47;1.56;2.34;24.71;87
101092;633;47;1.56;2.34;24.71;87
101111;633;47;1.56;2.34;24.71;87
101122;633;47;1.56;2.34;24.71;87
101133;633;47;1.56;2.34;24.71;87
101141;633;47;1.56;2.34;24.71;87
101151;633;47;1.56;2.34;24.71;87
101161;633;47;1.56;2.34;24.71;87
101171;633;47;1.56;2.34;24.71;87
101180;632;47;1.56;2.34;24.71;87
101194;632;47;1.56;2.34;24.71;87
101213;632;47;1.56;2.34;24.71;87
101221;632;47;1.56;2.34;24.71;87
101232;632;47;1.56;2.34;24.71;87
101242;632;47;1.56;2.34;24.71;87
101250;632;47;1.56;1.56;24.71;87
101262;633;47;1.56;1.56;24.71;87
101271;633;47;1.56;1.56;24.71;87
101283;634;47;1.56;1.56;24.71;87
101295;635;47;1.56;1.56;24.71;87
101312;636;47;1.56;1.56;24.71;87
101322;637;47;1.56;1.56;24.71;87
101331;637;47;1.56;1.56;24.71;87
101341;637;47;1.56;1.56;24.71;87
101353;638;47;1.56;1.56;24.71;87
101362;638;47;1.56;1.56;24.71;87
101373;638;47;1.56;1.56;24.71;87
101382;638;47;1.56;1.56;24.71;87
101393;638;47;1.56;1.56;24.71;87
101411;637;47;1.56;1.56;24.71;87
101421;637;47;1.56;1.56;24.71;87
101431;637;47;1.56;1.56;24.71;87
101443;636;47;1.56;1.56;24.71;87
101452;636;47;1.56;1.56;24.71;87
101461;637;47;1.56;1.56;24.71;87
101472;638;47;1.56;1.56;24.71;87
101480;639;47;1.56;1.56;24.71;87
101493;640;47;1.56;1.56;24.71;87
101513;641;47;1.56;1.56;24.71;87
101522;642;47;1.56;1.56;24.71;87
101531;641;47;1.56;1.56;24.71;87
101543;639;47;1.56;1.56;24.71;87
101552;638;47;1.56;1.56;24.71;87
101561;637;47;1.56;1.56;24.71;87
101572;635;47;1.56;1.56;24.71;87
101581;634;47;1.56;1.56;24.71;87
101597;633;47;1.56;1.56;24.71;87
101611;632;47;1.56;1.56;24.71;87
101622;631;47;1.56;1.56;24.71;87
101632;630;47;1.56;1.56;24.71;87
101640;629;47;1.56;1.56;24.71;87
101652;628;47;1.56;1.56;24.71;87
101662;629;47;1.56;1.56;24.71;87
101673;629;47;1.56;1.56;24.71;87
101682;630;47;1.56;1.56;24.71;87
101694;630;47;1.56;1.56;24.71;87
101710;630;47;1.56;1.56;24.71;87
101722;631;47;1.56;1.56;24.71;87
101731;631;47;1.56;1.56;24.71;87
101740;631;47;1.56;1.56;24.71;87
101753;631;47;1.56;1.56;24.71;87
101762;632;47;1.56;1.56;24.71;87
101772;632;47;0.78;1.56;24.71;87
101781;632;47;0.78;1.56;24.71;87
101793;633;47;0.78;1.56;24.71;87
101803;633;47;0.78;1.56;24.71;87
101812;634;47;0.78;1.56;24.71;87
101823;635;47;0.78;1.56;24.71;87
101841;635;47;0.78;1.56;24.71;87
101851;636;47;0.78;1.56;24.71;87
101862;635;47;0.78;1.56;24.71;87
101871;633;47;0.78;1.56;24.71;87
101880;632;47;0.78;1.56;24.71;87
101902;630;47;0.78;1.56;24.71;87
101913;629;47;0.78;1.56;24.71;87
101921;628;47;0.78;1.56;24.71;87
101931;628;47;0.78;1.56;24.71;87
101939;628;47;0.78;1.56;24.71;87
101951;627;47;0.78;1.56;24.71;87
101962;627;47;0.78;1.56;24.71;87
101972;627;47;0.78;1.56;24.71;87
101979;627;47;0.78;1.56;24.71;87
101994;628;47;0.78;1.56;25.10;87
102011;629;47;0.78;1.56;25.10;87
102020;630;47;0.78;1.56;25.10;87
102028;631;47;0.78;1.56;25.10;87
102038;631;47;0.78;1.56;25.10;87
102052;632;47;0.78;0.78;25.10;87
102060;632;47;0.78;0.78;25.10;87
102070;632;47;0.78;0.78;25.10;87
102083;632;47;0.78;0.78;25.10;87
102094;632;47;0.78;0.78;25.10;87
102112;633;47;0.78;0.78;25.10;87
102121;633;47;0.78;0.78;25.10;87
102131;631;47;0.78;0.78;25.10;87
102140;630;47;0.78;0.78;25.10;87
102150;629;47;0.78;0.78;25.10;87
102161;627;47;0.78;0.78;25.10;87
102170;626;47;0.78;0.78;25.10;87
102182;625;47;0.78;0.78;25.10;87
102196;625;47;0.78;0.78;25.10;87
102213;624;47;0.78;0.78;25.10;87
102219;624;47;0.78;0.78;25.10;87
102229;624;47;0.78;0.78;25.10;87
102242;624;47;0.78;0.78;25.10;87
102251;623;47;0.78;0.78;25.10;87
102260;624;47;0.78;0.78;25.10;87
102272;624;47;0.78;0.78;25.10;87
102279;624;47;0.78;0.78;25.10;87
102294;624;47;0.78;0.78;25.10;87
102310;624;47;0.78;0.78;25.10;87
102322;625;47;0.78;0.78;25.10;87
102331;625;47;0.78;0.78;25.10;87
102339;625;47;0.78;0.78;25.10;87
102350;625;47;0.78;0.78;25.10;87
102359;625;47;0.78;0.78;25.10;87
102369;625;47;0.78;0.78;25.10;87
102379;625;47;0.78;0.78;25.10;87
102394;626;47;0.78;0.78;25.49;87
102409;627;47;0.78;0.78;25.49;87
102421;628;47;0.78;0.78;25.49;87
102431;629;47;0.78;0.78;25.49;87
102439;631;47;0.78;0.78;25.49;87
102450;632;47;0.78;0.78;25.49;87
102461;631;47;0.78;0.78;25.49;87
102470;631;47;0.78;0.78;25.49;87
102482;631;47;0.78;0.78;25.49;87
102494;631;47;0.78;0.78;25.49;87
102511;631;47;0.78;0.78;25.49;87
102520;631;47;0.78;0.78;25.49;87
102531;630;47;0.78;0.78;25.49;87
102539;629;47;0.78;0.78;25.49;87
102549;628;47;0.78;0.78;25.49;87
102561;627;47;0.78;0.78;25.49;87
102572;626;47;0.78;0.78;25.49;87
102581;626;47;0.78;0.78;25.49;87
102594;626;47;0.78;0.78;25.49;87
102609;627;47;0.78;0.78;25.49;87
102623;627;47;0.78;0.78;25.49;87
102630;628;47;0.78;0.78;25.49;87
102639;628;47;0.78;0.78;25.49;87
102650;629;47;0.78;0.78;25.49;87
102662;630;47;0.78;0.78;25.49;87
102669;631;47;0.78;0.78;25.49;87
102681;631;47;0.78;0.78;25.49;87
102694;632;47;0.78;0.78;25.49;87
102709;633;47;0.78;0.78;25.49;87
102721;634;47;0.78;0.78;25.49;87
102729;633;47;0.78;0.78;25.10;87
102741;631;47;0.78;0.78;25.10;87
102751;630;47;0.78;0.78;25.10;87
102759;628;47;0.78;0.78;25.10;87
102771;626;47;0.78;0.78;25.10;87
102783;625;47;0.78;0.78;25.10;87
102799;625;47;0.78;0.78;25.49;87
102811;625;47;0.78;0.78;25.49;87
102821;625;47;0.78;0.78;25.49;87
102830;625;47;0.78;0.78;25.49;87
102840;626;47;0.78;0.78;25.49;87
102851;626;47;0.78;0.78;25.49;87
102861;626;47;0.78;0.78;25.49;87
102870;625;47;0.78;0.78;25.49;87
102882;625;47;0.78;0.78;25.49;87
102903;625;47;0.78;0.78;25.49;87
102910;625;47;0.78;0.78;25.49;87
102919;625;47;0.78;0.78;25.49;87
102929;626;47;0.78;0.78;25.49;87
102942;626;47;0.78;0.78;25.49;87
102951;627;47;0.78;0.78;25.49;87
102961;628;47;0.78;0.78;25.49;87
102969;629;47;1.56;0.78;25.49;87
102980;629;47;1.56;1.56;25.49;87
102994;630;47;1.56;1.56;25.49;87
103010;631;47;1.56;1.56;25.49;87
103021;632;47;1.56;1.56;25.49;87
103030;633;47;1.56;1.56;25.49;87
103040;634;47;1.56;1.56;25.49;87
103051;635;47;1.56;1.56;25.49;87
103060;634;47;1.56;1.56;25.49;87
103069;633;47;1.56;1.56;25.49;87
103081;632;47;1.56;1.56;25.49;87
103093;631;47;1.56;1.56;25.49;87
103110;630;47;1.56;1.56;25.49;87
103121;629;47;1.56;1.56;25.49;87
103131;629;47;1.56;1.56;25.10;87
103139;628;47;1.56;1.56;25.10;87
103151;627;47;1.56;1.56;25.10;87
103160;627;47;1.56;1.56;25.10;87
103169;626;47;1.56;1.56;25.10;87
103181;625;47;1.56;1.56;25.10;87
103193;625;47;1.56;1.56;25.10;87
103199;625;47;1.56;1.56;25.10;87
103210;624;47;1.56;1.56;25.10;87
103221;624;47;1.56;1.56;25.10;87
103231;623;47;1.56;1.56;25.10;87
103240;623;47;1.56;1.56;25.10;87
103249;624;47;1.56;1.56;25.10;87
103263;625;47;1.56;1.56;25.10;87
103281;626;47;1.56;1.56;25.10;87
103296;627;47;1.56;1.56;25.10;87
103310;628;47;1.56;1.56;25.10;87
103320;629;47;1.56;1.56;25.10;87
103329;629;47;1.56;1.56;25.49;87
103341;630;47;1.56;1.56;25.49;87
103350;631;47;1.56;1.56;25.49;87
103360;631;47;1.56;1.56;25.49;87
103371;632;47;1.56;1.56;25.49;87
103380;632;47;1.56;1.56;25.49;87
103396;633;47;1.56;1.56;25.49;87
103411;633;47;1.56;1.56;25.49;87
103420;634;47;1.56;1.56;25.49;87
103429;634;47;1.56;1.56;25.49;87
103441;634;47;1.56;1.56;25.49;87
103450;635;47;1.56;1.56;25.49;87
103460;634;47;1.56;1.56;25.49;87
103470;633;47;1.56;1.56;25.49;87
103483;632;47;1.56;1.56;25.49;87
103495;631;47;1.56;1.56;25.49;87
103510;631;47;1.56;1.56;25.49;87
103519;630;47;1.56;1.56;25.49;87
103532;629;47;1.56;1.56;25.10;87
103540;628;47;1.56;1.56;25.10;87
103552;628;47;1.56;1.56;25.10;87
103561;627;47;1.56;1.56;25.10;87
103569;627;47;1.56;1.56;25.10;87
103580;626;47;1.56;1.56;25.10;87
103594;626;47;1.56;1.56;25.10;87
103612;627;47;1.56;1.56;25.10;87
103620;627;47;1.56;1.56;25.10;87
103632;627;47;1.56;1.56;25.10;87
103641;628;47;1.56;1.56;25.10;87
103650;628;47;1.56;1.56;25.10;87
103660;629;47;1.56;1.56;25.10;87
103669;629;47;1.56;1.56;25.10;87
103680;629;47;1.56;1.56;25.10;87
103694;630;47;1.56;1.56;25.10;87
103710;630;47;1.56;1.56;25.10;87
103720;631;47;1.56;1.56;25.10;87
103733;631;47;1.56;1.56;25.10;87
103741;631;47;1.56;1.56;25.10;87
103751;632;47;1.56;1.56;25.10;87
103760;632;47;1.56;1.56;25.10;87
103771;633;47;2.34;1.56;25.10;87
103780;633;47;2.34;1.56;25.10;87
103794;633;47;2.34;1.56;25.10;87
103809;633;47;2.34;1.56;25.10;87
103822;633;47;2.34;1.56;25.10;87
103830;634;47;2.34;1.56;25.10;87
103842;634;47;2.34;1.56;25.10;87
103850;634;47;2.34;1.56;25.10;87
103861;633;47;2.34;1.56;25.10;87
103871;633;47;2.34;1.56;25.10;87
103882;632;47;2.34;1.56;25.10;87
103904;631;47;2.34;1.56;25.10;87
103922;631;47;2.34;1.56;25.10;87
103930;630;47;2.34;1.56;25.10;87
103941;630;47;2.34;1.56;25.10;87
103951;631;47;2.34;1.56;25.10;87
103960;632;47;2.34;1.56;25.10;87
103971;632;47;2.34;1.56;25.10;87
103980;633;47;2.34;1.56;25.10;87
103996;633;47;2.34;1.56;25.10;87
104011;633;47;2.34;1.56;25.10;87
104019;632;47;2.34;1.56;25.10;87
104031;632;47;2.34;1.56;25.10;87
104040;631;47;2.34;1.56;25.10;87
104049;631;47;1.56;1.56;25.10;87
104060;631;47;1.56;2.34;25.10;87
104070;630;47;1.56;2.34;25.10;87
104079;630;47;1.56;2.34;25.10;87
104093;630;47;1.56;2.34;25.10;87
104111;630;47;1.56;2.34;25.10;87
104120;629;47;1.56;2.34;25.10;87
104130;629;47;1.56;2.34;25.10;87
104141;630;47;1.56;2.34;25.10;87
104151;630;47;1.56;2.34;25.10;87
104161;631;47;1.56;2.34;25.10;87
104169;631;47;1.56;2.34;25.10;87
104180;631;47;1.56;2.34;25.10;87
104196;632;47;1.56;2.34;25.10;87
104212;632;47;1.56;2.34;24.71;87
104221;632;47;1.56;2.34;24.71;87
104229;631;47;1.56;2.34;24.71;87
104240;631;47;1.56;2.34;24.71;87
104251;631;47;1.56;2.34;24.71;87
104259;631;47;1.56;1.56;24.71;87
104271;631;47;1.56;1.56;25.10;87
104279;630;47;1.56;1.56;25.10;87
104296;630;47;1.56;1.56;25.10;87
104311;630;47;1.56;1.56;25.10;87
104320;630;47;1.56;1.56;25.10;87
104331;629;47;1.56;1.56;25.10;87
104342;630;47;1.56;1.56;25.10;87
104350;630;47;1.56;1.56;25.10;87
104362;630;47;1.56;1.56;25.10;87
104371;631;47;1.56;1.56;25.10;87
104382;631;47;1.56;1.56;25.10;87
104396;631;47;1.56;1.56;25.10;87
104411;631;47;1.56;1.56;25.10;87
104420;631;47;1.56;1.56;25.10;87
104429;631;47;1.56;1.56;25.10;87
104440;631;47;1.56;1.56;25.10;87
104450;631;47;1.56;1.56;25.10;87
104459;631;47;1.56;1.56;25.10;87
104470;631;47;1.56;1.56;25.10;87
104481;632;47;1.56;1.56;25.10;87
104495;632;47;1.56;1.56;25.10;87
104512;633;47;1.56;1.56;25.10;87
104520;633;47;1.56;1.56;25.10;87
104532;634;47;1.56;1.56;25.10;87
104540;633;47;1.56;1.56;25.10;87
104550;632;47;1.56;1.56;25.10;87
104561;632;47;1.56;1.56;25.10;87
104570;631;47;1.56;1.56;25.10;87
104579;630;47;1.56;1.56;25.10;87
104597;629;47;1.56;1.56;25.10;87
104611;629;47;1.56;1.56;24.71;87
104619;630;47;1.56;1.56;24.71;87
104629;630;47;1.56;1.56;24.71;87
104640;630;47;1.56;1.56;24.71;87
104651;630;47;1.56;1.56;24.71;87
104660;630;47;1.56;1.56;24.71;87
104670;630;47;1.56;1.56;24.71;87
104680;631;47;1.56;1.56;24.71;87
104696;631;47;1.56;1.56;24.71;87
104711;632;47;1.56;1.56;24.71;87
104720;632;47;1.56;1.56;24.71;87
104730;633;47;1.56;1.56;24.71;87
104741;633;47;1.56;1.56;24.71;87
104750;632;47;1.56;1.56;24.71;87
104761;632;47;1.56;1.56;24.71;87
104770;632;47;1.56;1.56;24.71;87
104782;632;47;0.78;1.56;24.71;87
104794;631;47;0.78;0.78;24.71;87
104812;631;47;0.78;0.78;24.71;87
104820;631;47;0.78;0.78;24.71;87
104830;631;47;0.78;0.78;24.71;87
104841;631;47;0.78;0.78;24.71;87
104851;631;47;0.78;0.78;24.71;87
104861;631;47;0.78;0.78;24.71;87
104872;632;47;0.78;0.78;24.71;87
104881;633;47;0.78;0.78;24.71;87
104902;633;47;0.78;0.78;24.71;87
104910;634;47;0.78;0.78;24.71;87
104920;635;47;0.78;0.78;24.71;87
104931;635;47;0.78;0.78;24.71;87
104941;634;47;0.78;0.78;24.71;87
104952;632;47;0.78;0.78;24.71;87
104961;631;47;0.78;0.78;24.71;87
104970;629;47;0.78;0.78;24.71;87
104982;628;47;0.78;0.78;24.71;87
104996;626;47;0.78;0.78;24.71;87
105011;626;47;0.78;0.78;24.71;87
105022;626;47;0.78;0.78;24.71;87
105030;626;47;0.78;0.78;24.71;87
105041;626;47;0.78;0.78;24.71;87
105051;626;47;0.78;0.78;24.71;87
105062;625;47;0.78;0.78;24.71;87
105070;626;47;0.78;0.78;25.10;87
105082;626;47;0.78;0.78;25.10;87
105095;627;47;0.78;0.78;25.10;87
105111;627;47;0.78;0.78;25.10;87
105121;628;47;0.78;0.78;25.10;87
105130;628;47;0.78;0.78;25.10;87
105140;629;47;0.78;0.78;25.10;87
105152;629;47;0.78;0.78;25.10;87
105161;630;47;0.78;0.78;25.10;87
105172;630;47;0.78;0.78;25.10;87
105182;631;47;0.78;0.78;25.10;87
105195;631;47;0.78;1.56;25.10;87
105210;630;47;0.78;1.56;25.10;87
105223;630;47;0.78;1.56;25.10;87
105230;629;47;0.78;1.56;25.10;87
105241;628;47;0.78;1.56;25.10;87
105250;628;47;0.78;1.56;25.10;87
105261;627;47;0.78;1.56;25.10;87
105270;628;47;0.78;1.56;25.10;87
105282;628;47;0.78;1.56;25.10;87
105296;629;47;0.78;1.56;25.10;87
105311;629;47;0.78;1.56;25.10;87
105321;630;47;0.78;1.56;25.10;87
105332;631;47;0.78;1.56;25.10;87
105341;630;47;0.78;1.56;25.10;87
105350;630;47;0.78;1.56;25.10;87
105362;629;47;0.78;1.56;25.10;87
105371;629;47;0.78;1.56;25.10;87
105380;629;47;0.78;1.56;25.10;87
105396;628;47;0.78;1.56;25.10;87
105411;628;47;0.78;1.56;25.10;87
105421;627;47;0.78;1.56;25.10;87
105432;627;47;0.78;1.56;25.10;87
105440;626;47;0.78;1.56;25.10;87
105452;626;47;0.78;1.56;25.10;87
105463;626;47;0.78;1.56;25.10;87
105471;626;47;0.78;1.56;25.10;87
105481;627;47;0.78;1.56;25.10;87
105495;628;47;0.78;1.56;25.10;87
105511;628;47;0.78;1.56;25.10;87
105522;629;47;0.78;1.56;25.10;87
105531;629;47;0.78;0.78;25.10;87
105540;630;47;0.78;0.78;25.10;87
105552;630;47;0.78;0.78;25.10;87
105563;630;47;0.78;0.78;25.10;87
105572;630;47;0.78;0.78;25.10;87
105581;630;47;0.78;0.78;25.10;87
105592;630;47;0.78;0.78;25.10;87
105600;630;47;0.78;0.78;25.10;87
105612;629;47;0.78;0.78;25.10;87
105620;629;47;0.78;0.78;25.10;87
105631;628;47;0.78;0.78;25.10;87
105642;628;47;0.78;0.78;25.10;87
105654;628;47;0.78;0.78;25.10;87
105673;628;47;0.78;0.78;25.10;87
105683;628;47;0.78;0.78;25.10;87
105695;629;47;0.78;0.78;25.10;87
105710;629;47;0.78;0.78;25.10;87
105722;630;47;0.78;0.78;25.10;87
105732;630;47;0.78;0.78;25.10;87
105740;629;47;0.78;0.78;25.10;87
105751;629;47;0.78;0.78;25.10;87
105763;628;47;0.78;0.78;25.10;87
105772;628;47;0.78;0.78;25.10;87
105781;627;47;0.78;0.78;25.10;87
105795;627;47;0.78;0.78;25.10;87
105812;627;47;0.78;0.78;25.10;87
105820;627;47;0.78;0.78;25.10;87
105832;627;47;0.78;0.78;25.10;87
105841;628;47;0.78;0.78;25.10;87
105853;628;47;0.78;0.78;25.10;87
105861;628;47;0.78;0.78;25.10;87
105871;628;47;0.78;0.78;25.10;87
105881;627;47;0.78;0.78;25.10;87
105902;627;47;0.78;0.78;25.10;87
105913;627;47;0.78;0.78;25.10;87
105921;626;47;0.78;0.78;25.10;87
105932;626;47;0.78;0.78;25.10;87
105942;627;47;0.78;0.78;25.10;87
105951;628;47;0.78;0.78;25.10;87
105961;629;47;0.78;0.78;25.10;87
105971;630;47;0.78;0.78;25.10;87
105981;631;47;1.56;0.78;25.10;87
105994;632;47;1.56;0.78;25.10;87
106011;632;47;1.56;0.78;25.10;87
106020;633;47;1.56;0.78;25.10;87
106031;634;47;1.56;0.78;25.10;87
106042;634;47;1.56;0.78;25.10;87
106051;635;47;1.56;0.78;25.10;87
106061;635;47;1.56;0.78;25.10;87
106073;634;47;1.56;0.78;25.10;87
106081;633;47;1.56;0.78;25.10;87
106096;632;47;1.56;0.78;25.10;87
106110;631;47;1.56;0.78;25.10;87
106121;630;47;1.56;0.78;25.10;87
106131;629;47;1.56;1.56;25.10;87
106143;628;47;1.56;1.56;25.10;87
106152;628;47;1.56;1.56;25.10;87
106162;627;47;1.56;1.56;25.10;87
106173;626;47;1.56;1.56;25.10;87
106182;626;47;1.56;1.56;25.10;87
106193;625;47;1.56;1.56;25.10;87
106202;625;47;1.56;1.56;25.10;87
106211;625;47;1.56;1.56;25.10;87
106222;625;47;1.56;1.56;25.10;87
106230;625;47;1.56;1.56;25.10;87
106242;625;47;1.56;1.56;25.10;87
106253;625;47;1.56;1.56;25.10;87
106271;626;47;1.56;1.56;25.10;87
106283;626;47;1.56;1.56;25.10;87
106302;627;47;1.56;1.56;25.10;87
106313;628;47;1.56;1.56;25.10;87
106322;629;47;1.56;1.56;25.10;87
106333;630;47;1.56;1.56;25.10;87
106344;628;47;1.56;1.56;25.10;87
106363;627;47;1.56;1.56;25.10;87
106372;626;47;1.56;1.56;25.10;87
106381;624;47;1.56;1.56;25.10;87
106396;623;47;2.34;1.56;25.10;87
106408;621;47;2.34;1.56;25.10;87
106425;622;47;2.34;1.56;25.10;87
106441;622;47;2.34;1.56;25.10;87
106453;622;47;2.34;1.56;25.10;87
106472;622;47;2.34;1.56;25.10;87
106482;623;47;2.34;1.56;25.10;87
106494;623;47;2.34;1.56;25.10;87
106509;623;47;2.34;1.56;25.10;87
106521;623;47;2.34;1.56;25.10;87
106532;623;47;2.34;1.56;25.10;87
106542;623;47;2.34;1.56;25.10;87
106551;623;47;2.34;1.56;25.10;87
106561;623;47;2.34;1.56;25.10;87
106571;623;47;2.34;1.56;25.10;87
106583;623;47;2.34;1.56;25.10;87
106594;624;47;2.34;1.56;25.10;87
106601;624;47;2.34;1.56;25.10;87
106612;625;47;1.56;1.56;25.10;87
106618;625;47;1.56;1.56;25.10;87
106632;625;47;1.56;1.56;25.49;87
106638;625;47;1.56;1.56;25.49;87
106649;625;47;1.56;1.56;25.49;87
106662;625;47;1.56;1.56;25.49;87
106671;625;47;1.56;1.56;25.49;87
106679;625;47;1.56;1.56;25.49;87
106695;625;47;1.56;1.56;25.49;87
106712;625;47;1.56;1.56;25.49;87
106718;625;47;1.56;1.56;25.49;87
106731;625;47;1.56;1.56;25.49;87
106742;626;47;1.56;1.56;25.49;87
106752;626;47;1.56;1.56;25.49;87
106761;627;47;1.56;1.56;25.49;87
106774;628;47;1.56;1.56;25.49;87
106794;629;47;1.56;1.56;25.49;87
106810;631;47;1.56;1.56;25.49;87
106822;632;47;1.56;1.56;25.49;87
106830;633;47;1.56;1.56;25.49;87
106839;633;47;1.56;1.56;25.49;87
106853;633;47;1.56;1.56;25.49;87
106859;633;47;1.56;1.56;25.49;87
106872;633;47;1.56;1.56;25.49;87
106880;633;47;1.56;1.56;25.49;87
106902;633;47;1.56;1.56;25.49;87
106910;632;47;1.56;1.56;25.10;87
106921;631;47;1.56;1.56;25.10;87
106932;631;47;1.56;1.56;25.10;87
106939;630;47;1.56;1.56;25.10;87
106951;629;47;2.34;1.56;25.10;87
106961;628;47;2.34;1.56;25.10;87
106970;628;47;2.34;1.56;25.10;87
106983;628;47;2.34;1.56;25.10;87
106994;628;47;2.34;1.56;25.10;87
107011;627;47;2.34;1.56;25.10;87
107019;627;47;2.34;1.56;25.10;87
107030;627;47;2.34;1.56;25.10;87
107042;627;47;2.34;1.56;25.10;87
107051;626;47;2.34;1.56;25.10;87
107061;626;47;2.34;1.56;25.10;87
107069;626;47;2.34;1.56;25.10;87
107081;626;47;2.34;1.56;25.10;87
107094;625;47;2.34;1.56;25.10;87
107110;626;47;2.34;1.56;25.10;87
107123;626;47;2.34;1.56;25.10;87
107131;626;47;2.34;1.56;25.10;87
107143;626;47;2.34;1.56;25.10;87
107149;626;47;2.34;1.56;25.10;87
107160;626;47;2.34;1.56;25.10;87
107173;627;47;2.34;1.56;25.10;87
107179;628;47;2.34;1.56;25.10;87
107195;630;47;2.34;1.56;25.10;87
107210;631;47;2.34;1.56;25.10;87
107219;632;47;2.34;1.56;25.10;87
107230;633;47;2.34;1.56;25.10;87
107240;633;47;2.34;1.56;25.10;87
107254;634;47;2.34;1.56;25.10;87
107270;634;47;2.34;1.56;25.10;87
107283;634;47;2.34;1.56;25.10;87
107295;635;47;2.34;1.56;25.10;87
107311;635;47;2.34;1.56;25.10;87
107320;634;47;2.34;1.56;25.10;87
107333;633;47;2.34;1.56;25.10;87
107351;632;47;2.34;1.56;25.10;87
107364;631;47;2.34;1.56;25.10;87
107379;630;47;2.34;1.56;25.10;87
107394;629;47;2.34;1.56;25.10;87
107410;628;47;2.34;1.56;25.10;87
107419;627;47;2.34;1.56;25.10;87
107430;626;47;2.34;1.56;25.10;87
107440;625;47;2.34;1.56;25.10;87
107449;624;47;2.34;1.56;25.10;87
107460;623;47;2.34;1.56;25.10;87
107470;624;47;2.34;1.56;25.10;87
107479;624;47;2.34;1.56;25.10;87
107495;625;47;2.34;1.56;25.10;87
107510;625;47;2.34;1.56;25.10;87
107521;626;47;2.34;1.56;25.10;87
107529;626;47;2.34;1.56;25.10;87
107541;627;47;2.34;1.56;25.10;87
107550;629;47;2.34;1.56;25.10;87
107560;630;47;2.34;1.56;25.10;87
107569;631;47;2.34;1.56;25.10;87
107580;632;47;1.56;1.56;25.10;87
107594;633;47;1.56;1.56;25.10;87
107611;634;47;1.56;1.56;24.71;87
107620;635;47;1.56;1.56;24.71;87
107629;636;47;1.56;1.56;24.71;87
107640;636;47;1.56;1.56;24.71;87
107652;637;47;1.56;1.56;24.71;87
107660;638;47;1.56;1.56;24.71;87
107671;636;47;1.56;1.56;24.71;87
107680;634;47;1.56;1.56;24.71;87
107694;632;47;1.56;1.56;24.71;87
107710;630;47;1.56;1.56;24.71;87
107719;629;47;1.56;1.56;24.71;87
107730;627;47;1.56;1.56;24.71;87
107740;627;47;1.56;1.56;24.71;87
107752;626;47;1.56;1.56;24.71;87
107760;626;47;1.56;1.56;24.71;87
107770;626;47;1.56;1.56;24.71;87
107779;626;47;1.56;1.56;24.71;87
107793;626;47;1.56;1.56;24.71;87
107810;627;47;1.56;1.56;24.71;87
107821;628;47;1.56;1.56;24.71;87
107830;629;47;1.56;1.56;24.71;87
107839;629;47;1.56;1.56;24.71;87
107851;630;47;1.56;1.56;24.71;87
107862;631;47;1.56;1.56;24.71;87
107871;630;47;1.56;1.56;24.71;87
107881;630;47;1.56;1.56;24.71;87
107902;629;47;1.56;1.56;24.71;87
107911;628;47;1.56;1.56;24.71;87
107920;628;47;1.56;1.56;24.71;87
107930;627;47;1.56;1.56;24.71;87
107941;628;47;1.56;1.56;24.71;87
107950;628;47;1.56;1.56;24.71;87
107960;629;47;1.56;1.56;24.71;87
107971;629;47;1.56;1.56;24.71;87
107979;629;47;0.78;1.56;24.71;87
107994;630;47;0.78;1.56;24.71;87
108010;630;47;0.78;1.56;24.71;87
108021;630;47;0.78;1.56;24.71;87
108029;630;47;0.78;1.56;24.71;87
108040;630;47;0.78;1.56;24.71;87
108050;630;47;0.78;1.56;24.71;87
108062;630;47;0.78;0.78;24.71;87
108070;629;47;0.78;0.78;24.71;87
108081;628;47;0.78;0.78;24.71;87
108095;627;47;0.78;0.78;24.71;87
108111;626;47;0.78;0.78;24.71;87
108120;625;47;0.78;0.78;24.71;87
108130;624;47;0.78;0.78;24.71;87
108140;625;47;0.78;0.78;24.71;87
108151;626;47;0.78;0.78;24.71;87
108161;627;47;0.78;0.78;24.71;87
108169;628;47;0.78;0.78;24.71;87
108181;628;47;0.78;0.78;24.71;87
108195;629;47;0.78;0.78;24.71;87
108212;630;47;0.78;0.78;24.71;87
108221;630;47;0.78;0.78;24.71;87
108229;630;47;0.78;0.78;24.71;87
108241;631;47;0.78;0.78;24.71;87
108251;631;47;0.78;0.78;24.71;87
108261;631;47;0.78;0.78;24.71;87
108270;631;47;0.78;0.78;24.71;87
108281;631;47;0.78;0.78;24.71;87
108296;630;47;0.78;0.78;24.71;87
108311;630;47;0.78;0.78;24.71;87
108320;630;47;0.78;0.78;24.71;87
108332;629;47;0.78;0.78;24.71;87
108341;628;47;0.78;0.78;24.71;87
108350;628;47;0.78;0.78;24.71;87
108361;627;47;0.78;0.78;24.71;87
108371;626;47;0.78;0.78;24.71;87
108381;625;47;1.56;0.78;24.71;87
108395;624;47;1.56;0.78;24.71;87
108410;624;47;1.56;0.78;24.71;87
108421;624;47;1.56;0.78;24.71;87
108430;625;47;1.56;0.78;24.71;87
108439;625;47;1.56;0.78;24.71;87
108449;625;47;0.78;0.78;24.71;87
108460;626;47;0.78;0.78;24.71;87
108470;626;47;0.78;0.78;24.71;87
108479;626;47;0.78;0.78;24.71;87
108494;627;47;0.78;0.78;24.71;87
108512;627;47;0.78;0.78;24.71;87
108521;628;47;0.78;0.78;24.71;87
108533;628;47;0.78;0.78;24.71;87
108541;628;47;0.78;0.78;24.71;87
108550;629;47;0.78;0.78;24.71;87
108562;629;47;0.78;0.78;24.71;87
108570;629;47;0.78;0.78;24.71;87
108580;630;47;0.78;0.78;24.71;87
108594;630;47;0.78;0.78;24.71;87
108610;629;47;0.78;0.78;24.71;87
108620;627;47;0.78;0.78;24.71;87
108633;626;47;0.78;0.78;24.71;87
108651;624;47;0.78;0.78;24.71;87
108660;622;47;0.78;0.78;24.71;87
108671;621;47;0.78;0.78;24.71;87
108680;622;47;0.78;0.78;25.10;87
108694;623;47;0.78;0.78;25.10;87
108712;624;47;0.78;0.78;25.10;87
108720;625;47;0.78;0.78;25.10;87
108733;626;47;0.78;0.78;25.10;87
108741;627;47;0.78;0.78;25.10;87
108750;627;47;0.78;0.78;25.10;87
108761;627;47;0.78;0.78;25.10;87
108770;627;47;0.78;0.78;25.10;87
108780;628;47;0.78;0.78;25.10;87
108795;628;47;0.78;0.78;25.10;87
108810;628;47;0.78;0.78;25.10;87
108822;628;47;0.78;0.78;25.10;87
108833;628;47;0.78;0.78;25.10;87
108841;628;47;0.78;0.78;25.10;87
108850;628;47;0.78;0.78;25.10;87
108861;628;47;0.78;0.78;25.10;87
108871;628;47;0.78;0.78;25.10;87
108880;628;47;0.78;0.78;25.10;87
108902;627;47;0.78;0.78;25.10;87
108910;627;47;0.78;0.78;25.10;87
108921;627;47;0.78;0.78;25.10;87
108930;627;47;0.78;0.78;25.10;87
108941;627;47;0.78;0.78;25.10;87
108950;627;47;0.78;0.78;25.10;87
108961;627;47;0.78;0.78;25.10;87
108970;626;47;0.78;0.78;25.10;87
108982;626;47;0.78;0.78;25.10;87
108993;626;47;0.78;0.78;25.10;87
109012;626;47;0.78;0.78;25.10;87
109020;626;47;0.78;0.78;25.10;87
109032;625;47;0.78;0.78;25.10;87
109041;624;47;0.78;0.78;25.10;87
109051;624;47;0.78;0.78;25.10;87
109059;623;47;0.78;0.78;25.10;87
109070;622;47;0.78;0.78;25.10;87
109081;624;47;0.78;0.78;25.10;87
109095;626;47;0.78;0.78;25.10;87
109111;627;47;0.78;0.78;25.10;87
109120;629;47;0.78;0.78;25.10;87
109131;631;47;1.56;0.78;25.10;87
109141;632;47;1.56;1.56;25.10;87
109150;630;47;1.56;1.56;25.10;87
109162;628;47;1.56;1.56;25.10;87
109171;626;47;1.56;1.56;25.10;87
109180;624;47;1.56;1.56;25.10;87
109195;622;47;1.56;1.56;25.10;87
109211;620;47;1.56;1.56;25.10;87
109220;619;47;1.56;1.56;25.10;87
109232;618;47;1.56;1.56;25.10;87
109242;618;47;1.56;1.56;25.10;87
109251;617;47;1.56;1.56;25.10;87
109262;616;47;1.56;1.56;25.10;87
109271;615;47;1.56;1.56;25.10;87
109282;616;47;1.56;1.56;25.10;87
109296;618;47;1.56;1.56;25.10;87
109311;619;47;1.56;1.56;25.10;87
109321;620;47;1.56;1.56;25.10;87
109333;622;47;1.56;1.56;25.10;87
109341;623;47;1.56;1.56;25.10;87
109352;625;47;1.56;1.56;25.10;87
109360;626;47;1.56;1.56;25.10;87
109371;628;47;1.56;1.56;25.10;87
109380;629;47;1.56;1.56;25.10;87
109395;630;47;1.56;1.56;25.10;87
109411;632;47;1.56;1.56;25.10;87
109423;632;47;1.56;1.56;25.10;87
109431;632;47;1.56;1.56;25.10;87
109442;632;47;1.56;1.56;25.10;87
109450;632;47;1.56;1.56;25.10;87
109462;632;47;1.56;1.56;25.10;87
109470;632;47;1.56;1.56;25.10;87
109481;632;47;1.56;1.56;25.10;87
109495;631;47;1.56;1.56;25.10;87
109511;631;47;1.56;1.56;25.10;87
109521;631;47;1.56;1.56;25.10;87
109530;630;47;1.56;1.56;25.10;87
109540;630;47;1.56;1.56;25.10;87
109551;629;47;1.56;1.56;25.10;87
109560;628;47;1.56;1.56;25.10;87
109570;627;47;1.56;1.56;25.10;87
109583;626;47;1.56;1.56;25.10;87
109600;625;47;1.56;1.56;25.10;87
109611;624;47;1.56;1.56;25.10;87
109621;624;47;1.56;1.56;24.71;87
109630;624;47;1.56;1.56;24.71;87
109640;625;47;1.56;1.56;24.71;87
109650;625;47;1.56;1.56;24.71;87
109662;625;47;1.56;1.56;24.71;87
109670;625;47;1.56;1.56;24.71;87
109683;627;47;1.56;1.56;24.71;87
109700;628;47;1.56;1.56;24.71;87
109711;630;47;1.56;1.56;24.71;87
109721;632;47;1.56;1.56;24.71;87
109731;634;47;1.56;1.56;24.71;87
109741;636;47;1.56;1.56;24.71;87
109751;636;47;1.56;1.56;24.71;87
109762;637;47;1.56;1.56;24.71;87
109770;638;47;1.56;1.56;24.71;87
109781;638;47;1.56;1.56;24.71;87
109794;639;47;1.56;1.56;24.71;87
109811;639;47;1.56;1.56;24.71;87
109821;638;47;1.56;1.56;24.71;87
109830;638;47;1.56;1.56;24.71;87
109842;637;47;1.56;1.56;24.71;87
109851;636;47;1.56;1.56;24.71;87
109860;635;47;1.56;1.56;24.71;87
109872;634;47;1.56;1.56;24.71;87
109882;633;47;1.56;1.56;24.31;87
109900;632;47;1.56;1.56;24.31;87
109911;631;47;1.56;1.56;24.31;87
109920;630;47;1.56;1.56;24.31;87
109932;629;47;1.56;1.56;24.31;87
109942;628;47;1.56;1.56;24.31;87
109951;628;47;1.56;1.56;24.31;87
109961;627;47;1.56;1.56;24.31;87
109972;627;47;1.56;1.56;24.31;87
109981;626;47;1.56;1.56;24.31;87
109994;626;47;2.34;1.56;24.31;87
110010;626;47;2.34;2.34;24.31;87
110021;626;47;2.34;2.34;24.31;87
110030;627;47;2.34;2.34;24.31;87
110041;627;47;2.34;2.34;24.31;87
110050;628;47;2.34;2.34;24.31;87
110061;628;47;2.34;2.34;24.31;87
110070;629;47;2.34;2.34;24.31;87
110081;629;47;2.34;2.34;24.71;87
110094;629;47;2.34;2.34;24.71;87
110111;629;47;2.34;2.34;24.71;87
110120;629;47;2.34;2.34;24.71;87
110133;630;47;2.34;2.34;24.71;87
110142;630;47;2.34;2.34;24.71;87
110150;630;47;2.34;2.34;24.71;87
110163;629;47;2.34;2.34;24.71;87
110180;629;47;2.34;2.34;24.71;87
110194;629;47;2.34;2.34;24.71;87
110211;629;47;2.34;2.34;24.71;87
110221;629;47;2.34;2.34;24.71;87
110230;630;47;2.34;2.34;24.71;87
110242;630;47;2.34;2.34;24.71;87
110250;631;47;2.34;2.34;24.71;87
110261;632;47;2.34;2.34;24.71;87
110271;633;47;2.34;2.34;24.71;87
110279;634;47;2.34;1.56;24.71;87
110295;634;47;2.34;1.56;24.71;87
110311;634;47;2.34;1.56;24.71;87
110321;633;47;2.34;1.56;24.71;87
110331;633;47;2.34;1.56;24.71;87
110340;633;47;2.34;1.56;24.71;87
110353;632;47;2.34;1.56;24.71;87
110370;631;47;2.34;1.56;24.71;87
110379;630;47;2.34;1.56;24.71;87
110393;628;47;2.34;1.56;24.71;87
110410;627;47;2.34;1.56;24.71;87
110420;626;47;2.34;1.56;24.71;87
110431;624;47;2.34;1.56;24.71;87
110439;625;47;2.34;1.56;24.71;87
110451;626;47;2.34;1.56;24.71;87
110460;627;47;2.34;1.56;24.71;87
110470;628;47;2.34;1.56;24.71;87
110482;629;47;1.56;1.56;24.71;87
110493;630;47;1.56;1.56;24.71;87
110510;630;47;1.56;1.56;24.71;87
110520;630;47;1.56;1.56;24.71;87
110529;631;47;1.56;1.56;24.71;87
110538;631;47;1.56;1.56;24.71;87
110549;631;47;1.56;1.56;24.71;87
110562;631;47;1.56;1.56;24.71;87
110570;631;47;1.56;1.56;24.71;87
110580;630;47;1.56;1.56;24.71;87
110593;630;47;1.56;1.56;24.71;87
110610;630;47;1.56;1.56;24.71;87
110621;629;47;1.56;1.56;24.71;87
110628;629;47;1.56;1.56;24.71;87
110641;629;47;1.56;1.56;24.71;87
110649;630;47;1.56;1.56;24.71;87
110661;630;47;1.56;1.56;24.71;87
110671;630;47;1.56;1.56;24.71;87
110679;631;47;1.56;1.56;24.71;87
110694;631;47;1.56;1.56;24.71;87
110710;631;47;1.56;1.56;24.71;87
110719;630;47;1.56;1.56;24.71;87
110728;629;47;1.56;1.56;24.71;87
110738;629;47;1.56;1.56;24.71;87
110750;628;47;1.56;1.56;24.71;87
110759;628;47;1.56;1.56;24.71;87
110770;628;47;1.56;1.56;24.71;87
110780;628;47;1.56;1.56;24.71;87
110795;628;47;1.56;1.56;24.71;87
110811;628;47;1.56;1.56;24.71;87
110819;628;47;1.56;1.56;24.71;87
110830;629;47;1.56;0.78;24.71;87
110840;628;47;1.56;0.78;24.71;87
110848;628;47;1.56;0.78;24.71;87
110862;628;47;1.56;0.78;24.71;87
110870;627;47;1.56;0.78;24.71;87
110878;627;47;1.56;0.78;24.71;87
110900;626;47;1.56;0.78;24.71;87
110908;626;47;1.56;0.78;24.71;87
110921;626;47;1.56;0.78;24.71;87
110930;626;47;1.56;0.78;24.71;87
110939;626;47;1.56;0.78;24.71;87
110949;626;47;1.56;0.78;24.71;87
110959;626;47;1.56;0.78;24.71;87
110970;626;47;1.56;0.78;24.71;87
110979;626;47;1.56;0.78;24.71;87
110994;626;47;1.56;0.78;24.71;87
111009;626;47;1.56;0.78;24.71;87
111021;626;47;1.56;0.78;24.71;87
111032;627;47;1.56;1.56;24.71;87
111041;626;47;1.56;1.56;24.71;87
111050;626;47;1.56;1.56;24.71;87
111060;626;47;1.56;1.56;24.71;87
111070;626;47;1.56;1.56;24.71;87
111078;626;47;1.56;1.56;24.71;87
111095;626;47;1.56;1.56;24.71;87
111110;625;47;1.56;1.56;24.71;87
111120;624;47;1.56;1.56;24.71;87
111131;623;47;1.56;1.56;24.71;87
111140;622;47;1.56;1.56;24.71;87
111149;621;47;1.56;1.56;24.71;87
111159;620;47;1.56;1.56;24.71;87
111170;621;47;1.56;1.56;25.10;87
111182;622;47;1.56;1.56;25.10;87
111194;623;47;1.56;1.56;25.10;87
111209;624;47;1.56;1.56;25.10;87
111220;625;47;1.56;1.56;25.10;87
111231;626;47;1.56;1.56;25.10;87
111241;626;47;1.56;1.56;25.10;87
111251;627;47;1.56;1.56;25.10;87
111260;627;47;1.56;1.56;25.10;87
111270;628;47;1.56;1.56;25.10;87
111279;628;47;1.56;1.56;25.10;87
111294;629;47;1.56;1.56;25.10;87
111311;628;47;1.56;1.56;25.10;87
111320;628;47;1.56;1.56;25.10;87
111331;627;47;1.56;1.56;25.10;87
111341;626;47;1.56;1.56;25.10;87
111349;626;47;1.56;1.56;25.10;87
111360;625;47;1.56;0.78;25.10;87
111370;626;47;1.56;0.78;25.10;87
111379;626;47;1.56;0.78;25.10;87
111394;626;47;1.56;0.78;25.10;87
111409;626;47;1.56;0.78;25.10;87
111420;626;47;1.56;0.78;25.10;87
111430;626;47;1.56;0.78;25.10;87
111439;626;47;1.56;0.78;25.10;87
111451;626;47;1.56;0.78;25.10;87
111460;625;47;1.56;0.78;25.10;87
111470;625;47;1.56;0.78;25.10;87
111481;625;47;1.56;0.78;25.10;87
111494;624;47;1.56;0.78;25.10;87
111510;625;47;1.56;0.78;24.71;87
111519;625;47;1.56;0.78;24.71;87
111531;625;47;1.56;0.78;24.71;87
111540;626;47;1.56;0.78;24.71;87
111550;626;47;1.56;0.78;24.71;87
111560;626;47;1.56;0.78;24.71;87
111571;626;47;1.56;0.78;24.71;87
111579;625;47;1.56;0.78;24.71;87
111592;625;47;1.56;0.78;24.71;87
111599;624;47;1.56;0.78;24.71;87
111611;624;47;1.56;0.78;24.71;87
111620;623;47;1.56;0.78;24.71;87
111632;623;47;1.56;0.78;24.71;87
111640;622;47;1.56;0.78;24.71;87
111650;622;47;1.56;0.78;24.71;87
111661;621;47;1.56;0.78;24.71;87
111669;621;47;1.56;0.78;24.71;87
111679;620;47;1.56;0.78;24.71;87
111694;621;47;1.56;0.78;25.10;87
111710;621;47;1.56;0.78;25.10;87
111719;621;47;1.56;0.78;25.10;87
111730;621;47;1.56;0.78;25.10;87
111740;621;47;1.56;0.78;25.10;87
111749;622;47;1.56;0.78;25.10;87
111760;623;47;1.56;0.78;25.10;87
111770;625;47;1.56;0.78;25.10;87
111779;627;47;1.56;0.78;25.10;87
111795;629;47;1.56;0.78;25.10;87
111811;630;47;1.56;0.78;25.10;87
111822;632;47;1.56;1.56;25.10;87
111829;632;47;1.56;1.56;25.10;87
111841;631;47;1.56;1.56;25.10;87
111849;630;47;1.56;1.56;25.10;87
111860;630;47;1.56;1.56;25.10;87
111871;629;47;1.56;1.56;25.10;87
111880;628;47;1.56;1.56;25.10;87
111895;625;47;1.56;1.56;25.10;87
111910;622;47;1.56;1.56;25.10;87
111921;619;47;1.56;1.56;25.10;87
111930;616;47;1.56;1.56;25.10;87
111939;613;47;1.56;1.56;25.10;87
111950;610;47;1.56;1.56;25.10;87
111961;611;47;1.56;1.56;25.10;87
111970;612;47;1.56;1.56;25.10;87
111982;613;47;1.56;1.56;25.10;87
111993;614;47;1.56;1.56;25.10;87
111999;616;47;1.56;1.56;25.10;87
112010;617;47;1.56;1.56;25.10;87
112019;618;47;1.56;1.56;25.10;87
112032;619;47;1.56;1.56;25.10;87
112040;621;47;1.56;1.56;25.10;87
112049;622;47;1.56;1.56;25.10;87
112061;623;47;1.56;1.56;25.10;87
112071;625;47;1.56;1.56;25.10;87
112081;625;47;1.56;1.56;25.10;87
112094;626;47;1.56;1.56;25.10;87
112111;626;47;1.56;1.56;25.10;87
112119;627;47;1.56;1.56;25.10;87
112129;627;47;1.56;1.56;25.10;87
112139;628;47;1.56;1.56;25.10;87
112151;628;47;1.56;1.56;25.10;87
112159;628;47;1.56;1.56;25.10;87
112170;629;47;1.56;1.56;25.10;87
112180;629;47;1.56;1.56;25.10;87
112194;630;47;1.56;1.56;25.10;87
112210;630;47;1.56;1.56;25.10;87
112220;629;47;1.56;1.56;25.10;87
112231;627;47;1.56;1.56;25.10;87
112241;626;47;1.56;1.56;25.10;87
112250;624;47;1.56;1.56;25.10;87
112261;623;47;1.56;1.56;25.10;87
112271;622;47;1.56;1.56;25.10;87
112279;621;47;1.56;1.56;25.10;87
112293;620;47;1.56;1.56;25.10;87
112302;619;47;1.56;1.56;25.10;87
112311;618;47;1.56;1.56;25.10;87
112319;617;47;1.56;1.56;25.10;87
112331;616;47;1.56;1.56;25.10;87
112340;618;47;1.56;1.56;25.10;87
112353;620;47;1.56;1.56;25.10;87
112371;622;47;1.56;1.56;25.10;87
112379;624;47;1.56;1.56;25.10;87
112394;627;47;1.56;1.56;25.10;87
112409;629;47;1.56;1.56;25.10;87
112420;630;47;1.56;1.56;25.10;87
112432;632;47;1.56;1.56;25.10;87
112441;633;47;1.56;1.56;25.10;87
112450;635;47;1.56;1.56;25.10;87
112461;636;47;1.56;1.56;25.10;87
112470;638;47;1.56;1.56;25.10;87
112480;636;47;1.56;1.56;25.10;87
112496;635;47;1.56;1.56;25.10;87
112511;634;47;1.56;1.56;25.10;87
112521;633;47;1.56;1.56;25.10;87
112530;631;47;1.56;1.56;25.10;87
112541;630;47;1.56;1.56;25.10;87
112550;629;47;1.56;1.56;25.10;87
112561;629;47;1.56;1.56;25.10;87
112570;628;47;1.56;1.56;25.10;87
112582;627;47;1.56;1.56;25.10;87
112593;626;47;1.56;1.56;25.10;87
112609;625;47;1.56;2.34;25.10;87
112621;626;47;1.56;2.34;24.71;87
112632;626;47;1.56;2.34;24.71;87
112640;626;47;1.56;2.34;24.71;87
112651;626;47;1.56;2.34;24.71;87
112661;626;47;1.56;2.34;24.71;87
112670;626;47;1.56;2.34;24.71;87
112679;626;47;1.56;2.34;24.71;87
112695;626;47;1.56;2.34;24.71;87
112709;626;47;1.56;2.34;24.71;87
112721;626;47;1.56;2.34;24.71;87
112730;627;47;2.34;2.34;24.71;87
112740;627;47;2.34;2.34;24.71;87
112750;626;47;2.34;2.34;24.71;87
112759;625;47;2.34;2.34;24.71;87
112771;624;47;2.34;2.34;24.71;87
112780;624;47;2.34;2.34;24.71;87
112794;623;47;2.34;2.34;24.71;87
112810;622;47;2.34;2.34;24.71;87
112820;623;47;2.34;2.34;24.71;87
112832;623;47;2.34;2.34;24.71;87
112840;623;47;2.34;2.34;24.71;87
112851;624;47;2.34;2.34;24.71;87
112859;624;47;2.34;2.34;24.71;87
112870;624;47;2.34;2.34;24.71;87
112881;625;47;2.34;2.34;24.71;87
112894;626;47;2.34;2.34;24.71;87
112911;627;47;2.34;2.34;24.71;87
112921;628;47;2.34;2.34;24.71;87
112930;629;47;2.34;2.34;24.71;87
112941;630;47;2.34;2.34;24.71;87
112950;631;47;2.34;2.34;24.71;87
112959;632;47;2.34;2.34;24.71;87
112970;632;47;2.34;2.34;24.71;87
112980;633;47;2.34;2.34;24.71;87
112994;634;47;2.34;2.34;24.71;87
113011;635;47;2.34;2.34;24.71;87
113020;634;47;2.34;2.34;24.71;87
113031;634;47;2.34;2.34;24.71;87
113039;634;47;2.34;2.34;24.71;87
113052;633;47;2.34;2.34;24.71;87
113060;633;47;2.34;2.34;24.71;87
113072;633;47;2.34;2.34;24.71;87
113080;633;47;2.34;2.34;24.71;87
113095;632;47;2.34;2.34;24.71;87
113112;632;47;2.34;2.34;24.71;87
113121;632;47;2.34;2.34;24.71;87
113131;631;47;1.56;2.34;24.71;87
113141;631;47;1.56;2.34;24.71;87
113153;631;47;1.56;2.34;24.71;87
113161;630;47;1.56;2.34;24.71;87
113171;629;47;1.56;2.34;24.71;87
113180;629;47;1.56;2.34;24.71;87
113195;628;47;1.56;2.34;24.71;87
113211;627;47;1.56;2.34;24.71;87
113220;628;47;1.56;2.34;24.31;87
113231;629;47;1.56;2.34;24.31;87
113240;630;47;1.56;2.34;24.31;87
113251;631;47;1.56;2.34;24.31;87
113262;632;47;1.56;2.34;24.31;87
113270;633;47;1.56;2.34;24.31;87
113282;633;47;1.56;2.34;24.31;87
113295;632;47;1.56;2.34;24.31;87
113311;631;47;1.56;2.34;24.31;87
113322;630;47;1.56;2.34;24.31;87
113331;629;47;1.56;2.34;24.31;87
113341;629;47;1.56;2.34;24.31;87
113352;628;47;1.56;2.34;24.31;87
113361;627;47;1.56;2.34;24.31;87
113370;627;47;1.56;2.34;24.31;87
113382;626;47;1.56;2.34;24.31;87
113394;626;47;1.56;2.34;24.31;87
113411;625;47;1.56;2.34;24.31;87
113420;625;47;1.56;2.34;24.31;87
113430;625;47;1.56;2.34;24.31;87
113441;624;47;1.56;2.34;24.31;87
113451;624;47;1.56;2.34;24.31;87
113460;624;47;1.56;2.34;24.31;87
113471;624;47;1.56;2.34;24.31;87
113480;625;47;1.56;2.34;24.71;87
113494;626;47;1.56;2.34;24.71;87
113515;628;47;1.56;2.34;24.71;87
113530;629;47;1.56;2.34;24.71;87
113542;630;47;1.56;2.34;24.71;87
113551;632;47;1.56;1.56;24.71;87
113560;632;47;1.56;1.56;24.71;87
113572;632;47;1.56;1.56;24.71;87
113580;633;47;1.56;1.56;24.71;87
113595;633;47;1.56;1.56;24.71;87
113610;634;47;1.56;1.56;24.71;87
113621;634;47;1.56;1.56;24.71;87
113631;633;47;1.56;1.56;24.31;87
113642;631;47;1.56;1.56;24.31;87
113651;629;47;1.56;1.56;24.31;87
113661;628;47;1.56;1.56;24.31;87
113672;626;47;1.56;1.56;24.31;87
113681;625;47;1.56;1.56;24.31;87
113693;625;47;1.56;1.56;24.31;87
113710;626;47;1.56;1.56;24.31;87
113721;626;47;1.56;1.56;24.31;87
113730;627;47;1.56;1.56;24.31;87
113741;627;47;1.56;1.56;24.31;87
113750;628;47;1.56;1.56;24.31;87
113763;628;47;1.56;1.56;24.31;87
113772;628;47;1.56;1.56;24.31;87
113781;628;47;1.56;1.56;24.31;87
113794;628;47;1.56;1.56;24.31;87
113812;628;47;1.56;1.56;24.31;87
113822;628;47;1.56;1.56;24.31;87
113832;628;47;1.56;1.56;24.71;87
113840;628;47;1.56;1.56;24.71;87
113850;628;47;1.56;1.56;24.71;87
113861;628;47;1.56;1.56;24.71;87
113872;628;47;0.78;1.56;24.71;87
113879;628;47;0.78;0.78;24.71;87
113901;626;47;0.78;0.78;24.71;87
113912;625;47;0.78;0.78;24.71;87
113922;623;47;0.78;0.78;24.71;87
113931;622;47;0.78;0.78;24.71;87
113940;620;47;0.78;0.78;24.71;87
113950;618;47;0.78;0.78;24.71;87
113962;618;47;0.78;0.78;24.71;87
113973;618;47;0.78;0.78;24.71;87
113980;617;47;0.78;0.78;24.71;87
113992;617;47;0.78;0.78;24.71;87
114001;617;47;0.78;0.78;24.71;87
114011;616;47;0.78;0.78;24.71;87
114020;617;47;0.78;0.78;24.71;87
114031;617;47;0.78;0.78;24.71;87
114042;618;47;0.78;0.78;24.71;87
114052;618;47;0.78;0.78;24.71;87
114062;619;47;0.78;0.78;24.71;87
114071;619;47;0.78;0.78;24.71;87
114080;621;47;0.78;0.78;24.71;87
114094;624;47;0.78;0.78;24.71;87
114112;626;47;0.78;0.78;24.71;87
114123;628;47;0.78;0.78;24.71;87
114131;630;47;0.78;0.78;24.71;87
114140;632;47;0.78;0.78;24.71;87
114153;632;47;0.78;0.78;24.71;87
114171;632;47;0.78;0.78;24.71;87
114182;632;47;0.78;0.78;24.71;87
114194;631;47;0.78;0.78;24.71;87
114210;631;47;1.56;0.78;24.71;87
114220;631;47;1.56;0.78;24.71;87
114230;630;47;1.56;0.78;24.71;87
114240;629;47;1.56;0.78;24.71;87
114252;628;47;1.56;0.78;24.71;87
114262;627;47;1.56;0.78;24.71;87
114270;627;47;1.56;0.78;24.71;87
114282;626;47;1.56;0.78;24.71;87
114293;626;47;1.56;0.78;24.71;87
114312;626;47;1.56;0.78;24.71;87
114321;627;47;1.56;0.78;24.71;87
114331;627;47;1.56;0.78;24.71;87
114340;627;47;1.56;0.78;24.71;87
114352;628;47;1.56;1.56;24.71;87
114361;628;47;1.56;1.56;24.71;87
114371;628;47;1.56;1.56;24.71;87
114383;627;47;1.56;1.56;24.71;87
114393;627;47;1.56;1.56;24.71;87
114409;627;47;1.56;1.56;24.71;87
114421;627;47;1.56;1.56;24.71;87
114430;627;47;1.56;1.56;24.71;87
114441;626;47;1.56;1.56;24.71;87
114450;626;47;1.56;1.56;24.71;87
114462;626;47;1.56;1.56;24.71;87
114472;625;47;1.56;1.56;24.71;87
114480;625;47;1.56;1.56;24.71;87
114494;624;47;1.56;1.56;24.71;87
114510;624;47;1.56;1.56;24.71;87
114521;623;47;1.56;1.56;24.71;87
114531;623;47;1.56;1.56;24.71;87
114540;623;47;1.56;1.56;24.71;87
114552;622;47;1.56;1.56;24.71;87
114560;622;47;1.56;1.56;24.71;87
114570;621;47;1.56;1.56;24.71;87
114581;620;47;1.56;1.56;24.71;87
114594;620;47;1.56;1.56;24.71;87
114609;619;47;1.56;1.56;24.71;87
114620;619;47;1.56;1.56;24.71;87
114631;620;47;1.56;1.56;24.71;87
114640;621;47;1.56;1.56;24.71;87
114652;622;47;1.56;1.56;24.71;87
114661;623;47;1.56;1.56;24.71;87
114669;625;47;1.56;1.56;24.71;87
114681;626;47;1.56;1.56;24.71;87
114693;627;47;1.56;1.56;24.71;87
114711;627;47;1.56;1.56;24.71;87
114720;628;47;1.56;1.56;24.71;87
114729;629;47;1.56;1.56;24.71;87
114741;630;47;1.56;1.56;24.71;87
114749;630;47;1.56;1.56;24.71;87
114761;629;47;1.56;1.56;24.71;87
114769;627;47;1.56;1.56;24.71;87
114780;625;47;1.56;1.56;24.71;87
114795;623;47;1.56;1.56;24.71;87
114810;621;47;1.56;1.56;24.71;87
114821;619;47;1.56;1.56;24.71;87
114829;620;47;1.56;1.56;24.71;87
114840;620;47;1.56;1.56;24.71;87
114849;620;47;1.56;1.56;24.71;87
114860;621;47;1.56;1.56;24.71;87
114871;621;47;1.56;1.56;24.71;87
114881;621;47;1.56;1.56;24.71;87
114894;623;47;1.56;1.56;25.10;87
114909;624;47;1.56;1.56;25.10;87
114921;625;47;1.56;1.56;25.10;87
114928;627;47;1.56;1.56;25.10;87
114941;628;47;1.56;1.56;25.10;87
114953;629;47;1.56;1.56;25.10;87
114970;630;47;1.56;1.56;24.71;87
114982;630;47;1.56;1.56;24.71;87
114993;631;47;1.56;1.56;24.71;87
115010;631;47;1.56;1.56;24.71;87
115019;631;47;1.56;1.56;24.71;87
115032;632;47;1.56;1.56;24.71;87
115039;630;47;1.56;1.56;24.71;87
115050;628;47;1.56;1.56;24.71;87
115062;626;47;1.56;1.56;24.71;87
115069;624;47;1.56;1.56;24.71;87
115080;623;47;2.34;1.56;24.71;87
115094;621;47;2.34;1.56;24.71;87
115111;621;47;2.34;1.56;24.71;87
115118;621;47;2.34;1.56;24.71;87
115130;621;47;2.34;1.56;24.71;87
115143;621;47;2.34;1.56;24.71;87
115160;621;47;2.34;1.56;24.71;87
115168;621;47;2.34;1.56;24.71;87
115180;622;47;2.34;1.56;24.71;87
115193;623;47;2.34;1.56;24.71;87
115208;624;47;2.34;1.56;24.71;87
115219;624;47;2.34;1.56;24.71;87
115228;625;47;2.34;1.56;24.71;87
115242;626;47;2.34;1.56;24.71;87
115250;626;47;2.34;1.56;24.71;87
115258;627;47;2.34;1.56;24.71;87
115272;627;47;2.34;1.56;24.71;87
115280;628;47;2.34;1.56;24.71;87
115294;628;47;2.34;1.56;24.71;87
115308;628;47;2.34;1.56;24.71;87
115321;628;47;2.34;1.56;24.71;87
115328;628;47;2.34;1.56;24.71;87
115340;627;47;2.34;1.56;24.71;87
115351;627;47;2.34;1.56;24.71;87
115358;627;47;2.34;1.56;24.71;87
115369;626;47;2.34;1.56;24.71;87
115382;626;47;2.34;1.56;24.71;87
115393;626;47;2.34;1.56;24.71;87
115410;625;47;2.34;1.56;24.71;87
115418;625;47;2.34;1.56;24.71;87
115431;625;47;2.34;1.56;24.71;87
115441;624;47;2.34;1.56;24.71;87
115450;624;47;2.34;1.56;24.71;87
115462;625;47;2.34;1.56;24.71;87
115468;625;47;2.34;1.56;24.71;87
115480;625;47;2.34;1.56;24.71;87
115493;625;47;2.34;1.56;24.71;87
115511;625;47;2.34;2.34;24.71;87
115521;625;47;2.34;2.34;24.71;87
115530;626;47;2.34;2.34;24.71;87
115542;626;47;2.34;2.34;24.71;87
115550;627;47;2.34;2.34;24.71;87
115561;627;47;2.34;2.34;24.71;87
115570;628;47;2.34;2.34;24.71;87
115580;629;47;2.34;2.34;24.71;87
115595;631;47;2.34;2.34;24.71;87
115610;632;47;2.34;2.34;24.71;87
115623;634;47;2.34;2.34;24.71;87
115629;635;47;2.34;2.34;24.71;87
115640;637;47;2.34;1.56;24.71;87
115652;636;47;2.34;1.56;24.71;87
115660;635;47;2.34;1.56;24.71;87
115672;635;47;2.34;1.56;24.71;87
115682;634;47;2.34;1.56;24.71;87
115695;634;47;2.34;1.56;24.71;87
115709;633;47;2.34;1.56;24.71;87
115718;631;47;2.34;1.56;24.71;87
115732;630;47;2.34;1.56;24.71;87
115741;628;47;2.34;1.56;24.71;87
115750;627;47;2.34;1.56;24.71;87
115759;625;47;2.34;1.56;24.71;87
115771;623;47;2.34;1.56;24.71;87
115780;624;47;2.34;1.56;24.71;87
115794;625;47;2.34;1.56;24.71;87
115809;625;47;2.34;1.56;24.71;87
115820;626;47;2.34;1.56;24.71;87
115830;626;47;2.34;1.56;24.71;87
115841;627;47;2.34;1.56;24.71;87
115851;627;47;2.34;1.56;24.71;87
115860;628;47;2.34;1.56;24.71;87
115870;628;47;2.34;1.56;24.71;87
115880;629;47;2.34;1.56;24.71;87
115895;629;47;2.34;1.56;24.71;87
115909;630;47;2.34;1.56;24.71;87
115920;629;47;2.34;1.56;24.71;87
115929;628;47;2.34;1.56;24.71;87
115939;628;47;2.34;1.56;24.71;87
115951;627;47;2.34;1.56;24.71;87
115960;626;47;2.34;1.56;24.71;87
115969;625;47;2.34;1.56;24.71;87
115980;626;47;2.34;1.56;24.71;87
115995;627;47;2.34;1.56;24.71;87
116009;628;47;2.34;1.56;24.71;87
116019;629;47;2.34;1.56;24.71;87
116030;630;47;2.34;1.56;24.71;87
116039;630;47;2.34;1.56;24.71;87
116049;630;47;2.34;1.56;24.71;87
116061;629;47;2.34;1.56;24.71;87
116070;629;47;2.34;1.56;24.71;87
116079;629;47;2.34;1.56;24.71;87
116094;628;47;2.34;1.56;24.71;87
116109;628;47;2.34;1.56;24.71;87
116120;628;47;2.34;1.56;24.31;87
116130;628;47;2.34;1.56;24.31;87
116140;628;47;2.34;1.56;24.31;87
116149;628;47;2.34;1.56;24.31;87
116161;628;47;2.34;1.56;24.31;87
116170;628;47;2.34;1.56;24.31;87
116180;628;47;2.34;1.56;24.31;87
116196;629;47;2.34;1.56;24.31;87
116211;630;47;2.34;1.56;24.31;87
116219;631;47;2.34;1.56;24.31;87
116231;632;47;2.34;1.56;24.31;87
116240;633;47;2.34;1.56;24.31;87
116250;632;47;2.34;1.56;24.31;87
116259;631;47;2.34;1.56;24.31;87
116271;630;47;2.34;1.56;24.31;87
116280;629;47;2.34;1.56;24.31;87
116295;628;47;2.34;1.56;24.31;87
116310;627;47;2.34;1.56;24.31;87
116320;627;47;2.34;1.56;24.31;87
116329;627;47;2.34;1.56;24.31;87
116340;627;47;2.34;1.56;24.31;87
116352;627;47;2.34;1.56;24.31;87
116361;627;47;2.34;1.56;24.31;87
116370;627;47;2.34;1.56;24.31;87
116382;627;47;2.34;1.56;24.31;87
116393;628;47;2.34;1.56;24.31;87
116410;628;47;2.34;1.56;24.31;87
116420;629;47;2.34;1.56;24.31;87
116429;629;47;1.56;1.56;24.31;87
116441;630;47;1.56;1.56;24.31;87
116450;629;47;1.56;1.56;24.31;87
116459;628;47;1.56;1.56;24.31;87
116471;628;47;1.56;1.56;24.31;87
116480;627;47;1.56;1.56;24.31;87
116495;627;47;1.56;1.56;24.31;87
116509;626;47;1.56;1.56;24.31;87
116521;626;47;1.56;1.56;24.31;87
116530;626;47;1.56;1.56;24.31;87
116540;627;47;1.56;1.56;24.31;87
116552;627;47;1.56;1.56;24.31;87
116561;627;47;1.56;1.56;24.31;87
116571;627;47;1.56;1.56;24.31;87
116582;627;47;1.56;1.56;24.31;87
116593;627;47;1.56;1.56;24.31;87
116600;627;47;1.56;1.56;24.31;87
116610;627;47;1.56;1.56;24.31;87
116619;627;47;1.56;1.56;24.31;87
116629;627;47;1.56;1.56;24.31;87
116640;627;47;1.56;1.56;24.31;87
116651;627;47;1.56;1.56;24.31;87
116659;626;47;1.56;1.56;24.31;87
116669;626;47;1.56;1.56;24.31;87
116681;626;47;1.56;1.56;24.31;87
116694;625;47;1.56;1.56;24.31;87
116710;626;47;1.56;1.56;24.31;87
116721;626;47;1.56;1.56;24.31;87
116731;626;47;1.56;1.56;24.31;87
116740;627;47;1.56;1.56;24.31;87
116754;627;47;1.56;1.56;24.31;87
116770;627;47;1.56;1.56;24.31;87
116780;627;47;1.56;1.56;24.31;87
116794;627;47;1.56;1.56;24.31;87
116810;628;47;1.56;1.56;24.31;87
116820;628;47;1.56;1.56;24.31;87
116831;628;47;1.56;1.56;24.31;87
116841;628;47;1.56;1.56;24.31;87
116850;628;47;1.56;1.56;24.31;87
116860;628;47;1.56;1.56;24.31;87
116871;628;47;1.56;1.56;24.31;87
116881;628;47;1.56;1.56;24.31;87
116902;628;47;1.56;1.56;24.31;87
116911;628;47;1.56;1.56;24.31;87
116920;628;47;1.56;1.56;24.31;87
116930;628;47;1.56;1.56;24.31;87
116941;627;47;1.56;1.56;24.31;87
116949;627;47;1.56;1.56;24.31;87
116959;627;47;1.56;1.56;24.31;87
116970;627;47;1.56;0.78;24.31;87
116980;626;47;1.56;0.78;24.31;87
116996;626;47;1.56;0.78;24.31;87
117010;626;47;1.56;0.78;24.31;87
117021;625;47;1.56;0.78;24.31;87
117029;625;47;0.78;0.78;24.31;87
117039;625;47;0.78;0.78;24.31;87
117050;624;47;0.78;0.78;24.31;87
117062;622;47;0.78;0.78;24.31;87
117070;621;47;0.78;0.78;24.31;87
117082;620;47;0.78;0.78;24.31;87
117093;619;47;0.78;0.78;24.31;87
117111;617;47;0.78;0.78;24.31;87
117119;618;47;0.78;0.78;24.71;87
117130;619;47;0.78;0.78;24.71;87
117142;619;47;0.78;0.78;24.71;87
117151;620;47;0.78;0.78;24.71;87
117161;621;47;0.78;0.78;24.71;87
117170;621;47;0.78;0.78;24.71;87
117182;622;47;0.78;0.78;24.71;87
117195;623;47;0.78;0.78;24.71;87
117210;624;47;0.78;0.78;24.71;87
117220;625;47;0.78;0.78;24.71;87
117230;626;47;0.78;0.78;24.71;87
117241;627;47;0.78;1.56;24.71;87
117252;627;47;0.78;1.56;24.71;87
117260;626;47;0.78;1.56;24.71;87
117271;626;47;0.78;1.56;24.71;87
117280;626;47;0.78;1.56;24.71;87
117294;626;47;0.78;1.56;24.71;87
117312;626;47;0.78;1.56;24.71;87
117321;626;47;0.78;1.56;24.71;87
117330;626;47;0.78;1.56;24.71;87
117341;627;47;0.78;1.56;24.71;87
117352;627;47;0.78;1.56;24.71;87
117361;627;47;0.78;1.56;24.71;87
117370;628;47;0.78;1.56;24.71;87
117381;627;47;0.78;1.56;24.71;87
117395;627;47;0.78;1.56;24.71;87
117411;627;47;0.78;1.56;24.71;87
117420;626;47;0.78;1.56;24.71;87
117431;626;47;0.78;1.56;24.71;87
117441;626;47;0.78;1.56;24.71;87
117449;625;47;0.78;1.56;24.71;87
117461;625;47;0.78;1.56;24.71;87
117472;625;47;0.78;1.56;24.71;87
117479;625;47;0.78;1.56;24.71;87
117494;625;47;1.56;1.56;24.71;87
117511;624;47;1.56;1.56;24.71;87
117521;624;47;1.56;1.56;24.71;87
117530;623;47;1.56;1.56;24.71;87
117541;623;47;1.56;1.56;24.71;87
117550;622;47;1.56;1.56;24.71;87
117561;622;47;1.56;1.56;24.71;87
117569;621;47;1.56;1.56;24.71;87
117581;621;47;1.56;1.56;24.71;87
117594;621;47;1.56;1.56;24.71;87
117610;620;47;1.56;1.56;24.71;87
117619;620;47;1.56;1.56;24.71;87
117630;620;47;0.78;1.56;24.71;87
117643;619;47;0.78;1.56;24.71;87
117660;620;47;0.78;1.56;24.71;87
117669;621;47;0.78;1.56;24.71;87
117680;622;47;0.78;1.56;24.71;87
117693;623;47;0.78;1.56;24.71;87
117712;623;47;0.78;1.56;24.71;87
117720;624;47;0.78;1.56;24.71;87
117730;625;47;0.78;1.56;24.71;87
117741;625;47;0.78;1.56;24.71;87
117752;626;47;0.78;1.56;24.71;87
117761;626;47;0.78;1.56;24.71;87
117771;627;47;0.78;1.56;24.71;87
117781;628;47;0.78;1.56;24.71;87
117794;627;47;0.78;1.56;24.71;87
117811;627;47;0.78;1.56;24.71;87
117821;627;47;0.78;1.56;24.71;87
117833;626;47;0.78;1.56;24.71;87
117841;626;47;0.78;1.56;24.71;87
117850;626;47;0.78;1.56;24.71;87
117862;625;47;0.78;1.56;24.71;87
117871;625;47;0.78;1.56;24.71;87
117881;625;47;0.78;1.56;24.71;87
117895;624;47;0.78;1.56;24.71;87
117911;624;47;1.56;1.56;24.71;87
117921;623;47;1.56;1.56;24.71;87
117931;622;47;1.56;1.56;25.10;87
117942;621;47;1.56;1.56;25.10;87
117951;620;47;1.56;1.56;25.10;87
117961;619;47;1.56;1.56;25.10;87
117971;618;47;1.56;1.56;25.10;87
117981;617;47;1.56;1.56;25.10;87
117994;618;47;1.56;1.56;25.10;87
118011;619;47;1.56;1.56;25.10;87
118021;620;47;1.56;1.56;25.10;87
118030;621;47;1.56;1.56;25.10;87
118041;622;47;1.56;1.56;25.10;87
118050;622;47;1.56;1.56;25.10;87
118061;623;47;1.56;1.56;25.10;87
118070;624;47;1.56;1.56;25.10;87
118079;625;47;1.56;1.56;25.10;87
118095;626;47;1.56;1.56;25.10;87
118111;627;47;1.56;1.56;25.10;87
118120;627;47;1.56;1.56;25.10;87
118132;628;47;1.56;1.56;25.10;87
118141;628;47;1.56;1.56;25.10;87
118151;629;47;1.56;1.56;25.10;87
118160;629;47;1.56;1.56;25.10;87
118171;629;47;1.56;1.56;25.10;87
118182;630;47;1.56;2.34;25.10;87
118194;630;47;1.56;2.34;24.71;87
118211;629;47;1.56;2.34;24.71;87
118221;629;47;1.56;2.34;24.71;87
118232;629;47;1.56;2.34;24.71;87
118241;629;47;2.34;2.34;24.71;87
118253;629;47;2.34;2.34;24.71;87
118262;628;47;2.34;2.34;24.71;87
118270;627;47;2.34;2.34;24.71;87
118280;626;47;2.34;2.34;24.71;87
118295;625;47;2.34;2.34;24.71;87
118310;624;47;2.34;2.34;24.71;87
118322;623;47;2.34;2.34;24.71;87
118331;624;47;2.34;2.34;24.71;87
118340;624;47;2.34;2.34;24.71;87
118351;624;47;2.34;2.34;24.71;87
118362;624;47;2.34;2.34;24.71;87
118371;624;47;2.34;2.34;24.71;87
118381;624;47;2.34;2.34;24.71;87
118397;625;47;2.34;2.34;24.71;87
118411;626;47;2.34;2.34;24.71;87
118422;626;47;2.34;2.34;24.71;87
118432;627;47;2.34;2.34;24.71;87
118440;628;47;2.34;2.34;24.71;87
118451;628;47;2.34;2.34;24.71;87
118460;629;47;2.34;2.34;24.71;87
118472;630;47;2.34;2.34;24.71;87
118481;631;47;2.34;2.34;24.71;87
118493;631;47;2.34;2.34;24.71;87
118511;632;47;2.34;2.34;24.71;87
118521;633;47;2.34;2.34;24.71;87
118531;632;47;2.34;2.34;24.71;87
118540;631;47;2.34;2.34;24.71;87
118551;631;47;2.34;2.34;24.71;87
118560;630;47;2.34;2.34;24.71;87
118571;629;47;2.34;2.34;24.71;87
118580;629;47;2.34;2.34;24.71;87
118592;628;47;2.34;2.34;24.31;87
118600;628;47;2.34;2.34;24.31;87
118612;628;47;2.34;2.34;24.31;87
118620;628;47;2.34;2.34;24.31;87
118632;627;47;2.34;2.34;24.31;87
118641;627;47;2.34;2.34;24.31;87
118653;627;47;2.34;2.34;24.31;87
118671;627;47;2.34;2.34;24.31;87
118680;627;47;2.34;2.34;24.31;87
118695;626;47;2.34;2.34;24.31;87
118713;626;47;2.34;2.34;24.31;87
118722;626;47;2.34;2.34;24.31;87
118730;625;47;2.34;2.34;24.31;87
118740;625;47;2.34;2.34;24.31;87
118750;624;47;2.34;2.34;24.31;87
118761;623;47;2.34;2.34;24.31;87
118771;622;47;2.34;2.34;24.31;87
118781;622;47;2.34;2.34;24.31;87
118794;622;47;2.34;2.34;24.71;87
118812;622;47;2.34;2.34;24.71;87
118822;623;47;2.34;2.34;24.71;87
118832;623;47;2.34;2.34;24.71;87
118841;623;47;2.34;2.34;24.71;87
118849;624;47;2.34;1.56;24.71;87
118861;624;47;2.34;1.56;24.71;87
118871;624;47;2.34;1.56;24.71;87
118882;625;47;2.34;1.56;24.71;87
118895;625;47;2.34;1.56;24.71;87
118912;626;47;2.34;1.56;24.71;87
118922;626;47;2.34;2.34;24.71;87
118932;625;47;2.34;2.34;24.71;87
118942;625;47;2.34;2.34;24.71;87
118950;624;47;2.34;2.34;24.71;87
118960;623;47;2.34;2.34;24.71;87
118970;622;47;2.34;2.34;24.71;87
118979;622;47;2.34;2.34;24.71;87
118993;621;47;2.34;2.34;24.71;87
119009;621;47;2.34;2.34;24.71;87
119020;621;47;2.34;2.34;24.71;87
119029;620;47;2.34;2.34;24.71;87
119040;620;47;2.34;2.34;24.71;87
119048;619;47;2.34;2.34;24.71;87
119060;620;47;2.34;2.34;24.71;87
119071;621;47;2.34;2.34;24.71;87
119080;622;47;2.34;2.34;24.71;87
119092;623;47;2.34;2.34;24.71;87
119110;624;47;2.34;2.34;24.71;87
119121;625;47;2.34;2.34;24.71;87
119130;625;47;2.34;2.34;24.71;87
119140;625;47;2.34;2.34;24.71;87
119150;625;47;2.34;2.34;24.71;87
119159;625;47;2.34;2.34;24.71;87
119170;625;47;3.13;2.34;24.71;87
119180;625;47;3.13;2.34;24.71;87
119192;625;47;3.13;2.34;24.71;87
119200;625;47;3.13;2.34;24.71;87
119209;624;47;3.13;2.34;24.71;87
119220;624;47;3.13;2.34;24.71;87
119232;624;47;2.34;2.34;24.71;87
119238;623;47;2.34;1.56;24.71;87
119251;624;47;2.34;1.56;24.71;87
119258;624;47;2.34;1.56;24.71;87
119270;625;47;2.34;1.56;24.71;87
119282;626;47;2.34;1.56;24.71;87
119294;626;47;2.34;1.56;24.71;87
119310;627;47;2.34;1.56;24.71;87
119320;626;47;2.34;1.56;24.71;87
119331;625;47;2.34;1.56;24.71;87
119339;625;47;2.34;1.56;24.71;87
119350;624;47;2.34;1.56;24.71;87
119362;624;47;2.34;1.56;24.71;87
119370;623;47;2.34;1.56;24.71;87
119379;623;47;2.34;1.56;24.71;87
119392;622;47;2.34;1.56;24.71;87
119410;621;47;2.34;1.56;24.71;87
119418;621;47;2.34;1.56;24.71;87
119429;620;47;2.34;1.56;24.71;87
119441;620;47;2.34;1.56;24.71;87
119450;620;47;2.34;1.56;24.71;87
119459;621;47;2.34;1.56;24.71;87
119470;621;47;2.34;1.56;24.71;87
119479;621;47;2.34;1.56;24.71;87
119494;622;47;2.34;1.56;24.71;87
119509;622;47;2.34;1.56;24.71;87
119520;623;47;2.34;1.56;24.71;87
119531;623;47;2.34;1.56;24.71;87
119539;623;47;2.34;1.56;24.71;87
119551;624;47;2.34;1.56;24.71;87
119559;624;47;2.34;1.56;24.71;87
119570;624;47;2.34;1.56;24.71;87
119580;625;47;2.34;1.56;24.71;87
119593;626;47;2.34;1.56;24.71;87
119608;627;47;2.34;1.56;24.71;87
119621;627;47;2.34;1.56;24.71;87
119630;628;47;2.34;1.56;24.71;87
119639;629;47;2.34;1.56;24.71;87
119652;628;47;2.34;1.56;24.71;87
119660;628;47;2.34;1.56;24.71;87
119668;627;47;2.34;1.56;24.71;87
119681;626;47;2.34;1.56;24.71;87
119693;626;47;2.34;1.56;24.71;87
119711;625;47;2.34;1.56;24.71;87
119720;625;47;2.34;1.56;24.71;87
119728;625;47;2.34;1.56;24.71;87
119739;625;47;2.34;1.56;24.71;87
119752;625;47;2.34;1.56;24.71;87
119761;625;47;2.34;1.56;24.71;87
119770;625;47;2.34;1.56;24.71;87
119780;624;47;2.34;1.56;24.71;87
119794;623;47;2.34;1.56;24.71;87
119811;622;47;2.34;1.56;24.71;87
119821;621;47;2.34;1.56;24.71;87
119830;620;47;2.34;1.56;24.71;87
119842;619;47;2.34;1.56;24.71;87
119851;619;47;2.34;1.56;24.71;87
119860;620;47;2.34;1.56;24.71;87
119872;620;47;2.34;1.56;24.71;87
119881;620;47;2.34;1.56;24.71;87
119902;621;47;2.34;1.56;24.71;87
119909;621;47;2.34;1.56;24.71;87
119921;621;47;2.34;1.56;24.71;87
119929;622;47;2.34;1.56;24.71;87
119938;622;47;2.34;1.56;24.71;87
119952;622;47;2.34;1.56;24.71;87
119958;622;47;1.56;1.56;24.71;87
119971;622;47;1.56;1.56;24.71;87
119980;624;47;1.56;1.56;24.71;87
119995;625;47;1.56;1.56;24.71;87
120010;626;47;1.56;1.56;24.71;87
120020;628;47;1.56;1.56;24.71;87
120029;629;47;1.56;1.56;24.71;87
120039;630;47;1.56;1.56;24.71;87
120050;630;47;1.56;1.56;24.71;87
120060;630;47;1.56;1.56;24.71;87
120070;630;47;1.56;1.56;24.71;87
120082;630;47;1.56;1.56;24.71;87
120094;631;47;1.56;1.56;24.71;87
120109;631;47;1.56;1.56;24.71;87
120118;629;47;1.56;1.56;24.71;87
120130;628;47;1.56;1.56;24.71;87
120140;627;47;1.56;1.56;24.71;87
120148;626;47;1.56;1.56;24.71;87
120160;625;47;1.56;1.56;24.71;87
120171;623;47;1.56;1.56;24.71;87
120180;623;47;1.56;1.56;24.71;87
120195;623;47;1.56;1.56;24.71;87
120210;623;47;1.56;1.56;24.71;87
120221;622;47;1.56;1.56;24.71;87
120230;622;47;1.56;1.56;24.71;87
120239;622;47;1.56;1.56;24.71;87
120250;622;47;1.56;1.56;24.71;87
120259;622;47;1.56;1.56;24.71;87
120272;622;47;1.56;1.56;24.71;87
120280;622;47;1.56;1.56;24.71;87
120293;622;47;1.56;1.56;24.71;87
120309;622;47;1.56;1.56;24.71;87
120319;623;47;1.56;1.56;24.71;87
120331;623;47;1.56;1.56;24.71;87
120341;624;47;1.56;1.56;24.71;87
120349;624;47;1.56;1.56;24.71;87
120360;624;47;1.56;1.56;24.71;87
120369;625;47;1.56;1.56;24.71;87
120380;625;47;1.56;1.56;24.71;87
120393;626;47;1.56;1.56;24.71;87
120410;626;47;1.56;1.56;24.71;87
120419;626;47;1.56;1.56;24.71;87
120429;627;47;1.56;1.56;24.71;87
120440;627;47;1.56;1.56;24.71;87
120453;628;47;1.56;1.56;24.71;87
120471;628;47;1.56;1.56;24.71;87
120481;629;47;1.56;1.56;24.71;87
120495;629;47;1.56;1.56;24.71;87
120508;630;47;1.56;1.56;24.71;87
120520;630;47;1.56;1.56;24.71;87
120530;629;47;1.56;1.56;24.71;87
120539;628;47;1.56;1.56;24.71;87
120553;627;47;1.56;1.56;24.71;87
120559;626;47;1.56;1.56;24.71;87
120569;625;47;1.56;1.56;24.71;87
120581;624;47;1.56;1.56;24.71;87
120594;625;47;1.56;1.56;24.71;87
120609;625;47;1.56;1.56;24.71;87
120620;626;47;1.56;1.56;24.71;87
120630;626;47;1.56;1.56;24.71;87
120638;627;47;1.56;1.56;24.71;87
120652;627;47;1.56;1.56;24.71;87
120661;627;47;1.56;1.56;24.71;87
120669;626;47;1.56;1.56;24.71;87
120679;625;47;1.56;1.56;24.71;87
120696;625;47;1.56;1.56;24.71;87
120710;624;47;1.56;1.56;24.71;87
120719;623;47;1.56;1.56;24.71;87
120730;623;47;1.56;1.56;24.71;87
120739;623;47;1.56;1.56;24.71;87
120751;622;47;1.56;1.56;24.71;87
120760;622;47;1.56;1.56;24.71;87
120770;621;47;1.56;1.56;24.71;87
120782;621;47;1.56;1.56;24.71;87
120793;622;47;1.56;1.56;24.71;87
120811;623;47;1.56;1.56;24.71;87
120819;625;47;1.56;1.56;24.71;87
120830;626;47;1.56;1.56;24.71;87
120839;627;47;1.56;1.56;24.71;87
120851;628;47;1.56;1.56;24.71;87
120860;628;47;1.56;1.56;24.71;87
120872;628;47;1.56;1.56;24.71;87
120880;628;47;1.56;1.56;24.71;87
120896;627;47;1.56;1.56;24.71;87
120910;627;47;1.56;1.56;24.71;87
120920;627;47;1.56;1.56;24.71;87
120930;627;47;1.56;1.56;24.71;87
120941;626;47;1.56;1.56;24.71;87
120951;625;47;1.56;1.56;24.71;87
120960;625;47;1.56;1.56;24.71;87
120972;624;47;1.56;1.56;24.71;87
120981;624;47;1.56;1.56;24.71;87
120995;624;47;1.56;1.56;24.71;87
121009;624;47;1.56;1.56;24.71;87
121020;623;47;1.56;1.56;24.71;87
121030;623;47;1.56;1.56;24.71;87
121039;623;47;0.78;1.56;24.71;87
121053;623;47;0.78;1.56;24.71;87
121060;623;47;0.78;1.56;24.71;87
121069;622;47;0.78;1.56;24.71;87
121079;621;47;0.78;1.56;24.71;87
121094;621;47;0.78;1.56;24.71;87
121111;620;47;1.56;1.56;24.71;87
121120;619;47;1.56;1.56;24.71;87
121130;619;47;1.56;1.56;24.71;87
121139;619;47;1.56;1.56;24.71;87
121153;620;47;1.56;1.56;24.71;87
121170;620;47;1.56;1.56;24.71;87
121179;620;47;1.56;1.56;24.71;87
121195;620;47;1.56;1.56;24.71;87
121209;620;47;1.56;1.56;24.71;87
121221;621;47;1.56;1.56;24.71;87
121230;622;47;1.56;1.56;24.71;87
121241;622;47;1.56;1.56;24.71;87
121252;623;47;1.56;1.56;24.71;87
121260;623;47;1.56;1.56;24.71;87
121269;623;47;1.56;1.56;24.71;87
121281;623;47;1.56;1.56;24.71;87
121294;623;47;1.56;1.56;24.71;87
121311;623;47;1.56;1.56;24.71;87
121320;623;47;1.56;1.56;24.71;87
121329;623;47;1.56;2.34;24.71;87
121341;623;47;1.56;2.34;24.71;87
121352;623;47;1.56;2.34;24.71;87
121361;623;47;1.56;2.34;24.71;87
