time(ms);RPM(1/min);MAP(kPa);IAT2(°C);TP_REL(%);FRP(kPa);SHRTFT1(%);SHRTFT2(%);LOAD(%);TCBP_DSD(kPa);WGATE_PRES(kPa);FUELSYS_A_PCTB1(%);FUELSYS_B_PCTB1(%)
0;1597;-;-;-;-;-;-;-;-;-;-;-
0;1599;105.0;-;-;-;-;-;-;-;-;-;-
11;1601;105.0;47;-;-;-;-;-;-;-;-;-
19;1603;105.0;47;21.57;-;-;-;-;-;-;-;-
31;1604;105.0;47;21.57;11530.0;-;-;-;-;-;-;-
39;1606;105.0;47;21.57;11550.0;-1.56;-;-;-;-;-;-
50;1608;105.0;47;21.18;11570.0;-1.56;0.00;-;-;-;-;-
61;1610;104.0;47;21.18;11590.0;-1.56;0.00;69.41;-;-;-;-
70;1612;104.0;47;21.18;11610.0;-1.56;0.00;69.41;118.5;-;-;-
79;1613;104.0;47;21.18;11630.0;-1.56;0.00;69.02;118.5;90.0;-;-
89;1615;104.0;47;21.18;11640.0;-1.56;0.00;69.02;118.4;90.0;89.02;10.98
106;1617;104.0;47;21.18;11660.0;-0.78;0.00;68.63;118.4;90.0;89.02;10.98
120;1621;104.0;47;20.78;11680.0;-0.78;0.78;68.63;118.3;89.5;89.02;10.98
131;1624;104.0;47;20.78;11700.0;-0.78;0.78;68.24;118.3;89.5;89.02;10.98
139;1628;104.0;47;20.78;11720.0;-0.78;0.78;68.24;118.3;89.5;89.02;10.98
151;1631;104.0;47;20.78;11740.0;-0.78;0.78;67.84;118.2;89.5;89.02;10.98
159;1635;104.0;47;20.78;11750.0;-0.78;0.78;67.84;118.2;89.5;89.02;10.98
170;1638;104.0;47;20.39;11760.0;-0.78;0.78;67.45;118.1;89.5;89.02;10.98
180;1642;104.0;47;20.39;11770.0;-0.78;0.78;67.45;118.1;89.0;89.02;10.98
191;1645;104.0;47;20.39;11780.0;-0.78;0.78;67.45;118.0;89.0;89.02;10.98
201;1649;104.0;47;20.39;11790.0;-0.78;0.78;67.06;117.4;89.0;89.02;10.98
210;1652;104.0;47;20.39;11790.0;-0.78;0.78;67.06;116.8;88.5;89.02;10.98
227;1656;104.0;47;20.39;11800.0;0.00;0.78;66.67;116.2;88.5;89.02;10.98
240;1657;104.0;47;20.00;11810.0;0.00;1.56;66.67;115.6;88.0;89.02;10.98
249;1659;103.0;47;20.00;11820.0;0.00;1.56;66.27;115.0;88.0;89.02;10.98
260;1661;102.0;47;20.00;11830.0;0.00;1.56;66.27;114.4;87.5;89.02;10.98
272;1663;101.0;47;19.61;11840.0;0.00;1.56;65.88;113.8;87.5;89.02;10.98
289;1665;100.0;47;18.82;11730.0;0.00;1.56;65.88;113.2;87.0;89.02;10.98
301;1667;99.0;47;18.43;11630.0;0.00;1.56;65.49;112.6;87.0;89.02;10.98
310;1668;99.0;47;18.04;11520.0;0.00;1.56;65.49;112.0;86.5;89.02;10.98
319;1670;98.0;47;17.65;11410.0;0.00;1.56;65.10;111.4;86.5;89.02;10.98
331;1672;97.0;47;16.86;11300.0;0.00;1.56;65.10;111.3;86.0;89.02;10.98
340;1674;96.0;47;16.47;11200.0;0.00;1.56;64.71;111.1;85.0;87.84;12.16
357;1676;95.0;47;16.08;11090.0;0.78;1.56;64.31;110.9;83.5;87.84;12.16
371;1677;94.0;47;15.69;10980.0;0.78;1.56;63.92;110.7;82.5;87.84;12.16
380;1679;94.0;47;14.90;10870.0;0.78;1.56;63.92;110.5;81.0;87.84;12.16
392;1680;94.0;47;14.51;10770.0;0.78;1.56;63.53;110.3;80.0;87.84;12.16
401;1682;94.0;47;14.51;10660.0;0.78;1.56;63.14;110.1;78.5;87.84;12.16
410;1683;94.0;47;14.51;10500.0;0.78;1.56;62.75;109.9;77.5;87.84;12.16
421;1684;94.0;47;14.90;10340.0;0.78;1.56;62.75;109.7;76.0;87.84;12.16
432;1686;93.0;47;14.90;10190.0;0.78;1.56;62.35;109.5;75.0;87.84;12.16
451;1687;93.0;47;14.90;10030.0;0.78;1.56;61.57;109.3;73.5;87.84;12.16
461;1689;93.0;47;14.90;9870.0;0.78;0.78;61.18;109.2;72.5;87.84;12.16
470;1690;93.0;47;14.90;9710.0;0.78;0.78;60.39;109.1;72.5;70.98;29.02
485;1692;93.0;47;14.90;9550.0;0.00;0.78;59.61;108.9;72.0;70.98;29.02
501;1695;93.0;47;15.29;9390.0;0.00;0.78;59.22;108.8;72.0;70.98;29.02
510;1698;93.0;47;15.29;9240.0;0.00;0.78;58.43;108.7;72.0;70.98;29.02
521;1701;93.0;47;15.29;9080.0;0.00;0.78;58.04;108.5;72.0;70.98;29.02
530;1704;93.0;47;15.29;8920.0;0.00;0.00;57.25;108.4;71.5;70.98;29.02
542;1707;93.0;47;15.29;8820.0;0.00;0.00;56.47;108.3;71.5;70.98;29.02
551;1710;93.0;47;14.90;8720.0;0.00;0.00;56.08;108.1;71.5;70.98;29.02
560;1713;92.0;47;14.90;8620.0;0.00;0.00;55.29;108.0;71.5;70.98;29.02
570;1716;92.0;46;14.90;8520.0;0.00;0.00;54.90;107.9;71.0;70.98;29.02
579;1719;92.0;46;14.90;8420.0;0.00;-0.78;54.90;108.0;71.0;70.98;29.02
590;1722;92.0;46;14.90;8310.0;0.00;-0.78;54.51;108.1;71.0;70.20;29.80
606;1725;92.0;46;14.90;8210.0;-0.78;-0.78;54.51;108.2;71.0;70.20;29.80
622;1726;92.0;46;14.51;8110.0;-0.78;-0.78;54.12;108.4;71.0;70.20;29.80
630;1728;92.0;46;14.51;8010.0;-0.78;-0.78;54.12;108.5;71.0;70.20;29.80
639;1729;92.0;46;14.51;7910.0;-0.78;-0.78;53.73;108.6;71.0;70.20;29.80
651;1730;92.0;46;14.51;7810.0;-0.78;-1.56;53.73;108.7;70.5;70.20;29.80
661;1731;92.0;46;14.51;7800.0;-0.78;-1.56;53.33;108.9;70.5;70.20;29.80
671;1732;92.0;46;14.90;7780.0;-0.78;-1.56;53.33;109.0;70.5;70.20;29.80
680;1733;93.0;46;14.90;7770.0;-0.78;-1.56;52.94;109.1;70.5;70.20;29.80
691;1734;93.0;46;14.90;7760.0;-1.56;-1.56;52.94;109.2;70.5;70.20;29.80
700;1735;93.0;46;14.90;7750.0;-1.56;-1.56;52.94;109.2;70.5;70.20;29.80
709;1736;93.0;46;14.90;7730.0;-1.56;-1.56;52.94;109.3;70.5;65.88;34.12
724;1737;93.0;46;14.90;7720.0;-1.56;-1.56;52.94;109.3;70.5;65.88;34.12
740;1739;93.0;46;15.29;7710.0;-1.56;-2.34;52.94;109.3;70.5;65.88;34.12
750;1741;93.0;46;15.29;7700.0;-1.56;-2.34;52.55;109.3;70.5;65.88;34.12
761;1744;93.0;46;15.29;7680.0;-2.34;-2.34;52.55;109.3;70.5;65.88;34.12
770;1746;93.0;46;15.29;7670.0;-2.34;-2.34;52.55;109.3;70.5;65.88;34.12
781;1748;93.0;46;15.29;7580.0;-2.34;-2.34;52.55;109.3;70.5;65.88;34.12
790;1750;93.0;46;15.29;7480.0;-2.34;-2.34;52.55;109.4;70.5;65.88;34.12
802;1752;94.0;46;15.29;7390.0;-2.34;-2.34;52.55;109.4;70.5;65.88;34.12
822;1754;94.0;46;15.29;7290.0;-2.34;-2.34;52.55;109.4;70.5;65.88;34.12
839;1756;94.0;46;15.69;7200.0;-2.34;-3.13;52.55;109.4;70.5;65.88;34.12
851;1758;94.0;46;15.69;7100.0;-2.34;-3.13;52.16;109.5;70.5;63.14;36.86
866;1761;94.0;46;15.69;7010.0;-1.56;-3.13;52.16;109.6;70.5;63.14;36.86
880;1762;94.0;46;15.69;6910.0;-1.56;-3.13;52.16;109.7;70.5;63.14;36.86
892;1764;94.0;46;15.69;6820.0;-1.56;-3.13;52.16;109.7;70.5;63.14;36.86
911;1766;94.0;46;15.69;6720.0;-1.56;-3.13;52.16;109.8;70.5;63.14;36.86
920;1768;94.0;46;15.69;6630.0;-1.56;-3.91;52.16;109.9;70.5;63.14;36.86
930;1770;94.0;46;15.69;6610.0;-1.56;-3.91;51.76;110.0;70.5;63.14;36.86
939;1772;94.0;46;16.08;6600.0;-1.56;-3.91;51.76;110.0;70.5;63.14;36.86
951;1773;94.0;46;16.08;6580.0;-1.56;-3.91;51.76;110.1;70.5;63.14;36.86
960;1775;94.0;46;16.08;6560.0;-1.56;-3.91;51.76;110.2;70.5;63.14;36.86
969;1777;94.0;46;16.08;6550.0;-1.56;-3.91;51.76;110.3;70.5;63.14;36.86
981;1779;94.0;46;16.08;6530.0;-1.56;-3.91;51.37;110.4;70.5;61.18;38.82
995;1781;94.0;46;16.08;6520.0;-1.56;-3.91;51.37;110.5;70.5;61.18;38.82
1010;1783;94.0;46;16.47;6500.0;-1.56;-3.13;51.37;110.7;71.0;61.18;38.82
1020;1786;94.0;46;16.47;6480.0;-1.56;-3.13;51.37;110.8;71.0;61.18;38.82
1032;1788;94.0;46;16.47;6470.0;-1.56;-3.13;51.37;110.9;71.0;61.18;38.82
1052;1791;94.0;46;16.47;6450.0;-1.56;-3.13;51.37;111.0;71.0;61.18;38.82
1072;1793;94.0;46;16.47;6360.0;-1.56;-3.13;50.98;111.1;71.0;61.18;38.82
1091;1796;94.0;46;16.47;6280.0;-1.56;-3.13;50.98;111.3;71.0;61.18;38.82
1102;1798;95.0;46;16.47;6190.0;-1.56;-3.13;50.98;111.4;71.5;61.18;38.82
1121;1801;95.0;46;16.47;6110.0;-1.56;-3.13;50.98;111.5;71.5;61.18;38.82
1132;1803;95.0;46;16.86;6020.0;-1.56;-3.13;50.98;111.3;71.5;61.18;38.82
1149;1806;95.0;46;16.86;5940.0;-1.56;-3.13;50.98;111.2;71.5;30.20;69.80
1163;1808;95.0;46;16.86;5850.0;-1.56;-3.13;50.98;111.0;71.5;30.20;69.80
1180;1799;95.0;46;16.86;5770.0;-1.56;-2.34;50.98;110.9;71.5;30.20;69.80
1191;1790;95.0;46;16.86;5680.0;-1.56;-2.34;50.98;110.7;71.5;30.20;69.80
1200;1781;95.0;46;16.86;5600.0;-1.56;-2.34;50.98;110.5;71.5;30.20;69.80
1211;1772;94.0;46;16.86;5510.0;-1.56;-2.34;50.98;110.4;71.0;30.20;69.80
1221;1763;94.0;46;16.47;5510.0;-1.56;-2.34;50.98;110.2;71.0;30.20;69.80
1230;1755;94.0;46;16.47;5500.0;-1.56;-2.34;50.98;110.1;71.0;30.20;69.80
1240;1746;94.0;46;16.47;5500.0;-1.56;-2.34;50.98;109.9;71.0;30.20;69.80
1251;1737;94.0;46;16.08;5500.0;-1.56;-2.34;51.37;109.7;71.0;30.20;69.80
1260;1728;94.0;46;16.08;5500.0;-1.56;-2.34;51.37;109.9;71.0;30.20;69.80
1272;1719;93.0;46;15.69;5490.0;-1.56;-2.34;51.76;110.2;71.0;0.00;100.00
1295;1710;93.0;46;15.69;5490.0;-1.56;-2.34;52.16;110.4;71.0;0.00;100.00
1311;1695;93.0;46;15.69;5490.0;-1.56;-2.34;52.55;110.6;71.0;0.00;100.00
1320;1680;93.0;46;15.29;5490.0;-1.56;-2.34;52.55;110.8;71.0;0.00;100.00
1329;1665;94.0;46;15.29;5480.0;-1.56;-2.34;52.94;111.0;71.0;0.00;100.00
1338;1650;94.0;46;15.29;5480.0;-1.56;-2.34;53.33;111.2;71.5;0.00;100.00
1350;1634;94.0;46;15.69;5480.0;-1.56;-2.34;53.73;111.4;71.5;0.00;100.00
1362;1619;94.0;46;15.69;5480.0;-1.56;-2.34;53.73;111.6;71.5;0.00;100.00
1379;1604;95.0;46;15.69;5480.0;-0.78;-2.34;54.12;111.8;71.5;0.00;100.00
1389;1589;95.0;46;15.69;5480.0;-0.78;-2.34;54.90;112.0;71.5;0.00;100.00
1400;1574;95.0;46;16.08;5480.0;-0.78;-2.34;55.29;112.1;71.5;0.00;100.00
1408;1559;95.0;46;16.08;5480.0;-0.78;-2.34;56.08;112.1;72.0;0.00;100.00
1426;1544;96.0;46;16.08;5480.0;0.00;-2.34;56.86;112.2;72.5;0.00;100.00
1438;1536;96.0;46;16.08;5480.0;0.00;-1.56;57.65;112.2;73.0;0.00;100.00
1449;1528;96.0;46;16.47;5480.0;0.00;-1.56;58.04;112.3;73.5;0.00;100.00
1459;1521;96.0;46;16.47;5480.0;0.00;-1.56;58.82;112.3;74.0;0.00;100.00
1471;1513;96.0;46;16.47;5480.0;0.78;-1.56;59.61;112.4;74.0;0.00;100.00
1481;1505;96.0;46;16.47;5480.0;0.78;-1.56;60.39;112.4;74.5;0.00;100.00
1488;1498;96.0;46;16.47;5490.0;0.78;-1.56;60.78;112.5;75.0;0.00;100.00
1500;1490;96.0;46;16.47;5490.0;0.78;-1.56;61.57;112.5;75.5;0.00;100.00
1509;1482;96.0;46;16.47;5490.0;0.78;-1.56;61.57;112.6;76.0;0.00;100.00
1520;1475;96.0;46;16.47;5490.0;0.78;-1.56;61.96;112.5;76.5;0.00;100.00
1530;1467;96.0;46;16.47;5500.0;0.78;-1.56;61.96;112.5;77.0;0.00;100.00
1544;1459;96.0;46;16.47;5500.0;0.78;-1.56;62.35;112.4;77.0;0.00;100.00
1560;1451;96.0;46;16.47;5500.0;0.78;-0.78;62.35;112.3;77.5;0.00;100.00
1571;1442;96.0;46;16.47;5500.0;0.78;-0.78;62.75;112.2;78.0;0.00;100.00
1578;1434;96.0;46;16.47;5510.0;0.78;-0.78;62.75;112.2;78.0;0.00;100.00
1588;1425;96.0;46;16.47;5510.0;0.78;-0.78;63.14;112.1;78.5;0.00;100.00
1600;1417;96.0;46;16.08;5470.0;0.78;-0.78;63.14;112.0;78.5;0.00;100.00
1609;1408;96.0;46;16.08;5420.0;0.78;-0.78;63.53;112.0;79.0;0.00;100.00
1618;1400;97.0;46;16.08;5380.0;0.78;-0.78;63.53;111.9;79.5;0.00;100.00
1632;1391;97.0;46;16.08;5340.0;0.78;-0.78;63.92;111.8;79.5;0.00;100.00
1649;1383;97.0;46;15.69;5290.0;0.78;-0.78;64.31;111.6;80.0;0.00;100.00
1658;1374;97.0;46;15.69;5250.0;0.78;-0.78;64.71;111.4;80.0;27.84;72.16
1674;1366;97.0;46;15.69;5200.0;0.00;-0.78;65.10;111.1;80.0;27.84;72.16
1689;1363;97.0;46;15.69;5160.0;0.00;0.00;65.49;110.9;80.0;27.84;72.16
1699;1361;97.0;46;15.29;5120.0;0.00;0.00;65.88;110.7;80.0;27.84;72.16
1710;1359;97.0;46;15.29;5070.0;0.00;0.00;66.27;110.5;80.0;27.84;72.16
1719;1357;96.0;46;15.29;5030.0;0.00;0.00;66.67;110.3;79.5;27.84;72.16
1731;1355;96.0;46;15.29;5080.0;0.00;0.00;67.06;110.0;79.5;27.84;72.16
1739;1352;96.0;46;14.90;5120.0;0.00;0.00;67.45;109.8;79.5;27.84;72.16
1750;1350;96.0;46;14.90;5170.0;-0.78;0.00;67.84;109.6;79.5;27.84;72.16
1759;1348;96.0;46;14.90;5220.0;-0.78;0.00;67.84;109.4;79.5;27.84;72.16
1770;1346;96.0;46;14.90;5270.0;-0.78;-0.78;67.84;109.0;79.5;27.84;72.16
1780;1344;95.0;46;14.90;5310.0;-0.78;-0.78;67.45;108.7;79.5;41.18;58.82
1795;1341;95.0;46;14.90;5360.0;-1.56;-0.78;67.45;108.4;79.0;41.18;58.82
1810;1343;95.0;46;14.51;5410.0;-1.56;-0.78;67.45;108.1;79.0;41.18;58.82
1819;1345;95.0;46;14.51;5460.0;-1.56;-0.78;67.45;107.7;78.5;41.18;58.82
1830;1347;94.0;46;14.51;5500.0;-1.56;-0.78;67.45;107.4;78.5;41.18;58.82
1839;1349;94.0;46;14.51;5550.0;-2.34;-1.56;67.45;107.1;78.0;41.18;58.82
1851;1351;94.0;46;14.12;5770.0;-2.34;-1.56;67.06;106.8;78.0;41.18;58.82
1858;1353;94.0;46;14.12;5990.0;-2.34;-1.56;67.06;106.5;77.5;41.18;58.82
1873;1355;93.0;46;13.73;6200.0;-3.13;-1.56;67.06;106.1;77.5;41.18;58.82
1889;1356;93.0;46;13.73;6420.0;-3.13;-1.56;67.06;105.8;77.0;41.18;58.82
1898;1358;93.0;46;13.33;6640.0;-3.13;-2.34;66.67;105.3;77.0;41.18;58.82
1909;1360;93.0;46;13.33;6860.0;-3.13;-2.34;66.67;104.9;76.0;67.06;32.94
1925;1362;92.0;46;12.94;7080.0;-3.91;-2.34;66.27;104.4;75.0;67.06;32.94
1939;1362;92.0;46;12.94;7300.0;-3.91;-2.34;66.27;103.9;74.0;67.06;32.94
1948;1363;92.0;46;12.55;7510.0;-3.91;-2.34;65.88;103.4;73.0;67.06;32.94
1959;1363;91.0;46;12.55;7730.0;-3.91;-2.34;65.88;103.0;72.0;67.06;32.94
1972;1363;91.0;46;12.55;7950.0;-4.69;-3.13;65.49;102.5;71.0;67.06;32.94
1989;1363;91.0;46;12.55;7840.0;-4.69;-3.13;65.49;102.0;70.0;67.06;32.94
1998;1363;90.0;46;12.55;7740.0;-4.69;-3.13;65.10;101.5;69.0;67.06;32.94
2010;1364;90.0;46;12.55;7630.0;-4.69;-3.13;65.10;101.1;68.0;67.06;32.94
2018;1364;89.0;46;12.55;7520.0;-5.47;-3.13;64.71;100.6;67.0;67.06;32.94
2030;1364;89.0;46;12.94;7410.0;-5.47;-3.91;64.31;100.6;66.0;67.06;32.94
2039;1364;89.0;46;12.94;7310.0;-5.47;-3.91;63.92;100.6;65.5;80.00;20.00
2056;1364;88.0;46;12.94;7200.0;-5.47;-3.91;63.53;100.6;65.0;80.00;20.00
2070;1365;88.0;46;12.94;7090.0;-5.47;-3.91;63.14;100.6;64.5;80.00;20.00
2079;1366;88.0;46;12.94;6980.0;-5.47;-3.91;62.35;100.6;64.0;80.00;20.00
2088;1366;88.0;46;12.94;6880.0;-6.25;-3.91;61.96;100.6;63.5;80.00;20.00
2099;1367;88.0;46;12.94;6770.0;-6.25;-4.69;61.57;100.6;62.5;80.00;20.00
2109;1367;88.0;46;12.94;6770.0;-6.25;-4.69;61.18;100.6;62.0;80.00;20.00
2121;1368;88.0;46;12.94;6760.0;-6.25;-4.69;60.78;100.6;61.5;80.00;20.00
2129;1369;88.0;46;12.94;6760.0;-6.25;-4.69;60.39;100.6;61.0;80.00;20.00
2138;1369;88.0;46;12.94;6760.0;-6.25;-4.69;60.39;100.6;60.5;80.00;20.00
2148;1370;88.0;46;12.94;6750.0;-6.25;-4.69;60.00;100.6;60.0;80.00;20.00
2159;1370;88.0;46;12.94;6750.0;-6.25;-4.69;60.00;100.6;59.5;80.00;20.00
2174;1371;88.0;46;12.94;6740.0;-7.03;-4.69;60.00;100.6;59.0;80.00;20.00
2190;1373;88.0;46;12.94;6740.0;-7.03;-4.69;59.61;100.6;58.0;80.00;20.00
2200;1375;88.0;46;12.94;6740.0;-7.03;-4.69;59.61;100.6;57.5;80.00;20.00
2209;1377;88.0;46;12.94;6730.0;-7.03;-4.69;59.22;100.5;57.0;80.00;20.00
2218;1379;88.0;46;12.94;6730.0;-7.03;-4.69;59.22;100.5;56.5;80.00;20.00
2229;1381;88.0;46;12.94;6710.0;-7.03;-4.69;59.22;100.5;56.0;80.00;20.00
2238;1383;88.0;46;12.94;6690.0;-7.03;-4.69;58.82;100.5;55.5;80.00;20.00
2250;1385;87.0;46;12.94;6670.0;-6.25;-4.69;58.82;100.5;54.5;80.00;20.00
2261;1387;87.0;46;12.94;6650.0;-6.25;-4.69;58.82;100.5;54.0;80.00;20.00
2274;1389;87.0;46;12.55;6630.0;-6.25;-4.69;58.43;100.7;53.5;80.00;20.00
2290;1391;87.0;46;12.55;6620.0;-6.25;-4.69;58.43;100.9;53.0;80.00;20.00
2307;1393;87.0;46;12.55;6600.0;-5.47;-4.69;58.43;101.0;52.5;80.00;20.00
2319;1394;87.0;46;12.55;6580.0;-5.47;-4.69;58.04;101.2;52.0;80.00;20.00
2331;1395;87.0;46;12.55;6560.0;-5.47;-4.69;58.04;101.4;51.5;80.00;20.00
2340;1396;88.0;46;12.55;6540.0;-5.47;-4.69;57.65;101.5;51.0;80.00;20.00
2349;1397;88.0;46;12.55;6520.0;-4.69;-4.69;57.65;101.7;51.0;80.00;20.00
2361;1397;88.0;46;12.94;6560.0;-4.69;-4.69;57.65;101.9;50.5;80.00;20.00
2369;1398;88.0;46;12.94;6600.0;-4.69;-4.69;57.25;102.1;50.0;80.00;20.00
2378;1399;89.0;46;12.94;6630.0;-4.69;-4.69;57.25;102.2;49.5;80.00;20.00
2390;1400;89.0;46;13.33;6670.0;-4.69;-4.69;57.65;102.4;49.0;80.00;20.00
2400;1401;89.0;46;13.33;6710.0;-4.69;-4.69;57.65;102.3;48.5;80.00;20.00
2408;1402;89.0;46;13.73;6750.0;-4.69;-4.69;58.04;102.3;48.5;80.00;20.00
2425;1402;90.0;46;13.73;6790.0;-4.69;-4.69;58.43;102.3;48.0;80.00;20.00
2439;1405;90.0;46;13.73;6830.0;-4.69;-4.69;58.43;102.2;48.0;80.00;20.00
2448;1408;90.0;46;14.12;6860.0;-4.69;-4.69;58.82;102.2;48.0;80.00;20.00
2461;1411;90.0;46;14.12;6900.0;-4.69;-4.69;58.82;102.1;48.0;80.00;20.00
2470;1413;90.0;46;14.12;6940.0;-4.69;-4.69;59.22;102.1;47.5;80.00;20.00
2479;1416;90.0;46;14.12;6930.0;-4.69;-4.69;59.61;102.0;47.5;80.00;20.00
2491;1419;90.0;46;14.51;6930.0;-4.69;-4.69;59.61;102.0;47.5;80.00;20.00
2500;1422;90.0;46;14.51;6920.0;-4.69;-4.69;60.00;101.9;47.5;80.00;20.00
2511;1424;90.0;46;14.51;6910.0;-4.69;-4.69;60.00;101.9;47.0;80.00;20.00
2520;1427;90.0;46;14.51;6910.0;-4.69;-4.69;60.00;102.1;47.0;80.00;20.00
2529;1430;90.0;46;14.51;6900.0;-4.69;-4.69;60.00;102.2;47.0;80.00;20.00
2545;1433;90.0;46;14.51;6900.0;-5.47;-4.69;60.00;102.4;47.0;80.00;20.00
2559;1432;90.0;46;14.90;6890.0;-5.47;-4.69;60.00;102.5;47.0;80.00;20.00
2573;1431;90.0;46;14.90;6880.0;-5.47;-4.69;60.00;102.7;47.0;80.00;20.00
2591;1430;90.0;46;14.90;6880.0;-5.47;-4.69;60.00;102.8;47.0;80.00;20.00
2600;1429;91.0;46;14.90;6870.0;-5.47;-4.69;60.00;103.0;46.5;80.00;20.00
2609;1428;91.0;46;14.90;6910.0;-5.47;-4.69;60.00;103.2;46.5;80.00;20.00
2621;1427;91.0;46;15.29;6950.0;-5.47;-4.69;60.00;103.3;46.5;80.00;20.00
2630;1426;91.0;46;15.29;6980.0;-5.47;-4.69;60.00;103.5;46.5;80.00;20.00
2639;1425;91.0;46;15.29;7020.0;-5.47;-4.69;60.39;103.6;46.5;80.00;20.00
2650;1424;91.0;46;15.29;7060.0;-5.47;-4.69;60.78;104.0;46.5;80.00;20.00
2659;1423;92.0;46;15.29;7100.0;-5.47;-4.69;61.18;104.5;47.5;80.00;20.00
2676;1422;92.0;46;15.29;7140.0;-6.25;-4.69;61.57;104.9;48.0;80.00;20.00
2691;1425;92.0;46;15.69;7180.0;-6.25;-4.69;61.96;105.3;49.0;80.00;20.00
2700;1429;92.0;46;15.69;7210.0;-6.25;-4.69;61.96;105.7;50.0;80.00;20.00
2709;1433;92.0;46;15.69;7250.0;-6.25;-4.69;62.35;106.1;50.5;80.00;20.00
2718;1436;93.0;46;16.08;7290.0;-6.25;-4.69;62.75;106.6;51.5;80.00;20.00
2730;1440;93.0;46;16.08;7330.0;-6.25;-4.69;63.14;107.0;52.0;80.00;20.00
2739;1443;93.0;46;16.47;7380.0;-6.25;-4.69;63.53;107.4;53.0;80.00;20.00
2749;1447;93.0;46;16.86;7420.0;-5.47;-4.69;63.92;107.8;54.0;80.00;20.00
2759;1450;93.0;46;17.25;7460.0;-5.47;-4.69;63.92;108.2;54.5;80.00;20.00
2771;1454;93.0;46;17.25;7510.0;-5.47;-4.69;63.53;108.2;55.5;80.00;20.00
2780;1458;94.0;46;17.65;7550.0;-5.47;-4.69;63.53;108.2;56.0;80.00;20.00
2795;1461;94.0;46;18.04;7600.0;-4.69;-4.69;63.14;108.1;57.0;80.00;20.00
2810;1478;94.0;46;18.43;7640.0;-4.69;-3.91;63.14;108.1;57.5;80.00;20.00
2819;1495;94.0;46;18.43;7680.0;-4.69;-3.91;62.75;108.0;58.0;80.00;20.00
2830;1511;94.0;46;18.82;7730.0;-4.69;-3.91;62.75;108.0;58.5;80.00;20.00
2839;1528;94.0;46;18.82;7770.0;-3.91;-3.91;62.35;107.9;59.5;80.00;20.00
2848;1545;94.0;46;19.22;7920.0;-3.91;-3.91;62.35;107.9;60.0;80.00;20.00
2860;1561;94.0;46;19.22;8070.0;-3.91;-3.91;61.96;107.8;60.5;80.00;20.00
2868;1578;95.0;46;19.22;8230.0;-3.91;-3.91;61.96;107.8;61.0;80.00;20.00
2880;1595;95.0;46;19.22;8380.0;-3.91;-3.91;61.57;107.8;62.0;80.00;20.00
2890;1611;95.0;46;19.61;8530.0;-3.91;-3.13;60.78;107.7;62.5;80.00;20.00
2899;1628;95.0;46;19.61;8680.0;-3.91;-3.13;60.39;107.7;62.5;80.00;20.00
2917;1645;95.0;46;19.61;8830.0;-3.13;-3.13;60.00;107.6;62.0;80.00;20.00
2930;1645;95.0;46;19.61;8980.0;-3.13;-3.13;59.61;107.6;62.0;80.00;20.00
2939;1644;95.0;46;20.00;9140.0;-3.13;-3.13;58.82;107.6;62.0;80.00;20.00
2951;1644;95.0;46;20.00;9290.0;-3.13;-3.13;58.43;107.6;62.0;80.00;20.00
2959;1643;95.0;46;20.00;9440.0;-3.13;-2.34;58.04;107.5;61.5;80.00;20.00
2970;1643;95.0;46;20.00;9450.0;-3.13;-2.34;57.65;107.5;61.5;80.00;20.00
2979;1643;95.0;46;20.39;9470.0;-3.13;-2.34;56.86;107.5;61.5;80.00;20.00
2991;1642;96.0;46;20.39;9480.0;-3.13;-2.34;56.47;107.4;61.5;80.00;20.00
3000;1642;96.0;46;20.39;9490.0;-3.13;-2.34;56.86;107.4;61.0;80.00;20.00
3011;1642;96.0;46;20.39;9500.0;-3.13;-2.34;56.86;107.5;61.0;80.00;20.00
3019;1641;96.0;46;20.39;9520.0;-3.13;-2.34;57.25;107.5;61.0;83.14;16.86
3037;1641;96.0;46;20.39;9530.0;-2.34;-2.34;57.25;107.6;61.0;83.14;16.86
3049;1640;96.0;46;20.78;9540.0;-2.34;-2.34;57.65;107.7;61.0;83.14;16.86
3060;1638;96.0;46;20.78;9550.0;-2.34;-2.34;57.65;107.7;61.0;83.14;16.86
3069;1637;96.0;46;20.78;9570.0;-2.34;-2.34;58.04;107.8;61.0;83.14;16.86
3078;1636;96.0;46;20.78;9580.0;-2.34;-2.34;58.04;107.9;61.5;83.14;16.86
3090;1635;96.0;46;20.78;9630.0;-2.34;-2.34;58.43;107.9;61.5;83.14;16.86
3099;1634;96.0;46;20.78;9680.0;-2.34;-2.34;58.43;108.0;61.5;83.14;16.86
3108;1632;95.0;46;20.78;9720.0;-2.34;-2.34;58.82;108.1;61.5;83.14;16.86
3121;1631;95.0;46;20.78;9770.0;-2.34;-2.34;59.22;108.1;61.5;83.14;16.86
3130;1630;95.0;46;21.18;9820.0;-2.34;-2.34;59.22;108.2;61.5;83.14;16.86
3141;1629;95.0;46;21.18;9870.0;-2.34;-2.34;59.61;108.2;61.5;83.92;16.08
3156;1628;95.0;46;21.18;9920.0;-3.13;-2.34;59.61;108.2;61.5;83.92;16.08
3171;1629;95.0;46;21.18;9970.0;-3.13;-2.34;60.00;108.3;61.5;83.92;16.08
3180;1631;95.0;46;21.18;10010.0;-3.13;-2.34;60.00;108.3;61.5;83.92;16.08
3189;1633;95.0;46;21.18;10060.0;-3.13;-2.34;60.39;108.3;61.5;83.92;16.08
3201;1635;95.0;46;21.18;10110.0;-3.13;-2.34;60.39;108.4;61.0;83.92;16.08
3210;1636;95.0;46;21.18;10130.0;-3.13;-2.34;60.78;108.4;61.0;83.92;16.08
3221;1638;95.0;46;21.18;10160.0;-3.13;-2.34;60.78;108.4;61.0;83.92;16.08
3230;1640;95.0;46;21.18;10180.0;-3.13;-2.34;61.18;108.4;61.0;83.92;16.08
3239;1641;95.0;46;21.18;10210.0;-2.34;-2.34;61.18;108.5;61.0;83.92;16.08
3248;1643;95.0;46;21.57;10230.0;-2.34;-2.34;60.78;108.5;61.0;83.92;16.08
3260;1645;95.0;46;21.57;10260.0;-2.34;-2.34;60.78;108.5;61.0;85.88;14.12
3275;1647;95.0;46;21.57;10280.0;-2.34;-2.34;60.78;108.6;61.0;85.88;14.12
3290;1653;95.0;46;21.57;10310.0;-2.34;-1.56;60.39;108.6;61.0;85.88;14.12
3299;1659;95.0;46;21.57;10330.0;-2.34;-1.56;60.39;108.6;61.0;85.88;14.12
3311;1666;95.0;46;21.57;10360.0;-1.56;-1.56;60.00;108.7;61.0;85.88;14.12
3320;1672;95.0;46;21.57;10380.0;-1.56;-1.56;60.00;108.7;61.0;85.88;14.12
3329;1679;95.0;46;21.57;10420.0;-1.56;-1.56;60.00;108.8;61.0;85.88;14.12
3340;1685;95.0;46;21.57;10460.0;-1.56;-1.56;59.61;108.8;61.0;85.88;14.12
3349;1691;95.0;46;21.57;10510.0;-1.56;-1.56;59.61;108.8;61.0;85.88;14.12
3361;1698;95.0;46;21.57;10550.0;-1.56;-1.56;59.22;108.9;61.0;85.88;14.12
3371;1704;95.0;46;21.57;10590.0;-1.56;-0.78;59.22;108.8;61.0;85.88;14.12
3380;1710;95.0;46;21.57;10630.0;-1.56;-0.78;58.82;108.7;61.0;87.06;12.94
3395;1717;95.0;46;21.57;10670.0;-0.78;-0.78;58.43;108.7;61.0;87.06;12.94
3409;1721;95.0;46;21.57;10710.0;-0.78;-0.78;58.04;108.6;61.0;87.06;12.94
3421;1724;95.0;46;21.57;10760.0;-0.78;-0.78;58.04;108.5;61.0;87.06;12.94
3430;1728;95.0;46;21.57;10800.0;-0.78;-0.78;57.65;108.5;61.0;87.06;12.94
3441;1732;95.0;46;21.18;10840.0;-0.78;0.00;57.25;108.4;61.5;87.06;12.94
3449;1736;95.0;46;21.18;10810.0;-0.78;0.00;56.86;108.3;61.5;87.06;12.94
3461;1739;95.0;46;20.78;10790.0;-0.78;0.00;56.86;108.3;61.5;87.06;12.94
3470;1743;94.0;46;20.78;10760.0;-0.78;0.00;56.47;108.2;61.5;87.06;12.94
3480;1747;94.0;46;20.39;10740.0;-0.78;0.00;56.47;108.1;61.5;87.06;12.94
3491;1751;94.0;46;20.39;10710.0;-0.78;0.00;56.08;107.5;61.5;87.06;12.94
3500;1754;94.0;46;20.00;10690.0;-0.78;0.00;56.08;106.9;61.0;87.06;12.94
3517;1758;94.0;46;20.00;10660.0;-0.78;0.00;55.69;106.3;60.0;87.06;12.94
3529;1760;94.0;46;19.61;10640.0;-0.78;0.78;55.69;105.7;59.5;87.06;12.94
3541;1762;93.0;46;19.61;10610.0;-0.78;0.78;55.29;105.1;59.0;87.06;12.94
3550;1764;92.0;46;19.22;10590.0;-0.78;0.78;55.29;104.5;58.0;87.06;12.94
3559;1766;92.0;46;18.82;10560.0;-0.78;0.78;54.90;103.9;57.5;87.06;12.94
3571;1768;91.0;46;18.43;10410.0;-0.78;0.78;54.90;103.3;56.5;87.06;12.94
3580;1770;90.0;46;18.04;10270.0;-0.78;0.78;54.51;102.7;56.0;87.06;12.94
3589;1771;89.0;46;17.65;10120.0;-0.78;0.78;54.51;102.1;55.5;87.06;12.94
3599;1773;88.0;46;17.25;9980.0;-0.78;0.78;53.73;101.5;54.5;87.06;12.94
3611;1775;87.0;46;16.86;9830.0;-0.78;0.78;52.94;101.5;54.0;87.06;12.94
3620;1777;87.0;46;16.47;9690.0;-0.78;0.78;52.55;101.5;53.5;85.10;14.90
3636;1779;86.0;46;16.08;9540.0;0.00;0.78;51.76;101.4;53.0;85.10;14.90
3651;1779;85.0;46;15.69;9400.0;0.00;1.56;50.98;101.4;53.0;85.10;14.90
3660;1779;85.0;46;15.29;9250.0;0.00;1.56;50.20;101.4;52.5;85.10;14.90
3669;1778;85.0;46;14.90;9110.0;0.00;1.56;49.41;101.3;52.0;85.10;14.90
3681;1778;85.0;46;14.90;8960.0;0.00;1.56;48.63;101.3;51.5;85.10;14.90
3692;1778;85.0;46;14.90;8920.0;0.00;1.56;48.24;101.3;51.0;85.10;14.90
3710;1778;85.0;46;14.90;8880.0;0.00;1.56;47.45;101.2;50.5;85.10;14.90
3719;1778;84.0;46;14.90;8830.0;0.00;1.56;46.67;101.2;50.5;85.10;14.90
3731;1777;84.0;46;14.90;8790.0;0.00;0.78;46.67;101.1;50.0;85.10;14.90
3739;1777;84.0;46;15.29;8750.0;0.00;0.78;46.67;101.2;49.5;85.10;14.90
3750;1777;84.0;46;15.29;8710.0;0.00;0.78;46.67;101.2;49.0;81.18;18.82
3765;1777;84.0;46;15.29;8670.0;-0.78;0.78;46.67;101.3;48.5;81.18;18.82
3779;1792;84.0;46;15.29;8630.0;-0.78;0.00;46.67;101.3;48.0;81.18;18.82
3789;1808;84.0;46;15.29;8580.0;-0.78;0.00;47.06;101.4;47.5;81.18;18.82
3799;1824;84.0;46;15.29;8540.0;-0.78;0.00;47.06;101.4;47.0;81.18;18.82
3811;1839;84.0;46;15.29;8500.0;-0.78;0.00;47.06;101.5;47.0;81.18;18.82
3820;1855;84.0;46;15.29;8540.0;-0.78;-0.78;47.06;101.5;46.5;81.18;18.82
3832;1871;84.0;46;15.29;8570.0;-0.78;-0.78;47.06;101.6;46.0;81.18;18.82
3850;1886;84.0;46;15.29;8610.0;-0.78;-0.78;47.06;101.6;45.5;81.18;18.82
3862;1902;84.0;46;15.29;8640.0;-1.56;-0.78;46.67;101.6;45.0;81.18;18.82
3880;1918;84.0;46;15.29;8680.0;-1.56;-1.56;45.88;101.6;44.5;81.18;18.82
3889;1933;84.0;46;15.29;8710.0;-1.56;-1.56;45.49;101.6;44.5;81.18;18.82
3906;1949;84.0;46;15.29;8750.0;-1.56;-1.56;45.10;101.6;44.5;81.18;18.82
3921;1954;84.0;46;15.29;8780.0;-1.56;-1.56;44.71;101.5;44.5;81.18;18.82
3930;1959;84.0;46;15.29;8820.0;-1.56;-1.56;43.92;101.5;44.5;81.18;18.82
3939;1964;83.0;46;15.29;8850.0;-2.34;-1.56;43.53;101.5;44.5;81.18;18.82
3951;1969;83.0;46;15.29;8890.0;-2.34;-2.34;43.14;101.5;44.0;81.18;18.82
3960;1974;83.0;46;14.90;8790.0;-2.34;-2.34;42.75;101.5;44.0;81.18;18.82
3972;1979;82.0;46;14.90;8700.0;-2.34;-2.34;41.96;101.4;44.0;81.18;18.82
3990;1984;82.0;46;14.90;8600.0;-2.34;-2.34;41.57;101.4;44.0;81.18;18.82
4002;1989;81.0;46;14.90;8510.0;-2.34;-2.34;41.18;101.4;44.0;81.18;18.82
4011;1994;81.0;46;14.51;8410.0;-2.34;-2.34;40.78;101.4;44.0;81.18;18.82
4020;1999;81.0;46;14.51;8320.0;-2.34;-2.34;40.78;101.4;44.0;80.00;20.00
4037;2004;80.0;46;14.51;8220.0;-3.13;-2.34;40.39;101.4;44.0;80.00;20.00
4051;2020;80.0;46;14.51;8130.0;-3.13;-2.34;40.00;101.4;43.5;80.00;20.00
4060;2036;80.0;46;14.12;8030.0;-3.13;-2.34;39.61;101.5;43.5;80.00;20.00
4071;2052;79.0;46;14.12;7940.0;-3.13;-2.34;39.22;101.5;43.5;80.00;20.00
4080;2068;79.0;46;14.12;7840.0;-3.13;-2.34;38.82;101.5;43.5;80.00;20.00
4092;2084;79.0;46;14.12;7840.0;-3.13;-2.34;38.82;101.5;43.5;80.00;20.00
4110;2099;79.0;46;14.12;7830.0;-3.13;-2.34;38.43;101.5;43.5;80.00;20.00
4122;2115;78.0;46;14.12;7830.0;-3.13;-2.34;38.04;101.5;43.0;80.00;20.00
4131;2131;78.0;46;14.12;7830.0;-3.13;-2.34;37.25;101.5;43.0;80.00;20.00
4140;2147;78.0;46;14.12;7830.0;-3.13;-2.34;36.86;101.5;43.0;80.00;20.00
4152;2163;78.0;46;14.12;7820.0;-3.13;-2.34;36.08;101.6;43.0;80.00;20.00
4164;2179;77.0;46;14.12;7820.0;-2.34;-2.34;35.29;101.6;43.0;80.00;20.00
4179;2188;77.0;46;14.12;7820.0;-2.34;-1.56;34.90;101.6;43.0;80.00;20.00
4191;2197;77.0;46;14.12;7820.0;-2.34;-1.56;34.12;101.6;43.0;80.00;20.00
4200;2207;77.0;46;14.12;7810.0;-2.34;-1.56;33.73;101.6;43.0;80.00;20.00
4212;2216;77.0;46;14.12;7810.0;-2.34;-1.56;32.94;101.6;42.5;80.00;20.00
4230;2226;77.0;46;14.12;7810.0;-2.34;-1.56;32.16;101.6;42.5;80.00;20.00
4239;2235;77.0;46;14.12;7800.0;-2.34;-1.56;31.76;101.6;42.5;80.00;20.00
4251;2244;76.0;46;14.12;7800.0;-2.34;-1.56;30.98;101.6;42.5;80.00;20.00
4260;2254;76.0;46;14.12;7800.0;-1.56;-1.56;30.98;101.6;42.5;80.00;20.00
4269;2263;76.0;46;14.12;7790.0;-1.56;-1.56;30.59;101.6;42.5;80.00;20.00
4281;2272;76.0;46;14.12;7790.0;-1.56;-1.56;30.59;101.6;42.5;80.00;20.00
4294;2282;76.0;46;14.12;7780.0;-1.56;-1.56;30.20;101.6;42.5;80.00;20.00
4310;2293;76.0;46;14.12;7780.0;-1.56;-1.56;30.20;101.6;42.5;80.00;20.00
4319;2304;76.0;46;14.12;7780.0;-1.56;-1.56;29.80;101.5;42.5;80.00;20.00
4331;2316;75.0;46;14.12;7770.0;-0.78;-1.56;29.80;101.5;42.5;80.00;20.00
4340;2327;75.0;46;14.12;7770.0;-0.78;-1.56;29.41;101.5;42.5;80.00;20.00
4352;2338;75.0;46;14.12;7650.0;-0.78;-1.56;29.41;101.5;42.5;80.00;20.00
4370;2350;74.0;46;13.73;7520.0;-0.78;-1.56;29.02;101.5;42.5;80.00;20.00
4380;2361;74.0;46;13.73;7400.0;-0.78;-1.56;29.02;101.5;42.5;80.00;20.00
4392;2372;73.0;46;13.73;7280.0;-0.78;-1.56;28.63;101.4;42.5;80.00;20.00
4410;2384;73.0;46;13.73;7160.0;-0.78;-1.56;28.63;102.7;42.5;80.00;20.00
4422;2395;73.0;46;13.73;7030.0;-0.78;-1.56;28.24;104.0;42.5;80.00;20.00
4446;2406;72.0;46;13.73;6910.0;-0.78;-1.56;27.84;105.3;42.5;80.00;20.00
4460;2418;72.0;46;13.33;6790.0;-0.78;-0.78;27.45;106.6;42.5;80.00;20.00
4472;2429;74.0;46;13.33;6670.0;-0.78;-0.78;27.45;107.9;42.5;80.00;20.00
4490;2441;76.0;46;13.33;6540.0;-0.78;-0.78;27.06;109.2;42.5;80.00;20.00
4501;2452;79.0;46;15.29;6420.0;-0.78;-0.78;26.67;110.5;42.0;80.00;20.00
4510;2464;81.0;46;17.65;6480.0;-0.78;-0.78;26.27;111.8;42.0;80.00;20.00
4519;2475;83.0;46;19.61;6530.0;-0.78;-0.78;26.27;113.1;42.0;80.00;20.00
4531;2487;85.0;46;21.96;6590.0;-0.78;-0.78;25.88;114.4;42.0;80.00;20.00
4540;2498;87.0;46;23.92;6650.0;-0.78;-0.78;26.27;115.6;42.0;80.00;20.00
4552;2510;89.0;46;26.27;6700.0;-0.78;-0.78;27.06;116.2;42.0;80.00;20.00
4570;2521;92.0;46;28.24;6760.0;-0.78;-0.78;27.45;116.7;43.0;47.06;52.94
4583;2533;94.0;46;30.59;6810.0;-0.78;-0.78;28.24;117.2;44.0;47.06;52.94
4600;2549;96.0;46;32.55;6870.0;-0.78;0.00;28.63;117.7;45.5;47.06;52.94
4609;2565;96.0;46;34.90;6930.0;-0.78;0.00;29.41;118.2;46.5;47.06;52.94
4619;2582;96.0;46;36.86;6980.0;-0.78;0.00;29.80;118.7;47.5;47.06;52.94
4631;2598;96.0;46;37.65;7040.0;-0.78;0.00;30.59;119.2;48.5;47.06;52.94
4641;2615;96.0;46;38.43;7330.0;-0.78;0.00;30.98;119.7;49.5;47.06;52.94
4650;2631;96.0;46;39.22;7630.0;-0.78;0.00;31.76;120.3;50.5;47.06;52.94
4659;2648;97.0;46;40.00;7920.0;-0.78;0.00;32.16;120.8;52.0;47.06;52.94
4670;2664;97.0;46;40.78;8220.0;-0.78;0.00;32.16;121.3;53.0;47.06;52.94
4679;2681;97.0;46;41.57;8510.0;-0.78;0.00;32.16;119.8;54.0;47.06;52.94
4691;2697;97.0;46;42.35;8810.0;-0.78;0.00;32.16;118.3;54.5;43.14;56.86
4705;2713;97.0;46;43.14;9100.0;-0.78;0.00;32.16;116.8;54.5;43.14;56.86
4720;2730;97.0;46;43.92;9400.0;-0.78;-0.78;32.16;115.3;55.0;43.14;56.86
4732;2747;96.0;46;44.71;9690.0;-0.78;-0.78;31.76;113.8;55.0;43.14;56.86
4752;2764;95.0;46;45.49;9990.0;-0.78;-0.78;31.76;112.3;55.5;43.14;56.86
4770;2781;94.0;46;43.14;10280.0;-0.78;-0.78;31.76;110.8;55.5;43.14;56.86
4780;2798;93.0;46;40.78;10340.0;-0.78;-0.78;31.76;109.3;56.0;43.14;56.86
4791;2816;92.0;46;38.43;10400.0;-0.78;-0.78;31.76;107.8;56.0;43.14;56.86
4800;2833;92.0;46;36.08;10460.0;-0.78;-0.78;31.76;106.3;56.5;43.14;56.86
4810;2850;91.0;46;33.73;10520.0;-0.78;-0.78;31.76;104.8;56.5;43.14;56.86
4822;2867;90.0;46;30.98;10580.0;-0.78;-0.78;31.76;104.6;57.0;43.14;56.86
4840;2884;89.0;46;28.63;10640.0;-0.78;-0.78;31.76;104.4;56.5;67.06;32.94
4856;2901;88.0;46;26.27;10700.0;0.00;-0.78;31.76;104.1;55.5;67.06;32.94
4871;2911;87.0;46;23.92;10760.0;0.00;0.00;31.76;103.9;55.0;67.06;32.94
4881;2921;85.0;46;21.57;10820.0;0.00;0.00;31.37;103.6;54.5;67.06;32.94
4889;2931;83.0;46;19.22;10880.0;0.00;0.00;31.37;103.4;53.5;67.06;32.94
4901;2941;81.0;46;18.82;10940.0;0.00;0.00;31.37;103.2;53.0;67.06;32.94
4910;2951;79.0;46;18.43;10780.0;0.00;0.00;31.37;102.9;52.0;67.06;32.94
4919;2961;77.0;46;17.65;10610.0;0.00;0.00;31.37;102.7;51.5;67.06;32.94
4931;2971;74.0;46;17.25;10450.0;0.00;0.00;31.37;102.5;51.0;67.06;32.94
4940;2982;72.0;46;16.86;10280.0;0.00;0.00;30.20;102.2;50.0;67.06;32.94
4952;2992;70.0;46;16.47;10120.0;0.00;0.00;29.02;102.2;49.5;67.06;32.94
4970;3002;68.0;46;16.08;9950.0;0.00;0.00;27.84;102.2;49.0;67.06;32.94
4985;3012;66.0;46;15.69;9790.0;0.00;0.00;26.67;102.2;48.5;67.06;32.94
5000;3028;64.0;46;14.90;9620.0;0.00;0.00;25.49;102.2;48.5;67.06;32.94
5012;3044;64.0;46;14.51;9460.0;0.00;0.00;23.92;102.2;48.0;67.06;32.94
5021;3060;63.0;46;14.12;9290.0;0.00;0.00;22.75;102.2;47.5;67.06;32.94
5032;3076;63.0;46;14.12;9130.0;0.00;0.00;21.57;102.2;47.0;67.06;32.94
5041;3092;63.0;46;13.73;8990.0;0.00;0.00;20.39;102.2;46.5;67.06;32.94
5050;3107;62.0;46;13.73;8850.0;0.00;0.00;19.22;102.2;46.0;67.06;32.94
5062;3123;62.0;46;13.73;8710.0;0.00;0.00;18.04;102.2;46.0;67.06;32.94
5080;3139;61.0;46;13.73;8570.0;0.00;0.00;18.04;102.2;45.5;67.06;32.94
5092;3155;61.0;46;13.33;8430.0;0.00;0.00;18.04;102.2;45.0;67.06;32.94
5110;3171;61.0;46;13.33;8300.0;0.00;0.00;17.65;102.1;45.0;56.86;43.14
5125;3187;60.0;46;13.33;8160.0;0.00;0.00;17.65;102.0;44.5;56.86;43.14
5141;3184;60.0;46;13.33;8020.0;0.00;0.00;17.65;102.0;44.5;56.86;43.14
5150;3181;59.0;46;12.94;7880.0;0.00;0.00;17.65;101.9;44.5;56.86;43.14
5159;3177;59.0;46;12.94;7740.0;0.00;0.00;17.65;101.9;44.5;56.86;43.14
5171;3174;58.0;46;12.94;7600.0;0.00;0.00;17.65;101.8;44.0;56.86;43.14
5180;3171;57.0;46;12.55;7520.0;0.00;0.00;17.25;101.7;44.0;56.86;43.14
5189;3168;57.0;46;12.55;7440.0;0.00;0.00;17.25;101.7;44.0;56.86;43.14
5201;3165;56.0;46;12.55;7360.0;-0.78;0.00;17.25;101.6;44.0;56.86;43.14
5210;3161;56.0;46;12.55;7280.0;-0.78;0.00;16.86;101.5;43.5;56.86;43.14
5222;3158;55.0;46;12.16;7200.0;-0.78;-0.78;16.47;101.5;43.5;56.86;43.14
5240;3155;54.0;46;12.16;7130.0;-0.78;-0.78;16.47;101.4;43.5;58.04;41.96
5255;3152;54.0;46;12.16;7050.0;-1.56;-0.78;16.08;101.3;43.0;58.04;41.96
5276;3147;53.0;46;12.16;6970.0;-1.56;-0.78;15.69;101.3;43.0;58.04;41.96
5291;3142;53.0;46;11.76;6890.0;-1.56;-0.78;15.29;101.2;43.0;58.04;41.96
5300;3138;53.0;46;11.76;6810.0;-1.56;-0.78;14.90;101.1;43.0;58.04;41.96
5312;3133;52.0;46;11.76;6730.0;-2.34;-1.56;14.51;101.1;42.5;58.04;41.96
5330;3128;52.0;46;11.76;6710.0;-2.34;-1.56;14.51;101.0;42.5;58.04;41.96
5342;3124;52.0;46;11.76;6700.0;-2.34;-1.56;14.12;100.9;42.5;58.04;41.96
5360;3119;52.0;46;11.76;6680.0;-2.34;-1.56;13.73;100.9;42.5;58.04;41.96
5372;3114;52.0;46;11.76;6670.0;-3.13;-1.56;13.73;100.8;42.0;58.04;41.96
5390;3109;52.0;46;11.76;6650.0;-3.13;-1.56;13.33;100.7;42.0;58.04;41.96
5402;3105;51.0;46;11.76;6640.0;-3.13;-1.56;13.33;100.7;42.0;70.98;29.02
5426;3100;51.0;46;11.76;6620.0;-3.13;-1.56;13.33;100.6;42.0;70.98;29.02
5440;3042;51.0;46;11.76;6610.0;-3.13;-2.34;13.33;100.5;42.0;70.98;29.02
5451;2984;51.0;46;11.76;6590.0;-3.13;-2.34;12.94;100.5;42.0;70.98;29.02
5460;2926;52.0;46;11.76;6580.0;-3.91;-2.34;12.94;100.4;42.0;70.98;29.02
5470;2868;52.0;46;11.37;6560.0;-3.91;-2.34;12.94;100.3;42.0;70.98;29.02
5482;2810;52.0;46;11.37;6560.0;-3.91;-2.34;12.94;100.2;42.0;70.98;29.02
5491;2751;53.0;46;10.98;6570.0;-3.91;-2.34;12.55;100.2;42.0;70.98;29.02
5500;2693;53.0;46;10.59;6570.0;-3.13;-2.34;12.55;100.1;42.0;70.98;29.02
5511;2635;54.0;46;10.20;6570.0;-3.13;-2.34;13.33;100.0;42.0;70.98;29.02
5521;2577;54.0;46;10.20;6570.0;-2.34;-1.56;14.12;100.0;42.0;70.98;29.02
5533;2519;54.0;46;9.80;6580.0;-2.34;-1.56;14.51;100.0;42.0;0.00;100.00
5557;2461;55.0;46;9.41;6580.0;-1.56;-1.56;15.29;99.9;42.5;0.00;100.00
5572;2443;55.0;46;9.02;6580.0;-1.56;-1.56;16.08;99.9;42.5;0.00;100.00
5590;2424;55.0;46;9.02;6580.0;-0.78;-1.56;16.86;99.8;43.0;0.00;100.00
5599;2406;56.0;46;8.63;6590.0;-0.78;-1.56;17.65;99.8;43.0;0.00;100.00
5611;2388;56.0;46;8.63;6590.0;0.00;-0.78;18.43;99.8;43.5;0.00;100.00
5622;2369;56.0;46;9.02;6590.0;0.00;-0.78;18.82;99.7;43.5;0.00;100.00
5639;2351;56.0;46;9.02;6590.0;0.78;-0.78;19.61;99.7;44.0;0.00;100.00
5651;2332;57.0;46;9.02;6590.0;0.78;0.00;20.39;99.6;44.0;0.00;100.00
5660;2314;57.0;46;9.41;6590.0;1.56;0.00;20.78;99.6;44.5;0.00;100.00
5669;2296;57.0;46;9.41;6590.0;2.34;0.78;21.18;99.7;44.5;0.00;100.00
5680;2277;57.0;46;9.80;6590.0;3.13;1.56;21.18;99.7;44.5;0.00;100.00
5697;2259;58.0;46;9.80;6590.0;3.13;1.56;21.57;99.8;44.0;0.00;100.00
5709;2273;58.0;46;9.80;6590.0;3.91;2.34;21.96;99.8;44.0;0.00;100.00
5718;2288;58.0;46;10.20;6590.0;4.69;2.34;22.35;99.9;44.0;0.00;100.00
5730;2302;59.0;46;10.20;6590.0;5.47;3.13;22.75;100.0;43.5;0.00;100.00
5738;2316;59.0;46;10.20;6590.0;5.47;3.91;23.14;100.0;43.5;0.00;100.00
5751;2330;60.0;46;10.20;6570.0;6.25;3.91;23.14;100.1;43.0;0.00;100.00
5760;2344;60.0;46;10.59;6560.0;6.25;4.69;23.53;100.1;43.0;0.00;100.00
5768;2359;61.0;46;10.59;6540.0;6.25;4.69;23.92;100.2;43.0;0.00;100.00
5780;2373;61.0;46;10.59;6530.0;5.47;4.69;23.92;100.3;42.5;0.00;100.00
5791;2387;62.0;46;10.59;6510.0;5.47;4.69;23.92;100.3;42.5;0.00;100.00
5800;2401;62.0;46;10.59;6500.0;5.47;4.69;23.92;100.3;42.5;23.14;76.86
5815;2415;63.0;46;10.59;6480.0;5.47;4.69;23.92;100.3;42.5;23.14;76.86
5830;2413;63.0;46;10.98;6470.0;5.47;4.69;23.92;100.3;42.5;23.14;76.86
5839;2411;63.0;46;10.98;6450.0;5.47;4.69;23.92;100.3;42.5;23.14;76.86
5848;2409;63.0;46;10.98;6440.0;4.69;4.69;23.92;100.3;42.5;23.14;76.86
5860;2407;63.0;46;10.98;6420.0;4.69;4.69;23.92;100.3;42.0;23.14;76.86
5872;2405;63.0;46;10.98;6410.0;4.69;4.69;23.92;100.3;42.0;23.14;76.86
5890;2403;63.0;46;10.98;6390.0;4.69;4.69;23.92;100.3;42.0;23.14;76.86
5899;2401;63.0;46;10.98;6380.0;4.69;4.69;23.92;100.3;42.0;23.14;76.86
5911;2399;63.0;47;10.98;6370.0;4.69;4.69;23.92;100.3;42.0;23.14;76.86
5920;2397;63.0;47;10.59;6360.0;4.69;4.69;23.92;100.3;42.0;23.14;76.86
5929;2395;63.0;47;10.59;6340.0;4.69;4.69;23.92;100.3;42.0;61.96;38.04
5946;2393;63.0;47;10.59;6330.0;3.91;4.69;23.92;100.3;42.0;61.96;38.04
5959;2392;63.0;47;10.59;6320.0;3.91;4.69;23.92;100.3;42.0;61.96;38.04
5968;2391;63.0;47;10.59;6310.0;3.91;4.69;23.92;100.3;42.0;61.96;38.04
5980;2391;63.0;47;10.59;6290.0;3.91;4.69;23.92;100.3;42.0;61.96;38.04
5989;2390;64.0;47;10.59;6280.0;3.91;4.69;23.92;100.3;41.5;61.96;38.04
5998;2389;64.0;47;10.98;6270.0;3.91;4.69;23.92;100.3;41.5;61.96;38.04
6010;2388;64.0;47;10.98;6270.0;3.91;4.69;23.92;100.3;41.5;61.96;38.04
6019;2388;64.0;47;10.98;6260.0;3.13;4.69;23.92;100.3;41.5;61.96;38.04
6028;2387;64.0;47;11.37;6250.0;3.13;3.91;23.92;100.3;41.5;61.96;38.04
6040;2386;64.0;47;11.37;6250.0;3.13;3.91;23.92;100.4;41.5;61.96;38.04
6049;2386;65.0;47;11.76;6240.0;2.34;3.91;23.92;100.4;41.5;63.14;36.86
6064;2385;65.0;47;11.76;6240.0;2.34;3.91;23.92;100.4;41.5;63.14;36.86
6079;2388;65.0;47;11.76;6230.0;1.56;3.13;23.92;100.5;41.5;63.14;36.86
6090;2391;65.0;47;12.16;6220.0;1.56;3.13;23.92;100.5;41.5;63.14;36.86
6100;2395;65.0;47;12.16;6220.0;1.56;3.13;23.92;100.5;41.5;63.14;36.86
6109;2398;66.0;47;12.16;6210.0;0.78;3.13;23.92;100.6;41.5;63.14;36.86
6121;2401;66.0;47;12.16;6210.0;0.78;2.34;23.92;100.6;41.5;63.14;36.86
6130;2404;66.0;47;12.16;6210.0;0.78;2.34;23.92;100.7;41.5;63.14;36.86
6139;2407;66.0;47;12.16;6210.0;0.78;2.34;23.92;100.7;41.5;63.14;36.86
6148;2411;66.0;47;12.16;6210.0;0.78;2.34;23.92;100.7;41.5;63.14;36.86
6160;2414;66.0;47;11.76;6210.0;0.78;1.56;23.92;100.8;41.5;63.14;36.86
6172;2417;67.0;47;11.76;6210.0;0.78;1.56;24.31;100.8;41.5;58.04;41.96
6196;2420;67.0;47;11.76;6210.0;0.00;1.56;24.31;100.8;41.5;58.04;41.96
6210;2421;67.0;47;11.76;6210.0;0.00;1.56;24.31;100.8;41.5;58.04;41.96
6219;2422;67.0;47;11.76;6210.0;0.00;1.56;24.31;100.8;41.5;58.04;41.96
6229;2422;67.0;47;11.76;6210.0;0.00;1.56;24.31;100.8;41.5;58.04;41.96
6240;2423;67.0;47;11.76;6210.0;0.00;0.78;24.31;100.8;41.5;58.04;41.96
6249;2424;67.0;47;11.76;6230.0;0.00;0.78;24.71;100.8;41.5;58.04;41.96
6260;2424;67.0;47;12.16;6250.0;0.00;0.78;24.71;100.8;41.5;58.04;41.96
6272;2425;68.0;47;12.16;6280.0;0.00;0.78;24.71;100.8;41.5;58.04;41.96
6289;2425;68.0;47;12.16;6300.0;0.00;0.78;24.71;100.8;41.5;58.04;41.96
6299;2426;68.0;47;12.16;6320.0;0.00;0.78;24.71;100.9;41.5;58.04;41.96
6311;2427;68.0;47;12.16;6340.0;0.00;0.78;24.31;100.9;41.5;56.08;43.92
6326;2427;68.0;47;12.16;6360.0;-0.78;0.78;24.31;100.9;41.5;56.08;43.92
6341;2429;68.0;47;12.55;6380.0;-0.78;0.00;24.31;101.0;41.5;56.08;43.92
6350;2430;68.0;47;12.55;6410.0;-0.78;0.00;24.31;101.0;41.5;56.08;43.92
6362;2431;69.0;47;12.55;6430.0;-0.78;0.00;24.31;101.1;41.5;56.08;43.92
6371;2432;69.0;47;12.55;6450.0;-0.78;0.00;24.31;101.1;41.5;56.08;43.92
6380;2433;70.0;47;12.94;6440.0;-0.78;0.00;23.92;101.1;41.5;56.08;43.92
6389;2434;70.0;47;12.94;6440.0;-0.78;0.00;23.92;101.2;41.5;56.08;43.92
6401;2436;71.0;47;12.94;6430.0;-0.78;0.00;23.92;101.2;41.5;56.08;43.92
6410;2437;71.0;47;13.33;6420.0;-0.78;0.00;23.92;101.3;41.5;56.08;43.92
6419;2438;72.0;47;13.33;6420.0;-0.78;0.00;24.31;101.3;41.5;56.08;43.92
6430;2439;72.0;47;13.73;6410.0;-0.78;0.00;24.31;101.4;41.5;56.08;43.92
6446;2440;73.0;47;13.73;6410.0;-1.56;0.00;24.31;101.5;41.5;56.08;43.92
6460;2444;73.0;47;13.73;6400.0;-1.56;0.00;24.71;101.5;41.5;56.08;43.92
6469;2447;74.0;47;14.12;6390.0;-1.56;0.00;24.71;101.6;41.5;56.08;43.92
6480;2450;74.0;47;14.12;6390.0;-1.56;0.00;25.10;101.6;41.5;56.08;43.92
6489;2453;75.0;47;14.12;6380.0;-1.56;0.00;25.10;101.7;42.0;56.08;43.92
6498;2456;76.0;47;14.51;6370.0;-1.56;0.00;25.10;101.8;42.0;56.08;43.92
6510;2459;76.0;47;14.51;6370.0;-1.56;0.00;25.49;101.8;42.0;56.08;43.92
6519;2462;77.0;47;14.90;6360.0;-1.56;0.00;25.49;101.9;42.0;56.08;43.92
6528;2465;77.0;47;14.90;6350.0;-1.56;0.00;25.88;101.9;42.0;56.08;43.92
6540;2469;78.0;47;15.29;6350.0;-1.56;0.00;25.88;102.0;42.0;56.08;43.92
6549;2472;79.0;47;15.29;6340.0;-1.56;0.00;26.27;102.0;42.0;45.88;54.12
6567;2475;79.0;47;15.69;6340.0;-1.56;0.00;26.27;102.0;42.0;45.88;54.12
6579;2476;80.0;47;15.69;6330.0;-1.56;-0.78;26.67;102.0;42.0;45.88;54.12
6591;2478;80.0;47;16.08;6320.0;-1.56;-0.78;26.67;102.0;42.0;45.88;54.12
6600;2479;80.0;47;16.08;6320.0;-1.56;-0.78;27.06;102.0;42.0;45.88;54.12
6609;2481;80.0;47;16.08;6310.0;-1.56;-0.78;27.06;102.0;42.0;45.88;54.12
6621;2482;80.0;47;16.08;6300.0;-1.56;-0.78;27.45;102.0;42.0;45.88;54.12
6629;2484;80.0;47;16.08;6290.0;-1.56;-0.78;27.45;102.0;42.0;45.88;54.12
6641;2485;79.0;47;16.08;6280.0;-1.56;-0.78;27.84;102.0;42.0;45.88;54.12
6650;2487;79.0;47;16.08;6270.0;-1.56;-0.78;27.84;102.0;42.0;45.88;54.12
6659;2488;79.0;47;15.69;6260.0;-1.56;-0.78;27.45;102.0;42.0;45.88;54.12
6671;2489;79.0;47;15.69;6260.0;-1.56;-0.78;27.45;102.0;42.0;41.96;58.04
6685;2491;79.0;47;15.69;6250.0;-2.34;-0.78;27.06;102.0;42.0;41.96;58.04
6700;2491;79.0;47;15.69;6240.0;-2.34;-1.56;27.06;102.0;42.0;41.96;58.04
6711;2491;79.0;47;15.69;6230.0;-2.34;-1.56;26.67;102.0;42.0;41.96;58.04
6719;2492;79.0;47;15.69;6220.0;-2.34;-1.56;26.67;102.0;42.0;41.96;58.04
6730;2492;79.0;47;15.69;6210.0;-2.34;-1.56;26.27;102.0;41.5;41.96;58.04
6741;2492;79.0;47;15.69;6230.0;-2.34;-1.56;26.27;102.0;41.5;41.96;58.04
6750;2492;79.0;47;15.69;6250.0;-2.34;-1.56;25.88;102.0;41.5;41.96;58.04
6759;2492;78.0;47;15.69;6270.0;-3.13;-1.56;25.88;102.0;41.5;41.96;58.04
6771;2493;78.0;47;15.69;6290.0;-3.13;-1.56;25.88;102.0;41.5;41.96;58.04
6780;2493;78.0;47;15.69;6310.0;-3.13;-1.56;25.88;102.0;41.5;41.96;58.04
6791;2493;78.0;47;15.69;6320.0;-3.13;-1.56;25.49;102.0;41.5;41.96;58.04
6805;2493;78.0;47;15.69;6340.0;-3.91;-1.56;25.49;102.0;41.5;41.96;58.04
6820;2495;78.0;47;15.69;6360.0;-3.91;-2.34;25.49;102.0;41.5;41.96;58.04
6829;2497;78.0;47;15.69;6380.0;-3.91;-2.34;25.49;102.0;41.5;41.96;58.04
6838;2499;78.0;47;15.69;6400.0;-3.91;-2.34;25.49;102.0;41.5;41.96;58.04
6851;2501;78.0;47;15.69;6420.0;-4.69;-2.34;25.49;102.0;42.0;41.96;58.04
6860;2503;78.0;47;15.69;6420.0;-4.69;-2.34;25.10;102.0;42.0;41.96;58.04
6871;2505;78.0;47;15.69;6410.0;-4.69;-2.34;25.10;102.0;42.0;41.96;58.04
6879;2507;78.0;47;15.69;6410.0;-4.69;-2.34;25.10;102.0;42.0;41.96;58.04
6891;2508;78.0;47;15.69;6410.0;-4.69;-2.34;25.10;102.0;42.0;41.96;58.04
6900;2510;78.0;47;15.69;6400.0;-4.69;-2.34;25.10;102.0;42.0;41.96;58.04
6909;2512;78.0;47;15.69;6400.0;-4.69;-2.34;25.10;102.0;42.0;43.14;56.86
6927;2514;78.0;47;15.69;6390.0;-5.47;-2.34;25.10;102.0;42.0;43.14;56.86
6939;2515;78.0;47;15.69;6390.0;-5.47;-3.13;25.10;102.0;42.0;43.14;56.86
6951;2516;78.0;47;15.69;6390.0;-5.47;-3.13;24.71;102.0;42.0;43.14;56.86
6960;2517;78.0;47;15.69;6380.0;-5.47;-3.13;24.71;102.0;42.0;43.14;56.86
6969;2518;78.0;47;15.69;6380.0;-5.47;-3.13;24.71;102.0;42.0;43.14;56.86
6980;2518;78.0;47;15.69;6370.0;-5.47;-3.13;24.71;102.0;42.0;43.14;56.86
6988;2519;78.0;47;15.69;6360.0;-5.47;-3.13;24.71;102.0;42.0;43.14;56.86
7000;2520;77.0;47;15.69;6350.0;-5.47;-3.13;24.71;102.0;42.0;43.14;56.86
7009;2521;77.0;47;15.69;6340.0;-5.47;-3.13;24.71;102.0;42.0;43.14;56.86
7021;2522;77.0;47;15.29;6330.0;-5.47;-3.13;24.71;102.0;42.0;43.14;56.86
7030;2523;77.0;47;15.29;6330.0;-5.47;-3.13;24.71;102.0;42.0;43.92;56.08
7045;2524;77.0;47;15.29;6320.0;-6.25;-3.13;24.71;102.0;42.0;43.92;56.08
7060;2525;77.0;47;15.29;6310.0;-6.25;-3.91;24.71;102.0;42.0;43.92;56.08
7068;2526;77.0;47;15.29;6300.0;-6.25;-3.91;24.31;102.0;42.0;43.92;56.08
7080;2527;77.0;47;15.29;6290.0;-6.25;-3.91;24.31;102.0;42.0;43.92;56.08
7090;2528;77.0;47;15.29;6280.0;-6.25;-3.91;24.31;102.0;42.5;43.92;56.08
7099;2529;77.0;47;15.29;6270.0;-6.25;-3.91;24.31;102.0;42.5;43.92;56.08
7110;2530;77.0;47;15.29;6260.0;-6.25;-3.91;24.31;102.0;42.5;43.92;56.08
7119;2531;77.0;47;15.29;6250.0;-6.25;-3.91;24.31;102.0;42.5;43.92;56.08
7128;2532;77.0;47;15.29;6240.0;-7.03;-3.91;24.31;102.0;42.5;43.92;56.08
7140;2533;77.0;47;15.29;6230.0;-7.03;-4.69;24.31;102.0;42.5;43.92;56.08
7149;2534;77.0;47;15.29;6220.0;-7.03;-4.69;24.31;102.0;42.5;43.92;56.08
7164;2535;77.0;47;15.29;6210.0;-7.03;-4.69;24.31;101.9;42.5;43.92;56.08
7179;2535;77.0;47;15.29;6200.0;-7.03;-4.69;24.31;101.9;42.5;43.92;56.08
7188;2535;76.0;47;15.29;6190.0;-7.03;-4.69;24.31;101.8;42.5;43.92;56.08
7200;2535;76.0;47;15.29;6180.0;-7.81;-4.69;24.31;101.8;42.5;43.92;56.08
7209;2535;75.0;47;14.90;6170.0;-7.81;-5.47;24.31;101.8;42.5;43.92;56.08
7218;2535;74.0;47;14.51;6160.0;-7.81;-5.47;24.31;101.7;42.5;43.92;56.08
7230;2535;74.0;47;14.51;6150.0;-7.81;-5.47;24.31;101.7;42.5;43.92;56.08
7239;2536;73.0;47;14.12;6140.0;-7.81;-5.47;24.31;101.6;42.5;43.92;56.08
7250;2536;73.0;47;13.73;6130.0;-8.59;-5.47;23.92;101.6;42.5;43.92;56.08
7259;2536;72.0;47;13.33;6120.0;-8.59;-6.25;23.53;101.5;42.5;43.92;56.08
7271;2536;71.0;47;12.94;6120.0;-8.59;-6.25;23.14;101.5;42.5;47.06;52.94
7296;2536;71.0;47;12.55;6110.0;-8.59;-6.25;22.75;101.4;42.5;47.06;52.94
7311;2535;70.0;47;12.55;6100.0;-8.59;-6.25;22.35;101.4;42.5;47.06;52.94
7320;2533;70.0;47;12.16;6090.0;-8.59;-6.25;22.35;101.3;42.5;47.06;52.94
7329;2532;69.0;47;11.76;6080.0;-9.38;-6.25;21.96;101.3;42.5;47.06;52.94
7341;2531;69.0;47;11.76;6070.0;-9.38;-7.03;21.57;101.2;42.0;47.06;52.94
7350;2530;68.0;47;11.76;6100.0;-9.38;-7.03;21.18;101.2;42.0;47.06;52.94
7362;2528;68.0;47;12.16;6140.0;-9.38;-7.03;20.78;101.1;42.0;47.06;52.94
7380;2527;67.0;47;12.16;6170.0;-9.38;-7.03;20.39;101.1;42.0;47.06;52.94
7389;2526;67.0;48;12.16;6210.0;-9.38;-7.03;20.39;101.0;42.0;47.06;52.94
7398;2524;66.0;48;12.16;6240.0;-9.38;-7.03;20.00;101.0;42.0;47.06;52.94
7410;2523;66.0;48;12.16;6280.0;-9.38;-7.03;20.00;101.0;42.0;56.08;43.92
7425;2522;65.0;48;12.16;6310.0;-8.59;-7.03;20.00;101.0;42.0;56.08;43.92
7440;2520;65.0;48;12.55;6350.0;-8.59;-7.03;19.61;101.0;42.0;56.08;43.92
7451;2519;65.0;48;12.55;6380.0;-8.59;-7.03;19.61;101.0;42.0;56.08;43.92
7460;2517;65.0;48;12.55;6420.0;-8.59;-7.03;19.22;101.0;42.0;56.08;43.92
7469;2516;65.0;48;12.55;6450.0;-8.59;-7.03;19.22;101.0;42.0;56.08;43.92
7481;2515;65.0;48;12.55;6420.0;-8.59;-7.03;19.22;101.0;42.0;56.08;43.92
7490;2513;65.0;48;12.55;6390.0;-8.59;-7.03;18.82;101.0;42.0;56.08;43.92
7500;2512;65.0;48;12.55;6370.0;-8.59;-7.03;18.82;101.0;42.0;56.08;43.92
7511;2510;65.0;48;12.55;6340.0;-8.59;-7.03;18.82;101.0;42.0;56.08;43.92
7520;2509;65.0;48;12.55;6310.0;-8.59;-7.03;18.82;101.1;42.0;56.08;43.92
7529;2508;65.0;48;12.55;6280.0;-8.59;-7.03;18.82;101.1;42.0;60.00;40.00
7546;2506;65.0;48;12.55;6250.0;-9.38;-7.03;18.82;101.2;42.0;60.00;40.00
7560;2504;65.0;48;12.55;6220.0;-9.38;-7.03;18.82;101.2;42.0;60.00;40.00
7569;2502;66.0;48;12.55;6200.0;-9.38;-7.03;19.22;101.3;42.0;60.00;40.00
7581;2501;66.0;48;12.55;6170.0;-9.38;-7.03;19.22;101.3;42.0;60.00;40.00
7589;2499;67.0;48;12.94;6140.0;-9.38;-7.03;19.22;101.4;42.0;60.00;40.00
7601;2497;67.0;48;12.94;6140.0;-9.38;-7.03;19.22;101.4;42.0;60.00;40.00
7610;2495;68.0;48;13.33;6140.0;-9.38;-7.03;19.22;101.5;42.0;60.00;40.00
7621;2493;68.0;48;13.33;6140.0;-8.59;-7.03;19.22;101.5;42.0;60.00;40.00
7630;2492;69.0;48;13.73;6140.0;-8.59;-7.03;19.61;101.6;42.0;60.00;40.00
7639;2490;69.0;48;13.73;6140.0;-8.59;-6.25;19.61;101.6;42.0;60.00;40.00
7651;2488;70.0;48;14.12;6140.0;-8.59;-6.25;20.00;101.6;42.0;58.04;41.96
7666;2486;70.0;48;14.12;6140.0;-7.81;-6.25;20.00;101.6;42.0;58.04;41.96
7680;2496;71.0;48;14.51;6140.0;-7.81;-6.25;20.39;101.7;42.0;58.04;41.96
7689;2505;71.0;48;14.51;6140.0;-7.81;-6.25;20.39;101.7;42.0;58.04;41.96
7701;2514;72.0;48;14.90;6140.0;-7.81;-6.25;20.78;101.7;42.0;58.04;41.96
7710;2524;72.0;48;14.90;6140.0;-7.03;-5.47;20.78;101.8;42.0;58.04;41.96
7719;2533;72.0;48;14.90;6170.0;-7.03;-5.47;21.18;101.8;42.0;58.04;41.96
7731;2542;72.0;48;14.90;6190.0;-7.03;-5.47;21.18;101.8;42.0;58.04;41.96
7739;2552;73.0;48;14.90;6220.0;-7.03;-5.47;21.57;101.8;42.0;58.04;41.96
7751;2561;73.0;48;14.90;6240.0;-7.03;-5.47;21.57;101.9;42.0;58.04;41.96
7759;2571;73.0;48;14.90;6270.0;-7.03;-5.47;21.57;101.9;42.0;58.04;41.96
7771;2580;73.0;48;14.90;6290.0;-7.03;-5.47;21.96;101.9;42.0;50.20;49.80
7786;2589;74.0;48;14.90;6320.0;-6.25;-5.47;21.96;101.9;42.0;50.20;49.80
7801;2586;74.0;48;14.90;6340.0;-6.25;-4.69;21.96;101.9;42.0;50.20;49.80
7810;2584;74.0;48;14.90;6370.0;-6.25;-4.69;21.96;101.9;42.0;50.20;49.80
7820;2581;74.0;48;14.90;6390.0;-6.25;-4.69;21.96;101.9;42.0;50.20;49.80
7829;2578;74.0;48;14.90;6420.0;-6.25;-4.69;21.96;101.9;42.0;50.20;49.80
7841;2575;74.0;48;14.90;6400.0;-6.25;-4.69;22.35;101.9;42.0;50.20;49.80
7850;2572;74.0;48;14.90;6390.0;-6.25;-4.69;22.35;101.9;42.0;50.20;49.80
7859;2569;75.0;48;14.90;6370.0;-6.25;-4.69;22.35;102.0;42.0;50.20;49.80
7871;2566;75.0;48;14.90;6350.0;-6.25;-4.69;22.35;102.0;42.0;50.20;49.80
7880;2563;75.0;48;14.90;6340.0;-6.25;-4.69;22.75;102.0;42.0;50.20;49.80
7889;2560;75.0;48;14.90;6320.0;-6.25;-4.69;22.75;102.1;42.0;49.02;50.98
7906;2557;75.0;48;14.90;6310.0;-6.25;-4.69;22.75;102.1;42.0;49.02;50.98
7921;2554;75.0;48;14.90;6290.0;-6.25;-4.69;22.75;102.2;42.0;49.02;50.98
7930;2551;76.0;48;14.90;6270.0;-6.25;-4.69;23.14;102.2;42.0;49.02;50.98
7942;2548;77.0;48;14.90;6260.0;-6.25;-4.69;23.14;102.3;42.0;49.02;50.98
7951;2544;78.0;48;15.69;6240.0;-6.25;-4.69;23.14;102.3;42.0;49.02;50.98
7960;2541;79.0;48;16.08;6290.0;-6.25;-4.69;23.14;102.4;42.0;49.02;50.98
7972;2538;80.0;48;16.86;6350.0;-6.25;-4.69;23.53;102.4;42.0;49.02;50.98
7989;2535;81.0;48;17.65;6400.0;-6.25;-4.69;23.53;102.5;42.0;49.02;50.98
8001;2532;82.0;48;18.43;6450.0;-5.47;-4.69;23.92;102.5;42.0;49.02;50.98
8010;2529;83.0;48;18.82;6510.0;-5.47;-3.91;24.71;105.3;42.0;49.02;50.98
8020;2526;84.0;48;19.61;6560.0;-5.47;-3.91;25.10;108.0;43.0;47.84;52.16
8034;2522;85.0;48;20.39;6620.0;-5.47;-3.91;25.49;110.7;43.5;47.84;52.16
8049;2531;86.0;48;21.18;6670.0;-5.47;-3.91;25.88;113.4;44.5;47.84;52.16
8061;2541;87.0;48;21.57;6720.0;-5.47;-3.91;26.67;116.2;45.0;47.84;52.16
8069;2550;88.0;48;22.35;6780.0;-4.69;-3.91;27.06;118.9;46.0;47.84;52.16
8081;2559;89.0;48;24.71;6830.0;-4.69;-3.13;27.45;121.6;46.5;47.84;52.16
8091;2568;90.0;48;27.06;6860.0;-4.69;-3.13;27.84;124.4;47.5;47.84;52.16
8099;2577;91.0;48;29.41;6890.0;-4.69;-3.13;28.63;127.1;48.0;47.84;52.16
8111;2586;92.0;48;31.76;6920.0;-4.69;-3.13;29.02;129.8;49.0;47.84;52.16
8120;2595;93.0;48;34.12;6950.0;-4.69;-3.13;29.02;132.5;49.5;47.84;52.16
8129;2604;94.0;48;36.47;6980.0;-4.69;-3.13;29.41;134.8;50.5;47.84;52.16
8140;2613;95.0;48;38.82;7000.0;-4.69;-3.13;29.41;137.1;52.5;43.14;56.86
8155;2622;96.0;48;41.18;7030.0;-5.47;-3.13;29.41;139.4;54.5;43.14;56.86
8171;2621;97.0;48;43.53;7060.0;-5.47;-3.91;29.80;141.7;56.5;43.14;56.86
8180;2619;97.0;48;45.88;7090.0;-5.47;-3.91;29.80;144.0;58.5;43.14;56.86
8191;2618;97.0;48;48.24;7120.0;-5.47;-3.91;30.20;146.3;60.5;43.14;56.86
8201;2616;97.0;48;48.63;7150.0;-5.47;-3.91;30.20;148.6;63.0;43.14;56.86
8210;2615;97.0;48;49.02;7550.0;-5.47;-3.91;30.20;151.0;65.0;43.14;56.86
8222;2613;97.0;48;49.41;7940.0;-5.47;-3.91;30.59;153.3;67.0;43.14;56.86
8240;2611;98.0;48;49.80;8340.0;-4.69;-3.91;30.59;155.6;69.0;43.14;56.86
8249;2610;98.0;48;50.20;8730.0;-4.69;-3.13;30.98;157.9;71.0;43.14;56.86
8261;2608;98.0;48;50.98;9130.0;-4.69;-3.13;31.37;158.7;73.0;43.14;56.86
8273;2607;98.0;48;51.37;9520.0;-4.69;-3.13;31.76;159.5;75.0;60.00;40.00
8296;2605;98.0;48;51.76;9920.0;-3.91;-2.34;32.16;160.3;76.5;60.00;40.00
8311;2606;98.0;48;52.16;10310.0;-3.91;-2.34;32.55;161.2;78.5;60.00;40.00
8320;2606;98.0;48;52.55;10710.0;-3.91;-1.56;33.33;162.0;80.0;60.00;40.00
8329;2607;99.0;48;52.94;11100.0;-3.91;-1.56;33.73;162.8;82.0;60.00;40.00
8342;2608;99.0;48;52.94;11500.0;-3.13;-1.56;34.12;163.7;83.5;60.00;40.00
8350;2609;99.0;48;53.33;11620.0;-3.13;-0.78;34.51;164.5;85.5;60.00;40.00
8360;2609;99.0;48;53.33;11730.0;-3.13;-0.78;34.90;165.3;87.0;60.00;40.00
8372;2610;100.0;48;53.33;11850.0;-2.34;-0.78;35.29;166.1;89.0;60.00;40.00
8390;2611;100.0;48;53.33;11970.0;-2.34;0.00;35.29;167.0;90.5;60.00;40.00
8399;2611;100.0;48;53.73;12080.0;-1.56;0.00;35.29;167.0;92.5;60.00;40.00
8408;2612;100.0;48;53.73;12200.0;-1.56;0.00;35.69;167.0;93.0;83.14;16.86
8423;2613;101.0;48;53.73;12310.0;-0.78;0.00;35.69;167.1;93.0;83.14;16.86
8440;2618;101.0;48;53.73;12430.0;-0.78;0.78;35.69;167.1;93.5;83.14;16.86
8451;2624;101.0;48;54.12;12550.0;0.00;0.78;35.69;167.1;94.0;83.14;16.86
8461;2629;102.0;48;54.12;12660.0;0.00;0.78;35.69;167.2;94.5;83.14;16.86
8471;2635;102.0;48;54.12;12780.0;0.78;0.78;35.69;167.2;94.5;83.14;16.86
8480;2640;102.0;48;54.12;12980.0;0.78;1.56;36.08;167.2;95.0;83.14;16.86
8491;2646;103.0;48;54.12;13190.0;0.78;1.56;36.08;167.3;95.5;83.14;16.86
8500;2651;103.0;48;54.12;13390.0;0.78;1.56;36.08;167.3;96.0;83.14;16.86
8509;2657;104.0;48;54.12;13590.0;0.78;1.56;36.47;167.3;96.0;83.14;16.86
8520;2663;104.0;48;54.51;13790.0;0.78;1.56;36.86;168.0;96.5;83.14;16.86
8529;2668;104.0;48;54.51;14000.0;0.78;1.56;36.86;168.7;96.5;85.10;14.90
8544;2674;105.0;48;54.51;14200.0;0.78;1.56;37.25;169.4;96.5;85.10;14.90
8562;2676;105.0;48;54.51;14400.0;0.78;1.56;37.65;170.1;96.5;85.10;14.90
8579;2679;105.0;48;54.51;14600.0;0.78;1.56;38.04;170.8;96.5;85.10;14.90
8589;2681;106.0;48;54.51;14810.0;0.78;1.56;38.43;171.4;96.5;85.10;14.90
8601;2684;106.0;48;54.90;15010.0;0.78;1.56;38.82;172.1;96.5;85.10;14.90
8610;2686;107.0;48;55.29;15010.0;0.78;1.56;38.82;172.8;96.5;85.10;14.90
8619;2689;107.0;48;55.29;15020.0;0.78;1.56;39.22;173.5;96.5;85.10;14.90
8631;2691;108.0;48;55.69;15020.0;0.78;1.56;39.61;174.2;96.5;85.10;14.90
8640;2694;108.0;48;56.08;15020.0;0.78;0.78;40.39;174.9;96.5;85.10;14.90
8649;2696;109.0;48;56.47;15030.0;0.78;0.78;40.78;175.8;96.5;85.10;14.90
8661;2699;109.0;48;56.86;15030.0;0.78;0.78;41.57;176.7;96.5;90.20;9.80
8674;2701;110.0;48;57.25;15040.0;0.00;0.78;42.35;177.6;96.5;90.20;9.80
8692;2703;110.0;48;57.25;15040.0;0.00;0.00;43.14;178.6;96.5;90.20;9.80
8709;2705;111.0;48;57.65;15040.0;0.00;0.00;43.53;179.5;96.5;90.20;9.80
8720;2707;112.0;48;58.04;15050.0;0.00;0.00;44.31;180.4;96.5;90.20;9.80
8729;2709;113.0;48;58.43;15050.0;0.00;0.00;45.10;181.3;96.5;90.20;9.80
8738;2711;114.0;48;58.43;15180.0;0.00;-0.78;45.88;182.3;96.5;90.20;9.80
8747;2714;115.0;48;58.82;15310.0;0.00;-0.78;46.27;183.2;96.5;90.20;9.80
8762;2716;115.0;48;58.82;15440.0;0.00;-0.78;47.06;184.1;96.5;90.20;9.80
8779;2718;116.0;48;59.22;15570.0;0.78;-0.78;47.45;185.0;96.5;90.20;9.80
8790;2720;117.0;48;59.22;15700.0;0.78;-0.78;47.84;186.0;96.5;90.20;9.80
8799;2722;118.0;48;59.61;15820.0;0.78;-0.78;48.24;187.0;96.5;90.20;9.80
8814;2724;119.0;48;59.61;15950.0;0.78;-0.78;48.63;187.9;96.5;90.20;9.80
8832;2729;120.0;48;60.00;16080.0;0.78;0.00;49.02;188.9;96.5;90.20;9.80
8849;2734;121.0;48;60.00;16210.0;0.78;0.00;49.02;189.8;96.5;90.20;9.80
8859;2739;122.0;48;60.39;16340.0;1.56;0.00;49.41;190.8;96.5;90.20;9.80
8872;2744;123.0;48;60.78;16470.0;1.56;0.00;49.80;191.8;96.5;90.20;9.80
8889;2750;124.0;48;60.78;16680.0;1.56;0.00;50.20;192.7;96.5;90.20;9.80
8901;2755;125.0;48;61.18;16890.0;1.56;0.00;50.59;193.7;96.5;90.20;9.80
8909;2760;125.0;48;61.57;17110.0;1.56;0.00;50.98;194.7;96.5;90.20;9.80
8921;2765;126.0;48;61.57;17320.0;2.34;0.00;51.37;195.6;96.5;90.20;9.80
8927;2770;127.0;48;61.96;17530.0;2.34;0.00;51.76;195.1;96.5;90.20;9.80
8940;2775;128.0;48;61.96;17740.0;2.34;0.00;52.16;194.6;96.0;90.20;9.80
8954;2781;129.0;48;62.35;17950.0;2.34;0.00;52.55;194.1;96.0;90.20;9.80
8969;2785;130.0;48;62.75;18160.0;2.34;0.78;52.94;193.6;95.5;90.20;9.80
8978;2789;131.0;48;62.75;18380.0;2.34;0.78;52.94;193.0;95.0;90.20;9.80
8992;2793;132.0;48;63.14;18590.0;3.13;0.78;53.33;192.5;95.0;90.20;9.80
9007;2797;133.0;48;63.14;18800.0;3.13;0.78;53.73;192.0;94.5;90.20;9.80
9018;2801;134.0;48;63.14;18910.0;3.13;0.78;54.12;191.5;94.5;90.20;9.80
9027;2805;135.0;48;63.53;19030.0;3.13;0.78;54.51;191.0;94.0;90.20;9.80
9041;2809;137.0;48;63.53;19140.0;3.13;0.78;54.90;190.5;93.5;90.20;9.80
9047;2813;138.0;47;63.53;19260.0;3.13;0.78;55.69;189.9;93.5;90.20;9.80
9061;2817;139.0;47;63.53;19370.0;3.13;1.56;56.86;189.5;93.0;90.20;9.80
9070;2821;140.0;47;63.53;19490.0;3.13;1.56;57.65;189.0;92.5;90.20;9.80
9085;2825;141.0;47;63.53;19600.0;3.91;1.56;58.82;188.5;91.5;90.20;9.80
9100;2832;142.0;47;63.92;19720.0;3.91;1.56;59.61;188.0;91.0;90.20;9.80
9109;2840;143.0;47;63.92;19830.0;3.91;1.56;60.78;187.5;90.0;90.20;9.80
9120;2847;144.0;47;63.92;19950.0;3.91;1.56;61.57;187.1;89.5;90.20;9.80
9129;2854;145.0;47;64.31;20060.0;3.91;2.34;62.75;186.6;88.5;90.20;9.80
9137;2862;146.0;47;64.71;20080.0;3.91;2.34;63.53;186.1;88.0;90.20;9.80
9150;2869;147.0;47;65.10;20110.0;3.91;2.34;64.71;185.6;87.0;90.20;9.80
9159;2877;148.0;47;65.49;20130.0;3.91;2.34;65.49;185.1;86.5;90.20;9.80
9170;2884;149.0;47;65.88;20160.0;3.91;2.34;65.88;184.7;85.5;90.20;9.80
9181;2891;150.0;47;66.27;20180.0;3.91;1.56;66.67;186.8;85.0;90.20;9.80
9190;2899;151.0;47;66.67;20210.0;3.91;1.56;67.06;189.0;85.0;90.20;9.80
9205;2906;152.0;47;67.06;20230.0;3.13;1.56;67.45;191.1;84.5;90.20;9.80
9220;2908;153.0;47;67.45;20260.0;3.13;1.56;67.84;193.3;84.5;90.20;9.80
9229;2911;154.0;47;67.84;20280.0;3.13;1.56;68.63;195.4;84.5;90.20;9.80
9238;2913;156.0;47;68.24;20310.0;3.13;1.56;69.02;197.5;84.0;90.20;9.80
9249;2916;157.0;47;68.63;20330.0;3.13;0.78;69.41;199.7;84.0;90.20;9.80
9258;2918;158.0;47;69.02;20380.0;3.13;0.78;69.80;201.8;83.5;90.20;9.80
9272;2920;160.0;47;69.41;20430.0;3.13;0.78;70.59;204.0;83.5;90.20;9.80
9277;2923;161.0;47;69.80;20470.0;3.13;0.78;70.98;206.1;83.5;90.20;9.80
9289;2925;163.0;47;70.20;20520.0;3.13;0.78;71.37;208.3;83.0;90.20;9.80
9300;2927;164.0;47;70.98;20570.0;3.13;0.78;72.16;208.3;83.0;90.20;9.80
9309;2930;165.0;47;71.37;20620.0;3.13;0.78;72.55;208.3;83.0;90.20;9.80
9324;2932;167.0;47;71.76;20670.0;2.34;0.78;73.33;208.3;83.0;90.20;9.80
9339;2939;168.0;47;72.16;20720.0;2.34;0.00;73.73;208.3;83.0;90.20;9.80
9348;2947;169.0;47;72.55;20760.0;2.34;0.00;74.51;208.3;83.0;90.20;9.80
9360;2954;170.0;47;72.94;20810.0;2.34;0.00;74.90;208.3;83.0;90.20;9.80
9371;2961;171.0;47;72.94;20860.0;2.34;0.00;75.69;208.3;82.5;90.20;9.80
9380;2968;172.0;47;73.33;20820.0;2.34;0.00;76.08;208.3;82.5;90.20;9.80
9389;2975;173.0;47;73.33;20790.0;2.34;0.00;76.86;208.2;82.5;90.20;9.80
9398;2983;173.0;47;73.73;20750.0;2.34;0.00;77.25;208.2;82.5;90.20;9.80
9409;2990;174.0;47;73.73;20720.0;2.34;0.00;77.65;208.2;82.5;90.20;9.80
9418;2997;175.0;47;74.12;20680.0;2.34;0.00;78.43;208.5;82.5;90.20;9.80
9429;3004;176.0;47;74.12;20650.0;2.34;0.00;78.82;208.8;82.5;90.20;9.80
9446;3012;177.0;47;74.51;20610.0;2.34;0.00;79.22;209.1;82.0;90.20;9.80
9458;3017;178.0;47;74.51;20580.0;2.34;0.00;79.61;209.3;82.0;90.20;9.80
9470;3022;180.0;47;74.90;20540.0;2.34;0.00;80.39;209.6;82.0;90.20;9.80
9479;3027;182.0;47;74.90;20510.0;2.34;0.00;80.78;209.9;82.0;90.20;9.80
9488;3032;183.0;47;74.90;20470.0;2.34;0.00;81.18;210.2;81.5;90.20;9.80
9500;3037;185.0;47;75.29;20480.0;2.34;0.00;81.57;210.4;81.5;90.20;9.80
9509;3042;187.0;47;75.29;20500.0;2.34;0.00;82.35;210.7;81.5;90.20;9.80
9518;3047;189.0;47;75.29;20510.0;2.34;0.00;82.75;211.0;81.5;90.20;9.80
9530;3053;191.0;47;75.29;20520.0;2.34;0.00;83.14;211.3;81.0;90.20;9.80
9540;3058;193.0;47;75.69;20530.0;2.34;0.00;83.92;211.4;81.0;90.20;9.80
9549;3063;194.0;47;75.69;20550.0;2.34;0.00;84.31;211.5;81.0;90.20;9.80
9566;3068;196.0;47;75.69;20560.0;1.56;0.00;84.71;211.6;81.0;90.20;9.80
9578;3075;198.0;47;75.69;20570.0;1.56;-0.78;85.49;211.7;81.0;90.20;9.80
9590;3082;199.0;47;76.08;20580.0;1.56;-0.78;85.88;211.8;81.0;90.20;9.80
9599;3089;199.0;47;76.08;20600.0;1.56;-0.78;86.67;211.9;81.0;90.20;9.80
9611;3097;200.0;47;73.33;20610.0;1.56;-0.78;87.06;212.0;81.5;90.20;9.80
9620;3104;201.0;47;70.20;20540.0;1.56;-0.78;87.45;212.1;81.5;90.20;9.80
9629;3111;202.0;47;67.45;20480.0;1.56;-0.78;88.24;212.2;81.5;90.20;9.80
9640;3118;202.0;47;64.71;20410.0;1.56;-0.78;88.63;212.3;81.5;90.20;9.80
9648;3126;203.0;47;61.57;20340.0;1.56;-0.78;89.41;212.4;81.5;90.20;9.80
9661;3133;204.0;47;58.82;20280.0;1.56;-0.78;90.20;213.6;81.5;90.20;9.80
9673;3140;205.0;47;55.69;20210.0;1.56;-0.78;90.98;214.8;81.0;90.20;9.80
9694;3147;205.0;47;52.94;20150.0;0.78;-0.78;91.76;216.0;80.5;90.20;9.80
9709;3159;206.0;47;50.20;20080.0;0.78;-0.78;92.55;217.3;80.0;90.20;9.80
9720;3172;206.0;47;47.06;20010.0;0.78;-0.78;92.94;218.5;79.5;90.20;9.80
9729;3184;207.0;47;44.31;19950.0;0.78;-0.78;93.73;219.7;79.0;90.20;9.80
9738;3196;207.0;47;44.31;19880.0;0.78;-0.78;94.51;220.9;79.0;90.20;9.80
9749;3209;208.0;47;44.31;19930.0;0.78;-0.78;95.29;222.1;78.5;90.20;9.80
9758;3221;208.0;47;44.71;19970.0;0.78;-0.78;96.08;223.4;78.0;90.20;9.80
9772;3234;209.0;47;44.71;20020.0;0.78;-0.78;96.86;224.6;77.5;90.20;9.80
9788;3246;209.0;47;44.71;20070.0;1.56;-0.78;96.47;225.8;77.0;90.20;9.80
9800;3258;210.0;47;44.71;20120.0;1.56;-0.78;96.47;225.9;76.5;90.20;9.80
9809;3271;210.0;47;44.71;20160.0;1.56;-0.78;96.08;226.0;76.5;90.20;9.80
9827;3283;211.0;47;44.71;20210.0;1.56;-0.78;95.69;226.2;76.5;90.20;9.80
9839;3307;211.0;47;45.10;20260.0;1.56;-0.78;95.69;226.3;76.5;90.20;9.80
9850;3331;212.0;47;45.10;20310.0;1.56;-0.78;95.29;226.4;76.5;90.20;9.80
9860;3355;212.0;47;45.10;20350.0;2.34;-0.78;95.29;226.5;76.5;90.20;9.80
9872;3379;213.0;47;46.27;20400.0;2.34;-0.78;94.90;226.7;76.5;90.20;9.80
9881;3402;213.0;47;47.06;20400.0;2.34;-0.78;94.51;226.8;76.5;90.20;9.80
9890;3426;214.0;47;48.24;20410.0;2.34;-0.78;94.51;226.9;76.5;90.20;9.80
9899;3450;214.0;47;49.41;20410.0;2.34;-0.78;94.12;227.0;76.5;90.20;9.80
9911;3474;215.0;47;50.20;20410.0;2.34;-0.78;94.12;227.2;76.5;90.20;9.80
9919;3498;215.0;47;51.37;20420.0;2.34;-0.78;94.51;225.2;76.5;90.20;9.80
9928;3522;216.0;47;52.16;20420.0;2.34;-0.78;94.51;223.3;76.5;90.20;9.80
9945;3546;216.0;47;53.33;20430.0;1.56;-0.78;94.51;221.3;76.0;90.20;9.80
9959;3567;217.0;47;54.51;20430.0;1.56;-1.56;94.90;219.3;76.0;90.20;9.80
9970;3589;216.0;47;55.29;20430.0;1.56;-1.56;94.90;217.4;76.0;90.20;9.80
9978;3610;215.0;47;56.47;20440.0;1.56;-1.56;95.29;215.4;75.5;90.20;9.80
9990;3631;214.0;47;54.51;20440.0;1.56;-1.56;95.29;213.4;75.5;90.20;9.80
9999;3653;213.0;47;52.16;20470.0;1.56;-1.56;95.29;211.5;75.0;90.20;9.80
10008;3674;212.0;47;50.20;20500.0;1.56;-1.56;95.69;209.5;75.0;90.20;9.80
10020;3695;211.0;47;48.24;20520.0;1.56;-1.56;95.69;207.5;75.0;90.20;9.80
10029;3717;210.0;46;46.27;20550.0;1.56;-1.56;94.90;205.6;74.5;90.20;9.80
10038;3738;209.0;46;43.92;20580.0;1.56;-1.56;94.51;204.9;74.5;90.20;9.80
10049;3759;208.0;46;41.96;20610.0;1.56;-1.56;93.73;204.2;74.0;90.20;9.80
10064;3781;207.0;46;40.00;20640.0;0.78;-1.56;93.33;203.4;73.5;90.20;9.80
10079;3795;206.0;46;38.04;20670.0;0.78;-1.56;92.55;202.7;73.5;90.20;9.80
10088;3810;205.0;46;35.69;20690.0;0.78;-1.56;92.16;202.0;73.0;90.20;9.80
10099;3825;203.0;46;33.73;20720.0;0.78;-1.56;91.37;201.3;72.5;90.20;9.80
10108;3839;202.0;46;33.33;20750.0;0.78;-1.56;90.98;200.6;72.0;90.20;9.80
10120;3854;200.0;46;33.33;20680.0;0.78;-1.56;90.20;199.9;71.5;90.20;9.80
10129;3869;199.0;46;32.94;20600.0;0.78;-1.56;89.80;199.2;71.0;90.20;9.80
10138;3883;197.0;46;32.55;20530.0;0.78;-1.56;89.02;198.4;71.0;90.20;9.80
10149;3898;196.0;46;32.16;20460.0;0.78;-1.56;88.24;197.7;70.5;90.20;9.80
10158;3913;194.0;46;32.16;20390.0;0.78;-1.56;87.45;197.6;70.0;90.20;9.80
10170;3927;193.0;46;31.76;20310.0;0.78;-1.56;86.67;197.5;70.0;90.20;9.80
10185;3942;191.0;46;31.37;20240.0;0.00;-1.56;85.88;197.4;69.5;90.20;9.80
10199;3941;190.0;46;30.98;20170.0;0.00;-2.34;85.10;197.3;69.5;90.20;9.80
10208;3940;190.0;46;30.98;20100.0;0.00;-2.34;84.71;197.2;69.5;90.20;9.80
10221;3939;190.0;46;30.59;20020.0;0.00;-2.34;83.92;197.1;69.5;90.20;9.80
10230;3938;190.0;46;31.37;19950.0;0.00;-2.34;83.14;197.0;69.0;90.20;9.80
10239;3937;190.0;46;32.16;19990.0;0.00;-2.34;82.35;196.9;69.0;90.20;9.80
10250;3936;190.0;46;32.94;20030.0;0.00;-2.34;81.57;196.8;69.0;90.20;9.80
10259;3936;189.0;46;33.73;20070.0;0.00;-2.34;80.78;196.6;69.0;90.20;9.80
10271;3935;189.0;46;34.51;20110.0;0.00;-2.34;81.96;196.5;68.5;90.20;9.80
10281;3934;189.0;46;34.90;20150.0;0.00;-3.13;82.75;196.5;68.5;90.20;9.80
10290;3933;189.0;46;35.69;20200.0;0.00;-3.13;83.92;196.5;68.5;90.20;9.80
10304;3932;189.0;46;36.47;20240.0;-0.78;-3.13;85.10;196.5;68.5;90.20;9.80
10319;3949;189.0;46;37.25;20280.0;-0.78;-3.13;86.27;196.4;68.5;90.20;9.80
10330;3967;188.0;46;38.04;20320.0;-0.78;-3.13;87.06;196.4;68.5;90.20;9.80
10339;3984;188.0;46;38.82;20360.0;-0.78;-3.13;88.24;196.4;68.5;90.20;9.80
10349;4001;187.0;46;39.22;20400.0;-0.78;-3.91;89.41;196.4;69.0;90.20;9.80
10361;4019;187.0;46;39.61;20400.0;-0.78;-3.91;90.59;196.3;69.0;90.20;9.80
10373;4036;186.0;46;40.00;20410.0;-0.78;-3.91;91.37;196.3;69.0;90.20;9.80
10390;4054;186.0;46;40.39;20410.0;-1.56;-3.91;92.55;196.3;69.0;90.20;9.80
10399;4071;185.0;46;40.78;20410.0;-1.56;-3.91;92.16;196.3;69.0;90.20;9.80
10408;4088;185.0;46;41.57;20420.0;-1.56;-4.69;91.37;195.4;69.0;90.20;9.80
10420;4106;184.0;46;41.96;20420.0;-1.56;-4.69;90.98;194.6;69.0;90.20;9.80
10435;4123;184.0;46;42.35;20430.0;-2.34;-4.69;90.20;193.8;68.5;90.20;9.80
10449;4133;183.0;46;42.75;20430.0;-2.34;-4.69;89.80;192.9;68.5;90.20;9.80
10458;4142;183.0;46;43.14;20430.0;-2.34;-4.69;89.02;192.1;68.5;90.20;9.80
10469;4152;182.0;46;43.53;20440.0;-2.34;-4.69;88.63;191.3;68.5;90.20;9.80
10478;4162;182.0;46;43.53;20440.0;-3.13;-5.47;87.84;190.4;68.0;90.20;9.80
10490;4172;181.0;46;43.53;20460.0;-3.13;-5.47;87.45;189.6;68.0;90.20;9.80
10499;4181;181.0;46;43.53;20470.0;-3.13;-5.47;86.67;188.7;68.0;90.20;9.80
10511;4191;180.0;46;43.53;20490.0;-3.13;-5.47;86.27;187.9;68.0;90.20;9.80
10520;4201;180.0;45;43.53;20500.0;-3.13;-5.47;85.88;187.1;67.5;90.20;9.80
10529;4210;179.0;45;43.53;20520.0;-3.13;-6.25;85.49;186.0;67.5;90.20;9.80
10538;4220;179.0;45;43.53;20530.0;-3.13;-6.25;85.49;185.0;67.5;90.20;9.80
10556;4230;178.0;45;43.53;20550.0;-3.91;-6.25;85.10;184.0;68.0;90.20;9.80
10570;4222;178.0;45;43.53;20560.0;-3.91;-6.25;84.71;183.0;68.0;90.20;9.80
10580;4215;177.0;45;43.53;20580.0;-3.91;-6.25;84.31;182.0;68.0;90.20;9.80
10589;4208;177.0;45;43.53;20590.0;-3.91;-6.25;83.92;180.9;68.5;90.20;9.80
10601;4201;176.0;45;42.75;20610.0;-3.91;-7.03;83.53;179.9;68.5;90.20;9.80
10610;4194;175.0;45;42.35;20570.0;-3.91;-7.03;83.53;178.9;69.0;90.20;9.80
10619;4186;174.0;45;41.57;20530.0;-3.91;-7.03;83.14;177.9;69.0;90.20;9.80
10631;4179;174.0;45;41.18;20500.0;-3.91;-7.03;82.75;176.8;69.0;90.20;9.80
10640;4172;173.0;45;40.39;20460.0;-3.91;-7.03;81.96;175.8;69.5;90.20;9.80
10651;4165;172.0;45;40.00;20420.0;-3.91;-7.03;81.18;175.4;69.5;90.20;9.80
10660;4158;171.0;45;39.22;20380.0;-3.91;-7.03;80.39;174.9;69.5;90.20;9.80
10675;4150;171.0;45;38.82;20340.0;-4.69;-7.03;79.61;174.5;69.5;90.20;9.80
10690;4139;170.0;45;38.04;20300.0;-4.69;-7.03;78.82;174.0;69.0;90.20;9.80
10699;4128;170.0;45;37.65;20270.0;-4.69;-7.03;78.04;173.6;69.0;90.20;9.80
10711;4117;169.0;45;36.86;20230.0;-4.69;-7.03;77.25;173.1;69.0;90.20;9.80
10719;4106;169.0;45;36.47;20190.0;-4.69;-7.03;76.47;172.7;69.0;90.20;9.80
10728;4095;169.0;45;36.47;20180.0;-4.69;-7.03;75.69;172.2;69.0;90.20;9.80
10739;4085;169.0;45;36.08;20180.0;-4.69;-7.03;74.90;171.8;69.0;90.20;9.80
10748;4074;168.0;45;36.08;20170.0;-4.69;-7.03;74.12;171.3;68.5;90.20;9.80
10760;4063;168.0;45;35.69;20160.0;-4.69;-7.03;74.12;170.9;68.5;90.20;9.80
10768;4052;168.0;45;35.69;20160.0;-4.69;-7.03;74.12;171.1;68.5;90.20;9.80
10780;4041;168.0;45;35.29;20150.0;-4.69;-7.03;74.12;171.4;68.5;90.20;9.80
10795;4030;167.0;45;35.29;20150.0;-4.69;-7.03;74.12;171.6;68.5;90.20;9.80
10810;4011;167.0;45;34.90;20140.0;-4.69;-7.03;74.12;171.9;68.5;90.20;9.80
10819;3993;167.0;45;34.90;20130.0;-4.69;-7.03;74.12;172.1;68.5;90.20;9.80
10830;3975;168.0;45;34.51;20130.0;-4.69;-7.03;74.12;172.4;68.5;90.20;9.80
10838;3957;168.0;45;34.90;20120.0;-4.69;-7.03;74.12;172.7;68.0;90.20;9.80
10850;3939;168.0;45;34.90;20120.0;-4.69;-7.03;74.12;172.9;68.0;90.20;9.80
10859;3921;168.0;45;35.29;20120.0;-4.69;-7.03;74.12;173.2;68.0;90.20;9.80
10868;3903;169.0;45;35.69;20120.0;-4.69;-7.03;74.12;173.4;68.0;90.20;9.80
10880;3884;169.0;45;35.69;20120.0;-4.69;-7.03;74.51;173.7;68.0;90.20;9.80
10889;3866;169.0;45;36.08;20120.0;-4.69;-7.03;75.29;174.7;68.0;90.20;9.80
10899;3848;169.0;45;36.08;20120.0;-4.69;-7.03;75.69;175.7;68.0;90.20;9.80
10914;3830;170.0;45;36.47;20120.0;-3.91;-7.03;76.08;176.7;68.0;90.20;9.80
10928;3829;170.0;45;36.86;20120.0;-3.91;-6.25;76.47;177.7;68.0;90.20;9.80
10940;3828;170.0;45;36.86;20120.0;-3.91;-6.25;77.25;178.7;68.0;90.20;9.80
10948;3827;171.0;45;37.25;20120.0;-3.91;-6.25;77.65;179.8;68.0;90.20;9.80
10960;3826;171.0;45;38.43;20120.0;-3.91;-6.25;78.04;180.8;68.5;90.20;9.80
10968;3826;171.0;45;40.00;20180.0;-3.91;-6.25;78.43;181.8;68.5;90.20;9.80
10979;3825;172.0;45;41.18;20230.0;-3.91;-6.25;79.22;182.8;68.5;90.20;9.80
10990;3824;172.0;45;42.75;20290.0;-3.91;-6.25;79.61;183.8;68.5;90.20;9.80
10999;3823;173.0;45;43.92;20350.0;-3.91;-6.25;79.61;184.8;68.5;90.20;9.80
11011;3822;173.0;45;45.49;20410.0;-3.91;-6.25;80.00;185.8;68.5;90.20;9.80
11020;3821;173.0;45;46.67;20460.0;-3.91;-6.25;80.00;186.7;68.5;90.20;9.80
11035;3820;174.0;45;48.24;20520.0;-3.91;-6.25;80.39;187.6;69.0;90.20;9.80
11050;3827;174.0;45;49.41;20580.0;-3.91;-6.25;80.39;188.5;69.0;90.20;9.80
11059;3833;174.0;45;50.98;20640.0;-3.91;-6.25;80.78;189.4;69.0;90.20;9.80
11071;3839;174.0;45;52.16;20690.0;-3.91;-6.25;80.78;190.3;69.5;90.20;9.80
11080;3845;174.0;45;54.90;20750.0;-3.91;-6.25;81.18;191.3;69.5;90.20;9.80
11089;3852;174.0;45;57.25;20670.0;-3.91;-6.25;81.18;192.2;70.0;90.20;9.80
11101;3858;174.0;45;60.00;20590.0;-3.91;-6.25;81.57;193.1;70.0;90.20;9.80
11110;3864;174.0;45;62.35;20500.0;-3.91;-6.25;81.57;194.0;70.0;90.20;9.80
11119;3870;174.0;44;65.10;20420.0;-3.91;-6.25;81.57;194.9;70.5;90.20;9.80
11131;3877;174.0;44;67.45;20340.0;-3.91;-6.25;81.18;195.8;70.5;90.20;9.80
11140;3883;174.0;44;70.20;20260.0;-3.91;-6.25;81.18;196.7;71.0;90.20;9.80
11157;3889;174.0;44;72.55;20180.0;-3.91;-6.25;81.18;197.6;71.0;90.20;9.80
11169;3893;174.0;44;75.29;20100.0;-3.91;-6.25;81.18;198.5;71.5;90.20;9.80
11181;3897;174.0;44;77.65;20010.0;-3.91;-6.25;80.78;199.4;72.0;90.20;9.80
11190;3901;175.0;44;80.39;19930.0;-3.91;-6.25;80.78;200.3;72.5;90.20;9.80
11199;3905;175.0;44;80.39;19850.0;-3.91;-6.25;80.78;201.2;72.5;90.20;9.80
11211;3909;175.0;44;80.39;19920.0;-3.91;-6.25;80.78;202.1;73.0;90.20;9.80
11220;3913;176.0;44;80.39;19980.0;-3.91;-6.25;80.39;203.0;73.5;90.20;9.80
11229;3917;176.0;44;80.39;20050.0;-3.91;-6.25;80.39;203.8;74.0;90.20;9.80
11240;3921;177.0;44;80.39;20120.0;-3.91;-6.25;80.39;204.7;74.0;90.20;9.80
11250;3925;177.0;44;80.00;20180.0;-3.91;-6.25;80.78;206.3;74.5;90.20;9.80
11260;3929;177.0;44;80.00;20250.0;-3.91;-6.25;80.78;207.8;75.0;90.20;9.80
11275;3933;178.0;44;80.00;20310.0;-3.91;-6.25;80.78;209.3;75.0;90.20;9.80
11290;3925;178.0;44;80.00;20380.0;-3.91;-7.03;81.18;210.9;75.5;90.20;9.80
11301;3917;180.0;44;80.00;20450.0;-3.91;-7.03;81.18;212.4;76.0;90.20;9.80
11310;3910;181.0;44;80.00;20510.0;-3.91;-7.03;81.57;213.9;76.0;90.20;9.80
11319;3902;183.0;44;80.00;20580.0;-3.91;-7.03;81.57;215.5;76.5;90.20;9.80
11331;3894;184.0;44;80.00;20570.0;-3.91;-7.03;81.57;217.0;76.5;90.20;9.80
11340;3887;186.0;44;80.00;20570.0;-3.91;-7.03;81.96;218.5;77.0;90.20;9.80
11351;3879;187.0;44;80.00;20560.0;-3.91;-7.03;81.96;220.0;77.5;90.20;9.80
11360;3871;189.0;44;80.00;20550.0;-3.91;-7.03;82.35;221.6;77.5;90.20;9.80
11369;3864;190.0;44;80.00;20550.0;-3.91;-6.25;82.75;222.0;78.0;90.20;9.80
11380;3856;192.0;44;80.00;20540.0;-3.91;-6.25;83.53;222.5;78.5;90.20;9.80
11395;3848;193.0;44;80.00;20540.0;-3.91;-6.25;83.92;222.9;78.5;90.20;9.80
11409;3855;195.0;44;80.00;20530.0;-3.91;-6.25;84.31;223.4;79.0;90.20;9.80
11420;3861;197.0;44;80.00;20520.0;-3.91;-6.25;84.71;223.8;79.0;90.20;9.80
11430;3867;198.0;44;80.00;20520.0;-3.91;-6.25;85.10;224.3;79.5;90.20;9.80
11441;3874;200.0;44;79.22;20510.0;-3.91;-5.47;85.49;224.7;79.5;90.20;9.80
11450;3880;202.0;44;78.04;20480.0;-3.91;-5.47;86.27;225.1;80.0;90.20;9.80
11459;3886;204.0;44;77.25;20450.0;-3.91;-5.47;86.67;225.6;80.0;90.20;9.80
11471;3893;205.0;44;76.47;20410.0;-3.13;-5.47;87.06;226.0;80.5;90.20;9.80
11481;3899;207.0;44;75.69;20380.0;-3.13;-4.69;87.84;226.5;80.5;90.20;9.80
11490;3906;209.0;44;74.51;20350.0;-3.13;-4.69;88.63;226.5;81.0;90.20;9.80
11499;3912;211.0;44;73.73;20320.0;-3.13;-4.69;89.41;226.4;80.5;90.20;9.80
11517;3918;212.0;44;72.94;20290.0;-2.34;-3.91;90.20;226.4;80.0;90.20;9.80
11528;3942;214.0;44;72.16;20260.0;-2.34;-3.91;90.98;226.4;79.5;90.20;9.80
11541;3965;214.0;44;70.98;20220.0;-2.34;-3.13;91.76;226.4;79.0;90.20;9.80
11549;3988;215.0;44;70.20;20190.0;-2.34;-3.13;92.55;226.3;78.5;90.20;9.80
11561;4011;215.0;44;67.84;20160.0;-1.56;-3.13;93.33;226.3;78.0;90.20;9.80
11570;4034;215.0;44;65.10;20200.0;-1.56;-2.34;94.12;226.3;77.5;90.20;9.80
11581;4058;215.0;44;62.75;20240.0;-1.56;-2.34;94.90;226.3;77.0;90.20;9.80
11590;4081;216.0;44;60.39;20280.0;-1.56;-2.34;95.69;226.3;76.5;90.20;9.80
11601;4104;216.0;44;58.04;20320.0;-1.56;-2.34;95.69;226.2;76.0;90.20;9.80
11609;4127;216.0;44;55.29;20360.0;-1.56;-2.34;95.69;226.2;75.5;90.20;9.80
11619;4150;216.0;44;52.94;20410.0;-1.56;-2.34;95.69;226.1;75.0;90.20;9.80
11635;4174;217.0;44;50.59;20450.0;-0.78;-2.34;95.69;226.1;75.0;90.20;9.80
11650;4200;217.0;44;48.24;20490.0;-0.78;-3.13;95.69;226.0;74.5;90.20;9.80
11659;4227;217.0;44;45.49;20530.0;-0.78;-3.13;96.08;226.0;74.5;90.20;9.80
11670;4254;216.0;44;43.14;20570.0;-0.78;-3.13;96.08;226.0;74.0;90.20;9.80
11679;4280;216.0;44;43.53;20610.0;-0.78;-3.13;96.08;225.9;74.0;90.20;9.80
11690;4307;216.0;44;43.92;20590.0;-0.78;-3.13;96.08;225.9;73.5;90.20;9.80
11699;4333;215.0;44;44.31;20570.0;-0.78;-3.13;96.08;225.8;73.5;90.20;9.80
11711;4360;215.0;44;44.71;20540.0;-0.78;-3.13;96.08;225.8;73.0;90.20;9.80
11720;4387;214.0;44;45.10;20520.0;-0.78;-3.13;96.47;225.7;73.0;90.20;9.80
11729;4413;214.0;44;45.10;20500.0;-0.78;-3.13;96.47;224.0;72.5;90.20;9.80
11740;4440;214.0;44;45.49;20480.0;-0.78;-3.13;96.86;222.3;72.5;90.20;9.80
11757;4467;213.0;44;45.88;20460.0;-1.56;-3.13;97.25;220.5;72.0;90.20;9.80
11769;4484;213.0;44;46.27;20440.0;-1.56;-3.91;97.65;218.8;72.0;90.20;9.80
11781;4501;212.0;44;46.67;20410.0;-1.56;-3.91;97.65;217.1;71.5;90.20;9.80
11790;4519;210.0;44;47.06;20390.0;-1.56;-3.91;98.04;215.4;71.5;90.20;9.80
11799;4536;209.0;44;46.67;20370.0;-1.56;-3.91;98.43;213.6;71.0;90.20;9.80
11811;4554;208.0;44;45.88;20400.0;-1.56;-3.91;98.82;211.9;71.0;90.20;9.80
11820;4571;206.0;44;45.49;20430.0;-1.56;-3.91;98.82;210.2;70.5;90.20;9.80
11829;4588;205.0;44;45.10;20470.0;-1.56;-3.91;99.22;208.5;70.5;90.20;9.80
11841;4606;203.0;44;44.31;20500.0;-1.56;-3.91;98.04;206.7;70.0;90.20;9.80
11850;4623;202.0;44;43.92;20530.0;-1.56;-3.91;97.25;205.6;70.0;90.20;9.80
11859;4640;201.0;44;43.14;20560.0;-1.56;-3.91;96.08;204.5;70.0;90.20;9.80
11877;4658;199.0;44;42.75;20590.0;-2.34;-3.91;94.90;203.4;69.5;90.20;9.80
11889;4660;198.0;44;42.35;20620.0;-2.34;-4.69;94.12;202.3;69.5;90.20;9.80
11901;4663;197.0;44;41.57;20660.0;-2.34;-4.69;92.94;201.2;69.5;90.20;9.80
11910;4665;196.0;44;41.18;20690.0;-2.34;-4.69;92.16;200.1;69.5;90.20;9.80
11922;4667;195.0;44;40.78;20720.0;-2.34;-4.69;90.98;199.0;69.0;90.20;9.80
11930;4669;194.0;44;40.39;20710.0;-2.34;-4.69;89.80;197.9;69.0;90.20;9.80
11939;4672;193.0;44;40.00;20700.0;-2.34;-4.69;89.02;196.8;69.0;90.20;9.80
11950;4674;193.0;44;39.61;20690.0;-2.34;-4.69;87.84;195.7;69.0;90.20;9.80
11959;4676;192.0;44;39.22;20680.0;-2.34;-4.69;87.45;194.6;68.5;90.20;9.80
11970;4679;191.0;44;39.22;20670.0;-2.34;-4.69;87.06;193.9;68.5;90.20;9.80
11979;4681;190.0;44;38.82;20660.0;-2.34;-4.69;86.67;193.2;68.5;90.20;9.80
11997;4683;189.0;44;38.43;20650.0;-2.34;-4.69;86.27;192.5;68.5;90.20;9.80
12009;4679;188.0;44;38.04;20640.0;-2.34;-4.69;85.88;191.8;68.5;90.20;9.80
12021;4675;187.0;44;37.65;20630.0;-2.34;-4.69;85.10;191.1;68.5;90.20;9.80
12031;4671;187.0;44;37.25;20620.0;-2.34;-4.69;84.71;190.4;68.5;90.20;9.80
12040;4666;186.0;44;37.25;20610.0;-2.34;-4.69;84.31;189.7;68.5;90.20;9.80
12049;4662;185.0;44;36.86;20620.0;-2.34;-4.69;83.92;189.0;68.5;90.20;9.80
12061;4658;184.0;44;36.86;20620.0;-2.34;-4.69;83.53;188.3;68.5;90.20;9.80
12070;4653;184.0;44;36.86;20630.0;-2.34;-4.69;83.14;187.6;68.5;90.20;9.80
12079;4649;183.0;44;36.47;20640.0;-2.34;-4.69;82.75;186.9;68.5;90.20;9.80
12091;4645;182.0;44;36.47;20640.0;-2.34;-4.69;82.75;186.8;68.5;90.20;9.80
12101;4641;181.0;44;36.08;20650.0;-2.34;-4.69;82.35;186.7;68.5;90.20;9.80
12118;4636;181.0;44;36.08;20650.0;-3.13;-4.69;81.96;186.6;68.0;90.20;9.80
12130;4623;180.0;44;36.08;20660.0;-3.13;-5.47;81.57;186.5;68.0;90.20;9.80
12141;4610;180.0;44;35.69;20670.0;-3.13;-5.47;81.57;186.4;68.0;90.20;9.80
12149;4596;180.0;44;35.69;20670.0;-3.13;-5.47;81.18;186.4;68.0;90.20;9.80
12161;4583;180.0;44;35.69;20680.0;-3.13;-5.47;80.78;186.3;67.5;90.20;9.80
12170;4570;180.0;44;36.08;20640.0;-3.13;-5.47;80.39;186.2;67.5;90.20;9.80
12179;4556;180.0;44;36.08;20590.0;-3.13;-5.47;80.39;186.1;67.5;90.20;9.80
12191;4543;179.0;44;36.47;20550.0;-3.13;-5.47;80.00;186.0;67.5;90.20;9.80
12200;4530;179.0;44;36.47;20500.0;-3.13;-5.47;80.39;185.9;67.0;90.20;9.80
12209;4517;179.0;44;36.86;20460.0;-3.13;-5.47;80.39;186.6;67.0;90.20;9.80
12221;4503;179.0;44;36.86;20410.0;-3.13;-5.47;80.78;187.3;67.0;90.20;9.80
12235;4490;179.0;44;37.25;20370.0;-3.91;-5.47;81.18;188.1;67.0;90.20;9.80
12251;4487;179.0;44;37.25;20320.0;-3.91;-6.25;81.57;188.8;67.0;90.20;9.80
12260;4484;179.0;44;37.65;20280.0;-3.91;-6.25;81.57;189.5;67.0;90.20;9.80
12272;4481;179.0;44;37.65;20230.0;-3.91;-6.25;81.96;190.2;67.0;90.20;9.80
12291;4478;179.0;44;38.43;20190.0;-3.91;-6.25;82.35;191.0;66.5;90.20;9.80
12300;4475;179.0;44;38.82;20230.0;-3.91;-6.25;82.75;191.7;66.5;90.20;9.80
12309;4472;179.0;44;39.61;20280.0;-3.91;-6.25;82.75;192.4;66.5;90.20;9.80
12321;4469;180.0;44;40.39;20320.0;-3.91;-6.25;83.14;193.1;66.5;90.20;9.80
12330;4466;180.0;44;41.18;20370.0;-3.91;-6.25;83.14;193.9;66.5;90.20;9.80
12342;4463;180.0;44;41.57;20410.0;-3.91;-6.25;83.53;194.7;66.5;90.20;9.80
12350;4461;180.0;44;42.35;20460.0;-3.91;-6.25;83.53;195.6;67.0;90.20;9.80
12365;4458;180.0;44;43.14;20500.0;-4.69;-6.25;83.92;196.4;67.0;90.20;9.80
12379;4461;180.0;44;43.92;20550.0;-4.69;-6.25;83.92;197.3;67.5;90.20;9.80
12391;4464;180.0;44;44.31;20590.0;-4.69;-6.25;84.31;198.1;68.0;90.20;9.80
12399;4467;180.0;44;45.10;20640.0;-4.69;-6.25;84.31;199.0;68.0;90.20;9.80
12411;4471;181.0;44;48.24;20680.0;-4.69;-6.25;84.71;199.8;68.5;90.20;9.80
12420;4474;181.0;44;51.37;20620.0;-4.69;-6.25;84.71;200.7;68.5;90.20;9.80
12431;4477;181.0;44;54.90;20560.0;-4.69;-6.25;85.10;201.5;69.0;90.20;9.80
12440;4480;181.0;44;58.04;20500.0;-4.69;-6.25;85.10;202.4;69.5;90.20;9.80
12449;4483;181.0;44;61.18;20440.0;-4.69;-6.25;85.10;203.2;69.5;90.20;9.80
12461;4487;181.0;44;64.31;20380.0;-4.69;-6.25;84.71;204.1;70.0;90.20;9.80
12470;4490;182.0;44;67.45;20320.0;-4.69;-6.25;84.71;204.9;70.0;90.20;9.80
12485;4493;182.0;44;70.59;20260.0;-4.69;-6.25;84.71;205.8;70.0;90.20;9.80
12500;4498;182.0;44;74.12;20200.0;-4.69;-7.03;84.71;206.7;70.5;90.20;9.80
12509;4504;182.0;44;77.25;20140.0;-4.69;-7.03;84.31;207.5;70.5;90.20;9.80
12521;4509;182.0;44;80.39;20080.0;-4.69;-7.03;84.31;208.4;70.5;90.20;9.80
12530;4514;182.0;44;80.39;20020.0;-4.69;-7.03;84.31;209.2;70.5;90.20;9.80
12542;4519;182.0;44;80.39;20100.0;-4.69;-7.03;84.31;210.1;70.5;90.20;9.80
12551;4525;182.0;44;80.39;20170.0;-4.69;-7.03;83.92;210.9;70.5;90.20;9.80
12560;4530;183.0;44;80.39;20250.0;-4.69;-7.03;83.92;211.8;71.0;90.20;9.80
12572;4535;183.0;44;80.39;20330.0;-4.69;-7.03;83.92;212.6;71.0;90.20;9.80
12581;4540;183.0;44;80.39;20400.0;-4.69;-7.03;83.92;212.9;71.0;90.20;9.80
12590;4546;183.0;44;80.39;20480.0;-4.69;-7.03;83.92;213.1;71.5;90.20;9.80
12607;4551;183.0;44;80.39;20550.0;-4.69;-7.03;83.92;213.3;72.0;90.20;9.80
12620;4541;183.0;44;80.39;20630.0;-4.69;-7.03;83.92;213.6;72.5;90.20;9.80
12631;4532;184.0;44;80.39;20710.0;-4.69;-7.03;83.53;213.8;73.0;90.20;9.80
12640;4522;186.0;44;80.39;20780.0;-4.69;-7.03;83.53;214.0;73.5;90.20;9.80
12652;4513;187.0;44;79.61;20860.0;-4.69;-7.03;83.53;214.3;73.5;90.20;9.80
12669;4503;188.0;44;78.43;20820.0;-4.69;-7.03;83.53;214.5;74.0;90.20;9.80
12681;4494;189.0;44;77.65;20770.0;-4.69;-7.03;83.53;214.7;74.5;90.20;9.80
12690;4484;191.0;44;76.86;20730.0;-4.69;-7.03;83.53;214.9;75.0;90.20;9.80
12699;4475;192.0;44;76.08;20680.0;-4.69;-7.03;83.53;215.2;75.5;90.20;9.80
12711;4465;193.0;44;74.90;20640.0;-4.69;-7.03;83.53;208.9;76.0;90.20;9.80
12721;4456;194.0;44;74.12;20590.0;-4.69;-7.03;83.92;202.6;75.5;90.20;9.80
12735;4446;196.0;44;73.33;20550.0;-4.69;-7.03;83.92;196.3;75.0;90.20;9.80
12750;4452;197.0;44;72.55;20500.0;-4.69;-6.25;83.92;190.0;74.5;90.20;9.80
12759;4457;193.0;44;71.37;20460.0;-4.69;-6.25;83.92;183.7;74.0;90.20;9.80
12771;4462;189.0;44;70.59;20410.0;-4.69;-6.25;83.92;177.4;73.5;90.20;9.80
12782;4467;185.0;44;66.27;20370.0;-4.69;-6.25;83.92;171.2;73.5;90.20;9.80
12791;4473;181.0;44;61.57;20410.0;-4.69;-6.25;84.31;164.9;73.0;90.20;9.80
12801;4478;177.0;44;57.25;20450.0;-4.69;-6.25;84.31;158.6;72.5;90.20;9.80
12810;4483;172.0;44;52.94;20490.0;-4.69;-6.25;84.31;152.3;72.0;90.20;9.80
12822;4489;168.0;44;48.63;20530.0;-4.69;-6.25;80.78;146.0;71.5;90.20;9.80
12840;4494;164.0;44;43.92;20570.0;-4.69;-5.47;77.25;142.8;71.0;90.20;9.80
12852;4499;160.0;44;39.61;20620.0;-4.69;-5.47;73.73;139.6;70.0;90.20;9.80
12874;4504;156.0;44;35.29;20660.0;-3.91;-5.47;70.20;136.4;69.0;90.20;9.80
12889;4501;152.0;44;30.98;20700.0;-3.91;-5.47;66.67;133.2;68.0;90.20;9.80
12901;4498;145.0;44;26.27;20740.0;-3.91;-5.47;62.75;130.0;67.0;90.20;9.80
12910;4494;138.0;44;21.96;20780.0;-3.91;-5.47;59.22;126.8;66.0;90.20;9.80
12919;4491;131.0;44;21.18;20820.0;-3.91;-4.69;55.69;123.6;65.0;90.20;9.80
12931;4487;124.0;44;20.78;20290.0;-3.91;-4.69;52.16;120.5;64.0;90.20;9.80
12940;4484;117.0;44;20.00;19760.0;-3.91;-4.69;48.63;117.3;63.0;90.20;9.80
12951;4480;110.0;44;19.22;19230.0;-3.13;-4.69;45.10;114.1;62.0;90.20;9.80
12960;4477;103.0;44;18.43;18700.0;-3.13;-4.69;43.53;110.9;61.0;90.20;9.80
12969;4473;96.0;44;18.04;18170.0;-3.13;-3.91;41.96;110.3;60.0;90.20;9.80
12981;4470;89.0;44;17.25;17630.0;-3.13;-3.91;40.39;109.7;60.0;90.20;9.80
12993;4467;82.0;44;16.47;17100.0;-2.34;-3.91;38.82;109.2;60.0;90.20;9.80
13011;4471;75.0;44;15.69;16570.0;-2.34;-3.91;37.25;108.6;60.0;90.20;9.80
13021;4475;72.0;44;15.29;16040.0;-2.34;-3.91;35.29;108.0;60.0;90.20;9.80
13029;4479;69.0;44;14.51;15510.0;-2.34;-3.91;33.73;107.5;60.0;90.20;9.80
13041;4483;66.0;44;14.12;14980.0;-1.56;-3.13;32.16;106.9;59.5;90.20;9.80
13050;4488;63.0;44;14.12;14650.0;-1.56;-3.13;30.59;106.3;59.5;90.20;9.80
13059;4492;60.0;44;13.73;14320.0;-0.78;-3.13;29.02;105.8;59.5;90.20;9.80
13071;4496;57.0;44;13.33;13990.0;-0.78;-2.34;27.45;105.2;59.5;90.20;9.80
13082;4500;54.0;44;13.33;13660.0;0.00;-2.34;26.67;104.6;59.5;90.20;9.80
13102;4504;51.0;44;12.94;13330.0;0.78;-1.56;25.49;104.4;59.5;90.20;9.80
13122;4509;48.0;44;12.94;13010.0;1.56;-1.56;24.71;104.2;59.5;80.00;20.00
13146;4513;45.0;44;12.55;12680.0;1.56;-0.78;23.53;104.0;59.5;80.00;20.00
13157;4512;42.0;44;12.16;12350.0;2.34;-0.78;22.75;103.8;59.0;80.00;20.00
13172;4510;41.0;44;12.16;12020.0;3.13;0.00;21.57;103.5;59.0;80.00;20.00
13191;4509;41.0;44;11.76;11690.0;3.91;0.00;20.78;103.3;59.0;80.00;20.00
13200;4507;40.0;44;11.76;11360.0;3.91;0.78;19.61;103.1;59.0;80.00;20.00
13212;4506;39.0;44;11.76;11100.0;4.69;0.78;18.82;102.9;59.0;80.00;20.00
13229;4505;39.0;44;11.76;10840.0;3.91;1.56;17.65;102.7;59.0;80.00;20.00
13241;4503;38.0;44;11.76;10580.0;3.13;1.56;16.86;102.4;58.5;80.00;20.00
13247;4502;38.0;44;11.76;10320.0;3.13;0.78;16.08;102.2;58.5;80.00;20.00
13262;4501;37.0;44;11.37;10060.0;2.34;0.78;15.69;102.1;58.5;80.00;20.00
13280;4499;36.0;44;11.37;9800.0;1.56;0.00;14.90;101.9;58.5;100.00;0.00
13295;4498;36.0;44;11.37;9540.0;0.78;0.00;14.51;101.8;58.5;100.00;0.00
13310;4495;35.0;44;11.37;9280.0;0.00;-0.78;13.73;101.6;59.0;100.00;0.00
13322;4492;34.0;44;11.37;9020.0;-0.78;-0.78;13.33;101.4;59.0;100.00;0.00
13342;4489;34.0;44;11.37;8760.0;-0.78;-1.56;12.55;101.3;59.0;100.00;0.00
13360;4486;33.0;44;10.98;8500.0;-1.56;-1.56;12.16;101.1;59.0;100.00;0.00
13372;4483;32.0;44;10.98;8330.0;-2.34;-2.34;11.37;101.0;59.0;100.00;0.00
13387;4481;32.0;44;10.59;8160.0;-2.34;-2.34;10.98;100.8;59.0;100.00;0.00
13402;4478;31.0;44;10.59;7990.0;-1.56;-2.34;10.20;100.7;59.5;100.00;0.00
13420;4475;31.0;44;10.20;7820.0;-1.56;-1.56;9.80;100.5;59.5;100.00;0.00
13432;4472;30.0;44;10.20;7650.0;-1.56;-1.56;9.80;100.4;59.5;100.00;0.00
13452;4469;29.0;44;9.80;7480.0;-1.56;-1.56;9.41;100.3;61.0;100.00;0.00
13476;4466;29.0;44;9.80;7310.0;-0.78;-1.56;9.02;100.3;62.5;100.00;0.00
13491;4468;28.0;44;9.41;7140.0;-0.78;-0.78;8.63;100.2;63.5;100.00;0.00
13500;4470;28.0;44;9.41;6970.0;-0.78;-0.78;8.63;100.1;65.0;100.00;0.00
13512;4471;27.0;44;9.02;6800.0;-0.78;-0.78;8.24;100.0;66.5;100.00;0.00
13530;4473;27.0;44;9.02;6630.0;0.00;-0.78;7.84;99.9;68.0;100.00;0.00
13539;4475;27.0;44;9.02;6580.0;0.00;0.00;7.45;99.8;69.5;100.00;0.00
13550;4477;26.0;44;9.02;6520.0;0.00;0.00;7.45;99.7;71.0;100.00;0.00
13560;4479;26.0;44;9.02;6470.0;0.00;0.00;7.06;99.6;72.0;100.00;0.00
13572;4480;25.0;43;9.02;6410.0;0.00;0.00;7.06;99.5;73.5;100.00;0.00
13592;4482;25.0;43;8.63;6360.0;0.00;0.00;6.67;99.5;75.0;100.00;0.00
13611;4484;25.0;43;8.63;6300.0;0.00;0.00;6.67;99.5;76.0;100.00;0.00
13634;4486;24.0;43;8.63;6250.0;0.00;0.00;6.67;99.5;77.5;100.00;0.00
13648;4485;24.0;43;8.63;6190.0;0.00;0.00;6.67;99.5;78.5;100.00;0.00
13660;4484;24.0;43;8.63;6140.0;0.00;0.00;6.27;99.5;79.5;100.00;0.00
13671;4483;24.0;43;8.63;6080.0;0.00;0.00;6.27;99.5;80.5;100.00;0.00
13681;4482;24.0;43;8.63;6030.0;0.00;0.00;6.27;99.5;82.0;100.00;0.00
13690;4481;24.0;43;8.63;6230.0;0.00;0.00;6.27;99.4;83.0;100.00;0.00
13701;4480;24.0;43;8.63;6440.0;0.00;0.00;5.88;99.4;84.0;100.00;0.00
13709;4479;25.0;43;8.63;6640.0;0.00;0.00;5.88;99.4;85.0;100.00;0.00
13720;4478;25.0;43;8.63;6840.0;0.00;0.00;5.88;99.4;86.5;100.00;0.00
13729;4477;25.0;43;8.63;7040.0;0.00;0.00;5.88;99.4;87.5;100.00;0.00
13739;4476;25.0;43;8.63;7250.0;0.00;0.00;5.88;99.4;88.0;100.00;0.00
13755;4475;25.0;43;8.63;7450.0;0.00;0.00;5.88;99.4;88.5;100.00;0.00
13769;4473;25.0;43;8.63;7650.0;0.00;0.00;5.88;99.4;88.5;100.00;0.00
13781;4472;25.0;43;8.63;7850.0;0.00;0.00;5.49;99.4;89.0;100.00;0.00
13789;4470;25.0;43;8.63;8060.0;0.00;0.00;5.49;99.4;89.5;100.00;0.00
13801;4468;25.0;43;8.63;8260.0;0.00;0.00;5.49;99.4;90.0;100.00;0.00
13810;4467;25.0;43;8.63;8270.0;0.00;0.00;5.49;99.4;90.5;100.00;0.00
13819;4465;25.0;43;8.63;8270.0;0.00;0.00;5.49;99.4;91.0;100.00;0.00
13830;4464;25.0;43;8.63;8280.0;0.00;0.00;5.49;99.4;91.0;100.00;0.00
13838;4462;25.0;43;8.63;8290.0;0.00;0.00;5.49;99.4;91.5;100.00;0.00
13848;4461;25.0;43;8.63;8290.0;0.00;0.00;5.49;99.4;92.0;100.00;0.00
13860;4459;25.0;43;8.63;8300.0;0.00;0.00;5.49;99.4;92.0;0.00;0.00
13875;4458;25.0;43;8.63;8300.0;0.00;0.00;5.49;99.4;92.0;0.00;0.00
13889;4456;25.0;43;8.63;8310.0;0.00;0.00;5.49;99.4;92.5;0.00;0.00
13899;4455;25.0;43;8.63;8320.0;0.00;0.00;5.49;99.4;92.5;0.00;0.00
13910;4454;25.0;43;8.63;8320.0;0.00;0.00;5.49;99.4;92.5;0.00;0.00
13919;4453;25.0;43;8.63;8330.0;0.00;0.00;5.49;99.4;92.5;0.00;0.00
13928;4452;25.0;43;8.63;8330.0;0.00;0.00;5.49;99.4;92.5;0.00;0.00
13940;4451;25.0;43;8.63;8340.0;0.00;0.00;5.49;99.4;92.5;0.00;0.00
13950;4450;25.0;43;8.63;8340.0;0.00;0.00;5.49;99.4;93.0;0.00;0.00
13959;4449;25.0;43;8.63;8340.0;0.00;0.00;5.49;99.4;93.0;0.00;0.00
13971;4447;25.0;43;8.63;8350.0;0.00;0.00;5.49;99.4;93.0;0.00;0.00
13979;4446;25.0;43;8.63;8350.0;0.00;0.00;5.49;99.4;93.0;0.00;0.00
13994;4445;25.0;43;8.63;8360.0;0.00;0.00;5.49;99.4;93.0;0.00;0.00
14008;4444;25.0;43;8.63;8360.0;0.00;0.00;5.49;99.4;93.5;0.00;0.00
14018;4443;25.0;43;8.63;8360.0;0.00;0.00;5.49;99.4;93.5;0.00;0.00
14030;4442;25.0;43;8.63;8370.0;0.00;0.00;5.49;99.4;93.5;0.00;0.00
14038;4440;25.0;43;8.63;8370.0;0.00;0.00;5.49;99.4;93.5;0.00;0.00
14049;4439;25.0;43;8.63;8380.0;0.00;0.00;5.49;99.4;93.5;0.00;0.00
14058;4438;25.0;43;8.63;8380.0;0.00;0.00;5.49;99.4;93.5;0.00;0.00
14069;4437;25.0;43;8.63;8390.0;0.00;0.00;5.49;99.4;94.0;0.00;0.00
14078;4435;25.0;42;8.63;8400.0;0.00;0.00;5.49;99.4;94.0;0.00;0.00
14088;4434;25.0;42;8.63;8400.0;0.00;0.00;5.49;99.4;94.0;0.00;0.00
14099;4433;25.0;42;8.63;8410.0;0.00;0.00;5.49;99.4;94.0;0.00;0.00
14119;4432;25.0;42;8.63;8410.0;0.00;0.00;5.49;99.4;94.0;0.00;0.00
14130;4430;25.0;42;8.63;8420.0;0.00;0.00;5.49;99.4;94.0;0.00;0.00
14138;4427;25.0;42;8.63;8430.0;0.00;0.00;5.49;99.4;94.0;0.00;0.00
14150;4425;25.0;42;8.63;8430.0;0.00;0.00;5.49;99.4;94.0;0.00;0.00
14160;4423;25.0;42;8.63;8440.0;0.00;0.00;5.49;99.4;94.5;0.00;0.00
14169;4421;25.0;42;8.63;8440.0;0.00;0.00;5.49;99.4;94.5;0.00;0.00
14179;4419;25.0;42;8.63;8450.0;0.00;0.00;5.49;99.3;94.5;0.00;0.00
14189;4416;25.0;42;8.63;8450.0;0.00;0.00;5.49;99.3;94.5;0.00;0.00
14199;4414;25.0;42;8.63;8450.0;0.00;0.00;5.49;99.3;94.5;0.00;0.00
14209;4412;25.0;42;8.63;8450.0;0.00;0.00;5.49;99.3;94.5;0.00;0.00
14218;4410;25.0;42;8.63;8460.0;0.00;0.00;5.49;99.3;94.5;0.00;0.00
14236;4407;25.0;42;8.63;8460.0;0.00;0.00;5.49;99.3;94.5;0.00;0.00
14249;4405;25.0;42;8.63;8460.0;0.00;0.00;5.49;99.3;94.5;0.00;0.00
14262;4403;25.0;42;8.63;8460.0;0.00;0.00;5.49;99.3;94.5;0.00;0.00
14279;4401;25.0;42;8.63;8470.0;0.00;0.00;5.49;99.3;94.5;0.00;0.00
14290;4399;25.0;42;8.63;8470.0;0.00;0.00;5.49;99.3;94.5;0.00;0.00
14300;4397;25.0;42;8.63;8470.0;0.00;0.00;5.49;99.3;94.5;0.00;0.00
14311;4395;25.0;42;8.63;8480.0;0.00;0.00;5.49;99.3;94.5;0.00;0.00
14320;4393;25.0;42;8.63;8480.0;0.00;0.00;5.49;99.3;94.5;0.00;0.00
14328;4391;25.0;42;8.63;8480.0;0.00;0.00;5.49;99.3;94.5;0.00;0.00
14339;4389;25.0;42;8.24;8480.0;0.00;0.00;5.49;99.3;94.5;0.00;0.00
14350;4387;25.0;42;8.24;8490.0;0.00;0.00;5.49;99.3;94.5;0.00;0.00
14365;4385;25.0;42;8.24;8490.0;0.00;0.00;5.49;99.3;94.5;0.00;0.00
14379;4382;25.0;42;8.24;8490.0;0.00;0.00;5.49;99.3;94.5;0.00;0.00
14388;4378;25.0;42;8.24;8490.0;0.00;0.00;5.49;99.3;94.5;0.00;0.00
14400;4375;25.0;42;8.24;8500.0;0.00;0.00;5.49;99.3;94.5;0.00;0.00
14411;4372;25.0;42;8.24;8500.0;0.00;0.00;5.49;99.3;95.0;0.00;0.00
14419;4368;25.0;42;8.24;8500.0;0.00;0.00;5.49;99.3;95.0;0.00;0.00
14429;4365;25.0;42;8.24;8510.0;0.00;0.00;5.49;99.3;95.0;0.00;0.00
14440;4361;24.0;42;8.24;8510.0;0.00;0.00;5.49;99.3;95.0;0.00;0.00
14449;4358;24.0;42;8.24;8510.0;0.00;0.00;5.49;99.3;95.0;0.00;0.00
14460;4355;24.0;42;8.24;8520.0;0.00;0.00;5.49;99.3;95.0;0.00;0.00
14469;4351;24.0;42;8.24;8520.0;0.00;0.00;5.49;99.3;95.0;0.00;0.00
14487;4348;24.0;42;8.24;8530.0;0.00;0.00;5.49;99.3;95.0;0.00;0.00
14498;4345;24.0;42;8.24;8530.0;0.00;0.00;5.49;99.3;95.0;0.00;0.00
14510;4342;24.0;42;8.24;8530.0;0.00;0.00;5.49;99.3;95.0;0.00;0.00
14519;4339;24.0;42;8.24;8540.0;0.00;0.00;5.49;99.3;95.0;0.00;0.00
14530;4335;24.0;42;8.24;8540.0;0.00;0.00;5.49;99.3;95.0;0.00;0.00
14539;4332;24.0;42;8.24;8540.0;0.00;0.00;5.49;99.3;95.0;0.00;0.00
14551;4329;24.0;42;8.24;8550.0;0.00;0.00;5.49;99.3;95.0;0.00;0.00
14560;4326;25.0;42;8.24;8550.0;0.00;0.00;5.49;99.3;95.0;0.00;0.00
14572;4323;25.0;42;8.24;8550.0;0.00;0.00;5.49;99.3;95.0;0.00;0.00
14589;4320;25.0;42;8.24;8550.0;0.00;0.00;5.49;99.3;95.0;0.00;0.00
14598;4317;25.0;42;8.24;8560.0;0.00;0.00;5.49;99.3;95.0;0.00;0.00
14616;4314;25.0;42;8.24;8560.0;0.00;0.00;5.49;99.3;95.0;0.00;0.00
14629;4313;25.0;42;8.24;8560.0;0.00;0.00;5.49;99.3;95.0;0.00;0.00
14638;4313;25.0;42;8.24;8560.0;0.00;0.00;5.49;99.3;95.0;0.00;0.00
14649;4313;25.0;42;8.24;8570.0;0.00;0.00;5.49;99.3;95.0;0.00;0.00
14660;4313;25.0;42;8.24;8570.0;0.00;0.00;5.49;99.3;95.5;0.00;0.00
14669;4313;25.0;42;8.24;8570.0;0.00;0.00;5.49;99.3;95.5;0.00;0.00
14678;4313;25.0;42;8.24;8570.0;0.00;0.00;5.49;99.3;95.5;0.00;0.00
14689;4312;24.0;42;8.24;8570.0;0.00;0.00;5.49;99.3;95.5;0.00;0.00
14700;4312;24.0;43;8.24;8570.0;0.00;0.00;5.49;99.3;95.5;0.00;0.00
14709;4312;24.0;43;8.24;8570.0;0.00;0.00;5.49;99.3;95.5;0.00;0.00
14719;4312;24.0;43;8.24;8570.0;0.00;0.00;5.49;99.3;95.5;0.00;0.00
14737;4312;24.0;43;8.24;8570.0;0.00;0.00;5.49;99.3;95.5;0.00;0.00
14749;4309;24.0;43;8.24;8570.0;0.00;0.00;5.49;99.3;95.5;0.00;0.00
14760;4306;24.0;43;8.24;8570.0;0.00;0.00;5.10;99.3;95.5;0.00;0.00
14769;4303;24.0;43;8.24;8570.0;0.00;0.00;5.10;99.3;95.5;0.00;0.00
14778;4300;24.0;43;8.24;8570.0;0.00;0.00;5.10;99.3;95.5;0.00;0.00
14790;4297;24.0;43;8.24;8570.0;0.00;0.00;5.10;99.3;95.5;0.00;0.00
14798;4294;24.0;43;8.24;8580.0;0.00;0.00;5.10;99.3;95.5;0.00;0.00
14810;4291;24.0;43;8.24;8580.0;0.00;0.00;5.10;99.3;95.5;0.00;0.00
14819;4288;24.0;43;8.24;8580.0;0.00;0.00;5.10;99.3;95.5;0.00;0.00
14830;4285;24.0;43;8.24;8590.0;0.00;0.00;5.10;99.3;95.5;0.00;0.00
14838;4282;24.0;43;8.24;8590.0;0.00;0.00;5.10;99.3;95.5;0.00;0.00
14855;4279;24.0;43;8.24;8600.0;0.00;0.00;5.10;99.3;95.5;0.00;0.00
14870;4278;24.0;43;8.24;8600.0;0.00;0.00;5.10;99.3;95.5;0.00;0.00
14879;4277;24.0;43;8.24;8600.0;0.00;0.00;5.10;99.3;95.5;0.00;0.00
14890;4275;24.0;43;8.24;8610.0;0.00;0.00;5.10;99.3;95.5;0.00;0.00
14898;4274;24.0;43;8.24;8610.0;0.00;0.00;5.10;99.3;96.0;0.00;0.00
14910;4273;24.0;43;8.24;8610.0;0.00;0.00;5.10;99.3;96.0;0.00;0.00
14920;4272;24.0;43;8.24;8620.0;0.00;0.00;5.10;99.3;96.0;0.00;0.00
14929;4270;24.0;43;8.24;8620.0;0.00;0.00;5.10;99.3;96.0;0.00;0.00
14940;4269;24.0;43;8.24;8620.0;0.00;0.00;5.10;99.3;96.0;0.00;0.00
14950;4268;24.0;43;8.24;8620.0;0.00;0.00;5.10;99.3;96.0;0.00;0.00
14959;4266;24.0;43;8.24;8630.0;0.00;0.00;5.10;99.2;96.0;0.00;0.00
14974;4265;24.0;43;8.24;8630.0;0.00;0.00;5.10;99.2;96.0;0.00;0.00
14990;4262;24.0;43;8.24;8630.0;0.00;0.00;5.10;99.2;96.0;0.00;0.00
15000;4260;24.0;43;8.24;8630.0;0.00;0.00;5.49;99.2;96.0;0.00;0.00
15008;4257;24.0;43;8.24;8640.0;0.00;0.00;5.49;99.2;96.0;0.00;0.00
15018;4254;24.0;43;8.24;8640.0;0.00;0.00;5.49;99.2;96.0;0.00;0.00
15029;4251;24.0;43;8.24;8640.0;0.00;0.00;5.49;99.2;96.0;0.00;0.00
15040;4249;24.0;43;8.24;8640.0;0.00;0.00;5.49;99.2;96.0;0.00;0.00
15050;4246;24.0;43;8.24;8640.0;0.00;0.00;5.49;99.2;96.0;0.00;0.00
15061;4243;24.0;43;8.24;8640.0;0.00;0.00;5.49;99.2;96.0;0.00;0.00
15070;4241;24.0;43;8.24;8640.0;0.00;0.00;5.49;99.2;96.0;0.00;0.00
15079;4238;24.0;43;8.24;8640.0;0.00;0.00;5.49;99.2;96.0;0.00;0.00
15096;4235;24.0;43;8.24;8640.0;0.00;0.00;5.49;99.2;96.0;0.00;0.00
15110;4235;24.0;43;8.24;8640.0;0.00;0.00;5.49;99.2;96.0;0.00;0.00
15122;4236;24.0;43;8.24;8640.0;0.00;0.00;5.10;99.2;96.0;0.00;0.00
15140;4236;24.0;43;8.24;8640.0;0.00;0.00;5.10;99.2;96.0;0.00;0.00
15150;4236;24.0;43;8.24;8640.0;0.00;0.00;5.10;99.2;96.0;0.00;0.00
15159;4237;24.0;43;8.24;8640.0;0.00;0.00;5.10;99.2;96.0;0.00;0.00
15170;4237;24.0;43;8.24;8650.0;0.00;0.00;5.10;99.2;96.0;0.00;0.00
15178;4237;24.0;43;8.24;8650.0;0.00;0.00;5.10;99.2;96.0;0.00;0.00
15189;4238;24.0;43;8.24;8650.0;0.00;0.00;5.10;99.2;96.0;0.00;0.00
15200;4238;24.0;43;7.84;8660.0;0.00;0.00;5.10;99.2;96.0;0.00;0.00
15210;4238;24.0;43;7.84;8660.0;0.00;0.00;5.10;99.2;96.0;0.00;0.00
15225;4239;24.0;43;7.84;8670.0;0.00;0.00;5.10;99.2;96.0;0.00;0.00
15239;4238;24.0;43;7.84;8670.0;0.00;0.00;5.10;99.2;96.0;0.00;0.00
15250;4237;24.0;43;7.84;8670.0;0.00;0.00;5.10;99.2;96.0;0.00;0.00
15259;4236;24.0;43;7.84;8680.0;0.00;0.00;5.10;99.2;96.0;0.00;0.00
15272;4235;24.0;43;7.84;8680.0;0.00;0.00;5.10;99.2;96.0;0.00;0.00
15290;4234;24.0;43;7.84;8680.0;0.00;0.00;5.10;99.2;96.0;0.00;0.00
15298;4232;24.0;43;7.84;8690.0;0.00;0.00;5.10;99.2;96.0;0.00;0.00
15310;4231;23.0;43;7.84;8690.0;0.00;0.00;5.10;99.2;96.0;0.00;0.00
15320;4230;23.0;43;7.84;8690.0;0.00;0.00;5.10;99.2;96.0;0.00;0.00
15328;4229;23.0;43;7.84;8690.0;0.00;0.00;5.10;99.2;96.0;0.00;0.00
15339;4228;23.0;43;7.84;8700.0;0.00;0.00;5.10;99.2;96.0;0.00;0.00
15356;4227;23.0;43;7.84;8700.0;0.00;0.00;5.10;99.2;96.0;0.00;0.00
15370;4223;23.0;43;7.84;8700.0;0.00;0.00;5.10;99.2;96.0;0.00;0.00
15378;4219;23.0;43;7.84;8700.0;0.00;0.00;5.10;99.2;96.0;0.00;0.00
15390;4215;23.0;43;7.84;8710.0;0.00;0.00;5.10;99.2;96.0;0.00;0.00
15400;4211;23.0;43;7.84;8710.0;0.00;0.00;5.10;99.2;96.0;0.00;0.00
15410;4207;23.0;43;7.84;8710.0;0.00;0.00;5.10;99.2;96.0;0.00;0.00
15418;4203;23.0;43;7.84;8710.0;0.00;0.00;5.10;99.2;96.0;0.00;0.00
15430;4199;24.0;43;7.84;8710.0;0.00;0.00;5.10;99.2;96.0;0.00;0.00
15440;4195;24.0;43;7.84;8710.0;0.00;0.00;5.10;99.2;96.0;0.00;0.00
15449;4191;24.0;43;7.84;8710.0;0.00;0.00;5.10;99.2;96.0;0.00;0.00
15460;4186;24.0;43;7.84;8710.0;0.00;0.00;5.10;99.2;96.0;0.00;0.00
15476;4182;24.0;43;7.84;8710.0;0.00;0.00;5.10;99.2;96.0;0.00;0.00
15490;4181;24.0;43;7.84;8710.0;0.00;0.00;5.10;99.2;96.0;0.00;0.00
15500;4180;24.0;43;7.84;8710.0;0.00;0.00;5.49;99.2;96.0;0.00;0.00
15510;4178;24.0;43;7.84;8710.0;0.00;0.00;5.49;99.2;96.0;0.00;0.00
15519;4177;24.0;43;7.84;8710.0;0.00;0.00;5.49;99.2;96.0;0.00;0.00
15530;4176;24.0;43;7.84;8710.0;0.00;0.00;5.49;99.2;96.0;0.00;0.00
15539;4174;24.0;43;7.84;8720.0;0.00;0.00;5.49;99.2;96.0;0.00;0.00
15550;4173;24.0;43;7.84;8720.0;0.00;0.00;5.49;99.2;96.0;0.00;0.00
15559;4171;24.0;43;7.84;8720.0;0.00;0.00;5.49;99.2;96.0;0.00;0.00
15568;4170;24.0;43;7.84;8730.0;0.00;0.00;5.49;99.2;96.0;0.00;0.00
15580;4169;24.0;43;7.84;8730.0;0.00;0.00;5.49;99.2;96.0;0.00;0.00
15597;4167;24.0;43;7.84;8740.0;0.00;0.00;5.49;99.2;96.0;0.00;0.00
15611;4166;24.0;43;7.84;8740.0;0.00;0.00;5.49;99.2;96.0;0.00;0.00
15621;4165;24.0;43;7.84;8740.0;0.00;0.00;5.10;99.2;96.0;0.00;0.00
15631;4164;24.0;43;7.84;8750.0;0.00;0.00;5.10;99.2;96.0;0.00;0.00
15640;4162;24.0;43;7.84;8750.0;0.00;0.00;5.10;99.2;96.5;0.00;0.00
15649;4161;24.0;43;7.84;8750.0;0.00;0.00;5.10;99.2;96.5;0.00;0.00
15659;4160;24.0;43;7.84;8750.0;0.00;0.00;5.10;99.2;96.5;0.00;0.00
15671;4159;24.0;43;7.84;8750.0;0.00;0.00;5.10;99.2;96.5;0.00;0.00
15691;4158;24.0;44;7.84;8750.0;0.00;0.00;5.10;99.2;96.5;0.00;0.00
15700;4156;24.0;44;7.84;8750.0;0.00;0.00;5.10;99.2;96.5;0.00;0.00
15711;4155;24.0;44;7.84;8750.0;0.00;0.00;5.10;99.2;96.5;0.00;0.00
15734;4154;24.0;44;7.84;8750.0;0.00;0.00;5.10;99.2;96.5;0.00;0.00
15749;4151;24.0;44;7.84;8750.0;0.00;0.00;5.10;99.2;96.5;0.00;0.00
15761;4149;24.0;44;7.84;8750.0;0.00;0.00;5.10;99.2;96.5;0.00;0.00
15770;4146;24.0;44;7.84;8750.0;0.00;0.00;5.10;99.2;96.5;0.00;0.00
15781;4143;24.0;44;7.84;8750.0;0.00;0.00;5.10;99.2;96.5;0.00;0.00
15790;4141;24.0;44;7.84;8750.0;0.00;0.00;5.10;99.2;96.5;0.00;0.00
15800;4138;24.0;44;7.84;8760.0;0.00;0.00;5.10;99.2;96.5;0.00;0.00
15810;4135;23.0;44;7.84;8760.0;0.00;0.00;5.10;99.2;96.5;0.00;0.00
15819;4133;23.0;44;7.84;8760.0;0.00;0.00;5.10;99.2;96.5;0.00;0.00
15831;4130;23.0;44;7.84;8760.0;0.00;0.00;5.10;99.2;96.5;0.00;0.00
15840;4128;23.0;44;7.84;8770.0;0.00;0.00;5.10;99.2;96.5;0.00;0.00
15855;4125;23.0;44;7.84;8770.0;0.00;0.00;5.10;99.2;96.5;0.00;0.00
15872;4124;23.0;44;7.84;8770.0;0.00;0.00;5.10;99.1;96.5;0.00;0.00
15889;4122;23.0;44;7.84;8770.0;0.00;0.00;5.10;99.1;96.5;0.00;0.00
15901;4121;23.0;44;7.84;8780.0;0.00;0.00;5.10;99.1;96.5;0.00;0.00
15910;4120;23.0;44;7.84;8780.0;0.00;0.00;5.10;99.1;96.5;0.00;0.00
15919;4118;23.0;44;7.84;8780.0;0.00;0.00;5.10;99.1;96.5;0.00;0.00
15930;4117;23.0;44;7.84;8780.0;0.00;0.00;5.10;99.1;96.5;0.00;0.00
15939;4116;24.0;44;7.84;8780.0;0.00;0.00;5.10;99.1;96.5;0.00;0.00
15951;4115;24.0;44;7.84;8780.0;0.00;0.00;5.10;99.1;96.5;0.00;0.00
15960;4113;24.0;44;7.84;8780.0;0.00;0.00;5.10;99.1;96.5;0.00;0.00
15970;4112;24.0;44;7.84;8780.0;0.00;0.00;5.10;99.1;96.5;0.00;0.00
15986;4111;24.0;44;7.84;8780.0;0.00;0.00;5.10;99.1;96.5;0.00;0.00
16000;4106;24.0;44;7.84;8780.0;0.00;0.00;5.10;99.1;96.5;0.00;0.00
16011;4102;24.0;44;7.84;8780.0;0.00;0.00;5.10;99.1;96.5;0.00;0.00
16020;4098;24.0;44;7.84;8780.0;0.00;0.00;5.10;99.1;96.5;0.00;0.00
16029;4093;24.0;44;7.84;8780.0;0.00;0.00;5.10;99.1;96.5;0.00;0.00
16042;4089;24.0;44;7.84;8780.0;0.00;0.00;5.10;99.1;96.5;0.00;0.00
16060;4085;24.0;44;7.84;8790.0;0.00;0.00;5.10;99.1;96.5;0.00;0.00
16069;4080;24.0;44;7.84;8790.0;0.00;0.00;5.10;99.1;96.5;0.00;0.00
16081;4076;24.0;44;7.84;8790.0;0.00;0.00;5.10;99.1;96.5;0.00;0.00
16090;4072;24.0;44;7.45;8800.0;0.00;0.00;5.10;99.1;96.5;0.00;0.00
16101;4067;24.0;44;7.45;8800.0;0.00;0.00;5.10;99.1;96.5;0.00;0.00
16113;4063;24.0;44;7.45;8810.0;0.00;0.00;5.10;99.1;96.5;0.00;0.00
16131;4062;24.0;44;7.45;8810.0;0.00;0.00;5.10;99.1;96.5;0.00;0.00
16140;4061;24.0;44;7.45;8810.0;0.00;0.00;5.10;99.1;96.5;0.00;0.00
16149;4060;24.0;44;7.45;8820.0;0.00;0.00;5.10;99.1;96.5;0.00;0.00
16161;4059;24.0;44;7.45;8820.0;0.00;0.00;5.10;99.1;96.5;0.00;0.00
16170;4057;24.0;44;7.45;8820.0;0.00;0.00;5.10;99.1;96.5;0.00;0.00
16181;4056;24.0;44;7.45;8820.0;0.00;0.00;5.10;99.1;96.5;0.00;0.00
16190;4055;24.0;44;7.45;8820.0;0.00;0.00;5.10;99.1;96.5;0.00;0.00
16201;4054;24.0;44;7.45;8820.0;0.00;0.00;5.10;99.1;96.5;0.00;0.00
16210;4053;24.0;44;7.45;8820.0;0.00;0.00;5.10;99.1;96.5;0.00;0.00
16219;4052;24.0;44;7.45;8820.0;0.00;0.00;5.10;99.1;96.5;0.00;0.00
16236;4051;24.0;44;7.45;8820.0;0.00;0.00;5.10;99.1;96.5;0.00;0.00
16251;4047;24.0;44;7.45;8820.0;0.00;0.00;5.10;99.1;96.5;0.00;0.00
16261;4044;24.0;44;7.45;8820.0;0.00;0.00;5.10;99.1;96.5;0.00;0.00
16271;4041;24.0;44;7.45;8820.0;0.00;0.00;5.10;99.1;96.5;0.00;0.00
16281;4038;24.0;44;7.45;8820.0;0.00;0.00;5.10;99.1;96.5;0.00;0.00
16290;4034;24.0;44;7.45;8820.0;0.00;0.00;5.10;99.1;96.5;0.00;0.00
16299;4031;24.0;44;7.45;8830.0;0.00;0.00;5.10;99.1;96.5;0.00;0.00
16309;4028;24.0;44;7.45;8830.0;0.00;0.00;5.10;99.1;96.5;0.00;0.00
16320;4024;24.0;44;7.45;8830.0;0.00;0.00;5.10;99.1;96.5;0.00;0.00
16330;4021;24.0;44;7.45;8830.0;0.00;0.00;5.10;99.1;96.5;0.00;0.00
16340;4018;24.0;44;7.45;8840.0;0.00;0.00;5.10;99.1;96.5;0.00;0.00
16355;4015;24.0;44;7.45;8840.0;0.00;0.00;5.10;99.1;96.5;0.00;0.00
16372;4014;24.0;44;7.45;8840.0;0.00;0.00;5.10;99.1;96.5;0.00;0.00
16391;4014;24.0;44;7.45;8840.0;0.00;0.00;5.10;99.1;96.5;0.00;0.00
16409;4014;24.0;44;7.45;8850.0;0.00;0.00;5.10;99.1;96.5;0.00;0.00
16421;4014;24.0;44;7.45;8850.0;0.00;0.00;5.10;99.1;96.5;0.00;0.00
16431;4013;24.0;44;7.45;8850.0;0.00;0.00;5.10;99.1;96.5;0.00;0.00
16439;4013;24.0;44;7.45;8850.0;0.00;0.00;5.10;99.1;96.5;0.00;0.00
16451;4013;23.0;44;7.45;8850.0;0.00;0.00;5.10;99.1;96.5;0.00;0.00
16459;4013;23.0;44;7.45;8850.0;0.00;0.00;5.10;99.1;96.5;0.00;0.00
16472;4012;23.0;44;7.45;8850.0;0.00;0.00;5.10;99.1;96.5;0.00;0.00
16492;4012;23.0;44;7.45;8850.0;0.00;0.00;5.10;99.1;96.5;0.00;0.00
16514;4012;23.0;44;7.45;8850.0;0.00;0.00;5.10;99.1;96.5;0.00;0.00
16531;4014;23.0;44;7.45;8850.0;0.00;0.00;5.10;99.1;96.5;0.00;0.00
16539;4015;23.0;44;7.45;8850.0;0.00;0.00;5.10;99.1;96.5;0.00;0.00
16550;4017;23.0;44;7.45;8850.0;0.00;0.00;5.10;99.1;96.5;0.00;0.00
16561;4019;23.0;44;7.45;8850.0;0.00;0.00;5.10;99.1;96.5;0.00;0.00
16569;4021;23.0;44;7.45;8850.0;0.00;0.00;5.10;99.1;96.5;0.00;0.00
16581;4023;23.0;44;7.45;8860.0;0.00;0.00;5.10;99.1;96.5;0.00;0.00
16590;4024;23.0;44;7.45;8860.0;0.00;0.00;5.10;99.1;96.5;0.00;0.00
16599;4026;23.0;44;7.45;8860.0;0.00;0.00;5.10;99.1;96.5;0.00;0.00
16611;4028;23.0;44;7.45;8870.0;0.00;0.00;5.10;99.1;96.5;0.00;0.00
16622;4030;23.0;44;7.45;8870.0;0.00;0.00;5.10;99.1;96.5;0.00;0.00
16645;4032;23.0;44;7.45;8880.0;0.00;0.00;5.10;99.1;96.5;0.00;0.00
16660;4028;23.0;44;7.45;8880.0;0.00;0.00;5.10;99.1;96.5;0.00;0.00
16669;4025;23.0;44;7.45;8880.0;0.00;0.00;5.10;99.1;96.5;0.00;0.00
16680;4022;23.0;44;7.45;8890.0;0.00;0.00;5.10;99.1;96.5;0.00;0.00
16692;4019;23.0;44;7.45;8890.0;0.00;0.00;5.10;99.1;97.0;0.00;0.00
16710;4016;23.0;44;7.45;8890.0;0.00;0.00;5.10;99.1;97.0;0.00;0.00
16719;4013;23.0;44;7.45;8890.0;0.00;0.00;5.10;99.1;97.0;0.00;0.00
16731;4010;23.0;44;7.45;8890.0;0.00;0.00;5.10;99.1;97.0;0.00;0.00
16740;4007;23.0;44;7.45;8890.0;0.00;0.00;5.10;99.1;97.0;0.00;0.00
16751;4003;23.0;44;7.45;8890.0;0.00;0.00;5.10;99.1;97.0;0.00;0.00
16760;4000;23.0;44;7.45;8890.0;0.00;0.00;5.10;99.1;97.0;0.00;0.00
16775;3997;23.0;44;7.45;8890.0;0.00;0.00;5.10;99.1;97.0;0.00;0.00
16791;3993;23.0;44;7.45;8890.0;0.00;0.00;5.10;99.1;97.0;0.00;0.00
16801;3989;23.0;44;7.45;8890.0;0.00;0.00;5.10;99.1;97.0;0.00;0.00
16810;3985;23.0;44;7.45;8890.0;0.00;0.00;5.10;99.1;97.0;0.00;0.00
16821;3980;23.0;44;7.45;8890.0;0.00;0.00;5.10;99.0;96.5;0.00;0.00
16829;3976;23.0;44;7.45;8890.0;0.00;0.00;5.10;99.0;96.5;0.00;0.00
16841;3972;23.0;44;7.45;8890.0;0.00;0.00;5.10;99.0;96.5;0.00;0.00
16862;3968;23.0;44;7.45;8890.0;0.00;0.00;5.10;99.0;96.5;0.00;0.00
16881;3964;23.0;45;7.45;8890.0;0.00;0.00;5.10;99.0;96.5;0.00;0.00
16890;3960;23.0;45;7.06;8890.0;0.00;0.00;5.10;99.0;96.5;0.00;0.00
16902;3956;23.0;45;7.06;8890.0;0.00;0.00;5.10;99.0;96.5;0.00;0.00
16926;3951;23.0;45;7.06;8890.0;0.00;0.00;5.10;99.0;96.5;0.00;0.00
16941;3952;23.0;45;7.06;8890.0;0.00;0.00;5.10;99.0;96.5;0.00;0.00
16949;3953;23.0;45;7.06;8890.0;0.00;0.00;5.10;99.0;96.5;0.00;0.00
16961;3953;23.0;45;7.06;8890.0;0.00;0.00;5.10;99.0;96.5;0.00;0.00
16970;3954;23.0;45;7.06;8890.0;0.00;0.00;5.10;99.0;97.0;0.00;0.00
16981;3955;23.0;45;7.06;8890.0;0.00;0.00;5.10;99.0;97.0;0.00;0.00
17001;3955;23.0;45;7.06;8900.0;0.00;0.00;5.10;99.0;97.0;0.00;0.00
17010;3956;22.0;45;7.06;8900.0;0.00;0.00;5.10;99.0;97.0;0.00;0.00
17021;3957;22.0;45;7.06;8900.0;0.00;0.00;5.10;99.0;97.0;0.00;0.00
17029;3957;22.0;45;7.06;8900.0;0.00;0.00;5.10;99.0;97.0;0.00;0.00
17041;3958;22.0;45;7.06;8910.0;0.00;0.00;5.10;99.0;97.0;0.00;0.00
17055;3959;22.0;45;7.06;8910.0;0.00;0.00;5.10;99.0;97.0;0.00;0.00
17072;3956;22.0;45;7.06;8910.0;0.00;0.00;5.10;99.0;97.0;0.00;0.00
17091;3952;22.0;45;7.06;8910.0;0.00;0.00;5.10;99.0;97.0;0.00;0.00
17110;3949;22.0;45;7.06;8920.0;0.00;0.00;5.10;99.0;97.0;0.00;0.00
17122;3946;22.0;45;7.06;8920.0;0.00;0.00;5.10;99.0;97.0;0.00;0.00
17141;3943;22.0;45;7.06;8920.0;0.00;0.00;5.10;99.0;97.0;0.00;0.00
17157;3940;22.0;45;7.06;8920.0;0.00;0.00;5.10;99.0;97.0;0.00;0.00
17171;3937;23.0;45;7.06;8920.0;0.00;0.00;5.10;99.0;97.0;0.00;0.00
17189;3934;23.0;45;7.06;8920.0;0.00;0.00;5.10;99.0;97.0;0.00;0.00
17197;3931;23.0;45;7.06;8920.0;0.00;0.00;5.10;99.0;97.0;0.00;0.00
17209;3928;23.0;45;7.06;8920.0;0.00;0.00;5.10;99.0;97.0;0.00;0.00
17224;3925;23.0;45;7.06;8920.0;0.00;0.00;5.10;99.0;97.0;0.00;0.00
17240;3924;23.0;45;7.06;8920.0;0.00;0.00;5.10;99.0;97.0;0.00;0.00
17250;3923;23.0;45;7.06;8920.0;0.00;0.00;5.10;99.0;97.0;0.00;0.00
17260;3922;23.0;45;7.06;8920.0;0.00;0.00;5.10;99.0;97.0;0.00;0.00
17276;3921;23.0;45;7.06;8920.0;0.00;0.00;5.10;99.0;97.0;0.00;0.00
17291;3920;23.0;45;7.06;8920.0;0.00;0.00;5.10;99.0;97.0;0.00;0.00
17299;3919;23.0;45;7.06;8930.0;0.00;0.00;5.10;99.0;97.0;0.00;0.00
17309;3918;22.0;45;7.06;8930.0;0.00;0.00;5.10;99.0;97.0;0.00;0.00
17319;3917;22.0;45;7.06;8930.0;0.00;0.00;5.10;99.0;97.0;0.00;0.00
17329;3916;22.0;45;7.06;8940.0;0.00;0.00;5.10;99.0;97.0;0.00;0.00
17338;3915;22.0;45;7.06;8940.0;0.00;0.00;5.10;99.0;97.0;0.00;0.00
17355;3914;22.0;45;7.06;8950.0;0.00;0.00;5.10;99.0;97.0;0.00;0.00
17373;3913;22.0;45;7.06;8950.0;0.00;0.00;5.10;99.0;97.0;0.00;0.00
17387;3912;22.0;45;7.06;8950.0;0.00;0.00;5.10;99.0;97.0;0.00;0.00
17401;3910;22.0;45;7.06;8960.0;0.00;0.00;5.10;99.0;97.0;0.00;0.00
17410;3909;22.0;45;7.06;8960.0;0.00;0.00;5.10;99.0;97.0;0.00;0.00
17419;3907;22.0;45;7.06;8960.0;0.00;0.00;5.10;99.0;97.0;0.00;0.00
17429;3906;22.0;45;7.06;8960.0;0.00;0.00;5.10;99.0;97.0;0.00;0.00
17438;3905;23.0;45;7.06;8960.0;0.00;0.00;5.10;99.0;97.0;0.00;0.00
17450;3903;23.0;45;7.06;8960.0;0.00;0.00;5.10;99.0;97.0;0.00;0.00
17458;3902;23.0;45;7.06;8960.0;0.00;0.00;5.10;99.0;97.0;0.00;0.00
17473;3901;23.0;45;7.06;8960.0;0.00;0.00;5.10;99.0;97.0;0.00;0.00
17494;3899;23.0;45;7.06;8960.0;0.00;0.00;5.10;99.0;97.0;0.00;0.00
17510;3898;23.0;45;7.06;8960.0;0.00;0.00;5.10;99.0;97.0;0.00;0.00
17518;3896;23.0;45;7.06;8960.0;0.00;0.00;5.10;99.0;97.0;0.00;0.00
17529;3894;23.0;45;7.06;8960.0;0.00;0.00;5.10;99.0;97.0;0.00;0.00
17540;3893;23.0;45;7.06;8960.0;0.00;0.00;5.10;99.0;97.0;0.00;0.00
17550;3891;23.0;45;7.06;8960.0;0.00;0.00;5.10;99.0;97.0;0.00;0.00
17559;3889;23.0;45;7.06;8960.0;0.00;0.00;5.10;99.0;97.0;0.00;0.00
17571;3888;23.0;45;7.06;8960.0;0.00;0.00;5.10;99.0;97.0;0.00;0.00
17589;3886;23.0;45;7.06;8960.0;0.00;0.00;5.10;99.0;97.0;0.00;0.00
17599;3885;23.0;45;7.06;8960.0;0.00;0.00;5.10;99.0;97.0;0.00;0.00
17608;3883;23.0;45;7.06;8960.0;0.00;0.00;5.10;99.0;97.0;0.00;0.00
17624;3881;23.0;45;7.06;8960.0;0.00;0.00;5.10;99.0;97.0;0.00;0.00
17640;3880;23.0;45;7.06;8960.0;0.00;0.00;5.10;99.0;97.0;0.00;0.00
17649;3879;23.0;45;7.06;8960.0;0.00;0.00;5.10;99.0;97.0;0.00;0.00
17659;3878;23.0;45;7.06;8960.0;0.00;0.00;5.10;99.0;97.0;0.00;0.00
17671;3877;23.0;45;7.06;8960.0;0.00;0.00;5.10;99.0;97.0;0.00;0.00
17679;3876;23.0;45;7.06;8960.0;0.00;0.00;5.10;99.0;97.0;0.00;0.00
17691;3876;23.0;45;7.06;8970.0;0.00;0.00;5.10;99.0;97.0;0.00;0.00
17709;3875;23.0;45;7.06;8970.0;0.00;0.00;5.10;99.0;97.0;0.00;0.00
17719;3874;23.0;45;7.06;8970.0;0.00;0.00;5.10;99.0;97.0;0.00;0.00
17729;3873;23.0;45;7.06;8970.0;0.00;0.00;5.10;99.0;97.0;0.00;0.00
17739;3872;23.0;45;7.06;8980.0;0.00;0.00;5.10;99.0;97.0;0.00;0.00
17754;3871;23.0;45;7.06;8980.0;0.00;0.00;5.10;99.0;97.0;0.00;0.00
17770;3868;23.0;45;7.06;8980.0;0.00;0.00;5.10;99.0;97.0;0.00;0.00
17779;3866;23.0;45;7.06;8980.0;0.00;0.00;5.10;99.0;97.0;0.00;0.00
17789;3863;23.0;45;7.06;8990.0;0.00;0.00;5.10;99.0;97.0;0.00;0.00
17798;3861;23.0;45;7.06;8990.0;0.00;0.00;5.10;99.0;97.0;0.00;0.00
17808;3858;23.0;45;7.06;8990.0;0.00;0.00;5.10;99.0;97.0;0.00;0.00
17818;3856;23.0;45;7.06;8990.0;0.00;0.00;5.10;99.0;97.0;0.00;0.00
17829;3853;22.0;45;7.06;8990.0;0.00;0.00;5.10;99.0;97.0;0.00;0.00
17840;3851;22.0;45;7.06;8990.0;0.00;0.00;5.10;99.0;97.0;0.00;0.00
17849;3848;22.0;45;7.06;8990.0;0.00;0.00;5.10;99.0;97.0;0.00;0.00
17859;3846;22.0;45;7.06;8990.0;0.00;0.00;5.10;99.0;97.0;0.00;0.00
17876;3843;22.0;45;7.06;8990.0;0.00;0.00;5.10;99.0;97.0;0.00;0.00
17888;3843;22.0;45;7.06;8990.0;0.00;0.00;5.10;99.0;97.0;0.00;0.00
17899;3844;22.0;45;7.06;8990.0;0.00;0.00;5.10;99.0;97.0;0.00;0.00
17908;3844;22.0;45;7.06;8990.0;0.00;0.00;5.10;99.0;97.0;0.00;0.00
17920;3844;22.0;45;7.06;8990.0;0.00;0.00;5.10;99.0;97.5;0.00;0.00
17929;3844;22.0;45;7.06;8990.0;0.00;0.00;5.10;99.0;97.5;0.00;0.00
17939;3844;22.0;45;7.06;8990.0;0.00;0.00;5.10;98.9;97.5;0.00;0.00
17948;3844;22.0;45;7.06;8990.0;0.00;0.00;5.10;98.9;97.5;0.00;0.00
17959;3844;22.0;45;7.06;8990.0;0.00;0.00;5.10;98.9;97.5;0.00;0.00
17972;3844;22.0;45;6.67;8990.0;0.00;0.00;5.10;98.9;97.5;0.00;0.00
17990;3844;22.0;45;6.67;8990.0;0.00;0.00;5.10;98.9;97.5;0.00;0.00
18004;3844;22.0;45;6.67;8990.0;0.00;0.00;5.10;98.9;97.5;0.00;0.00
18019;3842;22.0;45;6.67;8990.0;0.00;0.00;5.10;98.9;97.5;0.00;0.00
18029;3840;22.0;45;6.67;8990.0;0.00;0.00;5.10;98.9;97.5;0.00;0.00
18040;3838;22.0;45;6.67;8990.0;0.00;0.00;5.10;98.9;97.5;0.00;0.00
18050;3836;22.0;45;6.67;8990.0;0.00;0.00;5.10;98.9;97.0;0.00;0.00
18058;3834;22.0;45;6.67;8990.0;0.00;0.00;5.10;98.9;97.0;0.00;0.00
18069;3831;22.0;45;6.67;9000.0;0.00;0.00;5.10;98.9;97.0;0.00;0.00
18079;3829;22.0;45;6.67;9000.0;0.00;0.00;5.10;98.9;97.0;0.00;0.00
18088;3827;22.0;45;6.67;9000.0;0.00;0.00;5.10;98.9;97.0;0.00;0.00
18100;3825;22.0;45;6.67;9010.0;0.00;0.00;5.10;98.9;97.0;0.00;0.00
18110;3823;22.0;45;6.67;9010.0;0.00;0.00;5.10;98.9;97.0;0.00;0.00
18124;3821;22.0;45;6.67;9020.0;0.00;0.00;5.10;98.9;97.0;0.00;0.00
18141;3820;22.0;45;6.67;9020.0;0.00;0.00;5.10;98.9;97.0;0.00;0.00
18149;3819;22.0;45;6.67;9020.0;0.00;0.00;5.10;98.9;97.0;0.00;0.00
18160;3818;22.0;45;6.67;9030.0;0.00;0.00;5.10;98.9;97.0;0.00;0.00
18172;3817;22.0;45;6.67;9030.0;0.00;0.00;5.10;98.9;97.5;0.00;0.00
18190;3816;22.0;45;6.67;9030.0;0.00;0.00;5.10;98.9;97.5;0.00;0.00
18198;3815;22.0;45;6.67;9030.0;0.00;0.00;5.10;98.9;97.5;0.00;0.00
18210;3815;22.0;45;6.67;9030.0;0.00;0.00;5.10;98.9;97.5;0.00;0.00
18218;3814;22.0;46;6.67;9030.0;0.00;0.00;5.10;98.9;97.5;0.00;0.00
18230;3813;22.0;46;6.67;9030.0;0.00;0.00;5.10;98.9;97.5;0.00;0.00
18240;3812;22.0;46;6.67;9030.0;0.00;0.00;5.10;98.9;97.5;0.00;0.00
18256;3811;22.0;46;6.67;9030.0;0.00;0.00;5.10;98.9;97.5;0.00;0.00
18272;3809;22.0;46;6.67;9030.0;0.00;0.00;5.10;98.9;97.5;0.00;0.00
18290;3807;22.0;46;6.67;9030.0;0.00;0.00;5.10;98.9;97.5;0.00;0.00
18300;3806;22.0;46;6.67;9030.0;0.00;0.00;5.10;98.9;97.5;0.00;0.00
18309;3804;22.0;46;6.67;9030.0;0.00;0.00;5.10;98.9;97.5;0.00;0.00
18319;3802;22.0;46;6.67;9030.0;0.00;0.00;5.10;98.9;97.5;0.00;0.00
18329;3800;22.0;46;6.67;9040.0;0.00;0.00;5.10;98.9;97.5;0.00;0.00
18340;3798;22.0;46;6.67;9040.0;0.00;0.00;5.10;98.9;97.5;0.00;0.00
18349;3796;22.0;46;6.67;9040.0;0.00;0.00;5.10;98.9;97.5;0.00;0.00
18360;3795;22.0;46;7.06;9040.0;0.00;0.00;5.10;98.9;97.5;0.00;0.00
18369;3793;22.0;46;7.06;9050.0;0.00;0.00;5.10;98.9;97.5;0.00;0.00
18385;3791;22.0;46;7.06;9050.0;0.00;0.00;5.10;98.9;97.5;0.00;0.00
18398;3790;22.0;46;7.06;9050.0;0.00;0.00;5.10;98.9;97.5;0.00;0.00
18409;3788;22.0;46;7.06;9050.0;0.00;0.00;5.10;98.9;97.5;0.00;0.00
18421;3787;22.0;46;7.06;9060.0;0.00;0.00;5.10;98.9;97.5;0.00;0.00
18430;3786;22.0;46;7.06;9060.0;0.00;0.00;5.10;98.9;97.5;0.00;0.00
18440;3784;22.0;46;7.06;9060.0;0.00;0.00;5.10;98.9;97.5;0.00;0.00
18449;3783;22.0;46;7.06;9060.0;0.00;0.00;5.10;98.9;97.5;0.00;0.00
18459;3782;23.0;46;7.06;9060.0;0.00;0.00;5.10;98.9;97.5;0.00;0.00
18472;3780;23.0;46;7.06;9060.0;0.00;0.00;5.10;98.9;97.5;0.00;0.00
18490;3779;23.0;46;6.67;9060.0;0.00;0.00;5.10;98.9;97.5;0.00;0.00
18499;3778;23.0;46;6.67;9060.0;0.00;0.00;5.10;98.9;97.5;0.00;0.00
18515;3776;23.0;46;6.67;9060.0;0.00;0.00;5.10;98.9;97.5;0.00;0.00
18528;3776;23.0;46;6.67;9060.0;0.00;0.00;5.10;98.9;97.5;0.00;0.00
18540;3776;23.0;46;6.67;9060.0;0.00;0.00;5.10;98.9;97.5;0.00;0.00
18550;3776;23.0;46;6.67;9060.0;0.00;0.00;5.10;98.9;97.5;0.00;0.00
18559;3775;23.0;46;6.67;9060.0;0.00;0.00;5.10;98.9;97.5;0.00;0.00
18570;3775;23.0;46;6.67;9060.0;0.00;0.00;5.10;98.9;97.5;0.00;0.00
18580;3775;23.0;46;6.67;9060.0;0.00;0.00;5.10;98.9;97.5;0.00;0.00
18589;3774;22.0;46;6.67;9060.0;0.00;0.00;5.10;98.9;97.5;0.00;0.00
18598;3774;22.0;46;6.67;9060.0;0.00;0.00;5.10;98.9;97.5;0.00;0.00
18610;3774;22.0;46;6.67;9060.0;0.00;0.00;5.10;98.9;97.5;0.00;0.00
18619;3774;22.0;46;6.67;9060.0;0.00;0.00;5.10;98.9;97.5;0.00;0.00
18635;3773;22.0;46;6.67;9060.0;0.00;0.00;5.10;98.9;97.5;0.00;0.00
18650;3773;22.0;46;6.67;9060.0;0.00;0.00;5.10;98.9;97.5;0.00;0.00
18658;3773;22.0;46;6.67;9060.0;0.00;0.00;5.10;98.9;97.5;0.00;0.00
18670;3772;22.0;46;6.67;9060.0;0.00;0.00;5.10;98.9;97.5;0.00;0.00
18678;3772;22.0;46;6.67;9060.0;0.00;0.00;5.10;98.9;97.5;0.00;0.00
18690;3771;22.0;46;6.67;9060.0;0.00;0.00;5.10;98.9;97.5;0.00;0.00
18699;3771;22.0;46;6.67;9060.0;0.00;0.00;5.10;98.9;97.5;0.00;0.00
18711;3771;23.0;46;6.67;9060.0;0.00;0.00;5.10;98.9;97.5;0.00;0.00
18719;3770;23.0;46;6.67;9060.0;0.00;0.00;5.10;98.9;97.5;0.00;0.00
18730;3770;23.0;46;6.67;9060.0;0.00;0.00;5.10;98.9;97.5;0.00;0.00
18740;3769;23.0;46;6.67;9060.0;0.00;0.00;5.10;98.9;97.5;0.00;0.00
18756;3769;23.0;46;6.67;9060.0;0.00;0.00;5.10;98.9;97.5;0.00;0.00
18771;3765;23.0;46;6.67;9060.0;0.00;0.00;5.10;98.9;97.5;0.00;0.00
18788;3761;23.0;46;6.67;9060.0;0.00;0.00;5.10;98.9;97.5;0.00;0.00
18798;3757;23.0;46;6.67;9060.0;0.00;0.00;5.10;98.9;97.5;0.00;0.00
18809;3753;23.0;46;6.67;9060.0;0.00;0.00;5.10;98.9;97.5;0.00;0.00
18818;3750;23.0;46;6.67;9060.0;0.00;0.00;5.10;98.9;97.5;0.00;0.00
18830;3746;23.0;46;6.67;9070.0;0.00;0.00;5.10;98.9;97.5;0.00;0.00
18841;3742;23.0;46;6.67;9070.0;0.00;0.00;5.10;98.9;97.5;0.00;0.00
18851;3738;23.0;46;6.67;9070.0;0.00;0.00;5.10;98.9;97.5;0.00;0.00
18859;3734;23.0;46;6.67;9080.0;0.00;0.00;5.10;98.9;97.5;0.00;0.00
18870;3730;23.0;46;6.67;9080.0;0.00;0.00;5.10;98.9;97.5;0.00;0.00
18885;3726;23.0;46;6.67;9090.0;0.00;0.00;5.10;98.9;97.5;0.00;0.00
18900;3727;23.0;46;6.67;9090.0;0.00;0.00;5.10;98.9;97.5;0.00;0.00
18909;3727;23.0;46;6.67;9090.0;0.00;0.00;5.10;98.9;97.5;0.00;0.00
18920;3728;23.0;46;6.67;9100.0;0.00;0.00;5.10;98.9;97.5;0.00;0.00
18929;3728;23.0;46;6.67;9100.0;0.00;0.00;5.10;98.9;97.5;0.00;0.00
18939;3728;23.0;46;6.67;9100.0;0.00;0.00;5.10;98.9;97.5;0.00;0.00
18950;3729;23.0;46;6.67;9100.0;0.00;0.00;5.10;98.9;97.5;0.00;0.00
18959;3729;22.0;46;6.67;9100.0;0.00;0.00;5.10;98.9;97.5;0.00;0.00
18969;3729;22.0;46;6.67;9100.0;0.00;0.00;5.10;98.9;97.5;0.00;0.00
18980;3730;22.0;46;6.67;9100.0;0.00;0.00;5.10;98.9;97.5;0.00;0.00
18989;3730;22.0;46;6.67;9100.0;0.00;0.00;5.10;98.9;97.5;0.00;0.00
19007;3731;22.0;46;6.67;9100.0;0.00;0.00;5.10;98.9;97.5;0.00;0.00
19019;3729;22.0;46;6.67;9100.0;0.00;0.00;5.10;98.9;97.5;0.00;0.00
19031;3728;22.0;46;6.67;9100.0;0.00;0.00;5.10;98.9;97.5;0.00;0.00
19041;3727;22.0;46;6.67;9100.0;0.00;0.00;5.10;98.9;97.5;0.00;0.00
19050;3725;22.0;46;6.67;9100.0;0.00;0.00;5.10;98.9;97.5;0.00;0.00
19058;3724;22.0;46;6.67;9100.0;0.00;0.00;5.10;98.9;97.5;0.00;0.00
19070;3723;22.0;46;6.67;9100.0;0.00;0.00;5.10;98.9;97.5;0.00;0.00
19079;3722;23.0;46;6.67;9100.0;0.00;0.00;5.10;98.9;97.5;0.00;0.00
19090;3720;23.0;46;6.67;9100.0;0.00;0.00;5.10;98.9;97.5;0.00;0.00
19099;3719;23.0;46;6.67;9100.0;0.00;0.00;5.10;98.9;97.5;0.00;0.00
19108;3718;23.0;46;6.67;9100.0;0.00;0.00;5.10;98.9;97.5;0.00;0.00
19125;3716;23.0;46;6.67;9100.0;0.00;0.00;5.10;98.9;97.5;0.00;0.00
19141;3715;23.0;46;6.67;9100.0;0.00;0.00;5.10;98.9;97.5;0.00;0.00
19149;3714;23.0;46;6.67;9100.0;0.00;0.00;5.10;98.9;97.5;0.00;0.00
19161;3712;23.0;46;6.67;9100.0;0.00;0.00;5.10;98.9;97.5;0.00;0.00
19169;3711;23.0;46;6.67;9100.0;0.00;0.00;5.10;98.9;97.5;0.00;0.00
19178;3710;23.0;46;6.67;9100.0;0.00;0.00;5.10;98.9;97.5;0.00;0.00
19190;3709;23.0;46;6.67;9100.0;0.00;0.00;5.10;98.9;97.5;0.00;0.00
19198;3707;23.0;46;6.67;9100.0;0.00;0.00;5.10;98.9;97.5;0.00;0.00
19210;3706;23.0;46;6.67;9100.0;0.00;0.00;5.10;98.9;97.5;0.00;0.00
19218;3705;23.0;46;6.67;9100.0;0.00;0.00;5.10;98.9;97.5;0.00;0.00
19230;3703;23.0;46;6.67;9100.0;0.00;0.00;5.10;98.9;97.5;0.00;0.00
19244;3702;23.0;46;6.67;9100.0;0.00;0.00;5.10;98.9;97.5;0.00;0.00
19260;3701;23.0;46;6.67;9100.0;0.00;0.00;5.10;98.9;97.5;0.00;0.00
19271;3699;23.0;46;6.67;9100.0;0.00;0.00;5.10;98.9;97.5;0.00;0.00
19280;3697;23.0;46;6.67;9100.0;0.00;0.00;5.10;98.9;97.5;0.00;0.00
19290;3696;23.0;46;6.67;9100.0;0.00;0.00;5.10;98.9;97.5;0.00;0.00
19301;3694;23.0;46;6.67;9100.0;0.00;0.00;5.10;98.9;97.5;0.00;0.00
19310;3692;23.0;46;6.67;9110.0;0.00;0.00;5.10;98.9;97.5;0.00;0.00
19318;3691;23.0;46;6.67;9110.0;0.00;0.00;5.10;98.9;97.5;0.00;0.00
19330;3689;23.0;46;6.67;9110.0;0.00;0.00;5.10;98.9;97.5;0.00;0.00
19340;3688;23.0;46;6.67;9110.0;0.00;0.00;5.10;98.9;97.5;0.00;0.00
19350;3686;23.0;46;6.67;9120.0;0.00;0.00;5.10;98.9;97.5;0.00;0.00
19366;3684;23.0;46;6.67;9120.0;0.00;0.00;5.10;98.9;97.5;0.00;0.00
19378;3682;23.0;46;6.67;9120.0;0.00;0.00;5.10;98.9;97.5;0.00;0.00
19390;3680;23.0;46;6.67;9120.0;0.00;0.00;5.10;98.9;97.5;0.00;0.00
19400;3678;23.0;46;6.67;9130.0;0.00;0.00;5.10;98.9;97.5;0.00;0.00
19410;3676;23.0;46;6.67;9130.0;0.00;0.00;5.10;98.9;97.5;0.00;0.00
19420;3673;23.0;46;6.67;9130.0;0.00;0.00;5.10;98.9;97.5;0.00;0.00
19428;3671;23.0;46;6.67;9130.0;0.00;0.00;5.10;98.9;97.5;0.00;0.00
19440;3669;23.0;46;6.67;9130.0;0.00;0.00;5.10;98.9;97.5;0.00;0.00
19450;3667;23.0;46;6.67;9130.0;0.00;0.00;5.10;98.9;97.5;0.00;0.00
19460;3665;23.0;46;6.67;9130.0;0.00;0.00;5.10;98.9;97.5;0.00;0.00
19468;3663;23.0;46;6.67;9130.0;0.00;0.00;5.10;98.9;97.5;0.00;0.00
19486;3660;23.0;46;6.67;9130.0;0.00;0.00;5.10;98.9;97.5;0.00;0.00
19499;3659;23.0;46;6.67;9130.0;0.00;0.00;5.10;98.9;97.5;0.00;0.00
19510;3658;23.0;46;6.67;9130.0;0.00;0.00;5.10;98.9;97.5;0.00;0.00
19523;3656;23.0;46;6.67;9130.0;0.00;0.00;5.10;98.9;97.5;0.00;0.00
19540;3655;23.0;46;6.67;9130.0;0.00;0.00;5.10;98.9;97.5;0.00;0.00
19549;3654;23.0;46;6.67;9130.0;0.00;0.00;5.10;98.9;97.5;0.00;0.00
19560;3653;23.0;46;6.67;9130.0;0.00;0.00;5.10;98.9;97.5;0.00;0.00
19568;3651;23.0;46;6.67;9130.0;0.00;0.00;5.10;98.9;97.5;0.00;0.00
19580;3650;23.0;46;6.67;9130.0;0.00;0.00;5.10;98.9;97.5;0.00;0.00
19589;3649;23.0;46;6.67;9130.0;0.00;0.00;5.10;98.9;97.5;0.00;0.00
19600;3647;23.0;46;6.67;9130.0;0.00;0.00;5.10;98.9;97.5;0.00;0.00
19616;3646;23.0;46;6.67;9130.0;0.00;0.00;5.10;98.9;97.5;0.00;0.00
19631;3646;23.0;46;6.67;9130.0;0.00;0.00;5.10;98.9;97.5;0.00;0.00
19639;3646;23.0;46;6.67;9130.0;0.00;0.00;5.10;98.9;97.5;0.00;0.00
19650;3646;23.0;46;6.67;9130.0;0.00;0.00;5.10;98.9;97.5;0.00;0.00
19659;3645;23.0;46;6.67;9130.0;0.00;0.00;5.10;98.9;97.5;0.00;0.00
19670;3645;23.0;46;6.67;9130.0;0.00;0.00;5.10;98.9;97.5;0.00;0.00
19681;3645;23.0;46;6.67;9130.0;0.00;0.00;5.10;98.9;97.5;0.00;0.00
19689;3645;22.0;46;6.67;9130.0;0.00;0.00;5.10;98.9;97.5;0.00;0.00
19700;3645;22.0;46;6.67;9130.0;0.00;0.00;5.10;98.9;97.5;0.00;0.00
19710;3645;22.0;46;6.67;9130.0;0.00;0.00;5.10;98.9;97.5;0.00;0.00
19719;3645;22.0;46;6.67;9130.0;0.00;0.00;5.10;98.9;97.5;0.00;0.00
19736;3644;22.0;46;6.67;9130.0;0.00;0.00;5.10;98.9;97.5;0.00;0.00
19751;3642;22.0;46;6.67;9130.0;0.00;0.00;5.10;98.9;97.5;0.00;0.00
19760;3640;22.0;46;6.67;9130.0;0.00;0.00;5.10;98.9;97.5;0.00;0.00
19770;3637;22.0;46;6.67;9130.0;0.00;0.00;5.10;98.9;97.5;0.00;0.00
19779;3635;22.0;46;6.67;9130.0;0.00;0.00;5.10;98.9;97.5;0.00;0.00
19791;3633;22.0;46;6.67;9130.0;0.00;0.00;5.10;98.9;97.5;0.00;0.00
19799;3630;22.0;46;6.67;9140.0;0.00;0.00;5.10;98.9;97.5;0.00;0.00
19810;3628;23.0;46;6.67;9140.0;0.00;0.00;5.10;98.9;97.5;0.00;0.00
19820;3626;23.0;46;6.67;9140.0;0.00;0.00;5.10;98.9;97.5;0.00;0.00
19831;3623;23.0;46;6.67;9150.0;0.00;0.00;5.10;98.9;97.5;0.00;0.00
19850;3621;23.0;46;6.67;9150.0;0.00;0.00;5.10;98.9;97.5;0.00;0.00
19865;3619;23.0;46;6.67;9160.0;0.00;0.00;5.10;98.9;97.5;0.00;0.00
19879;3617;23.0;46;6.67;9160.0;0.00;0.00;5.10;98.9;97.5;0.00;0.00
19890;3615;23.0;46;6.67;9160.0;0.00;0.00;5.10;98.9;97.5;0.00;0.00
19900;3613;23.0;46;6.67;9170.0;0.00;0.00;5.10;98.9;97.5;0.00;0.00
19909;3611;23.0;46;6.67;9170.0;0.00;0.00;5.10;98.9;97.5;0.00;0.00
19920;3610;23.0;46;6.67;9170.0;0.00;0.00;5.10;98.9;97.5;0.00;0.00
19931;3608;23.0;46;6.67;9170.0;0.00;0.00;5.10;98.9;97.5;0.00;0.00
19939;3606;22.0;46;6.67;9170.0;0.00;0.00;5.10;98.9;97.5;0.00;0.00
19951;3604;22.0;46;6.67;9170.0;0.00;0.00;5.10;98.9;97.5;0.00;0.00
19959;3602;22.0;46;6.67;9170.0;0.00;0.00;5.10;98.9;97.5;0.00;0.00
19972;3601;22.0;46;6.67;9170.0;0.00;0.00;5.10;98.9;97.5;0.00;0.00
19996;3599;22.0;46;6.67;9170.0;0.00;0.00;5.10;98.9;97.5;0.00;0.00
20011;3598;22.0;46;6.67;9170.0;0.00;0.00;5.10;98.9;97.5;0.00;0.00
20020;3597;22.0;46;6.67;9170.0;0.00;0.00;5.10;98.9;97.5;0.00;0.00
20029;3597;22.0;46;6.67;9170.0;0.00;0.00;5.10;98.9;97.5;0.00;0.00
20040;3596;22.0;46;6.67;9170.0;0.00;0.00;5.10;98.9;97.5;0.00;0.00
20051;3595;22.0;46;6.67;9170.0;0.00;0.00;5.10;98.9;97.5;0.00;0.00
20060;3594;22.0;46;6.67;9170.0;0.00;0.00;5.10;98.9;97.5;0.00;0.00
20072;3593;22.0;46;6.67;9170.0;0.00;0.00;5.10;98.9;97.5;0.00;0.00
20089;3593;22.0;46;6.67;9170.0;0.00;0.00;5.10;98.9;97.5;0.00;0.00
20100;3592;22.0;46;6.27;9170.0;0.00;0.00;5.10;98.9;97.5;0.00;0.00
20111;3591;22.0;46;6.27;9170.0;0.00;0.00;5.10;98.9;97.5;0.00;0.00
20136;3590;22.0;46;6.27;9170.0;0.00;0.00;5.10;98.9;97.5;0.00;0.00
20151;3589;22.0;46;6.27;9170.0;0.00;0.00;5.10;98.9;97.5;0.00;0.00
20160;3588;22.0;46;6.27;9170.0;0.00;0.00;5.10;98.9;97.5;0.00;0.00
20169;3586;22.0;46;6.27;9170.0;0.00;0.00;5.10;98.9;97.5;0.00;0.00
20180;3585;22.0;46;6.27;9170.0;0.00;0.00;5.10;98.9;98.0;0.00;0.00
20191;3584;22.0;46;6.27;9170.0;0.00;0.00;5.10;98.9;98.0;0.00;0.00
20210;3582;22.0;46;6.27;9170.0;0.00;0.00;5.10;98.9;98.0;0.00;0.00
20219;3581;22.0;46;6.27;9170.0;0.00;0.00;5.10;98.9;98.0;0.00;0.00
20231;3580;22.0;46;6.27;9170.0;0.00;0.00;5.10;98.9;98.0;0.00;0.00
20240;3579;22.0;46;6.67;9170.0;0.00;0.00;5.10;98.9;98.0;0.00;0.00
20252;3577;22.0;46;6.67;9170.0;0.00;0.00;5.10;98.9;98.0;0.00;0.00
20274;3576;22.0;46;6.67;9170.0;0.00;0.00;5.10;98.9;98.0;0.00;0.00
20291;3574;22.0;46;6.67;9170.0;0.00;0.00;5.10;98.9;98.0;0.00;0.00
20300;3573;22.0;46;6.67;9170.0;0.00;0.00;5.10;98.9;98.0;0.00;0.00
20311;3571;22.0;46;6.67;9170.0;0.00;0.00;5.10;98.9;98.0;0.00;0.00
20319;3569;22.0;46;6.67;9170.0;0.00;0.00;5.10;98.9;97.5;0.00;0.00
20331;3568;22.0;46;6.67;9170.0;0.00;0.00;5.10;98.9;97.5;0.00;0.00
20349;3566;22.0;46;6.67;9180.0;0.00;0.00;5.10;98.9;97.5;0.00;0.00
20363;3564;22.0;46;6.67;9180.0;0.00;0.00;5.10;98.9;97.5;0.00;0.00
20380;3563;22.0;47;6.67;9180.0;0.00;0.00;5.10;98.9;97.5;0.00;0.00
20389;3561;22.0;47;6.27;9180.0;0.00;0.00;5.10;98.9;97.5;0.00;0.00
20400;3559;22.0;47;6.27;9190.0;0.00;0.00;5.10;98.9;97.5;0.00;0.00
20414;3558;22.0;47;6.27;9190.0;0.00;0.00;5.10;98.9;97.5;0.00;0.00
20431;3557;22.0;47;6.27;9190.0;0.00;0.00;5.10;98.9;97.5;0.00;0.00
20449;3557;22.0;47;6.27;9190.0;0.00;0.00;5.10;98.9;97.5;0.00;0.00
20460;3556;22.0;47;6.27;9200.0;0.00;0.00;5.10;98.9;97.5;0.00;0.00
20470;3556;22.0;47;6.27;9200.0;0.00;0.00;5.10;98.9;97.5;0.00;0.00
20482;3555;22.0;47;6.27;9200.0;0.00;0.00;5.10;98.9;97.5;0.00;0.00
20499;3555;22.0;47;6.27;9200.0;0.00;0.00;5.10;98.9;97.5;0.00;0.00
20509;3554;22.0;47;6.27;9200.0;0.00;0.00;5.10;98.9;97.5;0.00;0.00
20520;3554;22.0;47;6.27;9200.0;0.00;0.00;5.10;98.9;97.5;0.00;0.00
20529;3554;22.0;47;6.27;9200.0;0.00;0.00;5.10;98.9;97.5;0.00;0.00
20540;3553;22.0;47;6.27;9200.0;0.00;0.00;5.10;98.9;97.5;0.00;0.00
20554;3553;22.0;47;6.27;9200.0;0.00;0.00;5.10;98.9;97.5;0.00;0.00
20571;3552;22.0;47;6.27;9200.0;0.00;0.00;5.10;98.9;97.5;0.00;0.00
20581;3550;22.0;47;6.27;9200.0;0.00;0.00;5.10;98.9;97.5;0.00;0.00
20588;3549;22.0;47;6.27;9200.0;0.00;0.00;5.10;98.9;97.5;0.00;0.00
20600;3548;22.0;47;6.27;9200.0;0.00;0.00;5.10;98.9;97.5;0.00;0.00
20610;3547;22.0;47;6.27;9200.0;0.00;0.00;5.10;98.9;97.5;0.00;0.00
20620;3546;22.0;47;6.27;9200.0;0.00;0.00;5.10;98.9;97.5;0.00;0.00
20630;3545;22.0;47;6.27;9200.0;0.00;0.00;5.10;98.9;97.5;0.00;0.00
20638;3544;22.0;47;6.27;9200.0;0.00;0.00;5.10;98.9;97.5;0.00;0.00
20649;3543;22.0;47;6.27;9200.0;0.00;0.00;5.10;98.9;97.5;0.00;0.00
20659;3541;22.0;47;6.27;9200.0;0.00;0.00;5.10;98.9;97.5;0.00;0.00
20674;3540;22.0;47;6.27;9200.0;0.00;0.00;5.10;98.9;97.5;0.00;0.00
20688;3538;22.0;47;6.27;9200.0;0.00;0.00;5.10;98.9;97.5;0.00;0.00
20699;3536;22.0;47;6.27;9200.0;0.00;0.00;5.10;98.9;97.5;0.00;0.00
20711;3533;22.0;47;6.27;9200.0;0.00;0.00;5.10;98.9;97.5;0.00;0.00
20717;3531;22.0;47;6.27;9200.0;0.00;0.00;5.10;98.9;98.0;0.00;0.00
20731;3529;22.0;47;6.27;9200.0;0.00;0.00;5.10;98.9;98.0;0.00;0.00
20749;3527;22.0;47;6.27;9200.0;0.00;0.00;5.10;98.9;98.0;0.00;0.00
20758;3524;22.0;47;6.27;9200.0;0.00;0.00;5.10;98.9;98.0;0.00;0.00
20770;3522;22.0;47;6.27;9200.0;0.00;0.00;5.10;98.9;98.0;0.00;0.00
20779;3520;22.0;47;6.27;9200.0;0.00;0.00;5.10;98.9;98.0;0.00;0.00
20789;3517;22.0;47;6.27;9200.0;0.00;0.00;5.10;98.9;98.0;0.00;0.00
20805;3515;22.0;47;6.27;9200.0;0.00;0.00;5.10;98.9;98.0;0.00;0.00
20817;3514;22.0;47;6.27;9200.0;0.00;0.00;5.10;98.9;98.0;0.00;0.00
20830;3513;22.0;47;6.27;9200.0;0.00;0.00;5.10;98.9;98.0;0.00;0.00
20837;3511;22.0;47;6.27;9200.0;0.00;0.00;5.10;98.9;98.0;0.00;0.00
20849;3510;22.0;47;6.27;9200.0;0.00;0.00;5.10;98.9;97.5;0.00;0.00
20858;3509;22.0;47;6.27;9200.0;0.00;0.00;5.10;98.9;97.5;0.00;0.00
20871;3508;22.0;47;6.27;9210.0;0.00;0.00;5.10;98.9;97.5;0.00;0.00
20877;3507;22.0;47;6.27;9210.0;0.00;0.00;5.10;98.9;97.5;0.00;0.00
20889;3505;22.0;47;6.27;9210.0;0.00;0.00;5.10;98.9;97.5;0.00;0.00
20900;3504;22.0;47;6.67;9220.0;0.00;0.00;5.10;98.9;97.5;0.00;0.00
20910;3503;22.0;47;6.67;9220.0;0.00;0.00;5.10;99.0;97.5;0.00;0.00
20924;3502;22.0;47;6.67;9230.0;0.00;0.00;5.10;99.0;97.5;0.00;0.00
20940;3507;22.0;47;6.67;9230.0;0.00;0.00;5.10;99.0;97.0;0.00;0.00
20948;3513;22.0;47;6.67;9230.0;0.00;0.00;5.10;99.0;97.0;0.00;0.00
20960;3519;22.0;47;6.67;9240.0;0.00;0.00;5.10;99.0;97.0;0.00;0.00
20972;3525;23.0;47;6.67;9240.0;0.00;0.00;5.10;99.0;97.0;0.00;0.00
20988;3531;23.0;47;6.67;9240.0;0.00;0.00;5.10;99.0;97.0;0.00;0.00
21000;3537;23.0;47;7.06;9240.0;0.00;0.00;5.10;99.1;97.0;0.00;0.00
21008;3543;23.0;47;7.06;9240.0;0.00;0.00;5.10;99.1;96.5;0.00;0.00
21018;3548;23.0;47;7.06;9240.0;0.00;0.00;5.10;99.1;96.5;0.00;0.00
21030;3554;23.0;47;7.06;9240.0;0.00;0.00;5.10;99.1;96.5;0.00;0.00
21038;3560;24.0;47;7.06;9240.0;0.00;0.00;5.10;99.1;96.0;0.00;100.00
21056;3566;24.0;47;7.06;9240.0;0.00;0.00;5.10;99.1;96.0;0.00;100.00
21072;3563;24.0;47;7.45;9240.0;0.00;0.00;5.10;99.1;95.5;0.00;100.00
21088;3560;24.0;47;7.45;9240.0;0.00;0.00;5.49;99.1;95.5;0.00;100.00
21098;3557;24.0;47;7.45;9240.0;0.00;0.00;5.49;99.1;95.0;0.00;100.00
21108;3554;24.0;47;7.45;9240.0;0.00;0.00;5.49;99.1;95.0;0.00;100.00
21118;3551;24.0;47;7.45;9240.0;0.00;0.00;5.49;99.1;94.5;0.00;100.00
21130;3548;24.0;47;7.84;9240.0;0.00;0.00;5.49;99.1;94.5;0.00;100.00
21141;3545;25.0;47;7.84;9240.0;0.00;0.00;5.49;99.1;94.0;0.00;100.00
21150;3542;25.0;47;7.84;9240.0;0.00;0.00;5.49;99.1;94.0;0.00;100.00
21158;3539;25.0;47;7.84;9240.0;0.00;0.00;5.49;99.2;93.5;0.00;100.00
21172;3537;25.0;47;7.84;9240.0;0.00;0.00;5.88;99.2;93.0;0.00;100.00
21195;3534;25.0;47;7.84;9240.0;0.00;0.00;5.88;99.2;92.0;0.00;100.00
21210;3535;25.0;47;8.24;9240.0;0.00;0.00;5.88;99.3;91.5;0.00;100.00
21218;3535;25.0;47;8.24;9240.0;0.00;0.00;5.88;99.3;91.0;0.00;100.00
21228;3536;26.0;47;8.24;9240.0;0.00;0.00;5.88;99.3;90.5;0.00;100.00
21240;3537;26.0;47;8.24;9240.0;0.00;0.00;5.88;99.3;89.5;0.00;100.00
21249;3538;26.0;47;8.24;9240.0;0.00;0.00;6.27;99.4;89.0;0.00;100.00
21259;3539;26.0;47;8.24;9240.0;0.00;0.00;6.27;99.4;88.5;0.00;100.00
21271;3540;27.0;47;8.24;9240.0;0.00;0.00;6.27;99.4;88.0;0.00;100.00
21287;3541;27.0;47;8.24;9240.0;0.00;0.00;6.27;99.4;87.0;0.00;100.00
21299;3542;27.0;47;8.63;9240.0;0.00;0.00;6.27;99.4;86.5;0.00;100.00
21309;3542;27.0;47;8.63;9240.0;0.00;0.00;6.67;99.4;86.5;0.00;100.00
21325;3543;28.0;47;8.63;9240.0;0.00;0.00;6.67;99.4;86.0;0.00;100.00
21338;3544;28.0;47;8.63;9240.0;0.00;0.00;6.67;99.4;86.0;0.00;100.00
21348;3545;28.0;47;8.63;9240.0;0.00;0.00;6.67;99.4;86.0;0.00;100.00
21361;3545;28.0;47;8.63;9240.0;0.00;0.00;6.67;99.4;85.5;0.00;100.00
21379;3546;27.0;47;8.63;9240.0;0.00;0.00;6.67;99.3;85.5;0.00;100.00
21387;3546;27.0;47;8.24;9240.0;0.00;0.00;7.06;99.3;85.0;0.00;100.00
21399;3547;27.0;47;8.24;9240.0;0.00;0.00;7.06;99.3;85.0;0.00;100.00
21408;3548;27.0;47;8.24;9240.0;0.00;0.00;7.06;99.3;85.0;0.00;100.00
21419;3548;27.0;47;7.84;9240.0;0.00;0.00;7.06;99.3;84.5;0.00;100.00
21430;3549;27.0;47;7.84;9240.0;0.00;0.00;7.06;99.3;84.5;0.00;100.00
21438;3549;26.0;47;7.45;9240.0;0.00;0.00;7.06;99.3;84.5;0.00;100.00
21455;3550;26.0;47;7.45;9240.0;0.00;0.00;7.06;99.2;85.0;0.00;100.00
21471;3546;26.0;47;7.45;9240.0;0.00;0.00;7.06;99.2;85.0;0.00;100.00
21487;3543;26.0;47;7.06;9240.0;0.00;0.00;7.06;99.2;85.0;0.00;100.00
21497;3539;26.0;47;7.06;9240.0;0.00;0.00;7.06;99.2;85.5;0.00;100.00
21509;3536;25.0;47;7.06;9240.0;0.00;0.00;7.06;99.1;85.5;0.00;100.00
21519;3532;25.0;47;7.06;9240.0;0.00;0.00;7.06;99.1;86.0;0.00;100.00
21529;3529;25.0;47;7.06;9240.0;0.00;0.00;7.06;99.1;86.0;0.00;100.00
21538;3525;25.0;47;7.06;9240.0;0.00;0.00;7.06;99.1;86.0;0.00;100.00
21549;3522;25.0;47;7.06;9240.0;0.00;0.00;7.06;99.1;86.5;0.00;100.00
21559;3518;25.0;47;7.45;9240.0;0.00;0.78;6.67;99.1;86.5;0.00;100.00
21568;3514;24.0;47;7.45;9240.0;0.00;0.78;6.67;99.0;86.5;0.00;100.00
21586;3511;24.0;47;7.45;9240.0;0.78;0.78;6.67;99.0;87.0;0.00;100.00
21598;3508;24.0;47;7.45;9240.0;0.78;0.78;6.67;99.0;87.0;0.00;100.00
21609;3505;24.0;47;7.45;9240.0;0.78;0.78;6.27;99.0;87.0;0.00;100.00
21618;3502;24.0;47;7.45;9240.0;0.78;0.78;6.27;99.0;87.5;0.00;100.00
21629;3500;24.0;47;7.45;9240.0;0.78;1.56;6.27;99.0;87.5;0.00;100.00
21639;3497;24.0;47;7.45;9240.0;0.78;1.56;6.27;99.0;88.0;0.00;100.00
21648;3494;24.0;47;7.45;9250.0;0.78;1.56;5.88;99.0;88.0;0.00;100.00
21659;3491;24.0;47;7.45;9250.0;0.78;1.56;5.88;99.0;88.0;0.00;100.00
21670;3489;24.0;47;7.45;9250.0;0.78;1.56;5.88;99.0;88.5;0.00;100.00
21678;3486;24.0;47;7.45;9250.0;0.78;0.78;5.88;99.0;88.5;0.00;100.00
21690;3483;24.0;47;7.45;9260.0;0.78;0.78;5.88;99.0;88.5;0.00;100.00
21706;3480;24.0;47;7.45;9260.0;0.00;0.78;5.88;99.0;88.5;0.00;100.00
21720;3476;24.0;47;7.45;9260.0;0.00;0.78;5.88;99.0;89.0;0.00;100.00
21729;3472;24.0;47;7.45;9260.0;0.00;0.78;5.49;99.0;89.0;0.00;100.00
21739;3468;24.0;47;7.45;9270.0;0.00;0.78;5.49;98.9;89.0;0.00;100.00
21750;3464;24.0;47;7.45;9270.0;0.00;0.00;5.49;98.9;89.0;0.00;100.00
21759;3459;24.0;47;7.45;9270.0;0.00;0.00;5.49;98.9;89.0;0.00;100.00
21771;3455;24.0;47;7.45;9270.0;0.00;0.00;5.49;98.9;89.0;0.00;100.00
21779;3451;23.0;47;7.45;9270.0;0.00;0.00;5.49;98.9;89.5;0.00;100.00
21788;3447;23.0;47;7.45;9270.0;0.00;0.00;5.49;98.9;89.5;0.00;100.00
21800;3443;23.0;47;7.45;9270.0;0.00;0.00;5.49;98.9;89.5;0.00;100.00
21809;3439;23.0;47;7.45;9270.0;0.00;0.00;5.49;98.9;89.5;0.00;100.00
21824;3435;23.0;47;7.45;9270.0;0.00;0.00;5.49;98.9;89.5;0.00;100.00
21839;3435;23.0;47;7.45;9270.0;0.00;0.00;5.49;98.9;89.5;0.00;100.00
21848;3436;23.0;47;7.45;9270.0;0.00;0.00;5.49;98.9;89.5;0.00;100.00
21860;3437;23.0;47;7.45;9270.0;0.00;0.00;5.49;98.9;89.5;0.00;100.00
21870;3438;24.0;47;7.45;9270.0;0.00;0.00;5.49;98.9;90.0;0.00;100.00
21879;3439;24.0;47;7.45;9270.0;0.00;0.00;5.49;98.9;90.0;0.00;100.00
21888;3440;24.0;47;7.45;9270.0;0.00;0.00;5.49;98.9;90.0;0.00;100.00
21898;3440;24.0;47;7.45;9270.0;0.00;0.00;5.49;98.9;90.0;0.00;100.00
21909;3441;24.0;47;7.45;9270.0;0.00;0.00;5.49;98.9;90.0;0.00;100.00
21920;3442;24.0;47;7.45;9270.0;0.00;0.00;5.49;98.9;90.0;0.00;100.00
21929;3443;25.0;47;7.45;9270.0;0.00;0.00;5.49;98.9;90.0;0.00;100.00
21945;3444;25.0;47;7.45;9270.0;0.00;0.00;5.49;98.9;90.5;0.00;100.00
21960;3445;25.0;47;7.45;9270.0;0.00;0.00;5.49;98.9;90.5;0.00;100.00
21969;3445;25.0;47;7.45;9270.0;0.00;0.00;5.49;98.9;90.5;0.00;100.00
21979;3446;25.0;47;7.45;9270.0;0.00;0.00;5.49;98.9;91.0;0.00;100.00
21989;3447;25.0;47;7.45;9270.0;0.00;0.00;5.49;98.9;91.0;0.00;100.00
21998;3448;25.0;47;7.45;9270.0;0.00;0.00;5.49;98.9;91.5;0.00;100.00
22009;3449;25.0;47;7.06;9270.0;0.00;0.00;5.49;98.9;91.5;0.00;100.00
22021;3450;24.0;47;7.06;9270.0;0.00;0.00;5.49;98.9;91.5;0.00;100.00
22029;3451;24.0;47;7.06;9270.0;0.00;0.00;5.49;98.9;92.0;0.00;100.00
22038;3452;24.0;47;7.06;9270.0;0.00;0.00;5.49;98.9;92.0;0.00;100.00
22049;3452;24.0;47;7.06;9270.0;0.00;0.00;5.49;98.9;92.0;0.00;0.00
22065;3453;24.0;47;7.06;9270.0;0.00;0.00;5.49;98.9;92.5;0.00;0.00
22080;3457;24.0;47;6.67;9270.0;0.00;0.00;5.49;98.9;92.5;0.00;0.00
22088;3460;24.0;47;6.67;9270.0;0.00;0.00;5.49;98.9;92.5;0.00;0.00
22099;3464;24.0;47;6.67;9270.0;0.00;0.00;5.49;98.9;92.5;0.00;0.00
22108;3467;24.0;47;6.67;9270.0;0.00;0.00;5.49;98.9;93.0;0.00;0.00
22119;3471;24.0;47;6.67;9270.0;0.00;0.00;5.49;99.0;93.0;0.00;0.00
22130;3474;24.0;47;7.06;9280.0;0.00;0.00;5.49;99.0;93.0;0.00;0.00
22139;3478;24.0;47;7.06;9280.0;0.00;0.00;5.49;99.0;93.0;0.00;0.00
22148;3481;24.0;47;7.06;9280.0;0.00;0.00;5.49;99.0;93.5;0.00;0.00
22158;3485;24.0;47;7.06;9280.0;0.00;0.00;5.49;99.0;93.5;0.00;0.00
22170;3488;24.0;47;7.06;9290.0;0.00;0.00;5.49;99.0;93.5;0.00;100.00
22186;3492;24.0;47;7.06;9290.0;0.00;0.00;5.49;99.0;93.5;0.00;100.00
22198;3490;24.0;47;7.45;9290.0;0.00;0.00;5.49;99.0;93.0;0.00;100.00
22208;3489;24.0;47;7.45;9290.0;0.00;0.00;5.88;99.0;93.0;0.00;100.00
22220;3487;24.0;47;7.45;9300.0;0.00;0.00;5.88;99.0;93.0;0.00;100.00
22229;3485;24.0;47;7.45;9300.0;0.00;0.00;5.88;99.0;93.0;0.00;100.00
22241;3484;24.0;47;7.45;9300.0;0.00;0.00;5.88;99.0;93.0;0.00;100.00
22248;3482;24.0;47;7.45;9300.0;0.00;0.00;5.88;98.9;93.0;0.00;100.00
22260;3481;24.0;47;7.45;9300.0;0.00;0.00;5.88;98.9;92.5;0.00;100.00
22271;3479;24.0;47;7.45;9300.0;0.00;0.00;5.88;98.9;92.5;0.00;100.00
22281;3478;24.0;47;7.45;9300.0;0.00;0.00;5.88;99.0;92.5;0.00;100.00
22289;3476;24.0;47;7.45;9300.0;0.00;0.00;5.88;99.0;92.5;0.00;100.00
22304;3475;24.0;47;7.45;9300.0;0.00;0.00;5.88;99.0;92.5;0.00;100.00
22318;3473;24.0;47;7.45;9300.0;0.00;0.00;5.88;99.0;92.5;0.00;100.00
22328;3472;24.0;47;7.45;9300.0;0.00;0.00;5.88;99.0;92.5;0.00;100.00
22339;3471;24.0;47;7.45;9300.0;0.00;0.00;5.88;99.0;92.5;0.00;100.00
22349;3469;25.0;47;7.45;9300.0;0.00;0.00;5.88;99.0;92.0;0.00;100.00
22362;3468;25.0;47;7.45;9300.0;0.00;0.00;5.88;99.0;92.0;0.00;100.00
22380;3467;25.0;47;7.45;9300.0;0.00;0.00;5.88;99.1;92.0;0.00;100.00
22388;3466;25.0;47;7.45;9300.0;0.00;0.00;5.88;99.1;92.0;0.00;100.00
22400;3464;25.0;47;7.45;9300.0;0.00;0.00;5.88;99.1;92.0;0.00;100.00
22408;3463;25.0;47;7.84;9300.0;0.00;0.00;5.88;99.1;92.0;0.00;100.00
22420;3462;26.0;47;7.84;9300.0;0.00;0.00;5.88;99.1;92.0;0.00;100.00
22435;3460;26.0;47;7.84;9300.0;0.00;0.00;5.88;99.1;92.0;0.00;100.00
22448;3460;26.0;47;7.84;9300.0;0.00;0.00;5.88;99.1;92.0;0.00;100.00
22459;3459;26.0;47;7.84;9300.0;0.00;0.00;5.88;99.1;92.0;0.00;100.00
22470;3459;26.0;47;7.84;9300.0;0.00;0.00;5.88;99.1;92.0;0.00;100.00
22481;3458;26.0;47;7.84;9300.0;0.00;0.00;5.88;99.1;91.5;0.00;100.00
22488;3458;26.0;47;7.84;9300.0;0.00;0.00;5.88;99.1;91.5;0.00;100.00
22500;3457;26.0;47;7.84;9300.0;0.00;0.00;5.88;99.1;91.5;0.00;100.00
22510;3457;26.0;47;7.84;9300.0;0.00;0.00;5.88;99.1;91.5;0.00;100.00
22520;3456;26.0;47;7.84;9300.0;0.00;0.00;5.88;99.1;91.5;0.00;100.00
22529;3456;26.0;47;7.84;9300.0;0.00;0.00;5.88;99.1;91.5;0.00;100.00
22540;3455;26.0;47;7.84;9300.0;0.00;0.00;5.88;99.1;91.5;0.00;100.00
22556;3455;26.0;47;7.84;9300.0;0.00;0.00;5.88;99.1;91.5;0.00;100.00
22570;3454;26.0;47;7.84;9300.0;0.00;0.00;5.88;99.1;91.5;0.00;100.00
22580;3454;26.0;47;7.84;9300.0;0.00;0.00;5.88;99.1;91.5;0.00;100.00
22588;3454;26.0;47;7.84;9300.0;0.00;0.00;5.88;99.1;91.5;0.00;100.00
22599;3454;26.0;47;7.84;9300.0;0.00;0.00;5.88;99.1;91.0;0.00;100.00
22609;3453;26.0;47;7.84;9300.0;0.00;0.00;5.88;99.1;91.0;0.00;100.00
22618;3453;26.0;47;7.84;9300.0;0.00;0.00;5.88;99.1;91.0;0.00;100.00
22631;3453;26.0;47;7.84;9300.0;0.00;0.00;5.88;99.1;91.0;0.00;100.00
22639;3452;26.0;47;7.84;9300.0;0.00;0.00;5.88;99.1;91.0;0.00;100.00
22648;3452;26.0;47;8.24;9300.0;0.00;0.78;5.88;99.2;91.0;0.00;100.00
22659;3452;26.0;47;8.24;9300.0;0.00;0.78;6.27;99.2;90.5;0.00;100.00
22676;3452;26.0;47;8.24;9300.0;0.78;0.78;6.27;99.2;90.0;0.00;100.00
22689;3452;26.0;47;8.24;9300.0;0.78;0.78;6.27;99.3;89.5;0.00;100.00
22700;3452;26.0;47;8.24;9300.0;0.78;0.78;6.27;99.3;89.0;0.00;100.00
22710;3452;27.0;47;8.24;9300.0;0.78;0.78;6.27;99.3;88.5;0.00;100.00
22718;3452;27.0;47;8.24;9300.0;0.78;1.56;6.27;99.4;87.5;0.00;100.00
22730;3452;27.0;47;8.24;9300.0;0.78;1.56;6.67;99.4;87.0;0.00;100.00
22741;3452;28.0;47;8.63;9310.0;0.78;1.56;6.67;99.4;86.5;0.00;100.00
22751;3452;28.0;47;8.63;9310.0;0.78;1.56;6.67;99.4;86.0;0.00;100.00
22758;3453;29.0;47;8.63;9310.0;1.56;1.56;6.67;99.5;85.5;0.00;100.00
22769;3453;29.0;47;8.63;9320.0;1.56;2.34;6.67;99.5;85.0;0.00;100.00
22778;3453;29.0;47;8.63;9320.0;1.56;2.34;7.06;99.5;84.5;0.00;100.00
22795;3453;30.0;47;8.63;9330.0;1.56;2.34;7.06;99.5;84.0;0.00;100.00
22810;3455;30.0;47;9.02;9330.0;1.56;2.34;7.06;99.5;83.0;0.00;100.00
22819;3458;30.0;47;9.02;9330.0;1.56;2.34;7.06;99.6;82.5;0.00;100.00
22830;3460;30.0;47;9.02;9340.0;2.34;2.34;7.06;99.6;82.0;0.00;100.00
22839;3463;30.0;47;9.02;9340.0;2.34;3.13;7.06;99.6;81.5;0.00;100.00
22848;3465;30.0;47;9.02;9340.0;2.34;3.13;7.45;99.6;81.0;0.00;100.00
22860;3467;30.0;47;9.02;9340.0;2.34;3.13;7.45;99.6;80.5;0.00;100.00
22870;3470;31.0;47;9.02;9340.0;3.13;3.13;7.45;99.7;79.5;0.00;100.00
22879;3472;31.0;47;9.02;9340.0;3.13;3.91;7.45;99.7;79.0;0.00;100.00
22888;3475;31.0;47;9.02;9340.0;3.13;3.91;7.45;99.7;78.5;0.00;100.00
22899;3477;31.0;47;9.02;9340.0;3.91;3.91;7.45;99.7;78.5;0.00;100.00
22915;3479;31.0;47;9.02;9340.0;3.91;4.69;7.45;99.7;78.5;0.00;100.00
22930;3477;31.0;47;9.02;9340.0;4.69;4.69;7.45;99.7;78.0;0.00;100.00
22940;3475;31.0;47;9.02;9340.0;4.69;5.47;7.84;99.7;78.0;0.00;100.00
22950;3473;31.0;47;9.02;9340.0;4.69;5.47;7.84;99.7;78.0;0.00;100.00
22959;3471;31.0;47;9.02;9340.0;5.47;5.47;7.84;99.7;78.0;0.00;100.00
22971;3469;31.0;47;9.02;9340.0;5.47;6.25;7.84;99.7;78.0;0.00;100.00
22979;3467;31.0;47;9.02;9340.0;5.47;6.25;7.84;99.7;78.0;0.00;100.00
22988;3464;31.0;47;9.02;9340.0;6.25;7.03;7.84;99.7;77.5;0.00;100.00
23000;3462;31.0;47;9.02;9340.0;6.25;7.03;7.84;99.7;77.5;0.00;100.00
23010;3460;31.0;47;9.02;9340.0;6.25;7.81;7.84;99.7;77.5;0.00;100.00
23019;3458;31.0;47;9.02;9340.0;6.25;7.81;7.84;99.7;77.5;0.00;100.00
23035;3456;31.0;47;9.02;9340.0;7.03;8.59;7.84;99.7;77.5;0.00;100.00
23050;3454;31.0;47;9.02;9340.0;7.03;8.59;7.84;99.7;77.5;0.00;100.00
23060;3453;31.0;47;9.02;9340.0;7.03;9.38;7.84;99.7;77.5;0.00;100.00
23069;3452;31.0;47;9.02;9340.0;7.03;9.38;7.84;99.7;77.5;0.00;100.00
23078;3450;31.0;47;9.02;9340.0;7.81;10.16;7.84;99.7;77.0;0.00;100.00
23090;3449;31.0;47;9.02;9340.0;7.81;10.16;7.84;99.7;77.0;0.00;100.00
23099;3447;31.0;47;9.02;9340.0;7.81;10.94;7.84;99.7;77.0;0.00;100.00
23110;3446;31.0;47;9.02;9340.0;7.81;10.94;7.84;99.7;77.0;0.00;100.00
23119;3444;31.0;47;9.02;9340.0;7.81;10.94;7.84;99.7;77.0;0.00;100.00
23130;3443;31.0;47;9.02;9340.0;7.81;11.72;7.84;99.7;77.0;0.00;100.00
23139;3442;31.0;47;9.02;9340.0;7.81;11.72;7.84;99.7;77.0;0.00;100.00
23157;3440;31.0;47;9.02;9340.0;8.59;11.72;7.84;99.7;77.0;0.00;100.00
23171;3441;31.0;47;9.02;9340.0;8.59;11.72;7.84;99.7;77.0;0.00;100.00
23180;3442;31.0;47;9.02;9340.0;8.59;11.72;7.84;99.7;77.0;0.00;100.00
23189;3443;31.0;47;9.02;9340.0;8.59;11.72;7.84;99.7;77.0;0.00;100.00
23199;3444;31.0;47;9.02;9340.0;8.59;12.50;7.84;99.7;76.5;0.00;100.00
23210;3445;31.0;47;9.02;9340.0;8.59;12.50;7.84;99.7;76.5;0.00;100.00
23220;3446;31.0;47;9.02;9340.0;8.59;12.50;7.84;99.7;76.5;0.00;100.00
23230;3446;31.0;47;9.02;9340.0;8.59;12.50;7.84;99.7;76.5;0.00;100.00
23239;3447;31.0;47;9.02;9340.0;8.59;12.50;7.84;99.7;76.5;0.00;100.00
23248;3448;31.0;47;9.02;9340.0;8.59;12.50;7.84;99.7;76.5;0.00;100.00
23260;3449;31.0;47;9.02;9340.0;8.59;12.50;7.84;99.7;76.5;0.00;100.00
23274;3450;31.0;47;9.02;9340.0;8.59;12.50;7.84;99.7;76.5;0.00;100.00
23290;3449;31.0;47;9.02;9340.0;8.59;13.28;7.84;99.7;76.5;0.00;100.00
23303;3448;31.0;47;9.02;9340.0;8.59;13.28;7.84;99.7;76.5;0.00;100.00
23320;3447;31.0;47;9.02;9340.0;8.59;13.28;7.84;99.7;76.5;0.00;100.00
23329;3445;31.0;47;9.02;9340.0;8.59;13.28;7.84;99.7;76.5;0.00;100.00
23340;3444;31.0;47;9.02;9340.0;8.59;13.28;7.84;99.7;76.5;0.00;100.00
23349;3443;31.0;47;9.02;9340.0;8.59;13.28;7.84;99.7;76.5;0.00;100.00
23363;3442;31.0;47;9.02;9340.0;8.59;13.28;7.84;99.7;76.5;0.00;100.00
23379;3440;31.0;47;9.02;9340.0;8.59;13.28;7.84;99.7;76.5;0.00;100.00
23391;3439;31.0;47;9.41;9340.0;8.59;13.28;7.84;99.7;76.5;0.00;100.00
23400;3438;31.0;47;9.41;9340.0;8.59;13.28;7.84;99.7;76.5;0.00;100.00
23416;3437;31.0;47;9.41;9340.0;8.59;13.28;7.84;99.7;76.5;0.00;100.00
23428;3436;31.0;47;9.41;9340.0;8.59;14.06;7.84;99.7;76.0;0.00;100.00
23443;3435;31.0;47;9.41;9340.0;8.59;14.06;7.84;99.7;76.0;0.00;100.00
23461;3433;31.0;47;9.41;9340.0;8.59;14.06;7.84;99.7;76.0;0.00;100.00
23469;3432;31.0;47;9.41;9340.0;8.59;14.06;7.84;99.7;76.0;0.00;100.00
23480;3431;31.0;47;9.41;9340.0;8.59;14.06;7.84;99.7;76.0;0.00;100.00
23489;3430;31.0;47;9.41;9350.0;8.59;14.06;7.84;99.7;76.0;0.00;100.00
23500;3429;32.0;47;9.41;9350.0;8.59;14.06;7.84;99.7;75.5;0.00;100.00
23510;3428;32.0;47;9.41;9350.0;8.59;14.06;7.84;99.7;75.5;0.00;100.00
23519;3427;32.0;47;9.41;9350.0;8.59;14.06;7.84;99.7;75.5;0.00;100.00
23530;3426;32.0;47;9.41;9360.0;8.59;14.06;7.84;99.7;75.5;0.00;100.00
23544;3424;32.0;47;9.41;9360.0;8.59;14.06;7.84;99.7;75.5;0.00;100.00
23560;3426;32.0;47;9.41;9360.0;8.59;14.06;7.84;99.7;75.5;0.00;100.00
23569;3427;32.0;47;9.41;9360.0;8.59;14.06;7.84;99.7;75.5;0.00;100.00
23581;3428;32.0;47;9.41;9370.0;8.59;14.06;7.84;99.6;75.5;0.00;100.00
23592;3429;32.0;47;9.41;9370.0;8.59;14.06;7.84;99.6;75.0;0.00;100.00
23610;3431;32.0;47;9.02;9370.0;8.59;14.06;7.84;99.6;75.0;0.00;100.00
23619;3432;32.0;47;9.02;9370.0;8.59;14.06;7.84;99.6;75.0;0.00;100.00
23628;3433;31.0;47;9.02;9370.0;8.59;14.06;7.84;99.6;75.0;0.00;100.00
23640;3434;31.0;47;9.02;9370.0;9.38;14.84;7.84;99.6;75.0;0.00;100.00
23648;3436;31.0;47;8.63;9370.0;9.38;14.84;7.84;99.5;75.0;0.00;100.00
23660;3437;31.0;47;8.63;9370.0;9.38;14.84;7.45;99.5;75.5;0.00;100.00
23677;3438;31.0;47;8.63;9370.0;9.38;14.84;7.45;99.4;76.0;0.00;100.00
23690;3435;31.0;47;8.63;9370.0;9.38;15.63;7.45;99.4;76.0;0.00;100.00
23701;3431;31.0;47;8.24;9370.0;9.38;15.63;7.45;99.3;76.5;0.00;100.00
23719;3427;30.0;47;8.24;9370.0;10.16;15.63;7.45;99.3;77.0;0.00;100.00
23731;3424;30.0;47;8.24;9370.0;10.16;15.63;7.45;99.3;77.5;0.00;100.00
23751;3420;29.0;47;8.24;9370.0;10.16;16.41;7.06;99.2;78.0;0.00;100.00
23770;3417;29.0;47;8.24;9370.0;10.16;16.41;7.06;99.2;78.5;0.00;100.00
23780;3413;28.0;47;8.24;9370.0;9.38;16.41;7.06;99.1;78.5;0.00;100.00
23789;3410;28.0;47;8.24;9370.0;9.38;16.41;7.06;99.1;79.0;0.00;100.00
23800;3406;27.0;47;7.84;9370.0;9.38;15.63;7.06;99.1;79.5;0.00;100.00
23809;3402;27.0;47;7.84;9370.0;9.38;15.63;6.67;99.1;80.0;0.00;100.00
23824;3399;26.0;47;7.84;9370.0;8.59;15.63;6.67;99.2;80.0;0.00;100.00
23840;3399;26.0;47;7.84;9370.0;8.59;15.63;6.67;99.2;80.5;0.00;100.00
23850;3400;26.0;47;7.84;9370.0;8.59;15.63;6.67;99.2;81.0;0.00;100.00
23859;3401;27.0;47;7.84;9370.0;8.59;15.63;6.67;99.2;81.5;0.00;100.00
23871;3401;27.0;47;7.84;9370.0;7.81;14.84;6.67;99.3;81.5;0.00;100.00
23880;3402;27.0;47;8.24;9370.0;7.81;14.84;6.27;99.3;82.0;0.00;100.00
23891;3403;27.0;47;8.24;9370.0;7.03;14.84;6.27;99.3;82.5;0.00;100.00
23900;3403;28.0;47;8.24;9370.0;7.03;14.06;6.27;99.4;83.0;0.00;100.00
23911;3404;28.0;47;8.24;9370.0;6.25;14.06;6.27;99.4;83.0;0.00;100.00
23921;3404;28.0;47;8.63;9370.0;6.25;13.28;6.27;99.4;83.5;0.00;100.00
23930;3405;28.0;47;8.63;9370.0;5.47;12.50;6.27;99.4;83.5;0.00;100.00
23944;3406;29.0;47;8.63;9370.0;5.47;12.50;6.27;99.5;83.0;0.00;100.00
23961;3406;29.0;47;8.63;9370.0;4.69;11.72;6.27;99.5;83.0;0.00;100.00
23969;3406;29.0;47;9.02;9370.0;4.69;11.72;6.67;99.5;83.0;0.00;100.00
23980;3405;29.0;47;9.02;9370.0;3.91;10.94;6.67;99.5;83.0;0.00;100.00
23989;3405;30.0;47;9.02;9370.0;3.91;10.16;6.67;99.5;82.5;0.00;100.00
24000;3405;30.0;47;9.02;9370.0;3.13;10.16;6.67;99.5;82.5;0.00;100.00
24011;3405;30.0;47;9.02;9370.0;3.13;9.38;6.67;99.6;82.5;0.00;100.00
24019;3405;30.0;47;9.02;9370.0;3.13;9.38;6.67;99.6;82.5;0.00;100.00
24030;3405;30.0;47;9.02;9370.0;3.13;9.38;6.67;99.6;82.0;0.00;100.00
24040;3405;30.0;47;9.41;9370.0;3.13;9.38;7.06;99.6;82.0;0.00;100.00
24049;3405;31.0;47;9.41;9370.0;3.13;9.38;7.06;99.6;81.5;0.00;100.00
24074;3405;31.0;47;9.41;9370.0;3.91;9.38;7.06;99.6;81.0;0.00;100.00
24091;3407;31.0;47;9.41;9370.0;3.91;8.59;7.06;99.7;80.5;0.00;100.00
24100;3409;31.0;47;9.41;9370.0;3.91;8.59;7.45;99.7;80.0;0.00;100.00
24111;3411;31.0;47;9.41;9370.0;3.91;8.59;7.45;99.7;79.5;0.00;100.00
24120;3413;31.0;47;9.41;9370.0;3.91;8.59;7.45;99.7;79.0;0.00;100.00
24129;3415;31.0;47;9.41;9370.0;3.91;8.59;7.45;99.7;78.5;0.00;100.00
24140;3416;31.0;47;9.41;9370.0;3.91;8.59;7.84;99.7;78.0;0.00;100.00
24150;3418;32.0;47;9.41;9370.0;4.69;8.59;7.84;99.8;77.5;0.00;100.00
24161;3420;32.0;47;9.41;9370.0;4.69;9.38;7.84;99.8;77.0;0.00;100.00
24170;3422;32.0;47;9.80;9370.0;5.47;9.38;7.84;99.8;76.5;0.00;100.00
24181;3424;32.0;47;9.80;9370.0;5.47;9.38;7.84;99.8;76.0;0.00;100.00
24204;3426;32.0;47;9.80;9370.0;6.25;10.16;7.84;99.8;76.0;0.00;100.00
24219;3423;32.0;47;9.80;9370.0;6.25;10.16;7.84;99.8;75.5;0.00;100.00
24231;3420;32.0;47;9.80;9370.0;7.03;10.94;8.24;99.8;75.0;0.00;100.00
24240;3417;32.0;47;9.80;9370.0;7.03;10.94;8.24;99.8;75.0;0.00;100.00
24250;3415;32.0;47;9.80;9370.0;7.81;10.94;8.24;99.8;74.5;0.00;100.00
24260;3412;32.0;47;9.80;9370.0;7.81;11.72;8.24;99.8;74.5;0.00;100.00
24271;3409;32.0;47;9.80;9380.0;7.81;11.72;8.24;99.8;74.0;0.00;100.00
24281;3406;33.0;47;9.80;9380.0;8.59;11.72;8.24;99.9;73.5;0.00;100.00
24292;3403;33.0;47;9.80;9380.0;8.59;11.72;8.24;99.9;73.5;0.00;100.00
24310;3401;33.0;47;9.41;9390.0;8.59;12.50;8.24;99.9;73.0;0.00;100.00
24319;3398;33.0;47;9.41;9390.0;9.38;12.50;8.24;99.9;73.0;0.00;100.00
24334;3395;33.0;47;9.41;9400.0;9.38;12.50;8.24;99.9;73.0;0.00;100.00
24349;3395;33.0;47;9.41;9400.0;10.16;12.50;8.24;99.9;72.5;0.00;100.00
24362;3395;33.0;47;9.41;9400.0;10.16;12.50;8.24;99.9;72.5;0.00;100.00
24382;3395;33.0;47;9.41;9410.0;10.16;12.50;8.24;99.9;72.5;0.00;100.00
24402;3395;33.0;47;9.41;9410.0;10.94;13.28;8.24;99.9;72.5;0.00;100.00
24420;3395;33.0;47;9.41;9410.0;10.94;13.28;8.24;99.9;72.5;0.00;100.00
24430;3395;33.0;47;9.41;9410.0;10.94;13.28;8.24;99.9;72.5;0.00;100.00
24439;3395;34.0;47;9.41;9410.0;10.94;13.28;8.24;99.9;72.0;0.00;100.00
24451;3395;34.0;47;9.41;9410.0;10.94;14.06;8.24;99.9;72.0;0.00;100.00
24461;3394;34.0;47;9.80;9410.0;10.94;14.06;8.24;99.9;72.0;0.00;100.00
24479;3394;34.0;47;9.80;9410.0;10.94;14.06;8.24;99.9;72.0;0.00;100.00
24493;3394;34.0;47;9.80;9410.0;10.94;14.06;8.24;99.9;72.0;0.00;100.00
24510;3395;34.0;47;9.80;9410.0;10.94;14.84;8.24;99.9;71.5;0.00;100.00
24521;3395;34.0;47;9.80;9410.0;10.94;14.84;8.63;99.9;71.5;0.00;100.00
24530;3395;34.0;47;9.80;9410.0;10.94;14.84;8.63;99.9;71.5;0.00;100.00
24540;3395;34.0;47;9.80;9410.0;10.94;14.84;8.63;99.9;71.5;0.00;100.00
24551;3395;34.0;47;9.80;9410.0;10.94;15.63;8.63;99.9;71.5;0.00;100.00
24560;3396;34.0;47;9.80;9410.0;10.94;15.63;8.63;99.9;71.5;0.00;100.00
24569;3396;34.0;47;9.80;9410.0;10.94;15.63;8.63;99.9;71.0;0.00;100.00
24582;3396;34.0;47;9.80;9410.0;11.72;15.63;8.63;99.9;71.0;0.00;100.00
24602;3396;34.0;47;9.80;9410.0;11.72;15.63;8.63;99.9;71.0;0.00;100.00
24620;3396;34.0;47;9.80;9410.0;11.72;15.63;8.63;99.9;71.0;0.00;100.00
24634;3397;34.0;47;9.80;9410.0;11.72;15.63;8.63;99.8;71.0;0.00;100.00
24651;3396;34.0;47;9.80;9410.0;11.72;16.41;8.63;99.8;71.0;0.00;100.00
24669;3395;34.0;47;9.80;9410.0;11.72;16.41;8.63;99.8;71.0;0.00;100.00
24682;3394;33.0;47;9.80;9410.0;12.50;16.41;8.63;99.8;71.0;0.00;100.00
24700;3393;33.0;47;9.80;9410.0;12.50;16.41;8.63;99.7;70.5;0.00;100.00
24709;3393;33.0;47;9.41;9410.0;12.50;16.41;8.63;99.7;70.5;0.00;100.00
24720;3392;33.0;47;9.41;9410.0;12.50;16.41;8.63;99.7;70.5;0.00;100.00
24729;3391;32.0;47;9.41;9410.0;12.50;16.41;8.63;99.6;70.5;0.00;100.00
24741;3390;32.0;47;9.41;9410.0;13.28;16.41;8.63;99.6;70.5;0.00;100.00
24760;3389;32.0;47;9.02;9410.0;13.28;17.19;8.24;99.6;70.5;0.00;100.00
24771;3388;32.0;47;9.02;9410.0;13.28;17.19;8.24;99.5;71.0;0.00;100.00
24796;3388;31.0;47;9.02;9410.0;13.28;17.19;8.24;99.5;71.5;0.00;100.00
24810;3386;31.0;47;9.02;9410.0;13.28;17.19;8.24;99.5;72.0;0.00;100.00
24819;3384;31.0;47;8.63;9410.0;13.28;17.19;7.84;99.5;72.5;0.00;100.00
24830;3383;30.0;47;8.63;9410.0;14.06;17.19;7.84;99.4;73.0;0.00;100.00
24842;3381;30.0;47;8.63;9410.0;14.06;17.97;7.84;99.4;73.0;0.00;100.00
24860;3379;30.0;47;8.63;9410.0;14.06;17.97;7.84;99.4;73.5;0.00;100.00
24871;3377;30.0;47;8.63;9410.0;14.06;17.97;7.45;99.3;74.0;0.00;100.00
24880;3376;29.0;47;8.63;9410.0;13.28;17.97;7.45;99.3;74.5;0.00;100.00
24891;3374;29.0;46;8.63;9410.0;13.28;17.97;7.45;99.3;75.0;0.00;100.00
24911;3372;29.0;46;8.24;9410.0;13.28;17.97;7.45;99.3;75.5;0.00;100.00
24920;3371;29.0;46;8.24;9410.0;12.50;17.97;7.45;99.3;76.0;0.00;100.00
24936;3369;28.0;46;8.24;9410.0;12.50;17.97;7.45;99.3;76.0;0.00;100.00
24952;3370;28.0;46;8.24;9410.0;11.72;17.19;7.45;99.3;76.5;0.00;100.00
24971;3371;28.0;46;8.24;9410.0;11.72;17.19;7.06;99.3;76.5;0.00;100.00
24982;3373;28.0;46;8.24;9410.0;11.72;17.19;7.06;99.3;77.0;0.00;100.00
25001;3374;28.0;46;8.24;9410.0;10.94;17.19;7.06;99.3;77.0;0.00;100.00
25019;3375;28.0;46;8.24;9410.0;10.94;17.19;7.06;99.3;77.5;0.00;100.00
25030;3376;28.0;46;8.24;9410.0;10.94;17.19;7.06;99.3;77.5;0.00;100.00
25040;3377;28.0;46;8.24;9410.0;10.94;17.19;7.06;99.3;78.0;0.00;100.00
25048;3379;28.0;46;8.24;9410.0;10.94;16.41;7.06;99.3;78.0;0.00;100.00
25071;3380;28.0;46;8.24;9410.0;10.94;16.41;7.06;99.3;78.5;0.00;100.00
25090;3381;28.0;46;8.24;9410.0;10.94;16.41;7.06;99.2;78.5;0.00;100.00
25103;3382;28.0;46;8.24;9410.0;10.94;16.41;7.06;99.2;79.0;0.00;100.00
25121;3381;28.0;46;8.24;9410.0;10.94;15.63;7.06;99.2;79.0;0.00;100.00
25130;3380;28.0;46;8.24;9410.0;10.94;15.63;6.67;99.1;79.5;0.00;100.00
25140;3379;27.0;46;8.24;9410.0;10.94;15.63;6.67;99.1;79.5;0.00;100.00
25151;3377;27.0;46;8.24;9410.0;10.94;15.63;6.67;99.1;80.0;0.00;100.00
25169;3376;27.0;46;7.84;9410.0;10.94;14.84;6.67;99.0;80.0;0.00;100.00
25190;3375;26.0;46;7.84;9410.0;10.94;14.84;6.67;99.0;80.5;0.00;100.00
25200;3374;26.0;46;7.84;9410.0;10.94;14.84;6.67;99.0;80.5;0.00;100.00
25212;3373;25.0;46;7.84;9410.0;11.72;14.84;6.67;99.0;81.0;0.00;100.00
25231;3371;25.0;46;7.45;9410.0;11.72;15.63;6.67;99.0;81.0;0.00;100.00
25250;3370;25.0;46;7.45;9410.0;11.72;15.63;6.67;98.9;81.5;0.00;100.00
25265;3369;24.0;46;7.45;9410.0;11.72;15.63;6.67;98.9;82.0;0.00;100.00
25280;3366;24.0;46;7.45;9410.0;11.72;15.63;6.67;98.9;83.0;0.00;100.00
25291;3363;24.0;46;7.06;9410.0;11.72;15.63;6.27;98.9;83.5;0.00;100.00
25299;3360;24.0;46;7.06;9410.0;12.50;15.63;6.27;98.9;84.0;0.00;100.00
25309;3356;24.0;46;7.06;9410.0;12.50;16.41;6.27;98.9;84.5;0.00;100.00
25318;3353;24.0;46;7.06;9410.0;12.50;16.41;6.27;98.9;85.0;0.00;100.00
25330;3350;24.0;46;7.06;9420.0;11.72;16.41;6.27;98.9;85.5;0.00;100.00
25338;3347;24.0;46;7.06;9420.0;10.16;14.84;6.27;98.9;86.5;0.00;100.00
25350;3344;24.0;46;7.06;9420.0;9.38;13.28;6.27;98.9;87.0;0.00;100.00
25360;3341;24.0;46;7.06;9420.0;7.81;11.72;6.27;98.9;87.5;0.00;100.00
25370;3338;24.0;46;7.06;9430.0;7.03;10.16;5.88;98.9;87.5;0.00;100.00
25395;3335;24.0;46;7.06;9430.0;5.47;8.59;5.88;98.9;88.0;0.00;100.00
25409;3331;24.0;46;7.06;9430.0;4.69;7.81;5.88;98.9;88.0;0.00;100.00
25419;3327;24.0;46;7.06;9430.0;3.13;6.25;5.88;98.9;88.0;0.00;100.00
25430;3323;24.0;46;7.06;9440.0;2.34;4.69;5.88;98.9;88.0;0.00;100.00
25438;3320;24.0;46;7.06;9440.0;0.78;3.13;5.88;98.9;88.5;0.00;100.00
25449;3316;24.0;46;7.06;9440.0;0.00;1.56;5.49;98.9;88.5;0.00;100.00
25459;3312;24.0;46;7.06;9440.0;0.00;0.00;5.49;98.9;88.5;0.00;100.00
25470;3308;24.0;46;7.06;9440.0;0.00;0.00;5.49;98.9;88.5;0.00;100.00
25481;3305;24.0;46;7.06;9440.0;0.00;0.00;5.49;98.9;89.0;0.00;100.00
25489;3301;24.0;46;7.06;9440.0;0.00;0.00;5.49;98.9;89.0;0.00;100.00
25498;3297;24.0;46;7.06;9440.0;0.00;0.00;5.49;98.9;89.0;0.00;100.00
25514;3293;24.0;46;7.06;9440.0;0.00;0.00;5.49;98.9;89.0;0.00;100.00
25529;3292;24.0;46;7.06;9440.0;0.00;0.00;5.49;98.9;89.0;0.00;100.00
25538;3291;24.0;46;7.06;9440.0;0.00;0.00;5.49;98.9;89.0;0.00;100.00
25550;3290;24.0;46;7.06;9440.0;0.00;0.00;5.49;98.9;89.0;0.00;100.00
25559;3289;24.0;46;7.06;9440.0;0.00;0.00;5.49;98.9;89.5;0.00;100.00
25568;3288;24.0;46;7.06;9440.0;0.00;0.00;5.49;98.9;89.5;0.00;100.00
25577;3287;24.0;46;7.06;9440.0;0.00;0.00;5.49;98.9;89.5;0.00;100.00
25589;3286;25.0;46;7.06;9440.0;0.00;0.00;5.49;98.9;89.5;0.00;100.00
25598;3285;25.0;46;7.06;9440.0;0.00;0.00;5.49;98.9;89.5;0.00;100.00
25610;3284;25.0;46;7.06;9440.0;0.00;0.00;5.49;98.9;89.5;0.00;100.00
25619;3283;25.0;46;7.06;9440.0;0.00;0.00;5.49;98.9;90.0;0.00;100.00
25635;3282;25.0;46;7.06;9440.0;0.00;0.00;5.49;98.9;90.0;0.00;100.00
25647;3282;25.0;46;7.06;9440.0;0.00;0.00;5.49;98.9;90.5;0.00;100.00
25658;3282;25.0;46;7.06;9440.0;0.00;0.00;5.49;98.9;91.0;0.00;100.00
25670;3282;25.0;46;7.06;9440.0;0.00;0.00;5.49;98.9;91.0;0.00;100.00
25678;3282;24.0;46;7.06;9440.0;0.00;0.00;5.49;98.9;91.5;0.00;100.00
25689;3282;24.0;46;7.06;9440.0;0.00;0.00;5.49;98.9;91.5;0.00;100.00
25699;3283;24.0;46;6.67;9440.0;0.00;0.00;5.49;98.9;92.0;0.00;100.00
25710;3283;24.0;46;6.67;9440.0;0.00;0.00;5.49;98.9;92.5;0.00;100.00
25719;3283;24.0;46;6.67;9440.0;0.00;0.00;5.49;98.9;92.5;0.00;100.00
25727;3283;24.0;46;6.67;9440.0;0.00;0.00;5.49;98.9;93.0;0.00;100.00
25739;3283;23.0;46;6.67;9440.0;0.00;0.00;5.49;98.9;93.5;0.00;100.00
25754;3283;23.0;46;6.67;9440.0;0.00;0.00;5.49;98.9;93.5;0.00;100.00
25768;3281;23.0;46;6.27;9440.0;0.00;0.00;5.49;98.9;94.0;0.00;100.00
25780;3279;23.0;46;6.27;9440.0;0.00;0.00;5.49;98.9;94.0;0.00;100.00
25789;3278;23.0;46;6.27;9440.0;0.00;0.00;5.49;98.9;94.5;0.00;100.00
25799;3276;23.0;46;6.27;9440.0;0.00;0.00;5.49;98.9;94.5;0.00;100.00
25809;3274;23.0;46;6.27;9440.0;0.00;0.00;5.49;98.9;95.0;0.00;100.00
25817;3272;23.0;46;6.27;9440.0;0.00;0.00;5.49;98.9;95.0;0.00;100.00
25829;3271;23.0;46;6.27;9440.0;0.00;0.00;5.49;98.9;95.5;0.00;100.00
25838;3269;23.0;46;6.27;9440.0;0.00;0.00;5.49;98.9;95.5;0.00;100.00
25848;3267;23.0;46;6.27;9440.0;0.00;0.00;5.49;98.9;96.0;0.00;100.00
25860;3265;23.0;46;6.27;9440.0;0.00;0.00;5.49;98.9;96.0;0.00;0.00
25875;3264;23.0;46;6.27;9440.0;0.00;0.00;5.49;98.9;96.0;0.00;0.00
25889;3262;23.0;46;6.27;9440.0;0.00;0.00;5.49;98.9;96.0;0.00;0.00
25898;3261;23.0;46;6.27;9440.0;0.00;0.00;5.10;98.9;96.0;0.00;0.00
25908;3260;23.0;46;6.27;9440.0;0.00;0.00;5.10;98.9;96.0;0.00;0.00
25920;3258;23.0;46;6.27;9440.0;0.00;0.00;5.10;98.9;96.5;0.00;0.00
25929;3257;23.0;46;6.27;9440.0;0.00;0.00;5.10;98.9;96.5;0.00;0.00
25939;3256;23.0;46;6.27;9440.0;0.00;0.00;5.10;98.9;96.5;0.00;0.00
25951;3255;22.0;46;6.27;9440.0;0.00;0.00;5.10;98.9;96.5;0.00;0.00
25971;3253;22.0;46;6.27;9440.0;0.00;0.00;5.10;98.9;96.5;0.00;0.00
25987;3252;22.0;46;5.88;9440.0;0.00;0.00;5.10;98.9;96.5;0.00;0.00
26000;3251;22.0;46;5.88;9440.0;0.00;0.00;5.10;98.9;96.5;0.00;0.00
26025;3249;22.0;46;5.88;9440.0;0.00;0.00;5.10;98.9;96.5;0.00;0.00
26039;3248;22.0;46;5.88;9440.0;0.00;0.00;5.10;98.9;96.5;0.00;0.00
26048;3247;22.0;46;5.88;9440.0;0.00;0.00;4.71;98.9;96.5;0.00;0.00
26069;3246;22.0;46;5.88;9440.0;0.00;0.00;4.71;98.9;96.5;0.00;0.00
26078;3245;22.0;46;5.88;9440.0;0.00;0.00;4.71;98.9;97.0;0.00;0.00
26089;3244;22.0;46;5.88;9440.0;0.00;0.00;4.71;98.9;97.0;0.00;0.00
26099;3243;22.0;46;5.88;9440.0;0.00;0.00;4.71;98.9;97.0;0.00;0.00
26109;3242;21.0;46;5.88;9440.0;0.00;0.00;4.71;98.9;97.0;0.00;0.00
26118;3241;21.0;46;5.88;9440.0;0.00;0.00;4.71;98.9;97.0;0.00;0.00
26128;3240;21.0;46;5.88;9440.0;0.00;0.00;4.71;98.9;97.0;0.00;0.00
26139;3238;21.0;46;5.88;9440.0;0.00;0.00;4.71;98.9;97.0;0.00;0.00
26154;3237;21.0;46;5.88;9440.0;0.00;0.00;4.71;98.9;97.0;0.00;0.00
26168;3236;21.0;46;5.88;9440.0;0.00;0.00;4.71;98.9;97.0;0.00;0.00
26180;3235;21.0;46;5.88;9440.0;0.00;0.00;4.71;98.9;97.0;0.00;0.00
26189;3235;21.0;46;5.88;9440.0;0.00;0.00;4.71;98.9;97.0;0.00;0.00
26200;3234;21.0;46;5.88;9440.0;0.00;0.00;4.71;98.9;97.0;0.00;0.00
26210;3233;21.0;46;5.88;9440.0;0.00;0.00;4.71;98.9;97.0;0.00;0.00
26218;3232;21.0;46;5.88;9450.0;0.00;0.00;4.71;98.9;97.0;0.00;0.00
26229;3231;21.0;46;5.88;9450.0;0.00;0.00;4.71;98.9;97.0;0.00;0.00
26239;3230;21.0;47;5.88;9450.0;0.00;0.00;4.71;98.9;97.0;0.00;0.00
26249;3229;21.0;47;5.88;9460.0;0.00;0.00;4.71;98.9;97.0;0.00;0.00
26258;3228;21.0;47;5.88;9460.0;0.00;0.00;4.71;98.9;97.0;0.00;0.00
26275;3227;21.0;47;5.88;9470.0;0.00;0.00;4.71;98.9;97.0;0.00;0.00
26289;3226;21.0;47;5.88;9470.0;0.00;0.00;4.71;98.9;97.0;0.00;0.00
26298;3225;21.0;47;5.88;9470.0;0.00;0.00;4.71;98.9;97.0;0.00;0.00
26309;3224;21.0;47;5.88;9480.0;0.00;0.00;4.71;98.9;97.0;0.00;0.00
26318;3224;21.0;47;5.88;9480.0;0.00;0.00;4.71;98.9;97.0;0.00;0.00
26330;3223;21.0;47;5.88;9480.0;0.00;0.00;4.71;98.9;97.0;0.00;0.00
26339;3222;21.0;47;5.88;9480.0;0.00;0.00;4.71;98.9;97.0;0.00;0.00
26350;3221;21.0;47;5.88;9480.0;0.00;0.00;4.71;98.9;97.0;0.00;0.00
26362;3220;21.0;47;5.88;9480.0;0.00;0.00;4.71;98.9;97.0;0.00;0.00
26379;3220;21.0;47;5.88;9480.0;0.00;0.00;4.71;98.9;97.0;0.00;0.00
26390;3219;21.0;47;5.88;9480.0;0.00;0.00;4.71;98.9;97.0;0.00;0.00
26406;3218;21.0;47;5.88;9480.0;0.00;0.00;4.71;98.9;97.0;0.00;0.00
26419;3223;21.0;47;5.88;9480.0;0.00;0.00;4.71;98.9;97.0;0.00;0.00
26430;3227;21.0;47;5.88;9480.0;0.00;0.00;4.71;98.9;97.0;0.00;0.00
26438;3232;21.0;47;5.88;9480.0;0.00;0.00;4.71;98.9;97.0;0.00;0.00
26450;3236;21.0;47;5.88;9480.0;0.00;0.00;4.71;98.9;97.0;0.00;0.00
26458;3241;21.0;47;5.88;9480.0;0.00;0.00;4.71;98.9;97.0;0.00;0.00
26469;3246;21.0;47;6.27;9480.0;0.00;0.00;4.71;98.9;97.0;0.00;0.00
26480;3250;21.0;47;6.27;9480.0;0.00;0.00;4.71;98.9;97.0;0.00;0.00
26490;3255;21.0;47;6.27;9480.0;0.00;0.00;4.71;98.9;97.0;0.00;0.00
26501;3260;21.0;47;6.27;9480.0;0.00;0.00;4.71;98.9;97.0;0.00;0.00
26519;3264;21.0;47;6.27;9480.0;0.00;0.00;4.71;98.9;97.0;0.00;0.00
26535;3269;21.0;47;6.27;9480.0;0.00;0.00;4.71;98.9;96.5;0.00;0.00
26549;3266;21.0;47;6.67;9480.0;0.00;0.00;4.71;98.9;96.5;0.00;0.00
26558;3263;21.0;47;6.67;9480.0;0.00;0.00;5.10;98.9;96.5;0.00;0.00
26569;3261;21.0;47;6.67;9480.0;0.00;0.00;5.10;98.9;96.0;0.00;0.00
26578;3258;22.0;47;6.67;9480.0;0.00;0.00;5.10;98.9;96.0;0.00;0.00
26589;3255;22.0;47;6.67;9480.0;0.00;0.00;5.10;98.9;95.5;0.00;0.00
26600;3253;22.0;47;6.67;9480.0;0.00;0.00;5.10;98.9;95.5;0.00;0.00
26620;3250;22.0;47;6.67;9480.0;0.00;0.00;5.10;98.9;95.5;0.00;0.00
26628;3247;22.0;47;6.67;9480.0;0.00;0.00;5.10;98.9;95.0;0.00;0.00
26640;3245;22.0;47;6.67;9480.0;0.00;0.00;5.10;98.9;95.0;0.00;0.00
26648;3242;23.0;47;6.67;9480.0;0.00;0.00;5.49;98.9;95.0;0.00;100.00
26666;3239;23.0;47;6.67;9480.0;0.00;0.00;5.49;98.9;95.0;0.00;100.00
26680;3238;23.0;47;6.67;9480.0;0.00;0.00;5.49;98.9;94.5;0.00;100.00
26690;3238;23.0;47;6.67;9480.0;0.00;0.00;5.49;98.9;94.5;0.00;100.00
26699;3237;23.0;47;6.67;9480.0;0.00;0.00;5.49;98.9;94.5;0.00;100.00
26710;3236;24.0;47;6.67;9480.0;0.00;0.00;5.49;98.9;94.5;0.00;100.00
26719;3235;24.0;47;6.67;9480.0;0.00;0.00;5.88;98.9;94.5;0.00;100.00
26731;3235;24.0;47;7.06;9480.0;0.00;0.00;5.88;98.9;94.5;0.00;100.00
26750;3234;24.0;47;7.06;9480.0;0.00;0.00;5.88;98.9;94.0;0.00;100.00
26760;3233;24.0;47;7.06;9480.0;0.00;0.00;5.88;98.9;94.0;0.00;100.00
26769;3232;24.0;47;7.06;9480.0;0.00;0.00;5.88;98.9;94.0;0.00;100.00
26780;3232;25.0;47;7.06;9480.0;0.00;0.00;5.88;98.9;94.0;0.00;100.00
26795;3231;25.0;47;7.06;9480.0;0.00;0.00;5.88;98.9;93.5;0.00;100.00
26809;3232;25.0;47;7.45;9480.0;0.00;0.00;5.88;98.9;93.5;0.00;100.00
26821;3232;25.0;47;7.45;9480.0;0.00;0.00;5.88;98.9;93.0;0.00;100.00
26839;3233;25.0;47;7.45;9480.0;0.00;0.00;5.88;98.9;93.0;0.00;100.00
26849;3234;25.0;47;7.45;9480.0;0.00;0.00;5.88;98.9;92.5;0.00;100.00
26869;3235;25.0;47;7.45;9480.0;0.00;0.00;5.88;98.9;92.5;0.00;100.00
26880;3235;25.0;47;7.45;9480.0;0.00;0.00;5.88;98.9;92.0;0.00;100.00
26889;3236;26.0;47;7.45;9480.0;0.00;0.00;5.88;98.9;92.0;0.00;100.00
26898;3237;26.0;47;7.45;9480.0;0.00;0.00;5.88;98.9;91.5;0.00;100.00
26910;3238;26.0;47;7.45;9480.0;0.00;0.00;5.88;98.9;91.5;0.00;100.00
26920;3238;26.0;47;7.45;9480.0;0.00;0.00;5.88;98.9;91.5;0.00;100.00
26935;3239;26.0;47;7.45;9480.0;0.00;0.00;5.88;98.9;91.5;0.00;100.00
26951;3239;26.0;47;7.45;9480.0;0.00;0.00;5.88;98.9;91.5;0.00;100.00
26969;3239;26.0;47;7.45;9480.0;0.00;0.00;6.27;98.9;91.5;0.00;100.00
26980;3239;26.0;47;7.45;9480.0;0.00;0.00;6.27;98.9;91.5;0.00;100.00
26988;3239;26.0;47;7.45;9480.0;0.00;0.00;6.27;98.9;91.0;0.00;100.00
26999;3240;26.0;47;7.45;9480.0;0.00;0.00;6.27;98.9;91.0;0.00;100.00
27009;3240;26.0;47;7.45;9480.0;0.00;0.00;6.27;98.9;91.0;0.00;100.00
27021;3240;26.0;47;7.45;9480.0;0.00;0.00;6.27;98.9;91.0;0.00;100.00
27028;3240;26.0;47;7.45;9480.0;0.00;0.00;6.27;98.9;91.0;0.00;100.00
27040;3240;26.0;47;7.45;9480.0;0.00;0.00;6.27;98.9;91.0;0.00;100.00
27048;3240;26.0;47;7.45;9480.0;0.00;0.00;6.27;98.9;91.0;0.00;100.00
27077;3240;26.0;47;7.45;9480.0;0.78;0.00;6.27;98.9;91.0;0.00;100.00
27089;3239;26.0;47;7.45;9480.0;0.78;-0.78;6.27;98.9;91.0;0.00;100.00
27101;3238;26.0;47;7.45;9480.0;0.78;-0.78;6.27;98.9;91.0;0.00;100.00
27119;3238;26.0;47;7.45;9480.0;0.78;-0.78;6.27;98.9;91.0;0.00;100.00
27128;3237;25.0;47;7.45;9480.0;0.78;-0.78;6.27;98.9;90.5;0.00;100.00
27140;3236;25.0;47;7.45;9480.0;0.78;-0.78;6.27;98.9;90.5;0.00;100.00
27148;3235;25.0;47;7.06;9480.0;0.78;-0.78;6.27;98.9;90.5;0.00;100.00
27160;3234;25.0;47;7.06;9480.0;1.56;-0.78;6.27;98.9;90.5;0.00;100.00
27170;3233;25.0;47;7.06;9480.0;1.56;0.00;6.27;98.9;90.5;0.00;100.00
27179;3233;25.0;47;7.06;9480.0;1.56;0.00;6.27;98.9;90.5;0.00;100.00
27188;3232;24.0;47;7.06;9480.0;2.34;0.00;6.27;98.9;90.5;0.00;100.00
27205;3231;24.0;47;7.06;9480.0;2.34;0.00;6.27;98.9;90.5;0.00;100.00
27219;3228;24.0;47;6.67;9480.0;3.13;0.78;6.27;98.9;90.5;0.00;100.00
27231;3226;24.0;47;6.67;9480.0;3.13;0.78;5.88;98.9;90.5;0.00;100.00
27248;3224;24.0;47;6.67;9480.0;3.13;0.78;5.88;98.9;90.5;0.00;100.00
27270;3221;24.0;47;6.67;9480.0;3.91;0.78;5.88;98.9;91.0;0.00;100.00
27290;3219;24.0;47;6.67;9480.0;3.91;1.56;5.88;98.9;91.0;0.00;100.00
27298;3216;24.0;47;6.67;9490.0;3.91;1.56;5.88;98.9;91.0;0.00;100.00
27310;3214;24.0;47;6.67;9490.0;3.91;1.56;5.88;98.9;91.0;0.00;100.00
27319;3212;24.0;47;6.67;9490.0;3.91;1.56;5.88;98.9;91.0;0.00;100.00
27330;3209;24.0;47;7.06;9490.0;3.91;2.34;5.88;98.9;91.0;0.00;100.00
27340;3207;24.0;47;7.06;9500.0;3.91;2.34;5.88;98.9;91.0;0.00;100.00
27356;3204;24.0;47;7.06;9500.0;4.69;2.34;5.88;98.9;91.0;0.00;100.00
27370;3202;24.0;47;7.06;9500.0;4.69;2.34;5.88;98.9;91.0;0.00;100.00
27390;3199;24.0;47;7.06;9500.0;4.69;2.34;5.88;98.9;91.0;0.00;100.00
27398;3196;24.0;47;7.06;9510.0;4.69;2.34;5.88;98.9;91.0;0.00;100.00
27409;3194;24.0;47;7.06;9510.0;4.69;3.13;5.88;98.9;91.0;0.00;100.00
27419;3191;24.0;47;7.06;9510.0;4.69;3.13;5.88;98.9;91.0;0.00;100.00
27430;3188;24.0;47;7.06;9510.0;4.69;3.13;5.88;98.9;91.0;0.00;100.00
27439;3186;24.0;47;7.06;9510.0;4.69;3.13;5.88;98.9;91.0;0.00;100.00
27449;3183;24.0;47;7.06;9510.0;5.47;3.13;5.88;98.9;91.0;0.00;100.00
27460;3180;24.0;47;7.06;9510.0;5.47;3.13;5.88;98.9;91.0;0.00;100.00
27471;3178;24.0;47;7.06;9510.0;5.47;3.13;5.88;98.9;91.0;0.00;100.00
27494;3175;24.0;47;7.06;9510.0;5.47;3.13;5.88;98.9;91.0;0.00;100.00
27510;3175;24.0;47;7.06;9510.0;5.47;3.91;5.88;98.9;91.0;0.00;100.00
27521;3176;24.0;47;7.06;9510.0;5.47;3.91;5.88;98.9;91.0;0.00;100.00
27530;3176;24.0;47;7.06;9510.0;6.25;3.91;5.88;98.9;91.0;0.00;100.00
27540;3176;24.0;47;7.06;9510.0;6.25;3.91;5.88;98.9;91.0;0.00;100.00
27549;3177;24.0;47;7.06;9510.0;6.25;3.91;5.88;98.9;91.0;0.00;100.00
27560;3177;24.0;47;7.06;9510.0;6.25;3.91;5.88;98.9;91.0;0.00;100.00
27570;3177;24.0;47;7.06;9510.0;6.25;3.91;5.88;98.9;91.0;0.00;100.00
27578;3178;24.0;47;7.06;9510.0;6.25;3.91;5.88;98.9;91.0;0.00;100.00
27590;3178;24.0;47;6.67;9510.0;6.25;4.69;5.88;98.9;91.0;0.00;100.00
27600;3179;24.0;47;6.67;9510.0;6.25;4.69;5.88;98.9;91.0;0.00;100.00
27614;3179;24.0;47;6.67;9510.0;7.03;4.69;5.88;98.9;91.0;0.00;100.00
27630;3180;24.0;47;6.67;9510.0;7.03;4.69;5.88;98.9;91.0;0.00;100.00
27640;3182;24.0;47;6.67;9510.0;7.03;4.69;5.88;98.9;91.0;0.00;100.00
27649;3183;24.0;47;6.67;9510.0;7.03;4.69;5.88;98.9;91.0;0.00;100.00
27661;3185;24.0;47;6.67;9510.0;7.03;5.47;5.88;98.9;91.0;0.00;100.00
27668;3186;24.0;47;6.67;9510.0;7.03;5.47;5.88;98.9;91.0;0.00;100.00
27679;3188;24.0;47;6.67;9510.0;7.03;5.47;5.88;98.9;91.0;0.00;100.00
27690;3190;24.0;47;6.67;9510.0;7.03;5.47;5.88;98.9;91.0;0.00;100.00
27699;3191;24.0;47;6.67;9510.0;7.03;5.47;5.88;98.9;91.0;0.00;100.00
27710;3193;24.0;47;7.06;9510.0;7.03;5.47;5.88;98.9;91.0;0.00;100.00
27720;3194;24.0;47;7.06;9510.0;7.03;5.47;5.88;98.9;91.0;0.00;100.00
27735;3196;24.0;47;7.06;9510.0;7.81;5.47;5.88;98.9;91.0;0.00;100.00
27749;3194;24.0;47;7.06;9510.0;7.81;6.25;5.88;98.9;91.0;0.00;100.00
27761;3193;24.0;47;7.06;9510.0;7.81;6.25;5.88;98.9;91.0;0.00;100.00
27770;3192;24.0;47;7.06;9510.0;7.81;6.25;5.88;98.9;91.0;0.00;100.00
27789;3191;24.0;47;7.06;9510.0;7.81;6.25;5.88;98.9;91.0;0.00;100.00
27800;3189;24.0;47;7.06;9510.0;7.81;6.25;5.88;98.9;91.0;0.00;100.00
27811;3188;24.0;47;7.06;9510.0;7.81;6.25;5.88;98.9;91.0;0.00;100.00
27831;3187;24.0;47;7.06;9510.0;7.81;6.25;5.88;98.9;91.0;0.00;100.00
27849;3186;24.0;47;7.06;9510.0;7.81;6.25;5.88;98.9;91.0;0.00;100.00
27860;3185;24.0;47;7.06;9510.0;7.81;6.25;5.88;98.9;91.0;0.00;100.00
27868;3183;24.0;47;7.06;9510.0;7.81;6.25;5.88;98.9;91.0;0.00;100.00
27886;3182;24.0;47;7.06;9510.0;7.81;6.25;5.88;98.9;91.0;0.00;100.00
27901;3182;24.0;47;7.06;9510.0;7.81;7.03;5.88;98.9;91.0;0.00;100.00
27910;3182;24.0;47;7.06;9510.0;7.81;7.03;5.88;98.9;91.0;0.00;100.00
27920;3182;24.0;47;7.06;9510.0;7.81;7.03;5.88;98.9;91.0;0.00;100.00
27931;3182;24.0;47;7.06;9510.0;7.81;7.03;5.88;98.9;91.0;0.00;100.00
27939;3182;24.0;47;7.06;9510.0;7.81;7.03;5.88;98.9;91.0;0.00;100.00
27949;3181;24.0;47;7.06;9510.0;7.81;7.03;5.88;98.9;91.0;0.00;100.00
27960;3181;25.0;47;7.06;9510.0;7.81;7.03;5.88;98.9;91.0;0.00;100.00
27970;3181;25.0;47;7.06;9510.0;7.81;7.03;5.88;98.9;91.0;0.00;100.00
27978;3181;25.0;47;7.45;9510.0;7.81;7.03;5.88;98.9;91.0;0.00;100.00
27990;3181;25.0;47;7.45;9510.0;7.81;7.03;5.88;98.9;91.0;0.00;100.00
28006;3181;25.0;47;7.45;9510.0;7.81;7.03;5.88;98.9;91.0;0.00;100.00
28020;3178;25.0;47;7.45;9510.0;7.81;7.03;5.88;98.9;91.0;0.00;100.00
28030;3175;25.0;47;7.45;9510.0;7.81;7.03;5.88;98.9;91.0;0.00;100.00
28041;3172;25.0;47;7.45;9510.0;7.81;7.03;5.88;98.9;91.0;0.00;100.00
28049;3169;25.0;47;7.45;9510.0;7.81;7.03;5.88;98.9;91.0;0.00;100.00
28062;3166;25.0;47;7.45;9510.0;7.81;7.03;5.88;98.9;91.0;0.00;100.00
28082;3163;25.0;47;7.06;9510.0;7.03;7.03;5.88;98.9;91.0;0.00;100.00
28102;3160;24.0;47;7.06;9510.0;6.25;6.25;5.88;98.9;91.0;0.00;100.00
28119;3157;24.0;47;7.06;9510.0;5.47;5.47;5.88;98.9;91.0;0.00;100.00
28130;3154;24.0;47;7.06;9510.0;4.69;5.47;5.88;98.9;91.0;0.00;100.00
28139;3151;24.0;47;7.06;9510.0;3.91;4.69;5.88;98.9;91.0;0.00;100.00
28156;3148;24.0;47;7.06;9510.0;3.91;3.91;5.88;98.9;91.0;0.00;100.00
28169;3142;24.0;47;6.67;9510.0;3.13;3.13;5.88;98.9;91.0;0.00;100.00
28181;3137;24.0;47;6.67;9510.0;2.34;2.34;5.88;98.9;91.0;0.00;100.00
28190;3132;24.0;47;6.67;9510.0;1.56;1.56;5.88;98.9;91.0;0.00;100.00
28201;3126;24.0;47;6.67;9510.0;0.78;1.56;5.88;98.9;91.0;0.00;100.00
28209;3121;24.0;47;6.67;9510.0;0.00;0.78;5.88;98.9;91.0;0.00;100.00
28221;3116;24.0;47;6.67;9510.0;0.00;0.00;5.88;98.9;91.0;0.00;100.00
28241;3111;25.0;47;6.67;9510.0;0.00;0.00;5.88;98.9;91.0;0.00;100.00
28260;3105;25.0;47;6.67;9510.0;0.00;0.00;5.88;98.9;91.0;0.00;100.00
28272;3100;25.0;47;6.67;9510.0;0.00;0.00;5.88;98.9;91.0;0.00;100.00
28289;3095;25.0;47;6.67;9510.0;0.00;0.00;5.88;98.9;91.0;0.00;100.00
28304;3089;25.0;47;6.67;9510.0;0.00;0.00;5.88;98.9;91.0;0.00;100.00
28320;3088;25.0;47;6.67;9510.0;0.00;0.00;5.88;98.9;91.0;0.00;100.00
28330;3086;25.0;47;6.67;9510.0;0.00;0.00;5.88;98.9;91.0;0.00;100.00
28340;3084;25.0;47;6.67;9510.0;0.00;0.00;5.88;98.9;91.0;0.00;100.00
28349;3082;25.0;47;6.67;9510.0;0.00;0.00;5.88;98.9;91.0;0.00;100.00
28362;3080;25.0;47;6.67;9510.0;0.00;0.00;5.88;98.9;91.0;0.00;100.00
28381;3078;25.0;47;6.67;9520.0;0.00;0.00;5.88;98.9;91.0;0.00;100.00
28390;3076;26.0;47;6.67;9520.0;0.00;0.00;5.88;98.9;91.0;0.00;100.00
28400;3074;26.0;47;6.67;9520.0;0.00;0.00;5.88;98.9;91.0;0.00;100.00
28410;3073;26.0;47;6.67;9530.0;0.00;0.00;5.88;98.9;91.0;0.00;100.00
28420;3071;26.0;47;6.67;9530.0;0.00;0.00;5.88;98.9;91.0;0.00;0.00
28434;3069;26.0;47;6.67;9540.0;0.00;0.00;5.88;98.9;91.0;0.00;0.00
28450;3064;26.0;47;6.67;9540.0;0.00;0.00;5.88;98.9;91.0;0.00;0.00
28459;3059;26.0;47;6.67;9540.0;0.00;0.00;5.88;98.9;91.0;0.00;0.00
28470;3054;26.0;47;6.67;9550.0;0.00;0.00;5.88;98.9;91.0;0.00;0.00
28481;3049;26.0;47;6.67;9550.0;0.00;0.00;5.88;98.9;91.0;0.00;0.00
28501;3044;26.0;47;6.67;9550.0;0.00;0.00;5.88;98.9;91.0;0.00;0.00
28510;3038;26.0;47;6.67;9550.0;0.00;0.00;5.88;98.9;91.0;0.00;0.00
28522;3033;26.0;47;6.67;9550.0;0.00;0.00;5.88;98.9;91.0;0.00;0.00
28541;3028;26.0;47;6.67;9550.0;0.00;0.00;5.88;98.9;91.0;0.00;0.00
28549;3023;26.0;47;6.67;9550.0;0.00;0.00;5.88;98.9;91.0;0.00;0.00
28561;3018;26.0;47;6.67;9550.0;0.00;0.00;5.88;98.9;91.0;0.00;0.00
28573;3013;26.0;47;6.67;9550.0;0.00;0.00;5.88;98.9;91.0;0.00;0.00
28590;3008;26.0;47;6.67;9550.0;0.00;0.00;5.88;98.9;91.0;0.00;0.00
28599;3002;26.0;47;6.67;9550.0;0.00;0.00;6.27;98.9;91.0;0.00;0.00
28612;2997;26.0;47;6.67;9550.0;0.00;0.00;6.27;98.9;91.0;0.00;0.00
28630;2991;26.0;47;6.67;9550.0;0.00;0.00;6.27;98.9;91.0;0.00;0.00
28640;2986;26.0;47;6.67;9550.0;0.00;0.00;6.27;98.9;91.0;0.00;0.00
28650;2980;26.0;47;6.67;9550.0;0.00;0.00;6.27;98.9;91.0;0.00;0.00
28661;2975;26.0;47;6.67;9550.0;0.00;0.00;6.27;98.9;91.0;0.00;0.00
28670;2969;26.0;47;6.67;9550.0;0.00;0.00;6.27;98.9;91.0;0.00;0.00
28679;2964;26.0;47;6.67;9550.0;0.00;0.00;6.27;98.9;91.0;0.00;0.00
28690;2959;26.0;47;6.67;9550.0;0.00;0.00;6.27;98.9;91.0;0.00;0.00
28705;2953;26.0;47;6.67;9550.0;0.00;0.00;6.27;98.9;91.0;0.00;0.00
28721;2948;26.0;47;6.67;9550.0;0.00;0.00;6.27;98.9;91.0;0.00;0.00
28741;2943;26.0;47;6.67;9550.0;0.00;0.00;6.67;98.9;91.0;0.00;0.00
28750;2938;26.0;47;6.67;9550.0;0.00;0.00;6.67;98.9;91.0;0.00;0.00
28759;2933;26.0;47;6.67;9550.0;0.00;0.00;6.67;98.9;91.0;0.00;0.00
28769;2928;26.0;47;6.67;9550.0;0.00;0.00;6.67;98.9;91.0;0.00;0.00
28778;2923;26.0;47;6.67;9550.0;0.00;0.00;6.67;98.9;91.0;0.00;0.00
28787;2918;26.0;47;6.67;9550.0;0.00;0.00;6.67;98.9;91.0;0.00;0.00
28799;2913;26.0;47;6.67;9550.0;0.00;0.00;6.67;98.9;91.0;0.00;0.00
28807;2908;26.0;47;6.27;9550.0;0.00;0.00;6.67;98.9;91.0;0.00;0.00
28819;2902;26.0;47;6.27;9550.0;0.00;0.00;6.67;98.9;91.0;0.00;0.00
28833;2897;26.0;47;6.27;9550.0;0.00;0.00;6.67;98.9;91.0;0.00;0.00
28850;2893;26.0;47;6.27;9550.0;0.00;0.00;6.67;98.9;91.0;0.00;0.00
28860;2888;26.0;47;6.27;9550.0;0.00;0.00;7.06;98.9;91.0;0.00;0.00
28869;2884;26.0;47;6.27;9550.0;0.00;0.00;7.06;98.9;91.0;0.00;0.00
28879;2879;26.0;47;6.27;9550.0;0.00;0.00;7.06;98.9;91.0;0.00;0.00
28889;2875;26.0;47;6.27;9550.0;0.00;0.00;7.06;98.9;91.0;0.00;0.00
28898;2870;26.0;47;6.27;9550.0;0.00;0.00;7.06;98.9;91.0;0.00;0.00
28911;2866;26.0;47;6.27;9550.0;0.00;0.00;7.06;98.9;91.0;0.00;0.00
28919;2861;26.0;47;6.27;9550.0;0.00;0.00;7.06;98.9;91.0;0.00;0.00
28931;2857;26.0;47;6.27;9550.0;0.00;0.00;7.06;98.9;91.0;0.00;0.00
28939;2852;26.0;47;6.27;9550.0;0.00;0.00;7.06;98.9;91.0;0.00;0.00
28956;2848;26.0;47;6.27;9550.0;0.00;0.00;7.06;98.9;91.0;0.00;0.00
28971;2842;26.0;47;6.27;9550.0;0.00;0.00;7.06;98.9;91.0;0.00;0.00
28988;2836;26.0;47;6.27;9550.0;0.00;0.00;7.06;98.9;91.0;0.00;0.00
28996;2830;26.0;47;6.27;9550.0;0.00;0.00;7.06;98.9;91.0;0.00;0.00
29009;2824;26.0;47;6.27;9550.0;0.00;0.00;7.06;98.9;91.0;0.00;0.00
29018;2817;26.0;47;6.27;9550.0;0.00;0.00;7.06;98.9;91.0;0.00;0.00
29030;2811;26.0;47;6.27;9550.0;0.00;0.00;7.06;98.9;91.0;0.00;0.00
29038;2805;26.0;47;6.27;9550.0;0.00;0.00;7.06;98.9;91.0;0.00;0.00
29047;2799;26.0;47;6.27;9550.0;0.00;0.00;7.06;98.9;91.0;0.00;0.00
29059;2793;26.0;47;6.27;9550.0;0.00;0.00;7.45;98.9;91.0;0.00;0.00
29071;2787;26.0;47;6.27;9550.0;0.00;0.00;7.45;98.9;91.0;0.00;0.00
29094;2781;26.0;47;6.27;9550.0;0.00;0.00;7.45;98.9;91.0;0.00;0.00
29109;2777;26.0;47;6.27;9550.0;0.00;0.00;7.45;98.9;91.0;0.00;0.00
29118;2773;26.0;47;6.27;9550.0;0.00;0.00;7.84;98.9;91.0;0.00;0.00
29127;2769;26.0;47;6.27;9550.0;0.00;0.00;7.84;98.9;91.0;0.00;0.00
29137;2765;26.0;47;6.27;9550.0;0.00;0.00;7.84;98.9;91.0;0.00;0.00
29149;2761;26.0;47;6.27;9550.0;0.00;0.00;7.84;98.9;91.0;0.00;0.00
29157;2757;26.0;47;6.27;9550.0;0.00;0.00;8.24;98.9;91.0;0.00;0.00
29170;2753;26.0;47;6.27;9550.0;0.00;0.00;8.24;98.9;91.0;0.00;0.00
29177;2749;26.0;47;6.27;9550.0;0.00;0.00;8.24;98.9;91.0;0.00;0.00
29187;2745;26.0;47;6.27;9550.0;0.00;0.00;8.24;98.9;91.0;0.00;0.00
29197;2742;26.0;47;6.27;9550.0;0.00;0.00;8.24;98.9;91.0;0.00;0.00
29214;2738;26.0;47;6.27;9550.0;0.00;0.00;8.24;98.9;91.0;0.00;0.00
29228;2734;26.0;47;6.27;9550.0;0.00;0.00;8.24;98.9;91.0;0.00;0.00
29237;2731;26.0;47;6.27;9550.0;0.00;0.00;8.63;98.9;91.0;0.00;0.00
29247;2727;26.0;47;6.27;9550.0;0.00;0.00;8.63;98.9;91.0;0.00;0.00
29258;2724;27.0;47;6.27;9550.0;0.00;0.00;8.63;98.9;90.5;0.00;0.00
29271;2720;27.0;47;6.27;9550.0;0.00;0.00;8.63;98.9;90.5;0.00;0.00
29288;2716;27.0;47;6.67;9560.0;0.00;0.00;8.63;98.9;90.5;0.00;0.00
29299;2713;27.0;47;6.67;9560.0;0.00;0.00;8.63;98.9;90.5;0.00;0.00
29310;2709;27.0;47;6.67;9560.0;0.00;0.00;8.63;98.9;90.5;0.00;0.00
29318;2706;27.0;47;6.67;9560.0;0.00;0.00;9.02;98.9;90.5;0.00;0.00
29327;2702;28.0;47;6.67;9570.0;0.00;0.00;9.02;98.9;90.0;0.00;0.00
29345;2699;28.0;47;6.67;9570.0;0.00;0.00;9.02;98.9;89.5;0.00;0.00
29363;2700;28.0;47;7.06;9570.0;0.00;0.00;9.02;98.9;89.0;0.00;0.00
29380;2700;28.0;47;7.06;9570.0;0.00;0.00;9.41;98.9;88.5;0.00;0.00
29387;2701;28.0;47;7.06;9580.0;0.00;0.00;9.41;98.9;88.0;0.00;0.00
29397;2702;28.0;47;7.06;9580.0;0.00;0.00;9.41;98.9;87.0;0.00;0.00
29409;2702;28.0;47;7.06;9580.0;0.00;0.00;9.41;98.9;86.5;0.00;0.00
29418;2703;28.0;47;7.06;9570.0;0.00;0.00;9.80;98.9;86.0;0.00;0.00
29430;2704;27.0;47;7.06;9570.0;0.00;0.00;9.80;98.9;85.5;0.00;0.00
29439;2704;27.0;47;7.06;9570.0;0.00;0.00;9.80;98.9;85.0;0.00;0.00
29450;2705;27.0;47;7.06;9570.0;0.00;0.00;9.80;98.9;84.5;0.00;0.00
29458;2706;27.0;47;7.06;9560.0;0.00;0.00;9.80;98.9;84.5;0.00;100.00
29476;2706;27.0;47;7.06;9560.0;0.00;0.00;9.80;98.9;84.5;0.00;100.00
29489;2704;27.0;47;7.06;9560.0;0.00;0.00;9.80;98.9;84.0;0.00;100.00
29498;2701;27.0;47;7.06;9560.0;0.00;0.00;10.20;98.9;84.0;0.00;100.00
29510;2698;27.0;47;7.06;9550.0;0.00;0.00;10.20;98.9;84.0;0.00;100.00
29518;2696;27.0;47;7.06;9550.0;0.00;0.00;10.20;98.9;84.0;0.00;100.00
29529;2693;27.0;47;7.06;9550.0;0.00;0.00;10.20;98.9;84.0;0.00;100.00
29539;2690;27.0;47;7.06;9560.0;0.00;0.00;10.20;98.9;84.0;0.00;100.00
29549;2687;28.0;47;7.06;9560.0;0.00;0.00;10.20;98.9;83.5;0.00;100.00
29560;2685;28.0;47;7.06;9560.0;0.00;0.00;10.20;98.9;83.5;0.00;100.00
29572;2682;28.0;47;7.45;9560.0;0.00;0.00;10.20;99.0;83.5;0.00;100.00
29589;2679;28.0;47;7.45;9570.0;0.00;0.00;10.20;99.0;83.5;0.00;100.00
29604;2677;28.0;47;7.45;9570.0;0.00;0.00;10.20;99.1;83.0;0.00;100.00
29619;2677;28.0;47;7.45;9570.0;0.00;0.00;10.20;99.2;83.0;0.00;100.00
29628;2677;29.0;47;7.45;9570.0;0.00;0.00;10.59;99.2;82.5;0.00;100.00
29639;2677;31.0;47;7.45;9580.0;0.00;0.00;10.59;99.3;82.5;0.00;100.00
29648;2678;32.0;47;7.84;9580.0;0.00;0.00;10.59;99.4;82.0;0.00;100.00
29659;2678;33.0;47;8.63;9580.0;0.00;0.00;10.59;99.4;82.0;0.00;100.00
29668;2678;34.0;47;9.02;9580.0;0.00;0.00;10.59;99.5;81.5;0.00;100.00
29679;2678;36.0;47;9.80;9580.0;0.00;0.00;10.59;99.6;81.5;0.00;100.00
29688;2678;37.0;47;10.20;9580.0;0.00;0.00;10.98;99.6;81.0;0.00;100.00
29699;2679;38.0;47;10.98;9580.0;0.00;0.00;11.37;99.7;81.0;0.00;100.00
29708;2679;39.0;47;11.37;9580.0;0.00;0.00;11.76;99.8;79.5;0.00;100.00
29725;2679;41.0;47;12.16;9580.0;0.00;0.00;12.16;99.9;78.5;0.00;100.00
29739;2685;42.0;47;12.55;9580.0;0.00;0.00;12.55;100.1;77.0;0.00;100.00
29749;2690;43.0;47;13.33;9580.0;0.00;0.00;13.33;100.2;76.0;0.00;100.00
29758;2696;45.0;47;13.73;9580.0;0.00;0.00;13.73;100.3;74.5;0.00;100.00
29769;2701;46.0;47;13.73;9580.0;0.00;0.00;14.12;100.4;73.5;0.00;100.00
29779;2707;47.0;47;13.33;9480.0;0.00;0.00;14.51;100.5;72.0;0.00;100.00
29788;2712;49.0;47;13.33;9380.0;0.00;0.00;14.90;100.6;71.0;0.00;100.00
29798;2718;50.0;47;12.94;9290.0;0.00;0.00;15.29;100.7;69.5;0.00;100.00
29810;2723;52.0;47;12.94;9190.0;0.00;0.00;16.08;100.8;68.5;0.00;100.00
29817;2729;53.0;47;12.55;9090.0;0.00;0.00;16.86;100.8;67.0;0.00;100.00
29827;2735;54.0;47;12.55;8990.0;0.00;0.00;17.25;100.8;66.5;0.00;100.00
29846;2740;56.0;47;12.16;8890.0;0.00;0.00;18.04;100.8;65.5;0.00;100.00
29860;2735;57.0;47;12.16;8790.0;0.00;0.00;18.82;100.8;65.0;0.00;100.00
29872;2729;57.0;47;11.76;8700.0;0.00;0.00;19.61;100.8;64.0;0.00;100.00
29888;2723;57.0;47;11.76;8600.0;0.00;0.00;20.39;100.8;63.5;0.00;100.00
29898;2718;57.0;47;11.76;8500.0;0.00;0.00;21.18;100.7;62.5;0.00;100.00
29910;2712;57.0;47;11.37;8400.0;0.00;0.00;21.57;100.7;62.0;0.00;100.00
29918;2707;57.0;47;11.37;8310.0;0.00;0.00;22.35;100.7;61.0;0.00;100.00
29930;2701;57.0;47;10.98;8210.0;0.00;0.00;23.14;100.7;60.5;0.00;100.00
29937;2695;57.0;47;10.98;8110.0;0.00;0.00;22.75;100.7;59.5;0.00;100.00
29948;2690;57.0;47;10.59;8010.0;0.00;0.00;21.96;100.6;59.0;0.00;100.00
29960;2684;57.0;47;10.59;7920.0;0.00;0.00;21.57;100.6;58.5;63.14;36.86
29974;2679;57.0;47;10.20;7820.0;0.00;0.00;20.78;100.5;58.0;63.14;36.86
29989;2666;57.0;47;10.20;7720.0;0.00;0.00;20.39;100.5;57.5;63.14;36.86
30000;2654;57.0;47;9.80;7620.0;0.00;0.00;19.61;100.4;57.0;63.14;36.86
30009;2642;56.0;47;9.80;7530.0;0.00;0.00;19.22;100.4;56.5;63.14;36.86
30018;2630;56.0;47;9.80;7430.0;0.00;0.00;18.43;100.3;55.5;63.14;36.86
30030;2617;56.0;47;9.80;7370.0;0.00;0.00;18.04;100.3;55.0;63.14;36.86
30037;2605;56.0;47;10.20;7320.0;0.00;0.00;17.25;100.2;54.5;63.14;36.86
30049;2593;55.0;47;10.20;7260.0;0.00;0.00;16.86;100.1;54.0;63.14;36.86
30058;2581;55.0;47;10.20;7200.0;0.00;0.00;16.86;100.1;53.5;63.14;36.86
30072;2568;55.0;47;10.20;7140.0;0.00;0.00;16.86;100.1;53.0;63.14;36.86
30087;2556;55.0;47;10.20;7090.0;0.00;0.00;16.86;100.1;52.5;65.88;34.12
30104;2544;54.0;47;10.20;7030.0;0.00;0.00;16.86;100.1;52.0;65.88;34.12
30121;2548;54.0;47;10.59;6970.0;0.00;0.00;16.86;100.1;51.5;65.88;34.12
30130;2551;54.0;47;10.59;6910.0;0.00;0.00;17.25;100.1;51.0;65.88;34.12
30140;2555;54.0;47;10.59;6860.0;0.00;0.00;17.25;100.1;50.5;65.88;34.12
30148;2559;54.0;47;10.59;6800.0;0.00;0.00;17.25;100.1;50.0;65.88;34.12
30158;2563;54.0;47;10.59;6800.0;0.00;0.00;17.25;100.1;49.5;65.88;34.12
30170;2567;54.0;47;10.59;6790.0;0.00;0.00;17.25;100.1;49.0;65.88;34.12
30180;2570;55.0;47;10.59;6790.0;0.00;0.00;17.25;100.1;48.5;65.88;34.12
30189;2574;55.0;47;10.59;6790.0;0.00;0.00;17.25;100.1;48.0;65.88;34.12
30198;2578;55.0;47;10.20;6790.0;0.00;0.00;17.25;100.0;47.5;65.88;34.12
30209;2582;55.0;47;10.20;6780.0;0.00;0.00;17.65;100.0;47.5;65.10;34.90
30227;2585;55.0;47;10.20;6780.0;-0.78;0.00;17.65;99.9;47.0;65.10;34.90
30239;2584;55.0;47;10.20;6780.0;-0.78;-0.78;17.65;99.9;47.0;65.10;34.90
30249;2582;54.0;47;10.20;6780.0;-0.78;-0.78;17.65;99.8;47.0;65.10;34.90
30259;2580;53.0;47;10.20;6770.0;-0.78;-0.78;17.65;99.8;47.0;65.10;34.90
30271;2579;53.0;47;9.80;6770.0;-0.78;-0.78;17.65;99.7;46.5;65.10;34.90
30280;2577;52.0;47;9.80;6730.0;-0.78;-0.78;18.04;99.7;46.5;65.10;34.90
30289;2575;51.0;47;9.41;6700.0;-0.78;-0.78;18.04;99.6;46.5;65.10;34.90
30299;2574;50.0;47;9.02;6660.0;-0.78;-0.78;18.04;99.6;46.5;65.10;34.90
30310;2572;49.0;47;8.63;6630.0;-0.78;-0.78;18.04;99.5;46.0;65.10;34.90
30319;2570;48.0;47;8.63;6590.0;-0.78;-1.56;17.65;99.5;46.0;65.10;34.90
30330;2569;48.0;47;8.24;6560.0;-0.78;-1.56;17.65;99.4;47.0;65.10;34.90
30348;2567;47.0;47;7.84;6520.0;-1.56;-1.56;17.65;99.4;48.0;65.10;34.90
30363;2562;46.0;47;7.45;6490.0;-1.56;-1.56;17.65;99.3;49.0;65.10;34.90
30379;2557;45.0;47;7.45;6450.0;-1.56;-1.56;17.25;99.3;50.0;65.10;34.90
30390;2551;45.0;47;7.06;6420.0;-1.56;-1.56;17.25;99.2;51.0;65.10;34.90
30399;2546;44.0;47;7.06;6380.0;-1.56;-2.34;17.25;99.2;52.5;65.10;34.90
30408;2541;44.0;47;7.06;6380.0;-1.56;-2.34;17.25;99.1;53.5;65.10;34.90
30420;2536;43.0;47;7.06;6390.0;-1.56;-2.34;16.86;99.1;54.5;65.10;34.90
30430;2531;43.0;47;7.06;6390.0;-1.56;-2.34;16.86;99.0;55.5;65.10;34.90
30438;2526;42.0;47;7.06;6390.0;-1.56;-1.56;16.47;99.0;56.5;65.10;34.90
30448;2520;42.0;47;7.45;6400.0;-1.56;-1.56;16.47;99.0;57.5;65.10;34.90
30460;2515;41.0;47;7.45;6400.0;-1.56;-1.56;16.08;99.1;58.0;0.00;100.00
30476;2510;41.0;47;7.45;6410.0;-2.34;-1.56;15.69;99.1;58.5;0.00;100.00
30490;2477;40.0;47;7.45;6410.0;-2.34;-0.78;15.29;99.1;59.0;0.00;100.00
30498;2443;41.0;47;7.45;6410.0;-2.34;-0.78;15.29;99.2;59.5;0.00;100.00
30508;2410;42.0;47;7.45;6420.0;-2.34;-0.78;14.90;99.2;60.0;0.00;100.00
30520;2376;43.0;47;7.84;6420.0;-2.34;-0.78;14.51;99.3;60.5;0.00;100.00
30529;2343;44.0;47;8.63;6420.0;-2.34;0.00;14.12;99.3;61.0;0.00;100.00
30538;2309;45.0;47;9.02;6420.0;-2.34;0.00;14.12;99.4;61.5;0.00;100.00
30550;2276;46.0;47;9.41;6420.0;-1.56;0.00;13.73;99.4;62.0;0.00;100.00
30560;2242;47.0;47;9.80;6420.0;-1.56;0.00;14.90;99.5;62.5;0.00;100.00
30569;2209;48.0;47;10.59;6420.0;-1.56;0.00;16.08;99.5;63.0;0.00;100.00
30578;2175;49.0;47;10.98;6420.0;-1.56;0.00;17.25;99.6;62.0;0.00;100.00
30596;2142;50.0;47;11.37;6420.0;-0.78;0.00;18.43;99.7;61.5;0.00;100.00
30609;2151;51.0;47;11.76;6420.0;-0.78;0.00;19.61;99.8;60.5;0.00;100.00
30619;2160;52.0;47;12.55;6420.0;-0.78;0.00;20.39;99.9;60.0;0.00;100.00
30630;2169;53.0;47;12.94;6420.0;-0.78;0.00;21.57;100.0;59.0;0.00;100.00
30639;2178;55.0;47;12.94;6420.0;0.00;0.00;22.75;100.1;58.5;0.00;100.00
30648;2188;56.0;47;12.55;6430.0;0.00;0.00;23.92;100.1;57.5;0.00;100.00
30658;2197;57.0;47;12.55;6430.0;0.00;0.00;25.10;100.2;57.0;0.00;100.00
30670;2206;58.0;47;12.55;6440.0;0.00;0.00;26.27;100.3;56.0;0.00;100.00
30679;2215;59.0;47;12.16;6450.0;0.00;0.00;26.27;100.4;55.5;0.00;100.00
30690;2224;60.0;47;12.16;6450.0;0.00;0.00;26.27;100.3;54.5;0.00;100.00
30699;2233;62.0;47;11.76;6460.0;0.00;0.00;26.67;100.2;54.0;38.82;61.18
30714;2243;63.0;47;11.76;6460.0;0.00;0.00;26.67;100.1;53.5;38.82;61.18
30729;2239;64.0;47;11.76;6470.0;0.00;0.00;26.67;100.0;53.0;38.82;61.18
30741;2236;63.0;47;11.37;6480.0;0.00;0.00;26.67;99.9;52.5;38.82;61.18
30759;2232;62.0;47;11.37;6480.0;0.00;0.00;26.67;99.8;52.0;38.82;61.18
30769;2229;61.0;47;10.98;6490.0;0.00;0.00;26.67;99.7;52.0;38.82;61.18
30779;2225;60.0;47;10.59;6440.0;0.00;0.00;27.06;99.6;51.5;38.82;61.18
30788;2222;59.0;47;10.20;6400.0;0.00;0.00;27.06;99.5;51.0;38.82;61.18
30800;2218;59.0;47;9.80;6350.0;0.00;0.00;27.06;99.4;50.5;38.82;61.18
30809;2215;58.0;47;9.41;6300.0;0.00;0.00;26.67;99.4;50.0;38.82;61.18
30818;2212;57.0;47;8.63;6250.0;0.00;0.00;26.27;99.3;49.5;38.82;61.18
30830;2208;56.0;47;8.24;6210.0;0.00;0.00;25.88;99.3;49.5;47.84;52.16
30846;2205;55.0;47;7.84;6160.0;0.00;0.00;25.49;99.3;50.0;47.84;52.16
30858;2201;54.0;47;7.45;6110.0;0.00;0.00;25.10;99.2;50.0;47.84;52.16
30869;2198;54.0;47;7.06;6060.0;0.00;0.00;24.31;99.2;50.5;47.84;52.16
30878;2194;53.0;47;6.67;6020.0;0.00;0.00;23.92;99.2;50.5;47.84;52.16
30891;2191;53.0;47;6.67;5970.0;0.00;0.00;23.53;99.1;51.0;47.84;52.16
30898;2187;52.0;47;7.06;5960.0;0.00;0.00;23.14;99.1;51.0;47.84;52.16
30910;2184;52.0;47;7.06;5940.0;0.00;0.00;22.75;99.1;51.5;47.84;52.16
30918;2180;51.0;47;7.06;5930.0;-0.78;0.00;22.35;99.0;51.5;47.84;52.16
30930;2177;51.0;47;7.06;5920.0;-0.78;-0.78;21.96;99.0;52.0;47.84;52.16
30939;2174;50.0;47;7.45;5910.0;-1.56;-0.78;21.57;99.0;52.0;47.84;52.16
30950;2170;50.0;47;7.45;5890.0;-1.56;-1.56;21.18;99.0;52.0;23.92;76.08
30968;2167;49.0;47;7.45;5880.0;-2.34;-1.56;20.78;99.0;52.5;23.92;76.08
30980;2170;49.0;47;7.45;5870.0;-2.34;-2.34;20.39;99.0;52.5;23.92;76.08
30989;2173;49.0;47;7.84;5860.0;-3.13;-2.34;20.39;99.0;53.0;23.92;76.08
30999;2176;49.0;47;7.84;5840.0;-3.13;-3.13;20.00;99.0;53.0;23.92;76.08
31010;2179;48.0;47;7.45;5830.0;-3.91;-3.13;19.61;99.0;53.5;23.92;76.08
31018;2182;48.0;47;7.45;5830.0;-3.91;-3.91;19.22;99.0;53.5;23.92;76.08
31029;2185;48.0;47;7.06;5840.0;-3.91;-3.91;18.82;99.0;54.0;23.92;76.08
31039;2189;48.0;47;7.06;5840.0;-3.13;-3.91;18.43;99.0;54.0;23.92;76.08
31050;2192;48.0;47;6.67;5840.0;-3.13;-3.13;18.43;99.0;54.5;23.92;76.08
31069;2195;48.0;47;6.67;5840.0;-2.34;-3.13;18.04;99.0;54.5;23.92;76.08
31078;2198;47.0;47;6.27;5850.0;-2.34;-2.34;18.04;99.0;55.5;0.00;100.00
31096;2201;47.0;47;6.27;5850.0;-1.56;-2.34;18.04;98.9;56.0;0.00;100.00
31109;2197;47.0;47;5.88;5850.0;-1.56;-1.56;17.65;98.9;57.0;0.00;100.00
31129;2193;47.0;47;5.88;5850.0;-0.78;-1.56;17.65;98.9;57.5;0.00;100.00
31139;2189;46.0;47;5.49;5860.0;-0.78;-0.78;17.25;98.9;58.5;0.00;100.00
31151;2185;46.0;47;5.49;5860.0;0.00;-0.78;17.25;98.9;59.0;0.00;100.00
31161;2181;45.0;47;5.88;5860.0;0.00;0.00;17.25;98.9;60.0;0.00;100.00
31178;2177;45.0;47;5.88;5860.0;0.00;0.00;16.86;98.9;60.5;0.00;100.00
31190;2173;44.0;47;5.88;5860.0;0.00;0.00;16.86;98.9;61.5;0.00;100.00
31200;2169;44.0;47;6.27;5860.0;0.00;0.00;16.86;98.9;62.0;0.00;100.00
31209;2165;43.0;47;6.27;5860.0;0.00;0.00;16.86;98.9;63.0;0.00;100.00
31229;2161;43.0;47;6.67;5860.0;0.00;0.00;16.47;98.9;63.0;0.00;100.00
31246;2157;42.0;47;6.67;5860.0;0.00;0.00;16.47;98.9;63.5;0.00;100.00
31260;2157;42.0;47;6.67;5860.0;0.00;0.00;16.47;98.9;63.5;0.00;100.00
31272;2157;42.0;47;7.06;5860.0;0.00;0.00;16.47;98.9;63.5;0.00;100.00
31290;2157;42.0;47;7.06;5860.0;0.00;0.00;16.47;98.9;63.5;0.00;100.00
31300;2157;42.0;47;7.06;5860.0;0.00;0.00;16.47;98.9;64.0;0.00;100.00
31310;2157;42.0;47;7.06;5860.0;0.00;0.00;16.08;98.9;64.0;0.00;100.00
31329;2157;42.0;47;7.06;5870.0;0.00;0.00;16.08;98.9;64.0;0.00;100.00
31339;2157;43.0;47;7.06;5870.0;0.00;0.00;16.08;98.9;64.0;0.00;100.00
31349;2157;43.0;47;7.06;5870.0;0.00;0.00;16.08;98.9;64.5;0.00;100.00
31361;2158;43.0;47;7.45;5880.0;0.00;0.00;16.08;98.9;64.5;0.00;100.00
31380;2158;43.0;47;7.45;5880.0;0.00;0.00;16.08;98.9;64.5;0.00;100.00
31395;2158;43.0;47;7.45;5890.0;0.00;0.00;16.08;98.9;64.5;0.00;100.00
31409;2153;43.0;47;7.45;5890.0;0.00;0.00;16.08;98.9;64.5;0.00;100.00
31429;2149;43.0;47;7.45;5890.0;0.00;0.00;16.08;98.9;64.5;0.00;100.00
31439;2145;44.0;47;7.45;5900.0;0.00;0.00;16.08;98.9;64.5;0.00;100.00
31448;2141;44.0;47;7.84;5900.0;0.00;0.00;16.08;98.9;64.5;0.00;100.00
31460;2137;44.0;47;7.84;5900.0;0.00;0.00;16.08;98.9;64.5;0.00;100.00
31471;2133;44.0;47;8.24;5900.0;0.00;0.00;16.08;98.9;64.5;0.00;100.00
31488;2128;45.0;47;8.63;5900.0;0.00;0.00;16.08;98.9;64.5;0.00;100.00
31499;2124;45.0;47;9.02;5900.0;0.00;0.00;16.08;98.9;64.5;0.00;100.00
31510;2120;45.0;47;9.02;5900.0;0.00;0.00;16.08;99.1;64.5;0.00;100.00
31528;2116;45.0;47;9.41;5900.0;0.00;0.00;16.47;99.2;64.0;0.00;100.00
31547;2112;46.0;47;9.80;5900.0;0.00;0.00;16.47;99.4;63.5;0.00;100.00
31559;2106;46.0;47;10.20;5900.0;0.00;0.00;16.47;99.5;62.5;0.00;100.00
31570;2100;48.0;47;10.20;5900.0;0.00;0.00;16.47;99.7;62.0;0.00;100.00
31581;2094;51.0;47;10.59;5900.0;0.00;0.00;16.47;99.8;61.5;0.00;100.00
31600;2088;53.0;47;10.98;5900.0;0.00;0.00;16.47;100.0;61.0;0.00;100.00
31610;2082;56.0;47;10.98;5950.0;0.00;0.00;16.86;100.2;60.5;0.00;100.00
31621;2076;58.0;47;11.37;6010.0;0.00;0.00;16.86;100.3;60.0;0.00;100.00
31628;2070;61.0;47;11.37;6060.0;0.00;0.00;16.86;100.5;59.0;0.00;100.00
31641;2064;63.0;47;11.76;6110.0;0.00;0.00;19.22;100.6;58.5;0.00;100.00
31650;2058;66.0;47;11.76;6170.0;0.00;0.00;21.57;100.6;58.0;0.00;100.00
31659;2053;68.0;47;12.16;6220.0;0.00;0.00;24.31;100.6;57.5;41.18;58.82
31674;2047;71.0;47;12.16;6280.0;0.00;0.00;26.67;100.6;57.0;41.18;58.82
31690;2040;73.0;47;12.55;6330.0;0.00;0.00;29.02;100.6;56.0;41.18;58.82
31700;2033;73.0;47;12.55;6380.0;0.00;0.00;31.37;100.6;55.5;41.18;58.82
31709;2026;74.0;47;12.94;6440.0;0.00;0.00;33.73;100.6;55.0;41.18;58.82
31720;2019;74.0;47;12.94;6490.0;0.00;0.00;36.08;100.5;54.5;41.18;58.82
31730;2012;74.0;47;12.55;6500.0;0.00;0.00;38.82;100.5;54.0;41.18;58.82
31738;2006;74.0;47;12.55;6510.0;0.00;0.00;41.18;100.5;53.5;41.18;58.82
31748;1999;75.0;47;12.55;6520.0;0.00;0.00;43.53;100.5;52.5;41.18;58.82
31760;1992;75.0;47;12.55;6530.0;0.00;0.00;43.53;100.5;52.0;41.18;58.82
31769;1985;75.0;47;12.16;6540.0;0.00;0.00;43.14;100.5;51.5;41.18;58.82
31781;1978;75.0;47;12.16;6540.0;0.00;0.00;43.14;100.4;51.0;23.92;76.08
31806;1971;76.0;47;12.16;6550.0;0.00;0.00;43.14;100.4;50.5;23.92;76.08
31820;1964;76.0;47;12.16;6560.0;0.00;0.00;43.14;100.4;50.0;23.92;76.08
31829;1957;76.0;47;11.76;6570.0;0.00;0.00;42.75;100.3;49.5;23.92;76.08
31841;1949;76.0;47;11.76;6580.0;0.00;0.00;42.75;100.3;49.0;23.92;76.08
31850;1942;75.0;47;11.76;6590.0;0.00;0.00;42.75;100.2;49.0;23.92;76.08
31860;1934;75.0;47;11.37;6590.0;0.00;0.00;42.75;100.2;48.5;23.92;76.08
31870;1927;75.0;47;11.37;6590.0;0.00;0.00;42.35;100.1;48.0;23.92;76.08
31880;1919;75.0;47;11.37;6590.0;0.00;0.00;42.35;100.1;47.5;23.92;76.08
31890;1912;75.0;48;11.37;6590.0;0.00;0.00;42.35;100.1;47.0;23.92;76.08
31901;1904;75.0;48;10.98;6590.0;0.00;0.00;41.96;100.1;46.5;23.92;76.08
31910;1897;74.0;48;10.98;6590.0;0.00;0.00;41.96;100.1;46.0;0.00;100.00
31925;1890;74.0;48;10.98;6590.0;0.00;0.00;41.96;100.1;46.0;0.00;100.00
31940;1891;74.0;48;10.98;6590.0;0.00;0.00;41.57;100.1;45.5;0.00;100.00
31948;1892;74.0;48;10.59;6590.0;0.00;0.00;41.57;100.1;45.5;0.00;100.00
31959;1892;74.0;48;10.59;6590.0;0.00;0.00;41.18;100.1;45.0;0.00;100.00
31972;1893;73.0;48;10.59;6590.0;0.00;0.00;41.18;100.1;45.0;0.00;100.00
31990;1894;73.0;48;10.59;6590.0;0.00;0.00;41.18;100.1;44.5;0.00;100.00
31999;1895;73.0;48;10.59;6600.0;0.00;0.00;40.78;100.1;44.5;0.00;100.00
32011;1896;73.0;48;10.59;6600.0;0.00;0.00;40.78;100.1;44.0;0.00;100.00
32020;1897;73.0;48;10.59;6600.0;0.00;0.00;40.78;100.1;44.0;0.00;100.00
32031;1898;73.0;48;10.59;6610.0;0.00;0.00;40.39;100.1;43.5;0.00;100.00
32040;1899;72.0;48;10.59;6610.0;0.00;0.00;40.39;100.1;43.5;0.00;100.00
32054;1900;72.0;48;10.59;6620.0;0.00;0.00;40.00;100.1;43.5;0.00;100.00
32070;1901;72.0;48;10.59;6620.0;0.00;0.00;40.00;100.1;43.0;0.00;100.00
32081;1901;72.0;48;10.59;6620.0;0.00;0.00;39.61;100.1;43.0;0.00;100.00
32100;1902;72.0;48;10.59;6630.0;0.00;0.00;39.61;100.1;43.0;0.00;100.00
32109;1902;72.0;48;10.59;6630.0;0.00;0.00;39.22;100.1;43.0;0.00;100.00
32119;1903;72.0;48;10.59;6630.0;0.00;0.00;39.22;100.1;43.0;0.00;100.00
32130;1903;72.0;48;10.98;6630.0;0.00;0.00;38.82;100.1;43.0;0.00;100.00
32138;1904;71.0;48;10.98;6630.0;0.00;0.00;38.82;100.1;42.5;0.00;100.00
32151;1904;71.0;48;10.98;6630.0;0.00;0.00;38.82;100.1;42.5;0.00;100.00
32160;1905;71.0;48;10.98;6630.0;0.00;0.00;38.82;100.1;42.5;0.00;100.00
32172;1905;71.0;48;10.98;6630.0;0.00;0.00;39.22;100.1;42.5;0.00;100.00
32195;1906;71.0;48;10.98;6630.0;-0.78;0.00;39.22;100.1;42.5;0.00;100.00
32211;1906;71.0;48;11.37;6630.0;-0.78;0.00;39.22;100.1;42.5;0.00;100.00
32229;1906;71.0;48;11.37;6630.0;-0.78;0.00;39.22;100.1;42.5;0.00;100.00
32240;1905;72.0;48;11.37;6630.0;-0.78;0.00;39.22;100.2;42.5;0.00;100.00
32251;1905;72.0;48;11.37;6630.0;-0.78;0.00;39.22;100.2;42.0;0.00;100.00
32259;1905;72.0;48;11.37;6630.0;-0.78;0.00;39.61;100.2;42.0;0.00;100.00
32272;1905;73.0;48;11.37;6630.0;-0.78;0.00;39.61;100.2;42.0;0.00;100.00
32290;1905;73.0;48;11.37;6630.0;-0.78;0.00;39.61;100.2;42.0;0.00;100.00
32301;1905;74.0;48;11.37;6630.0;-0.78;0.00;40.00;100.2;42.0;0.00;100.00
32310;1905;74.0;48;11.37;6630.0;-0.78;0.00;40.00;100.2;42.0;0.00;100.00
32329;1905;74.0;48;11.37;6630.0;-0.78;0.00;40.39;100.2;42.0;0.00;100.00
32346;1905;75.0;48;11.37;6630.0;0.00;0.00;40.39;100.3;42.0;0.00;100.00
32363;1906;75.0;48;11.37;6630.0;0.00;0.78;40.78;100.3;42.0;0.00;100.00
32379;1907;75.0;48;11.37;6630.0;0.00;0.78;40.78;100.3;42.0;0.00;100.00
32391;1908;75.0;48;11.37;6630.0;0.00;0.78;41.18;100.3;42.0;0.00;100.00
32409;1909;75.0;48;11.37;6630.0;0.00;0.78;41.18;100.3;41.5;0.00;100.00
32421;1910;75.0;48;11.37;6630.0;0.00;0.78;41.57;100.3;41.5;0.00;100.00
32439;1911;75.0;48;11.37;6630.0;0.00;0.78;41.57;100.3;41.5;0.00;100.00
32451;1911;76.0;48;11.37;6630.0;0.00;0.78;41.96;100.3;41.5;0.00;100.00
32469;1912;76.0;48;11.37;6630.0;0.00;0.78;41.96;100.3;41.5;0.00;100.00
32481;1913;76.0;48;11.76;6630.0;0.00;0.78;41.96;100.3;41.5;0.00;100.00
32490;1914;76.0;48;11.76;6630.0;0.00;0.78;41.96;100.3;41.5;0.00;100.00
32503;1915;76.0;48;11.76;6630.0;0.78;0.78;41.96;100.3;41.5;0.00;100.00
32521;1915;76.0;48;11.76;6630.0;0.78;0.78;41.96;100.3;41.5;0.00;100.00
32530;1915;76.0;48;11.76;6630.0;0.78;0.78;42.35;100.3;41.5;0.00;100.00
32539;1915;76.0;48;11.76;6630.0;0.78;0.78;42.35;100.3;41.5;0.00;100.00
32548;1915;76.0;48;11.76;6630.0;0.78;0.78;42.35;100.3;42.0;0.00;100.00
32560;1915;76.0;48;11.76;6630.0;0.78;0.78;42.35;100.3;42.0;0.00;100.00
32571;1914;76.0;48;11.76;6640.0;0.78;0.78;42.35;100.3;42.0;0.00;100.00
32588;1914;75.0;48;11.76;6640.0;0.78;0.78;42.35;100.3;42.0;0.00;100.00
32599;1914;75.0;48;11.76;6640.0;0.78;0.78;42.35;100.3;42.0;0.00;100.00
32608;1914;75.0;48;11.76;6640.0;0.78;0.78;42.35;100.3;42.0;0.00;100.00
32619;1914;75.0;48;11.76;6650.0;0.78;0.78;42.35;100.3;42.0;0.00;100.00
32634;1914;75.0;48;11.76;6650.0;0.00;0.78;42.35;100.3;42.0;0.00;100.00
32648;1913;75.0;48;11.76;6650.0;0.00;0.78;42.35;100.3;42.0;0.00;100.00
32660;1913;75.0;48;11.76;6650.0;0.00;0.78;42.75;100.3;42.0;0.00;100.00
32670;1912;75.0;48;11.76;6660.0;0.00;0.78;42.75;100.3;42.0;0.00;100.00
32678;1911;76.0;48;11.76;6660.0;0.00;0.78;42.75;100.3;41.5;0.00;100.00
32687;1911;76.0;48;11.76;6660.0;0.00;0.78;42.75;100.3;41.5;0.00;100.00
32698;1910;76.0;48;11.76;6660.0;0.00;0.78;42.75;100.3;41.5;0.00;100.00
32707;1909;76.0;48;11.76;6660.0;0.00;0.78;42.75;100.3;41.5;0.00;100.00
32719;1909;76.0;48;11.76;6660.0;0.00;0.78;42.75;100.3;41.5;0.00;100.00
32730;1908;76.0;48;11.76;6660.0;0.00;0.78;42.75;100.3;41.5;0.00;100.00
32739;1907;77.0;48;11.76;6660.0;0.00;0.78;42.75;100.3;41.5;0.00;100.00
32754;1907;77.0;48;11.76;6660.0;-0.78;0.78;42.75;100.3;41.5;0.00;100.00
32770;1904;77.0;48;11.76;6660.0;-0.78;0.78;42.75;100.3;41.5;0.00;100.00
32780;1901;77.0;48;11.76;6660.0;-0.78;0.78;42.75;100.3;41.5;0.00;100.00
32787;1899;77.0;48;11.76;6660.0;-0.78;0.78;42.75;100.3;41.5;0.00;100.00
32798;1896;77.0;48;11.76;6660.0;-0.78;0.78;42.75;100.3;41.5;0.00;100.00
32810;1894;77.0;48;11.76;6660.0;-0.78;0.78;42.75;100.3;41.5;0.00;100.00
32821;1891;77.0;48;11.76;6660.0;-0.78;0.78;42.75;100.3;41.5;0.00;100.00
32838;1888;76.0;48;11.76;6660.0;-0.78;0.78;42.75;100.3;41.5;0.00;100.00
32850;1886;76.0;48;11.76;6660.0;-0.78;0.78;42.75;100.3;41.5;0.00;100.00
32861;1883;76.0;48;11.76;6660.0;-0.78;0.78;43.14;100.3;41.5;0.00;100.00
32881;1880;76.0;48;11.76;6660.0;-0.78;0.78;43.14;100.3;41.5;0.00;100.00
32905;1878;76.0;48;11.76;6660.0;-0.78;0.78;43.14;100.3;41.5;0.00;100.00
32920;1868;76.0;48;11.76;6660.0;-0.78;0.00;43.53;100.3;41.5;0.00;100.00
32929;1859;76.0;48;11.76;6660.0;-0.78;0.00;43.53;100.3;41.5;0.00;100.00
32941;1850;77.0;48;11.76;6660.0;-0.78;0.00;43.92;100.3;41.5;0.00;100.00
32960;1840;77.0;48;11.76;6660.0;-0.78;0.00;43.92;100.3;41.0;0.00;100.00
32972;1831;77.0;48;11.76;6660.0;-0.78;0.00;43.92;100.2;41.0;0.00;100.00
32991;1821;77.0;48;11.76;6660.0;-0.78;0.00;44.31;100.2;41.0;0.00;100.00
33010;1812;78.0;48;11.76;6660.0;-0.78;0.00;44.31;100.2;41.0;0.00;100.00
33027;1803;78.0;48;11.76;6660.0;-0.78;0.00;44.71;100.2;41.0;0.00;100.00
33039;1793;78.0;48;11.76;6660.0;-0.78;0.00;45.10;100.2;41.0;0.00;100.00
33050;1784;78.0;48;11.76;6660.0;-0.78;0.00;45.88;100.2;41.0;0.00;100.00
33071;1774;79.0;48;11.76;6660.0;-1.56;0.00;46.27;100.2;41.0;0.00;100.00
33089;1767;79.0;48;11.76;6660.0;-1.56;-0.78;46.67;100.2;41.0;0.00;100.00
33097;1760;79.0;48;11.76;6660.0;-1.56;-0.78;47.06;100.2;41.0;0.00;100.00
33109;1752;80.0;48;11.76;6660.0;-1.56;-0.78;47.45;100.2;41.0;0.00;100.00
33119;1745;80.0;48;11.76;6660.0;-1.56;-0.78;47.84;100.2;41.0;0.00;100.00
33129;1737;80.0;48;11.76;6660.0;-1.56;-0.78;48.63;100.2;41.0;0.00;100.00
33139;1730;80.0;48;11.76;6660.0;-1.56;-0.78;49.02;100.1;41.0;0.00;100.00
33148;1723;81.0;48;11.76;6660.0;-1.56;-0.78;49.41;100.1;41.0;0.00;100.00
33172;1715;81.0;48;11.76;6660.0;-1.56;-0.78;49.80;100.1;41.0;0.00;100.00
33189;1708;81.0;48;12.16;6660.0;-1.56;-0.78;49.80;100.1;41.0;0.00;100.00
33199;1700;81.0;48;12.16;6660.0;-1.56;-0.78;50.20;100.1;41.0;0.00;100.00
33214;1693;82.0;48;12.16;6660.0;-1.56;-0.78;50.20;100.1;41.0;0.00;100.00
33229;1688;82.0;48;12.16;6660.0;-1.56;-1.56;50.59;100.1;41.0;0.00;100.00
33240;1683;82.0;48;12.16;6660.0;-1.56;-1.56;50.59;100.0;41.0;0.00;100.00
33249;1678;82.0;48;12.16;6660.0;-1.56;-1.56;50.98;100.0;41.0;0.00;100.00
33257;1673;82.0;48;12.16;6660.0;-1.56;-1.56;50.98;100.0;41.0;0.00;100.00
33270;1668;82.0;48;11.76;6660.0;-1.56;-1.56;51.37;100.0;41.0;0.00;100.00
33277;1663;82.0;48;11.76;6670.0;-1.56;-1.56;51.37;100.0;41.0;0.00;100.00
33288;1658;82.0;48;11.76;6670.0;-2.34;-1.56;51.76;100.0;41.0;0.00;100.00
33299;1653;82.0;48;11.76;6670.0;-2.34;-1.56;51.76;99.9;41.0;0.00;100.00
33308;1647;82.0;48;11.37;6680.0;-2.34;-1.56;52.16;99.9;41.0;0.00;100.00
33319;1642;82.0;48;11.37;6680.0;-2.34;-1.56;52.16;99.9;41.0;0.00;100.00
33336;1637;82.0;48;11.37;6690.0;-3.13;-1.56;52.16;99.8;41.0;0.00;100.00
33348;1631;82.0;48;11.37;6690.0;-3.13;-2.34;52.55;99.8;41.0;0.00;100.00
33359;1625;81.0;48;10.98;6690.0;-3.13;-2.34;52.55;99.7;41.0;0.00;100.00
33369;1619;81.0;48;10.98;6700.0;-3.13;-2.34;52.94;99.7;41.0;0.00;100.00
33379;1613;80.0;48;10.59;6700.0;-3.91;-2.34;52.94;99.6;41.0;0.00;100.00
33390;1607;79.0;48;10.20;6700.0;-3.91;-2.34;52.94;99.6;41.0;0.00;100.00
33399;1601;78.0;48;9.80;6700.0;-3.91;-2.34;53.33;99.6;41.0;0.00;100.00
33408;1595;78.0;48;9.41;6700.0;-3.91;-2.34;53.33;99.5;41.0;0.00;100.00
33420;1589;77.0;48;9.02;6700.0;-3.91;-2.34;52.94;99.5;41.0;0.00;100.00
33430;1583;76.0;48;8.63;6700.0;-3.91;-2.34;52.94;99.4;41.0;0.00;100.00
33439;1577;75.0;48;8.24;6700.0;-3.91;-2.34;52.55;99.4;41.0;0.00;100.00
33455;1571;75.0;48;7.84;6700.0;-4.69;-2.34;52.16;99.3;41.0;0.00;100.00
33471;1564;74.0;48;7.45;6700.0;-4.69;-3.13;52.16;99.3;41.0;0.00;100.00
33488;1556;73.0;48;7.06;6700.0;-4.69;-3.13;51.76;99.2;41.0;0.00;100.00
33498;1548;73.0;48;6.67;6700.0;-4.69;-3.13;51.76;99.2;41.0;0.00;100.00
33510;1540;72.0;48;6.67;6700.0;-4.69;-3.13;51.37;99.1;41.0;0.00;100.00
33518;1532;71.0;48;6.67;6700.0;-4.69;-3.13;50.98;99.1;41.0;0.00;100.00
33530;1524;70.0;48;7.06;6700.0;-4.69;-3.13;50.98;99.0;41.0;0.00;100.00
33540;1517;70.0;48;7.06;6700.0;-4.69;-3.13;50.59;99.0;41.0;0.00;100.00
33548;1509;69.0;48;7.06;6700.0;-4.69;-3.13;49.41;98.9;41.0;0.00;100.00
33559;1501;68.0;48;7.06;6700.0;-4.69;-3.13;48.63;98.9;41.0;0.00;100.00
33571;1493;67.0;48;7.06;6700.0;-4.69;-3.13;47.45;98.9;41.0;0.00;100.00
33594;1485;67.0;48;7.06;6700.0;-4.69;-3.13;46.67;98.9;41.0;0.00;100.00
33609;1486;66.0;48;7.45;6700.0;-4.69;-3.91;45.49;98.9;41.0;0.00;100.00
33619;1487;66.0;48;7.45;6700.0;-4.69;-3.91;44.71;98.9;41.0;0.00;100.00
33629;1488;66.0;48;7.45;6700.0;-4.69;-3.91;43.53;98.9;41.0;0.00;100.00
33640;1489;66.0;48;7.45;6700.0;-4.69;-3.91;42.75;98.9;40.5;0.00;100.00
33648;1490;66.0;48;7.45;6700.0;-4.69;-3.91;41.57;98.9;40.5;0.00;100.00
33659;1491;66.0;48;7.45;6700.0;-4.69;-3.91;40.78;98.9;40.5;0.00;100.00
33671;1492;65.0;48;7.45;6700.0;-5.47;-3.91;39.61;98.9;40.5;0.00;100.00
33687;1493;65.0;48;7.45;6700.0;-5.47;-4.69;39.61;98.9;40.5;0.00;100.00
33699;1494;65.0;48;7.45;6700.0;-5.47;-4.69;39.61;98.9;40.5;0.00;100.00
33710;1495;65.0;48;7.45;6700.0;-6.25;-4.69;39.22;98.9;40.5;0.00;100.00
33727;1496;65.0;48;7.45;6700.0;-6.25;-4.69;39.22;98.9;40.5;0.00;100.00
33739;1498;65.0;48;7.45;6700.0;-7.03;-5.47;39.22;98.9;40.5;0.00;100.00
33747;1500;65.0;48;7.45;6700.0;-7.03;-5.47;39.22;98.9;40.5;0.00;100.00
33759;1503;65.0;48;7.45;6700.0;-7.03;-5.47;39.22;98.9;40.5;0.00;100.00
33769;1505;65.0;48;7.45;6700.0;-7.81;-5.47;39.22;98.9;40.5;0.00;100.00
33778;1507;65.0;48;7.45;6700.0;-7.81;-6.25;38.82;98.9;40.5;0.00;100.00
33790;1510;65.0;48;7.45;6710.0;-7.81;-6.25;38.82;98.9;40.5;0.00;100.00
33799;1512;65.0;48;7.45;6710.0;-7.81;-6.25;38.82;98.9;40.5;0.00;100.00
33809;1514;65.0;48;7.45;6710.0;-8.59;-6.25;38.82;98.9;40.5;0.00;100.00
33819;1517;65.0;48;7.45;6710.0;-8.59;-6.25;38.82;98.9;40.5;0.00;100.00
33829;1519;65.0;48;7.45;6720.0;-8.59;-6.25;38.82;98.9;40.5;0.00;100.00
33845;1521;65.0;48;7.45;6720.0;-8.59;-6.25;38.82;98.9;40.5;0.00;100.00
33860;1521;65.0;48;7.45;6720.0;-8.59;-7.03;38.82;98.9;40.5;0.00;100.00
33871;1520;65.0;48;7.45;6720.0;-8.59;-7.03;38.43;98.9;40.5;0.00;100.00
33889;1520;65.0;48;7.45;6730.0;-9.38;-7.03;38.43;98.9;40.5;0.00;100.00
33898;1519;65.0;48;7.45;6730.0;-9.38;-7.03;38.43;98.9;40.5;0.00;100.00
33910;1519;65.0;48;7.45;6730.0;-9.38;-7.03;38.43;98.9;40.5;0.00;100.00
33918;1518;65.0;48;7.45;6730.0;-9.38;-7.03;38.43;98.9;40.5;0.00;100.00
33930;1518;65.0;48;7.45;6730.0;-9.38;-7.03;38.43;98.9;40.5;0.00;100.00
33939;1517;65.0;48;7.45;6730.0;-8.59;-7.03;38.43;98.9;40.5;0.00;100.00
33949;1517;65.0;48;7.45;6730.0;-8.59;-6.25;38.43;98.9;40.5;0.00;100.00
33958;1516;65.0;48;7.45;6730.0;-8.59;-6.25;38.43;98.9;40.5;0.00;100.00
33976;1516;65.0;48;7.45;6730.0;-8.59;-6.25;38.43;98.9;40.5;0.00;100.00
33989;1515;65.0;48;7.45;6730.0;-8.59;-6.25;38.43;98.9;40.5;0.00;100.00
33999;1514;65.0;48;7.45;6730.0;-8.59;-6.25;38.82;98.9;40.5;0.00;100.00
34007;1513;65.0;48;7.45;6730.0;-7.81;-6.25;38.82;98.9;40.5;0.00;100.00
34019;1513;65.0;48;7.45;6730.0;-7.81;-5.47;38.82;98.9;40.5;0.00;100.00
34029;1512;65.0;48;7.45;6730.0;-7.81;-5.47;38.82;98.9;40.5;0.00;100.00
34039;1511;65.0;48;7.45;6730.0;-7.81;-5.47;38.82;98.9;40.5;0.00;100.00
34049;1510;64.0;48;7.45;6730.0;-7.03;-5.47;38.82;98.9;40.5;0.00;100.00
34060;1510;64.0;48;7.45;6730.0;-7.03;-4.69;38.82;98.9;40.5;0.00;100.00
34071;1509;64.0;48;7.45;6730.0;-7.03;-4.69;38.82;98.9;40.5;0.00;100.00
34090;1508;64.0;48;7.45;6730.0;-7.03;-4.69;38.82;98.9;40.5;0.00;100.00
34105;1507;64.0;48;7.45;6730.0;-6.25;-4.69;38.82;98.9;40.5;0.00;100.00
34119;1508;64.0;48;7.45;6730.0;-6.25;-3.91;38.82;98.9;40.5;0.00;100.00
34130;1508;64.0;48;7.45;6730.0;-6.25;-3.91;38.82;98.9;40.5;0.00;100.00
34139;1508;64.0;48;7.45;6730.0;-6.25;-3.91;38.82;98.9;40.5;0.00;100.00
34148;1508;64.0;48;7.45;6730.0;-5.47;-3.91;38.82;98.9;40.5;0.00;100.00
34159;1508;64.0;48;7.45;6730.0;-5.47;-3.13;38.82;98.9;40.5;0.00;100.00
34169;1508;64.0;48;7.45;6730.0;-5.47;-3.13;38.82;98.9;40.5;0.00;100.00
34178;1509;64.0;48;7.45;6730.0;-5.47;-3.13;38.82;98.9;40.5;0.00;100.00
34189;1509;64.0;48;7.45;6730.0;-5.47;-3.13;38.82;98.9;40.5;0.00;100.00
34200;1509;64.0;48;7.06;6730.0;-5.47;-3.13;38.82;98.9;40.5;0.00;100.00
34210;1509;64.0;48;7.06;6730.0;-5.47;-3.13;38.82;98.9;40.5;0.00;100.00
34224;1509;64.0;48;7.06;6730.0;-4.69;-3.13;38.82;98.9;40.5;0.00;100.00
34238;1504;64.0;48;7.06;6730.0;-4.69;-2.34;38.82;98.9;40.5;0.00;100.00
34248;1499;64.0;48;7.06;6730.0;-4.69;-2.34;39.22;98.9;40.5;0.00;100.00
34260;1494;64.0;48;7.06;6730.0;-4.69;-2.34;39.22;98.9;40.5;0.00;100.00
34271;1489;64.0;48;7.06;6730.0;-4.69;-2.34;39.22;98.9;40.5;0.00;100.00
34279;1484;64.0;48;7.06;6730.0;-4.69;-2.34;39.22;98.9;40.5;0.00;100.00
34288;1480;64.0;48;7.06;6730.0;-4.69;-2.34;39.22;98.9;40.5;0.00;100.00
34299;1475;65.0;48;7.06;6730.0;-4.69;-2.34;39.22;98.9;40.5;0.00;100.00
34309;1470;65.0;48;7.06;6730.0;-4.69;-2.34;39.22;98.9;40.5;0.00;100.00
34318;1465;65.0;48;7.06;6730.0;-4.69;-2.34;39.22;98.9;40.5;0.00;100.00
34329;1460;65.0;48;7.06;6730.0;-4.69;-2.34;39.22;98.9;40.5;0.00;100.00
34345;1455;65.0;48;7.06;6730.0;-3.91;-2.34;39.22;98.9;40.5;0.00;100.00
34362;1454;65.0;48;7.06;6730.0;-3.91;-1.56;39.22;98.9;40.5;0.00;100.00
34379;1454;65.0;48;7.06;6730.0;-3.91;-1.56;39.22;98.9;40.5;0.00;100.00
34390;1454;64.0;48;7.06;6730.0;-3.91;-1.56;39.22;98.9;40.5;0.00;100.00
34399;1454;64.0;48;7.06;6730.0;-3.91;-1.56;39.22;98.9;40.5;0.00;100.00
34408;1453;64.0;48;6.67;6730.0;-3.91;-1.56;39.22;98.9;40.5;0.00;100.00
34429;1453;64.0;48;6.67;6740.0;-3.91;-1.56;39.22;98.9;40.5;0.00;100.00
34438;1453;63.0;48;6.67;6740.0;-3.91;-1.56;39.22;98.9;40.5;0.00;100.00
34449;1453;63.0;48;6.67;6740.0;-3.91;-1.56;39.22;98.9;40.5;0.00;100.00
34458;1453;63.0;48;6.27;6750.0;-3.91;-1.56;38.82;98.9;40.5;0.00;100.00
34469;1452;63.0;48;6.27;6750.0;-3.91;-1.56;38.82;98.9;40.5;0.00;100.00
34485;1452;62.0;48;6.27;6760.0;-3.13;-1.56;38.43;98.9;40.5;0.00;100.00
34499;1454;62.0;48;6.27;6760.0;-3.13;-1.56;38.43;98.9;40.5;0.00;100.00
34510;1456;62.0;48;5.88;6760.0;-3.13;-1.56;38.04;98.9;40.5;0.00;100.00
34519;1458;61.0;48;5.88;6770.0;-3.13;-1.56;38.04;98.9;40.5;0.00;100.00
34528;1461;61.0;48;5.88;6770.0;-3.13;-1.56;37.65;98.9;40.5;0.00;100.00
34540;1463;61.0;48;5.88;6770.0;-3.13;-1.56;37.65;98.9;40.5;0.00;100.00
34548;1465;61.0;48;5.88;6770.0;-3.13;-1.56;37.25;98.9;40.5;0.00;100.00
34560;1467;60.0;48;5.88;6770.0;-3.13;-1.56;37.25;98.9;40.5;0.00;100.00
34568;1469;60.0;48;5.88;6770.0;-3.13;-1.56;37.25;98.9;40.5;0.00;100.00
34579;1471;60.0;48;6.27;6770.0;-3.13;-1.56;36.86;98.9;40.5;0.00;100.00
34589;1473;60.0;48;6.27;6770.0;-3.13;-1.56;36.86;98.9;40.5;0.00;100.00
34605;1475;59.0;48;6.27;6770.0;-3.13;-1.56;36.86;98.9;40.5;0.00;100.00
34619;1473;59.0;48;6.27;6770.0;-3.13;-2.34;36.47;98.9;40.5;0.00;100.00
34628;1471;59.0;48;6.27;6770.0;-3.13;-2.34;36.47;98.9;40.5;0.00;100.00
34641;1469;59.0;48;6.27;6770.0;-3.13;-2.34;36.08;98.9;40.5;0.00;100.00
34649;1467;59.0;48;6.27;6770.0;-3.13;-2.34;36.08;98.9;41.0;0.00;100.00
34659;1464;59.0;48;6.27;6770.0;-3.13;-2.34;36.08;98.9;41.0;0.00;100.00
34671;1462;59.0;48;6.27;6770.0;-3.13;-2.34;35.69;98.9;41.0;0.00;100.00
34688;1460;58.0;48;6.27;6770.0;-3.13;-2.34;35.69;98.9;41.0;0.00;100.00
34700;1458;58.0;48;6.27;6770.0;-3.91;-2.34;35.69;98.9;41.0;0.00;100.00
34709;1456;58.0;48;6.27;6770.0;-3.91;-2.34;35.69;98.9;41.0;0.00;100.00
34720;1453;58.0;48;6.27;6770.0;-3.91;-2.34;35.69;98.9;41.0;0.00;100.00
34735;1451;58.0;48;6.27;6770.0;-3.91;-2.34;35.69;98.9;41.0;0.00;100.00
34750;1451;58.0;48;6.27;6770.0;-3.91;-3.13;35.69;98.9;41.0;0.00;100.00
34758;1450;58.0;48;6.27;6770.0;-3.91;-3.13;35.29;98.9;41.0;0.00;100.00
34770;1450;58.0;48;6.27;6770.0;-4.69;-3.13;35.29;98.9;41.0;0.00;100.00
34778;1449;58.0;48;6.27;6770.0;-4.69;-3.13;35.29;98.9;41.5;0.00;100.00
34790;1449;58.0;48;6.27;6770.0;-4.69;-3.13;35.29;98.9;41.5;0.00;100.00
34799;1448;58.0;48;6.27;6770.0;-4.69;-3.13;35.29;98.9;41.5;0.00;100.00
34808;1448;59.0;48;6.27;6770.0;-5.47;-3.13;35.29;98.9;41.5;0.00;100.00
34819;1447;59.0;48;6.27;6770.0;-5.47;-3.13;35.29;98.9;41.5;0.00;100.00
34827;1447;59.0;48;6.27;6770.0;-5.47;-3.13;35.29;98.9;41.5;0.00;100.00
34840;1446;59.0;48;6.27;6770.0;-5.47;-3.13;35.29;98.9;41.5;0.00;100.00
34855;1446;59.0;48;6.27;6770.0;-6.25;-3.13;35.29;98.9;41.5;0.00;100.00
34871;1444;59.0;48;6.27;6770.0;-6.25;-3.91;35.29;98.9;41.5;0.00;100.00
34890;1442;59.0;48;6.27;6770.0;-6.25;-3.91;35.29;98.9;41.5;0.00;100.00
34899;1439;59.0;48;6.27;6770.0;-6.25;-3.91;35.29;98.9;41.5;0.00;100.00
34908;1437;58.0;48;6.27;6770.0;-7.03;-3.91;35.29;98.9;42.0;0.00;100.00
34921;1435;58.0;48;6.27;6770.0;-7.03;-3.91;35.29;98.9;42.0;0.00;100.00
34929;1433;58.0;48;6.27;6770.0;-7.03;-3.91;35.29;98.9;42.0;0.00;100.00
34939;1431;58.0;48;6.27;6770.0;-7.03;-3.91;35.29;98.9;42.0;0.00;100.00
34948;1429;58.0;48;6.27;6770.0;-7.03;-3.91;35.29;98.9;42.0;0.00;100.00
34965;1427;58.0;48;5.88;6770.0;-7.03;-3.91;35.29;98.9;42.0;0.00;100.00
34978;1425;57.0;48;5.88;6770.0;-7.03;-3.91;34.90;98.9;42.0;0.00;100.00
34996;1422;57.0;48;5.88;6770.0;-6.25;-3.91;34.90;98.9;42.0;0.00;100.00
35011;1422;57.0;48;5.88;6770.0;-6.25;-4.69;34.90;98.9;42.0;0.00;100.00
35029;1421;57.0;48;5.88;6770.0;-6.25;-4.69;34.90;98.9;42.0;0.00;100.00
35040;1420;57.0;48;5.88;6770.0;-6.25;-4.69;34.90;98.9;42.0;0.00;100.00
35049;1420;57.0;48;5.88;6770.0;-6.25;-4.69;34.90;98.9;42.5;0.00;100.00
35058;1419;57.0;48;5.88;6770.0;-6.25;-4.69;34.51;98.9;42.5;0.00;100.00
35070;1418;57.0;48;5.88;6770.0;-6.25;-4.69;34.51;98.9;42.5;0.00;100.00
35079;1418;56.0;48;5.88;6770.0;-6.25;-4.69;34.51;98.9;42.5;0.00;100.00
35090;1417;56.0;48;5.88;6770.0;-6.25;-4.69;34.51;98.9;42.5;0.00;100.00
35100;1416;56.0;48;5.88;6770.0;-6.25;-4.69;34.51;98.9;42.5;0.00;100.00
35110;1416;56.0;48;5.88;6770.0;-6.25;-4.69;34.51;98.9;43.0;0.00;100.00
35126;1415;56.0;48;5.88;6770.0;-6.25;-4.69;34.51;98.9;43.0;0.00;100.00
35139;1415;56.0;48;5.88;6770.0;-6.25;-4.69;34.51;98.9;43.5;0.00;100.00
35149;1414;56.0;48;5.88;6770.0;-6.25;-4.69;34.12;98.9;44.0;0.00;100.00
35159;1414;55.0;48;5.88;6770.0;-6.25;-4.69;34.12;98.9;44.0;0.00;100.00
35168;1414;55.0;48;5.88;6770.0;-6.25;-4.69;34.12;98.9;44.5;0.00;100.00
35180;1413;55.0;48;5.88;6770.0;-6.25;-4.69;34.12;98.9;44.5;0.00;100.00
35190;1413;54.0;48;5.49;6770.0;-6.25;-4.69;34.12;98.9;45.0;0.00;100.00
35200;1413;54.0;48;5.49;6770.0;-6.25;-4.69;34.12;98.9;45.5;0.00;100.00
35209;1412;53.0;48;5.49;6770.0;-6.25;-4.69;33.73;98.9;45.5;0.00;100.00
35220;1412;53.0;48;5.49;6770.0;-6.25;-4.69;33.73;98.9;46.0;0.00;100.00
35228;1412;53.0;48;5.49;6770.0;-6.25;-4.69;33.33;98.9;46.5;0.00;100.00
35247;1411;52.0;48;5.49;6770.0;-6.25;-4.69;33.33;98.9;47.0;0.00;100.00
35259;1411;52.0;48;5.10;6770.0;-6.25;-4.69;32.94;98.9;47.5;0.00;100.00
35274;1411;51.0;48;5.10;6770.0;-6.25;-4.69;32.94;98.9;48.0;0.00;100.00
35290;1410;51.0;48;5.10;6770.0;-6.25;-4.69;32.55;98.9;48.5;0.00;100.00
35300;1410;50.0;48;5.10;6770.0;-6.25;-4.69;32.55;98.9;49.5;0.00;100.00
35309;1410;50.0;48;5.10;6770.0;-6.25;-4.69;32.16;98.9;50.0;0.00;100.00
35321;1409;49.0;48;5.10;6780.0;-6.25;-4.69;32.16;98.9;50.5;0.00;100.00
35339;1409;49.0;48;5.10;6780.0;-6.25;-4.69;31.76;98.9;51.0;0.00;100.00
35348;1409;48.0;48;5.10;6780.0;-6.25;-4.69;31.37;98.9;51.5;0.00;100.00
35360;1408;48.0;48;5.10;6780.0;-6.25;-4.69;30.98;98.9;52.0;0.00;100.00
35369;1408;47.0;48;5.10;6790.0;-6.25;-4.69;30.98;98.9;52.0;0.00;100.00
35385;1408;47.0;48;5.10;6790.0;-7.03;-4.69;30.59;98.9;52.0;0.00;100.00
35400;1407;46.0;48;5.10;6790.0;-7.03;-4.69;30.20;98.9;52.5;0.00;100.00
35408;1407;46.0;48;5.10;6790.0;-7.03;-4.69;29.80;98.9;52.5;0.00;100.00
35420;1407;45.0;48;5.10;6800.0;-7.03;-4.69;29.41;98.9;52.5;0.00;100.00
35430;1407;45.0;48;5.10;6800.0;-7.03;-4.69;29.02;98.9;52.5;0.00;100.00
35440;1407;45.0;48;5.10;6800.0;-7.03;-4.69;29.02;98.9;52.5;0.00;100.00
35449;1406;45.0;48;5.10;6800.0;-7.03;-4.69;28.63;98.9;52.5;0.00;100.00
35459;1406;44.0;48;5.10;6800.0;-7.81;-4.69;28.24;98.9;53.0;0.00;100.00
35471;1406;44.0;48;5.10;6800.0;-7.81;-5.47;27.84;98.9;53.0;0.00;100.00
35489;1406;44.0;48;5.10;6800.0;-7.81;-5.47;27.45;98.9;53.0;0.00;100.00
35501;1406;44.0;48;5.10;6800.0;-7.81;-5.47;27.45;98.9;53.0;0.00;100.00
35523;1405;43.0;48;5.10;6800.0;-8.59;-6.25;27.06;98.9;53.0;0.00;100.00
35540;1405;43.0;48;5.10;6800.0;-8.59;-6.25;26.67;98.9;53.0;0.00;100.00
35546;1406;43.0;48;5.10;6800.0;-8.59;-7.03;26.27;98.9;53.0;0.00;100.00
35559;1406;43.0;48;5.10;6800.0;-8.59;-7.03;25.88;98.9;53.0;0.00;100.00
35568;1406;43.0;48;5.10;6800.0;-9.38;-7.03;25.49;98.9;53.5;0.00;100.00
35580;1406;43.0;48;5.10;6800.0;-9.38;-7.81;25.49;98.9;53.5;0.00;100.00
35589;1406;43.0;48;5.10;6800.0;-9.38;-7.81;25.10;98.9;53.5;0.00;100.00
35599;1406;42.0;48;5.10;6800.0;-9.38;-7.81;24.71;98.9;53.5;0.00;100.00
35608;1406;42.0;48;5.10;6800.0;-10.16;-8.59;24.71;98.9;53.5;0.00;100.00
35620;1406;42.0;48;5.49;6800.0;-10.16;-8.59;25.10;98.9;53.5;0.00;100.00
35630;1407;42.0;48;5.49;6800.0;-10.16;-8.59;25.10;98.9;53.5;0.00;100.00
35644;1407;42.0;48;5.49;6800.0;-10.16;-9.38;25.10;98.9;53.5;0.00;100.00
35659;1407;42.0;48;5.49;6800.0;-10.16;-9.38;25.10;98.9;53.5;0.00;100.00
35670;1406;42.0;48;5.49;6800.0;-10.16;-10.16;25.49;98.9;53.5;0.00;100.00
35681;1406;42.0;48;5.49;6800.0;-10.94;-10.16;25.49;98.9;53.5;0.00;100.00
35690;1406;42.0;48;5.49;6800.0;-10.94;-10.16;25.49;98.9;54.0;0.00;100.00
35700;1406;42.0;48;5.49;6800.0;-10.94;-10.94;25.49;98.9;54.0;0.00;100.00
35711;1406;42.0;48;5.49;6800.0;-10.94;-10.94;25.88;98.9;54.0;0.00;100.00
35730;1406;42.0;48;5.49;6800.0;-10.94;-10.94;25.88;98.9;54.0;0.00;100.00
35739;1406;42.0;48;5.49;6800.0;-10.94;-10.16;26.27;98.9;54.0;0.00;100.00
35748;1406;42.0;48;5.49;6800.0;-10.94;-10.16;26.67;98.9;54.0;0.00;100.00
35761;1406;42.0;48;5.49;6800.0;-10.94;-10.16;26.67;98.9;54.0;0.00;100.00
35785;1406;42.0;48;5.49;6800.0;-10.16;-10.16;27.06;98.9;54.0;0.00;100.00
35800;1405;42.0;48;5.49;6800.0;-10.16;-9.38;27.45;98.9;54.0;0.00;100.00
35810;1405;42.0;48;5.49;6800.0;-10.16;-9.38;27.84;98.9;54.0;0.00;100.00
35818;1404;42.0;48;5.49;6800.0;-10.16;-9.38;28.24;98.9;54.0;0.00;100.00
35830;1404;42.0;48;5.49;6800.0;-10.16;-9.38;28.63;98.9;54.5;0.00;100.00
35839;1403;42.0;48;5.49;6800.0;-10.16;-8.59;28.63;98.9;54.5;0.00;100.00
35849;1403;42.0;48;5.49;6800.0;-10.16;-8.59;29.02;98.9;54.5;0.00;100.00
35859;1402;42.0;48;5.49;6800.0;-9.38;-8.59;29.41;98.9;54.5;0.00;100.00
35870;1402;42.0;48;5.49;6800.0;-9.38;-7.81;29.41;98.9;54.5;0.00;100.00
35880;1401;42.0;48;5.49;6800.0;-8.59;-7.81;29.41;98.9;54.5;0.00;100.00
35889;1401;42.0;48;5.49;6800.0;-8.59;-7.81;29.41;98.9;54.5;0.00;100.00
35904;1400;42.0;48;5.49;6800.0;-7.81;-7.03;29.41;98.9;54.5;0.00;100.00
35916;1400;42.0;48;5.49;6800.0;-7.81;-7.03;29.41;98.9;54.5;0.00;100.00
35930;1400;42.0;48;5.49;6800.0;-7.03;-6.25;29.41;98.9;54.5;0.00;100.00
35941;1400;42.0;48;5.49;6800.0;-7.03;-6.25;29.41;98.9;54.5;0.00;100.00
35960;1400;43.0;48;5.49;6800.0;-6.25;-6.25;29.41;98.9;55.0;0.00;100.00
35971;1399;43.0;48;5.49;6800.0;-6.25;-5.47;29.41;98.9;55.0;0.00;100.00
35989;1399;43.0;48;5.49;6800.0;-6.25;-5.47;29.41;98.9;55.0;0.00;100.00
35999;1399;43.0;48;5.49;6800.0;-5.47;-5.47;29.41;98.9;55.0;0.00;100.00
36010;1399;43.0;48;5.49;6800.0;-5.47;-5.47;29.02;98.9;55.0;0.00;100.00
36018;1399;43.0;48;5.49;6800.0;-5.47;-4.69;28.63;98.9;55.0;0.00;100.00
36030;1398;44.0;48;5.49;6800.0;-5.47;-4.69;28.63;98.9;55.0;0.00;100.00
36045;1398;44.0;48;5.49;6800.0;-4.69;-4.69;28.24;98.9;55.0;0.00;100.00
36059;1398;44.0;48;5.49;6800.0;-4.69;-4.69;27.84;98.9;55.0;0.00;100.00
36070;1398;44.0;48;5.49;6800.0;-4.69;-4.69;27.45;98.9;55.0;0.00;100.00
36091;1398;44.0;48;5.49;6800.0;-4.69;-4.69;27.06;98.9;55.0;0.00;100.00
36108;1397;44.0;48;5.49;6800.0;-3.91;-3.91;26.67;98.9;55.5;0.00;100.00
36118;1397;44.0;48;5.49;6800.0;-3.91;-3.91;26.67;98.9;55.5;0.00;100.00
36127;1397;44.0;48;5.49;6800.0;-3.91;-3.91;26.27;98.9;55.5;0.00;100.00
36140;1397;44.0;48;5.49;6800.0;-3.91;-3.91;25.88;98.9;55.5;0.00;100.00
36159;1397;44.0;48;5.49;6800.0;-3.13;-3.91;25.88;98.9;55.5;0.00;100.00
36170;1396;44.0;48;5.88;6800.0;-3.13;-3.91;25.88;98.9;55.5;0.00;100.00
36179;1396;44.0;48;5.88;6800.0;-3.13;-3.91;25.88;98.9;55.5;0.00;100.00
36194;1396;44.0;48;5.88;6800.0;-3.13;-3.91;25.88;98.9;55.5;0.00;100.00
36209;1396;44.0;48;5.88;6800.0;-3.13;-3.13;25.88;98.9;55.5;0.00;100.00
36218;1395;44.0;48;5.88;6800.0;-3.13;-3.13;25.49;98.9;55.5;0.00;100.00
36228;1395;44.0;48;5.88;6800.0;-2.34;-3.13;25.49;98.9;55.5;0.00;100.00
36237;1394;44.0;48;5.88;6800.0;-2.34;-3.13;25.49;98.9;56.0;0.00;100.00
36247;1394;44.0;48;5.88;6800.0;-2.34;-3.13;25.49;98.9;56.0;0.00;100.00
36260;1394;44.0;48;5.88;6810.0;-2.34;-3.13;25.49;98.9;56.0;0.00;100.00
36273;1393;44.0;48;5.88;6810.0;-2.34;-3.13;25.49;98.9;56.0;0.00;100.00
36287;1393;44.0;48;5.88;6810.0;-2.34;-3.13;25.49;98.9;56.0;0.00;100.00
36297;1392;44.0;48;5.49;6810.0;-2.34;-3.13;25.49;98.9;56.0;0.00;100.00
36308;1392;44.0;48;5.49;6820.0;-2.34;-3.13;25.49;98.9;56.0;0.00;100.00
36325;1392;44.0;48;5.49;6820.0;-2.34;-3.13;25.49;98.9;56.0;0.00;100.00
36339;1392;44.0;48;5.49;6820.0;-2.34;-2.34;25.49;98.9;56.0;0.00;100.00
36348;1392;44.0;48;5.49;6820.0;-2.34;-2.34;25.49;98.9;56.0;0.00;100.00
36363;1392;44.0;48;5.49;6830.0;-2.34;-2.34;25.49;98.9;56.0;0.00;100.00
36377;1392;44.0;48;5.49;6830.0;-2.34;-2.34;25.49;98.9;56.5;0.00;100.00
36388;1392;44.0;48;5.49;6830.0;-2.34;-2.34;25.49;98.9;56.5;0.00;100.00
36399;1393;44.0;48;5.49;6830.0;-2.34;-2.34;25.49;98.9;56.5;0.00;100.00
36408;1393;45.0;48;5.49;6830.0;-2.34;-2.34;25.49;98.9;56.5;0.00;100.00
36418;1393;45.0;48;5.49;6830.0;-2.34;-2.34;25.49;98.9;56.5;0.00;100.00
36428;1393;45.0;48;5.49;6830.0;-2.34;-2.34;25.49;98.9;56.5;0.00;100.00
36437;1393;45.0;48;5.49;6830.0;-2.34;-2.34;25.49;98.9;56.5;0.00;100.00
36454;1393;45.0;48;5.49;6830.0;-2.34;-2.34;25.49;98.9;56.5;0.00;100.00
36469;1394;45.0;48;5.49;6830.0;-2.34;-1.56;25.49;98.9;56.5;0.00;100.00
36480;1394;46.0;48;5.49;6830.0;-2.34;-1.56;25.49;98.9;56.5;0.00;100.00
36489;1394;46.0;48;5.49;6830.0;-2.34;-1.56;25.49;98.9;56.5;0.00;100.00
36498;1394;47.0;48;5.49;6830.0;-2.34;-1.56;25.49;98.9;56.0;0.00;100.00
36507;1395;47.0;48;5.88;6830.0;-2.34;-1.56;25.49;98.9;56.0;0.00;100.00
36520;1395;48.0;48;5.88;6830.0;-2.34;-1.56;25.49;98.9;56.0;0.00;100.00
36528;1395;48.0;48;5.88;6830.0;-2.34;-1.56;25.49;98.9;56.0;0.00;100.00
36537;1396;49.0;48;6.27;6830.0;-2.34;-1.56;25.88;98.9;56.0;0.00;100.00
36547;1396;49.0;48;6.27;6830.0;-2.34;-0.78;26.67;98.9;56.0;0.00;100.00
36560;1396;50.0;48;6.67;6830.0;-2.34;-0.78;27.06;98.9;55.5;0.00;100.00
36573;1396;50.0;48;6.67;6830.0;-1.56;-0.78;27.45;98.9;55.0;0.00;100.00
36587;1396;51.0;48;6.67;6830.0;-1.56;-0.78;27.84;98.9;54.0;0.00;100.00
36598;1397;51.0;48;7.06;6830.0;-1.56;-0.78;28.63;98.9;53.5;0.00;100.00
36609;1397;51.0;48;7.06;6830.0;-1.56;-0.78;29.02;98.9;53.0;0.00;100.00
36619;1397;52.0;48;7.06;6830.0;-1.56;0.00;29.41;98.9;52.5;0.00;100.00
36628;1397;52.0;48;7.06;6830.0;-1.56;0.00;29.80;98.9;52.0;0.00;100.00
36640;1397;52.0;48;7.06;6830.0;-1.56;0.00;30.59;98.9;51.5;0.00;100.00
36648;1397;52.0;48;7.06;6830.0;-1.56;0.00;30.98;98.9;50.5;0.00;100.00
36657;1397;52.0;48;7.06;6830.0;-0.78;0.00;30.98;98.9;50.0;0.00;100.00
36671;1397;52.0;48;7.06;6830.0;-0.78;0.78;30.98;98.9;49.5;0.00;100.00
36687;1398;53.0;48;7.06;6830.0;-0.78;0.78;31.37;98.9;49.0;0.00;100.00
36705;1398;53.0;48;7.06;6830.0;-0.78;0.78;31.37;98.9;49.0;0.00;100.00
36719;1397;53.0;48;7.06;6830.0;-0.78;0.78;31.37;98.9;48.5;0.00;100.00
36727;1397;53.0;48;7.06;6830.0;-0.78;0.78;31.37;98.9;48.0;0.00;100.00
36737;1396;53.0;48;7.06;6830.0;0.00;0.78;31.37;98.9;48.0;0.00;100.00
36748;1396;53.0;48;7.06;6830.0;0.00;1.56;31.37;98.9;47.5;0.00;100.00
36759;1395;53.0;48;7.06;6830.0;0.00;1.56;31.76;98.9;47.5;0.00;100.00
36771;1395;53.0;48;7.06;6830.0;0.00;1.56;31.76;98.9;47.0;0.00;100.00
36788;1394;53.0;48;7.06;6830.0;0.78;1.56;31.76;98.9;46.5;0.00;100.00
36797;1394;53.0;48;7.06;6830.0;0.78;1.56;31.76;98.9;46.5;0.00;100.00
36808;1393;53.0;48;6.67;6830.0;0.78;1.56;31.76;98.9;46.0;0.00;100.00
36817;1393;53.0;48;6.67;6830.0;1.56;1.56;31.76;98.9;46.0;0.00;100.00
36835;1392;53.0;48;6.67;6830.0;1.56;1.56;31.76;98.9;46.0;0.00;100.00
36849;1392;53.0;48;6.67;6830.0;2.34;2.34;31.76;98.9;45.5;0.00;100.00
36858;1391;53.0;48;6.67;6830.0;2.34;2.34;31.76;98.9;45.5;0.00;100.00
36871;1390;53.0;48;6.67;6830.0;2.34;2.34;31.76;98.9;45.5;0.00;100.00
36888;1390;53.0;48;6.67;6830.0;3.13;2.34;31.76;98.9;45.5;0.00;100.00
36897;1389;53.0;48;6.67;6830.0;3.13;2.34;31.76;98.9;45.5;0.00;100.00
36909;1388;53.0;48;6.67;6830.0;3.13;2.34;31.76;98.9;45.5;0.00;100.00
36918;1388;54.0;48;6.67;6830.0;3.13;2.34;31.76;98.9;45.0;0.00;100.00
36929;1387;54.0;48;6.67;6830.0;3.91;3.13;31.76;98.9;45.0;0.00;100.00
36938;1386;54.0;48;6.67;6830.0;3.91;3.13;32.16;98.9;45.0;0.00;100.00
36947;1386;54.0;48;6.67;6830.0;3.91;3.13;32.16;98.9;45.0;0.00;100.00
36964;1385;54.0;48;6.67;6830.0;3.91;3.13;32.16;98.9;45.0;0.00;100.00
36980;1385;54.0;48;6.67;6830.0;3.91;3.91;32.55;98.9;45.0;0.00;100.00
36992;1384;54.0;48;6.67;6830.0;3.91;3.91;32.55;98.9;45.0;0.00;100.00
37007;1384;54.0;48;6.67;6830.0;4.69;3.91;32.94;98.9;45.0;0.00;100.00
37018;1383;54.0;48;6.67;6830.0;4.69;3.91;32.94;98.9;45.5;0.00;100.00
37029;1383;54.0;48;6.67;6830.0;4.69;4.69;32.94;98.9;45.5;0.00;100.00
37037;1382;54.0;48;6.67;6830.0;4.69;4.69;33.33;98.9;45.5;0.00;100.00
37047;1382;54.0;48;6.67;6830.0;4.69;4.69;33.33;98.9;45.5;0.00;100.00
37057;1381;54.0;48;6.67;6830.0;5.47;4.69;33.33;98.9;45.5;0.00;100.00
37069;1381;54.0;48;6.27;6830.0;5.47;4.69;33.33;98.9;45.5;0.00;100.00
37081;1381;54.0;48;6.27;6830.0;5.47;4.69;33.33;98.9;45.5;0.00;100.00
37107;1380;54.0;48;6.27;6830.0;5.47;4.69;33.33;98.9;45.5;0.00;100.00
37118;1380;54.0;48;6.27;6830.0;5.47;5.47;33.33;98.9;45.5;0.00;100.00
37129;1380;54.0;48;6.27;6830.0;5.47;5.47;33.33;98.9;45.5;0.00;100.00
37140;1380;54.0;48;6.27;6830.0;6.25;5.47;33.33;98.9;45.5;0.00;100.00
37149;1381;54.0;48;6.27;6830.0;6.25;5.47;33.33;98.9;46.0;0.00;100.00
37158;1381;54.0;48;6.27;6830.0;6.25;5.47;33.33;98.9;46.0;0.00;100.00
37170;1381;54.0;48;6.27;6830.0;6.25;5.47;33.33;98.9;46.0;0.00;100.00
37188;1381;54.0;48;6.27;6830.0;6.25;5.47;33.33;98.9;46.0;0.00;100.00
37197;1381;54.0;48;6.27;6830.0;7.03;6.25;33.33;98.9;46.0;0.00;100.00
37209;1381;54.0;48;6.27;6830.0;7.03;6.25;33.33;98.9;46.0;0.00;100.00
37217;1381;54.0;48;6.27;6830.0;7.03;6.25;33.33;98.9;46.0;0.00;100.00
37235;1381;54.0;48;6.27;6830.0;7.03;6.25;33.33;98.9;46.0;0.00;100.00
37248;1381;54.0;48;6.27;6830.0;7.03;7.03;33.33;98.9;46.0;0.00;100.00
37258;1381;54.0;48;6.27;6830.0;7.03;7.03;33.33;98.9;46.0;0.00;100.00
37271;1381;54.0;48;6.27;6830.0;7.81;7.03;33.33;98.9;46.0;0.00;100.00
37289;1381;53.0;48;6.27;6830.0;7.81;7.03;33.33;98.9;46.5;0.00;100.00
37299;1381;53.0;48;6.27;6840.0;7.81;7.81;33.33;98.9;46.5;0.00;100.00
37309;1381;53.0;48;6.27;6840.0;7.81;7.81;33.33;98.9;46.5;0.00;100.00
37319;1381;53.0;48;6.27;6850.0;7.81;7.81;33.33;98.9;46.5;0.00;100.00
37329;1381;53.0;48;6.27;6860.0;8.59;8.59;33.33;98.9;46.5;0.00;100.00
37340;1381;53.0;48;6.27;6860.0;8.59;8.59;33.33;98.9;46.5;0.00;100.00
37350;1380;52.0;48;6.27;6870.0;8.59;8.59;33.33;98.9;46.5;0.00;100.00
37371;1380;52.0;48;6.27;6870.0;8.59;8.59;33.33;98.9;46.5;0.00;100.00
37388;1380;52.0;48;6.27;6880.0;8.59;9.38;33.33;98.9;46.5;0.00;100.00
37397;1381;52.0;48;6.27;6890.0;8.59;9.38;32.94;98.9;46.5;0.00;100.00
37407;1381;52.0;48;6.27;6890.0;9.38;9.38;32.94;98.9;46.5;0.00;100.00
37417;1381;52.0;48;6.27;6900.0;9.38;9.38;32.94;98.9;46.5;0.00;100.00
37429;1381;52.0;48;6.27;6900.0;9.38;10.16;32.94;98.9;46.5;0.00;100.00
37438;1381;52.0;48;6.27;6890.0;9.38;10.16;32.94;98.9;46.5;0.00;100.00
37449;1381;52.0;48;6.27;6890.0;9.38;10.16;32.94;98.9;46.5;0.00;100.00
37458;1381;52.0;48;6.27;6890.0;9.38;10.16;32.94;98.9;46.5;0.00;100.00
37471;1381;52.0;48;6.27;6890.0;9.38;10.16;32.94;98.9;46.5;0.00;100.00
37488;1382;52.0;48;6.27;6880.0;9.38;10.16;32.94;98.9;46.5;0.00;100.00
37505;1382;52.0;48;6.27;6880.0;10.16;10.16;32.94;98.9;46.5;0.00;100.00
37518;1382;52.0;48;6.27;6880.0;10.16;10.16;32.94;98.9;46.5;0.00;100.00
37528;1382;52.0;48;6.27;6880.0;10.16;10.16;32.94;98.9;46.5;0.00;100.00
37540;1382;53.0;48;6.27;6870.0;10.16;10.16;32.94;98.9;46.5;0.00;100.00
37547;1382;53.0;48;6.27;6870.0;10.16;10.16;32.94;98.9;46.5;0.00;100.00
37558;1382;53.0;48;6.67;6870.0;10.16;10.16;32.94;98.9;46.5;0.00;100.00
37569;1382;53.0;48;6.67;6870.0;10.16;10.16;32.94;98.9;46.5;0.00;100.00
37579;1382;54.0;48;6.67;6870.0;10.16;10.16;32.94;98.9;46.5;0.00;100.00
37591;1382;54.0;48;7.06;6870.0;10.16;10.16;33.33;98.9;46.5;0.00;100.00
37608;1382;54.0;48;7.06;6870.0;10.16;10.16;33.33;98.9;46.5;0.00;100.00
37618;1382;54.0;48;7.45;6870.0;10.16;10.16;33.73;98.9;46.5;0.00;100.00
37634;1382;55.0;48;7.45;6870.0;9.38;10.16;33.73;98.9;46.0;0.00;100.00
37648;1382;55.0;48;7.45;6870.0;9.38;9.38;34.12;98.9;46.0;0.00;100.00
37658;1382;55.0;48;7.84;6870.0;9.38;9.38;34.12;98.9;46.0;0.00;100.00
37670;1382;55.0;48;7.84;6870.0;9.38;9.38;34.51;98.9;45.5;0.00;100.00
37679;1382;56.0;48;7.84;6870.0;9.38;9.38;34.51;98.9;45.5;0.00;100.00
37690;1382;56.0;48;7.84;6870.0;9.38;9.38;34.90;98.9;45.0;0.00;100.00
37698;1382;56.0;48;7.45;6870.0;9.38;9.38;34.90;98.9;45.0;0.00;100.00
37709;1382;56.0;48;7.45;6870.0;9.38;9.38;35.29;98.9;45.0;0.00;100.00
37720;1382;56.0;48;7.45;6870.0;9.38;9.38;35.69;98.9;44.5;0.00;100.00
37730;1382;56.0;48;7.45;6870.0;9.38;9.38;35.69;98.9;44.5;0.00;100.00
37750;1382;57.0;48;7.45;6870.0;9.38;9.38;36.08;98.9;44.5;0.00;100.00
37764;1382;57.0;48;7.45;6870.0;9.38;9.38;36.08;98.9;44.5;0.00;100.00
37779;1382;57.0;48;7.06;6870.0;9.38;10.16;36.47;98.9;44.5;0.00;100.00
37788;1382;57.0;48;7.06;6870.0;9.38;10.16;36.47;98.9;44.5;0.00;100.00
37799;1381;57.0;48;7.06;6870.0;9.38;10.16;36.86;98.9;44.5;0.00;100.00
37808;1381;58.0;48;7.06;6870.0;9.38;10.16;36.86;98.9;44.0;0.00;100.00
37819;1381;58.0;48;7.06;6870.0;9.38;10.16;37.25;98.9;44.0;0.00;100.00
37828;1380;58.0;48;7.06;6870.0;9.38;10.16;37.25;98.9;44.0;0.00;100.00
37839;1380;58.0;48;7.06;6870.0;9.38;10.16;37.65;98.9;44.0;0.00;100.00
37848;1380;58.0;48;7.06;6870.0;10.16;10.94;37.65;98.9;44.0;0.00;100.00
37857;1379;58.0;48;6.67;6870.0;10.16;10.94;37.65;98.9;44.0;0.00;100.00
37870;1379;59.0;48;6.67;6870.0;10.16;10.94;37.25;98.9;44.0;0.00;100.00
37885;1379;59.0;48;6.67;6870.0;10.16;10.94;37.25;98.9;44.0;0.00;100.00
37898;1378;59.0;48;6.67;6870.0;10.16;11.72;37.25;98.9;44.0;0.00;100.00
37909;1378;58.0;48;6.67;6870.0;10.16;11.72;37.25;98.9;44.0;0.00;100.00
37918;1377;58.0;48;6.67;6870.0;10.94;11.72;37.25;98.9;44.0;0.00;100.00
37928;1377;57.0;48;6.67;6870.0;10.94;11.72;37.25;98.9;44.5;0.00;100.00
37940;1376;56.0;48;6.27;6870.0;10.94;12.50;36.86;98.9;44.5;0.00;100.00
37950;1375;56.0;48;6.27;6870.0;10.94;12.50;36.86;98.9;44.5;0.00;100.00
37959;1375;55.0;48;6.27;6870.0;10.94;12.50;36.86;98.9;44.5;0.00;100.00
37969;1374;55.0;48;5.88;6870.0;11.72;12.50;36.47;98.9;44.5;0.00;100.00
37979;1374;54.0;48;5.88;6870.0;11.72;12.50;36.08;98.9;44.5;0.00;100.00
37990;1373;53.0;48;5.49;6870.0;11.72;12.50;35.69;98.9;45.0;0.00;100.00
38006;1373;53.0;48;5.49;6870.0;11.72;12.50;35.29;98.9;45.5;0.00;100.00
38018;1373;52.0;48;5.49;6870.0;11.72;13.28;34.90;98.9;46.5;0.00;100.00
38028;1374;51.0;48;5.10;6870.0;11.72;13.28;34.12;98.9;47.0;0.00;100.00
38039;1374;51.0;48;5.10;6870.0;12.50;13.28;33.73;98.9;47.5;0.00;100.00
38049;1375;50.0;48;5.10;6870.0;12.50;13.28;33.33;98.9;48.0;0.00;100.00
38059;1376;50.0;48;5.10;6870.0;12.50;13.28;32.94;98.9;48.5;0.00;100.00
38070;1376;49.0;48;5.10;6870.0;12.50;13.28;32.55;98.9;49.0;0.00;100.00
38078;1377;49.0;48;5.10;6870.0;12.50;13.28;32.16;98.9;50.0;0.00;100.00
38089;1377;48.0;48;5.10;6870.0;12.50;13.28;31.76;98.9;50.5;0.00;100.00
38099;1378;48.0;48;4.71;6870.0;12.50;13.28;31.37;98.9;51.0;0.00;100.00
38107;1379;47.0;48;4.71;6870.0;12.50;13.28;30.98;98.9;52.0;0.00;100.00
38127;1379;47.0;48;4.71;6870.0;11.72;13.28;30.59;98.9;53.0;0.00;100.00
38139;1379;46.0;48;4.71;6870.0;11.72;12.50;30.20;98.9;54.0;0.00;100.00
38149;1379;45.0;48;4.71;6870.0;11.72;12.50;30.20;98.9;55.0;0.00;100.00
38159;1379;45.0;48;4.71;6870.0;11.72;12.50;29.80;98.9;56.0;0.00;100.00
38171;1379;44.0;48;4.71;6870.0;11.72;12.50;29.41;98.9;57.5;0.00;100.00
38189;1379;44.0;48;4.71;6870.0;11.72;12.50;29.02;98.9;58.5;0.00;100.00
38198;1379;43.0;48;4.31;6870.0;11.72;12.50;28.63;98.9;59.5;0.00;100.00
38209;1379;43.0;48;4.31;6870.0;10.94;12.50;28.24;98.9;60.5;0.00;100.00
38218;1379;42.0;48;4.31;6870.0;10.94;11.72;27.84;98.9;61.5;0.00;100.00
38229;1379;42.0;48;4.31;6870.0;10.94;11.72;27.45;98.9;62.5;0.00;100.00
38238;1379;41.0;48;4.31;6870.0;10.94;11.72;27.06;98.9;63.0;0.00;100.00
38254;1379;41.0;48;4.31;6870.0;10.16;10.94;26.67;98.9;64.0;0.00;100.00
38274;1379;40.0;48;3.92;6870.0;10.16;10.94;26.27;98.9;64.5;0.00;100.00
38287;1378;39.0;48;3.92;6870.0;10.16;10.16;25.88;98.9;65.5;0.00;100.00
38300;1378;39.0;48;3.92;6870.0;10.16;10.16;25.49;98.9;66.0;0.00;100.00
38309;1377;38.0;48;3.92;6870.0;9.38;10.16;25.10;98.9;67.0;0.00;100.00
38321;1377;38.0;48;3.92;6870.0;9.38;9.38;24.71;98.9;67.5;0.00;100.00
38330;1376;37.0;48;3.92;6880.0;8.59;9.38;24.31;98.9;68.5;0.00;100.00
38339;1376;37.0;48;3.92;6880.0;8.59;9.38;23.92;98.9;69.0;0.00;100.00
38350;1375;36.0;48;3.92;6880.0;7.81;8.59;23.92;98.9;70.0;0.00;100.00
38363;1375;36.0;48;3.92;6880.0;7.81;8.59;23.92;98.9;70.5;0.00;100.00
38380;1374;35.0;48;3.92;6890.0;7.03;7.81;23.92;98.9;71.0;0.00;100.00
38395;1374;35.0;48;3.92;6890.0;7.03;7.81;23.92;98.9;71.5;0.00;100.00
38409;1374;34.0;48;3.92;6890.0;6.25;7.03;23.92;98.9;72.0;0.00;100.00
38419;1374;34.0;48;3.92;6890.0;6.25;7.03;23.53;98.9;72.5;0.00;100.00
38428;1374;33.0;48;3.92;6900.0;5.47;6.25;23.53;98.9;73.0;0.00;100.00
38442;1374;33.0;48;3.92;6900.0;5.47;6.25;23.53;98.9;73.0;0.00;100.00
38459;1374;33.0;48;3.92;6900.0;4.69;5.47;23.53;98.9;73.5;0.00;100.00
38471;1373;33.0;48;3.92;6900.0;4.69;5.47;23.53;98.9;74.0;0.00;100.00
38488;1373;32.0;48;3.92;6900.0;3.91;5.47;23.53;98.9;74.5;0.00;100.00
38498;1373;32.0;48;3.92;6900.0;3.91;4.69;23.53;98.9;75.0;0.00;100.00
38509;1373;32.0;48;3.92;6900.0;3.13;4.69;23.14;98.9;75.5;0.00;100.00
38519;1373;32.0;48;3.92;6900.0;3.13;4.69;23.14;98.9;76.0;0.00;100.00
38535;1373;31.0;48;3.92;6900.0;2.34;3.91;22.75;98.9;76.0;0.00;100.00
38550;1372;31.0;48;3.92;6900.0;2.34;3.91;22.75;98.9;76.5;0.00;100.00
38561;1372;31.0;48;3.92;6900.0;1.56;3.13;22.35;98.9;76.5;0.00;100.00
38580;1371;31.0;48;3.92;6900.0;1.56;3.13;22.35;98.9;77.0;0.00;100.00
38589;1370;31.0;48;3.92;6900.0;0.78;3.13;21.96;98.9;77.0;0.00;100.00
38598;1370;31.0;48;3.92;6900.0;0.78;2.34;21.96;98.9;77.5;0.00;100.00
38609;1369;31.0;48;3.92;6900.0;0.78;2.34;21.57;98.9;77.5;0.00;100.00
38620;1368;32.0;48;3.92;6900.0;0.78;1.56;21.57;98.9;78.0;0.00;100.00
38628;1367;32.0;48;3.92;6900.0;0.00;1.56;21.57;98.9;78.0;0.00;100.00
38639;1367;32.0;48;4.31;6900.0;0.00;0.78;21.18;98.9;78.5;0.00;100.00
38648;1366;32.0;48;4.31;6900.0;0.00;0.78;21.18;98.9;78.5;0.00;100.00
38671;1365;32.0;48;4.31;6900.0;0.00;0.00;21.18;98.9;78.5;0.00;100.00
38690;1365;32.0;48;4.31;6900.0;0.00;0.00;21.18;98.9;79.0;0.00;100.00
38700;1364;32.0;48;4.31;6900.0;0.00;-0.78;20.78;98.9;79.0;0.00;100.00
38709;1363;32.0;48;4.31;6900.0;-0.78;-0.78;20.78;98.9;79.0;0.00;100.00
38720;1363;32.0;48;4.31;6900.0;-0.78;-1.56;20.78;98.9;79.0;0.00;100.00
38740;1362;32.0;48;4.31;6900.0;-0.78;-1.56;20.78;98.9;79.0;0.00;100.00
38749;1361;32.0;48;4.31;6900.0;-0.78;-2.34;20.39;98.9;79.0;0.00;100.00
38758;1360;32.0;48;4.31;6900.0;-1.56;-2.34;20.39;98.9;79.5;0.00;100.00
38769;1360;32.0;48;4.31;6900.0;-1.56;-3.13;20.39;98.9;79.5;0.00;100.00
38779;1359;32.0;48;4.31;6900.0;-1.56;-3.13;20.39;98.9;79.5;0.00;100.00
38788;1358;32.0;48;4.31;6900.0;-1.56;-3.91;20.39;98.9;79.5;0.00;100.00
38805;1358;32.0;48;4.31;6900.0;-2.34;-3.91;20.39;98.9;79.5;0.00;100.00
38819;1358;32.0;48;4.31;6900.0;-2.34;-4.69;20.39;98.9;79.5;0.00;100.00
38831;1358;32.0;48;4.31;6900.0;-2.34;-4.69;20.39;98.9;79.5;0.00;100.00
38850;1359;32.0;48;4.31;6900.0;-2.34;-5.47;20.39;98.9;79.5;0.00;100.00
38858;1359;32.0;48;4.31;6900.0;-3.13;-5.47;20.39;98.9;80.0;0.00;100.00
38870;1359;32.0;48;4.31;6900.0;-3.13;-6.25;20.39;98.9;80.0;0.00;100.00
38878;1360;32.0;48;4.31;6900.0;-3.13;-6.25;20.39;98.9;80.0;0.00;100.00
38888;1360;32.0;48;4.31;6900.0;-3.91;-6.25;20.39;98.9;80.0;0.00;100.00
38898;1360;32.0;48;4.31;6900.0;-3.91;-7.03;20.39;98.9;80.0;0.00;100.00
38908;1361;32.0;48;4.31;6900.0;-3.91;-7.03;20.39;98.9;80.0;0.00;100.00
38918;1361;32.0;48;4.31;6900.0;-4.69;-7.03;20.39;98.9;80.0;0.00;100.00
38935;1361;32.0;48;4.31;6900.0;-4.69;-7.03;20.39;98.9;80.0;0.00;100.00
38948;1362;32.0;48;4.31;6900.0;-5.47;-7.81;20.39;98.9;80.0;0.00;100.00
38960;1362;32.0;48;4.31;6900.0;-5.47;-7.81;20.39;98.9;80.0;0.00;100.00
38970;1362;32.0;48;4.31;6900.0;-5.47;-7.81;20.39;98.9;80.0;0.00;100.00
38979;1363;32.0;48;4.31;6900.0;-6.25;-7.81;20.39;98.9;80.5;0.00;100.00
38991;1363;32.0;48;4.31;6900.0;-6.25;-8.59;20.39;98.9;80.5;0.00;100.00
38998;1363;32.0;48;4.31;6900.0;-6.25;-8.59;20.39;98.9;80.5;0.00;100.00
39009;1363;32.0;48;4.31;6900.0;-6.25;-8.59;20.39;98.9;80.5;0.00;100.00
39018;1364;32.0;48;4.31;6900.0;-6.25;-8.59;20.39;98.9;80.5;0.00;100.00
39028;1364;32.0;48;4.31;6900.0;-6.25;-8.59;20.39;98.9;80.5;0.00;100.00
39039;1364;32.0;48;4.31;6900.0;-6.25;-8.59;20.39;98.9;80.5;0.00;100.00
39055;1365;32.0;48;4.31;6900.0;-7.03;-8.59;20.39;98.9;80.5;0.00;100.00
39069;1364;32.0;48;4.31;6900.0;-7.03;-8.59;20.39;98.9;80.5;0.00;100.00
39079;1363;32.0;48;4.31;6900.0;-7.03;-8.59;20.39;98.9;80.5;0.00;100.00
39090;1363;32.0;48;4.31;6900.0;-7.03;-8.59;20.39;98.9;80.5;0.00;100.00
39099;1362;32.0;48;4.31;6900.0;-7.03;-8.59;20.39;98.9;80.5;0.00;100.00
39110;1361;32.0;48;4.31;6900.0;-7.03;-8.59;20.39;98.9;80.5;0.00;100.00
39119;1361;32.0;48;4.31;6900.0;-7.03;-8.59;20.39;98.9;80.5;0.00;100.00
39130;1360;32.0;48;4.31;6900.0;-7.03;-8.59;20.39;98.9;80.5;0.00;100.00
39138;1359;32.0;48;4.31;6900.0;-7.03;-8.59;20.39;98.9;80.5;0.00;100.00
39150;1358;32.0;48;4.31;6900.0;-7.03;-8.59;20.39;98.9;80.5;0.00;100.00
39158;1358;32.0;48;4.31;6900.0;-7.03;-8.59;20.39;98.9;80.5;0.00;100.00
39175;1357;32.0;48;4.31;6900.0;-7.03;-8.59;20.39;98.9;80.5;0.00;100.00
39190;1357;32.0;48;4.31;6900.0;-7.03;-7.81;20.39;98.9;80.5;0.00;100.00
39198;1357;32.0;48;4.31;6900.0;-7.03;-7.81;20.39;98.9;80.5;0.00;100.00
39209;1356;32.0;48;4.31;6900.0;-7.03;-7.81;20.39;98.9;80.5;0.00;100.00
39220;1356;32.0;48;4.31;6900.0;-7.03;-7.81;20.39;98.9;81.0;0.00;100.00
39228;1356;32.0;48;4.31;6900.0;-7.03;-7.81;20.39;98.9;81.0;0.00;100.00
39240;1356;32.0;48;4.31;6900.0;-7.03;-7.81;20.39;98.9;81.0;0.00;100.00
39249;1355;31.0;48;4.31;6900.0;-7.03;-7.81;20.39;98.9;81.0;0.00;100.00
39260;1355;31.0;48;4.31;6900.0;-7.03;-7.81;20.39;98.9;81.0;0.00;100.00
39271;1355;31.0;48;4.31;6900.0;-7.03;-7.03;20.78;98.9;81.0;0.00;100.00
39288;1355;31.0;48;4.31;6900.0;-7.03;-7.03;20.78;98.9;80.5;0.00;100.00
39306;1354;31.0;48;4.31;6900.0;-6.25;-7.03;20.78;98.9;79.5;0.00;100.00
39321;1354;31.0;48;4.31;6900.0;-6.25;-7.03;21.18;98.9;79.0;0.00;100.00
39338;1354;32.0;48;4.31;6900.0;-6.25;-7.03;21.18;98.9;78.5;0.00;100.00
39350;1354;32.0;48;4.31;6900.0;-6.25;-7.03;21.57;98.9;78.0;0.00;100.00
39362;1353;33.0;48;4.31;6900.0;-6.25;-6.25;21.57;98.9;77.0;0.00;100.00
39380;1353;33.0;48;4.31;6900.0;-6.25;-6.25;21.57;98.9;76.5;0.00;100.00
39391;1353;34.0;48;4.71;6900.0;-6.25;-6.25;21.96;98.9;76.0;0.00;100.00
39408;1353;34.0;48;4.71;6900.0;-5.47;-6.25;21.96;98.9;75.5;0.00;100.00
39421;1352;35.0;48;4.71;6900.0;-5.47;-6.25;22.35;98.9;74.5;0.00;100.00
39439;1352;35.0;48;4.71;6900.0;-5.47;-6.25;22.75;98.9;74.0;0.00;100.00
39450;1352;36.0;48;4.71;6900.0;-5.47;-6.25;23.14;98.9;73.5;0.00;100.00
39464;1352;36.0;48;4.71;6900.0;-4.69;-6.25;23.53;98.9;73.5;0.00;100.00
39478;1352;37.0;48;5.10;6900.0;-4.69;-5.47;23.92;98.9;73.0;0.00;100.00
39489;1352;37.0;48;5.10;6900.0;-4.69;-5.47;23.92;98.9;72.5;0.00;100.00
39501;1352;37.0;48;5.10;6900.0;-4.69;-5.47;24.31;98.9;72.5;0.00;100.00
39518;1352;37.0;48;5.10;6900.0;-3.91;-5.47;24.71;98.9;72.0;0.00;100.00
39530;1352;37.0;48;5.10;6900.0;-3.91;-5.47;25.10;98.9;72.0;0.00;100.00
39538;1352;37.0;48;5.10;6900.0;-3.91;-5.47;25.49;98.9;71.5;0.00;100.00
39547;1352;37.0;48;5.10;6900.0;-3.91;-5.47;25.88;98.9;71.0;0.00;100.00
39559;1352;37.0;48;5.10;6900.0;-3.91;-5.47;25.88;98.9;71.0;0.00;100.00
39570;1352;37.0;48;5.10;6900.0;-3.91;-5.47;25.88;98.9;70.5;0.00;100.00
39578;1352;37.0;48;5.10;6900.0;-3.91;-5.47;25.88;98.9;70.5;0.00;100.00
39595;1352;37.0;48;5.10;6900.0;-3.13;-5.47;25.88;98.9;70.5;0.00;100.00
39610;1351;37.0;48;5.10;6900.0;-3.13;-4.69;25.88;98.9;70.5;0.00;100.00
39619;1351;37.0;48;5.10;6900.0;-3.13;-4.69;25.88;98.9;70.5;0.00;100.00
39628;1350;37.0;48;5.10;6900.0;-3.13;-4.69;25.88;98.9;70.5;0.00;100.00
39638;1350;37.0;48;5.10;6900.0;-3.13;-4.69;25.88;98.9;70.0;0.00;100.00
39649;1349;37.0;48;5.10;6900.0;-3.13;-4.69;25.88;98.9;70.0;0.00;100.00
39658;1348;37.0;48;5.10;6910.0;-3.13;-4.69;25.88;98.9;70.0;0.00;100.00
39669;1348;37.0;48;5.10;6910.0;-2.34;-4.69;25.88;98.9;70.0;0.00;100.00
39678;1347;37.0;48;5.10;6910.0;-2.34;-3.91;25.88;98.9;70.0;0.00;100.00
39687;1347;37.0;48;5.10;6920.0;-2.34;-3.91;25.88;98.9;70.0;0.00;100.00
39698;1346;37.0;48;5.10;6920.0;-2.34;-3.91;25.88;98.9;70.0;0.00;100.00
39715;1345;37.0;48;5.10;6930.0;-1.56;-3.91;25.88;98.9;70.0;0.00;100.00
39728;1346;37.0;48;5.10;6930.0;-1.56;-3.13;25.88;98.9;70.0;0.00;100.00
39738;1346;37.0;48;5.10;6930.0;-1.56;-3.13;25.88;98.9;70.0;0.00;100.00
39749;1346;37.0;48;5.10;6940.0;-1.56;-3.13;25.88;98.9;70.0;0.00;100.00
39761;1346;37.0;48;5.10;6940.0;-0.78;-3.13;25.88;98.9;70.0;0.00;100.00
39778;1346;37.0;48;5.10;6940.0;-0.78;-2.34;25.88;98.9;70.0;0.00;100.00
39787;1347;37.0;48;5.10;6940.0;-0.78;-2.34;25.88;98.9;70.0;0.00;100.00
39798;1347;38.0;48;5.10;6940.0;0.00;-2.34;25.88;98.9;70.0;0.00;100.00
39807;1347;38.0;48;5.10;6940.0;0.00;-1.56;25.88;98.9;70.0;0.00;100.00
39818;1347;38.0;48;5.10;6940.0;0.00;-1.56;25.88;98.9;70.0;0.00;100.00
39827;1347;38.0;48;5.10;6940.0;0.00;-1.56;25.88;98.9;70.0;0.00;100.00
39846;1348;38.0;48;5.10;6940.0;0.78;-0.78;25.88;98.9;70.0;0.00;100.00
39860;1348;38.0;48;5.10;6940.0;0.78;-0.78;25.88;98.9;70.0;0.00;100.00
39872;1347;38.0;48;5.10;6940.0;0.78;0.00;25.88;98.9;70.0;0.00;100.00
39888;1347;38.0;48;5.10;6940.0;0.78;0.00;25.88;98.9;70.0;0.00;100.00
39896;1347;38.0;48;5.10;6940.0;1.56;0.00;25.88;98.9;69.5;0.00;100.00
39908;1347;38.0;48;5.10;6940.0;1.56;0.78;25.88;98.9;69.5;0.00;100.00
39918;1347;38.0;48;5.10;6940.0;1.56;0.78;25.88;98.9;69.5;0.00;100.00
39929;1347;39.0;48;5.10;6940.0;1.56;0.78;25.88;98.9;69.5;0.00;100.00
39938;1347;39.0;48;5.10;6940.0;2.34;0.78;25.88;98.9;69.5;0.00;100.00
39948;1347;39.0;48;5.10;6940.0;2.34;0.78;25.88;98.9;69.5;0.00;100.00
39960;1347;39.0;48;5.10;6940.0;2.34;0.78;25.88;98.9;69.5;0.00;100.00
39974;1347;39.0;48;5.10;6940.0;2.34;0.78;25.88;98.9;69.5;0.00;100.00
39988;1346;39.0;48;5.10;6940.0;2.34;1.56;25.88;98.9;69.5;0.00;100.00
39997;1346;39.0;48;5.10;6940.0;2.34;1.56;26.27;98.9;69.5;0.00;100.00
40006;1345;39.0;48;5.10;6940.0;3.13;1.56;26.27;98.9;69.5;0.00;100.00
40016;1344;39.0;48;5.10;6940.0;3.13;1.56;26.27;98.9;69.0;0.00;100.00
40028;1344;39.0;48;5.10;6940.0;3.13;1.56;26.27;98.9;69.0;0.00;100.00
40036;1343;39.0;48;5.10;6940.0;3.13;1.56;26.27;98.9;69.0;0.00;100.00
40047;1342;39.0;48;5.10;6940.0;3.13;1.56;26.27;98.9;69.0;0.00;100.00
40058;1342;39.0;48;5.10;6940.0;3.13;1.56;26.27;98.9;69.0;0.00;100.00
40069;1341;39.0;48;5.10;6940.0;3.13;1.56;26.27;98.9;69.0;0.00;100.00
40077;1341;39.0;48;5.10;6940.0;3.13;1.56;26.27;98.9;69.0;0.00;100.00
40096;1340;39.0;48;5.10;6940.0;3.13;1.56;26.27;98.9;69.0;0.00;100.00
40107;1340;39.0;48;5.10;6940.0;3.13;2.34;26.27;98.9;69.0;0.00;100.00
40118;1339;39.0;48;5.10;6940.0;3.13;2.34;26.27;98.9;69.0;0.00;100.00
40127;1339;39.0;48;5.10;6940.0;3.13;2.34;26.27;98.9;69.0;0.00;100.00
40138;1339;38.0;48;5.10;6940.0;3.13;2.34;26.27;98.9;69.5;0.00;100.00
40148;1338;38.0;48;5.10;6940.0;3.13;2.34;26.27;98.9;69.5;0.00;100.00
40160;1338;38.0;48;4.71;6940.0;3.13;2.34;26.27;98.9;69.5;0.00;100.00
40171;1337;38.0;48;4.71;6940.0;3.13;2.34;26.27;98.9;69.5;0.00;100.00
40189;1337;38.0;48;4.71;6940.0;3.13;2.34;26.27;98.9;69.5;0.00;100.00
40200;1337;38.0;48;4.71;6940.0;3.13;2.34;26.27;98.9;69.5;0.00;100.00
40207;1336;37.0;48;4.71;6940.0;3.13;2.34;25.88;98.9;69.5;0.00;100.00
40224;1336;37.0;48;4.71;6940.0;3.91;2.34;25.88;98.9;70.0;0.00;100.00
40239;1336;37.0;48;4.31;6940.0;3.91;2.34;25.88;98.9;70.0;0.00;100.00
40248;1336;37.0;48;4.31;6940.0;3.91;2.34;25.88;98.9;70.0;0.00;100.00
40258;1336;36.0;48;4.31;6940.0;3.91;2.34;25.88;98.9;70.0;0.00;100.00
40273;1335;36.0;48;4.31;6940.0;3.91;2.34;25.88;98.9;70.5;0.00;100.00
40288;1335;36.0;48;4.31;6940.0;3.91;2.34;25.49;98.9;70.5;0.00;100.00
40297;1335;35.0;48;4.31;6940.0;3.91;2.34;25.49;98.9;70.5;0.00;100.00
40308;1335;35.0;48;4.31;6940.0;3.91;2.34;25.49;98.9;70.5;0.00;100.00
40319;1334;34.0;48;4.31;6940.0;3.91;2.34;25.49;98.9;71.0;0.00;100.00
40327;1334;34.0;48;4.31;6940.0;3.91;2.34;25.10;98.9;71.0;0.00;100.00
40337;1334;34.0;48;4.31;6940.0;3.91;2.34;25.10;98.9;71.0;0.00;100.00
40354;1334;33.0;48;4.31;6940.0;3.91;2.34;24.71;98.9;71.5;0.00;100.00
40371;1334;33.0;48;4.31;6940.0;3.91;2.34;24.71;98.9;71.5;0.00;100.00
40378;1333;33.0;48;4.31;6940.0;3.91;2.34;24.31;98.9;71.5;0.00;100.00
40387;1333;33.0;48;4.31;6940.0;3.91;2.34;24.31;98.9;72.0;0.00;100.00
40398;1333;33.0;48;4.31;6940.0;3.91;2.34;23.92;98.9;72.0;0.00;100.00
40407;1333;33.0;48;4.31;6940.0;3.91;2.34;23.92;98.9;72.5;0.00;100.00
40418;1332;33.0;48;4.31;6940.0;3.91;2.34;23.53;98.9;72.5;0.00;100.00
40429;1332;33.0;48;4.31;6940.0;3.91;2.34;23.53;98.9;72.5;0.00;100.00
40439;1332;33.0;48;4.31;6940.0;3.91;2.34;23.53;98.9;73.0;0.00;100.00
40448;1332;33.0;48;4.31;6940.0;3.91;2.34;23.14;98.9;73.0;0.00;100.00
40460;1331;33.0;48;4.31;6940.0;3.91;2.34;23.14;98.9;73.5;0.00;100.00
40473;1331;33.0;48;4.31;6940.0;3.91;2.34;23.14;98.9;73.5;0.00;100.00
40487;1331;33.0;48;4.31;6940.0;3.91;1.56;23.14;98.9;74.0;0.00;100.00
40499;1330;33.0;48;4.31;6940.0;3.91;1.56;22.75;98.9;74.5;0.00;100.00
40509;1330;33.0;48;4.31;6940.0;3.91;1.56;22.75;98.9;74.5;0.00;100.00
40518;1330;32.0;48;4.31;6940.0;3.91;1.56;22.75;98.9;75.0;0.00;100.00
40529;1330;32.0;48;4.31;6940.0;3.91;1.56;22.75;98.9;75.0;0.00;100.00
40537;1329;32.0;48;3.92;6940.0;3.91;1.56;22.35;98.9;75.5;0.00;100.00
40549;1329;32.0;48;3.92;6940.0;3.91;1.56;22.35;98.9;76.0;0.00;100.00
40560;1329;32.0;48;3.92;6940.0;3.13;1.56;22.35;98.9;76.0;0.00;100.00
40569;1328;32.0;48;3.92;6940.0;3.13;0.78;21.96;98.9;76.5;0.00;100.00
40579;1328;31.0;48;3.92;6940.0;3.13;0.78;21.96;98.9;77.0;0.00;100.00
40596;1328;31.0;48;3.92;6940.0;3.13;0.78;21.96;98.9;77.5;0.00;100.00
40608;1327;31.0;48;3.53;6940.0;3.13;0.78;21.96;98.9;77.5;0.00;100.00
40618;1327;31.0;48;3.53;6940.0;3.13;0.78;21.57;98.9;78.0;0.00;100.00
40629;1326;31.0;48;3.53;6940.0;2.34;0.78;21.57;98.9;78.5;0.00;100.00
40638;1325;31.0;48;3.53;6940.0;2.34;0.00;21.57;98.9;79.0;0.00;100.00
40648;1325;31.0;48;3.53;6940.0;2.34;0.00;21.57;98.9;79.5;0.00;100.00
40660;1324;31.0;48;3.53;6940.0;2.34;0.00;21.18;98.9;80.0;0.00;100.00
40671;1324;31.0;48;3.53;6940.0;1.56;0.00;21.18;98.9;80.0;0.00;100.00
40687;1323;31.0;48;3.53;6940.0;1.56;0.00;21.18;98.9;80.5;0.00;100.00
40698;1323;31.0;48;3.92;6940.0;1.56;-0.78;21.18;98.9;81.0;0.00;100.00
40709;1322;31.0;48;3.92;6940.0;1.56;-0.78;20.78;98.9;81.0;0.00;100.00
40724;1322;31.0;48;3.92;6940.0;0.78;-0.78;20.78;98.9;81.0;0.00;100.00
40739;1322;31.0;48;3.92;6940.0;0.78;-0.78;20.78;98.9;81.5;0.00;100.00
40750;1322;31.0;48;3.92;6940.0;0.78;-0.78;20.78;98.9;81.5;0.00;100.00
40760;1322;31.0;48;3.92;6940.0;0.78;-0.78;20.78;98.9;81.5;0.00;100.00
40771;1322;31.0;48;3.92;6940.0;0.00;-1.56;20.78;98.9;81.5;0.00;100.00
40787;1322;31.0;48;3.92;6940.0;0.00;-1.56;20.39;98.9;81.5;0.00;100.00
40798;1322;31.0;48;3.92;6940.0;0.00;-1.56;20.39;98.9;81.5;0.00;100.00
40808;1322;30.0;48;3.92;6940.0;0.00;-1.56;20.39;98.9;82.0;0.00;100.00
40817;1322;30.0;48;3.92;6940.0;0.00;-1.56;20.39;98.9;82.0;0.00;100.00
40827;1322;30.0;48;4.31;6940.0;0.00;-2.34;20.39;98.9;82.0;0.00;100.00
40839;1322;30.0;48;4.31;6940.0;0.00;-2.34;20.39;98.9;81.5;0.00;100.00
40857;1322;30.0;48;4.31;6940.0;-0.78;-2.34;20.39;98.9;81.5;0.00;100.00
40871;1322;30.0;48;4.31;6940.0;-0.78;-2.34;20.39;98.9;81.0;0.00;100.00
40889;1323;30.0;48;4.31;6940.0;-0.78;-2.34;20.39;98.9;80.5;0.00;100.00
40899;1323;31.0;48;4.31;6940.0;-0.78;-2.34;20.39;98.9;80.5;0.00;100.00
40908;1323;31.0;48;4.31;6940.0;-0.78;-3.13;20.39;98.9;80.0;0.00;100.00
40918;1323;32.0;48;4.31;6940.0;-0.78;-3.13;20.39;98.9;80.0;0.00;100.00
40929;1324;32.0;48;4.71;6950.0;-0.78;-3.13;20.39;98.9;79.5;0.00;100.00
40938;1324;33.0;48;4.71;6950.0;-0.78;-3.13;20.39;98.9;79.0;0.00;100.00
40948;1324;33.0;48;4.71;6950.0;-1.56;-3.13;20.78;98.9;79.0;0.00;100.00
40959;1325;34.0;48;4.71;6950.0;-1.56;-3.13;21.57;98.9;78.5;0.00;100.00
40970;1325;34.0;48;4.71;6960.0;-1.56;-3.13;21.96;98.9;78.0;0.00;100.00
40987;1325;35.0;48;4.71;6960.0;-1.56;-3.13;22.35;98.9;77.0;0.00;100.00
40998;1325;35.0;48;5.10;6960.0;-1.56;-3.91;22.75;98.9;76.5;0.00;100.00
41010;1325;35.0;48;5.10;6960.0;-1.56;-3.91;23.53;98.9;76.0;0.00;100.00
41017;1325;35.0;48;5.10;6970.0;-2.34;-3.91;23.92;98.9;75.0;0.00;100.00
41029;1325;36.0;48;5.10;6970.0;-2.34;-3.91;24.31;98.9;74.5;0.00;100.00
41039;1324;36.0;48;5.10;6970.0;-2.34;-3.91;24.71;98.9;73.5;0.00;100.00
41048;1324;36.0;48;5.10;6970.0;-2.34;-3.91;25.49;98.9;73.0;0.00;100.00
41057;1324;36.0;48;5.10;6970.0;-3.13;-3.91;25.88;98.9;72.5;0.00;100.00
41070;1324;36.0;48;5.10;6970.0;-3.13;-3.91;25.88;98.9;71.5;0.00;100.00
41079;1324;36.0;48;5.10;6970.0;-3.13;-4.69;25.88;98.9;71.0;0.00;100.00
41087;1324;37.0;48;5.10;6970.0;-3.13;-4.69;25.88;98.9;71.0;0.00;100.00
41103;1323;37.0;48;5.10;6970.0;-3.91;-4.69;25.88;98.9;70.5;0.00;100.00
41120;1323;37.0;48;5.10;6970.0;-3.91;-4.69;25.88;98.9;70.5;0.00;100.00
41129;1323;37.0;48;5.10;6970.0;-3.91;-4.69;26.27;98.9;70.0;0.00;100.00
41138;1322;37.0;48;5.10;6970.0;-3.91;-4.69;26.27;98.9;70.0;0.00;100.00
41149;1322;38.0;48;5.10;6970.0;-4.69;-5.47;26.27;98.9;69.5;0.00;100.00
41157;1321;38.0;48;5.10;6970.0;-4.69;-5.47;26.27;98.9;69.5;0.00;100.00
41174;1321;38.0;48;5.10;6970.0;-4.69;-5.47;26.27;98.9;69.0;0.00;100.00
41189;1321;38.0;48;5.10;6970.0;-4.69;-5.47;26.27;98.9;69.0;0.00;100.00
41198;1320;38.0;48;5.10;6970.0;-4.69;-5.47;26.27;98.9;68.5;0.00;100.00
41210;1320;38.0;48;4.71;6970.0;-4.69;-5.47;26.27;98.9;68.5;0.00;100.00
41219;1319;39.0;48;4.71;6970.0;-4.69;-5.47;26.27;98.9;68.5;0.00;100.00
41233;1319;39.0;48;4.71;6970.0;-4.69;-5.47;26.27;98.9;69.0;0.00;100.00
41249;1318;39.0;48;4.71;6970.0;-4.69;-4.69;26.27;98.9;69.0;0.00;100.00
41258;1317;39.0;48;4.71;6970.0;-4.69;-4.69;26.67;98.9;69.0;0.00;100.00
41272;1316;38.0;48;4.71;6970.0;-4.69;-4.69;26.67;98.9;69.0;0.00;100.00
41290;1315;38.0;48;4.71;6970.0;-4.69;-4.69;26.67;98.9;69.5;0.00;100.00
41299;1314;38.0;48;4.71;6970.0;-4.69;-4.69;26.67;98.9;69.5;0.00;100.00
41309;1313;37.0;48;4.31;6970.0;-4.69;-4.69;26.67;98.9;69.5;0.00;100.00
41319;1312;37.0;48;4.31;6970.0;-3.91;-4.69;26.67;98.9;69.5;0.00;100.00
41327;1311;36.0;48;4.31;6970.0;-3.91;-4.69;26.67;98.9;70.0;0.00;100.00
41338;1310;36.0;48;4.31;6970.0;-3.91;-4.69;26.67;98.9;70.0;0.00;100.00
41349;1309;36.0;48;4.31;6970.0;-3.91;-4.69;26.27;98.9;70.5;0.00;100.00
41364;1308;35.0;48;4.31;6970.0;-3.13;-4.69;26.27;98.9;71.0;0.00;100.00
41378;1308;35.0;48;3.92;6970.0;-3.13;-3.91;26.27;98.9;71.0;0.00;100.00
41390;1308;35.0;48;3.92;6970.0;-3.13;-3.91;26.27;98.9;71.5;0.00;100.00
41397;1308;34.0;48;3.92;6970.0;-3.13;-3.91;26.27;98.9;72.0;0.00;100.00
41409;1308;34.0;48;3.92;6970.0;-2.34;-3.91;26.27;98.9;72.5;0.00;100.00
41418;1307;34.0;48;3.92;6970.0;-2.34;-3.91;25.88;98.9;73.0;0.00;100.00
41429;1307;34.0;48;3.92;6970.0;-2.34;-3.91;25.88;98.9;73.5;0.00;100.00
41439;1307;33.0;48;3.92;6970.0;-1.56;-3.91;25.88;98.9;73.5;0.00;100.00
41447;1307;33.0;48;3.92;6970.0;-1.56;-3.13;25.49;98.9;74.0;0.00;100.00
41457;1307;33.0;48;3.92;6970.0;-1.56;-3.13;25.10;98.9;74.5;0.00;100.00
41471;1306;33.0;48;3.92;6970.0;-0.78;-3.13;24.71;98.9;75.0;0.00;100.00
41496;1306;32.0;48;3.92;6970.0;-0.78;-2.34;24.31;98.9;75.0;0.00;100.00
41508;1307;32.0;48;3.92;6970.0;0.00;-2.34;23.92;98.9;75.5;0.00;100.00
41518;1308;32.0;48;3.92;6970.0;0.00;-1.56;23.92;98.9;76.0;0.00;100.00
41528;1309;32.0;48;3.92;6970.0;0.00;-1.56;23.53;98.9;76.5;0.00;100.00
41539;1310;32.0;48;3.92;6970.0;0.78;-1.56;23.14;98.9;76.5;0.00;100.00
41549;1312;32.0;48;3.92;6970.0;0.78;-0.78;22.75;98.9;77.0;0.00;100.00
41558;1313;32.0;48;3.92;6970.0;0.78;-0.78;22.35;98.9;77.5;0.00;100.00
41570;1314;32.0;48;3.92;6970.0;0.78;-0.78;21.96;98.9;78.0;0.00;100.00
41579;1315;32.0;48;3.92;6970.0;1.56;-0.78;21.96;98.9;78.0;0.00;100.00
41587;1316;32.0;48;3.92;6970.0;1.56;-0.78;21.96;98.9;78.5;0.00;100.00
41597;1317;32.0;48;3.92;6970.0;1.56;-0.78;21.57;98.9;78.5;0.00;100.00
41614;1318;32.0;48;3.92;6970.0;1.56;-0.78;21.57;98.9;79.0;0.00;100.00
41630;1318;32.0;48;3.92;6970.0;1.56;0.00;21.57;98.9;79.0;0.00;100.00
41638;1317;32.0;48;3.92;6970.0;1.56;0.00;21.57;98.9;79.0;0.00;100.00
41648;1316;32.0;48;3.92;6970.0;2.34;0.00;21.57;98.9;79.5;0.00;100.00
41660;1316;32.0;48;3.92;6970.0;2.34;0.00;21.57;98.9;79.5;0.00;100.00
41671;1315;32.0;48;3.92;6970.0;2.34;0.00;21.18;98.9;80.0;0.00;100.00
41688;1314;32.0;48;3.92;6970.0;2.34;0.00;21.18;98.9;80.0;0.00;100.00
41699;1314;31.0;48;3.92;6970.0;2.34;0.00;21.18;98.9;80.0;0.00;100.00
41709;1313;31.0;48;3.92;6970.0;2.34;0.00;21.18;98.9;80.5;0.00;100.00
41719;1313;31.0;48;3.92;6970.0;2.34;0.00;21.18;98.9;80.5;0.00;100.00
41730;1312;31.0;48;3.92;6970.0;2.34;0.00;21.18;98.9;80.0;0.00;100.00
41746;1311;31.0;48;3.92;6970.0;2.34;0.00;21.18;98.9;80.0;0.00;100.00
41759;1311;31.0;48;3.92;6970.0;2.34;0.00;21.18;98.9;79.5;0.00;100.00
41769;1310;31.0;48;3.92;6970.0;2.34;0.00;21.18;98.9;79.5;0.00;100.00
41779;1309;32.0;48;3.92;6970.0;2.34;0.00;21.18;98.9;79.0;0.00;100.00
41790;1309;32.0;48;3.92;6970.0;2.34;0.00;21.18;98.9;79.0;0.00;100.00
41799;1308;32.0;48;4.31;6970.0;2.34;0.00;21.18;98.9;78.5;0.00;100.00
41809;1307;33.0;48;4.31;6970.0;2.34;0.00;21.18;98.9;78.5;0.00;100.00
41819;1307;33.0;48;4.31;6970.0;2.34;0.00;21.18;98.9;78.0;0.00;100.00
41828;1306;34.0;48;4.31;6970.0;1.56;0.00;21.57;98.9;78.0;0.00;100.00
41838;1305;34.0;48;4.71;6970.0;1.56;-0.78;21.57;98.9;77.5;0.00;100.00
41848;1305;34.0;48;4.71;6970.0;1.56;-0.78;21.96;98.9;77.0;0.00;100.00
41866;1304;35.0;48;4.71;6970.0;1.56;-0.78;21.96;98.9;76.5;0.00;100.00
41878;1304;35.0;48;4.71;6970.0;1.56;-0.78;22.35;98.9;76.0;0.00;100.00
41889;1304;35.0;48;5.10;6970.0;1.56;-0.78;22.35;98.9;75.5;0.00;100.00
41899;1304;35.0;48;5.10;6970.0;0.78;-0.78;22.75;98.9;75.0;0.00;100.00
41908;1305;36.0;48;5.10;6970.0;0.78;-1.56;22.75;98.9;75.0;0.00;100.00
41919;1305;36.0;48;5.10;6970.0;0.78;-1.56;23.14;98.9;74.5;0.00;100.00
41929;1305;36.0;48;5.10;6970.0;0.78;-1.56;23.14;98.9;74.0;0.00;100.00
41939;1305;36.0;48;5.10;6970.0;0.78;-1.56;23.53;98.9;73.5;0.00;100.00
41949;1306;36.0;48;5.10;6970.0;0.00;-1.56;23.92;98.9;73.0;0.00;100.00
41960;1306;36.0;48;5.10;6970.0;0.00;-2.34;23.92;98.9;72.5;0.00;100.00
41972;1306;37.0;48;5.10;6970.0;0.00;-2.34;24.31;98.9;72.5;0.00;100.00
41994;1306;37.0;48;5.10;6970.0;0.00;-2.34;24.31;98.9;72.0;0.00;100.00
42009;1307;37.0;48;5.10;6970.0;0.00;-2.34;24.71;98.9;72.0;0.00;100.00
42019;1307;37.0;48;5.10;6970.0;0.00;-2.34;24.71;98.9;72.0;0.00;100.00
42028;1307;37.0;48;5.10;6970.0;-0.78;-2.34;25.10;98.9;72.0;0.00;100.00
42039;1308;37.0;48;5.10;6970.0;-0.78;-3.13;25.10;98.9;71.5;0.00;100.00
42048;1308;37.0;48;5.10;6970.0;-0.78;-3.13;25.49;98.9;71.5;0.00;100.00
42059;1309;37.0;48;5.10;6970.0;-0.78;-3.13;25.49;98.9;71.5;0.00;100.00
42069;1309;37.0;48;5.10;6970.0;-0.78;-3.13;25.88;98.9;71.5;0.00;100.00
42080;1310;37.0;48;5.10;6970.0;-0.78;-3.13;25.88;98.9;71.0;0.00;100.00
42089;1310;37.0;48;5.10;6970.0;-0.78;-3.13;25.88;98.9;71.0;0.00;100.00
42100;1311;37.0;48;5.10;6970.0;-0.78;-3.13;25.88;98.9;71.0;0.00;100.00
42115;1311;37.0;48;5.10;6970.0;-1.56;-3.13;25.88;98.9;70.5;0.00;100.00
42129;1310;37.0;48;5.10;6970.0;-1.56;-3.13;25.88;98.9;70.5;0.00;100.00
42140;1310;37.0;48;5.10;6970.0;-1.56;-3.13;26.27;98.9;70.5;0.00;100.00
42149;1309;37.0;48;5.10;6970.0;-1.56;-3.13;26.27;98.9;70.5;0.00;100.00
42159;1308;38.0;48;5.10;6970.0;-1.56;-3.13;26.27;98.9;70.0;0.00;100.00
42171;1308;38.0;48;5.10;6970.0;-1.56;-3.13;26.27;98.9;70.0;0.00;100.00
42189;1307;38.0;48;5.10;6970.0;-1.56;-3.13;26.27;98.9;70.0;0.00;100.00
42198;1306;38.0;48;5.10;6970.0;-0.78;-3.13;26.27;98.9;70.0;0.00;100.00
42209;1305;38.0;49;5.10;6970.0;-0.78;-3.13;26.27;98.9;69.5;0.00;100.00
42218;1305;38.0;49;5.10;6970.0;-0.78;-2.34;26.27;98.9;69.5;0.00;100.00
42230;1304;39.0;49;5.10;6970.0;-0.78;-2.34;26.27;98.9;69.5;0.00;100.00
42245;1303;39.0;49;5.10;6970.0;0.00;-2.34;26.27;98.9;69.5;0.00;100.00
42260;1303;39.0;49;5.10;6970.0;0.00;-2.34;26.27;98.9;69.5;0.00;100.00
42272;1303;39.0;49;5.10;6970.0;0.00;-2.34;26.67;98.9;69.5;0.00;100.00
42289;1303;39.0;49;5.10;6970.0;0.00;-2.34;26.67;98.9;69.5;0.00;100.00
42300;1303;39.0;49;5.10;6970.0;0.78;-1.56;26.67;98.9;69.0;0.00;100.00
42308;1303;39.0;49;5.10;6970.0;0.78;-1.56;26.67;98.9;69.0;0.00;100.00
42319;1303;39.0;49;5.10;6970.0;0.78;-1.56;26.67;98.9;69.0;0.00;100.00
42328;1302;39.0;49;5.10;6970.0;1.56;-1.56;26.67;98.9;69.0;0.00;100.00
42339;1302;39.0;49;5.10;6970.0;1.56;-0.78;26.67;98.9;69.0;0.00;100.00
42349;1302;39.0;49;5.10;6970.0;1.56;-0.78;27.06;98.9;69.0;0.00;100.00
42362;1302;39.0;49;5.10;6970.0;1.56;-0.78;27.06;98.9;68.5;0.00;100.00
42384;1302;39.0;49;5.10;6970.0;2.34;-0.78;27.45;98.9;68.5;0.00;100.00
42398;1302;39.0;49;5.10;6970.0;2.34;0.00;27.45;98.9;68.0;0.00;100.00
42409;1302;40.0;49;5.10;6970.0;2.34;0.00;27.84;98.9;68.0;0.00;100.00
42418;1301;41.0;49;5.10;6970.0;2.34;0.00;27.84;98.9;67.5;0.00;100.00
42428;1301;41.0;49;5.10;6970.0;3.13;0.00;28.24;98.9;67.5;0.00;100.00
42437;1301;42.0;49;5.49;6970.0;3.13;0.78;28.24;98.9;67.0;0.00;100.00
42450;1301;43.0;49;5.49;6980.0;3.13;0.78;28.63;98.9;67.0;0.00;100.00
42459;1301;44.0;49;5.49;6980.0;3.13;0.78;28.63;98.9;66.5;0.00;100.00
42469;1300;45.0;49;5.88;6980.0;3.13;0.78;29.41;98.9;66.5;0.00;100.00
42479;1300;46.0;49;5.88;6990.0;3.13;0.78;29.80;98.9;66.0;0.00;100.00
42489;1300;46.0;49;6.27;6990.0;3.13;0.78;30.59;98.9;65.5;0.00;100.00
42504;1300;47.0;49;6.27;7000.0;3.13;0.78;31.37;98.9;64.5;0.00;100.00
42519;1303;48.0;49;6.27;7000.0;3.13;1.56;31.76;98.9;64.0;0.00;100.00
42530;1306;48.0;49;6.67;7000.0;3.13;1.56;32.55;98.9;63.5;0.00;100.00
42541;1308;48.0;49;6.67;7010.0;3.13;1.56;32.94;98.9;63.0;0.00;100.00
42560;1311;49.0;49;6.67;7010.0;3.13;1.56;33.73;98.9;62.0;0.00;100.00
42569;1314;49.0;49;6.67;7010.0;3.13;1.56;34.51;98.9;61.5;0.00;100.00
42578;1317;49.0;49;6.67;7010.0;3.13;1.56;34.90;98.9;61.0;0.00;100.00
42589;1320;49.0;49;6.67;7010.0;3.13;1.56;35.69;98.9;60.5;0.00;100.00
42600;1322;49.0;49;6.67;7010.0;3.13;1.56;35.69;98.9;59.5;0.00;100.00
42608;1325;49.0;49;6.67;7010.0;3.13;1.56;36.08;98.9;59.0;0.00;100.00
42619;1328;50.0;49;6.67;7010.0;3.13;1.56;36.08;98.9;58.5;0.00;100.00
42634;1331;50.0;49;6.67;7010.0;3.91;1.56;36.08;98.9;58.0;0.00;100.00
42649;1327;50.0;49;6.67;7010.0;3.91;2.34;36.08;98.9;57.5;0.00;100.00
42659;1324;50.0;49;6.67;7010.0;3.91;2.34;36.47;98.9;57.0;0.00;100.00
42668;1320;51.0;49;6.67;7010.0;3.91;2.34;36.47;98.9;56.5;0.00;100.00
42679;1317;51.0;49;6.67;7010.0;3.91;2.34;36.47;98.9;56.5;0.00;100.00
42689;1313;51.0;49;6.67;7010.0;3.91;2.34;36.47;98.9;56.0;0.00;100.00
42701;1309;52.0;49;6.67;7010.0;3.91;2.34;36.86;98.9;55.5;0.00;100.00
42718;1306;52.0;49;6.67;7010.0;4.69;2.34;36.86;98.9;55.0;0.00;100.00
42729;1302;53.0;49;6.67;7010.0;4.69;3.13;36.47;98.9;54.5;0.00;100.00
42739;1299;53.0;49;7.06;7010.0;4.69;3.13;36.08;98.9;54.0;0.00;100.00
42748;1295;53.0;49;7.06;7010.0;5.47;3.13;35.69;98.9;53.5;0.00;100.00
42765;1292;54.0;49;7.06;7010.0;5.47;3.13;35.29;98.9;53.0;0.00;100.00
42778;1293;54.0;49;7.06;7010.0;6.25;3.91;34.90;98.9;53.0;0.00;100.00
42788;1294;54.0;49;7.06;7010.0;6.25;3.91;34.51;98.9;52.5;0.00;100.00
42799;1295;54.0;49;7.06;7010.0;6.25;3.91;34.12;98.9;52.0;0.00;100.00
42809;1296;55.0;49;7.06;7010.0;7.03;3.91;33.73;98.9;51.5;0.00;100.00
42818;1297;55.0;49;7.06;7010.0;7.03;4.69;33.33;98.9;51.0;0.00;100.00
42830;1298;55.0;49;7.06;7010.0;7.03;4.69;32.94;98.9;50.5;0.00;100.00
42849;1299;55.0;49;7.06;7010.0;7.03;3.91;32.55;98.9;50.5;0.00;100.00
42858;1301;55.0;49;7.06;7010.0;7.81;3.91;32.55;98.9;50.0;0.00;100.00
42869;1302;55.0;49;6.67;7010.0;7.81;3.13;32.94;98.9;49.5;0.00;100.00
42879;1303;56.0;49;6.67;7010.0;7.81;3.13;32.94;98.9;49.5;0.00;100.00
42896;1304;56.0;49;6.67;7010.0;7.81;2.34;33.33;98.9;49.0;0.00;100.00
42910;1304;56.0;49;6.67;7010.0;7.81;2.34;33.33;98.9;49.0;0.00;100.00
42919;1303;56.0;49;6.67;7010.0;7.81;1.56;33.73;98.9;48.5;0.00;100.00
42930;1303;56.0;49;6.67;7010.0;8.59;1.56;33.73;98.9;48.5;0.00;100.00
42938;1303;56.0;49;6.67;7010.0;8.59;0.78;34.12;98.9;48.0;0.00;100.00
42950;1303;56.0;49;6.67;7010.0;8.59;0.78;34.12;98.9;48.0;0.00;100.00
42960;1302;56.0;49;6.67;7010.0;8.59;0.00;34.51;98.9;47.5;0.00;100.00
42968;1302;56.0;49;6.67;7010.0;7.81;0.78;34.51;98.9;47.5;0.00;100.00
42980;1302;56.0;49;6.67;7010.0;7.81;0.78;34.51;98.9;47.0;0.00;100.00
42990;1301;56.0;49;6.27;7010.0;7.03;1.56;34.51;98.9;47.0;0.00;100.00
42996;1301;56.0;49;6.27;7010.0;7.03;2.34;34.51;98.9;47.0;0.00;100.00
43016;1301;56.0;49;6.27;7010.0;6.25;2.34;34.51;98.9;47.0;0.00;100.00
43029;1300;56.0;49;6.27;7010.0;6.25;3.13;34.51;98.9;46.5;0.00;100.00
43038;1300;56.0;49;6.27;7010.0;5.47;3.13;34.51;98.9;46.5;0.00;100.00
43049;1299;56.0;49;6.27;7010.0;5.47;3.91;34.51;98.9;46.5;0.00;100.00
43058;1299;56.0;49;6.27;7010.0;4.69;4.69;34.51;98.9;46.5;0.00;100.00
43071;1298;56.0;49;6.27;7010.0;4.69;4.69;34.51;98.9;46.5;0.00;100.00
43089;1298;56.0;49;6.27;7010.0;4.69;5.47;34.51;98.9;46.5;0.00;100.00
43098;1297;55.0;49;6.27;7010.0;5.47;5.47;34.51;98.9;46.0;0.00;100.00
43110;1297;55.0;49;6.27;7010.0;5.47;6.25;34.51;98.9;46.0;0.00;100.00
43118;1296;55.0;49;6.27;7010.0;5.47;6.25;34.51;98.9;46.0;0.00;100.00
43131;1295;55.0;49;6.27;7010.0;5.47;6.25;34.51;98.9;46.0;0.00;100.00
43155;1295;55.0;49;6.27;7010.0;6.25;7.03;34.51;98.9;46.0;0.00;100.00
43169;1295;55.0;49;6.27;7010.0;6.25;7.03;34.51;98.9;46.0;0.00;100.00
43180;1294;55.0;49;6.27;7010.0;6.25;7.81;34.12;98.9;46.0;0.00;100.00
43190;1294;55.0;49;6.27;7010.0;6.25;7.81;34.12;98.9;46.0;0.00;100.00
43199;1293;55.0;49;6.27;7010.0;7.03;7.81;34.12;98.9;46.0;0.00;100.00
43211;1293;55.0;49;6.27;7010.0;7.03;8.59;34.12;98.9;46.0;0.00;100.00
43229;1293;55.0;49;6.27;7010.0;7.03;8.59;34.12;98.9;46.0;0.00;100.00
43237;1292;54.0;49;6.27;7010.0;7.03;8.59;34.12;98.9;46.0;0.00;100.00
43249;1292;54.0;49;6.27;7010.0;7.81;9.38;34.12;98.9;46.0;0.00;100.00
43260;1292;54.0;49;6.27;7010.0;7.81;9.38;34.12;98.9;46.0;0.00;100.00
43272;1291;54.0;49;6.27;7010.0;7.81;9.38;34.12;98.9;46.0;0.00;100.00
43294;1291;54.0;49;6.27;7010.0;7.81;9.38;34.12;98.9;46.0;0.00;100.00
43309;1291;54.0;49;6.27;7010.0;7.81;10.16;34.12;98.9;46.0;0.00;100.00
43320;1291;54.0;49;6.27;7010.0;7.81;10.16;34.12;98.9;46.0;0.00;100.00
43329;1292;54.0;49;6.27;7010.0;8.59;10.16;34.12;98.9;46.0;0.00;100.00
43339;1292;55.0;49;6.27;7010.0;8.59;10.16;34.12;98.9;45.5;0.00;100.00
43349;1292;55.0;49;6.27;7010.0;8.59;10.94;34.12;98.9;45.5;0.00;100.00
43362;1292;55.0;49;6.27;7010.0;8.59;10.94;34.12;98.9;45.5;0.00;100.00
43380;1293;55.0;49;6.27;7010.0;8.59;10.94;34.12;98.9;45.5;0.00;100.00
43389;1293;55.0;48;6.27;7010.0;9.38;10.94;34.12;98.9;45.5;0.00;100.00
43398;1293;55.0;48;6.27;7010.0;9.38;10.94;34.12;98.9;45.5;0.00;100.00
43410;1293;56.0;48;6.27;7010.0;9.38;10.94;34.12;98.9;45.5;0.00;100.00
43424;1294;56.0;48;6.27;7010.0;9.38;10.94;34.12;98.9;45.5;0.00;100.00
43439;1294;56.0;48;6.27;7010.0;9.38;10.94;34.12;98.9;45.5;0.00;100.00
43449;1295;56.0;48;6.27;7010.0;9.38;10.94;34.12;98.9;45.5;0.00;100.00
43460;1295;56.0;48;6.27;7010.0;10.16;10.94;34.12;98.9;45.5;0.00;100.00
43470;1296;56.0;48;6.27;7010.0;10.16;10.94;34.12;98.9;45.0;0.00;100.00
43478;1296;56.0;48;6.27;7010.0;10.16;10.94;34.12;98.9;45.0;0.00;100.00
43489;1297;56.0;48;6.27;7010.0;10.16;10.94;34.12;98.9;45.0;0.00;100.00
43498;1297;55.0;48;6.27;7010.0;10.16;10.94;34.12;98.9;45.0;0.00;100.00
43507;1298;55.0;48;6.27;7010.0;10.16;10.94;34.12;98.9;45.0;0.00;100.00
43518;1298;55.0;48;6.27;7010.0;10.16;10.94;34.12;98.9;45.0;0.00;100.00
43529;1299;55.0;48;6.27;7010.0;10.16;10.94;34.51;98.9;45.0;0.00;100.00
43543;1299;55.0;48;6.27;7010.0;10.94;10.94;34.51;98.9;45.0;0.00;100.00
43560;1299;55.0;48;6.27;7010.0;10.94;11.72;34.51;98.9;45.0;0.00;100.00
43568;1299;55.0;48;6.27;7010.0;10.94;11.72;34.51;98.9;45.0;0.00;100.00
43579;1299;55.0;48;6.27;7010.0;10.94;11.72;34.51;98.9;45.0;0.00;100.00
43590;1299;55.0;48;6.27;7010.0;10.94;11.72;34.51;98.9;45.0;0.00;100.00
43599;1299;55.0;48;6.27;7010.0;10.94;11.72;34.90;98.9;45.0;0.00;100.00
43611;1299;55.0;48;6.27;7010.0;10.94;11.72;34.90;98.9;45.0;0.00;100.00
43630;1299;56.0;48;6.27;7010.0;10.94;11.72;34.90;98.9;45.0;0.00;100.00
43649;1299;56.0;48;6.27;7010.0;10.94;11.72;34.90;98.9;45.0;0.00;100.00
43659;1299;56.0;48;6.67;7010.0;10.94;11.72;34.90;98.9;45.0;0.00;100.00
43669;1299;56.0;48;6.67;7010.0;10.94;11.72;35.29;98.9;45.0;0.00;100.00
43685;1299;56.0;48;6.67;7010.0;10.94;11.72;35.29;98.9;45.0;0.00;100.00
43699;1299;56.0;48;6.67;7010.0;10.94;11.72;35.29;98.9;45.0;0.00;100.00
43708;1298;56.0;48;6.67;7010.0;10.94;11.72;35.29;98.9;45.0;0.00;100.00
43720;1298;56.0;48;6.67;7010.0;10.94;11.72;35.29;98.9;45.0;0.00;100.00
43728;1298;56.0;48;6.67;7010.0;10.94;11.72;35.29;98.9;45.0;0.00;100.00
43740;1298;56.0;48;6.67;7010.0;10.94;11.72;35.69;98.9;45.0;0.00;100.00
43749;1297;56.0;48;6.67;7010.0;10.94;11.72;35.69;98.9;45.0;0.00;100.00
43760;1297;56.0;48;6.67;7010.0;10.94;11.72;35.69;98.9;45.0;0.00;100.00
43770;1297;56.0;48;6.67;7010.0;10.94;11.72;35.69;98.9;45.0;0.00;100.00
43779;1297;56.0;48;6.67;7010.0;10.94;11.72;35.69;98.9;45.0;0.00;100.00
43791;1296;56.0;48;6.67;7010.0;10.94;11.72;35.69;98.9;45.0;0.00;100.00
43816;1296;56.0;48;6.67;7010.0;10.94;11.72;35.69;98.9;45.0;0.00;100.00
43831;1296;56.0;48;6.67;7010.0;10.94;11.72;35.69;98.9;45.0;0.00;100.00
43847;1295;56.0;48;6.67;7010.0;10.94;11.72;35.69;98.9;45.0;0.00;100.00
43860;1294;56.0;48;6.67;7010.0;10.94;11.72;35.69;98.9;45.0;0.00;100.00
43870;1294;56.0;48;6.67;7010.0;10.94;11.72;35.69;98.9;45.0;0.00;100.00
43878;1293;56.0;48;6.67;7010.0;10.94;11.72;35.69;98.9;45.0;0.00;100.00
43890;1293;56.0;48;6.67;7020.0;10.94;11.72;35.69;98.9;45.0;0.00;100.00
43899;1292;57.0;48;6.67;7020.0;10.94;11.72;35.69;98.9;45.0;0.00;100.00
43908;1291;57.0;48;6.67;7020.0;10.94;11.72;35.69;98.9;45.0;0.00;100.00
43919;1291;57.0;48;6.67;7020.0;10.94;11.72;35.69;98.9;45.0;0.00;100.00
43927;1290;57.0;48;6.67;7030.0;10.94;11.72;35.69;98.9;45.0;0.00;100.00
43946;1290;57.0;48;6.67;7030.0;10.94;11.72;35.69;98.9;45.0;0.00;100.00
43959;1290;57.0;48;6.67;7030.0;10.94;11.72;35.69;98.9;45.0;0.00;100.00
43968;1290;57.0;48;6.67;7030.0;10.94;11.72;36.08;98.9;45.0;0.00;100.00
43977;1290;57.0;48;6.67;7040.0;10.94;11.72;36.08;98.9;45.0;0.00;100.00
43988;1290;57.0;48;6.67;7040.0;10.94;11.72;36.08;98.9;45.0;0.00;100.00
43998;1290;57.0;48;6.67;7040.0;10.94;11.72;36.08;98.9;45.0;0.00;100.00
44010;1290;57.0;48;6.67;7040.0;10.94;11.72;36.08;98.9;45.0;0.00;100.00
44016;1290;58.0;48;6.67;7040.0;10.94;11.72;36.08;98.9;45.0;0.00;100.00
44028;1290;58.0;48;6.67;7040.0;10.94;11.72;36.08;98.9;45.0;0.00;100.00
44037;1290;58.0;48;6.67;7040.0;10.94;11.72;36.08;98.9;45.0;0.00;100.00
44049;1290;58.0;48;6.67;7040.0;10.94;11.72;36.08;98.9;45.0;0.00;100.00
44064;1290;58.0;48;6.67;7040.0;10.94;11.72;36.08;98.9;45.0;0.00;100.00
44079;1291;58.0;48;6.67;7040.0;10.94;11.72;36.08;98.9;45.0;0.00;100.00
44089;1291;58.0;48;6.67;7040.0;10.94;11.72;36.08;98.9;45.0;0.00;100.00
44098;1291;58.0;48;6.67;7040.0;10.94;11.72;36.08;98.9;45.0;0.00;100.00
44108;1291;58.0;48;6.67;7040.0;10.94;11.72;36.08;98.9;44.5;0.00;100.00
44118;1291;58.0;48;6.67;7040.0;10.94;11.72;36.08;98.9;44.5;0.00;100.00
44129;1291;58.0;48;6.67;7040.0;10.94;11.72;36.08;98.9;44.5;0.00;100.00
44137;1291;57.0;48;6.67;7040.0;10.94;11.72;36.08;98.9;44.5;0.00;100.00
44148;1292;57.0;48;6.67;7040.0;10.94;11.72;36.08;98.9;44.5;0.00;100.00
44158;1292;57.0;48;6.67;7040.0;10.94;11.72;36.08;98.9;44.5;0.00;100.00
44170;1292;57.0;48;6.67;7040.0;10.94;11.72;36.08;98.9;44.5;0.00;100.00
44193;1292;57.0;48;6.67;7040.0;10.16;11.72;36.08;98.9;44.5;0.00;100.00
44209;1292;57.0;48;6.67;7040.0;10.16;10.94;36.08;98.9;44.5;0.00;100.00
44217;1292;57.0;48;6.67;7040.0;10.16;10.94;36.47;98.9;44.5;0.00;100.00
44228;1293;57.0;48;6.67;7040.0;10.16;10.94;36.47;98.9;44.5;0.00;100.00
44237;1293;58.0;48;6.67;7040.0;10.16;10.94;36.47;98.9;44.5;0.00;100.00
44249;1293;58.0;48;6.67;7040.0;10.16;10.94;36.47;98.9;44.5;0.00;100.00
44258;1293;58.0;48;6.67;7040.0;10.16;10.94;36.47;98.9;44.5;0.00;100.00
44272;1293;58.0;48;6.67;7040.0;10.16;10.94;36.47;98.9;44.5;0.00;100.00
44287;1293;58.0;48;6.67;7040.0;10.16;10.94;36.47;98.9;44.5;0.00;100.00
44298;1293;58.0;48;6.67;7040.0;10.16;10.94;36.47;98.9;44.5;0.00;100.00
44307;1293;59.0;48;6.67;7040.0;10.16;10.94;36.47;98.9;44.5;0.00;100.00
44325;1294;59.0;48;6.67;7040.0;10.16;10.94;36.47;98.9;44.5;0.00;100.00
44338;1293;59.0;48;6.67;7040.0;10.16;11.72;36.47;98.9;44.5;0.00;100.00
44347;1292;59.0;48;6.67;7040.0;10.16;11.72;36.86;98.9;44.5;0.00;100.00
44362;1292;59.0;48;6.67;7040.0;10.16;11.72;36.86;98.9;44.5;0.00;100.00
44378;1291;59.0;48;6.67;7040.0;10.16;11.72;36.86;98.9;44.5;0.00;100.00
44389;1291;59.0;48;6.67;7040.0;10.16;11.72;36.86;98.9;44.5;0.00;100.00
44399;1290;59.0;48;6.67;7040.0;10.16;11.72;36.86;98.9;44.5;0.00;100.00
44408;1290;58.0;48;6.67;7040.0;10.16;11.72;36.86;98.9;44.5;0.00;100.00
44417;1289;58.0;48;6.67;7040.0;10.16;11.72;36.86;98.9;44.5;0.00;100.00
44428;1289;58.0;48;6.67;7040.0;10.16;11.72;36.86;98.9;44.5;0.00;100.00
44437;1288;58.0;48;6.67;7040.0;10.16;11.72;36.86;98.9;44.5;0.00;100.00
44456;1287;58.0;48;6.67;7040.0;10.94;11.72;36.86;98.9;44.5;0.00;100.00
44470;1287;58.0;48;6.67;7040.0;10.94;11.72;36.86;98.9;44.5;0.00;100.00
44478;1287;58.0;48;6.67;7040.0;10.94;11.72;36.86;98.9;44.5;0.00;100.00
44487;1287;58.0;48;6.67;7040.0;10.94;11.72;36.86;98.9;44.5;0.00;100.00
44500;1287;58.0;48;6.67;7040.0;10.94;11.72;36.86;98.9;44.5;0.00;100.00
44517;1287;58.0;48;6.67;7040.0;10.94;11.72;36.86;98.9;44.5;0.00;100.00
44529;1287;58.0;48;6.67;7040.0;10.94;11.72;36.86;98.9;44.5;0.00;100.00
44537;1287;58.0;48;6.67;7040.0;10.94;11.72;36.86;98.9;44.5;0.00;100.00
44549;1287;58.0;48;6.67;7040.0;10.94;11.72;36.86;98.9;44.5;0.00;100.00
44560;1287;58.0;48;6.67;7040.0;10.94;11.72;36.86;98.9;44.5;0.00;100.00
44570;1286;58.0;48;6.67;7040.0;10.94;11.72;36.86;98.9;44.5;0.00;100.00
44584;1286;58.0;48;6.67;7040.0;10.94;11.72;36.86;98.9;44.5;0.00;100.00
44599;1287;58.0;48;6.67;7040.0;10.94;12.50;36.86;98.9;44.5;0.00;100.00
44617;1287;58.0;48;6.67;7040.0;10.94;12.50;37.25;98.9;44.5;0.00;100.00
44628;1287;59.0;48;6.67;7040.0;10.94;12.50;37.25;98.9;44.5;0.00;100.00
44638;1287;59.0;48;6.67;7040.0;10.94;12.50;37.25;98.9;44.5;0.00;100.00
44651;1287;59.0;48;7.06;7040.0;10.94;12.50;37.25;98.9;44.5;0.00;100.00
44670;1287;60.0;48;7.06;7040.0;10.94;12.50;37.25;98.9;44.5;0.00;100.00
44679;1287;60.0;48;7.45;7040.0;10.94;12.50;37.25;98.9;44.5;0.00;100.00
44688;1287;61.0;48;7.45;7040.0;10.94;12.50;37.25;98.9;44.5;0.00;100.00
44698;1288;61.0;48;7.84;7040.0;10.94;11.72;37.65;98.9;44.5;0.00;100.00
44709;1288;61.0;48;7.84;7040.0;10.94;11.72;37.65;98.9;44.5;0.00;100.00
44725;1288;62.0;48;8.24;7040.0;10.94;11.72;38.04;98.9;44.5;0.00;100.00
44739;1288;62.0;48;8.24;7040.0;10.94;11.72;38.04;98.9;44.5;0.00;100.00
44750;1289;62.0;48;8.63;7040.0;10.94;11.72;38.43;98.9;44.5;0.00;100.00
44759;1289;63.0;48;8.63;7040.0;10.94;11.72;38.43;98.9;44.5;0.00;100.00
44771;1290;63.0;48;8.63;7040.0;10.94;10.94;38.82;98.9;44.5;0.00;100.00
44787;1290;63.0;48;8.24;7040.0;10.94;10.94;38.82;98.9;44.5;0.00;100.00
44797;1291;64.0;48;8.24;7040.0;10.16;10.94;39.22;98.9;44.5;0.00;100.00
44810;1291;64.0;48;8.24;7040.0;9.38;10.16;39.22;98.9;44.5;0.00;100.00
44819;1292;65.0;48;8.24;7040.0;8.59;9.38;39.61;98.9;44.5;0.00;100.00
44828;1292;65.0;48;7.84;7040.0;7.81;8.59;40.00;98.9;44.5;0.00;100.00
44839;1293;65.0;48;7.84;7040.0;7.03;7.81;40.00;98.9;44.5;0.00;100.00
44856;1293;66.0;48;7.84;7040.0;5.47;7.03;40.39;98.9;44.5;0.00;100.00
44870;1293;66.0;48;7.84;7040.0;4.69;6.25;40.78;98.9;44.5;0.00;100.00
44879;1293;66.0;48;7.45;7040.0;3.91;5.47;41.18;98.9;44.5;0.00;100.00
44888;1292;65.0;48;7.45;7040.0;3.13;4.69;41.57;98.9;44.5;0.00;100.00
44898;1292;65.0;48;7.45;7040.0;2.34;3.91;41.96;98.9;44.5;0.00;100.00
44907;1292;64.0;48;7.45;7040.0;1.56;3.13;41.96;98.9;44.5;0.00;100.00
44919;1291;64.0;48;7.06;7040.0;1.56;2.34;42.35;98.9;44.5;0.00;100.00
44928;1291;63.0;48;7.06;7040.0;2.34;2.34;42.75;98.9;44.5;0.00;100.00
44937;1291;63.0;48;7.06;7040.0;2.34;3.13;42.75;98.9;44.5;0.00;100.00
44949;1290;62.0;48;7.06;7040.0;3.13;3.13;42.35;98.9;44.5;0.00;100.00
44962;1290;62.0;48;7.06;7040.0;3.13;3.13;42.35;98.9;44.5;0.00;100.00
44985;1290;61.0;48;7.06;7040.0;3.91;3.91;41.96;98.9;44.5;0.00;100.00
45000;1290;61.0;48;6.67;7040.0;3.91;3.91;41.96;98.9;44.5;0.00;100.00
45009;1290;61.0;48;6.67;7040.0;4.69;4.69;41.57;98.9;44.5;0.00;100.00
45018;1289;61.0;48;6.67;7040.0;4.69;4.69;41.57;98.9;44.5;0.00;100.00
45028;1289;61.0;48;6.67;7040.0;5.47;4.69;41.18;98.9;44.5;0.00;100.00
45038;1289;61.0;48;6.67;7040.0;5.47;5.47;41.18;98.9;44.5;0.00;100.00
45050;1289;61.0;48;6.67;7040.0;5.47;5.47;40.78;98.9;44.5;0.00;100.00
45058;1289;60.0;48;6.67;7040.0;5.47;5.47;40.78;98.9;44.5;0.00;100.00
45071;1289;60.0;48;6.67;7040.0;5.47;5.47;40.78;98.9;44.5;0.00;100.00
45088;1289;60.0;48;6.67;7040.0;5.47;6.25;40.39;98.9;44.5;0.00;100.00
45099;1289;60.0;48;6.67;7040.0;5.47;6.25;40.39;98.9;44.5;0.00;100.00
45113;1289;60.0;48;6.67;7040.0;6.25;6.25;40.39;98.9;44.5;0.00;100.00
45127;1288;60.0;48;6.67;7040.0;6.25;6.25;40.00;98.9;44.5;0.00;100.00
45139;1287;61.0;48;6.67;7040.0;6.25;6.25;40.00;98.9;44.5;0.00;100.00
45149;1287;62.0;48;6.67;7040.0;6.25;6.25;39.61;98.9;44.5;0.00;100.00
45159;1286;64.0;48;7.06;7040.0;6.25;7.03;39.61;98.9;44.0;0.00;100.00
45172;1285;65.0;48;7.45;7040.0;6.25;7.03;39.61;98.9;44.0;0.00;100.00
45189;1284;66.0;48;7.84;7040.0;6.25;7.03;39.22;98.9;44.0;0.00;100.00
45199;1283;67.0;48;8.24;7040.0;5.47;7.03;39.22;99.0;44.0;0.00;100.00
45208;1283;68.0;48;8.63;7040.0;5.47;7.03;40.00;99.0;44.0;0.00;100.00
45220;1282;69.0;48;8.63;7040.0;5.47;6.25;40.78;99.0;44.0;0.00;100.00
45228;1281;71.0;48;9.02;7040.0;5.47;6.25;41.18;99.0;44.0;0.00;100.00
45244;1280;72.0;48;9.41;7040.0;4.69;6.25;41.96;99.0;44.0;0.00;100.00
45259;1282;73.0;48;9.80;7040.0;4.69;6.25;42.75;99.0;44.0;0.00;100.00
45271;1284;73.0;48;10.20;7040.0;4.69;6.25;43.53;99.0;44.0;0.00;100.00
45290;1286;73.0;48;10.59;7040.0;4.69;6.25;44.31;99.0;44.0;0.00;100.00
45298;1288;74.0;48;10.59;7040.0;3.91;5.47;45.10;99.0;43.5;0.00;100.00
45307;1290;74.0;48;10.20;7040.0;3.91;5.47;45.49;99.1;43.5;0.00;100.00
45318;1292;74.0;48;10.20;7040.0;3.91;5.47;46.27;99.1;43.5;0.00;100.00
45329;1294;74.0;48;10.20;7040.0;3.91;5.47;47.06;99.1;43.5;0.00;100.00
45338;1296;74.0;48;9.80;7040.0;4.69;5.47;47.84;99.1;43.5;0.00;100.00
45347;1298;74.0;48;9.80;7040.0;4.69;6.25;48.63;99.1;43.5;0.00;100.00
45363;1299;75.0;48;9.41;7040.0;4.69;6.25;49.41;99.1;43.5;0.00;100.00
45383;1301;75.0;48;9.41;7040.0;4.69;6.25;50.20;99.1;43.5;0.00;100.00
45399;1300;75.0;48;9.41;7040.0;4.69;6.25;50.98;99.1;43.5;0.00;100.00
45407;1300;75.0;48;9.02;7040.0;4.69;6.25;51.76;99.1;43.5;0.00;100.00
45417;1299;76.0;48;9.02;7040.0;5.47;6.25;52.55;99.1;43.5;0.00;100.00
45429;1298;76.0;48;9.02;7040.0;5.47;7.03;53.33;99.1;43.5;0.00;100.00
45438;1297;76.0;48;9.02;7040.0;5.47;7.03;54.12;99.1;43.5;0.00;100.00
45450;1296;76.0;48;9.02;7040.0;5.47;7.03;54.90;99.1;43.5;0.00;100.00
45459;1295;77.0;48;9.02;7040.0;6.25;7.03;55.69;99.1;43.5;0.00;100.00
45472;1294;77.0;48;9.02;7040.0;6.25;7.81;55.69;99.1;43.5;0.00;100.00
45487;1293;77.0;48;9.02;7040.0;6.25;7.81;55.69;99.1;43.5;0.00;100.00
45499;1292;77.0;48;9.02;7040.0;7.03;7.81;55.69;99.1;43.5;0.00;100.00
45515;1291;78.0;48;9.02;7040.0;7.03;7.81;55.69;99.1;43.5;0.00;100.00
45529;1291;78.0;48;9.02;7040.0;7.81;8.59;55.69;99.1;43.5;0.00;100.00
45538;1291;78.0;48;9.02;7040.0;7.81;8.59;55.29;99.1;43.5;0.00;100.00
45549;1291;78.0;48;9.02;7040.0;7.81;8.59;55.29;99.1;43.5;0.00;100.00
45558;1291;78.0;48;9.02;7040.0;8.59;8.59;55.29;99.1;43.0;0.00;100.00
45568;1291;78.0;48;9.02;7040.0;8.59;9.38;55.29;99.1;43.0;0.00;100.00
45577;1291;78.0;48;9.02;7040.0;8.59;9.38;55.29;99.1;43.0;0.00;100.00
45589;1291;77.0;48;9.02;7040.0;8.59;9.38;55.29;99.1;43.0;0.00;100.00
45597;1291;77.0;48;9.02;7040.0;8.59;9.38;55.29;99.1;43.0;0.00;100.00
45608;1291;77.0;48;9.02;7040.0;8.59;9.38;55.29;99.1;43.0;0.00;100.00
45617;1291;77.0;48;9.02;7040.0;8.59;9.38;55.29;99.1;43.0;0.00;100.00
45635;1291;77.0;48;9.02;7040.0;7.81;9.38;55.29;99.1;43.0;0.00;100.00
45650;1291;77.0;48;9.02;7040.0;7.81;8.59;55.29;99.1;43.0;0.00;100.00
45658;1290;77.0;48;9.02;7040.0;7.81;8.59;54.90;99.1;43.0;0.00;100.00
45668;1290;77.0;48;9.02;7040.0;7.81;8.59;54.90;99.1;43.0;0.00;100.00
45679;1290;77.0;48;9.02;7040.0;7.81;8.59;54.90;99.1;43.0;0.00;100.00
45689;1290;77.0;48;9.02;7040.0;7.81;8.59;54.90;99.1;43.0;0.00;100.00
45697;1289;77.0;48;9.02;7040.0;7.81;8.59;54.90;99.1;43.0;0.00;100.00
45708;1289;78.0;48;9.02;7040.0;7.03;8.59;54.90;99.1;43.0;0.00;100.00
45719;1289;78.0;48;9.02;7040.0;7.03;7.81;54.90;99.1;43.0;0.00;100.00
45729;1288;78.0;48;8.63;7040.0;6.25;7.81;54.90;99.1;43.0;0.00;100.00
45738;1288;78.0;48;8.63;7040.0;6.25;7.81;54.90;99.1;43.0;0.00;100.00
45755;1288;78.0;48;8.63;7040.0;5.47;7.03;54.90;99.1;43.0;0.00;100.00
45771;1288;78.0;48;8.63;7040.0;5.47;7.03;54.90;99.1;43.0;0.00;100.00
45788;1288;78.0;48;8.63;7040.0;4.69;6.25;55.29;99.1;43.0;0.00;100.00
45800;1289;78.0;48;8.63;7040.0;4.69;6.25;55.29;99.1;43.0;0.00;100.00
45809;1289;78.0;48;8.63;7040.0;3.91;6.25;55.29;99.1;43.0;0.00;100.00
45818;1289;78.0;48;8.63;7040.0;3.91;5.47;55.29;99.1;43.0;0.00;100.00
45828;1290;78.0;48;8.63;7050.0;3.91;5.47;55.29;99.1;43.0;0.00;100.00
45838;1290;77.0;48;8.63;7050.0;3.13;5.47;55.29;99.1;43.0;0.00;100.00
45847;1290;77.0;48;8.63;7050.0;3.13;4.69;55.29;99.1;43.0;0.00;100.00
45860;1291;77.0;48;8.63;7060.0;2.34;4.69;55.29;99.1;43.0;0.00;100.00
45869;1291;77.0;48;8.63;7060.0;2.34;3.91;55.29;99.1;43.0;0.00;100.00
45885;1291;77.0;48;8.63;7070.0;1.56;3.91;55.29;99.1;43.0;0.00;100.00
45901;1292;77.0;48;8.63;7070.0;1.56;3.13;55.29;99.1;43.0;0.00;100.00
45918;1292;77.0;48;8.63;7070.0;0.78;3.13;54.90;99.1;43.0;0.00;100.00
45929;1292;77.0;48;8.63;7080.0;0.78;2.34;54.90;99.1;43.0;0.00;100.00
45939;1293;77.0;48;8.63;7080.0;0.00;2.34;54.90;99.1;43.0;0.00;100.00
45950;1293;77.0;48;8.63;7080.0;0.00;1.56;54.90;99.1;43.0;0.00;100.00
45959;1293;77.0;48;8.63;7080.0;0.00;1.56;54.90;99.1;43.0;0.00;100.00
45969;1294;78.0;48;8.63;7080.0;-0.78;1.56;54.90;99.1;43.0;0.00;100.00
45977;1294;78.0;48;8.63;7080.0;-0.78;0.78;54.90;99.1;43.0;0.00;100.00
45989;1294;78.0;48;9.02;7080.0;-1.56;0.78;54.90;99.1;43.0;0.00;100.00
45998;1295;78.0;48;9.02;7080.0;-1.56;0.78;55.29;99.1;43.0;0.00;100.00
46016;1295;78.0;48;9.02;7080.0;-2.34;0.00;55.29;99.1;43.0;0.00;100.00
46028;1295;78.0;48;9.02;7080.0;-2.34;0.00;55.29;99.1;43.0;0.00;100.00
46040;1295;78.0;48;9.02;7080.0;-3.13;-0.78;55.29;99.1;43.0;0.00;100.00
46048;1296;78.0;48;9.02;7080.0;-3.13;-0.78;55.29;99.1;43.0;0.00;100.00
46059;1296;78.0;48;9.02;7080.0;-3.91;-0.78;55.29;99.1;42.5;0.00;100.00
46071;1296;78.0;48;9.02;7080.0;-3.91;-1.56;55.69;99.1;42.5;0.00;100.00
46089;1296;78.0;48;9.41;7080.0;-3.91;-1.56;55.69;99.1;42.5;0.00;100.00
46099;1296;77.0;48;9.41;7080.0;-3.91;-1.56;55.69;99.1;42.5;0.00;100.00
46109;1296;77.0;48;9.41;7080.0;-3.91;-1.56;55.69;99.1;42.5;0.00;100.00
46119;1296;77.0;48;9.41;7080.0;-3.91;-2.34;55.69;99.1;42.5;0.00;100.00
46129;1296;77.0;48;9.41;7080.0;-3.91;-2.34;56.08;99.2;42.5;0.00;100.00
46144;1297;77.0;48;9.41;7080.0;-4.69;-2.34;56.08;99.2;42.5;0.00;100.00
46157;1296;77.0;48;9.80;7080.0;-4.69;-2.34;56.08;99.2;42.5;0.00;100.00
46169;1296;78.0;48;9.80;7080.0;-4.69;-2.34;56.08;99.2;42.5;0.00;100.00
46178;1296;78.0;48;9.80;7080.0;-4.69;-2.34;56.08;99.3;42.5;0.00;100.00
46189;1295;79.0;48;9.80;7080.0;-4.69;-3.13;56.08;99.3;42.0;0.00;100.00
46201;1295;80.0;48;10.20;7080.0;-4.69;-3.13;56.47;99.3;42.0;0.00;100.00
46219;1295;81.0;48;10.20;7080.0;-4.69;-3.13;56.47;99.3;42.0;0.00;100.00
46230;1295;81.0;48;10.20;7080.0;-4.69;-3.13;56.47;99.4;42.0;0.00;100.00
46240;1294;82.0;48;10.59;7080.0;-4.69;-3.13;57.25;99.4;42.0;0.00;100.00
46249;1294;83.0;48;10.59;7080.0;-4.69;-3.13;58.04;99.4;42.0;0.00;100.00
46260;1294;84.0;48;10.98;7080.0;-4.69;-3.13;58.82;99.4;42.0;0.00;100.00
46277;1293;84.0;48;10.98;7080.0;-4.69;-3.13;59.61;99.4;42.0;0.00;100.00
46288;1294;85.0;48;10.98;7080.0;-4.69;-3.91;60.39;99.4;42.0;0.00;100.00
46299;1294;85.0;48;11.37;7080.0;-4.69;-3.91;60.78;99.4;42.0;0.00;100.00
46309;1295;84.0;48;11.37;7080.0;-4.69;-3.91;61.57;99.4;42.0;0.00;100.00
46318;1295;84.0;48;11.37;7080.0;-4.69;-3.91;62.35;99.4;41.5;0.00;100.00
46329;1296;84.0;48;11.37;7080.0;-4.69;-3.91;63.14;99.4;41.5;0.00;100.00
46339;1297;84.0;48;10.98;7080.0;-4.69;-3.91;63.92;99.4;41.5;0.00;100.00
46349;1297;83.0;48;10.98;7080.0;-4.69;-3.91;64.71;99.4;41.5;0.00;100.00
46362;1298;83.0;48;10.98;7080.0;-4.69;-3.91;64.31;99.4;41.5;0.00;100.00
46379;1298;83.0;48;10.98;7080.0;-4.69;-3.91;63.92;99.4;41.5;0.00;100.00
46388;1299;83.0;48;10.98;7080.0;-4.69;-3.91;63.14;99.4;41.5;0.00;100.00
46405;1299;82.0;48;10.98;7080.0;-5.47;-3.91;62.75;99.4;41.5;0.00;100.00
46418;1299;82.0;48;10.59;7080.0;-5.47;-3.91;62.35;99.4;41.5;0.00;100.00
46430;1299;82.0;48;10.59;7080.0;-5.47;-3.91;61.96;99.4;41.5;0.00;100.00
46448;1300;82.0;48;10.59;7080.0;-5.47;-3.91;61.57;99.4;41.5;0.00;100.00
46460;1300;82.0;48;10.59;7080.0;-5.47;-3.91;61.18;99.4;41.0;0.00;100.00
46480;1300;82.0;48;10.59;7080.0;-5.47;-3.91;60.39;99.4;41.0;0.00;100.00
46490;1300;82.0;48;10.59;7080.0;-5.47;-3.91;60.00;99.4;41.0;0.00;100.00
46499;1300;82.0;48;10.59;7080.0;-5.47;-3.91;59.61;99.4;41.0;0.00;100.00
46508;1301;82.0;48;10.59;7080.0;-5.47;-3.91;59.22;99.4;41.0;0.00;100.00
46519;1301;82.0;48;10.59;7080.0;-5.47;-3.91;59.22;99.4;41.0;0.00;100.00
46532;1301;82.0;48;10.59;7080.0;-5.47;-3.91;58.82;99.4;41.0;0.00;100.00
46554;1301;82.0;48;10.59;7080.0;-6.25;-3.91;58.82;99.4;41.0;0.00;100.00
46569;1301;82.0;48;10.59;7080.0;-6.25;-4.69;58.43;99.4;41.0;0.00;100.00
46579;1301;82.0;48;10.59;7080.0;-6.25;-4.69;58.43;99.4;41.0;0.00;100.00
46590;1301;82.0;48;10.59;7080.0;-6.25;-4.69;58.04;99.4;41.0;0.00;100.00
46608;1300;82.0;48;10.59;7080.0;-6.25;-4.69;58.04;99.4;41.0;0.00;100.00
46619;1300;82.0;48;10.59;7080.0;-6.25;-4.69;57.65;99.4;41.0;0.00;100.00
46629;1300;82.0;48;10.59;7080.0;-6.25;-4.69;57.65;99.4;41.0;0.00;100.00
46639;1300;82.0;48;10.59;7080.0;-6.25;-4.69;57.25;99.4;41.0;0.00;100.00
46650;1300;82.0;48;10.59;7080.0;-6.25;-4.69;57.25;99.4;41.0;0.00;100.00
46661;1300;82.0;48;10.59;7080.0;-6.25;-4.69;56.86;99.4;41.0;0.00;100.00
46679;1300;82.0;48;10.59;7080.0;-6.25;-4.69;56.86;99.4;41.0;0.00;100.00
46695;1299;82.0;48;10.59;7080.0;-6.25;-4.69;56.86;99.4;41.0;0.00;100.00
46710;1300;82.0;48;10.59;7080.0;-6.25;-4.69;56.86;99.4;41.0;0.00;100.00
46718;1300;82.0;48;10.59;7080.0;-6.25;-4.69;56.47;99.3;41.0;0.00;100.00
46730;1300;81.0;48;10.59;7080.0;-6.25;-4.69;56.47;99.3;41.0;0.00;100.00
46740;1300;81.0;48;10.20;7080.0;-6.25;-4.69;56.47;99.3;41.0;0.00;100.00
46749;1300;81.0;48;10.20;7080.0;-6.25;-4.69;56.47;99.3;41.0;0.00;100.00
46761;1301;81.0;48;9.80;7080.0;-6.25;-4.69;56.08;99.3;41.0;0.00;100.00
46779;1301;80.0;48;9.80;7080.0;-6.25;-4.69;56.08;99.3;41.0;0.00;100.00
46791;1301;80.0;48;9.41;7080.0;-6.25;-4.69;56.08;99.3;41.0;0.00;100.00
46809;1301;80.0;48;9.41;7080.0;-6.25;-4.69;55.69;99.3;41.0;0.00;100.00
46820;1301;80.0;48;9.02;7080.0;-6.25;-4.69;55.69;99.3;41.0;0.00;100.00
46843;1302;79.0;48;9.02;7080.0;-5.47;-4.69;55.29;99.2;41.0;0.00;100.00
46859;1302;79.0;48;8.63;7080.0;-5.47;-3.91;55.29;99.2;41.0;0.00;100.00
46869;1302;79.0;48;8.63;7080.0;-5.47;-3.91;54.90;99.2;41.0;0.00;100.00
46878;1302;78.0;48;8.24;7080.0;-5.47;-3.91;54.90;99.2;41.0;0.00;100.00
46890;1302;78.0;48;8.24;7080.0;-5.47;-3.91;54.51;99.2;41.0;0.00;100.00
46898;1302;78.0;48;8.24;7080.0;-5.47;-3.91;54.51;99.2;41.0;0.00;100.00
46910;1302;77.0;48;8.24;7080.0;-5.47;-3.91;54.12;99.2;41.0;0.00;100.00
46920;1302;77.0;48;8.24;7080.0;-5.47;-3.91;54.12;99.1;41.0;0.00;100.00
46929;1302;76.0;48;8.24;7080.0;-5.47;-3.91;53.73;99.1;41.0;0.00;100.00
46940;1302;76.0;48;8.63;7080.0;-5.47;-3.91;53.33;99.1;41.0;0.00;100.00
46948;1302;76.0;48;8.63;7080.0;-5.47;-3.91;52.94;99.1;41.0;0.00;100.00
46963;1302;75.0;48;8.63;7080.0;-4.69;-3.91;52.55;99.1;41.0;0.00;100.00
46981;1302;75.0;48;8.63;7080.0;-4.69;-3.91;52.16;99.1;41.0;0.00;100.00
46998;1302;75.0;48;8.63;7080.0;-4.69;-3.91;51.37;99.1;41.0;0.00;100.00
47010;1302;75.0;48;8.63;7080.0;-4.69;-3.91;50.98;99.1;41.0;0.00;100.00
47030;1303;76.0;48;8.63;7080.0;-4.69;-3.91;50.59;99.1;41.0;0.00;100.00
47039;1303;76.0;48;8.63;7080.0;-4.69;-3.91;50.20;99.1;41.0;0.00;100.00
47048;1303;76.0;48;8.63;7080.0;-4.69;-3.91;49.80;99.1;41.0;0.00;100.00
47060;1303;76.0;48;8.63;7080.0;-4.69;-3.91;49.41;99.1;41.0;0.00;100.00
47069;1303;76.0;48;8.63;7080.0;-4.69;-3.91;49.41;99.1;41.0;0.00;100.00
47079;1304;76.0;48;8.63;7080.0;-4.69;-3.91;49.80;99.1;41.0;0.00;100.00
47089;1304;77.0;48;8.63;7080.0;-4.69;-3.91;49.80;99.1;41.0;0.00;100.00
47104;1304;77.0;48;8.63;7080.0;-5.47;-3.91;50.20;99.1;41.0;0.00;100.00
47120;1304;77.0;48;8.63;7080.0;-5.47;-3.91;50.20;99.1;41.0;0.00;100.00
47129;1303;77.0;48;8.63;7080.0;-5.47;-3.91;50.59;99.0;41.0;0.00;100.00
47138;1303;76.0;48;8.63;7080.0;-5.47;-3.91;50.59;99.0;41.0;0.00;100.00
47149;1303;76.0;48;8.63;7080.0;-5.47;-3.91;50.98;99.0;41.0;0.00;100.00
47160;1302;76.0;48;8.24;7080.0;-5.47;-3.91;50.98;99.0;41.0;0.00;100.00
47170;1302;76.0;48;8.24;7080.0;-5.47;-3.91;51.37;99.0;41.0;0.00;100.00
47179;1302;75.0;48;7.84;7080.0;-5.47;-3.91;51.37;99.0;41.0;0.00;100.00
47190;1302;75.0;48;7.84;7080.0;-4.69;-3.91;51.37;99.0;41.0;0.00;100.00
47198;1301;75.0;48;7.45;7080.0;-4.69;-3.91;51.37;99.0;41.0;0.00;100.00
47210;1301;75.0;48;7.45;7080.0;-4.69;-3.91;51.37;99.0;41.0;0.00;100.00
47233;1301;74.0;48;7.06;7080.0;-4.69;-3.91;51.37;99.0;41.0;0.00;100.00
47248;1301;74.0;48;7.06;7080.0;-4.69;-4.69;51.37;99.0;41.0;0.00;100.00
47259;1301;74.0;48;6.67;7080.0;-4.69;-4.69;50.98;98.9;41.0;0.00;100.00
47272;1301;74.0;48;6.67;7080.0;-3.91;-4.69;50.98;98.9;41.0;0.00;100.00
47288;1301;74.0;48;6.67;7080.0;-3.91;-4.69;50.98;98.9;41.5;0.00;100.00
47300;1301;74.0;48;6.67;7080.0;-3.91;-4.69;50.98;98.9;41.5;0.00;100.00
47308;1301;74.0;48;7.06;7090.0;-3.91;-4.69;50.98;98.9;41.5;0.00;100.00
47317;1301;73.0;48;7.06;7090.0;-3.91;-4.69;50.98;98.9;41.5;0.00;100.00
47330;1301;73.0;48;7.06;7090.0;-3.91;-4.69;50.59;98.9;41.5;0.00;100.00
47341;1301;73.0;48;7.06;7090.0;-3.91;-4.69;50.20;98.9;41.5;0.00;100.00
47362;1302;73.0;48;7.06;7100.0;-3.91;-4.69;49.80;98.9;41.5;0.00;100.00
47384;1302;73.0;48;7.06;7100.0;-3.91;-4.69;49.41;98.9;41.5;0.00;100.00
47398;1302;73.0;48;7.45;7100.0;-3.91;-3.91;49.02;98.9;41.5;0.00;100.00
47407;1302;73.0;48;7.45;7100.0;-3.91;-3.91;48.63;98.9;41.5;0.00;100.00
47420;1303;72.0;48;7.45;7110.0;-3.91;-3.91;48.24;98.9;41.5;0.00;100.00
47440;1303;72.0;48;7.45;7110.0;-3.91;-3.91;47.84;98.9;41.5;0.00;100.00
47448;1303;72.0;48;7.45;7110.0;-3.91;-3.91;47.45;98.9;41.5;0.00;100.00
47460;1304;72.0;48;7.45;7110.0;-3.91;-3.91;47.06;98.9;41.5;0.00;100.00
47470;1304;71.0;48;7.45;7110.0;-3.91;-3.91;46.67;98.9;41.5;0.00;100.00
47478;1304;71.0;48;7.45;7110.0;-3.91;-3.91;46.67;98.9;41.5;0.00;100.00
47490;1305;71.0;48;7.45;7110.0;-3.91;-3.91;46.67;98.9;41.5;0.00;100.00
47499;1305;71.0;48;7.45;7110.0;-3.91;-3.91;46.67;98.9;41.5;0.00;100.00
47513;1305;70.0;48;7.45;7110.0;-4.69;-3.91;46.67;98.9;41.5;0.00;100.00
47530;1306;70.0;48;7.45;7110.0;-4.69;-3.91;46.67;98.9;41.5;0.00;100.00
47538;1306;70.0;48;7.45;7110.0;-4.69;-3.91;46.67;98.9;41.5;0.00;100.00
47548;1306;70.0;48;7.45;7110.0;-4.69;-3.91;46.67;98.9;41.5;0.00;100.00
47559;1307;70.0;48;7.45;7110.0;-4.69;-3.91;46.67;98.9;42.0;0.00;100.00
47570;1307;70.0;48;7.45;7110.0;-4.69;-3.91;46.67;98.9;42.0;0.00;100.00
47580;1307;70.0;48;7.45;7110.0;-4.69;-3.91;46.67;98.9;42.0;0.00;100.00
47598;1308;70.0;48;7.45;7110.0;-4.69;-3.91;46.67;98.9;42.0;0.00;100.00
47608;1308;70.0;48;7.45;7110.0;-4.69;-3.91;46.67;98.9;42.0;0.00;100.00
47619;1308;70.0;48;7.06;7110.0;-4.69;-3.91;46.67;98.9;42.0;0.00;100.00
47631;1309;70.0;48;7.06;7110.0;-4.69;-3.91;46.27;98.9;42.0;0.00;100.00
47654;1309;70.0;48;7.06;7110.0;-5.47;-3.91;46.27;98.9;42.0;0.00;100.00
47671;1308;70.0;48;7.06;7110.0;-5.47;-3.13;46.27;98.9;42.0;0.00;100.00
47690;1308;70.0;48;7.06;7110.0;-5.47;-3.13;46.27;98.9;42.0;0.00;100.00
47699;1307;69.0;48;7.06;7110.0;-5.47;-3.13;46.27;98.9;42.0;0.00;100.00
47710;1306;69.0;48;7.06;7110.0;-5.47;-3.13;46.27;98.9;42.5;0.00;100.00
47719;1305;69.0;48;6.67;7110.0;-5.47;-3.13;45.88;98.9;42.5;0.00;100.00
47730;1305;68.0;48;6.67;7110.0;-5.47;-3.13;45.88;98.9;42.5;0.00;100.00
47748;1304;68.0;48;6.27;7110.0;-5.47;-3.13;45.88;98.9;42.5;0.00;100.00
47760;1303;67.0;48;6.27;7110.0;-4.69;-3.13;45.49;98.9;42.5;0.00;100.00
47768;1303;67.0;48;5.88;7110.0;-4.69;-3.13;45.10;98.9;42.5;0.00;100.00
47777;1302;67.0;48;5.88;7110.0;-4.69;-3.13;44.71;98.9;42.5;0.00;100.00
47794;1301;66.0;48;5.49;7110.0;-4.69;-3.13;44.31;98.9;42.5;0.00;100.00
47809;1301;66.0;48;5.49;7110.0;-4.69;-3.13;43.92;98.9;42.5;0.00;100.00
47818;1301;65.0;48;5.10;7110.0;-4.69;-3.13;43.53;98.9;42.5;0.00;100.00
47829;1301;65.0;48;5.10;7110.0;-3.91;-3.13;43.14;98.9;42.5;0.00;100.00
47837;1301;64.0;48;5.10;7110.0;-3.91;-3.13;42.75;98.9;42.5;0.00;100.00
47848;1301;64.0;48;5.10;7110.0;-3.91;-3.13;42.35;98.9;42.5;0.00;100.00
47859;1301;63.0;48;5.10;7110.0;-3.91;-3.13;41.96;98.9;42.5;0.00;100.00
47870;1301;63.0;48;5.10;7110.0;-3.91;-3.13;41.57;98.9;42.5;0.00;100.00
47879;1301;62.0;48;5.10;7110.0;-3.91;-3.13;41.18;98.9;42.5;0.00;100.00
47887;1301;62.0;48;5.49;7110.0;-3.91;-3.13;40.78;98.9;42.5;0.00;100.00
47898;1301;61.0;48;5.49;7110.0;-3.91;-3.13;40.78;98.9;42.5;0.00;100.00
47914;1301;61.0;48;5.49;7110.0;-3.91;-3.13;40.39;98.9;42.5;0.00;100.00
47926;1301;60.0;48;5.49;7110.0;-3.91;-3.13;40.00;98.9;42.5;0.00;100.00
47938;1301;59.0;48;5.49;7110.0;-3.91;-3.13;39.61;98.9;42.5;0.00;100.00
47948;1301;59.0;48;5.49;7110.0;-3.91;-3.13;39.22;98.9;42.5;0.00;100.00
47960;1301;58.0;48;5.49;7110.0;-3.91;-3.13;38.82;98.9;43.0;0.00;100.00
47968;1301;57.0;48;5.49;7110.0;-3.91;-3.13;38.82;98.9;43.0;0.00;100.00
47976;1301;57.0;48;5.49;7110.0;-3.91;-3.13;38.43;98.9;43.0;0.00;100.00
47990;1301;56.0;48;5.49;7110.0;-3.91;-3.13;38.04;98.9;43.0;0.00;100.00
47998;1301;56.0;49;5.49;7110.0;-3.91;-3.13;37.65;98.9;43.0;0.00;100.00
48007;1301;55.0;49;5.10;7110.0;-3.91;-3.91;37.65;98.9;43.0;0.00;100.00
48019;1301;54.0;49;5.10;7110.0;-3.91;-3.91;37.25;98.9;43.0;0.00;100.00
48033;1301;54.0;49;5.10;7110.0;-4.69;-3.91;37.25;98.9;43.5;0.00;100.00
48048;1301;53.0;49;5.10;7110.0;-4.69;-3.91;36.86;98.9;43.5;0.00;100.00
48057;1302;53.0;49;5.10;7110.0;-4.69;-3.91;36.86;98.9;44.0;0.00;100.00
48070;1302;52.0;49;5.10;7110.0;-4.69;-3.91;36.47;98.9;44.0;0.00;100.00
48078;1302;52.0;49;5.10;7110.0;-4.69;-4.69;36.47;98.9;44.5;0.00;100.00
48086;1302;52.0;49;5.10;7110.0;-4.69;-4.69;36.08;98.9;44.5;0.00;100.00
48098;1303;51.0;49;5.10;7110.0;-4.69;-4.69;36.08;98.9;45.0;0.00;100.00
48108;1303;51.0;49;5.10;7110.0;-4.69;-4.69;35.69;98.9;45.0;0.00;100.00
48117;1303;50.0;49;5.10;7110.0;-5.47;-4.69;35.29;98.9;45.5;0.00;100.00
48127;1303;50.0;49;5.10;7110.0;-5.47;-4.69;34.90;98.9;45.5;0.00;100.00
48138;1304;50.0;49;5.10;7110.0;-5.47;-4.69;34.51;98.9;45.5;0.00;100.00
48154;1304;49.0;49;5.10;7110.0;-5.47;-4.69;34.12;98.9;46.0;0.00;100.00
48170;1304;49.0;49;5.10;7110.0;-5.47;-5.47;33.73;98.9;46.0;0.00;100.00
48188;1303;49.0;49;5.10;7110.0;-5.47;-5.47;33.73;98.9;46.0;0.00;100.00
48199;1303;49.0;49;5.10;7110.0;-6.25;-5.47;33.33;98.9;46.0;0.00;100.00
48208;1303;49.0;49;5.49;7110.0;-6.25;-5.47;32.94;98.9;46.5;0.00;100.00
48218;1303;49.0;49;5.49;7110.0;-6.25;-5.47;32.55;98.9;46.5;0.00;100.00
48228;1302;49.0;49;5.88;7110.0;-6.25;-5.47;32.16;98.9;46.5;0.00;100.00
48239;1302;48.0;49;6.27;7110.0;-6.25;-5.47;31.76;98.9;46.5;0.00;100.00
48248;1302;48.0;49;6.27;7110.0;-6.25;-5.47;32.16;98.9;47.0;0.00;100.00
48257;1301;48.0;49;6.67;7110.0;-6.25;-5.47;32.55;98.9;47.0;0.00;100.00
48272;1301;48.0;49;6.67;7110.0;-6.25;-5.47;32.55;98.9;47.0;0.00;100.00
48295;1301;48.0;49;7.06;7110.0;-6.25;-5.47;32.94;98.9;46.5;0.00;100.00
48309;1301;48.0;49;7.45;7110.0;-6.25;-5.47;33.33;98.9;46.5;0.00;100.00
48318;1301;50.0;49;7.45;7110.0;-6.25;-5.47;33.73;98.9;46.5;0.00;100.00
48327;1301;51.0;49;7.84;7110.0;-6.25;-5.47;34.12;98.9;46.5;0.00;100.00
48337;1302;53.0;49;7.84;7110.0;-6.25;-5.47;34.51;98.9;46.0;0.00;100.00
48348;1302;55.0;49;8.24;7110.0;-6.25;-5.47;34.51;98.9;46.0;0.00;100.00
48363;1302;56.0;49;8.24;7110.0;-6.25;-5.47;34.90;99.0;46.0;0.00;100.00
48378;1302;58.0;49;8.24;7110.0;-5.47;-5.47;35.29;99.0;46.0;0.00;100.00
48388;1302;59.0;49;8.63;7110.0;-5.47;-4.69;36.08;99.0;45.5;0.00;100.00
48397;1303;61.0;49;8.63;7110.0;-5.47;-4.69;36.86;99.0;45.5;0.00;100.00
48410;1303;63.0;49;9.02;7110.0;-5.47;-4.69;38.04;99.1;45.5;0.00;100.00
48424;1303;64.0;49;9.02;7110.0;-4.69;-3.91;38.82;99.1;45.0;0.00;100.00
48438;1306;66.0;49;9.02;7110.0;-4.69;-3.91;39.61;99.2;45.0;0.00;100.00
48447;1308;67.0;49;9.41;7110.0;-4.69;-3.13;40.39;99.2;44.5;0.00;100.00
48460;1311;69.0;49;9.41;7110.0;-4.69;-3.13;41.18;99.3;44.5;0.00;100.00
48471;1314;70.0;49;9.80;7110.0;-3.91;-3.13;41.96;99.3;44.0;0.00;100.00
48487;1316;71.0;49;9.80;7110.0;-3.91;-2.34;43.14;99.4;44.0;0.00;100.00
48499;1319;73.0;49;10.20;7110.0;-3.91;-2.34;43.92;99.4;43.5;0.00;100.00
48508;1321;74.0;49;10.20;7110.0;-3.13;-2.34;44.71;99.5;43.5;0.00;100.00
48519;1324;76.0;49;10.59;7110.0;-3.13;-2.34;45.88;99.5;43.0;0.00;100.00
48528;1327;77.0;49;10.59;7110.0;-3.13;-1.56;47.06;99.5;43.0;0.00;100.00
48538;1329;78.0;49;10.98;7110.0;-3.13;-1.56;48.24;99.5;43.0;0.00;100.00
48553;1332;80.0;49;10.98;7110.0;-2.34;-1.56;49.41;99.5;43.0;0.00;100.00
48570;1329;81.0;49;11.37;7110.0;-2.34;-1.56;50.59;99.5;42.5;0.00;100.00
48580;1326;81.0;49;11.37;7110.0;-2.34;-1.56;51.37;99.5;42.5;0.00;100.00
48588;1323;81.0;49;11.76;7110.0;-2.34;-1.56;52.55;99.5;42.5;0.00;100.00
48597;1321;81.0;49;11.76;7110.0;-1.56;-0.78;53.73;99.5;42.5;0.00;100.00
48608;1318;81.0;49;11.76;7110.0;-1.56;-0.78;54.90;99.5;42.5;0.00;100.00
48618;1315;81.0;49;11.37;7110.0;-0.78;-0.78;56.08;99.5;42.5;0.00;100.00
48628;1312;81.0;49;11.37;7110.0;-0.78;0.00;57.25;99.5;42.0;0.00;100.00
48637;1309;81.0;49;11.37;7110.0;0.00;0.00;57.25;99.5;42.0;0.00;100.00
48649;1306;81.0;49;11.37;7110.0;0.78;0.78;57.25;99.5;42.0;0.00;100.00
48660;1303;81.0;49;11.37;7110.0;1.56;0.78;57.65;99.5;42.0;0.00;100.00
48674;1300;81.0;49;11.37;7110.0;1.56;1.56;57.65;99.5;42.0;0.00;100.00
48689;1301;81.0;49;10.98;7110.0;2.34;1.56;57.65;99.5;42.0;0.00;100.00
48699;1302;81.0;49;10.98;7110.0;3.13;2.34;57.65;99.5;42.0;0.00;100.00
48709;1303;81.0;49;10.98;7110.0;3.91;2.34;57.65;99.5;42.0;0.00;100.00
48718;1303;81.0;49;10.98;7110.0;3.91;3.13;57.65;99.5;41.5;0.00;100.00
48727;1304;81.0;49;10.98;7110.0;4.69;3.13;58.04;99.5;41.5;0.00;100.00
48738;1305;81.0;49;10.98;7110.0;4.69;3.91;58.04;99.5;41.5;0.00;100.00
48749;1306;81.0;49;10.98;7110.0;4.69;3.91;58.04;99.5;41.5;0.00;100.00
48760;1307;81.0;49;10.98;7110.0;4.69;3.91;58.04;99.5;41.5;0.00;100.00
48770;1307;81.0;49;10.59;7110.0;4.69;3.91;57.65;99.5;41.5;0.00;100.00
48778;1308;81.0;49;10.59;7110.0;4.69;3.91;57.65;99.5;41.5;0.00;100.00
48794;1309;81.0;49;10.59;7110.0;3.91;3.91;57.25;99.5;41.5;0.00;100.00
48808;1309;81.0;49;10.59;7110.0;3.91;3.13;57.25;99.5;41.5;0.00;100.00
48817;1310;81.0;49;10.59;7110.0;3.91;3.13;56.86;99.5;41.5;0.00;100.00
48828;1310;81.0;49;10.59;7110.0;3.91;3.13;56.86;99.5;41.5;0.00;100.00
48837;1311;81.0;49;10.59;7110.0;3.91;3.13;56.47;99.5;41.5;0.00;100.00
48847;1311;81.0;49;10.98;7110.0;3.91;3.13;56.47;99.5;41.5;0.00;100.00
48860;1312;81.0;49;10.98;7110.0;3.13;3.13;56.08;99.5;41.5;0.00;100.00
48878;1312;80.0;49;11.37;7110.0;3.13;2.34;56.08;99.6;41.5;0.00;100.00
48887;1313;80.0;49;11.37;7110.0;2.34;2.34;56.08;99.6;41.5;0.00;100.00
48898;1313;80.0;49;11.76;7110.0;1.56;1.56;56.47;99.6;41.5;0.00;100.00
48908;1314;80.0;49;11.76;7110.0;0.78;0.78;56.47;99.6;41.5;0.00;100.00
48924;1314;80.0;49;12.16;7110.0;0.78;0.00;56.86;99.6;41.5;0.00;100.00
48938;1314;80.0;49;12.16;7110.0;0.00;0.00;56.86;99.6;41.5;0.00;100.00
48950;1314;80.0;49;12.55;7110.0;-0.78;-0.78;57.25;99.6;41.5;0.00;100.00
48961;1314;81.0;49;12.55;7110.0;-1.56;-1.56;57.25;99.6;41.5;0.00;100.00
48979;1313;81.0;49;12.55;7110.0;-1.56;-2.34;57.65;99.7;41.5;0.00;100.00
48987;1313;81.0;49;12.55;7110.0;-2.34;-2.34;57.65;99.7;41.5;0.00;100.00
48999;1313;82.0;49;12.55;7110.0;-2.34;-3.13;58.04;99.7;41.5;0.00;100.00
49008;1313;82.0;49;12.55;7110.0;-2.34;-3.13;58.04;99.7;41.5;0.00;100.00
49018;1313;83.0;49;12.55;7110.0;-2.34;-3.13;58.43;99.7;41.5;0.00;100.00
49027;1312;83.0;49;12.55;7110.0;-2.34;-3.13;58.82;99.7;41.5;0.00;100.00
49037;1312;83.0;49;12.55;7110.0;-2.34;-3.13;58.82;99.7;41.5;0.00;100.00
49054;1312;84.0;49;12.55;7110.0;-3.13;-3.13;59.22;99.6;41.5;0.00;100.00
49070;1311;84.0;49;12.55;7110.0;-3.13;-3.91;59.61;99.6;41.5;0.00;100.00
49079;1311;83.0;49;12.55;7110.0;-3.13;-3.91;60.00;99.6;41.5;0.00;100.00
49087;1310;83.0;49;12.55;7110.0;-3.13;-3.91;60.39;99.5;41.5;0.00;100.00
49098;1309;82.0;49;12.16;7110.0;-3.13;-3.91;60.78;99.5;41.0;0.00;100.00
49110;1308;82.0;49;12.16;7110.0;-3.13;-3.91;60.78;99.5;41.0;0.00;100.00
49127;1308;81.0;49;11.76;7110.0;-3.13;-3.91;61.18;99.5;41.0;0.00;100.00
49138;1307;81.0;49;11.37;7110.0;-3.13;-3.91;61.57;99.4;41.0;0.00;100.00
49147;1306;80.0;49;10.98;7110.0;-3.13;-3.91;60.39;99.4;41.0;0.00;100.00
49159;1305;80.0;49;10.98;7110.0;-3.13;-3.13;59.61;99.4;41.0;0.00;100.00
49171;1305;79.0;49;10.59;7110.0;-3.13;-3.13;58.43;99.4;41.0;0.00;100.00
49194;1304;79.0;49;10.20;7110.0;-2.34;-3.13;57.25;99.4;41.0;0.00;100.00
49208;1304;78.0;49;9.80;7110.0;-2.34;-3.13;56.08;99.4;41.0;0.00;100.00
49217;1305;78.0;49;9.80;7110.0;-2.34;-3.13;55.29;99.4;41.0;0.00;100.00
49229;1306;78.0;49;9.41;7110.0;-2.34;-3.13;54.12;99.4;41.0;0.00;100.00
49239;1306;78.0;49;9.41;7110.0;-2.34;-2.34;52.94;99.4;41.0;0.00;100.00
49249;1307;78.0;49;9.41;7110.0;-2.34;-2.34;51.76;99.4;41.0;0.00;100.00
49258;1307;78.0;49;9.41;7110.0;-2.34;-2.34;50.98;99.4;41.0;0.00;100.00
49271;1308;78.0;49;9.41;7110.0;-2.34;-2.34;49.80;99.4;41.0;0.00;100.00
49289;1308;78.0;49;9.41;7110.0;-2.34;-2.34;49.80;99.4;41.0;0.00;100.00
49297;1309;78.0;49;9.41;7110.0;-2.34;-2.34;49.80;99.4;41.0;0.00;100.00
49309;1310;78.0;49;9.41;7110.0;-2.34;-2.34;49.80;99.4;41.0;0.00;100.00
49325;1310;78.0;49;9.41;7110.0;-2.34;-2.34;49.80;99.4;41.0;0.00;100.00
49338;1311;78.0;49;9.41;7110.0;-2.34;-2.34;49.80;99.4;41.0;0.00;100.00
49349;1312;78.0;49;9.41;7110.0;-2.34;-2.34;49.80;99.4;41.0;0.00;100.00
49364;1313;79.0;49;9.41;7110.0;-2.34;-2.34;49.80;99.5;41.0;0.00;100.00
49380;1314;79.0;49;9.80;7110.0;-2.34;-2.34;49.80;99.5;41.0;0.00;100.00
49388;1315;79.0;49;10.20;7110.0;-2.34;-2.34;49.80;99.5;41.0;0.00;100.00
49397;1316;79.0;49;10.59;7110.0;-2.34;-2.34;49.80;99.5;41.0;0.00;100.00
49408;1316;80.0;49;10.98;7110.0;-2.34;-2.34;49.80;99.5;41.0;0.00;100.00
49418;1317;80.0;49;11.37;7110.0;-2.34;-2.34;49.80;99.5;41.0;0.00;100.00
49429;1318;80.0;49;11.37;7110.0;-2.34;-2.34;50.20;99.7;41.0;0.00;100.00
49440;1319;80.0;49;11.76;7110.0;-2.34;-2.34;50.20;99.9;41.0;0.00;100.00
49454;1320;81.0;49;12.16;7110.0;-2.34;-2.34;50.20;100.2;41.0;0.00;100.00
49471;1321;81.0;49;12.55;7110.0;-2.34;-2.34;50.59;100.4;41.0;0.00;100.00
49490;1321;82.0;49;12.94;7110.0;-2.34;-2.34;50.59;100.6;41.0;0.00;100.00
49499;1321;83.0;49;13.33;7110.0;-2.34;-2.34;50.98;100.8;41.0;0.00;100.00
49507;1322;83.0;49;13.73;7110.0;-2.34;-2.34;50.98;101.1;41.0;0.00;100.00
49519;1322;84.0;49;13.73;7110.0;-2.34;-2.34;50.98;101.3;41.0;0.00;100.00
49528;1323;85.0;49;14.12;7110.0;-2.34;-2.34;51.37;101.5;41.0;0.00;100.00
49537;1323;86.0;49;14.12;7110.0;-2.34;-2.34;51.37;101.7;41.0;0.00;100.00
49549;1324;87.0;49;14.51;7110.0;-2.34;-2.34;52.55;101.9;41.0;0.00;100.00
49558;1324;88.0;49;14.51;7110.0;-2.34;-2.34;54.12;102.0;41.0;0.00;100.00
49570;1325;88.0;49;14.90;7110.0;-2.34;-2.34;55.29;102.0;42.0;0.00;100.00
49584;1325;89.0;49;14.90;7110.0;-2.34;-2.34;56.47;102.1;42.5;0.00;100.00
49598;1325;90.0;49;15.29;7110.0;-2.34;-2.34;57.65;102.1;43.5;0.00;100.00
49609;1325;90.0;49;15.29;7110.0;-2.34;-2.34;59.22;102.2;44.5;0.00;100.00
49619;1324;90.0;49;15.69;7110.0;-2.34;-2.34;60.39;102.3;45.0;0.00;100.00
49629;1324;90.0;49;15.69;7110.0;-2.34;-2.34;61.57;102.3;46.0;0.00;100.00
49638;1324;90.0;49;15.69;7110.0;-2.34;-2.34;62.75;102.4;46.5;0.00;100.00
49647;1324;90.0;49;15.69;7120.0;-2.34;-2.34;64.31;102.4;47.5;0.00;100.00
49659;1323;90.0;49;15.69;7120.0;-2.34;-2.34;65.49;102.5;48.5;0.00;100.00
49671;1323;90.0;49;15.69;7120.0;-2.34;-2.34;65.49;102.5;49.0;0.00;100.00
49688;1323;90.0;49;15.69;7130.0;-2.34;-2.34;65.10;102.3;50.0;0.00;100.00
49697;1323;90.0;49;15.69;7130.0;-2.34;-2.34;65.10;102.1;50.0;0.00;100.00
49715;1322;90.0;49;15.69;7140.0;-2.34;-2.34;64.71;101.8;49.5;0.00;100.00
49727;1323;90.0;49;15.69;7140.0;-2.34;-1.56;64.71;101.6;49.5;0.00;100.00
49739;1323;90.0;49;15.69;7140.0;-2.34;-1.56;64.31;101.4;49.0;0.00;100.00
49748;1323;90.0;49;15.69;7150.0;-2.34;-1.56;64.31;101.2;49.0;0.00;100.00
49758;1323;90.0;49;15.69;7150.0;-2.34;-1.56;63.92;101.0;48.5;0.00;100.00
49771;1323;90.0;49;15.29;7150.0;-2.34;-1.56;63.92;100.7;48.5;0.00;100.00
49788;1323;90.0;49;15.29;7150.0;-2.34;-1.56;63.53;100.5;48.0;0.00;100.00
49799;1323;89.0;49;15.29;7150.0;-2.34;-1.56;63.53;100.3;48.0;0.00;100.00
49808;1323;89.0;48;15.29;7150.0;-2.34;-1.56;63.53;100.1;47.5;0.00;100.00
49819;1324;89.0;48;14.90;7150.0;-2.34;-1.56;63.14;100.1;47.5;0.00;100.00
49829;1324;89.0;48;14.90;7150.0;-2.34;-1.56;63.14;100.1;47.0;0.00;100.00
49844;1324;89.0;48;14.90;7150.0;-2.34;-1.56;62.75;100.1;47.0;0.00;100.00
49859;1324;89.0;48;14.90;7150.0;-2.34;-1.56;62.75;100.1;46.5;0.00;100.00
49870;1325;89.0;48;14.51;7150.0;-2.34;-1.56;62.35;100.1;46.0;0.00;100.00
49889;1325;89.0;48;14.51;7150.0;-2.34;-1.56;62.35;100.0;45.5;0.00;100.00
49898;1325;88.0;48;14.51;7150.0;-2.34;-1.56;61.96;100.0;45.5;0.00;100.00
49909;1325;88.0;48;14.51;7150.0;-2.34;-1.56;61.96;100.0;45.0;0.00;100.00
49918;1326;88.0;48;14.51;7150.0;-2.34;-1.56;61.57;100.0;44.5;0.00;100.00
49928;1326;88.0;48;14.51;7150.0;-2.34;-1.56;61.57;100.0;44.0;0.00;100.00
49937;1326;88.0;48;14.51;7150.0;-2.34;-1.56;61.18;100.0;44.0;0.00;100.00
49948;1327;88.0;48;14.12;7150.0;-2.34;-1.56;60.78;100.0;43.5;0.00;100.00
49959;1327;87.0;48;14.12;7150.0;-2.34;-1.56;60.78;100.0;43.5;0.00;100.00
49974;1327;87.0;48;14.12;7150.0;-2.34;-1.56;60.39;100.0;43.5;0.00;100.00
49989;1328;87.0;48;14.12;7150.0;-2.34;-1.56;60.00;100.0;43.0;0.00;100.00
49998;1328;87.0;48;14.12;7150.0;-2.34;-1.56;59.61;100.0;43.0;0.00;100.00
50009;1329;87.0;48;14.12;7150.0;-2.34;-1.56;59.22;100.0;43.0;0.00;100.00
50017;1329;87.0;48;14.12;7150.0;-2.34;-1.56;58.82;100.0;43.0;0.00;100.00
50028;1329;87.0;48;14.12;7150.0;-2.34;-1.56;58.82;100.0;43.0;0.00;100.00
50038;1330;87.0;48;14.12;7150.0;-2.34;-1.56;58.43;100.0;43.0;0.00;100.00
50049;1330;87.0;48;14.12;7150.0;-2.34;-1.56;58.04;100.0;42.5;0.00;100.00
50058;1330;87.0;48;14.12;7150.0;-2.34;-1.56;58.04;100.0;42.5;0.00;100.00
50069;1331;87.0;48;13.73;7150.0;-2.34;-1.56;58.04;100.0;42.5;0.00;100.00
50078;1331;87.0;48;13.73;7150.0;-2.34;-1.56;57.65;100.0;42.5;0.00;100.00
50097;1332;87.0;48;13.73;7150.0;-2.34;-1.56;57.65;100.0;42.5;0.00;100.00
50109;1332;87.0;48;13.73;7150.0;-2.34;-1.56;57.65;100.0;42.5;0.00;100.00
50119;1332;87.0;48;13.73;7150.0;-2.34;-1.56;57.65;100.0;42.5;0.00;100.00
50128;1333;87.0;48;13.73;7150.0;-2.34;-1.56;57.65;100.0;42.5;0.00;100.00
50139;1333;87.0;48;13.73;7150.0;-2.34;-1.56;57.65;100.0;42.0;0.00;100.00
50149;1333;87.0;48;13.73;7150.0;-2.34;-1.56;57.25;100.0;42.0;0.00;100.00
50159;1333;87.0;48;13.73;7150.0;-2.34;-1.56;57.25;100.0;42.0;0.00;100.00
50169;1334;86.0;48;13.73;7150.0;-2.34;-1.56;57.25;100.0;42.0;0.00;100.00
50180;1334;86.0;48;13.73;7150.0;-2.34;-1.56;57.25;100.0;42.0;0.00;100.00
50199;1334;86.0;48;13.33;7150.0;-2.34;-1.56;57.25;100.0;42.0;0.00;100.00
50207;1335;86.0;48;13.33;7150.0;-2.34;-1.56;56.86;100.0;42.0;0.00;100.00
50225;1335;86.0;48;13.33;7150.0;-3.13;-1.56;56.86;100.0;42.0;0.00;100.00
50241;1335;86.0;48;13.33;7150.0;-3.13;-2.34;56.86;100.0;42.0;0.00;100.00
50259;1335;86.0;48;13.33;7150.0;-3.13;-2.34;56.86;100.0;42.0;0.00;100.00
50275;1335;86.0;48;13.33;7150.0;-3.13;-2.34;56.86;100.0;42.0;0.00;100.00
50288;1335;86.0;48;13.33;7150.0;-3.13;-2.34;56.86;100.0;41.5;0.00;100.00
50297;1335;86.0;48;13.33;7150.0;-3.13;-2.34;56.47;100.0;41.5;0.00;100.00
50309;1336;86.0;48;13.33;7150.0;-3.13;-2.34;56.47;100.0;41.5;0.00;100.00
50317;1336;86.0;48;13.33;7150.0;-3.13;-2.34;56.47;100.0;41.5;0.00;100.00
50329;1336;86.0;48;13.33;7150.0;-3.13;-2.34;56.47;100.0;41.5;0.00;100.00
50339;1336;86.0;48;13.33;7150.0;-3.13;-2.34;56.47;100.0;41.5;0.00;100.00
50347;1336;86.0;48;13.33;7150.0;-3.13;-2.34;56.47;100.0;41.5;0.00;100.00
50364;1336;86.0;48;13.33;7150.0;-3.13;-2.34;56.47;100.0;41.5;0.00;100.00
50378;1336;86.0;48;13.33;7150.0;-3.13;-2.34;56.47;100.0;41.5;0.00;100.00
50390;1335;86.0;48;13.33;7150.0;-3.13;-2.34;56.08;100.0;41.5;0.00;100.00
50399;1335;86.0;48;13.33;7150.0;-3.13;-2.34;56.08;100.0;41.5;0.00;100.00
50410;1334;86.0;48;13.33;7150.0;-3.13;-2.34;56.08;100.0;41.5;0.00;100.00
50420;1334;86.0;48;12.94;7150.0;-3.13;-2.34;56.08;100.0;41.5;0.00;100.00
50429;1334;86.0;48;12.94;7150.0;-3.13;-2.34;56.08;100.0;41.5;0.00;100.00
50439;1333;86.0;48;12.55;7150.0;-3.13;-2.34;56.08;100.0;41.5;0.00;100.00
50449;1333;86.0;48;12.55;7150.0;-3.13;-2.34;55.69;100.0;41.5;0.00;100.00
50460;1332;86.0;48;12.16;7150.0;-3.13;-2.34;55.69;100.0;41.5;0.00;100.00
50469;1332;86.0;48;12.16;7150.0;-3.13;-2.34;55.29;100.0;41.5;0.00;100.00
50484;1331;86.0;48;11.76;7150.0;-3.13;-2.34;54.90;99.9;41.5;0.00;100.00
50499;1332;86.0;48;11.76;7150.0;-3.13;-2.34;54.90;99.9;41.5;0.00;100.00
50509;1332;85.0;48;11.37;7150.0;-3.13;-2.34;54.51;99.9;41.5;0.00;100.00
50518;1332;85.0;48;11.37;7150.0;-3.13;-2.34;54.51;99.9;41.5;0.00;100.00
50530;1332;84.0;48;11.37;7150.0;-3.13;-2.34;54.12;99.8;41.0;0.00;100.00
50539;1332;84.0;48;11.37;7150.0;-3.13;-2.34;53.73;99.8;41.0;0.00;100.00
50548;1332;83.0;48;10.98;7150.0;-3.13;-2.34;53.73;99.8;41.0;0.00;100.00
50560;1332;83.0;48;10.98;7150.0;-3.13;-2.34;53.33;99.8;41.0;0.00;100.00
50570;1333;82.0;48;10.98;7150.0;-3.13;-2.34;52.94;99.7;41.0;0.00;100.00
50589;1333;82.0;48;10.98;7150.0;-3.13;-2.34;52.55;99.7;41.0;0.00;100.00
50599;1333;81.0;48;10.98;7150.0;-3.13;-2.34;52.16;99.7;41.0;0.00;100.00
50614;1333;81.0;48;10.98;7150.0;-3.13;-2.34;51.76;99.7;41.0;0.00;100.00
50628;1333;80.0;48;10.59;7150.0;-3.13;-2.34;51.37;99.7;41.0;0.00;100.00
50639;1333;80.0;48;10.59;7150.0;-3.13;-2.34;51.37;99.7;41.0;0.00;100.00
50649;1334;80.0;48;10.59;7150.0;-3.13;-2.34;50.98;99.6;41.0;0.00;100.00
50660;1334;79.0;48;10.59;7150.0;-3.13;-2.34;50.59;99.6;41.0;0.00;100.00
50678;1334;79.0;48;10.59;7150.0;-3.13;-2.34;50.20;99.6;41.0;0.00;100.00
50689;1334;79.0;48;10.20;7150.0;-3.13;-2.34;49.80;99.6;41.0;0.00;100.00
50698;1334;79.0;48;10.20;7150.0;-3.13;-2.34;49.41;99.6;41.0;0.00;100.00
50709;1334;79.0;48;10.20;7150.0;-3.13;-2.34;49.41;99.5;41.0;0.00;100.00
50718;1335;79.0;48;10.20;7150.0;-3.13;-2.34;49.02;99.5;41.0;0.00;100.00
50729;1335;78.0;48;10.20;7150.0;-3.13;-2.34;49.02;99.5;41.0;0.00;100.00
50745;1335;78.0;48;10.20;7150.0;-3.91;-2.34;48.63;99.5;41.0;0.00;100.00
50759;1335;78.0;48;9.80;7150.0;-3.91;-2.34;48.63;99.5;41.0;0.00;100.00
50768;1336;78.0;48;9.80;7150.0;-3.91;-2.34;48.24;99.5;41.0;0.00;100.00
50780;1337;78.0;48;9.80;7150.0;-3.91;-2.34;48.24;99.5;41.0;0.00;100.00
50791;1337;78.0;48;9.80;7150.0;-3.91;-2.34;47.84;99.5;40.5;0.00;100.00
50810;1338;78.0;48;9.80;7150.0;-3.91;-2.34;47.84;99.5;40.5;0.00;100.00
50818;1338;78.0;48;9.80;7150.0;-3.91;-2.34;47.45;99.5;40.5;0.00;100.00
50830;1339;78.0;48;9.80;7150.0;-3.91;-2.34;47.45;99.4;40.5;0.00;100.00
50851;1339;78.0;48;9.80;7150.0;-3.91;-2.34;47.45;99.4;40.5;0.00;100.00
50869;1340;78.0;48;9.80;7150.0;-3.91;-2.34;47.84;99.4;40.5;0.00;100.00
50888;1340;78.0;48;9.80;7150.0;-3.91;-2.34;47.84;99.4;40.5;0.00;100.00
50905;1341;78.0;48;9.80;7150.0;-3.91;-2.34;48.24;99.4;40.5;0.00;100.00
50920;1341;78.0;48;9.80;7150.0;-3.91;-2.34;48.24;99.4;40.5;0.00;100.00
50928;1342;78.0;48;9.80;7150.0;-3.91;-2.34;48.63;99.4;40.5;0.00;100.00
50939;1343;78.0;48;9.80;7150.0;-3.91;-2.34;48.63;99.4;40.5;0.00;100.00
50948;1343;78.0;48;9.80;7150.0;-3.91;-2.34;49.02;99.4;40.5;0.00;100.00
50958;1344;78.0;48;9.80;7150.0;-3.91;-2.34;49.02;99.4;40.5;0.00;100.00
50970;1344;78.0;48;9.80;7150.0;-3.91;-2.34;49.41;99.4;40.5;0.00;100.00
50989;1345;78.0;48;9.80;7150.0;-3.91;-2.34;49.41;99.4;40.5;0.00;100.00
50999;1346;78.0;48;9.80;7150.0;-3.91;-2.34;49.41;99.4;40.5;0.00;100.00
51010;1346;78.0;48;10.20;7150.0;-3.91;-2.34;49.80;99.4;40.5;0.00;100.00
51018;1347;78.0;48;10.20;7150.0;-3.91;-2.34;49.80;99.4;40.5;0.00;100.00
51033;1347;78.0;48;10.20;7150.0;-3.91;-2.34;49.80;99.4;40.5;0.00;100.00
51049;1347;78.0;48;10.20;7150.0;-3.91;-2.34;50.20;99.4;40.5;0.00;100.00
51058;1347;78.0;48;10.20;7150.0;-3.91;-2.34;50.20;99.4;40.5;0.00;100.00
51071;1347;78.0;48;10.20;7150.0;-3.91;-2.34;50.59;99.4;40.5;0.00;100.00
51088;1347;78.0;48;10.20;7150.0;-3.91;-2.34;50.59;99.4;41.0;0.00;100.00
51099;1347;78.0;48;9.80;7150.0;-3.91;-2.34;50.59;99.4;41.0;0.00;100.00
51108;1347;78.0;48;9.80;7150.0;-3.91;-2.34;50.98;99.4;41.0;0.00;100.00
51119;1347;79.0;48;9.80;7150.0;-3.91;-2.34;50.98;99.4;41.0;0.00;100.00
51130;1346;79.0;48;9.80;7150.0;-3.91;-2.34;50.98;99.4;41.0;0.00;100.00
51139;1346;79.0;48;9.41;7150.0;-3.91;-2.34;50.98;99.4;41.0;0.00;100.00
51146;1346;79.0;48;9.41;7150.0;-3.91;-2.34;51.37;99.3;41.0;0.00;100.00
51164;1346;79.0;48;9.41;7150.0;-3.91;-2.34;51.37;99.3;41.0;0.00;100.00
51176;1346;79.0;48;9.41;7150.0;-3.91;-2.34;51.37;99.3;41.0;0.00;100.00
51188;1345;79.0;48;9.02;7150.0;-3.91;-2.34;51.37;99.3;41.0;0.00;100.00
51198;1345;78.0;48;9.02;7150.0;-3.91;-2.34;51.37;99.2;41.0;0.00;100.00
51207;1344;78.0;48;9.02;7150.0;-3.91;-2.34;51.37;99.2;40.5;0.00;100.00
51218;1344;78.0;48;9.02;7150.0;-3.91;-2.34;51.76;99.2;40.5;0.00;100.00
51228;1343;78.0;48;9.02;7150.0;-3.91;-2.34;51.76;99.2;40.5;0.00;100.00
51237;1343;77.0;48;9.02;7150.0;-3.13;-2.34;51.76;99.2;40.5;0.00;100.00
51249;1342;77.0;48;9.02;7150.0;-3.13;-1.56;51.37;99.1;40.5;0.00;100.00
51260;1342;77.0;48;8.63;7150.0;-2.34;-1.56;50.98;99.1;40.5;0.00;100.00
51278;1342;77.0;48;8.63;7150.0;-2.34;-1.56;50.98;99.1;40.5;0.00;100.00
51294;1341;76.0;48;8.63;7150.0;-1.56;-1.56;50.59;99.1;40.5;0.00;100.00
51310;1341;76.0;48;8.63;7150.0;-1.56;-0.78;50.20;99.1;40.5;0.00;100.00
51328;1341;76.0;48;8.63;7150.0;-0.78;-0.78;49.80;99.1;40.5;0.00;100.00
51340;1341;76.0;48;8.63;7150.0;-0.78;-0.78;49.41;99.1;40.5;0.00;100.00
51346;1341;76.0;48;8.63;7150.0;0.00;-0.78;49.02;99.1;40.5;0.00;100.00
51361;1342;76.0;48;8.63;7150.0;0.00;0.00;49.02;99.1;40.5;0.00;100.00
51378;1342;76.0;48;8.63;7150.0;0.00;0.00;48.63;99.1;40.5;0.00;100.00
51388;1342;76.0;48;8.63;7150.0;0.00;0.00;48.24;99.1;40.5;0.00;100.00
51399;1342;76.0;48;8.63;7150.0;0.00;0.00;48.63;99.1;40.5;0.00;100.00
51407;1342;76.0;48;8.63;7150.0;0.00;0.00;48.63;99.1;40.5;0.00;100.00
51416;1342;76.0;48;8.63;7150.0;0.00;0.00;49.02;99.1;40.5;0.00;100.00
51433;1342;76.0;48;8.63;7150.0;0.00;0.00;49.02;99.1;40.5;0.00;100.00
51446;1342;76.0;48;8.63;7150.0;0.00;0.00;49.41;99.1;40.5;0.00;100.00
51458;1343;76.0;48;8.63;7150.0;0.00;0.00;49.41;99.1;40.5;0.00;100.00
51470;1343;76.0;48;8.63;7150.0;0.00;0.00;49.80;99.1;40.5;0.00;100.00
51489;1343;76.0;48;8.63;7150.0;0.00;0.00;49.80;99.1;41.0;0.00;100.00
51501;1343;76.0;48;8.63;7150.0;0.00;0.00;50.20;99.0;41.0;0.00;100.00
51520;1344;76.0;48;8.24;7160.0;0.00;0.00;50.20;99.0;41.0;0.00;100.00
51526;1344;75.0;48;8.24;7160.0;0.00;0.00;50.59;99.0;41.0;0.00;100.00
51537;1344;75.0;48;8.24;7160.0;0.00;0.00;50.59;99.0;41.0;0.00;100.00
51546;1344;75.0;48;8.24;7160.0;0.00;0.00;50.20;99.0;41.0;0.00;100.00
51560;1345;75.0;48;8.24;7170.0;0.00;0.00;50.20;99.0;41.0;0.00;100.00
51584;1345;75.0;48;8.24;7170.0;0.00;0.00;50.20;99.0;41.0;0.00;100.00
51600;1345;75.0;48;7.84;7170.0;0.00;0.00;50.20;99.0;41.0;0.00;100.00
51609;1345;75.0;48;7.84;7170.0;0.00;0.00;49.80;99.0;41.0;0.00;100.00
51617;1345;75.0;48;7.84;7180.0;0.00;0.00;49.80;99.0;41.0;0.00;100.00
51627;1345;75.0;48;7.84;7180.0;0.00;0.00;49.80;99.0;41.0;0.00;100.00
51636;1345;75.0;48;7.84;7180.0;0.00;0.00;49.80;99.0;41.0;0.00;100.00
51647;1345;75.0;48;7.84;7180.0;0.00;0.00;49.41;99.0;41.0;0.00;100.00
51660;1345;74.0;48;7.84;7180.0;0.00;0.00;49.41;99.0;41.0;0.00;100.00
51669;1345;74.0;49;7.84;7180.0;0.00;0.00;49.41;99.0;41.0;0.00;100.00
51679;1345;74.0;49;7.84;7180.0;0.00;0.00;49.41;99.0;41.0;0.00;100.00
51688;1345;74.0;49;7.84;7180.0;0.00;0.00;49.02;99.0;41.0;0.00;100.00
51703;1345;74.0;49;7.84;7180.0;0.00;0.00;49.02;99.0;41.0;0.00;100.00
51717;1346;74.0;49;7.84;7180.0;0.00;0.00;49.02;99.0;41.0;0.00;100.00
51726;1346;74.0;49;7.84;7180.0;0.00;0.00;49.02;99.0;41.0;0.00;100.00
51736;1347;74.0;49;7.84;7180.0;0.00;0.00;49.02;99.0;41.0;0.00;100.00
51747;1348;74.0;49;7.84;7180.0;0.00;0.00;49.02;99.0;41.0;0.00;100.00
51761;1349;74.0;49;7.84;7180.0;0.00;0.00;48.63;99.0;41.0;0.00;100.00
51780;1349;74.0;49;7.84;7180.0;0.00;0.00;48.63;99.0;41.0;0.00;100.00
51788;1350;73.0;49;7.84;7180.0;0.00;0.00;48.63;99.0;41.0;0.00;100.00
51800;1351;73.0;49;7.84;7180.0;0.00;0.00;48.63;99.0;41.0;0.00;100.00
51808;1352;73.0;49;7.84;7180.0;0.00;0.00;48.63;99.0;41.0;0.00;100.00
51817;1352;73.0;49;7.84;7180.0;0.00;0.00;48.63;99.0;41.0;0.00;100.00
51832;1353;73.0;49;7.84;7180.0;0.00;0.00;48.63;99.0;41.0;0.00;100.00
51848;1353;73.0;49;7.84;7180.0;0.00;0.00;48.63;99.0;41.0;0.00;100.00
51861;1353;73.0;49;7.84;7180.0;0.00;0.00;48.24;99.0;41.0;0.00;100.00
51878;1353;73.0;49;7.84;7180.0;0.00;0.00;48.24;99.0;41.0;0.00;100.00
51889;1353;74.0;49;7.84;7180.0;0.00;0.00;48.24;99.0;41.0;0.00;100.00
51898;1353;74.0;49;7.84;7180.0;0.00;0.00;48.24;99.0;41.0;0.00;100.00
51907;1353;74.0;49;7.84;7180.0;0.00;0.00;48.24;99.0;41.0;0.00;100.00
51919;1353;74.0;49;7.84;7180.0;0.00;0.00;48.24;99.0;41.0;0.00;100.00
51928;1353;74.0;49;7.84;7180.0;0.00;0.00;48.24;99.0;41.0;0.00;100.00
51937;1353;74.0;49;7.84;7180.0;0.00;0.00;48.24;99.0;41.0;0.00;100.00
51948;1353;75.0;49;7.84;7180.0;0.00;0.00;48.24;99.0;41.0;0.00;100.00
51964;1353;75.0;49;7.84;7180.0;0.00;0.00;48.24;99.0;41.0;0.00;100.00
51979;1353;75.0;49;7.84;7180.0;0.00;0.00;48.24;99.0;41.0;0.00;100.00
51988;1353;75.0;49;7.84;7180.0;0.00;0.00;47.84;99.0;41.0;0.00;100.00
51999;1352;75.0;49;7.84;7180.0;0.00;0.00;47.84;99.0;41.0;0.00;100.00
52008;1352;74.0;49;7.84;7180.0;0.00;0.00;47.84;99.0;41.0;0.00;100.00
52019;1352;74.0;49;7.84;7180.0;0.00;0.00;47.84;99.0;41.0;0.00;100.00
52027;1351;74.0;49;7.84;7180.0;0.00;0.00;47.84;98.9;41.0;0.00;100.00
52041;1351;74.0;49;7.84;7180.0;0.00;0.00;47.84;98.9;41.0;0.00;100.00
52059;1351;74.0;49;7.84;7180.0;0.00;0.00;47.84;98.9;41.0;0.00;100.00
52070;1351;74.0;49;7.84;7180.0;0.00;0.00;47.84;99.0;41.0;0.00;100.00
52088;1350;73.0;49;7.84;7180.0;0.00;0.00;47.84;99.0;41.0;0.00;100.00
52103;1350;73.0;49;7.84;7180.0;0.00;0.00;47.84;99.0;41.0;0.00;100.00
52118;1348;73.0;49;7.84;7180.0;0.00;0.00;47.84;99.0;41.0;0.00;100.00
52129;1347;73.0;49;7.84;7180.0;0.00;0.00;47.84;99.0;41.0;0.00;100.00
52138;1346;74.0;49;7.84;7180.0;0.00;0.00;47.84;99.0;41.0;0.00;100.00
52148;1344;74.0;49;8.24;7180.0;0.00;0.00;47.84;99.0;41.0;0.00;100.00
52160;1343;74.0;49;8.63;7180.0;0.00;0.00;47.84;99.0;41.0;0.00;100.00
52169;1342;74.0;49;8.63;7180.0;0.00;0.00;47.84;99.1;41.0;0.00;100.00
52177;1340;75.0;49;9.02;7180.0;0.00;0.00;47.84;99.1;41.0;0.00;100.00
52189;1339;75.0;49;9.41;7180.0;0.00;0.00;48.24;99.1;41.0;0.00;100.00
52200;1337;75.0;49;9.80;7180.0;0.00;0.00;49.02;100.1;41.0;0.00;100.00
52208;1336;75.0;49;10.20;7180.0;0.00;0.00;49.41;101.1;42.0;0.00;100.00
52224;1335;76.0;49;10.59;7180.0;0.00;0.00;49.80;102.1;42.5;0.00;100.00
52238;1337;76.0;49;10.59;7180.0;0.00;0.00;50.20;103.1;43.5;0.00;100.00
52249;1339;78.0;49;10.98;7180.0;0.00;0.00;50.98;104.1;44.5;0.00;100.00
52258;1340;79.0;49;11.37;7180.0;0.00;0.00;51.37;105.1;45.0;0.00;100.00
52269;1342;81.0;49;12.16;7180.0;0.00;0.00;51.76;106.1;46.0;0.00;100.00
52278;1344;82.0;49;12.55;7180.0;0.00;0.00;52.16;107.1;46.5;0.00;100.00
52288;1346;84.0;49;13.33;7180.0;0.00;0.00;52.94;108.1;47.5;0.00;100.00
52300;1348;85.0;49;13.73;7180.0;0.00;0.00;53.33;109.1;48.5;0.00;100.00
52309;1350;87.0;49;14.51;7180.0;0.00;0.00;55.29;110.1;49.0;0.00;100.00
52318;1352;88.0;49;14.90;7180.0;0.00;0.00;56.86;109.4;50.0;0.00;100.00
52327;1354;90.0;49;15.69;7180.0;0.00;0.00;58.82;108.6;52.0;0.00;100.00
52345;1356;91.0;49;16.08;7180.0;0.00;0.00;60.78;107.8;53.5;0.00;100.00
52360;1357;93.0;49;16.86;7180.0;0.00;0.00;62.75;107.1;55.5;0.00;100.00
52369;1357;93.0;49;17.25;7180.0;0.00;0.00;64.31;106.3;57.5;0.00;100.00
52379;1357;92.0;49;18.04;7180.0;0.00;0.00;66.27;105.5;59.5;0.00;100.00
52387;1358;92.0;49;17.25;7180.0;0.00;0.00;68.24;104.7;61.0;0.00;100.00
52400;1358;92.0;49;16.47;7180.0;0.00;0.00;70.20;104.0;63.0;0.00;100.00
52408;1358;91.0;49;15.69;7180.0;0.00;0.00;71.76;103.2;65.0;0.00;100.00
52417;1359;91.0;49;14.90;7180.0;0.00;0.00;73.73;102.4;67.0;0.00;100.00
52428;1359;90.0;49;14.12;7180.0;0.00;0.00;71.37;101.7;68.5;0.00;100.00
52440;1360;90.0;49;12.94;7180.0;0.00;0.00;69.41;101.4;70.5;0.00;100.00
52449;1360;90.0;49;12.16;7180.0;0.00;0.00;67.06;101.1;69.5;0.00;100.00
52463;1360;89.0;49;11.37;7180.0;0.00;0.00;65.10;100.9;68.5;0.00;100.00
52478;1359;89.0;49;10.59;7180.0;0.00;0.00;62.75;100.6;67.5;0.00;100.00
52488;1358;87.0;49;9.80;7180.0;0.00;0.00;60.78;100.4;66.5;0.00;100.00
52501;1357;85.0;49;9.02;7180.0;0.00;0.00;58.43;100.1;65.5;0.00;100.00
52518;1356;83.0;49;9.02;7180.0;0.00;0.00;56.47;99.9;64.0;0.00;100.00
52529;1355;81.0;49;8.63;7180.0;0.00;0.00;54.12;99.6;63.0;0.00;100.00
52537;1354;79.0;49;8.63;7180.0;0.00;0.00;52.16;99.4;62.0;0.00;100.00
52548;1353;77.0;49;8.24;7180.0;0.00;0.00;49.80;99.1;61.0;0.00;100.00
52559;1352;75.0;49;8.24;7180.0;0.00;0.00;48.63;98.9;60.0;0.00;100.00
52570;1351;73.0;49;7.84;7180.0;0.00;0.00;47.84;98.9;59.0;0.00;100.00
52589;1350;71.0;49;7.84;7180.0;0.00;0.00;46.67;98.9;58.5;0.00;100.00
52603;1349;69.0;49;7.45;7180.0;0.00;0.00;45.49;98.9;58.0;0.00;100.00
52618;1349;67.0;49;7.45;7180.0;0.00;0.00;44.31;98.9;57.0;0.00;100.00
52629;1350;67.0;49;7.06;7180.0;0.00;0.00;43.53;98.9;56.5;0.00;100.00
52637;1350;68.0;49;7.06;7180.0;0.00;0.00;42.35;98.9;56.0;0.00;100.00
52648;1351;68.0;49;7.06;7180.0;0.00;0.00;41.18;98.9;55.5;0.00;100.00
52660;1352;68.0;49;7.06;7180.0;0.00;0.00;40.00;98.9;55.0;0.00;100.00
52671;1352;69.0;49;7.45;7180.0;0.00;0.00;39.22;98.9;54.5;0.00;100.00
52689;1353;69.0;49;7.45;7180.0;0.00;0.00;38.04;98.9;53.5;0.00;100.00
52698;1354;70.0;49;7.45;7180.0;-0.78;0.00;38.43;98.9;53.0;0.00;100.00
52708;1354;70.0;49;7.45;7180.0;-0.78;0.00;38.82;98.9;52.5;0.00;100.00
52718;1355;70.0;49;7.45;7180.0;-0.78;0.00;38.82;98.9;52.0;0.00;100.00
52734;1355;71.0;49;7.45;7180.0;-0.78;0.00;39.22;98.9;51.5;0.00;100.00
52749;1355;71.0;49;7.84;7180.0;-0.78;0.00;39.61;98.9;51.5;0.00;100.00
52760;1355;71.0;49;7.84;7180.0;-0.78;0.00;40.00;98.9;51.0;0.00;100.00
52770;1354;71.0;49;7.84;7180.0;-1.56;0.00;40.39;98.9;50.5;0.00;100.00
52788;1354;71.0;49;7.84;7180.0;-1.56;0.00;40.78;98.9;50.0;0.00;100.00
52799;1354;71.0;49;7.84;7180.0;-1.56;0.00;40.78;98.9;49.5;0.00;100.00
52808;1354;71.0;49;7.84;7180.0;-1.56;0.00;41.18;98.9;49.0;0.00;100.00
52818;1353;72.0;49;7.84;7180.0;-1.56;0.00;41.57;98.9;49.0;0.00;100.00
52827;1353;72.0;49;7.84;7180.0;-1.56;0.00;41.96;98.9;48.5;0.00;100.00
52838;1353;72.0;49;8.24;7180.0;-1.56;0.00;41.96;98.9;48.0;0.00;100.00
52847;1352;72.0;49;8.24;7180.0;-1.56;0.00;42.35;98.9;47.5;0.00;100.00
52865;1352;72.0;49;8.24;7180.0;-2.34;0.00;42.35;98.9;47.5;0.00;100.00
52879;1352;72.0;49;8.24;7180.0;-2.34;0.00;42.75;98.9;47.0;0.00;100.00
52889;1352;72.0;49;8.24;7180.0;-2.34;0.00;42.75;98.9;46.5;0.00;100.00
52898;1352;72.0;49;8.24;7180.0;-2.34;0.00;43.14;99.0;46.5;0.00;100.00
52909;1351;72.0;49;8.24;7180.0;-2.34;0.00;43.14;99.0;46.0;0.00;100.00
52918;1351;72.0;49;8.24;7180.0;-2.34;0.00;43.53;99.0;46.0;0.00;100.00
52927;1351;72.0;49;8.24;7180.0;-2.34;0.00;43.53;99.0;45.5;0.00;100.00
52939;1351;72.0;49;8.24;7180.0;-2.34;0.00;43.92;99.0;45.0;0.00;100.00
52949;1350;72.0;49;8.24;7180.0;-1.56;0.00;44.31;99.0;45.0;0.00;100.00
52960;1350;72.0;49;8.24;7180.0;-1.56;0.00;44.31;99.0;44.5;0.00;100.00
52971;1350;72.0;49;8.24;7180.0;-1.56;0.00;44.71;99.0;44.5;0.00;100.00
52994;1350;72.0;49;8.24;7180.0;-1.56;0.00;45.10;99.0;44.0;0.00;100.00
53009;1350;72.0;49;8.24;7180.0;-1.56;0.00;45.49;99.0;44.0;0.00;100.00
53018;1350;72.0;49;8.24;7180.0;-1.56;0.00;45.49;99.0;43.5;0.00;100.00
53029;1350;72.0;49;8.24;7180.0;-0.78;0.00;45.88;99.0;43.5;0.00;100.00
53037;1351;72.0;49;8.24;7180.0;-0.78;0.00;46.27;99.0;43.0;0.00;100.00
53048;1351;72.0;49;8.24;7180.0;-0.78;0.00;46.67;99.0;43.0;0.00;100.00
53057;1351;72.0;49;8.24;7180.0;-0.78;0.00;46.67;99.0;42.5;0.00;100.00
53071;1351;73.0;49;8.24;7180.0;-0.78;0.00;47.06;99.0;42.5;0.00;100.00
53088;1351;73.0;49;8.24;7180.0;-0.78;0.00;47.06;99.0;42.0;0.00;100.00
53099;1352;73.0;49;8.24;7180.0;-0.78;0.00;47.45;99.0;42.0;0.00;100.00
53108;1352;73.0;49;8.24;7180.0;-0.78;0.00;47.45;99.0;42.0;0.00;100.00
53126;1352;73.0;49;8.24;7180.0;-0.78;0.00;47.45;99.0;42.0;0.00;100.00
53138;1353;73.0;49;8.24;7180.0;-0.78;0.00;47.45;99.0;42.0;0.00;100.00
53148;1353;73.0;49;8.24;7180.0;-0.78;0.00;47.84;99.0;42.0;0.00;100.00
53158;1354;73.0;49;8.24;7180.0;-0.78;0.00;47.84;99.0;42.0;0.00;100.00
53169;1355;73.0;49;8.24;7180.0;-0.78;0.00;47.84;99.0;41.5;0.00;100.00
53178;1355;73.0;49;8.24;7180.0;-0.78;0.00;47.84;99.0;41.5;0.00;100.00
53188;1356;73.0;49;8.24;7180.0;-0.78;0.00;48.24;99.0;41.5;0.00;100.00
53198;1356;74.0;49;8.24;7180.0;-0.78;0.00;48.24;99.0;41.5;0.00;100.00
53209;1357;74.0;49;8.24;7180.0;-0.78;0.00;48.24;99.0;41.5;0.00;100.00
53217;1358;74.0;49;8.24;7180.0;-0.78;0.00;48.24;99.0;41.5;0.00;100.00
53229;1358;74.0;49;8.24;7180.0;-0.78;0.00;48.24;99.1;41.5;0.00;100.00
53244;1359;74.0;49;8.24;7180.0;-0.78;0.00;48.24;99.1;41.5;0.00;100.00
53258;1359;74.0;49;8.24;7180.0;-0.78;0.00;48.24;99.1;41.5;0.00;100.00
53270;1360;74.0;49;8.24;7180.0;-0.78;0.00;48.24;99.1;41.5;0.00;100.00
53289;1360;74.0;49;8.24;7180.0;-0.78;0.00;48.24;99.1;41.5;0.00;100.00
53298;1360;75.0;49;8.24;7180.0;-0.78;0.00;48.24;99.1;41.0;0.00;100.00
53307;1360;75.0;49;8.24;7180.0;-0.78;0.00;48.24;99.1;41.0;0.00;100.00
53318;1361;75.0;49;8.63;7180.0;-0.78;0.00;48.24;99.1;41.0;0.00;100.00
53328;1361;75.0;49;8.63;7180.0;-0.78;0.00;48.24;99.1;41.0;0.00;100.00
53338;1361;75.0;49;8.63;7180.0;-0.78;0.00;48.63;99.1;41.0;0.00;100.00
53349;1361;75.0;49;8.63;7180.0;-0.78;0.00;48.63;99.1;41.0;0.00;100.00
53361;1362;76.0;49;8.63;7180.0;-0.78;0.00;49.02;99.1;41.0;0.00;100.00
53384;1362;76.0;49;8.63;7180.0;-0.78;0.00;49.41;99.1;41.0;0.00;100.00
53398;1361;76.0;49;9.02;7180.0;-0.78;0.00;49.80;99.1;41.0;0.00;100.00
53407;1361;76.0;49;9.02;7180.0;-0.78;0.00;49.80;99.2;41.0;0.00;100.00
53419;1361;77.0;49;9.02;7180.0;-0.78;0.00;50.20;99.2;41.0;0.00;100.00
53427;1360;77.0;49;9.02;7180.0;-0.78;0.00;50.59;99.2;40.5;0.00;100.00
53439;1360;77.0;49;9.02;7180.0;-0.78;0.00;50.98;99.2;40.5;0.00;100.00
53448;1359;77.0;49;9.02;7180.0;-0.78;0.00;50.98;99.2;40.5;0.00;100.00
53459;1359;78.0;49;9.02;7180.0;-0.78;0.00;51.37;99.2;40.5;0.00;100.00
53468;1358;78.0;49;9.02;7180.0;-0.78;0.00;51.37;99.2;40.5;0.00;100.00
53477;1358;78.0;49;9.41;7180.0;-0.78;0.00;51.76;99.2;40.5;0.00;100.00
53489;1357;78.0;49;9.41;7180.0;-0.78;0.00;51.76;99.2;40.5;0.00;100.00
53504;1357;79.0;49;9.41;7180.0;-1.56;0.00;52.16;99.2;40.5;0.00;100.00
53519;1356;79.0;49;9.41;7180.0;-1.56;-0.78;52.16;99.2;40.5;0.00;100.00
53528;1356;79.0;49;9.41;7180.0;-1.56;-0.78;52.55;99.1;40.5;0.00;100.00
53539;1355;78.0;49;9.41;7180.0;-1.56;-0.78;52.55;99.1;40.5;0.00;100.00
53549;1355;78.0;49;9.41;7180.0;-1.56;-0.78;52.94;99.1;40.5;0.00;100.00
53558;1354;78.0;49;9.02;7180.0;-1.56;-0.78;52.94;99.1;40.5;0.00;100.00
53570;1354;77.0;49;9.02;7180.0;-1.56;-0.78;53.33;99.0;40.5;0.00;100.00
53578;1353;77.0;49;8.63;7180.0;-1.56;-0.78;53.33;99.0;40.5;0.00;100.00
53589;1353;76.0;49;8.63;7180.0;-1.56;-0.78;52.94;99.0;40.5;0.00;100.00
53598;1352;76.0;49;8.24;7180.0;-1.56;-0.78;52.94;99.0;40.5;0.00;100.00
53609;1352;76.0;49;8.24;7180.0;-1.56;-0.78;52.55;99.0;40.5;0.00;100.00
53624;1351;75.0;49;7.84;7180.0;-1.56;-0.78;52.16;99.0;40.5;0.00;100.00
53640;1352;75.0;49;7.84;7180.0;-1.56;-0.78;51.76;99.0;40.5;0.00;100.00
53648;1352;75.0;49;7.45;7180.0;-1.56;-0.78;51.76;98.9;40.5;0.00;100.00
53659;1353;74.0;49;7.45;7180.0;-1.56;-0.78;51.37;98.9;40.5;0.00;100.00
53668;1354;74.0;49;7.45;7180.0;-1.56;-0.78;50.98;98.9;40.5;0.00;100.00
53677;1354;73.0;49;7.45;7180.0;-1.56;-0.78;50.59;98.9;40.5;0.00;100.00
53689;1355;73.0;49;7.06;7180.0;-1.56;-0.78;50.59;98.9;40.5;0.00;100.00
53698;1355;72.0;49;7.06;7180.0;-2.34;-0.78;50.20;98.9;40.5;0.00;100.00
53710;1356;72.0;49;7.06;7180.0;-2.34;-1.56;49.80;98.9;40.5;0.00;100.00
53718;1356;71.0;49;7.06;7180.0;-2.34;-1.56;49.41;98.9;40.5;0.00;100.00
53727;1357;71.0;49;7.06;7180.0;-2.34;-1.56;48.63;98.9;40.5;0.00;100.00
53745;1357;70.0;49;7.06;7180.0;-3.13;-1.56;48.24;98.9;40.5;0.00;100.00
53759;1358;70.0;49;6.67;7180.0;-3.13;-2.34;47.84;98.9;40.5;0.00;100.00
53768;1358;70.0;49;6.67;7180.0;-3.13;-2.34;47.45;98.9;40.5;0.00;100.00
53780;1358;70.0;49;6.67;7180.0;-3.13;-2.34;47.06;98.9;40.5;0.00;100.00
53789;1359;69.0;49;6.67;7180.0;-3.91;-2.34;46.67;98.9;40.5;0.00;100.00
53800;1359;69.0;49;6.67;7180.0;-3.91;-3.13;45.88;98.9;40.5;0.00;100.00
53817;1359;69.0;49;6.67;7180.0;-3.91;-3.13;45.49;98.9;40.5;0.00;100.00
53828;1360;69.0;49;6.67;7180.0;-3.91;-3.13;45.10;98.9;40.5;0.00;100.00
53839;1360;69.0;49;6.67;7180.0;-4.69;-3.13;44.71;98.9;40.5;0.00;100.00
53848;1360;69.0;49;6.67;7180.0;-4.69;-3.91;44.31;98.9;40.5;0.00;100.00
53860;1361;68.0;49;6.67;7180.0;-4.69;-3.91;44.31;98.9;40.5;0.00;100.00
53876;1361;68.0;49;6.67;7180.0;-4.69;-3.91;43.92;98.9;40.5;0.00;100.00
53889;1361;68.0;49;6.67;7180.0;-4.69;-3.91;43.53;98.9;40.5;0.00;100.00
53897;1361;68.0;49;6.67;7180.0;-4.69;-3.91;43.14;98.9;40.5;0.00;100.00
53908;1360;68.0;49;6.67;7180.0;-5.47;-3.91;42.75;98.9;40.5;0.00;100.00
53919;1360;68.0;49;6.67;7180.0;-5.47;-4.69;42.35;98.9;41.0;0.00;100.00
53928;1360;68.0;49;6.67;7180.0;-5.47;-4.69;42.35;98.9;41.0;0.00;100.00
53940;1360;68.0;49;6.67;7190.0;-5.47;-4.69;41.96;98.9;41.0;0.00;100.00
53949;1360;67.0;49;6.67;7190.0;-5.47;-4.69;41.57;98.9;41.0;0.00;100.00
53960;1360;67.0;49;6.67;7190.0;-6.25;-4.69;41.57;98.9;41.0;0.00;100.00
53968;1360;67.0;49;6.67;7200.0;-6.25;-5.47;41.57;98.9;41.0;0.00;100.00
53977;1360;67.0;49;6.67;7200.0;-6.25;-5.47;41.18;98.9;41.0;0.00;100.00
53995;1359;67.0;49;6.67;7210.0;-6.25;-5.47;41.18;98.9;41.0;0.00;100.00
54009;1359;67.0;49;6.67;7210.0;-6.25;-5.47;41.18;98.9;41.0;0.00;100.00
54019;1358;67.0;49;6.67;7210.0;-6.25;-5.47;41.18;98.9;41.0;0.00;100.00
54030;1358;67.0;49;6.67;7220.0;-7.03;-5.47;41.18;98.9;41.0;0.00;100.00
54047;1357;67.0;49;6.67;7220.0;-7.03;-6.25;41.18;98.9;41.0;0.00;100.00
54060;1357;67.0;49;6.67;7220.0;-7.03;-6.25;40.78;98.9;41.0;0.00;100.00
54069;1356;67.0;49;7.06;7220.0;-7.03;-6.25;40.78;98.9;41.0;0.00;100.00
54079;1356;68.0;49;7.06;7220.0;-7.03;-6.25;40.78;98.9;41.0;0.00;100.00
54090;1355;68.0;49;7.06;7220.0;-6.25;-6.25;40.78;98.9;41.0;0.00;100.00
54099;1355;68.0;49;7.06;7220.0;-6.25;-6.25;40.78;98.9;41.0;0.00;100.00
54109;1354;68.0;49;7.06;7220.0;-6.25;-6.25;41.18;98.9;41.0;0.00;100.00
54128;1354;68.0;49;7.06;7220.0;-6.25;-6.25;41.18;98.9;41.0;0.00;100.00
54139;1355;68.0;49;7.45;7220.0;-6.25;-6.25;41.18;98.9;41.0;0.00;100.00
54147;1355;68.0;49;7.45;7220.0;-6.25;-6.25;41.18;98.9;41.0;0.00;100.00
54159;1356;69.0;49;7.45;7220.0;-5.47;-6.25;41.18;98.9;41.0;0.00;100.00
54169;1356;69.0;49;7.45;7220.0;-5.47;-6.25;41.18;98.9;41.0;0.00;100.00
54178;1357;69.0;49;7.45;7220.0;-5.47;-6.25;41.57;98.9;41.0;0.00;100.00
54189;1358;70.0;49;7.45;7220.0;-5.47;-6.25;41.57;98.9;41.0;0.00;100.00
54199;1358;70.0;49;7.45;7220.0;-5.47;-6.25;41.57;98.9;41.0;0.00;100.00
54211;1359;71.0;49;7.45;7220.0;-5.47;-6.25;41.57;98.9;41.0;0.00;100.00
54227;1360;71.0;49;7.84;7220.0;-5.47;-5.47;41.96;98.9;41.0;0.00;100.00
54240;1360;71.0;49;7.84;7220.0;-5.47;-5.47;41.96;98.9;41.0;0.00;100.00
54265;1361;72.0;49;7.84;7220.0;-4.69;-5.47;42.35;98.9;41.0;0.00;100.00
54277;1361;72.0;49;7.84;7220.0;-4.69;-5.47;42.35;98.9;41.0;0.00;100.00
54289;1361;72.0;49;7.84;7220.0;-4.69;-5.47;42.75;98.9;41.0;0.00;100.00
54298;1361;72.0;49;7.84;7220.0;-4.69;-5.47;42.75;98.9;41.0;0.00;100.00
54309;1361;72.0;49;7.84;7220.0;-4.69;-4.69;43.14;98.9;41.0;0.00;100.00
54318;1361;72.0;49;7.84;7220.0;-4.69;-4.69;43.14;98.9;41.0;0.00;100.00
54330;1361;72.0;49;7.84;7220.0;-4.69;-4.69;43.53;98.9;41.0;0.00;100.00
54338;1361;72.0;49;7.84;7220.0;-4.69;-4.69;43.53;98.9;41.0;0.00;100.00
54347;1361;72.0;49;7.84;7220.0;-4.69;-4.69;43.92;98.9;41.0;0.00;100.00
54363;1361;72.0;49;8.24;7220.0;-4.69;-4.69;43.92;98.9;41.0;0.00;100.00
54379;1361;72.0;49;8.24;7220.0;-4.69;-4.69;44.31;99.0;41.0;0.00;100.00
54394;1361;72.0;49;8.24;7220.0;-3.91;-4.69;44.71;99.0;41.0;0.00;100.00
54408;1361;72.0;49;8.24;7220.0;-3.91;-3.91;44.71;99.0;41.0;0.00;100.00
54420;1361;72.0;49;8.24;7220.0;-3.91;-3.91;45.10;99.0;41.0;0.00;100.00
54429;1361;72.0;49;8.24;7220.0;-3.91;-3.91;45.10;99.0;41.0;0.00;100.00
54438;1360;73.0;49;8.24;7220.0;-3.91;-3.91;45.49;99.0;40.5;0.00;100.00
54449;1360;73.0;49;8.24;7220.0;-3.91;-3.91;45.88;99.0;40.5;0.00;100.00
54457;1360;73.0;49;8.24;7220.0;-3.91;-3.91;45.88;99.0;40.5;0.00;100.00
54471;1360;73.0;49;8.24;7220.0;-3.91;-3.91;46.27;99.0;40.5;0.00;100.00
54489;1360;73.0;49;8.24;7220.0;-3.91;-3.91;46.27;99.0;40.5;0.00;100.00
54499;1360;73.0;49;8.24;7220.0;-3.91;-3.91;46.67;99.0;40.5;0.00;100.00
54510;1360;74.0;49;8.24;7220.0;-3.91;-3.91;46.67;99.0;40.5;0.00;100.00
54535;1360;74.0;49;8.24;7220.0;-3.13;-3.91;46.67;99.0;40.5;0.00;100.00
54549;1359;74.0;49;8.24;7220.0;-3.13;-3.13;47.06;99.0;40.5;0.00;100.00
54557;1359;74.0;49;8.24;7220.0;-3.13;-3.13;47.06;99.0;40.5;0.00;100.00
54569;1359;73.0;49;8.24;7220.0;-3.13;-3.13;47.45;98.9;40.5;0.00;100.00
54578;1358;73.0;49;8.24;7220.0;-3.13;-3.13;47.45;98.9;40.5;0.00;100.00
54588;1358;72.0;49;7.84;7220.0;-3.13;-3.13;47.45;98.9;40.5;0.00;100.00
54600;1357;72.0;49;7.84;7220.0;-3.13;-3.13;47.84;98.9;40.5;0.00;100.00
54607;1357;71.0;49;7.84;7220.0;-3.13;-3.13;47.84;98.9;40.5;0.00;100.00
54618;1357;71.0;49;7.45;7220.0;-3.13;-3.13;47.84;98.9;40.5;0.00;100.00
54629;1356;70.0;49;7.45;7220.0;-3.13;-3.13;47.45;98.9;40.5;0.00;100.00
54639;1356;70.0;49;7.06;7220.0;-3.13;-3.13;47.45;98.9;40.5;0.00;100.00
54654;1356;69.0;49;7.06;7220.0;-3.13;-3.13;47.06;98.9;40.5;0.00;100.00
54667;1356;69.0;49;7.06;7220.0;-3.13;-3.13;47.06;98.9;40.5;0.00;100.00
54680;1357;69.0;49;6.67;7220.0;-3.13;-3.13;46.67;98.9;40.5;0.00;100.00
54688;1358;69.0;49;6.67;7220.0;-3.13;-3.13;46.67;98.9;40.5;0.00;100.00
54699;1358;69.0;49;6.67;7220.0;-3.13;-3.13;46.27;98.9;41.0;0.00;100.00
54708;1359;69.0;49;6.67;7220.0;-3.13;-3.13;46.27;98.9;41.0;0.00;100.00
54720;1360;69.0;49;6.67;7220.0;-3.13;-3.13;45.88;98.9;41.0;0.00;100.00
54738;1360;69.0;49;6.67;7220.0;-2.34;-3.13;45.88;98.9;41.0;0.00;100.00
54749;1361;69.0;49;6.67;7220.0;-2.34;-2.34;45.49;98.9;41.0;0.00;100.00
54758;1362;69.0;49;6.67;7220.0;-2.34;-2.34;45.10;98.9;41.0;0.00;100.00
54769;1362;69.0;49;6.67;7220.0;-2.34;-2.34;44.71;98.9;41.0;0.00;100.00
54783;1363;69.0;49;6.67;7220.0;-1.56;-2.34;44.31;98.9;41.0;0.00;100.00
54799;1362;69.0;49;6.67;7220.0;-1.56;-1.56;43.92;98.9;41.0;0.00;100.00
54809;1360;69.0;49;6.67;7220.0;-1.56;-1.56;43.92;98.9;41.0;0.00;100.00
54819;1359;68.0;49;6.67;7220.0;-1.56;-1.56;43.53;98.9;41.0;0.00;100.00
54828;1358;68.0;49;6.67;7220.0;-0.78;-1.56;43.14;98.9;41.0;0.00;100.00
54838;1357;68.0;49;6.27;7220.0;-0.78;-0.78;42.75;98.9;41.0;0.00;100.00
54848;1355;67.0;49;6.27;7220.0;-0.78;-0.78;42.35;98.9;41.0;0.00;100.00
54858;1354;67.0;49;6.27;7220.0;-0.78;-0.78;41.96;98.9;41.0;0.00;100.00
54869;1353;66.0;49;6.27;7220.0;-1.56;-0.78;41.57;98.9;41.0;0.00;100.00
54878;1352;66.0;49;5.88;7220.0;-1.56;-0.78;41.57;98.9;41.0;0.00;100.00
54891;1350;66.0;49;5.88;7220.0;-1.56;-0.78;41.18;98.9;41.0;0.00;100.00
54913;1349;65.0;49;5.88;7220.0;-1.56;-0.78;41.18;98.9;41.5;0.00;100.00
54928;1348;65.0;49;5.88;7220.0;-1.56;-1.56;40.78;98.9;41.5;0.00;100.00
54941;1348;64.0;49;5.49;7220.0;-1.56;-1.56;40.78;98.9;41.5;0.00;100.00
54960;1347;64.0;49;5.49;7220.0;-2.34;-1.56;40.39;98.9;42.0;0.00;100.00
54970;1346;63.0;49;5.88;7220.0;-2.34;-1.56;40.39;98.9;42.0;0.00;100.00
54979;1345;62.0;49;6.27;7220.0;-2.34;-1.56;40.00;98.9;42.5;0.00;100.00
54990;1344;61.0;49;6.27;7220.0;-2.34;-1.56;40.00;98.9;42.5;0.00;100.00
55010;1344;61.0;49;6.67;7220.0;-2.34;-1.56;39.61;98.9;42.5;0.00;100.00
55030;1343;60.0;50;7.06;7220.0;-2.34;-1.56;40.00;98.9;43.0;0.00;100.00
55039;1342;59.0;50;7.45;7220.0;-2.34;-1.56;40.39;98.9;43.0;0.00;100.00
55050;1341;58.0;50;7.84;7220.0;-2.34;-1.56;40.78;98.9;43.0;0.00;100.00
55072;1341;58.0;50;8.24;7220.0;-2.34;-1.56;41.18;99.0;43.0;0.00;100.00
55090;1342;57.0;50;8.24;7220.0;-2.34;-1.56;41.57;99.0;43.0;0.00;100.00
55109;1344;58.0;50;8.63;7220.0;-2.34;-1.56;41.57;99.0;43.0;0.00;100.00
55120;1346;60.0;50;9.02;7220.0;-2.34;-1.56;41.96;99.0;43.0;0.00;100.00
55129;1347;61.0;50;9.02;7220.0;-2.34;-1.56;42.35;99.1;43.5;0.00;100.00
55138;1349;62.0;50;9.02;7220.0;-2.34;-1.56;42.75;99.1;43.5;0.00;100.00
55148;1351;63.0;50;9.02;7220.0;-2.34;-1.56;43.14;99.1;43.5;0.00;100.00
55158;1353;65.0;50;9.02;7220.0;-2.34;-1.56;43.53;99.2;43.5;0.00;100.00
55168;1354;66.0;50;9.02;7220.0;-1.56;-1.56;44.31;99.2;43.5;0.00;100.00
55180;1356;67.0;50;9.02;7220.0;-1.56;-1.56;45.49;99.2;43.5;0.00;100.00
55190;1358;68.0;50;9.02;7220.0;-1.56;-1.56;46.27;99.2;43.5;0.00;100.00
55213;1359;70.0;50;9.02;7220.0;-1.56;-1.56;47.06;99.2;43.0;0.00;100.00
55228;1363;71.0;50;9.02;7220.0;-1.56;-0.78;47.84;99.2;43.0;0.00;100.00
55239;1366;71.0;50;9.02;7220.0;-1.56;-0.78;49.02;99.2;43.0;0.00;100.00
55248;1369;72.0;50;9.02;7220.0;-0.78;-0.78;49.80;99.2;43.0;0.00;100.00
55260;1372;72.0;50;9.02;7220.0;-0.78;-0.78;50.59;99.2;42.5;0.00;100.00
55271;1375;72.0;50;9.02;7220.0;-0.78;-0.78;51.37;99.2;42.5;0.00;100.00
55289;1378;73.0;50;9.02;7220.0;-0.78;-0.78;52.55;99.2;42.5;0.00;100.00
55299;1381;73.0;50;9.02;7220.0;-0.78;-0.78;53.33;99.2;42.5;0.00;100.00
55308;1385;74.0;50;9.02;7220.0;-0.78;-0.78;53.33;99.3;42.0;0.00;100.00
55320;1388;74.0;50;9.02;7220.0;-0.78;-0.78;53.33;99.2;42.0;0.00;100.00
55329;1391;74.0;50;9.02;7220.0;-0.78;-0.78;52.94;99.2;42.0;0.00;100.00
55343;1394;75.0;50;9.02;7220.0;-1.56;-0.78;52.94;99.2;42.0;0.00;100.00
55363;1390;75.0;50;9.02;7220.0;-1.56;-0.78;52.94;99.2;42.0;0.00;100.00
55379;1386;75.0;50;9.02;7220.0;-1.56;-0.78;52.94;99.1;42.0;0.00;100.00
55389;1382;75.0;50;9.02;7220.0;-1.56;-0.78;52.94;99.1;42.0;0.00;100.00
55400;1378;75.0;50;9.02;7220.0;-1.56;-0.78;52.94;99.1;41.5;0.00;100.00
55410;1374;75.0;50;9.02;7220.0;-1.56;-0.78;52.55;99.1;41.5;0.00;100.00
55429;1370;75.0;50;8.63;7220.0;-1.56;-0.78;52.55;99.1;41.5;0.00;100.00
55440;1366;74.0;50;8.63;7220.0;-1.56;-0.78;52.55;99.0;41.5;0.00;100.00
55450;1362;74.0;50;8.63;7220.0;-0.78;-0.78;52.16;99.0;41.5;0.00;100.00
55460;1358;74.0;50;8.63;7220.0;-0.78;0.00;52.16;99.0;41.5;0.00;100.00
55479;1354;74.0;50;8.63;7220.0;-0.78;0.00;51.76;99.0;41.5;0.00;100.00
55494;1350;74.0;50;8.63;7220.0;-0.78;0.00;51.76;99.0;41.5;0.00;100.00
55510;1350;74.0;50;8.24;7220.0;-0.78;0.00;51.37;99.0;41.5;0.00;100.00
55527;1351;74.0;50;8.24;7220.0;-0.78;0.00;51.37;99.0;41.5;0.00;100.00
55540;1351;74.0;50;8.24;7220.0;0.00;0.00;50.98;99.0;41.5;0.00;100.00
55549;1352;74.0;50;8.24;7220.0;0.00;0.78;50.98;99.0;41.5;0.00;100.00
55558;1352;74.0;50;8.24;7220.0;0.00;0.78;50.59;99.0;41.5;0.00;100.00
55570;1353;74.0;50;8.24;7220.0;0.00;0.78;50.59;99.0;41.5;0.00;100.00
55579;1353;73.0;50;8.24;7220.0;0.00;0.78;50.20;99.0;41.5;0.00;100.00
55589;1354;73.0;50;8.24;7220.0;0.00;0.78;50.20;99.0;41.5;0.00;100.00
55601;1354;73.0;50;8.24;7220.0;0.00;0.78;50.20;99.0;41.5;0.00;100.00
55619;1355;73.0;50;8.24;7220.0;0.00;0.78;50.20;99.0;41.5;0.00;100.00
55632;1355;73.0;50;8.24;7220.0;0.78;0.78;50.20;99.0;41.5;0.00;100.00
55649;1355;73.0;50;8.24;7220.0;0.78;0.78;50.20;99.0;41.5;0.00;100.00
55658;1355;73.0;50;8.24;7220.0;0.78;0.78;49.80;99.0;41.5;0.00;100.00
55669;1355;73.0;50;8.24;7220.0;0.78;0.78;49.80;99.0;41.5;0.00;100.00
55679;1355;72.0;50;8.24;7220.0;0.78;0.78;49.80;98.9;41.0;0.00;100.00
55690;1355;72.0;50;8.24;7220.0;0.78;0.78;49.80;98.9;41.0;0.00;100.00
55709;1354;72.0;50;7.84;7220.0;0.78;0.78;49.80;98.9;41.0;0.00;100.00
55720;1354;72.0;50;7.84;7220.0;0.78;0.78;49.80;98.9;41.0;0.00;100.00
55728;1354;72.0;49;7.84;7220.0;0.78;0.78;49.41;98.9;41.0;0.00;100.00
55739;1354;72.0;49;7.84;7220.0;0.78;0.78;49.41;98.9;41.0;0.00;100.00
55747;1354;71.0;49;7.84;7220.0;0.78;0.78;49.02;98.9;41.0;0.00;100.00
55764;1354;71.0;49;7.84;7220.0;0.00;0.78;49.02;98.9;41.0;0.00;100.00
55778;1354;71.0;49;7.45;7220.0;0.00;0.78;48.63;98.9;41.0;0.00;100.00
55788;1353;71.0;49;7.45;7220.0;0.00;0.78;48.63;98.9;41.0;0.00;100.00
55799;1353;70.0;49;7.45;7220.0;0.00;0.78;48.24;98.9;41.0;0.00;100.00
55808;1353;70.0;49;7.45;7220.0;0.00;0.78;48.24;98.9;41.0;0.00;100.00
55819;1353;70.0;49;7.45;7220.0;0.00;0.78;47.84;98.9;41.0;0.00;100.00
55830;1353;70.0;49;7.45;7220.0;0.00;0.78;47.84;98.9;41.0;0.00;100.00
55847;1353;69.0;49;7.45;7220.0;0.00;0.78;47.45;98.9;41.0;0.00;100.00
55858;1353;69.0;49;7.45;7220.0;0.00;0.78;47.45;98.9;41.0;0.00;100.00
55869;1353;69.0;49;7.45;7220.0;0.00;0.78;47.06;98.9;41.0;0.00;100.00
55879;1353;69.0;49;7.45;7220.0;0.00;0.78;47.06;98.9;41.0;0.00;100.00
55893;1353;68.0;49;7.45;7220.0;0.00;0.78;47.06;98.9;41.0;0.00;100.00
55908;1353;68.0;49;7.45;7220.0;0.00;0.00;47.06;98.9;41.0;0.00;100.00
55919;1353;68.0;49;7.45;7220.0;0.00;0.00;46.67;98.9;41.0;0.00;100.00
55928;1352;68.0;49;7.45;7220.0;0.00;0.00;46.67;98.9;41.0;0.00;100.00
55937;1352;68.0;49;7.45;7220.0;0.00;0.00;46.67;98.9;41.5;0.00;100.00
55948;1352;68.0;49;7.45;7220.0;0.00;0.00;46.67;98.9;41.5;0.00;100.00
55960;1352;68.0;49;7.06;7220.0;0.00;0.00;46.27;98.9;41.5;0.00;100.00
55979;1352;67.0;49;7.06;7220.0;0.00;0.00;46.27;98.9;41.5;0.00;100.00
55988;1351;67.0;49;7.06;7220.0;0.00;0.00;46.27;98.9;41.5;0.00;100.00
55999;1351;67.0;49;7.06;7220.0;0.00;0.00;46.27;98.9;41.5;0.00;100.00
56008;1351;67.0;49;7.06;7220.0;0.00;0.00;45.88;98.9;41.5;0.00;100.00
56025;1351;67.0;49;7.06;7220.0;-0.78;0.00;45.88;98.9;41.5;0.00;100.00
56038;1350;67.0;49;6.67;7220.0;-0.78;0.00;45.88;98.9;41.5;0.00;100.00
56047;1350;66.0;49;6.67;7220.0;-0.78;0.00;45.88;98.9;41.5;0.00;100.00
56059;1349;66.0;49;6.67;7220.0;-0.78;0.00;45.88;98.9;41.5;0.00;100.00
56070;1349;65.0;49;6.67;7220.0;-0.78;0.00;45.88;98.9;41.5;0.00;100.00
56079;1348;65.0;49;6.27;7220.0;-0.78;0.00;45.49;98.9;41.5;0.00;100.00
56090;1347;64.0;49;6.27;7220.0;-0.78;0.00;45.49;98.9;41.5;0.00;100.00
56109;1347;64.0;49;6.27;7220.0;-1.56;0.00;45.49;98.9;41.5;0.00;100.00
56118;1346;63.0;49;5.88;7220.0;-1.56;-0.78;45.10;98.9;41.5;0.00;100.00
56127;1346;63.0;49;5.88;7220.0;-2.34;-0.78;44.71;98.9;41.5;0.00;100.00
56138;1345;62.0;49;5.49;7220.0;-2.34;-0.78;44.31;98.9;41.5;0.00;100.00
56154;1345;62.0;49;5.49;7220.0;-3.13;-1.56;43.92;98.9;42.0;0.00;100.00
56169;1344;61.0;49;5.49;7220.0;-3.13;-1.56;43.53;98.9;42.0;0.00;100.00
56178;1344;60.0;49;5.10;7220.0;-3.91;-2.34;43.14;98.9;42.0;0.00;100.00
56187;1344;60.0;49;5.10;7220.0;-3.91;-2.34;42.75;98.9;42.0;0.00;100.00
56198;1343;59.0;49;5.10;7220.0;-4.69;-2.34;42.35;98.9;42.5;0.00;100.00
56206;1343;59.0;49;5.10;7220.0;-4.69;-3.13;41.96;98.9;42.5;0.00;100.00
56218;1343;58.0;49;5.10;7220.0;-4.69;-3.13;41.57;98.9;42.5;0.00;100.00
56228;1342;58.0;49;5.10;7220.0;-4.69;-3.13;41.18;98.9;42.5;0.00;100.00
56240;1342;57.0;49;5.10;7220.0;-5.47;-3.13;40.39;98.9;43.0;0.00;100.00
56248;1342;57.0;49;4.71;7220.0;-5.47;-3.91;39.22;98.9;43.0;0.00;100.00
56260;1341;56.0;49;4.71;7220.0;-5.47;-3.91;38.43;98.9;44.0;0.00;100.00
56273;1341;56.0;49;4.71;7220.0;-5.47;-3.91;37.65;98.9;45.0;0.00;100.00
56286;1342;55.0;49;4.71;7220.0;-5.47;-3.91;36.86;98.9;45.5;0.00;100.00
56300;1344;54.0;49;4.71;7220.0;-5.47;-3.91;35.69;98.9;46.5;0.00;100.00
56308;1345;52.0;49;4.71;7220.0;-6.25;-3.91;34.90;98.9;47.5;0.00;100.00
56319;1347;51.0;49;4.71;7220.0;-6.25;-4.69;34.12;98.9;48.5;0.00;100.00
56328;1348;50.0;49;4.31;7220.0;-6.25;-4.69;33.33;98.9;49.5;0.00;100.00
56338;1349;49.0;49;4.31;7230.0;-6.25;-4.69;32.16;98.9;50.5;0.00;100.00
56348;1351;47.0;49;4.31;7230.0;-7.03;-4.69;31.37;98.9;51.0;0.00;100.00
56362;1352;46.0;49;4.31;7230.0;-7.03;-5.47;30.98;98.9;52.0;0.00;100.00
56380;1354;45.0;49;3.92;7230.0;-7.03;-5.47;30.59;98.9;53.0;0.00;100.00
56388;1355;44.0;49;3.92;7240.0;-7.03;-5.47;29.80;98.9;53.5;0.00;100.00
56404;1356;42.0;49;3.92;7240.0;-7.81;-5.47;29.41;98.9;54.0;0.00;100.00
56419;1355;41.0;49;3.92;7240.0;-7.81;-6.25;29.02;98.9;54.5;0.00;100.00
56428;1355;40.0;49;3.53;7240.0;-7.81;-6.25;28.63;98.9;55.0;0.00;100.00
56440;1354;40.0;49;3.53;7250.0;-7.81;-6.25;28.24;98.9;55.5;0.00;100.00
56460;1353;39.0;49;3.53;7250.0;-8.59;-6.25;27.84;98.9;56.0;0.00;100.00
56470;1352;38.0;49;3.53;7250.0;-8.59;-7.03;27.06;98.9;56.5;0.00;100.00
56487;1351;37.0;49;3.53;7240.0;-8.59;-7.03;26.67;98.9;57.0;0.00;100.00
56497;1350;37.0;49;3.53;7240.0;-9.38;-7.03;26.27;98.9;57.5;0.00;100.00
56506;1349;36.0;49;3.53;7240.0;-9.38;-7.81;26.27;98.9;58.0;0.00;100.00
56518;1348;35.0;49;3.92;7240.0;-9.38;-7.81;26.27;98.9;58.5;0.00;100.00
56528;1347;34.0;49;3.92;7230.0;-10.16;-7.81;26.67;98.9;59.0;0.00;100.00
56544;1346;34.0;49;3.92;7230.0;-10.16;-7.81;26.67;98.9;60.0;0.00;100.00
56560;1346;33.0;49;3.92;7230.0;-10.94;-8.59;26.67;98.9;60.5;0.00;100.00
56578;1346;33.0;49;3.92;7230.0;-10.94;-8.59;26.67;98.9;61.0;0.00;100.00
56590;1345;33.0;49;3.92;7220.0;-10.94;-8.59;26.67;98.9;62.0;0.00;100.00
56599;1345;33.0;49;3.92;7220.0;-11.72;-8.59;26.67;98.9;62.5;0.00;100.00
56607;1344;33.0;49;3.92;7220.0;-11.72;-9.38;27.06;98.9;63.5;0.00;100.00
56617;1344;33.0;49;3.92;7230.0;-11.72;-9.38;27.06;98.9;64.0;0.00;100.00
56629;1344;33.0;49;3.92;7230.0;-12.50;-9.38;27.06;98.9;64.5;0.00;100.00
56636;1343;33.0;49;3.92;7230.0;-12.50;-10.16;26.67;98.9;65.5;0.00;100.00
56649;1343;33.0;49;4.31;7230.0;-12.50;-10.16;26.67;98.9;66.0;0.00;100.00
56659;1342;33.0;49;4.31;7240.0;-12.50;-10.94;26.27;98.9;66.5;0.00;100.00
56673;1342;33.0;49;4.31;7240.0;-13.28;-10.94;25.88;98.9;67.0;0.00;100.00
56687;1340;33.0;49;4.31;7240.0;-13.28;-11.72;25.49;98.9;67.5;0.00;100.00
56698;1339;33.0;49;4.31;7240.0;-13.28;-11.72;25.49;98.9;68.0;0.00;100.00
56710;1337;32.0;49;4.31;7250.0;-13.28;-12.50;25.10;98.9;68.5;0.00;100.00
56718;1335;32.0;49;4.31;7250.0;-14.06;-12.50;24.71;98.9;68.5;0.00;100.00
56729;1334;32.0;49;3.92;7250.0;-14.06;-13.28;24.31;98.9;69.0;0.00;100.00
56738;1332;32.0;49;3.92;7240.0;-12.50;-13.28;24.31;98.9;69.5;0.00;100.00
56750;1331;31.0;49;3.92;7240.0;-11.72;-11.72;23.92;98.9;70.0;0.00;100.00
56759;1329;31.0;49;3.92;7240.0;-10.16;-10.94;23.53;98.9;70.5;0.00;100.00
56771;1327;31.0;49;3.53;7240.0;-8.59;-9.38;23.53;98.9;71.0;0.00;100.00
56788;1326;31.0;49;3.53;7230.0;-7.81;-8.59;23.14;98.9;72.0;0.00;100.00
56805;1324;30.0;49;3.53;7230.0;-6.25;-7.03;23.14;98.9;72.5;0.00;100.00
56819;1325;30.0;49;3.53;7230.0;-5.47;-6.25;22.75;98.9;73.5;0.00;100.00
56828;1326;30.0;49;3.14;7230.0;-3.91;-4.69;22.75;98.9;74.5;0.00;100.00
56839;1327;29.0;49;3.14;7220.0;-2.34;-3.91;22.35;98.9;75.5;0.00;100.00
56849;1328;29.0;49;3.14;7220.0;-1.56;-2.34;22.35;98.9;76.0;0.00;100.00
56858;1329;29.0;49;3.14;7220.0;0.00;-1.56;21.96;98.9;77.0;0.00;100.00
56869;1330;29.0;49;3.14;7220.0;0.00;0.00;21.96;98.9;78.0;0.00;100.00
56879;1331;28.0;49;3.14;7220.0;0.00;0.00;21.57;98.9;79.0;0.00;100.00
56888;1332;28.0;49;3.14;7220.0;0.00;0.00;21.57;98.9;79.5;0.00;100.00
56898;1333;28.0;49;3.53;7220.0;0.00;0.00;21.18;98.9;80.5;0.00;100.00
56907;1333;28.0;49;3.53;7220.0;0.00;0.00;21.18;98.9;81.0;0.00;100.00
56924;1334;27.0;49;3.53;7220.0;0.00;0.00;20.78;98.9;81.5;0.00;100.00
56939;1334;27.0;49;3.53;7220.0;0.00;0.00;20.78;98.9;81.5;0.00;100.00
56949;1333;27.0;49;3.53;7220.0;0.00;0.00;20.39;98.9;82.0;0.00;100.00
56960;1332;27.0;49;3.53;7220.0;0.00;0.00;20.39;98.9;82.5;0.00;100.00
56978;1332;27.0;49;3.53;7220.0;0.00;0.00;20.00;98.9;83.0;0.00;100.00
56987;1331;27.0;49;3.53;7220.0;0.00;0.00;20.00;98.9;83.5;0.00;100.00
56999;1331;27.0;49;3.53;7230.0;0.00;0.00;19.61;98.9;84.0;0.00;100.00
57007;1330;26.0;49;3.53;7230.0;0.00;0.00;19.61;98.9;84.0;0.00;100.00
57019;1329;26.0;49;3.53;7230.0;0.00;0.00;19.61;98.9;84.5;0.00;100.00
57028;1329;26.0;49;3.53;7230.0;0.00;0.00;19.61;98.9;85.0;0.00;100.00
57039;1328;26.0;49;3.53;7240.0;0.00;0.00;19.61;98.9;84.5;0.00;100.00
57056;1327;26.0;49;3.53;7240.0;0.00;0.00;19.61;98.9;84.0;0.00;100.00
57070;1330;26.0;49;3.53;7240.0;0.00;0.00;19.61;98.9;84.0;0.00;100.00
57078;1332;28.0;49;3.53;7240.0;0.00;0.00;19.22;98.9;83.5;0.00;100.00
57090;1335;29.0;49;3.53;7250.0;0.00;0.00;19.22;98.9;83.0;0.00;100.00
57108;1337;31.0;49;3.92;7250.0;0.00;0.00;19.22;98.9;82.5;0.00;100.00
57119;1340;33.0;49;4.31;7250.0;0.00;0.00;19.22;98.9;82.0;0.00;100.00
57128;1342;35.0;49;4.71;7250.0;0.00;0.00;19.22;98.9;81.5;0.00;100.00
57140;1344;36.0;49;5.10;7250.0;0.00;0.00;19.22;98.9;81.5;0.00;100.00
57148;1347;38.0;49;5.49;7250.0;0.00;0.00;20.78;98.9;81.0;0.00;100.00
57159;1349;40.0;49;5.88;7250.0;0.00;0.00;22.35;98.9;80.5;0.00;100.00
57170;1352;42.0;49;6.27;7250.0;0.00;0.00;23.92;98.9;79.5;0.00;100.00
57194;1354;43.0;49;6.67;7250.0;0.00;0.00;25.49;98.9;78.0;0.00;100.00
57209;1354;45.0;49;7.06;7250.0;0.00;0.00;27.06;98.9;77.0;0.00;100.00
57219;1353;46.0;49;7.45;7250.0;0.00;0.00;28.24;98.9;76.0;0.00;100.00
57228;1353;47.0;49;7.84;7250.0;0.00;0.00;29.80;98.9;74.5;0.00;100.00
57239;1352;47.0;49;7.84;7250.0;0.00;0.00;31.37;98.9;73.5;0.00;100.00
57247;1352;48.0;49;7.84;7250.0;0.00;0.00;32.94;98.9;72.0;0.00;100.00
57257;1351;49.0;49;7.84;7250.0;0.00;0.00;34.51;98.9;71.0;0.00;100.00
57269;1351;50.0;49;7.84;7250.0;0.00;0.00;36.08;98.9;70.0;0.00;100.00
57278;1350;51.0;49;7.84;7250.0;0.00;0.00;36.86;98.9;68.5;0.00;100.00
57289;1350;52.0;49;7.84;7250.0;0.00;0.00;37.65;98.9;67.5;0.00;100.00
57307;1349;52.0;49;7.84;7250.0;0.00;0.00;38.04;98.9;66.5;0.00;100.00
57324;1349;53.0;49;7.84;7250.0;0.00;0.00;38.82;98.9;66.0;0.00;100.00
57339;1354;54.0;49;7.84;7250.0;0.00;0.00;39.61;98.9;65.0;0.00;100.00
57348;1360;54.0;49;7.84;7250.0;0.00;0.00;40.39;98.9;64.5;0.00;100.00
57363;1365;53.0;49;7.84;7250.0;0.00;0.00;41.18;98.9;63.5;0.00;100.00
57377;1371;53.0;49;7.84;7250.0;0.00;0.00;41.96;98.9;63.0;0.00;100.00
57390;1377;52.0;49;7.45;7250.0;0.00;0.00;42.35;98.9;62.0;0.00;100.00
57408;1382;52.0;49;7.45;7250.0;0.00;0.00;43.14;98.9;61.5;0.00;100.00
57418;1388;51.0;49;7.06;7250.0;0.00;0.00;43.92;98.9;60.5;0.00;100.00
57427;1393;51.0;49;7.06;7250.0;0.78;0.00;43.53;98.9;60.0;0.00;100.00
57437;1399;50.0;49;6.67;7250.0;0.78;0.00;43.14;98.9;59.0;0.00;100.00
57448;1405;50.0;49;6.67;7250.0;0.78;0.00;42.75;98.9;58.5;0.00;100.00
57466;1410;49.0;49;6.27;7250.0;0.78;0.00;42.35;98.9;58.5;0.00;100.00
57479;1406;49.0;49;6.27;7250.0;0.78;0.78;41.96;98.9;58.0;0.00;100.00
57487;1402;49.0;49;5.88;7250.0;0.78;0.78;41.57;98.9;58.0;0.00;100.00
57499;1398;49.0;49;5.88;7250.0;1.56;0.78;41.18;98.9;57.5;0.00;100.00
57508;1393;49.0;49;5.88;7250.0;1.56;0.78;40.78;98.9;57.5;0.00;100.00
57518;1389;49.0;49;5.88;7250.0;1.56;0.78;40.39;98.9;57.0;0.00;100.00
57529;1385;49.0;49;5.49;7250.0;2.34;0.78;40.00;98.9;57.0;0.00;100.00
57538;1381;48.0;49;5.49;7250.0;2.34;1.56;39.61;98.9;56.5;0.00;100.00
57550;1377;48.0;49;5.49;7250.0;3.13;2.34;38.82;98.9;56.5;0.00;100.00
57560;1373;48.0;49;5.49;7250.0;3.13;2.34;38.04;98.9;56.0;0.00;100.00
57569;1369;48.0;49;5.49;7250.0;3.91;3.13;36.86;98.9;56.0;0.00;100.00
57585;1364;48.0;49;5.49;7250.0;3.91;3.91;36.08;98.9;56.5;0.00;100.00
57599;1362;48.0;49;5.10;7250.0;4.69;4.69;35.29;98.9;56.5;0.00;100.00
57608;1359;48.0;49;5.10;7250.0;4.69;5.47;34.51;98.9;56.5;0.00;100.00
57619;1356;47.0;49;5.10;7250.0;5.47;6.25;33.73;98.9;56.5;0.00;100.00
57628;1353;47.0;49;5.10;7250.0;5.47;6.25;32.94;98.9;57.0;0.00;100.00
57639;1351;47.0;49;5.10;7250.0;6.25;7.03;31.76;98.9;57.0;0.00;100.00
57650;1348;47.0;49;5.10;7250.0;6.25;7.81;30.98;98.9;57.0;0.00;100.00
57657;1345;46.0;49;5.10;7250.0;6.25;7.81;30.20;98.9;57.0;0.00;100.00
57668;1342;46.0;49;5.10;7250.0;6.25;8.59;29.80;98.9;57.5;0.00;100.00
57678;1340;46.0;49;4.71;7250.0;6.25;8.59;29.80;98.9;57.5;0.00;100.00
57687;1337;46.0;49;4.71;7250.0;6.25;8.59;29.41;98.9;58.0;0.00;100.00
57706;1334;45.0;49;4.71;7250.0;7.03;8.59;29.02;98.9;58.5;0.00;100.00
57718;1333;45.0;49;4.71;7250.0;7.03;9.38;28.63;98.9;59.0;0.00;100.00
57729;1331;45.0;49;4.71;7250.0;7.03;9.38;28.63;98.9;59.5;0.00;100.00
57738;1330;44.0;49;4.71;7250.0;7.03;9.38;28.24;98.9;60.0;0.00;100.00
57750;1328;44.0;49;4.71;7250.0;7.03;9.38;27.84;98.9;60.0;0.00;100.00
57759;1327;43.0;49;4.71;7250.0;7.03;10.16;27.45;98.9;60.5;0.00;100.00
57770;1326;43.0;49;4.31;7250.0;7.03;10.16;27.45;98.9;61.0;0.00;100.00
57779;1324;42.0;49;4.31;7250.0;6.25;10.16;27.06;98.9;61.5;0.00;100.00
57789;1323;42.0;49;4.31;7250.0;6.25;9.38;26.67;98.9;62.0;0.00;100.00
57797;1321;41.0;49;4.31;7250.0;6.25;9.38;26.27;98.9;62.5;0.00;100.00
57809;1320;41.0;49;4.31;7250.0;6.25;9.38;25.88;98.9;63.0;0.00;100.00
57826;1319;40.0;49;4.31;7250.0;5.47;9.38;25.49;98.9;63.5;0.00;100.00
57839;1318;40.0;49;3.92;7250.0;5.47;8.59;25.10;98.9;64.0;0.00;100.00
57848;1318;39.0;49;3.92;7250.0;5.47;8.59;24.31;98.9;64.5;0.00;100.00
57861;1318;39.0;49;3.92;7250.0;5.47;8.59;23.92;98.9;65.0;0.00;100.00
57879;1318;38.0;49;3.92;7250.0;4.69;8.59;23.53;98.9;65.0;0.00;100.00
57888;1317;38.0;49;3.92;7250.0;4.69;7.81;23.14;98.9;65.5;0.00;100.00
57899;1317;37.0;49;3.92;7250.0;4.69;7.81;22.75;98.9;66.0;0.00;100.00
57907;1317;37.0;49;3.92;7250.0;4.69;7.81;22.35;98.9;66.5;0.00;100.00
57918;1317;36.0;49;3.92;7250.0;3.91;7.81;22.35;98.9;67.0;0.00;100.00
57930;1317;36.0;49;3.53;7250.0;3.91;7.03;22.35;98.9;67.5;0.00;100.00
57947;1316;35.0;49;3.53;7250.0;3.91;7.03;22.75;98.9;68.0;0.00;100.00
57964;1316;35.0;49;3.53;7250.0;3.91;7.03;22.75;98.9;68.5;0.00;100.00
57978;1316;34.0;49;3.53;7250.0;3.91;7.03;22.75;98.9;68.5;0.00;100.00
57991;1316;34.0;49;3.53;7250.0;3.91;7.03;22.75;98.9;69.0;0.00;100.00
58009;1316;34.0;49;3.53;7250.0;3.13;7.03;22.75;98.9;69.5;0.00;100.00
58017;1316;34.0;49;3.53;7250.0;3.13;6.25;22.75;98.9;70.0;0.00;100.00
58029;1316;34.0;49;3.92;7250.0;3.13;6.25;23.14;98.9;70.5;0.00;100.00
58040;1316;34.0;49;3.92;7250.0;3.13;6.25;23.14;98.9;71.0;0.00;100.00
58058;1316;34.0;49;3.92;7250.0;3.13;6.25;23.14;98.9;71.0;0.00;100.00
58070;1316;34.0;49;3.92;7250.0;2.34;6.25;23.14;98.9;71.5;0.00;100.00
58077;1316;34.0;49;4.31;7250.0;2.34;5.47;23.53;98.9;72.0;0.00;100.00
58090;1316;34.0;49;4.31;7250.0;2.34;5.47;23.53;98.9;72.0;0.00;100.00
58116;1316;34.0;49;4.31;7250.0;2.34;5.47;23.92;98.9;72.0;0.00;100.00
58128;1317;34.0;49;4.31;7250.0;2.34;5.47;23.92;98.9;71.5;0.00;100.00
58139;1318;34.0;49;4.71;7250.0;2.34;5.47;24.31;98.9;71.5;0.00;100.00
58148;1319;34.0;49;4.71;7250.0;1.56;5.47;24.31;98.9;71.5;0.00;100.00
58157;1319;35.0;49;4.71;7250.0;1.56;4.69;24.71;98.9;71.5;0.00;100.00
58169;1320;35.0;49;4.71;7250.0;1.56;4.69;24.71;98.9;71.5;0.00;100.00
58179;1321;35.0;49;4.71;7250.0;1.56;4.69;25.10;98.9;71.5;0.00;100.00
58188;1322;35.0;49;4.71;7250.0;1.56;4.69;25.10;98.9;71.0;0.00;100.00
58199;1323;35.0;49;4.71;7250.0;0.78;3.91;25.10;98.9;71.0;0.00;100.00
58208;1324;35.0;49;5.10;7250.0;0.78;3.91;25.10;98.9;71.0;0.00;100.00
58219;1325;36.0;49;5.10;7250.0;0.78;3.13;25.10;98.9;71.0;0.00;100.00
58234;1326;36.0;49;5.10;7250.0;0.78;3.13;25.10;98.9;71.0;0.00;100.00
58249;1325;36.0;49;5.10;7250.0;0.78;2.34;25.10;98.9;71.0;0.00;100.00
58258;1324;36.0;49;5.10;7250.0;0.78;2.34;25.49;98.9;71.0;0.00;100.00
58272;1323;36.0;49;5.10;7250.0;0.00;1.56;25.49;98.9;71.0;0.00;100.00
58288;1322;37.0;49;5.10;7250.0;0.00;1.56;25.49;98.9;70.5;0.00;100.00
58300;1321;37.0;49;5.10;7250.0;0.00;0.78;25.49;98.9;70.5;0.00;100.00
58319;1320;37.0;49;5.10;7250.0;0.00;0.78;25.49;98.9;70.5;0.00;100.00
58328;1319;37.0;49;5.10;7250.0;0.00;0.78;25.49;98.9;70.5;0.00;100.00
58340;1318;37.0;49;5.10;7250.0;-0.78;0.00;25.49;98.9;70.5;0.00;100.00
58348;1317;37.0;49;4.71;7250.0;-0.78;0.00;25.49;98.9;70.5;0.00;100.00
58359;1316;38.0;49;4.71;7250.0;-0.78;-0.78;25.49;98.9;70.5;0.00;100.00
58374;1315;38.0;49;4.71;7250.0;-0.78;-0.78;25.49;98.9;70.5;0.00;100.00
58390;1314;38.0;49;4.71;7250.0;-0.78;-1.56;25.49;98.9;70.5;0.00;100.00
58398;1314;38.0;49;4.71;7250.0;-0.78;-1.56;25.10;98.9;70.5;0.00;100.00
58409;1314;37.0;49;4.71;7250.0;-1.56;-2.34;25.10;98.9;70.5;0.00;100.00
58417;1314;37.0;49;4.71;7250.0;-1.56;-2.34;25.10;98.9;71.0;0.00;100.00
58429;1313;37.0;49;4.71;7250.0;-1.56;-3.13;25.10;98.9;71.0;0.00;100.00
58439;1313;36.0;49;4.71;7250.0;-1.56;-3.13;25.10;98.9;71.0;0.00;100.00
58448;1313;36.0;49;4.71;7250.0;-1.56;-3.13;25.10;98.9;71.0;0.00;100.00
58457;1313;35.0;49;4.71;7250.0;-2.34;-3.13;25.10;98.9;71.0;0.00;100.00
58467;1313;35.0;49;4.31;7250.0;-2.34;-3.91;24.71;98.9;71.0;0.00;100.00
58479;1312;35.0;49;4.31;7250.0;-2.34;-3.91;24.71;98.9;71.0;0.00;100.00
58495;1312;34.0;49;4.31;7250.0;-2.34;-3.91;24.71;98.9;71.5;0.00;100.00
58509;1312;34.0;49;4.31;7250.0;-2.34;-3.91;24.31;98.9;71.5;0.00;100.00
58519;1313;34.0;49;4.31;7250.0;-2.34;-3.91;24.31;98.9;72.0;0.00;100.00
58529;1313;34.0;49;4.31;7250.0;-3.13;-3.91;23.92;98.9;72.0;0.00;100.00
58538;1313;34.0;49;4.31;7250.0;-3.13;-4.69;23.92;98.9;72.5;0.00;100.00
58549;1313;34.0;49;4.31;7250.0;-3.13;-4.69;23.92;98.9;72.5;0.00;100.00
58559;1313;34.0;49;4.31;7250.0;-3.13;-4.69;23.53;98.9;73.0;0.00;100.00
58568;1314;33.0;49;4.31;7250.0;-3.13;-4.69;23.53;98.9;73.0;0.00;100.00
58579;1314;33.0;49;4.31;7250.0;-2.34;-4.69;23.53;98.9;73.5;0.00;100.00
58588;1314;33.0;49;4.31;7250.0;-2.34;-3.91;23.53;98.9;73.5;0.00;100.00
58598;1314;33.0;49;4.31;7250.0;-2.34;-3.91;23.53;98.9;73.5;0.00;100.00
58614;1315;33.0;49;4.31;7250.0;-2.34;-3.91;23.53;98.9;73.5;0.00;100.00
58628;1314;33.0;49;4.31;7250.0;-2.34;-3.91;23.53;98.9;73.5;0.00;100.00
58638;1314;34.0;49;4.31;7250.0;-2.34;-3.91;23.14;98.9;73.5;0.00;100.00
58649;1313;34.0;49;4.31;7250.0;-1.56;-3.91;23.14;98.9;73.5;0.00;100.00
58658;1313;35.0;49;4.71;7250.0;-1.56;-3.13;23.14;98.9;73.0;0.00;100.00
58671;1312;36.0;49;4.71;7250.0;-1.56;-3.13;23.14;98.9;73.0;0.00;100.00
58689;1312;36.0;49;5.10;7250.0;-1.56;-3.13;23.14;98.9;73.0;0.00;100.00
58699;1311;37.0;49;5.49;7250.0;-1.56;-3.13;23.14;98.9;73.0;0.00;100.00
58708;1311;37.0;49;5.49;7250.0;-1.56;-3.13;23.53;98.9;73.0;0.00;100.00
58719;1311;38.0;49;5.88;7250.0;-1.56;-3.13;23.53;98.9;73.0;0.00;100.00
58730;1310;39.0;49;5.88;7250.0;-1.56;-3.13;23.92;98.9;72.0;0.00;100.00
58755;1310;39.0;49;6.27;7250.0;-1.56;-3.13;24.31;98.9;71.5;0.00;100.00
58769;1311;40.0;49;6.67;7250.0;-1.56;-2.34;24.71;98.9;70.5;0.00;100.00
58780;1313;41.0;49;6.67;7250.0;-1.56;-2.34;24.71;98.9;70.0;0.00;100.00
58789;1315;42.0;49;7.06;7250.0;-1.56;-2.34;25.10;98.9;69.0;0.00;100.00
58799;1317;44.0;49;7.06;7250.0;-1.56;-2.34;25.49;98.9;68.5;0.00;100.00
58808;1319;45.0;49;7.06;7250.0;-1.56;-2.34;25.88;98.9;67.5;0.00;100.00
58819;1321;46.0;49;7.06;7250.0;-1.56;-2.34;25.88;98.9;67.0;0.00;100.00
58830;1322;47.0;49;7.06;7250.0;-1.56;-2.34;26.27;98.9;66.0;0.00;100.00
58840;1324;48.0;49;7.06;7250.0;-1.56;-2.34;27.45;98.9;65.5;0.00;100.00
58859;1326;49.0;49;7.06;7250.0;-1.56;-2.34;28.63;98.9;64.5;0.00;100.00
58868;1328;51.0;49;7.06;7250.0;-1.56;-2.34;29.80;98.9;64.0;0.00;100.00
58886;1330;52.0;49;7.06;7250.0;-1.56;-2.34;30.98;98.9;63.0;0.00;100.00
58899;1329;53.0;49;7.06;7250.0;-1.56;-2.34;32.16;98.9;62.5;0.00;100.00
58910;1328;53.0;49;7.06;7250.0;-1.56;-2.34;33.73;98.9;62.0;0.00;100.00
58919;1327;54.0;49;7.06;7250.0;-1.56;-2.34;34.90;98.9;61.0;0.00;100.00
58928;1326;54.0;49;7.06;7250.0;-1.56;-2.34;36.08;98.9;60.5;0.00;100.00
58938;1325;54.0;49;7.06;7250.0;-1.56;-2.34;37.25;98.9;59.5;0.00;100.00
58951;1324;54.0;49;7.06;7250.0;-1.56;-2.34;38.43;98.9;59.0;0.00;100.00
58971;1323;55.0;49;7.06;7250.0;-0.78;-2.34;39.61;98.9;58.5;0.00;100.00
58988;1322;55.0;49;7.06;7250.0;-0.78;-1.56;39.61;98.9;57.5;0.00;100.00
59001;1321;55.0;49;7.06;7250.0;-0.78;-1.56;39.61;98.9;57.0;0.00;100.00
59019;1320;55.0;49;7.06;7250.0;0.00;-1.56;39.61;98.9;56.5;0.00;100.00
59032;1319;56.0;49;7.06;7250.0;0.00;-0.78;39.61;98.9;56.0;0.00;100.00
59051;1319;56.0;49;7.06;7250.0;0.78;-0.78;39.61;98.9;55.5;0.00;100.00
59069;1318;57.0;49;7.06;7250.0;0.78;0.00;39.61;98.9;55.0;0.00;100.00
59079;1318;57.0;49;7.06;7250.0;0.78;0.00;39.61;98.9;54.5;0.00;100.00
59088;1318;58.0;49;7.06;7250.0;1.56;0.00;39.61;98.9;54.5;0.00;100.00
59099;1318;59.0;49;7.06;7250.0;1.56;0.78;39.61;98.9;54.0;0.00;100.00
59108;1317;59.0;49;7.06;7250.0;1.56;0.78;39.61;98.9;53.5;0.00;100.00
59119;1317;60.0;49;7.06;7250.0;2.34;0.78;39.61;98.9;53.0;0.00;100.00
59128;1317;60.0;49;7.06;7250.0;2.34;1.56;39.22;98.9;52.5;0.00;100.00
59140;1316;61.0;49;7.45;7250.0;3.13;1.56;38.82;98.9;52.0;0.00;100.00
59148;1316;62.0;49;7.45;7250.0;3.13;1.56;38.82;98.9;51.5;0.00;100.00
59163;1316;62.0;49;7.45;7250.0;3.91;2.34;38.43;98.9;51.5;0.00;100.00
59179;1315;63.0;49;7.45;7250.0;3.91;2.34;38.04;98.9;51.0;0.00;100.00
59188;1315;63.0;49;7.45;7250.0;4.69;3.13;37.65;98.9;50.5;0.00;100.00
59199;1315;63.0;49;7.45;7250.0;4.69;3.13;37.25;98.9;50.0;0.00;100.00
59210;1314;62.0;49;7.45;7250.0;5.47;3.13;36.86;98.9;50.0;0.00;100.00
59219;1314;62.0;49;7.45;7250.0;5.47;3.91;36.86;98.9;49.5;0.00;100.00
59229;1314;62.0;49;7.06;7250.0;5.47;3.91;36.47;98.9;49.0;0.00;100.00
59238;1313;62.0;49;7.06;7250.0;5.47;3.91;36.08;98.9;48.5;0.00;100.00
59247;1313;62.0;49;7.06;7250.0;5.47;3.91;36.47;98.9;48.5;0.00;100.00
59259;1313;62.0;49;7.06;7250.0;5.47;4.69;36.86;98.9;48.0;0.00;100.00
59271;1312;61.0;49;7.06;7250.0;5.47;4.69;37.25;98.9;48.0;0.00;100.00
59293;1312;61.0;49;7.06;7250.0;6.25;4.69;37.65;98.9;47.5;0.00;100.00
59307;1311;61.0;49;6.67;7250.0;6.25;4.69;38.04;98.9;47.5;0.00;100.00
59318;1311;61.0;49;6.67;7250.0;6.25;4.69;38.43;98.9;47.5;0.00;100.00
59327;1311;60.0;49;6.67;7250.0;6.25;4.69;38.82;98.9;47.0;0.00;100.00
59338;1310;60.0;49;6.67;7250.0;6.25;5.47;39.22;98.9;47.0;0.00;100.00
59349;1310;59.0;49;6.27;7250.0;6.25;5.47;39.61;98.9;46.5;0.00;100.00
59362;1309;59.0;49;6.27;7250.0;6.25;5.47;40.00;98.9;46.5;0.00;100.00
59378;1309;58.0;49;6.27;7250.0;7.03;5.47;40.39;98.9;46.5;0.00;100.00
59387;1309;58.0;49;6.27;7250.0;7.03;6.25;40.00;98.9;46.0;0.00;100.00
59399;1308;57.0;49;5.88;7250.0;7.03;6.25;40.00;98.9;46.0;0.00;100.00
59406;1308;57.0;49;5.88;7250.0;7.03;7.03;39.61;98.9;46.0;0.00;100.00
59425;1307;56.0;49;5.88;7250.0;7.81;7.03;39.22;98.9;46.0;0.00;100.00
59438;1307;56.0;49;5.88;7250.0;7.81;7.81;38.82;98.9;46.5;0.00;100.00
59447;1306;56.0;49;5.49;7250.0;7.81;7.81;38.82;98.9;46.5;0.00;100.00
59459;1306;55.0;49;5.49;7250.0;7.81;8.59;38.43;98.9;46.5;0.00;100.00
59471;1305;55.0;49;5.49;7250.0;8.59;8.59;38.04;98.9;46.5;0.00;100.00
59487;1305;55.0;49;5.49;7250.0;8.59;9.38;37.65;98.9;46.5;0.00;100.00
59499;1305;54.0;49;5.49;7250.0;8.59;9.38;37.65;98.9;46.5;0.00;100.00
59507;1304;54.0;49;5.49;7250.0;8.59;9.38;37.25;98.9;47.0;0.00;100.00
59519;1304;53.0;49;5.49;7250.0;8.59;9.38;36.86;98.9;47.0;0.00;100.00
59526;1303;53.0;49;5.49;7250.0;8.59;9.38;36.86;98.9;47.0;0.00;100.00
59537;1303;53.0;49;5.49;7250.0;8.59;9.38;36.47;98.9;47.0;0.00;100.00
59553;1302;52.0;49;5.49;7250.0;8.59;9.38;36.08;98.9;47.5;0.00;100.00
59569;1302;52.0;49;5.49;7250.0;8.59;9.38;35.69;98.9;47.5;0.00;100.00
59578;1302;52.0;49;5.49;7250.0;8.59;9.38;35.69;98.9;47.5;0.00;100.00
59587;1301;51.0;49;5.49;7250.0;8.59;9.38;35.29;98.9;47.5;0.00;100.00
59600;1301;51.0;49;5.49;7250.0;8.59;9.38;34.90;98.9;48.0;0.00;100.00
59617;1301;51.0;49;5.49;7250.0;8.59;9.38;34.51;98.9;48.0;0.00;100.00
59628;1301;51.0;49;5.49;7250.0;8.59;9.38;34.51;98.9;48.0;0.00;100.00
59637;1300;50.0;49;5.49;7250.0;8.59;9.38;34.12;98.9;48.0;0.00;100.00
59648;1300;50.0;49;5.49;7250.0;8.59;9.38;33.73;98.9;48.5;0.00;100.00
59659;1300;50.0;49;5.49;7250.0;8.59;8.59;33.33;98.9;48.5;0.00;100.00
59668;1300;50.0;49;5.49;7250.0;8.59;8.59;32.55;98.9;48.5;0.00;100.00
59684;1299;49.0;49;5.49;7250.0;7.81;8.59;32.16;98.9;48.5;0.00;100.00
59698;1299;49.0;49;5.49;7250.0;7.81;8.59;31.76;98.9;48.5;0.00;100.00
59706;1299;50.0;49;5.49;7250.0;7.81;8.59;31.37;98.9;48.5;0.00;100.00
59718;1299;50.0;49;5.49;7250.0;7.81;8.59;30.98;98.9;48.5;0.00;100.00
59727;1298;51.0;49;5.88;7250.0;7.81;7.81;30.59;98.9;49.0;0.00;100.00
59736;1298;51.0;49;5.88;7250.0;7.81;7.81;29.80;98.9;49.0;0.00;100.00
59748;1298;52.0;49;6.27;7250.0;7.81;7.81;29.41;98.9;49.0;0.00;100.00
59760;1298;52.0;49;6.67;7250.0;7.03;7.81;29.02;98.9;49.0;0.00;100.00
59771;1298;53.0;49;7.06;7250.0;7.03;7.03;29.80;98.9;49.0;0.00;100.00
59787;1297;53.0;49;7.06;7250.0;7.03;7.03;30.20;98.9;49.0;0.00;100.00
59799;1297;54.0;49;7.45;7250.0;6.25;7.03;30.98;98.9;48.5;0.00;100.00
59813;1297;54.0;49;7.84;7250.0;6.25;6.25;31.76;98.9;48.5;0.00;100.00
59828;1300;55.0;49;8.24;7250.0;5.47;6.25;32.16;98.9;48.0;0.00;100.00
59840;1303;56.0;49;8.24;7250.0;5.47;5.47;32.94;98.9;48.0;0.00;100.00
59848;1307;56.0;49;8.63;7250.0;5.47;5.47;33.33;98.9;47.5;0.00;100.00
59859;1310;57.0;49;8.63;7250.0;4.69;5.47;34.12;98.9;47.5;0.00;100.00
59870;1313;57.0;49;8.63;7250.0;4.69;4.69;34.90;98.9;47.0;0.00;100.00
59889;1316;58.0;49;8.63;7250.0;4.69;4.69;35.29;98.9;47.0;0.00;100.00
59898;1320;58.0;49;8.63;7250.0;4.69;4.69;36.08;98.9;46.5;0.00;100.00
59909;1323;59.0;49;8.63;7250.0;4.69;4.69;36.47;98.9;46.5;0.00;100.00
59921;1326;59.0;49;8.24;7250.0;4.69;4.69;36.47;98.9;46.0;0.00;100.00
59937;1329;60.0;49;8.24;7250.0;4.69;4.69;36.86;98.9;46.0;0.00;100.00
59953;1333;60.0;49;8.24;7250.0;3.91;4.69;37.25;98.9;45.5;0.00;100.00
59968;1338;61.0;49;8.24;7250.0;3.91;4.69;37.25;98.9;45.5;0.00;100.00
59978;1342;61.0;49;8.24;7250.0;3.91;4.69;37.65;98.9;45.5;0.00;100.00
59987;1347;62.0;49;8.24;7250.0;3.91;4.69;37.65;98.9;45.0;0.00;100.00
59998;1352;62.0;49;8.24;7250.0;3.91;4.69;38.04;98.9;45.0;0.00;100.00
60008;1357;63.0;49;8.24;7250.0;3.91;4.69;38.43;98.9;44.5;0.00;100.00
60018;1362;63.0;49;8.24;7250.0;3.91;4.69;38.43;98.9;44.5;0.00;100.00
60027;1367;64.0;49;8.24;7250.0;3.91;4.69;38.82;98.9;44.5;0.00;100.00
60038;1372;64.0;49;8.24;7250.0;4.69;4.69;39.22;98.9;44.0;0.00;100.00
60048;1377;65.0;49;8.24;7250.0;4.69;5.47;39.61;98.9;44.0;0.00;100.00
60060;1382;65.0;49;8.24;7250.0;4.69;5.47;40.39;98.9;44.0;0.00;100.00
60074;1387;66.0;49;8.24;7250.0;4.69;5.47;40.78;98.9;43.5;0.00;100.00
60087;1380;66.0;49;8.24;7250.0;4.69;5.47;41.18;98.9;43.5;0.00;100.00
60098;1374;66.0;49;8.24;7250.0;4.69;5.47;41.57;98.9;43.5;0.00;100.00
60109;1368;67.0;49;8.24;7250.0;5.47;5.47;41.96;98.9;43.5;0.00;100.00
60118;1361;67.0;49;8.24;7250.0;5.47;6.25;42.35;98.9;43.0;0.00;100.00
60129;1355;67.0;49;8.24;7250.0;5.47;6.25;43.14;98.9;43.0;0.00;100.00
60139;1348;68.0;49;8.24;7260.0;5.47;6.25;43.53;98.9;43.0;0.00;100.00
60148;1342;68.0;49;8.24;7260.0;6.25;6.25;43.92;98.9;43.0;0.00;100.00
60160;1335;69.0;49;8.24;7260.0;6.25;7.03;44.31;98.9;42.5;0.00;100.00
60179;1329;69.0;49;8.24;7270.0;6.25;7.03;44.71;98.9;42.5;0.00;100.00
60187;1323;69.0;49;8.24;7270.0;6.25;7.03;44.71;99.0;42.5;0.00;100.00
60203;1316;70.0;49;8.24;7280.0;7.03;7.03;45.10;99.0;42.5;0.00;100.00
60217;1316;70.0;49;8.24;7280.0;7.03;7.81;45.49;99.0;42.5;0.00;100.00
60226;1316;71.0;49;8.24;7280.0;7.03;7.81;45.88;99.0;42.5;0.00;100.00
60237;1316;71.0;49;8.24;7290.0;7.03;7.81;46.27;99.0;42.5;0.00;100.00
60248;1316;72.0;49;8.63;7290.0;7.81;7.81;46.67;99.0;43.0;0.00;100.00
60260;1316;73.0;49;8.63;7290.0;7.81;8.59;46.67;99.0;43.0;0.00;100.00
60271;1316;74.0;49;9.02;7280.0;7.81;8.59;47.06;99.1;43.0;0.00;100.00
60287;1316;74.0;49;9.02;7280.0;7.03;8.59;47.45;99.1;43.0;0.00;100.00
60298;1316;75.0;49;9.41;7280.0;7.03;8.59;47.84;99.1;43.0;0.00;100.00
60308;1316;76.0;49;9.41;7270.0;7.03;7.81;48.63;99.1;43.0;0.00;100.00
60321;1315;77.0;49;9.80;7270.0;7.03;7.81;49.02;99.1;43.0;0.00;100.00
60344;1315;77.0;49;9.80;7260.0;6.25;7.81;49.80;99.1;43.0;0.00;100.00
60362;1315;78.0;49;10.20;7260.0;6.25;7.81;50.20;99.1;42.5;0.00;100.00
60378;1315;78.0;49;10.20;7260.0;6.25;7.81;50.98;99.2;42.5;0.00;100.00
60388;1315;79.0;49;10.59;7250.0;6.25;7.81;51.37;99.2;42.5;0.00;100.00
60397;1315;79.0;49;10.59;7250.0;5.47;7.03;52.16;99.2;42.5;0.00;100.00
60408;1315;79.0;49;10.59;7250.0;5.47;7.03;52.55;99.2;42.5;0.00;100.00
60418;1315;80.0;49;10.59;7250.0;5.47;7.03;53.33;99.2;42.5;0.00;100.00
60426;1315;80.0;49;10.59;7250.0;4.69;7.03;53.73;99.2;42.0;0.00;100.00
60439;1315;81.0;49;10.59;7250.0;4.69;6.25;54.51;99.3;42.0;0.00;100.00
60448;1315;81.0;49;10.20;7250.0;4.69;6.25;54.90;99.2;42.0;0.00;100.00
60459;1315;81.0;49;10.20;7250.0;3.91;6.25;55.69;99.2;42.0;0.00;100.00
60474;1315;82.0;49;10.20;7250.0;3.91;6.25;56.47;99.2;42.0;0.00;100.00
60486;1315;82.0;49;10.20;7250.0;3.13;5.47;56.86;99.2;42.0;0.00;100.00
60498;1315;82.0;49;10.20;7250.0;3.13;5.47;57.65;99.2;42.0;0.00;100.00
60506;1315;81.0;49;10.20;7250.0;3.13;5.47;58.04;99.2;42.0;0.00;100.00
60516;1315;81.0;49;9.80;7250.0;2.34;5.47;58.82;99.1;41.5;0.00;100.00
60526;1315;80.0;49;9.41;7250.0;2.34;4.69;59.61;99.1;41.5;0.00;100.00
60538;1316;80.0;49;9.41;7250.0;2.34;4.69;60.00;99.1;41.5;0.00;100.00
60550;1316;79.0;49;9.02;7250.0;1.56;4.69;60.78;99.1;41.5;0.00;100.00
60561;1316;79.0;49;8.63;7250.0;1.56;3.91;60.39;99.1;41.5;0.00;100.00
60576;1316;78.0;49;8.24;7250.0;1.56;3.91;59.61;99.1;41.5;0.00;100.00
60588;1316;78.0;49;7.84;7250.0;1.56;3.91;59.22;99.1;41.5;0.00;100.00
60603;1316;77.0;49;7.45;7250.0;0.78;3.91;58.43;99.0;41.5;0.00;100.00
60618;1316;77.0;49;7.45;7250.0;0.78;3.13;58.04;99.0;41.5;0.00;100.00
60628;1316;76.0;49;7.06;7250.0;0.78;3.13;57.25;99.0;41.5;0.00;100.00
60638;1316;75.0;49;6.67;7250.0;0.78;3.13;56.86;99.0;41.5;0.00;100.00
60647;1316;75.0;49;6.67;7250.0;0.00;3.13;56.08;98.9;42.0;0.00;100.00
60658;1316;74.0;49;6.67;7250.0;0.00;2.34;55.69;98.9;42.0;0.00;100.00
60670;1315;73.0;49;6.67;7260.0;0.00;2.34;54.90;98.9;42.0;0.00;100.00
60686;1315;72.0;49;6.67;7260.0;-0.78;2.34;54.51;98.9;42.0;0.00;100.00
60697;1315;71.0;49;6.67;7260.0;-0.78;1.56;53.73;98.9;42.0;0.00;100.00
60708;1315;70.0;49;7.06;7270.0;-0.78;1.56;52.55;98.9;42.0;0.00;100.00
60718;1315;70.0;49;7.06;7270.0;-1.56;1.56;51.76;98.9;42.0;0.00;100.00
60733;1315;69.0;49;7.06;7280.0;-1.56;0.78;50.59;98.9;42.0;0.00;100.00
60749;1315;68.0;49;7.06;7280.0;-2.34;0.78;49.80;98.9;42.0;0.00;100.00
60760;1315;68.0;49;7.06;7280.0;-2.34;0.00;48.63;98.9;42.0;0.00;100.00
60777;1316;67.0;49;7.06;7290.0;-2.34;0.00;47.84;98.9;42.0;0.00;100.00
60788;1316;67.0;49;7.06;7290.0;-3.13;0.00;46.67;98.9;42.5;0.00;100.00
60798;1317;67.0;49;7.06;7290.0;-3.13;-0.78;45.88;98.9;42.5;0.00;100.00
60807;1317;67.0;49;7.06;7290.0;-3.13;-0.78;44.71;98.9;42.5;0.00;100.00
60819;1317;66.0;49;7.06;7290.0;-3.91;-1.56;43.92;98.9;42.5;0.00;100.00
60828;1318;66.0;49;7.06;7290.0;-3.91;-1.56;43.53;98.9;42.5;0.00;100.00
60839;1318;66.0;49;6.67;7290.0;-3.91;-2.34;43.53;98.9;42.5;0.00;100.00
60850;1319;66.0;49;6.67;7290.0;-4.69;-3.13;43.14;98.9;42.5;0.00;100.00
60875;1319;65.0;49;6.67;7290.0;-4.69;-3.13;43.14;98.9;42.5;0.00;100.00
60887;1319;65.0;49;6.67;7290.0;-5.47;-3.91;42.75;98.9;42.5;0.00;100.00
60898;1318;65.0;49;6.67;7290.0;-5.47;-3.91;42.75;98.9;42.5;0.00;100.00
60908;1318;65.0;49;6.67;7290.0;-5.47;-4.69;42.35;98.9;42.5;0.00;100.00
60917;1317;65.0;49;6.67;7290.0;-6.25;-5.47;42.35;98.9;42.5;0.00;100.00
60928;1317;65.0;49;6.67;7290.0;-6.25;-5.47;41.96;98.9;42.5;0.00;100.00
60937;1316;65.0;49;6.67;7280.0;-6.25;-6.25;41.96;98.9;42.5;0.00;100.00
60947;1316;66.0;49;6.67;7280.0;-7.03;-5.47;41.57;98.9;42.5;0.00;100.00
60959;1315;66.0;49;6.67;7280.0;-7.03;-5.47;41.57;98.9;42.5;0.00;100.00
60969;1315;66.0;49;6.67;7270.0;-7.03;-4.69;41.57;98.9;42.5;0.00;100.00
60977;1315;66.0;49;6.67;7270.0;-7.81;-3.91;41.57;98.9;42.5;0.00;100.00
60994;1314;66.0;49;6.67;7260.0;-7.81;-3.13;41.57;98.9;42.5;0.00;100.00
61009;1314;66.0;49;6.67;7260.0;-8.59;-3.13;41.57;98.9;42.5;0.00;100.00
61018;1314;66.0;49;6.67;7260.0;-8.59;-2.34;41.18;98.9;42.5;0.00;100.00
61029;1314;66.0;49;6.67;7250.0;-8.59;-1.56;41.18;98.9;42.5;0.00;100.00
61037;1314;66.0;49;6.67;7250.0;-9.38;-0.78;41.18;98.9;43.0;0.00;100.00
61047;1315;66.0;49;6.67;7250.0;-9.38;-0.78;41.18;98.9;43.0;0.00;100.00
61058;1315;66.0;49;6.67;7250.0;-9.38;0.00;41.18;98.9;43.0;0.00;100.00
61069;1315;65.0;49;6.67;7250.0;-9.38;-0.78;41.18;98.9;43.0;0.00;100.00
61080;1315;65.0;49;6.67;7250.0;-8.59;-1.56;41.18;98.9;43.0;0.00;100.00
61088;1315;65.0;49;6.67;7250.0;-8.59;-1.56;41.18;98.9;43.0;0.00;100.00
61100;1315;65.0;49;6.67;7250.0;-8.59;-2.34;41.18;98.9;43.0;0.00;100.00
61113;1315;65.0;49;6.67;7250.0;-8.59;-3.13;41.18;98.9;43.0;0.00;100.00
61129;1316;65.0;49;6.67;7250.0;-8.59;-3.91;41.18;98.9;43.0;0.00;100.00
61137;1317;65.0;49;6.67;7250.0;-8.59;-4.69;41.18;98.9;43.0;0.00;100.00
61149;1318;65.0;49;6.67;7250.0;-7.81;-5.47;41.18;98.9;43.0;0.00;100.00
61160;1318;64.0;49;6.67;7250.0;-7.81;-5.47;41.18;98.9;43.0;0.00;100.00
61171;1319;64.0;49;6.67;7250.0;-7.81;-6.25;41.18;98.9;43.0;0.00;100.00
61187;1320;64.0;49;6.67;7260.0;-7.81;-7.03;41.18;98.9;43.0;0.00;100.00
61197;1321;64.0;49;6.67;7260.0;-7.81;-7.03;41.18;98.9;43.0;0.00;100.00
61209;1322;64.0;49;6.67;7260.0;-7.81;-7.03;41.18;98.9;43.0;0.00;100.00
61217;1323;64.0;49;6.27;7270.0;-7.81;-7.03;41.18;98.9;43.0;0.00;100.00
61228;1324;63.0;49;6.27;7270.0;-7.81;-7.03;41.18;98.9;43.0;0.00;100.00
61244;1324;63.0;49;6.27;7280.0;-7.81;-7.03;41.18;98.9;43.0;0.00;100.00
61258;1324;63.0;49;6.27;7280.0;-7.81;-6.25;41.18;98.9;43.0;0.00;100.00
61269;1323;63.0;49;6.27;7280.0;-7.81;-6.25;41.18;98.9;43.0;0.00;100.00
61279;1322;63.0;49;6.27;7290.0;-7.81;-6.25;41.18;98.9;43.0;0.00;100.00
61288;1322;63.0;49;6.27;7290.0;-7.81;-6.25;41.18;98.9;43.0;0.00;100.00
61299;1321;63.0;49;6.27;7290.0;-7.81;-6.25;41.18;98.9;43.0;0.00;100.00
61308;1320;63.0;49;6.27;7290.0;-7.81;-6.25;41.18;98.9;43.0;0.00;100.00
61317;1320;62.0;49;6.27;7290.0;-7.81;-6.25;41.18;98.9;43.0;0.00;100.00
61328;1319;62.0;49;6.27;7290.0;-7.03;-6.25;41.18;98.9;43.0;0.00;100.00
61337;1318;62.0;49;6.27;7290.0;-7.03;-6.25;41.18;98.9;43.0;0.00;100.00
61349;1318;62.0;49;6.27;7290.0;-7.03;-6.25;41.18;98.9;43.0;0.00;100.00
61365;1317;62.0;49;6.27;7290.0;-7.03;-6.25;41.18;98.9;43.0;0.00;100.00
61379;1316;62.0;49;6.27;7290.0;-7.03;-6.25;41.18;98.9;43.0;0.00;100.00
61388;1315;62.0;49;6.27;7290.0;-7.03;-6.25;40.78;98.9;43.0;0.00;100.00
61397;1315;62.0;49;6.27;7290.0;-6.25;-6.25;40.78;98.9;43.0;0.00;100.00
61408;1314;62.0;49;6.27;7290.0;-6.25;-6.25;40.78;98.9;43.5;0.00;100.00
61417;1313;62.0;49;6.27;7290.0;-6.25;-6.25;40.78;98.9;43.5;0.00;100.00
61429;1312;62.0;49;6.27;7290.0;-6.25;-6.25;40.78;98.9;43.5;0.00;100.00
61437;1312;61.0;49;6.27;7290.0;-6.25;-6.25;40.78;98.9;43.5;0.00;100.00
61449;1311;61.0;49;6.27;7290.0;-6.25;-6.25;40.78;98.9;43.5;0.00;100.00
61458;1310;61.0;49;6.27;7290.0;-6.25;-6.25;40.78;98.9;43.5;0.00;100.00
61467;1309;61.0;49;6.27;7290.0;-6.25;-6.25;40.39;98.9;43.5;0.00;100.00
61485;1309;61.0;49;6.27;7290.0;-6.25;-6.25;40.39;98.9;43.5;0.00;100.00
61499;1308;61.0;49;6.27;7290.0;-6.25;-5.47;40.39;98.9;43.5;0.00;100.00
61507;1308;61.0;49;6.27;7290.0;-6.25;-5.47;40.39;98.9;43.5;0.00;100.00
61519;1307;61.0;49;6.27;7290.0;-6.25;-5.47;40.39;98.9;43.5;0.00;100.00
61528;1307;61.0;49;6.27;7290.0;-6.25;-5.47;40.39;98.9;43.5;0.00;100.00
61540;1306;61.0;49;6.27;7290.0;-6.25;-5.47;40.00;98.9;43.5;0.00;100.00
61548;1306;61.0;49;6.27;7290.0;-6.25;-5.47;40.00;98.9;43.5;0.00;100.00
61560;1305;62.0;49;6.27;7290.0;-6.25;-5.47;40.00;98.9;43.5;0.00;100.00
61569;1305;62.0;49;6.27;7290.0;-5.47;-5.47;40.00;98.9;43.5;0.00;100.00
61578;1304;62.0;49;6.27;7290.0;-5.47;-5.47;40.00;98.9;43.5;0.00;100.00
61587;1304;62.0;49;6.27;7290.0;-5.47;-5.47;40.00;98.9;43.5;0.00;100.00
61605;1303;62.0;49;6.27;7290.0;-5.47;-5.47;40.00;98.9;43.5;0.00;100.00
61620;1304;62.0;49;6.27;7290.0;-5.47;-4.69;40.00;98.9;43.5;0.00;100.00
61639;1304;62.0;49;6.27;7290.0;-5.47;-4.69;39.61;98.9;43.5;0.00;100.00
61648;1305;62.0;49;6.27;7290.0;-4.69;-4.69;39.61;98.9;43.5;0.00;100.00
61657;1305;62.0;49;6.27;7290.0;-4.69;-4.69;39.61;98.9;43.5;0.00;100.00
61671;1306;62.0;49;6.27;7290.0;-4.69;-4.69;39.61;98.9;43.5;0.00;100.00
61689;1306;62.0;49;6.27;7290.0;-4.69;-4.69;39.61;98.9;43.5;0.00;100.00
61699;1306;61.0;49;6.27;7290.0;-4.69;-4.69;39.61;98.9;43.5;0.00;100.00
61707;1307;61.0;49;6.27;7290.0;-4.69;-4.69;39.61;98.9;43.5;0.00;100.00
61719;1307;61.0;49;5.88;7290.0;-4.69;-3.91;39.61;98.9;43.5;0.00;100.00
61728;1308;61.0;49;5.88;7290.0;-4.69;-3.91;39.61;98.9;43.5;0.00;100.00
61743;1308;61.0;49;5.88;7290.0;-3.91;-3.91;39.61;98.9;43.5;0.00;100.00
61761;1309;61.0;49;5.88;7290.0;-3.91;-3.91;39.61;98.9;43.5;0.00;100.00
61778;1309;61.0;49;5.88;7290.0;-3.91;-3.91;39.61;98.9;43.5;0.00;100.00
61788;1310;61.0;49;5.88;7290.0;-3.91;-3.91;39.61;98.9;43.5;0.00;100.00
61798;1310;60.0;49;5.88;7290.0;-3.91;-3.13;39.61;98.9;43.5;0.00;100.00
61808;1311;60.0;49;5.88;7290.0;-3.91;-3.13;39.61;98.9;43.5;0.00;100.00
61819;1311;60.0;49;5.88;7290.0;-3.91;-3.13;39.61;98.9;43.5;0.00;100.00
61827;1311;60.0;49;5.88;7290.0;-3.91;-3.13;39.61;98.9;43.5;0.00;100.00
61838;1312;60.0;49;5.88;7290.0;-3.91;-3.13;39.61;98.9;43.5;0.00;100.00
61849;1312;60.0;49;5.88;7290.0;-3.91;-3.13;39.61;98.9;43.5;0.00;100.00
61861;1313;59.0;49;5.88;7290.0;-3.91;-3.13;39.22;98.9;43.5;0.00;100.00
61885;1313;59.0;49;5.88;7290.0;-3.91;-3.13;39.22;98.9;43.5;0.00;100.00
61898;1313;59.0;49;5.88;7290.0;-3.91;-3.13;39.22;98.9;43.5;0.00;100.00
61907;1313;59.0;49;5.88;7290.0;-3.91;-3.13;39.22;98.9;43.5;0.00;100.00
61918;1313;59.0;49;5.88;7290.0;-3.91;-3.13;39.22;98.9;43.5;0.00;100.00
61928;1313;59.0;49;5.88;7290.0;-3.91;-3.13;39.22;98.9;44.0;0.00;100.00
61938;1313;59.0;49;5.88;7290.0;-3.91;-3.13;38.82;98.9;44.0;0.00;100.00
61950;1313;59.0;49;5.88;7290.0;-3.91;-3.13;38.82;98.9;44.0;0.00;100.00
61960;1313;60.0;49;5.88;7290.0;-3.91;-3.13;38.82;98.9;44.0;0.00;100.00
61978;1313;60.0;49;5.88;7290.0;-3.91;-3.13;38.82;98.9;44.0;0.00;100.00
61988;1313;60.0;49;6.27;7290.0;-3.91;-3.13;38.82;98.9;44.0;0.00;100.00
61997;1313;60.0;49;6.27;7290.0;-3.91;-3.13;38.82;98.9;44.0;0.00;100.00
62014;1313;60.0;49;6.27;7290.0;-4.69;-3.13;38.82;98.9;44.0;0.00;100.00
62028;1313;60.0;49;6.27;7290.0;-4.69;-3.13;38.82;98.9;44.0;0.00;100.00
62037;1312;60.0;49;6.27;7290.0;-4.69;-3.13;38.82;98.9;44.0;0.00;100.00
62047;1311;60.0;49;6.27;7290.0;-4.69;-3.13;38.82;98.9;44.0;0.00;100.00
62059;1311;59.0;49;6.27;7290.0;-4.69;-3.13;38.82;98.9;44.0;0.00;100.00
62069;1310;59.0;49;6.27;7290.0;-4.69;-3.13;38.82;98.9;44.0;0.00;100.00
62078;1310;59.0;49;6.27;7290.0;-4.69;-3.13;38.82;98.9;44.0;0.00;100.00
62087;1309;59.0;49;6.27;7290.0;-4.69;-3.13;38.82;98.9;44.0;0.00;100.00
62099;1309;59.0;49;6.27;7290.0;-4.69;-3.13;38.82;98.9;44.0;0.00;100.00
62108;1308;59.0;49;5.88;7290.0;-4.69;-3.13;38.82;98.9;44.0;0.00;100.00
62120;1307;58.0;49;5.88;7290.0;-4.69;-3.13;38.82;98.9;44.0;0.00;100.00
62146;1307;58.0;49;5.88;7290.0;-4.69;-3.13;38.82;98.9;44.0;0.00;100.00
62160;1307;58.0;49;5.88;7290.0;-4.69;-2.34;38.82;98.9;44.0;0.00;100.00
62168;1307;58.0;49;5.88;7290.0;-4.69;-2.34;38.43;98.9;44.0;0.00;100.00
62180;1307;58.0;49;5.88;7290.0;-4.69;-2.34;38.43;98.9;44.0;0.00;100.00
62189;1307;58.0;49;5.88;7290.0;-4.69;-2.34;38.43;98.9;44.0;0.00;100.00
62197;1307;58.0;49;5.88;7290.0;-4.69;-2.34;38.43;98.9;44.0;0.00;100.00
62209;1308;58.0;49;5.88;7290.0;-4.69;-2.34;38.43;98.9;44.0;0.00;100.00
62218;1308;57.0;49;5.88;7290.0;-4.69;-2.34;38.43;98.9;44.0;0.00;100.00
62227;1308;57.0;49;5.88;7290.0;-4.69;-2.34;38.43;98.9;44.0;0.00;100.00
62238;1308;57.0;49;5.49;7290.0;-4.69;-2.34;38.04;98.9;44.0;0.00;100.00
62249;1308;57.0;49;5.49;7290.0;-4.69;-2.34;38.04;98.9;44.0;0.00;100.00
62266;1308;57.0;49;5.49;7290.0;-4.69;-2.34;38.04;98.9;44.0;0.00;100.00
62279;1309;57.0;49;5.49;7290.0;-4.69;-3.13;38.04;98.9;44.0;0.00;100.00
62288;1309;57.0;49;5.49;7290.0;-4.69;-3.13;37.65;98.9;44.0;0.00;100.00
62300;1310;57.0;49;5.49;7290.0;-4.69;-3.13;37.65;98.9;44.0;0.00;100.00
62309;1311;56.0;49;5.49;7290.0;-4.69;-3.13;37.65;98.9;44.5;0.00;100.00
62320;1311;56.0;49;5.49;7290.0;-4.69;-3.13;37.65;98.9;44.5;0.00;100.00
62338;1312;56.0;49;5.49;7290.0;-4.69;-3.13;37.25;98.9;44.5;0.00;100.00
62349;1313;56.0;49;5.49;7290.0;-4.69;-3.13;37.25;98.9;44.5;0.00;100.00
62359;1313;56.0;49;5.49;7290.0;-4.69;-3.13;37.25;98.9;44.5;0.00;100.00
62368;1314;56.0;49;5.88;7290.0;-4.69;-3.13;37.25;98.9;44.5;0.00;100.00
62378;1315;55.0;49;5.88;7290.0;-4.69;-3.13;36.86;98.9;44.5;0.00;100.00
62394;1315;55.0;49;5.88;7290.0;-4.69;-3.13;36.86;98.9;44.5;0.00;100.00
62410;1315;55.0;49;5.88;7290.0;-4.69;-3.91;36.86;98.9;44.5;0.00;100.00
62428;1315;55.0;49;5.88;7290.0;-4.69;-3.91;36.86;98.9;44.5;0.00;100.00
62440;1314;54.0;49;5.88;7290.0;-4.69;-3.91;36.86;98.9;44.5;0.00;100.00
62449;1314;54.0;49;5.88;7290.0;-4.69;-3.91;36.86;98.9;44.5;0.00;100.00
62460;1313;54.0;49;5.88;7290.0;-4.69;-3.91;36.47;98.9;44.5;0.00;100.00
62469;1313;54.0;49;5.88;7290.0;-4.69;-3.91;36.47;98.9;44.5;0.00;100.00
62478;1313;53.0;49;5.88;7290.0;-4.69;-3.91;36.47;98.9;44.5;0.00;100.00
62489;1312;53.0;49;5.88;7290.0;-4.69;-3.91;36.47;98.9;44.5;0.00;100.00
62499;1312;53.0;49;5.88;7290.0;-4.69;-3.91;36.47;98.9;44.5;0.00;100.00
62507;1311;53.0;49;5.88;7290.0;-4.69;-3.91;36.08;98.9;44.5;0.00;100.00
62523;1311;52.0;49;5.88;7290.0;-5.47;-3.91;36.08;98.9;44.5;0.00;100.00
62537;1311;52.0;49;5.88;7290.0;-5.47;-3.91;36.08;98.9;44.5;0.00;100.00
62549;1310;52.0;49;5.88;7290.0;-5.47;-3.91;36.08;98.9;44.5;0.00;100.00
62557;1310;52.0;49;5.88;7290.0;-5.47;-3.91;36.08;98.9;44.5;0.00;100.00
62569;1310;52.0;49;5.88;7290.0;-5.47;-3.91;36.08;98.9;44.5;0.00;100.00
62578;1310;52.0;49;5.88;7290.0;-5.47;-3.91;35.69;98.9;44.5;0.00;100.00
62589;1309;52.0;49;5.88;7300.0;-5.47;-3.91;35.69;98.9;44.5;0.00;100.00
62599;1309;51.0;49;5.88;7300.0;-5.47;-3.91;35.69;98.9;44.5;0.00;100.00
62609;1309;51.0;49;5.88;7300.0;-6.25;-3.91;35.69;98.9;44.5;0.00;100.00
62619;1309;51.0;49;5.88;7300.0;-6.25;-4.69;35.29;98.9;44.5;0.00;100.00
62628;1308;51.0;49;5.88;7310.0;-6.25;-4.69;35.29;98.9;44.5;0.00;100.00
62643;1308;51.0;49;5.88;7310.0;-6.25;-4.69;35.29;98.9;44.5;0.00;100.00
62659;1308;51.0;49;5.88;7310.0;-6.25;-4.69;35.29;98.9;44.5;0.00;100.00
62668;1308;51.0;49;5.88;7310.0;-6.25;-4.69;34.90;98.9;44.5;0.00;100.00
62678;1308;51.0;49;5.88;7320.0;-7.03;-4.69;34.90;98.9;44.5;0.00;100.00
62689;1309;51.0;49;5.88;7320.0;-7.03;-5.47;34.90;98.9;44.5;0.00;100.00
62700;1309;51.0;49;5.88;7320.0;-7.03;-5.47;34.90;98.9;44.5;0.00;100.00
62709;1309;51.0;49;5.88;7310.0;-7.03;-5.47;34.51;98.9;44.5;0.00;100.00
62718;1309;50.0;49;5.88;7310.0;-7.03;-5.47;34.51;98.9;44.5;0.00;100.00
62728;1309;50.0;49;5.88;7310.0;-7.03;-5.47;34.12;98.9;44.5;0.00;100.00
62739;1309;50.0;49;5.88;7310.0;-7.03;-5.47;34.12;98.9;44.5;0.00;100.00
62747;1309;50.0;49;5.88;7300.0;-7.03;-5.47;33.73;98.9;44.5;0.00;100.00
62762;1309;50.0;49;5.88;7300.0;-7.81;-5.47;33.73;98.9;44.5;0.00;100.00
62779;1310;50.0;49;5.88;7300.0;-7.81;-6.25;33.33;98.9;44.5;0.00;100.00
62787;1310;50.0;49;5.88;7300.0;-7.81;-6.25;33.33;98.9;44.5;0.00;100.00
62798;1310;50.0;49;5.88;7290.0;-7.81;-6.25;32.94;98.9;44.5;0.00;100.00
62809;1310;51.0;49;5.88;7290.0;-7.81;-6.25;32.94;98.9;44.5;0.00;100.00
62818;1310;51.0;49;5.88;7290.0;-7.81;-6.25;32.55;98.9;44.5;0.00;100.00
62828;1310;51.0;49;5.88;7290.0;-7.81;-6.25;32.55;98.9;44.5;0.00;100.00
62839;1310;51.0;49;5.88;7290.0;-7.81;-6.25;32.16;98.9;44.5;0.00;100.00
62848;1311;51.0;49;5.88;7290.0;-7.03;-5.47;32.16;98.9;44.5;0.00;100.00
62859;1311;51.0;49;6.27;7290.0;-7.03;-5.47;32.16;98.9;44.5;0.00;100.00
62868;1311;52.0;49;6.27;7290.0;-7.03;-5.47;32.16;98.9;44.5;0.00;100.00
62882;1311;52.0;49;6.27;7290.0;-7.03;-4.69;32.16;98.9;44.5;0.00;100.00
62898;1311;52.0;49;6.27;7290.0;-7.03;-4.69;32.16;98.9;44.5;0.00;100.00
62911;1311;52.0;49;6.27;7290.0;-7.03;-3.91;32.16;98.9;44.5;0.00;100.00
62929;1312;52.0;49;6.27;7290.0;-6.25;-3.91;32.16;98.9;44.5;0.00;100.00
62938;1312;52.0;49;6.27;7290.0;-6.25;-3.91;32.16;98.9;44.5;0.00;100.00
62949;1312;52.0;49;6.27;7290.0;-6.25;-3.13;32.16;98.9;44.5;0.00;100.00
62958;1312;52.0;49;6.27;7290.0;-5.47;-3.13;32.16;98.9;44.5;0.00;100.00
62970;1312;51.0;49;6.27;7290.0;-5.47;-2.34;32.16;98.9;44.5;0.00;100.00
62989;1312;51.0;49;6.27;7290.0;-4.69;-2.34;32.16;98.9;44.5;0.00;100.00
62999;1313;51.0;49;6.27;7290.0;-4.69;-1.56;32.16;98.9;44.5;0.00;100.00
63008;1313;51.0;49;6.27;7290.0;-3.91;-1.56;32.16;98.9;44.5;0.00;100.00
63023;1313;51.0;49;6.27;7290.0;-3.91;-0.78;32.16;98.9;44.5;0.00;100.00
63037;1312;51.0;49;6.27;7290.0;-3.13;-0.78;32.16;98.9;44.5;0.00;100.00
63049;1312;51.0;49;6.27;7290.0;-3.13;0.00;32.16;98.9;44.5;0.00;100.00
63058;1312;51.0;49;6.27;7290.0;-2.34;0.00;32.16;98.9;44.5;0.00;100.00
63069;1311;52.0;49;6.27;7290.0;-2.34;0.78;32.16;98.9;44.5;0.00;100.00
63079;1311;52.0;49;6.27;7290.0;-1.56;0.78;32.16;98.9;44.5;0.00;100.00
63090;1310;52.0;49;6.27;7290.0;-0.78;1.56;32.16;98.9;44.5;0.00;100.00
63108;1310;52.0;49;6.27;7290.0;-0.78;1.56;32.16;98.9;44.5;0.00;100.00
63120;1309;52.0;49;6.27;7290.0;0.00;2.34;32.16;98.9;44.5;0.00;100.00
63140;1309;52.0;49;6.27;7290.0;0.00;2.34;32.16;98.9;44.5;0.00;100.00
63159;1309;53.0;49;6.27;7290.0;0.78;2.34;32.16;98.9;44.5;0.00;100.00
63173;1308;53.0;49;6.27;7290.0;0.78;2.34;32.16;98.9;44.5;0.00;100.00
63188;1308;53.0;49;6.27;7290.0;1.56;3.13;32.16;98.9;44.5;0.00;100.00
63197;1308;53.0;49;6.27;7290.0;1.56;3.13;32.16;98.9;44.5;0.00;100.00
63210;1308;53.0;49;6.27;7290.0;2.34;3.13;32.16;98.9;44.5;0.00;100.00
63219;1308;53.0;49;6.27;7290.0;2.34;3.13;32.16;98.9;44.5;0.00;100.00
63226;1308;53.0;49;6.27;7290.0;3.13;3.91;32.16;98.9;44.5;0.00;100.00
63239;1308;53.0;49;6.27;7290.0;3.13;3.91;32.16;98.9;44.5;0.00;100.00
63248;1307;53.0;49;6.27;7290.0;3.13;3.91;32.16;98.9;44.5;0.00;100.00
63259;1307;53.0;49;6.27;7290.0;3.91;3.91;32.16;98.9;44.5;0.00;100.00
63270;1307;53.0;49;6.27;7290.0;3.91;3.91;32.16;98.9;44.5;0.00;100.00
63279;1307;53.0;49;6.27;7290.0;3.91;3.91;32.16;98.9;44.5;0.00;100.00
63293;1307;53.0;49;6.27;7290.0;3.91;3.91;32.16;98.9;44.5;0.00;100.00
63309;1307;53.0;49;6.27;7290.0;3.91;3.91;32.16;98.9;44.5;0.00;100.00
63321;1307;53.0;49;6.27;7290.0;3.91;3.91;32.16;98.9;44.5;0.00;100.00
63338;1307;53.0;49;6.27;7290.0;4.69;3.91;32.16;98.9;44.5;0.00;100.00
63350;1307;53.0;49;6.27;7290.0;4.69;3.91;32.16;98.9;44.5;0.00;100.00
63370;1307;53.0;49;6.27;7290.0;4.69;3.91;32.16;98.9;44.5;0.00;100.00
63380;1307;53.0;49;6.27;7290.0;4.69;3.91;32.16;98.9;44.5;0.00;100.00
63388;1307;54.0;49;6.27;7290.0;4.69;3.91;32.16;98.9;44.5;0.00;100.00
63397;1307;54.0;49;6.27;7290.0;4.69;3.91;32.16;98.9;44.5;0.00;100.00
63410;1307;54.0;49;6.27;7290.0;4.69;3.91;32.16;98.9;44.5;0.00;100.00
63419;1306;54.0;49;6.27;7290.0;4.69;3.91;32.16;98.9;44.5;0.00;100.00
63432;1306;54.0;49;6.27;7290.0;4.69;3.91;32.16;98.9;44.5;0.00;100.00
63450;1306;54.0;49;6.27;7290.0;4.69;3.91;32.16;98.9;44.5;0.00;100.00
63470;1305;54.0;49;6.27;7290.0;4.69;3.91;32.16;98.9;44.5;0.00;100.00
63488;1304;53.0;49;6.27;7290.0;4.69;3.91;32.16;98.9;44.5;0.00;100.00
63500;1303;53.0;49;6.27;7290.0;4.69;3.91;32.16;98.9;45.0;0.00;100.00
63520;1303;53.0;49;5.88;7290.0;4.69;3.91;32.16;98.9;45.0;0.00;100.00
63540;1302;53.0;49;5.88;7290.0;4.69;3.91;32.16;98.9;45.0;0.00;100.00
63557;1301;52.0;49;5.88;7290.0;4.69;3.91;32.16;98.9;45.0;0.00;100.00
63569;1300;52.0;49;5.88;7290.0;4.69;3.91;31.76;98.9;45.0;0.00;100.00
63580;1299;52.0;49;5.49;7290.0;4.69;3.91;31.76;98.9;45.0;0.00;100.00
63598;1299;52.0;49;5.49;7290.0;4.69;3.91;31.37;98.9;45.5;0.00;100.00
63615;1298;51.0;49;5.49;7290.0;4.69;3.91;31.37;98.9;46.0;0.00;100.00
63627;1298;51.0;49;5.49;7290.0;4.69;4.69;30.98;98.9;47.0;0.00;100.00
63640;1298;51.0;49;5.10;7290.0;4.69;4.69;30.98;98.9;47.5;0.00;100.00
63648;1298;50.0;49;5.10;7290.0;4.69;4.69;30.59;98.9;48.0;0.00;100.00
63657;1298;50.0;49;5.10;7290.0;4.69;4.69;30.59;98.9;48.5;0.00;100.00
63669;1297;49.0;49;5.10;7290.0;4.69;4.69;30.20;98.9;49.0;0.00;100.00
63678;1297;49.0;49;5.10;7290.0;4.69;4.69;30.20;98.9;49.5;0.00;100.00
63687;1297;48.0;49;5.10;7290.0;4.69;4.69;29.80;98.9;50.5;0.00;100.00
63698;1297;48.0;49;5.10;7290.0;4.69;4.69;29.41;98.9;51.0;0.00;100.00
63707;1297;47.0;49;5.10;7290.0;4.69;4.69;29.41;98.9;51.5;0.00;100.00
63718;1297;47.0;49;5.10;7290.0;4.69;4.69;29.02;98.9;52.0;0.00;100.00
63735;1297;46.0;49;5.10;7290.0;4.69;4.69;29.02;98.9;52.5;0.00;100.00
63748;1297;46.0;49;5.10;7290.0;4.69;5.47;28.63;98.9;53.0;0.00;100.00
63759;1298;46.0;49;5.10;7290.0;4.69;5.47;28.63;98.9;53.5;0.00;100.00
63771;1298;45.0;49;5.10;7290.0;4.69;5.47;28.24;98.9;54.0;0.00;100.00
63788;1298;45.0;49;5.10;7290.0;4.69;5.47;28.24;98.9;54.0;0.00;100.00
63797;1298;45.0;49;5.10;7290.0;4.69;5.47;27.84;98.9;54.5;0.00;100.00
63808;1299;44.0;49;4.71;7280.0;4.69;5.47;27.84;98.9;55.0;0.00;100.00
63816;1299;44.0;49;4.71;7280.0;4.69;5.47;27.45;98.9;55.5;0.00;100.00
63828;1299;43.0;49;4.71;7280.0;4.69;5.47;27.06;98.9;56.0;0.00;100.00
63839;1300;43.0;49;4.71;7270.0;4.69;4.69;27.06;98.9;56.5;0.00;100.00
63848;1300;43.0;49;4.71;7270.0;4.69;4.69;26.67;98.9;57.0;0.00;100.00
63864;1300;42.0;49;4.71;7260.0;3.91;4.69;26.67;98.9;58.0;0.00;100.00
63880;1300;42.0;49;4.31;7260.0;3.91;4.69;26.27;98.9;58.5;0.00;100.00
63897;1300;42.0;49;4.31;7260.0;3.91;4.69;26.27;98.9;59.5;0.00;100.00
63909;1300;41.0;49;4.31;7250.0;3.91;4.69;25.88;98.9;60.0;0.00;100.00
63920;1300;41.0;49;4.31;7250.0;3.91;3.91;25.88;98.9;61.0;0.00;100.00
63938;1300;41.0;49;4.31;7250.0;3.91;3.91;25.49;98.9;61.5;0.00;100.00
63948;1300;41.0;49;4.31;7260.0;3.91;3.91;25.49;98.9;62.5;0.00;100.00
63956;1300;40.0;49;4.31;7260.0;3.91;3.91;25.10;98.9;63.0;0.00;100.00
63968;1299;40.0;49;4.31;7260.0;3.13;3.91;25.10;98.9;64.0;0.00;100.00
63979;1299;40.0;49;3.92;7270.0;3.13;3.13;25.49;98.9;64.5;0.00;100.00
63987;1299;40.0;49;3.92;7270.0;3.13;3.13;25.49;98.9;65.0;0.00;100.00
64004;1299;39.0;49;3.92;7280.0;3.13;3.13;25.49;98.9;65.0;0.00;100.00
64017;1298;39.0;49;3.92;7280.0;3.13;3.13;25.88;98.9;65.5;0.00;100.00
64028;1298;39.0;49;3.92;7280.0;3.13;3.13;25.88;98.9;65.5;0.00;100.00
64039;1297;38.0;49;3.92;7290.0;2.34;3.13;26.27;98.9;66.0;0.00;100.00
64046;1297;38.0;49;3.92;7290.0;2.34;2.34;26.27;98.9;66.0;0.00;100.00
64059;1296;37.0;49;3.92;7290.0;2.34;2.34;26.27;98.9;66.5;0.00;100.00
64070;1295;37.0;49;3.92;7290.0;2.34;2.34;26.67;98.9;66.5;0.00;100.00
64080;1295;36.0;49;3.92;7290.0;1.56;2.34;26.67;98.9;67.0;0.00;100.00
64098;1294;36.0;49;3.92;7290.0;1.56;1.56;26.27;98.9;67.0;0.00;100.00
64108;1293;35.0;49;3.53;7290.0;1.56;1.56;26.27;98.9;67.5;0.00;100.00
64118;1293;35.0;49;3.53;7290.0;1.56;1.56;25.88;98.9;68.5;0.00;100.00
64136;1292;34.0;49;3.53;7290.0;0.78;1.56;25.49;98.9;69.0;0.00;100.00
64147;1291;34.0;49;3.53;7290.0;0.78;0.78;25.49;98.9;70.0;0.00;100.00
64159;1291;34.0;49;3.53;7290.0;0.78;0.78;25.10;98.9;71.0;0.00;100.00
64170;1290;33.0;49;3.53;7290.0;0.78;0.78;25.10;98.9;71.5;0.00;100.00
64187;1290;33.0;49;3.53;7290.0;0.00;0.78;24.71;98.9;72.5;0.00;100.00
64197;1289;33.0;49;3.53;7290.0;0.00;0.00;24.31;98.9;73.0;0.00;100.00
64207;1288;32.0;49;3.53;7290.0;0.00;0.00;24.31;98.9;74.0;0.00;100.00
64218;1288;32.0;49;3.53;7290.0;0.00;0.00;23.92;98.9;75.0;0.00;100.00
64229;1287;31.0;49;3.53;7290.0;0.00;-0.78;23.53;98.9;75.5;0.00;100.00
64238;1286;31.0;49;3.53;7290.0;0.00;-0.78;23.53;98.9;76.5;0.00;100.00
64246;1286;31.0;49;3.53;7290.0;0.00;-0.78;23.14;98.9;77.0;0.00;100.00
64264;1285;30.0;49;3.53;7290.0;-0.78;-0.78;22.75;98.9;78.0;0.00;100.00
64279;1285;30.0;49;3.53;7290.0;-0.78;-1.56;22.75;98.9;78.5;0.00;100.00
64287;1284;30.0;49;3.53;7290.0;-0.78;-1.56;22.35;98.9;79.0;0.00;100.00
64298;1283;30.0;49;3.53;7290.0;-0.78;-1.56;22.35;98.9;79.5;0.00;100.00
64308;1283;30.0;49;3.53;7290.0;-0.78;-1.56;21.96;98.9;80.5;0.00;100.00
64318;1282;30.0;49;3.53;7290.0;-0.78;-2.34;21.57;98.9;81.0;0.00;100.00
64328;1281;30.0;49;3.53;7290.0;-0.78;-2.34;21.57;98.9;81.5;0.00;100.00
64337;1281;30.0;49;3.53;7290.0;-1.56;-2.34;21.18;98.9;82.0;0.00;100.00
64348;1280;30.0;49;3.53;7290.0;-1.56;-3.13;21.18;98.9;83.0;0.00;100.00
64363;1280;30.0;49;3.53;7290.0;-1.56;-3.13;20.78;98.9;83.5;0.00;100.00
64378;1279;30.0;49;3.53;7290.0;-1.56;-3.91;20.78;98.9;83.5;0.00;100.00
64394;1278;30.0;49;3.53;7290.0;-2.34;-3.91;20.78;98.9;83.5;0.00;100.00
64409;1279;30.0;49;3.53;7290.0;-2.34;-4.69;20.39;98.9;84.0;0.00;100.00
64418;1279;30.0;49;3.53;7290.0;-2.34;-4.69;20.39;98.9;84.0;0.00;100.00
64427;1279;30.0;49;3.53;7290.0;-2.34;-5.47;20.00;98.9;84.0;0.00;100.00
64439;1279;30.0;49;3.53;7290.0;-3.13;-5.47;20.00;98.9;84.0;0.00;100.00
64446;1280;30.0;49;3.53;7290.0;-3.13;-6.25;20.00;98.9;84.0;0.00;100.00
64460;1280;30.0;49;3.53;7290.0;-3.13;-6.25;19.61;98.9;84.0;0.00;100.00
64476;1280;29.0;49;3.53;7290.0;-3.91;-6.25;19.61;98.9;84.5;0.00;100.00
64488;1281;29.0;49;3.53;7290.0;-3.91;-7.03;19.61;98.9;84.5;0.00;100.00
64498;1281;29.0;49;3.53;7290.0;-4.69;-7.03;19.61;98.9;84.5;0.00;100.00
64509;1281;29.0;49;3.53;7290.0;-4.69;-7.03;19.61;98.9;84.5;0.00;100.00
64524;1281;29.0;49;3.53;7290.0;-5.47;-7.81;19.61;98.9;85.0;0.00;100.00
64539;1281;29.0;49;3.53;7290.0;-5.47;-7.81;19.61;98.9;85.0;0.00;100.00
64549;1281;29.0;49;3.53;7290.0;-6.25;-8.59;19.22;98.9;85.0;0.00;100.00
64558;1281;29.0;49;3.53;7290.0;-6.25;-8.59;19.22;98.9;85.0;0.00;100.00
64570;1281;29.0;49;3.53;7290.0;-7.03;-8.59;19.22;98.9;85.5;0.00;100.00
64578;1281;29.0;49;3.53;7290.0;-7.03;-9.38;19.22;98.9;85.5;0.00;100.00
64588;1281;29.0;49;3.53;7300.0;-7.03;-9.38;19.22;98.9;85.5;0.00;100.00
64599;1280;29.0;49;3.53;7300.0;-7.81;-9.38;19.22;98.9;85.5;0.00;100.00
64610;1280;29.0;49;3.53;7300.0;-7.81;-10.16;19.22;98.9;86.0;0.00;100.00
64628;1280;29.0;49;3.53;7300.0;-8.59;-10.16;19.22;98.9;86.0;0.00;100.00
64641;1280;29.0;49;3.53;7310.0;-8.59;-10.94;19.22;98.9;86.0;0.00;100.00
64664;1280;29.0;49;3.53;7310.0;-9.38;-10.94;19.22;98.9;86.0;0.00;100.00
64679;1280;29.0;49;3.53;7310.0;-9.38;-11.72;19.22;98.9;86.0;0.00;100.00
64688;1279;29.0;49;3.53;7310.0;-10.16;-11.72;19.22;98.9;86.0;0.00;100.00
64699;1279;29.0;49;3.53;7320.0;-10.16;-12.50;19.22;98.9;86.0;0.00;100.00
64708;1279;29.0;49;3.53;7320.0;-10.94;-12.50;19.22;98.9;86.5;0.00;100.00
64719;1278;29.0;49;3.53;7320.0;-10.94;-13.28;19.22;98.9;86.5;0.00;100.00
64727;1278;29.0;49;3.53;7310.0;-10.94;-13.28;19.22;98.9;86.5;0.00;100.00
64736;1277;29.0;49;3.53;7310.0;-11.72;-13.28;19.22;98.9;86.5;0.00;100.00
64746;1277;29.0;49;3.53;7310.0;-11.72;-14.06;19.22;98.9;86.5;0.00;100.00
64758;1277;29.0;49;3.53;7310.0;-11.72;-14.06;19.22;98.9;86.5;0.00;100.00
64770;1276;29.0;49;3.53;7300.0;-11.72;-14.06;19.22;98.9;86.5;0.00;100.00
64794;1276;29.0;49;3.53;7300.0;-12.50;-14.84;19.22;98.9;86.5;0.00;100.00
64808;1276;29.0;49;3.53;7300.0;-12.50;-14.84;19.22;98.9;86.5;0.00;100.00
64817;1276;29.0;49;3.53;7300.0;-12.50;-15.63;18.82;98.9;86.5;0.00;100.00
64829;1276;29.0;49;3.53;7290.0;-12.50;-15.63;18.82;98.9;86.5;0.00;100.00
64838;1275;29.0;49;3.53;7290.0;-13.28;-15.63;18.82;98.9;86.5;0.00;100.00
64847;1275;29.0;49;3.53;7290.0;-13.28;-16.41;18.82;98.9;86.5;0.00;100.00
64860;1275;29.0;49;3.53;7290.0;-13.28;-16.41;18.82;98.9;86.5;0.00;100.00
64877;1275;29.0;49;3.53;7290.0;-13.28;-16.41;18.82;98.9;86.5;0.00;100.00
64889;1274;29.0;49;3.53;7290.0;-13.28;-16.41;18.82;98.9;86.5;0.00;100.00
64897;1274;29.0;49;3.53;7290.0;-13.28;-16.41;18.82;98.9;86.5;0.00;100.00
64909;1274;29.0;49;3.53;7290.0;-13.28;-16.41;18.82;98.9;86.5;0.00;100.00
64923;1274;29.0;49;3.53;7290.0;-14.06;-16.41;18.82;98.9;86.5;0.00;100.00
64938;1274;29.0;49;3.53;7290.0;-14.06;-17.19;18.82;98.9;86.5;0.00;100.00
64948;1274;29.0;49;3.53;7290.0;-14.06;-17.19;19.22;98.9;86.5;0.00;100.00
64957;1274;29.0;49;3.53;7290.0;-14.06;-17.19;19.22;98.9;86.5;0.00;100.00
64970;1274;29.0;49;3.53;7290.0;-14.06;-17.19;19.22;98.9;86.0;0.00;100.00
64978;1274;29.0;49;3.53;7290.0;-14.06;-17.19;19.22;98.9;86.0;0.00;100.00
64989;1274;29.0;49;3.53;7290.0;-14.06;-17.19;19.22;98.9;86.0;0.00;100.00
64999;1274;30.0;49;3.53;7290.0;-14.06;-17.19;19.22;98.9;86.0;0.00;100.00
65009;1274;30.0;49;3.53;7290.0;-14.06;-17.19;19.22;98.9;86.0;0.00;100.00
65018;1274;30.0;49;3.92;7290.0;-14.06;-17.19;19.22;98.9;86.0;0.00;100.00
65029;1275;30.0;49;3.92;7290.0;-14.06;-17.19;19.61;98.9;85.5;0.00;100.00
65045;1275;30.0;49;3.92;7290.0;-14.06;-17.19;19.61;98.9;85.0;0.00;100.00
65059;1275;30.0;49;3.92;7290.0;-14.06;-16.41;19.61;98.9;85.0;0.00;100.00
65070;1275;30.0;49;3.92;7290.0;-14.06;-16.41;19.61;98.9;84.5;0.00;100.00
65078;1275;30.0;49;3.92;7290.0;-14.06;-16.41;19.61;98.9;84.0;0.00;100.00
65088;1275;30.0;49;3.92;7290.0;-14.06;-16.41;19.61;98.9;83.5;0.00;100.00
65097;1275;30.0;49;3.92;7290.0;-14.06;-16.41;20.00;98.9;83.0;0.00;100.00
65108;1275;30.0;49;3.92;7300.0;-14.06;-16.41;20.00;98.9;82.5;0.00;100.00
65117;1275;31.0;49;3.92;7300.0;-14.06;-16.41;20.00;98.9;82.5;0.00;100.00
65129;1275;31.0;49;3.92;7300.0;-14.06;-16.41;20.00;98.9;82.0;0.00;100.00
65138;1275;31.0;49;3.92;7300.0;-14.06;-15.63;20.39;98.9;81.5;0.00;100.00
65148;1276;31.0;49;3.92;7310.0;-14.06;-15.63;20.39;98.9;81.5;0.00;100.00
65166;1276;31.0;49;3.92;7310.0;-13.28;-15.63;20.78;98.9;81.5;0.00;100.00
65177;1276;31.0;49;3.92;7310.0;-13.28;-15.63;20.78;98.9;81.0;0.00;100.00
65188;1276;31.0;49;3.92;7310.0;-13.28;-15.63;21.18;98.9;81.0;0.00;100.00
65197;1277;31.0;49;3.92;7320.0;-13.28;-15.63;21.18;98.9;81.0;0.00;100.00
65207;1277;31.0;49;3.92;7320.0;-13.28;-14.84;21.57;98.9;81.0;0.00;100.00
65218;1278;31.0;49;3.92;7320.0;-13.28;-14.84;21.57;98.9;81.0;0.00;100.00
65230;1278;31.0;49;3.92;7310.0;-13.28;-14.84;21.96;98.9;81.0;0.00;100.00
65247;1278;32.0;49;3.92;7310.0;-13.28;-14.84;21.96;98.9;80.5;0.00;100.00
65259;1279;32.0;49;3.92;7310.0;-13.28;-14.84;21.96;98.9;80.5;0.00;100.00
65271;1279;32.0;49;3.92;7310.0;-13.28;-14.84;21.96;98.9;80.5;0.00;100.00
65289;1279;32.0;49;3.92;7300.0;-13.28;-14.84;21.96;98.9;80.5;0.00;100.00
65304;1280;32.0;49;3.92;7300.0;-13.28;-14.84;21.96;98.9;80.5;0.00;100.00
65318;1278;32.0;49;3.92;7300.0;-13.28;-14.06;21.96;98.9;80.5;0.00;100.00
65327;1276;32.0;49;3.92;7300.0;-13.28;-14.06;22.35;98.9;80.5;0.00;100.00
65338;1274;32.0;49;3.92;7290.0;-13.28;-14.06;22.35;98.9;80.5;0.00;100.00
65347;1273;33.0;49;3.92;7290.0;-13.28;-14.06;22.35;98.9;80.5;0.00;100.00
65357;1271;33.0;49;3.92;7290.0;-13.28;-14.06;22.35;98.9;80.5;0.00;100.00
65367;1269;33.0;49;3.92;7300.0;-13.28;-14.06;22.35;98.9;80.5;0.00;100.00
65380;1267;33.0;49;3.92;7300.0;-13.28;-14.06;22.35;98.9;80.5;0.00;100.00
65387;1265;33.0;49;3.92;7300.0;-13.28;-14.06;22.35;98.9;80.5;0.00;100.00
65399;1264;33.0;49;4.31;7300.0;-13.28;-14.06;22.35;98.9;80.5;0.00;100.00
65408;1262;34.0;49;4.31;7310.0;-13.28;-14.06;22.35;98.9;80.5;0.00;100.00
65423;1260;34.0;49;4.31;7310.0;-12.50;-14.06;22.35;98.9;80.5;0.00;100.00
65438;1261;34.0;49;4.31;7310.0;-12.50;-13.28;22.35;98.9;80.5;0.00;100.00
65448;1262;34.0;49;4.31;7310.0;-12.50;-13.28;22.75;98.9;80.5;0.00;100.00
65457;1263;34.0;49;4.31;7320.0;-12.50;-13.28;22.75;98.9;80.5;0.00;100.00
65470;1264;34.0;49;4.31;7320.0;-12.50;-13.28;22.75;98.9;80.0;0.00;100.00
65478;1265;34.0;49;4.31;7320.0;-12.50;-13.28;22.75;98.9;80.0;0.00;100.00
65489;1266;34.0;49;4.31;7310.0;-12.50;-13.28;22.75;98.9;80.0;0.00;100.00
65497;1267;33.0;49;4.31;7310.0;-11.72;-13.28;22.75;98.9;80.0;0.00;100.00
65509;1268;33.0;49;4.31;7310.0;-11.72;-12.50;22.75;98.9;80.0;0.00;100.00
65518;1269;33.0;49;4.31;7310.0;-11.72;-12.50;22.75;98.9;80.0;0.00;100.00
65529;1270;33.0;49;4.31;7300.0;-11.72;-12.50;22.75;98.9;80.0;0.00;100.00
65545;1271;33.0;49;4.31;7300.0;-10.94;-12.50;22.75;98.9;80.0;0.00;100.00
65559;1270;33.0;49;4.31;7300.0;-10.94;-11.72;22.75;98.9;79.5;0.00;100.00
65570;1270;33.0;49;4.31;7300.0;-10.94;-11.72;22.75;98.9;79.5;0.00;100.00
65589;1269;33.0;49;4.31;7290.0;-10.94;-11.72;22.75;98.9;79.5;0.00;100.00
65598;1269;33.0;49;4.31;7290.0;-10.16;-11.72;22.75;98.9;79.5;0.00;100.00
65609;1268;33.0;49;4.31;7290.0;-10.16;-10.94;22.75;98.9;79.5;0.00;100.00
65617;1268;33.0;49;4.31;7300.0;-10.16;-10.94;22.75;98.9;79.5;0.00;100.00
65628;1267;33.0;49;4.31;7300.0;-9.38;-10.94;22.75;98.9;79.0;0.00;100.00
65639;1267;33.0;49;4.31;7300.0;-9.38;-10.16;22.75;98.9;79.0;0.00;100.00
65651;1266;33.0;49;4.31;7300.0;-9.38;-10.16;22.75;98.9;79.0;0.00;100.00
65668;1265;33.0;49;4.31;7310.0;-8.59;-10.16;22.75;98.9;79.0;0.00;100.00
65685;1265;33.0;49;4.31;7310.0;-8.59;-10.16;22.75;98.9;79.0;0.00;100.00
65697;1265;33.0;49;4.31;7310.0;-7.81;-9.38;22.75;98.9;79.0;0.00;100.00
65707;1264;33.0;49;4.31;7310.0;-7.81;-9.38;23.14;98.9;79.0;0.00;100.00
65718;1264;33.0;49;4.31;7320.0;-7.81;-9.38;23.14;98.9;79.0;0.00;100.00
65729;1264;33.0;49;4.31;7320.0;-7.03;-9.38;23.14;98.9;79.0;0.00;100.00
65739;1264;33.0;49;4.31;7320.0;-7.03;-8.59;23.14;98.9;79.0;0.00;100.00
65748;1263;33.0;49;4.31;7310.0;-7.03;-8.59;23.14;98.9;79.0;0.00;100.00
65759;1263;34.0;49;4.31;7310.0;-7.03;-8.59;23.14;98.9;79.0;0.00;100.00
65768;1263;34.0;49;4.31;7310.0;-7.03;-8.59;23.14;98.9;79.0;0.00;100.00
65780;1263;34.0;49;4.31;7310.0;-7.03;-8.59;23.14;98.9;79.0;0.00;100.00
65787;1262;34.0;49;4.31;7300.0;-7.03;-8.59;23.14;98.9;79.0;0.00;100.00
65806;1262;34.0;49;4.31;7300.0;-6.25;-8.59;23.14;98.9;79.0;0.00;100.00
65818;1262;34.0;49;4.31;7300.0;-6.25;-7.81;23.14;98.9;79.0;0.00;100.00
65827;1262;34.0;49;4.31;7300.0;-6.25;-7.81;23.14;98.9;79.0;0.00;100.00
65836;1261;34.0;49;4.31;7290.0;-6.25;-7.81;23.14;98.9;79.0;0.00;100.00
65849;1261;34.0;49;4.31;7290.0;-6.25;-7.81;23.14;98.9;78.5;0.00;100.00
65870;1261;34.0;49;4.31;7290.0;-6.25;-7.81;23.14;98.9;78.5;0.00;100.00
65889;1261;34.0;49;4.31;7300.0;-6.25;-7.81;23.14;98.9;78.5;0.00;100.00
65898;1261;33.0;49;4.31;7300.0;-6.25;-7.81;23.14;98.9;78.5;0.00;100.00
65910;1260;33.0;49;4.31;7300.0;-6.25;-7.81;23.14;98.9;78.5;0.00;100.00
65927;1260;33.0;49;3.92;7300.0;-6.25;-7.81;23.14;98.9;78.5;0.00;100.00
65939;1260;33.0;49;3.92;7310.0;-6.25;-7.81;23.14;98.9;78.5;0.00;100.00
65957;1260;33.0;49;3.92;7310.0;-6.25;-7.81;23.14;98.9;78.5;0.00;100.00
65968;1260;33.0;49;3.92;7310.0;-6.25;-7.81;23.14;98.9;78.5;0.00;100.00
65978;1260;33.0;49;3.92;7310.0;-6.25;-7.81;23.14;98.9;78.5;0.00;100.00
65987;1260;33.0;49;3.92;7320.0;-6.25;-7.81;23.14;98.9;78.5;0.00;100.00
65998;1260;33.0;49;3.92;7320.0;-6.25;-7.81;23.14;98.9;78.5;0.00;100.00
66009;1260;33.0;49;3.92;7320.0;-6.25;-7.81;23.14;98.9;78.5;0.00;100.00
66018;1260;33.0;49;3.53;7320.0;-6.25;-7.81;23.14;98.9;78.5;0.00;100.00
66030;1260;32.0;49;3.53;7320.0;-6.25;-7.81;23.14;98.9;78.5;0.00;100.00
66049;1260;32.0;49;3.53;7320.0;-6.25;-7.81;23.14;98.9;78.5;0.00;100.00
66057;1260;32.0;49;3.53;7320.0;-6.25;-7.81;22.75;98.9;78.5;0.00;100.00
66068;1260;32.0;49;3.53;7320.0;-6.25;-7.81;22.75;98.9;78.5;0.00;100.00
66085;1260;32.0;49;3.53;7320.0;-6.25;-7.81;22.75;98.9;79.0;0.00;100.00
66099;1259;32.0;49;3.14;7320.0;-6.25;-8.59;22.35;98.9;79.0;0.00;100.00
66108;1259;32.0;49;3.14;7320.0;-6.25;-8.59;22.35;98.9;79.5;0.00;100.00
66118;1259;32.0;49;3.14;7320.0;-6.25;-8.59;21.96;98.9;79.5;0.00;100.00
66127;1259;32.0;49;3.14;7320.0;-6.25;-8.59;21.96;98.9;80.0;0.00;100.00
66137;1258;32.0;49;3.14;7320.0;-6.25;-8.59;21.96;98.9;80.0;0.00;100.00
66146;1258;32.0;49;3.14;7320.0;-6.25;-8.59;21.57;98.9;80.5;0.00;100.00
66158;1258;31.0;49;3.14;7320.0;-6.25;-8.59;21.57;98.9;80.5;0.00;100.00
66169;1258;31.0;49;3.14;7320.0;-6.25;-8.59;21.57;98.9;81.0;0.00;100.00
66178;1257;31.0;49;3.53;7320.0;-6.25;-8.59;21.18;98.9;81.0;0.00;100.00
66187;1257;31.0;49;3.53;7320.0;-6.25;-8.59;21.18;98.9;81.0;0.00;100.00
66205;1257;31.0;49;3.53;7320.0;-5.47;-8.59;21.18;98.9;81.5;0.00;100.00
66220;1257;31.0;49;3.53;7320.0;-5.47;-8.59;21.18;98.9;81.5;0.00;100.00
66227;1257;31.0;49;3.53;7320.0;-5.47;-8.59;20.78;98.9;81.5;0.00;100.00
66238;1256;31.0;49;3.53;7320.0;-5.47;-8.59;20.78;98.9;81.5;0.00;100.00
66249;1256;31.0;49;3.53;7320.0;-5.47;-8.59;20.78;98.9;82.0;0.00;100.00
66255;1256;31.0;49;3.53;7320.0;-5.47;-8.59;20.78;98.9;82.0;0.00;100.00
66270;1256;31.0;49;3.53;7320.0;-5.47;-8.59;20.39;98.9;82.0;0.00;100.00
66290;1256;30.0;49;3.53;7320.0;-5.47;-8.59;20.39;98.9;82.0;0.00;100.00
66308;1256;30.0;49;3.53;7320.0;-5.47;-8.59;20.39;98.9;82.5;0.00;100.00
66317;1256;30.0;49;3.92;7320.0;-5.47;-8.59;20.39;98.9;82.5;0.00;100.00
66328;1256;30.0;49;3.92;7320.0;-5.47;-8.59;20.39;98.9;82.5;0.00;100.00
66341;1255;30.0;49;3.92;7320.0;-5.47;-8.59;20.39;98.9;82.0;0.00;100.00
66362;1255;30.0;49;3.92;7320.0;-5.47;-8.59;20.39;98.9;82.0;0.00;100.00
66379;1255;30.0;49;3.92;7320.0;-5.47;-8.59;20.78;98.9;82.0;0.00;100.00
66389;1255;31.0;49;3.92;7320.0;-5.47;-8.59;20.78;98.9;82.0;0.00;100.00
66398;1255;31.0;49;3.92;7320.0;-5.47;-8.59;20.78;98.9;81.5;0.00;100.00
66409;1254;31.0;49;3.92;7320.0;-5.47;-8.59;20.78;98.9;81.5;0.00;100.00
66418;1254;31.0;49;3.92;7320.0;-5.47;-8.59;20.78;98.9;81.5;0.00;100.00
66430;1254;32.0;49;3.92;7320.0;-5.47;-8.59;20.78;98.9;81.5;0.00;100.00
66439;1254;32.0;49;3.92;7320.0;-5.47;-8.59;20.78;98.9;81.0;0.00;100.00
66449;1254;32.0;49;4.31;7320.0;-5.47;-8.59;21.18;98.9;81.0;0.00;100.00
66457;1253;32.0;49;4.31;7320.0;-5.47;-8.59;21.18;98.9;81.0;0.00;100.00
66476;1253;33.0;49;4.31;7320.0;-5.47;-8.59;21.57;98.9;81.0;0.00;100.00
66489;1253;33.0;49;4.31;7320.0;-5.47;-8.59;21.57;98.9;80.5;0.00;100.00
66495;1253;33.0;49;4.31;7320.0;-5.47;-8.59;21.96;98.9;80.5;0.00;100.00
66507;1253;33.0;49;4.31;7320.0;-5.47;-8.59;21.96;98.9;80.5;0.00;100.00
66519;1253;33.0;49;4.31;7320.0;-5.47;-8.59;22.35;98.9;80.5;0.00;100.00
66527;1253;33.0;49;4.31;7320.0;-5.47;-8.59;22.35;98.9;80.5;0.00;100.00
66536;1253;33.0;49;4.31;7320.0;-5.47;-8.59;22.75;98.9;80.5;0.00;100.00
66548;1253;33.0;49;4.31;7320.0;-6.25;-8.59;22.75;98.9;80.0;0.00;100.00
66561;1253;33.0;49;4.31;7320.0;-6.25;-8.59;22.75;98.9;80.0;0.00;100.00
66579;1253;33.0;49;4.31;7320.0;-6.25;-9.38;22.75;98.9;80.0;0.00;100.00
66589;1252;33.0;49;4.31;7320.0;-6.25;-9.38;22.75;98.9;80.0;0.00;100.00
66605;1252;33.0;49;4.31;7320.0;-7.03;-9.38;22.75;98.9;80.0;0.00;100.00
66616;1252;33.0;49;4.31;7320.0;-7.03;-9.38;22.75;98.9;79.5;0.00;100.00
66630;1252;33.0;49;4.31;7320.0;-7.03;-9.38;23.14;98.9;79.5;0.00;100.00
66648;1253;33.0;49;4.31;7320.0;-7.03;-9.38;23.14;98.9;79.5;0.00;100.00
66657;1253;33.0;49;4.31;7320.0;-7.81;-10.16;23.14;98.9;79.5;0.00;100.00
66669;1253;33.0;49;4.31;7320.0;-7.81;-10.16;23.14;98.9;79.5;0.00;100.00
66680;1253;33.0;49;4.31;7320.0;-7.81;-10.16;23.14;98.9;79.5;0.00;100.00
66689;1253;34.0;49;4.31;7320.0;-7.81;-10.16;23.14;98.9;79.0;0.00;100.00
66698;1253;34.0;49;4.31;7320.0;-7.81;-10.16;23.14;98.9;79.0;0.00;100.00
66708;1253;34.0;49;4.31;7320.0;-7.81;-10.16;23.14;98.9;79.0;0.00;100.00
66719;1253;34.0;49;4.31;7320.0;-7.81;-10.16;23.14;98.9;79.0;0.00;100.00
66736;1253;34.0;49;4.31;7320.0;-8.59;-10.16;23.14;98.9;78.5;0.00;100.00
66748;1252;34.0;49;4.31;7320.0;-8.59;-10.16;23.14;98.9;78.5;0.00;100.00
66757;1251;34.0;49;4.31;7320.0;-8.59;-10.16;23.53;98.9;78.5;0.00;100.00
66769;1251;34.0;49;4.31;7320.0;-8.59;-10.16;23.53;98.9;78.0;0.00;100.00
66779;1250;34.0;49;4.31;7320.0;-8.59;-10.16;23.53;98.9;78.0;0.00;100.00
66790;1249;34.0;49;4.31;7320.0;-8.59;-10.16;23.53;98.9;77.5;0.00;100.00
66809;1248;34.0;49;4.31;7320.0;-8.59;-10.16;23.53;98.9;77.5;0.00;100.00
66829;1248;35.0;49;4.31;7320.0;-8.59;-10.16;23.53;98.9;77.5;0.00;100.00
66841;1247;35.0;49;4.31;7320.0;-7.81;-10.16;23.53;98.9;77.0;0.00;100.00
66857;1246;35.0;49;4.31;7320.0;-7.81;-10.16;23.92;98.9;77.0;0.00;100.00
66869;1245;35.0;49;4.31;7320.0;-7.81;-10.16;23.92;98.9;76.5;0.00;100.00
66883;1245;35.0;49;4.31;7320.0;-7.81;-10.16;23.92;98.9;76.0;0.00;100.00
66898;1245;35.0;49;4.31;7320.0;-7.81;-9.38;23.92;98.9;75.5;0.00;100.00
66910;1246;35.0;49;4.31;7320.0;-7.81;-9.38;24.31;98.9;75.0;0.00;100.00
66931;1247;36.0;49;4.31;7320.0;-7.03;-9.38;24.31;98.9;74.5;0.00;100.00
66948;1247;36.0;49;4.31;7320.0;-7.03;-9.38;24.31;98.9;74.5;0.00;100.00
66959;1248;36.0;49;4.31;7320.0;-7.03;-9.38;24.31;98.9;74.0;0.00;100.00
66970;1249;37.0;49;4.71;7320.0;-7.03;-9.38;24.71;98.9;73.5;0.00;100.00
66989;1249;37.0;49;4.71;7320.0;-6.25;-9.38;24.71;98.9;73.0;0.00;100.00
66998;1250;38.0;49;4.71;7320.0;-6.25;-8.59;25.10;98.9;72.5;0.00;100.00
67009;1251;38.0;49;4.71;7320.0;-6.25;-8.59;25.10;98.9;72.0;0.00;100.00
67019;1251;38.0;49;4.71;7320.0;-6.25;-8.59;25.49;98.9;71.5;0.00;100.00
67034;1252;39.0;49;4.71;7320.0;-5.47;-8.59;25.88;98.9;71.0;0.00;100.00
67048;1253;39.0;49;5.10;7320.0;-5.47;-7.81;26.27;98.9;71.0;0.00;100.00
67056;1255;39.0;49;5.10;7320.0;-5.47;-7.81;26.27;98.9;70.5;0.00;100.00
67070;1256;39.0;49;5.10;7320.0;-5.47;-7.81;26.67;98.9;70.0;0.00;100.00
67089;1257;40.0;49;5.10;7320.0;-4.69;-7.81;27.06;98.9;69.5;0.00;100.00
67098;1258;40.0;49;5.10;7320.0;-4.69;-7.03;27.45;98.9;69.0;0.00;100.00
67109;1260;40.0;49;5.10;7320.0;-4.69;-7.03;27.45;98.9;68.5;0.00;100.00
67118;1261;40.0;49;5.10;7320.0;-4.69;-7.03;27.84;98.9;68.5;0.00;100.00
67129;1262;40.0;49;5.10;7320.0;-4.69;-7.03;27.84;98.9;68.0;0.00;100.00
67137;1264;40.0;49;5.10;7320.0;-4.69;-7.03;27.84;98.9;67.5;0.00;100.00
67150;1265;41.0;49;5.10;7320.0;-4.69;-7.03;28.24;98.9;67.5;0.00;100.00
67174;1266;41.0;49;5.10;7320.0;-3.91;-7.03;28.24;98.9;67.0;0.00;100.00
67188;1267;41.0;49;5.10;7320.0;-3.91;-6.25;28.24;98.9;67.0;0.00;100.00
67198;1268;41.0;49;5.10;7320.0;-3.91;-6.25;28.24;98.9;67.0;0.00;100.00
67207;1268;41.0;49;5.10;7320.0;-3.91;-6.25;28.24;98.9;67.0;0.00;100.00
67219;1269;41.0;49;5.10;7320.0;-3.91;-6.25;28.24;98.9;66.5;0.00;100.00
67230;1269;41.0;49;5.10;7320.0;-3.91;-6.25;28.63;98.9;66.5;0.00;100.00
67249;1270;41.0;49;5.10;7320.0;-3.91;-6.25;28.63;98.9;66.5;0.00;100.00
67257;1271;40.0;49;5.10;7320.0;-3.91;-6.25;28.63;98.9;66.5;0.00;100.00
67269;1271;40.0;49;5.10;7320.0;-3.91;-6.25;28.63;98.9;66.0;0.00;100.00
67277;1272;40.0;49;5.10;7320.0;-3.91;-5.47;28.63;98.9;66.0;0.00;100.00
67288;1273;40.0;49;5.10;7320.0;-3.91;-5.47;28.63;98.9;66.0;0.00;100.00
67305;1273;40.0;49;5.10;7320.0;-3.13;-5.47;28.63;98.9;66.0;0.00;100.00
67317;1272;40.0;49;5.10;7320.0;-3.13;-5.47;28.63;98.9;66.0;0.00;100.00
67330;1271;40.0;49;5.10;7320.0;-3.13;-5.47;28.63;98.9;66.0;0.00;100.00
67348;1270;40.0;49;5.10;7320.0;-3.13;-5.47;28.63;98.9;66.0;0.00;100.00
67358;1269;40.0;49;5.10;7320.0;-3.13;-4.69;28.63;98.9;65.5;0.00;100.00
67369;1268;40.0;49;5.10;7320.0;-3.13;-4.69;28.63;98.9;65.5;0.00;100.00
67378;1267;40.0;49;5.10;7320.0;-3.13;-4.69;28.63;98.9;65.5;0.00;100.00
67387;1266;41.0;49;5.10;7320.0;-2.34;-4.69;28.63;98.9;65.5;0.00;100.00
67397;1265;41.0;49;5.10;7320.0;-2.34;-4.69;28.63;98.9;65.5;0.00;100.00
67410;1264;41.0;49;5.10;7320.0;-2.34;-3.91;28.63;98.9;65.5;0.00;100.00
67427;1263;41.0;49;5.10;7320.0;-2.34;-3.91;28.63;98.9;65.5;0.00;100.00
67443;1262;41.0;49;5.10;7320.0;-1.56;-3.91;28.63;98.9;65.5;0.00;100.00
67461;1261;41.0;49;5.10;7320.0;-1.56;-3.91;28.63;98.9;65.5;0.00;100.00
67477;1260;41.0;49;5.10;7320.0;-1.56;-3.91;28.63;98.9;65.5;0.00;100.00
67488;1259;41.0;49;5.10;7320.0;-1.56;-3.91;28.63;98.9;65.5;0.00;100.00
67499;1258;41.0;49;5.10;7320.0;-0.78;-3.13;28.63;98.9;65.5;0.00;100.00
67508;1257;41.0;49;5.10;7320.0;-0.78;-3.13;28.63;98.9;65.5;0.00;100.00
67520;1256;41.0;49;5.10;7320.0;-0.78;-3.13;28.63;98.9;65.5;0.00;100.00
67527;1255;40.0;49;5.10;7320.0;-0.78;-3.13;28.63;98.9;65.5;0.00;100.00
67537;1254;40.0;49;5.10;7320.0;-0.78;-3.13;28.63;98.9;65.5;0.00;100.00
67547;1253;40.0;49;5.10;7320.0;-0.78;-3.13;28.63;98.9;65.5;0.00;100.00
67558;1253;40.0;49;5.10;7320.0;-0.78;-3.13;28.63;98.9;65.5;0.00;100.00
67573;1252;40.0;49;5.10;7320.0;0.00;-3.13;28.63;98.9;65.5;0.00;100.00
67587;1252;40.0;49;5.10;7320.0;0.00;-2.34;28.63;98.9;65.5;0.00;100.00
67598;1252;40.0;49;5.10;7320.0;0.00;-2.34;29.02;98.9;65.5;0.00;100.00
67609;1252;40.0;49;5.10;7320.0;0.00;-2.34;29.02;98.9;65.5;0.00;100.00
67620;1252;40.0;49;5.10;7320.0;0.00;-2.34;29.02;98.9;65.5;0.00;100.00
67636;1252;40.0;49;5.10;7320.0;0.00;-2.34;29.02;98.9;65.5;0.00;100.00
67647;1252;40.0;49;5.10;7320.0;0.00;-2.34;29.02;98.9;65.5;0.00;100.00
67656;1252;41.0;49;5.10;7320.0;0.00;-2.34;29.02;98.9;65.5;0.00;100.00
67670;1252;41.0;49;5.10;7320.0;0.00;-2.34;29.02;98.9;65.5;0.00;100.00
67688;1252;41.0;49;5.10;7320.0;0.00;-1.56;29.02;98.9;65.5;0.00;100.00
67698;1253;41.0;49;5.10;7320.0;0.00;-1.56;29.02;98.9;65.5;0.00;100.00
67716;1253;41.0;49;5.10;7320.0;0.78;-1.56;29.02;98.9;65.5;0.00;100.00
67729;1253;41.0;49;5.10;7320.0;0.78;-1.56;29.02;98.9;65.5;0.00;100.00
67736;1254;41.0;49;5.10;7320.0;0.78;-1.56;29.02;98.9;65.5;0.00;100.00
67749;1254;41.0;49;5.10;7320.0;0.78;-1.56;29.02;98.9;65.5;0.00;100.00
67758;1255;41.0;49;5.10;7320.0;0.78;-0.78;29.02;98.9;65.0;0.00;100.00
67770;1255;41.0;49;5.10;7320.0;0.78;-0.78;29.02;98.9;65.0;0.00;100.00
67779;1256;41.0;49;5.10;7320.0;0.78;-0.78;29.02;98.9;65.0;0.00;100.00
67787;1257;40.0;49;5.10;7320.0;0.78;-0.78;29.02;98.9;65.0;0.00;100.00
67796;1257;40.0;49;5.10;7320.0;0.78;-0.78;29.02;98.9;65.0;0.00;100.00
67807;1258;40.0;49;5.10;7320.0;0.78;-0.78;29.02;98.9;65.0;0.00;100.00
67818;1258;40.0;49;5.10;7320.0;0.78;-0.78;29.02;98.9;65.0;0.00;100.00
67835;1259;40.0;49;5.10;7320.0;0.78;-0.78;29.02;98.9;65.0;0.00;100.00
67846;1259;40.0;49;5.10;7320.0;0.78;-0.78;29.02;98.9;65.0;0.00;100.00
67857;1259;40.0;49;5.10;7320.0;0.78;-0.78;29.02;98.9;65.0;0.00;100.00
67870;1259;40.0;49;5.10;7320.0;0.78;-0.78;29.02;98.9;65.0;0.00;100.00
67887;1259;40.0;49;5.10;7320.0;0.78;-0.78;29.02;98.9;65.0;0.00;100.00
67899;1259;40.0;49;5.10;7320.0;0.78;-0.78;29.02;98.9;65.0;0.00;100.00
67907;1258;40.0;49;5.10;7320.0;0.78;-0.78;29.02;98.9;65.0;0.00;100.00
67919;1258;41.0;49;5.10;7320.0;0.78;-0.78;29.02;98.9;65.0;0.00;100.00
67928;1258;41.0;49;5.10;7320.0;0.78;-0.78;29.02;98.9;65.0;0.00;100.00
67937;1258;41.0;49;5.10;7320.0;0.78;-0.78;29.02;98.9;65.0;0.00;100.00
67948;1258;41.0;49;5.10;7320.0;0.78;-0.78;29.02;98.9;65.0;0.00;100.00
67964;1258;41.0;49;5.10;7320.0;0.78;-0.78;29.02;98.9;65.0;0.00;100.00
67976;1258;41.0;49;5.10;7320.0;0.78;-0.78;29.02;98.9;65.0;0.00;100.00
67987;1258;41.0;49;5.10;7320.0;0.78;-0.78;28.63;98.9;65.0;0.00;100.00
67998;1258;41.0;49;5.10;7320.0;0.78;-0.78;28.63;98.9;65.0;0.00;100.00
68008;1258;41.0;49;5.10;7320.0;0.78;-0.78;28.63;98.9;65.0;0.00;100.00
68017;1258;41.0;49;5.10;7320.0;0.78;-0.78;28.63;98.9;65.0;0.00;100.00
68028;1258;41.0;49;5.10;7320.0;0.78;-0.78;28.63;98.9;65.0;0.00;100.00
68037;1258;40.0;49;5.10;7320.0;0.78;-0.78;28.63;98.9;65.0;0.00;100.00
68046;1258;40.0;49;5.10;7320.0;0.78;-0.78;28.63;98.9;65.0;0.00;100.00
68057;1258;40.0;49;5.10;7320.0;0.78;-0.78;28.63;98.9;65.0;0.00;100.00
68069;1258;40.0;49;5.10;7320.0;0.78;-0.78;28.63;98.9;65.0;0.00;100.00
68083;1258;40.0;49;5.10;7320.0;0.78;-0.78;28.63;98.9;65.0;0.00;100.00
68097;1258;40.0;49;5.10;7320.0;0.78;-0.78;28.63;98.9;65.0;0.00;100.00
68108;1257;40.0;49;5.10;7320.0;0.78;-0.78;29.02;98.9;65.0;0.00;100.00
68117;1257;40.0;49;5.10;7320.0;0.78;-0.78;29.02;98.9;65.0;0.00;100.00
68127;1257;40.0;49;5.10;7320.0;0.78;-0.78;29.02;98.9;64.5;0.00;100.00
68138;1256;40.0;49;5.10;7320.0;0.78;-0.78;29.02;98.9;64.5;0.00;100.00
68146;1256;40.0;49;5.10;7320.0;0.78;-0.78;29.02;98.9;64.5;0.00;100.00
68158;1255;39.0;49;5.10;7320.0;0.78;-0.78;29.02;98.9;64.5;0.00;100.00
68170;1255;39.0;49;5.10;7320.0;0.78;-0.78;29.02;98.9;64.5;0.00;100.00
68188;1254;39.0;49;4.71;7320.0;0.78;-0.78;29.02;98.9;64.5;0.00;100.00
68196;1254;39.0;49;4.71;7320.0;0.78;-0.78;29.02;98.9;64.5;0.00;100.00
68214;1253;39.0;49;4.71;7320.0;0.00;-0.78;29.02;98.9;64.5;0.00;100.00
68227;1253;39.0;49;4.71;7320.0;0.00;-1.56;29.02;98.9;65.0;0.00;100.00
68237;1252;39.0;49;4.71;7320.0;0.00;-1.56;28.63;98.9;65.0;0.00;100.00
68247;1251;39.0;49;4.71;7320.0;0.00;-1.56;28.63;98.9;65.0;0.00;100.00
68258;1250;38.0;49;4.71;7320.0;0.00;-1.56;28.63;98.9;65.0;0.00;100.00
68273;1250;38.0;49;4.71;7320.0;0.00;-1.56;28.63;98.9;65.0;0.00;100.00
68288;1249;38.0;49;4.31;7320.0;0.00;-1.56;28.63;98.9;65.0;0.00;100.00
68297;1248;38.0;49;4.31;7320.0;0.00;-1.56;28.63;98.9;65.5;0.00;100.00
68308;1247;38.0;49;4.31;7320.0;0.00;-1.56;28.63;98.9;65.5;0.00;100.00
68318;1247;38.0;49;4.31;7320.0;0.00;-1.56;28.24;98.9;65.5;0.00;100.00
68327;1246;37.0;49;4.31;7320.0;0.00;-1.56;28.24;98.9;65.5;0.00;100.00
68344;1245;37.0;49;4.31;7320.0;0.00;-1.56;28.24;98.9;66.0;0.00;100.00
68359;1244;37.0;49;3.92;7320.0;0.00;-2.34;27.84;98.9;66.0;0.00;100.00
68369;1243;37.0;49;3.92;7320.0;0.00;-2.34;27.84;98.9;66.0;0.00;100.00
68378;1243;37.0;49;3.92;7320.0;0.00;-2.34;27.45;98.9;66.5;0.00;100.00
68387;1242;37.0;49;3.92;7320.0;0.00;-2.34;27.45;98.9;66.5;0.00;100.00
68397;1241;37.0;49;3.92;7320.0;0.00;-2.34;27.45;98.9;67.0;0.00;100.00
68409;1240;37.0;49;3.92;7320.0;0.00;-2.34;27.06;98.9;67.0;0.00;100.00
68418;1239;36.0;49;3.92;7320.0;0.00;-2.34;27.06;98.9;67.0;0.00;100.00
68429;1238;36.0;49;3.92;7320.0;0.00;-2.34;27.06;98.9;67.5;0.00;100.00
68438;1237;36.0;49;4.31;7320.0;0.00;-2.34;26.67;98.9;67.5;0.00;100.00
68446;1236;36.0;49;4.31;7320.0;0.00;-2.34;26.67;98.9;67.5;0.00;100.00
68462;1236;36.0;49;4.31;7320.0;0.00;-2.34;26.67;98.9;68.0;0.00;100.00
68477;1236;36.0;49;4.31;7320.0;0.00;-2.34;26.67;98.9;68.0;0.00;100.00
68488;1235;36.0;49;4.31;7320.0;0.00;-2.34;26.27;98.9;68.5;0.00;100.00
68497;1235;36.0;49;4.31;7320.0;0.00;-2.34;26.27;98.9;68.5;0.00;100.00
68507;1235;36.0;49;4.31;7320.0;0.00;-2.34;26.27;98.9;69.0;0.00;100.00
68519;1235;36.0;49;4.31;7320.0;0.00;-2.34;26.27;98.9;69.0;0.00;100.00
68527;1235;36.0;49;4.31;7320.0;0.00;-2.34;25.88;98.9;69.5;0.00;100.00
68539;1235;35.0;49;4.31;7320.0;0.00;-2.34;25.88;98.9;69.5;0.00;100.00
68548;1235;35.0;49;4.31;7320.0;0.00;-2.34;25.88;98.9;70.0;0.00;100.00
68558;1235;35.0;49;4.31;7320.0;0.00;-2.34;25.88;98.9;70.0;0.00;100.00
68568;1235;35.0;49;4.31;7320.0;0.00;-2.34;25.49;98.9;70.0;0.00;100.00
68583;1235;35.0;49;4.31;7320.0;-0.78;-2.34;25.49;98.9;70.0;0.00;100.00
68598;1235;35.0;49;4.31;7320.0;-0.78;-3.13;25.49;98.9;70.0;0.00;100.00
68606;1235;35.0;49;4.31;7320.0;-0.78;-3.13;25.49;98.9;70.0;0.00;100.00
68617;1235;35.0;49;4.31;7320.0;-0.78;-3.13;25.49;98.9;70.0;0.00;100.00
68627;1235;35.0;49;4.31;7320.0;-0.78;-3.13;25.49;98.9;70.5;0.00;100.00
68639;1235;35.0;49;4.31;7320.0;-0.78;-3.13;25.10;98.9;70.5;0.00;100.00
68646;1235;35.0;49;4.31;7320.0;-0.78;-3.13;25.10;98.9;70.5;0.00;100.00
68659;1235;35.0;49;4.31;7320.0;-1.56;-3.13;25.10;98.9;70.5;0.00;100.00
68670;1235;35.0;49;4.31;7320.0;-1.56;-3.91;25.10;98.9;70.5;0.00;100.00
68687;1235;35.0;49;4.31;7320.0;-1.56;-3.91;25.10;98.9;70.5;0.00;100.00
68698;1235;35.0;49;4.31;7320.0;-1.56;-3.91;25.10;98.9;70.5;0.00;100.00
68716;1235;35.0;49;4.31;7320.0;-2.34;-3.91;25.10;98.9;70.5;0.00;100.00
68726;1234;35.0;49;4.31;7320.0;-2.34;-4.69;25.10;98.9;70.5;0.00;100.00
68738;1233;35.0;49;4.31;7320.0;-2.34;-4.69;24.71;98.9;70.5;0.00;100.00
68746;1232;35.0;49;4.31;7320.0;-2.34;-4.69;24.71;98.9;70.5;0.00;100.00
68760;1232;35.0;49;4.31;7320.0;-3.13;-4.69;24.71;98.9;71.0;0.00;100.00
68768;1231;35.0;49;4.31;7320.0;-3.13;-5.47;24.71;98.9;71.0;0.00;100.00
68779;1230;35.0;49;4.31;7320.0;-3.13;-5.47;24.71;98.9;71.0;0.00;100.00
68786;1230;36.0;49;4.31;7320.0;-3.13;-5.47;24.71;98.9;71.0;0.00;100.00
68798;1229;36.0;49;4.31;7320.0;-3.91;-6.25;24.71;98.9;71.0;0.00;100.00
68809;1228;36.0;49;4.31;7320.0;-3.91;-6.25;24.71;98.9;71.0;0.00;100.00
68818;1227;36.0;49;4.31;7320.0;-3.91;-6.25;24.71;98.9;71.0;0.00;100.00
68836;1227;36.0;49;4.31;7320.0;-3.91;-6.25;24.71;98.9;71.0;0.00;100.00
68846;1227;36.0;49;4.31;7320.0;-3.91;-7.03;24.71;98.9;71.0;0.00;100.00
68858;1228;36.0;49;4.31;7320.0;-3.91;-7.03;25.10;98.9;71.0;0.00;100.00
68870;1228;36.0;49;4.31;7320.0;-4.69;-7.03;25.10;98.9;71.0;0.00;100.00
68878;1229;37.0;49;4.31;7320.0;-4.69;-7.03;25.10;98.9;71.0;0.00;100.00
68888;1229;37.0;49;4.31;7320.0;-4.69;-7.81;25.10;98.9;71.0;0.00;100.00
68898;1229;37.0;49;4.71;7320.0;-4.69;-7.81;25.10;98.9;71.0;0.00;100.00
68909;1230;37.0;49;4.71;7320.0;-4.69;-7.81;25.10;98.9;71.0;0.00;100.00
68918;1230;37.0;49;4.71;7320.0;-4.69;-7.81;25.10;98.9;71.0;0.00;100.00
68929;1231;37.0;49;4.71;7320.0;-4.69;-7.81;25.49;98.9;71.0;0.00;100.00
68938;1231;38.0;49;4.71;7320.0;-4.69;-7.81;25.49;98.9;70.5;0.00;100.00
68956;1232;38.0;49;4.71;7320.0;-5.47;-7.81;25.88;98.9;70.5;0.00;100.00
68970;1232;38.0;49;5.10;7320.0;-5.47;-8.59;25.88;98.9;70.0;0.00;100.00
68978;1233;38.0;49;5.10;7320.0;-5.47;-8.59;26.27;98.9;70.0;0.00;100.00
68988;1233;38.0;49;5.10;7320.0;-5.47;-8.59;26.27;98.9;69.5;0.00;100.00
68997;1234;38.0;49;5.10;7320.0;-5.47;-8.59;26.67;98.9;69.5;0.00;100.00
69009;1234;38.0;49;5.10;7320.0;-5.47;-8.59;26.67;98.9;69.0;0.00;100.00
69018;1235;38.0;49;5.49;7320.0;-5.47;-8.59;27.06;98.9;69.0;0.00;100.00
69027;1235;39.0;49;5.49;7320.0;-5.47;-8.59;27.06;98.9;68.5;0.00;100.00
69038;1236;39.0;49;5.49;7320.0;-5.47;-8.59;27.45;98.9;68.5;0.00;100.00
69049;1236;39.0;49;5.49;7320.0;-5.47;-8.59;28.24;98.9;68.0;0.00;100.00
69069;1237;39.0;49;5.49;7320.0;-5.47;-8.59;28.63;98.9;67.5;0.00;100.00
69084;1237;39.0;49;5.49;7320.0;-5.47;-8.59;29.41;98.9;67.0;0.00;100.00
69100;1239;39.0;49;5.88;7320.0;-5.47;-7.81;29.80;98.9;67.0;0.00;100.00
69108;1240;40.0;49;5.88;7320.0;-5.47;-7.81;30.59;98.9;66.5;0.00;100.00
69117;1241;42.0;49;5.88;7320.0;-5.47;-7.81;30.98;98.9;66.0;0.00;100.00
69131;1243;43.0;49;6.27;7320.0;-5.47;-7.81;31.76;98.9;65.5;0.00;100.00
69147;1244;44.0;49;6.67;7320.0;-5.47;-7.81;32.16;98.9;65.0;0.00;100.00
69158;1245;45.0;49;7.06;7320.0;-5.47;-7.81;32.94;98.9;64.5;0.00;100.00
69170;1246;47.0;49;7.45;7320.0;-5.47;-7.81;33.33;98.9;64.5;0.00;100.00
69179;1248;48.0;49;7.84;7320.0;-4.69;-7.03;34.12;98.9;64.0;0.00;100.00
69189;1249;49.0;49;7.84;7320.0;-4.69;-7.03;35.29;98.9;63.5;0.00;100.00
69198;1250;50.0;49;8.24;7320.0;-4.69;-7.03;36.08;98.9;63.0;0.00;100.00
69215;1252;52.0;49;8.63;7320.0;-4.69;-7.03;36.86;98.9;62.0;0.00;100.00
69229;1257;53.0;49;9.02;7320.0;-4.69;-6.25;37.65;98.9;61.5;0.00;100.00
69237;1262;54.0;49;9.41;7320.0;-4.69;-6.25;38.82;98.9;61.0;0.00;100.00
69247;1267;55.0;49;9.80;7320.0;-3.91;-6.25;39.61;98.9;60.5;0.00;100.00
69258;1272;55.0;49;9.80;7320.0;-3.91;-6.25;40.39;98.9;59.5;0.00;100.00
69270;1277;56.0;49;9.41;7320.0;-3.91;-5.47;41.18;98.9;59.0;0.00;100.00
69288;1282;57.0;49;9.41;7330.0;-3.91;-5.47;42.35;98.9;58.5;0.00;100.00
69299;1288;58.0;49;9.02;7330.0;-3.91;-5.47;43.14;98.9;58.0;0.00;100.00
69308;1293;59.0;49;9.02;7330.0;-3.91;-4.69;43.53;98.9;57.0;0.00;100.00
69320;1298;60.0;49;8.63;7340.0;-3.91;-4.69;43.92;98.9;56.5;0.00;100.00
69340;1303;60.0;49;8.63;7340.0;-3.91;-4.69;44.31;98.9;56.0;0.00;100.00
69355;1308;61.0;49;8.24;7350.0;-3.13;-4.69;44.71;98.9;55.5;0.00;100.00
69369;1307;62.0;49;8.24;7350.0;-3.13;-3.91;45.10;98.9;55.0;0.00;100.00
69379;1306;63.0;49;7.84;7350.0;-3.13;-3.91;45.49;98.9;54.5;0.00;100.00
69388;1305;63.0;49;7.84;7360.0;-3.13;-3.91;45.88;98.9;54.0;0.00;100.00
69399;1304;64.0;49;7.84;7360.0;-3.13;-3.91;46.27;98.9;53.5;0.00;100.00
69408;1302;65.0;49;7.84;7360.0;-3.13;-3.13;46.67;98.9;53.0;0.00;100.00
69417;1301;65.0;49;8.24;7350.0;-2.34;-3.13;47.06;98.9;52.5;0.00;100.00
69428;1300;66.0;49;8.24;7350.0;-2.34;-2.34;47.45;98.9;52.0;0.00;100.00
69438;1299;66.0;49;8.24;7350.0;-1.56;-2.34;47.45;98.9;51.5;0.00;100.00
69448;1298;67.0;49;8.24;7340.0;-0.78;-1.56;47.84;98.9;51.0;0.00;100.00
69471;1297;68.0;49;8.24;7340.0;0.00;-0.78;47.84;98.9;50.5;0.00;100.00
69497;1296;68.0;49;8.24;7330.0;0.00;0.00;47.84;98.9;50.5;0.00;100.00
69508;1289;69.0;49;8.63;7330.0;0.78;0.00;47.84;98.9;50.0;0.00;100.00
69517;1282;69.0;49;8.63;7330.0;1.56;0.78;48.24;98.9;49.5;0.00;100.00
69529;1276;70.0;49;8.63;7320.0;2.34;1.56;48.24;98.9;49.5;0.00;100.00
69539;1269;70.0;49;8.63;7320.0;2.34;2.34;48.24;98.9;49.0;0.00;100.00
69548;1263;70.0;49;8.63;7320.0;3.13;2.34;48.24;98.9;49.0;0.00;100.00
69569;1256;71.0;49;8.24;7320.0;3.13;3.13;48.63;98.9;48.5;0.00;100.00
69578;1249;71.0;49;8.24;7320.0;3.13;3.13;48.63;98.9;48.0;0.00;100.00
69587;1243;72.0;49;8.24;7320.0;3.91;3.13;49.02;98.9;48.0;0.00;100.00
69597;1236;72.0;49;8.24;7320.0;3.91;3.13;49.02;98.9;47.5;0.00;100.00
69608;1230;72.0;49;8.24;7320.0;3.91;3.13;49.41;98.9;47.5;0.00;100.00
69624;1223;73.0;49;8.24;7320.0;3.91;3.13;49.80;98.9;47.5;0.00;100.00
69638;1224;73.0;49;7.84;7320.0;3.91;3.91;49.80;98.9;47.5;0.00;100.00
69648;1224;73.0;49;7.84;7320.0;3.91;3.91;50.20;98.9;47.5;0.00;100.00
69668;1225;73.0;49;7.84;7320.0;4.69;3.91;50.20;98.9;47.5;0.00;100.00
69679;1225;73.0;49;7.84;7320.0;4.69;3.91;50.59;98.9;47.0;0.00;100.00
69688;1226;73.0;49;7.84;7320.0;4.69;3.91;50.98;98.9;47.0;0.00;100.00
69697;1226;73.0;49;7.84;7320.0;4.69;3.91;50.98;98.9;47.0;0.00;100.00
69708;1226;74.0;49;7.84;7320.0;4.69;3.91;51.37;98.9;47.0;0.00;100.00
69717;1227;74.0;49;7.84;7320.0;4.69;3.91;51.37;98.9;47.0;0.00;100.00
69728;1227;74.0;49;8.24;7320.0;4.69;3.91;51.76;98.9;47.0;0.00;100.00
69739;1228;74.0;49;8.24;7320.0;4.69;3.91;51.76;99.0;47.0;0.00;100.00
69754;1228;74.0;49;8.24;7320.0;3.91;3.91;51.76;99.0;46.5;0.00;100.00
69769;1229;74.0;49;8.24;7320.0;3.91;3.91;52.16;99.0;46.5;0.00;100.00
69778;1230;75.0;49;8.24;7320.0;3.91;3.91;52.16;99.1;46.5;0.00;100.00
69789;1231;76.0;49;8.24;7320.0;3.91;3.91;52.55;99.1;46.5;0.00;100.00
69798;1232;77.0;49;8.63;7320.0;3.91;3.91;52.55;99.1;46.0;0.00;100.00
69809;1233;78.0;49;9.02;7320.0;3.91;3.91;52.55;99.2;46.0;0.00;100.00
69817;1234;79.0;49;9.41;7320.0;3.91;3.91;52.94;99.2;46.0;0.00;100.00
69829;1235;80.0;49;9.80;7320.0;3.13;3.91;52.94;99.3;46.0;0.00;100.00
69839;1236;81.0;49;10.20;7320.0;3.13;3.91;54.51;99.3;45.5;0.00;100.00
69848;1237;82.0;49;10.98;7320.0;3.13;3.13;56.47;99.3;45.5;0.00;100.00
69868;1238;83.0;49;11.37;7320.0;3.13;3.13;58.04;99.3;45.5;0.00;100.00
69884;1239;84.0;49;11.76;7320.0;2.34;3.13;59.61;99.4;45.0;0.00;100.00
69898;1246;85.0;49;12.16;7320.0;2.34;3.13;61.57;99.4;45.0;0.00;100.00
69909;1252;85.0;49;12.55;7320.0;2.34;3.13;63.14;99.4;45.0;0.00;100.00
69918;1259;85.0;49;12.94;7320.0;2.34;3.13;65.10;99.4;45.0;0.00;100.00
69927;1266;84.0;49;12.94;7320.0;1.56;2.34;66.67;99.4;44.5;0.00;100.00
69940;1272;84.0;49;12.55;7320.0;1.56;2.34;68.24;99.4;44.5;0.00;100.00
69958;1279;84.0;49;12.55;7320.0;1.56;2.34;70.20;99.5;44.5;0.00;100.00
69967;1286;84.0;49;12.55;7320.0;1.56;2.34;71.76;99.5;44.5;0.00;100.00
69978;1293;84.0;49;12.16;7320.0;0.78;2.34;70.98;99.5;44.0;0.00;100.00
69987;1299;84.0;49;12.16;7320.0;0.78;2.34;69.80;99.5;44.0;0.00;100.00
69998;1306;83.0;49;11.76;7320.0;0.78;2.34;69.02;99.5;44.0;0.00;100.00
70015;1313;83.0;49;11.76;7320.0;0.78;2.34;67.84;99.5;43.5;0.00;100.00
70028;1304;83.0;49;11.76;7320.0;0.78;2.34;67.06;99.5;43.5;0.00;100.00
70048;1296;83.0;49;11.37;7320.0;0.78;2.34;65.88;99.5;43.5;0.00;100.00
70069;1288;83.0;49;11.37;7320.0;0.00;2.34;65.10;99.5;43.5;0.00;100.00
70078;1280;84.0;49;11.37;7320.0;0.00;2.34;63.92;99.5;43.0;0.00;100.00
70089;1271;84.0;49;11.37;7320.0;0.00;2.34;63.14;99.5;43.0;0.00;100.00
70098;1263;84.0;49;11.37;7320.0;0.00;2.34;61.96;99.4;43.0;0.00;100.00
70108;1255;84.0;49;11.37;7320.0;0.00;2.34;61.18;99.4;43.0;0.00;100.00
70120;1246;84.0;49;11.37;7320.0;-0.78;2.34;60.78;99.4;42.5;0.00;100.00
70128;1238;84.0;49;10.98;7320.0;-0.78;2.34;60.78;99.4;42.5;0.00;100.00
70148;1230;85.0;49;10.98;7320.0;-0.78;2.34;60.39;99.4;42.5;0.00;100.00
70173;1222;85.0;49;10.98;7320.0;-0.78;2.34;60.00;99.4;42.5;0.00;100.00
70189;1222;85.0;49;10.98;7320.0;-0.78;1.56;60.00;99.4;42.5;0.00;100.00
70199;1223;85.0;49;10.98;7320.0;-0.78;1.56;59.61;99.5;42.5;0.00;100.00
70208;1223;84.0;49;10.98;7320.0;-1.56;1.56;59.61;99.5;42.5;0.00;100.00
70219;1224;84.0;49;10.98;7320.0;-1.56;1.56;59.22;99.5;42.0;0.00;100.00
70231;1224;84.0;49;10.98;7320.0;-1.56;1.56;58.82;99.5;42.0;0.00;100.00
70247;1225;84.0;49;10.98;7320.0;-1.56;1.56;58.82;99.5;42.0;0.00;100.00
70258;1226;83.0;49;10.98;7320.0;-1.56;1.56;58.43;99.5;42.0;0.00;100.00
70271;1226;83.0;49;10.98;7320.0;-1.56;0.78;58.43;99.5;42.0;0.00;100.00
70290;1227;83.0;49;10.98;7320.0;-1.56;0.78;58.43;99.5;42.0;0.00;100.00
70309;1227;83.0;49;10.98;7320.0;-1.56;0.78;58.04;99.5;42.0;0.00;100.00
70325;1228;82.0;49;10.98;7320.0;-1.56;0.78;58.04;99.5;42.0;0.00;100.00
70339;1228;82.0;49;10.98;7320.0;-1.56;0.00;58.04;99.5;42.0;0.00;100.00
70348;1229;82.0;49;10.98;7320.0;-1.56;0.00;58.04;99.5;42.0;0.00;100.00
70359;1229;82.0;49;10.98;7320.0;-1.56;0.00;58.04;99.5;42.0;0.00;100.00
70368;1230;82.0;49;10.98;7320.0;-1.56;0.00;58.04;99.5;42.0;0.00;100.00
70379;1230;82.0;49;10.98;7320.0;-1.56;-0.78;57.65;99.5;42.0;0.00;100.00
70388;1231;82.0;49;10.98;7320.0;-1.56;-0.78;57.65;99.5;42.0;0.00;100.00
70399;1231;83.0;49;10.98;7320.0;-1.56;-0.78;57.65;99.5;42.0;0.00;100.00
70407;1232;83.0;49;10.98;7320.0;-1.56;-0.78;57.65;99.5;42.0;0.00;100.00
70418;1232;83.0;49;11.37;7320.0;-1.56;-0.78;57.65;99.5;42.0;0.00;100.00
70429;1233;83.0;49;11.37;7320.0;-1.56;-0.78;57.65;99.5;42.0;0.00;100.00
70445;1233;83.0;49;11.37;7320.0;-2.34;-0.78;57.65;99.5;42.0;0.00;100.00
70456;1234;83.0;49;11.37;7320.0;-2.34;-0.78;57.65;99.5;42.0;0.00;100.00
70467;1235;83.0;49;11.37;7320.0;-2.34;-0.78;57.65;99.5;42.0;0.00;100.00
70480;1236;83.0;49;11.37;7320.0;-2.34;-0.78;57.65;99.5;42.0;0.00;100.00
70488;1237;83.0;49;11.37;7320.0;-2.34;-0.78;57.65;99.5;41.5;0.00;100.00
70496;1238;83.0;49;11.37;7320.0;-2.34;-0.78;57.65;99.5;41.5;0.00;100.00
70508;1239;83.0;49;11.37;7330.0;-2.34;-0.78;57.65;99.5;41.5;0.00;100.00
70519;1240;83.0;49;11.37;7330.0;-2.34;-0.78;57.65;99.5;41.5;0.00;100.00
70528;1241;83.0;49;11.37;7330.0;-2.34;-0.78;57.65;99.5;41.5;0.00;100.00
70537;1242;83.0;49;11.37;7340.0;-2.34;-0.78;57.65;99.5;41.5;0.00;100.00
70550;1243;83.0;49;11.37;7340.0;-2.34;-0.78;57.25;99.5;41.5;0.00;100.00
70573;1244;83.0;49;11.37;7350.0;-1.56;-0.78;57.25;99.5;41.5;0.00;100.00
70588;1244;83.0;49;11.37;7350.0;-1.56;0.00;57.25;99.5;41.5;0.00;100.00
70600;1244;83.0;49;11.37;7350.0;-1.56;0.00;57.25;99.5;41.5;0.00;100.00
70609;1245;83.0;49;11.37;7360.0;-1.56;0.00;57.25;99.5;41.5;0.00;100.00
70616;1245;83.0;49;11.37;7360.0;-1.56;0.00;57.25;99.5;41.5;0.00;100.00
70628;1245;83.0;49;11.37;7360.0;-1.56;0.00;56.86;99.5;41.5;0.00;100.00
70639;1246;83.0;49;11.37;7360.0;-1.56;0.00;56.86;99.5;41.5;0.00;100.00
70648;1246;82.0;49;11.37;7360.0;-1.56;0.00;56.86;99.5;41.5;0.00;100.00
70657;1247;82.0;49;11.37;7360.0;-1.56;0.00;56.86;99.5;41.5;0.00;100.00
70669;1247;82.0;49;10.98;7360.0;-1.56;0.00;56.86;99.5;41.5;0.00;100.00
70678;1247;82.0;49;10.98;7360.0;-1.56;0.00;56.86;99.5;41.5;0.00;100.00
70694;1248;82.0;49;10.98;7360.0;-0.78;0.00;56.86;99.5;41.5;0.00;100.00
70709;1248;82.0;49;10.98;7360.0;-0.78;0.00;56.86;99.5;41.5;0.00;100.00
70718;1248;82.0;49;10.98;7360.0;-0.78;0.00;56.47;99.5;41.5;0.00;100.00
70728;1249;82.0;49;10.98;7360.0;-0.78;0.00;56.47;99.5;41.5;0.00;100.00
70737;1249;82.0;49;10.98;7360.0;-0.78;0.00;56.47;99.5;41.5;0.00;100.00
70746;1249;82.0;49;10.98;7360.0;-0.78;0.00;56.47;99.5;41.5;0.00;100.00
70755;1250;82.0;49;10.98;7350.0;-0.78;0.00;56.47;99.5;41.5;0.00;100.00
70769;1250;82.0;49;10.98;7350.0;-0.78;0.00;56.47;99.5;41.5;0.00;100.00
70777;1250;82.0;49;10.98;7350.0;-0.78;0.00;56.47;99.5;41.5;0.00;100.00
70786;1251;82.0;49;10.98;7340.0;-0.78;0.00;56.47;99.5;41.5;0.00;100.00
70801;1251;82.0;49;10.98;7340.0;-0.78;0.00;56.47;99.5;41.5;0.00;100.00
70823;1251;82.0;49;10.98;7330.0;-1.56;0.00;56.47;99.5;41.5;0.00;100.00
70837;1252;82.0;49;10.98;7330.0;-1.56;0.00;56.47;99.5;41.5;0.00;100.00
70849;1252;82.0;49;10.98;7330.0;-1.56;0.00;56.08;99.4;41.5;0.00;100.00
70858;1252;81.0;49;10.98;7320.0;-1.56;0.00;56.08;99.4;41.5;0.00;100.00
70870;1252;81.0;49;10.98;7320.0;-1.56;0.00;56.08;99.4;41.5;0.00;100.00
70887;1253;81.0;49;10.59;7320.0;-1.56;0.00;56.08;99.4;41.5;0.00;100.00
70896;1253;81.0;49;10.59;7330.0;-1.56;0.00;56.08;99.4;41.5;0.00;100.00
70907;1253;80.0;49;10.20;7330.0;-1.56;0.00;56.08;99.3;41.5;0.00;100.00
70916;1254;80.0;49;10.20;7330.0;-1.56;0.00;55.69;99.3;41.5;0.00;100.00
70930;1254;80.0;49;9.80;7340.0;-1.56;0.00;54.90;99.3;41.5;0.00;100.00
70947;1254;80.0;49;9.80;7340.0;-1.56;0.00;54.51;99.3;41.5;0.00;100.00
70964;1254;79.0;49;9.41;7350.0;-2.34;0.00;54.12;99.3;41.5;0.00;100.00
70978;1254;79.0;49;9.41;7350.0;-2.34;0.00;53.33;99.3;41.5;0.00;100.00
70987;1254;79.0;49;9.02;7350.0;-2.34;0.00;52.94;99.3;41.5;0.00;100.00
70996;1254;78.0;49;9.02;7360.0;-2.34;0.00;52.16;99.3;41.5;0.00;100.00
71011;1254;78.0;49;9.02;7360.0;-2.34;0.00;51.76;99.3;41.0;0.00;100.00
71026;1254;78.0;49;9.02;7360.0;-2.34;0.00;51.37;99.3;41.0;0.00;100.00
71038;1255;78.0;49;9.02;7350.0;-2.34;0.00;50.59;99.3;41.0;0.00;100.00
71046;1255;77.0;49;9.02;7350.0;-2.34;0.00;50.20;99.3;41.0;0.00;100.00
71058;1255;77.0;49;9.02;7350.0;-2.34;0.00;50.20;99.3;41.0;0.00;100.00
71069;1255;77.0;49;9.41;7340.0;-2.34;0.00;50.20;99.3;41.0;0.00;100.00
71075;1255;77.0;49;9.41;7340.0;-2.34;0.00;50.59;99.3;41.0;0.00;100.00
71096;1255;76.0;49;9.41;7330.0;-3.13;0.00;50.59;99.3;41.0;0.00;100.00
71108;1254;76.0;49;9.41;7330.0;-3.13;-0.78;50.59;99.3;41.0;0.00;100.00
71117;1254;76.0;49;9.41;7330.0;-3.13;-0.78;50.59;99.3;41.0;0.00;100.00
71127;1254;77.0;49;9.41;7320.0;-3.13;-0.78;50.59;99.4;41.0;0.00;100.00
71136;1254;77.0;49;9.41;7320.0;-3.13;-0.78;50.59;99.4;41.0;0.00;100.00
71147;1253;77.0;49;9.41;7320.0;-3.13;-0.78;50.98;99.4;41.0;0.00;100.00
71156;1253;78.0;49;9.80;7330.0;-3.13;-0.78;50.98;99.4;41.0;0.00;100.00
71169;1253;78.0;49;9.80;7330.0;-3.13;-0.78;50.98;99.4;41.0;0.00;100.00
71177;1252;79.0;49;9.80;7330.0;-3.13;-0.78;51.37;99.4;41.0;0.00;100.00
71187;1252;79.0;49;9.80;7340.0;-3.13;-0.78;51.37;99.4;41.0;0.00;100.00
71195;1252;79.0;49;9.80;7340.0;-3.13;-0.78;51.76;99.4;41.0;0.00;100.00
71213;1252;80.0;49;9.80;7350.0;-3.91;-0.78;52.16;99.4;41.0;0.00;100.00
71227;1252;80.0;49;10.20;7350.0;-3.91;-1.56;52.16;99.4;41.0;0.00;100.00
71237;1252;80.0;49;10.20;7350.0;-3.91;-1.56;52.55;99.4;41.0;0.00;100.00
71247;1252;80.0;49;10.20;7360.0;-3.91;-1.56;52.55;99.4;41.0;0.00;100.00
71257;1252;81.0;49;10.20;7360.0;-3.91;-1.56;52.94;99.4;41.0;0.00;100.00
71271;1252;81.0;49;10.20;7360.0;-3.91;-1.56;53.33;99.4;41.0;0.00;100.00
71286;1253;81.0;49;10.20;7350.0;-3.91;-1.56;53.33;99.4;41.0;0.00;100.00
71296;1253;81.0;49;10.20;7350.0;-3.91;-1.56;53.73;99.4;41.0;0.00;100.00
71307;1253;81.0;49;10.20;7350.0;-3.91;-1.56;53.73;99.4;41.0;0.00;100.00
71316;1253;81.0;49;10.59;7340.0;-3.91;-1.56;54.12;99.4;41.0;0.00;100.00
71327;1253;82.0;49;10.59;7340.0;-3.91;-1.56;54.12;99.4;41.0;0.00;100.00
71342;1253;82.0;49;10.59;7330.0;-3.91;-1.56;54.12;99.4;41.0;0.00;100.00
71357;1254;82.0;49;10.59;7330.0;-3.91;-2.34;54.51;99.4;41.0;0.00;100.00
71370;1254;82.0;49;10.59;7330.0;-3.91;-2.34;54.51;99.4;41.0;0.00;100.00
71386;1254;82.0;49;10.59;7320.0;-3.91;-2.34;54.90;99.5;41.0;0.00;100.00
71398;1254;82.0;49;10.59;7320.0;-3.91;-2.34;54.90;99.5;41.0;0.00;100.00
71407;1254;82.0;49;10.59;7320.0;-3.91;-2.34;54.90;99.5;41.0;0.00;100.00
71416;1254;82.0;49;10.59;7330.0;-3.91;-2.34;55.29;99.5;41.0;0.00;100.00
71427;1254;83.0;49;10.59;7330.0;-3.91;-2.34;55.29;99.5;41.0;0.00;100.00
71436;1255;83.0;49;10.59;7330.0;-3.91;-2.34;55.29;99.5;41.0;0.00;100.00
71448;1255;83.0;49;10.98;7340.0;-3.91;-2.34;55.29;99.4;41.0;0.00;100.00
71457;1255;83.0;49;10.98;7340.0;-3.91;-2.34;55.29;99.4;41.0;0.00;100.00
71475;1255;83.0;49;10.98;7350.0;-3.91;-2.34;55.29;99.4;41.0;0.00;100.00
71487;1255;83.0;49;10.98;7350.0;-3.91;-1.56;55.29;99.3;41.0;0.00;100.00
71497;1255;82.0;49;10.98;7350.0;-3.91;-1.56;54.90;99.3;41.0;0.00;100.00
71506;1256;82.0;49;10.98;7360.0;-3.91;-1.56;54.90;99.3;41.0;0.00;100.00
71517;1256;81.0;49;10.59;7360.0;-3.91;-1.56;54.90;99.3;41.0;0.00;100.00
71526;1256;80.0;49;10.20;7360.0;-3.91;-1.56;54.90;99.2;41.0;0.00;100.00
71537;1256;80.0;49;9.80;7360.0;-3.91;-1.56;54.90;99.2;41.0;0.00;100.00
71547;1256;79.0;49;9.41;7360.0;-3.91;-1.56;54.90;99.2;41.0;0.00;100.00
71556;1256;79.0;49;9.02;7360.0;-3.91;-1.56;54.51;99.1;41.0;0.00;100.00
71568;1256;78.0;49;8.63;7360.0;-3.91;-1.56;53.73;99.1;41.0;0.00;100.00
71579;1256;77.0;49;8.24;7360.0;-3.91;-1.56;53.33;99.1;41.0;0.00;100.00
71594;1257;77.0;49;7.84;7360.0;-3.13;-1.56;52.55;99.1;41.0;0.00;100.00
71606;1257;76.0;49;7.45;7360.0;-3.13;-1.56;52.16;99.1;41.0;0.00;100.00
71618;1257;76.0;49;7.06;7360.0;-3.13;-1.56;51.37;99.1;41.0;0.00;100.00
71627;1257;76.0;49;6.67;7360.0;-3.13;-1.56;50.98;99.0;41.0;0.00;100.00
71638;1258;75.0;49;6.67;7360.0;-3.13;-1.56;50.20;99.0;41.5;0.00;100.00
71646;1258;75.0;49;7.06;7360.0;-3.13;-1.56;49.80;99.0;41.5;0.00;100.00
71657;1258;75.0;49;7.06;7360.0;-3.13;-1.56;49.02;99.0;41.5;0.00;100.00
71670;1259;75.0;49;7.06;7360.0;-3.13;-1.56;48.63;99.0;41.5;0.00;100.00
71687;1259;75.0;49;7.45;7360.0;-3.13;-1.56;48.24;99.0;41.5;0.00;100.00
71696;1259;75.0;49;7.45;7360.0;-3.13;-1.56;48.24;98.9;41.5;0.00;100.00
71708;1259;74.0;49;7.84;7360.0;-3.13;-1.56;47.84;98.9;41.5;0.00;100.00
71725;1260;74.0;49;7.84;7360.0;-3.91;-1.56;47.45;98.9;41.5;0.00;100.00
71737;1260;74.0;49;7.84;7360.0;-3.91;-1.56;47.45;98.9;41.5;0.00;100.00
71747;1259;74.0;49;8.24;7360.0;-3.91;-1.56;47.06;98.9;41.5;0.00;100.00
71758;1259;74.0;49;8.24;7360.0;-3.91;-1.56;47.06;98.9;41.5;0.00;100.00
71769;1259;74.0;49;8.24;7360.0;-3.91;-1.56;46.67;98.9;42.0;0.00;100.00
71778;1259;74.0;49;8.24;7360.0;-3.91;-1.56;46.27;98.9;42.0;0.00;100.00
71787;1259;74.0;49;8.24;7360.0;-3.91;-1.56;46.27;98.9;42.0;0.00;100.00
71797;1259;73.0;49;8.24;7360.0;-4.69;-1.56;45.88;98.9;42.0;0.00;100.00
71806;1259;73.0;49;8.24;7360.0;-4.69;-1.56;45.88;98.8;42.0;0.00;100.00
71818;1259;73.0;49;7.84;7360.0;-4.69;-1.56;46.27;98.8;42.0;0.00;100.00
71827;1259;73.0;49;7.84;7360.0;-4.69;-1.56;46.27;98.8;42.0;0.00;100.00
71843;1259;73.0;49;7.84;7360.0;-5.47;-1.56;46.67;98.8;42.0;0.00;100.00
71858;1259;73.0;49;7.84;7360.0;-5.47;-2.34;46.67;98.8;42.0;0.00;100.00
71870;1260;73.0;49;7.84;7360.0;-5.47;-2.34;47.06;98.8;42.0;0.00;100.00
71888;1261;73.0;49;7.84;7360.0;-5.47;-2.34;47.06;98.8;42.0;0.00;100.00
71898;1262;74.0;49;7.84;7360.0;-6.25;-2.34;47.45;98.8;42.0;0.00;100.00
71908;1262;74.0;49;7.84;7360.0;-6.25;-2.34;47.45;98.8;42.0;0.00;100.00
71916;1263;74.0;49;7.84;7360.0;-6.25;-2.34;47.84;98.8;42.0;0.00;100.00
71928;1264;74.0;49;7.84;7360.0;-6.25;-2.34;47.84;98.8;42.0;0.00;100.00
71937;1265;74.0;49;7.84;7360.0;-6.25;-2.34;47.84;98.8;42.0;0.00;100.00
71948;1265;74.0;49;7.84;7360.0;-6.25;-2.34;48.24;98.8;42.0;0.00;100.00
71957;1266;75.0;49;7.84;7360.0;-6.25;-2.34;48.24;98.8;42.0;0.00;100.00
71973;1267;75.0;49;7.84;7360.0;-7.03;-2.34;48.63;98.8;42.0;0.00;100.00
71986;1267;75.0;49;7.84;7360.0;-7.03;-3.13;48.63;98.8;42.0;0.00;100.00
71997;1266;75.0;49;7.84;7360.0;-7.03;-3.13;49.02;98.8;42.0;0.00;100.00
72006;1266;75.0;49;7.84;7360.0;-7.03;-3.13;49.02;98.8;42.0;0.00;100.00
72018;1266;75.0;49;7.84;7360.0;-7.03;-3.13;49.41;98.8;42.5;0.00;100.00
72027;1266;75.0;49;7.84;7360.0;-7.03;-3.13;49.41;98.8;42.5;0.00;100.00
72037;1266;75.0;49;7.84;7360.0;-7.03;-3.13;49.80;98.8;42.5;0.00;100.00
72047;1265;74.0;49;7.84;7360.0;-7.03;-3.13;49.80;98.8;42.5;0.00;100.00
72058;1265;74.0;49;7.84;7360.0;-6.25;-3.13;49.80;98.8;42.5;0.00;100.00
72069;1265;74.0;49;7.84;7360.0;-6.25;-3.13;49.80;98.8;42.5;0.00;100.00
72078;1265;74.0;49;7.84;7360.0;-6.25;-3.13;49.80;98.8;42.5;0.00;100.00
72094;1264;74.0;49;7.84;7360.0;-6.25;-3.13;49.80;98.8;42.5;0.00;100.00
72108;1264;74.0;49;7.84;7360.0;-6.25;-3.13;49.80;98.8;42.5;0.00;100.00
72116;1264;74.0;49;7.84;7360.0;-6.25;-3.13;50.20;98.8;42.5;0.00;100.00
72128;1264;74.0;49;7.84;7360.0;-5.47;-3.13;50.20;98.8;42.5;0.00;100.00
72139;1263;74.0;49;7.84;7360.0;-5.47;-3.13;50.20;98.8;43.0;0.00;100.00
72147;1263;74.0;49;7.84;7360.0;-5.47;-3.13;50.20;98.8;43.0;0.00;100.00
72158;1263;74.0;49;7.84;7360.0;-5.47;-3.13;50.20;98.8;43.0;0.00;100.00
72170;1262;74.0;49;7.84;7360.0;-5.47;-3.13;50.20;98.8;43.0;0.00;100.00
72188;1262;74.0;49;7.84;7360.0;-4.69;-3.13;50.20;98.8;43.0;0.00;100.00
72198;1262;74.0;49;7.45;7360.0;-4.69;-3.13;50.20;98.8;43.0;0.00;100.00
72210;1262;74.0;49;7.45;7360.0;-4.69;-3.13;50.20;98.8;43.0;0.00;100.00
72224;1261;74.0;49;7.45;7360.0;-4.69;-3.13;50.20;98.8;43.0;0.00;100.00
72238;1262;74.0;49;7.45;7360.0;-4.69;-2.34;50.20;98.8;43.0;0.00;100.00
72247;1262;74.0;49;7.45;7360.0;-4.69;-2.34;49.80;98.8;43.0;0.00;100.00
72258;1262;74.0;49;7.45;7360.0;-3.91;-2.34;49.80;98.8;43.0;0.00;100.00
72269;1262;74.0;49;7.45;7360.0;-3.91;-2.34;49.80;98.8;43.0;0.00;100.00
72276;1263;74.0;49;7.45;7360.0;-3.91;-2.34;49.80;98.8;43.0;0.00;100.00
72288;1263;74.0;49;7.45;7360.0;-3.91;-2.34;49.80;98.8;43.0;0.00;100.00
72298;1263;74.0;49;7.45;7360.0;-3.91;-2.34;49.80;98.8;43.0;0.00;100.00
72309;1263;74.0;49;7.45;7360.0;-3.91;-2.34;49.80;98.8;43.0;0.00;100.00
72328;1264;74.0;49;7.45;7360.0;-3.91;-2.34;49.80;98.8;43.0;0.00;100.00
72337;1264;74.0;49;7.45;7360.0;-3.91;-2.34;49.80;98.8;43.0;0.00;100.00
72355;1264;74.0;49;7.45;7360.0;-3.13;-2.34;49.80;98.8;43.0;0.00;100.00
72371;1264;74.0;49;7.45;7360.0;-3.13;-2.34;49.80;98.8;43.0;0.00;100.00
72388;1264;74.0;49;7.45;7360.0;-3.13;-2.34;50.20;98.8;43.0;0.00;100.00
72397;1264;74.0;49;7.45;7360.0;-3.13;-2.34;50.20;98.9;43.0;0.00;100.00
72409;1264;74.0;49;7.45;7360.0;-3.13;-2.34;50.20;98.9;43.0;0.00;100.00
72418;1264;74.0;49;7.45;7360.0;-3.13;-2.34;50.20;98.9;43.0;0.00;100.00
72428;1264;74.0;49;7.45;7360.0;-3.13;-2.34;50.20;98.9;43.0;0.00;100.00
72438;1263;74.0;49;7.45;7360.0;-3.13;-2.34;50.20;98.9;43.0;0.00;100.00
72447;1263;74.0;49;7.45;7360.0;-3.13;-2.34;50.20;98.9;43.0;0.00;100.00
72459;1263;74.0;49;7.45;7360.0;-3.13;-2.34;50.20;98.9;43.0;0.00;100.00
72470;1263;74.0;49;7.45;7360.0;-3.13;-2.34;50.20;98.9;43.0;0.00;100.00
72493;1263;74.0;49;7.45;7360.0;-3.91;-2.34;50.20;98.9;43.0;0.00;100.00
72507;1263;74.0;49;7.45;7360.0;-3.91;-2.34;50.20;98.9;43.0;0.00;100.00
72518;1263;74.0;49;7.45;7360.0;-3.91;-2.34;50.20;98.9;43.0;0.00;100.00
72527;1263;75.0;49;7.45;7360.0;-3.91;-2.34;50.20;98.9;43.0;0.00;100.00
72539;1264;75.0;49;7.45;7360.0;-3.91;-2.34;50.20;98.9;43.5;0.00;100.00
72548;1264;75.0;49;7.45;7360.0;-3.91;-2.34;50.20;98.9;43.5;0.00;100.00
72559;1264;75.0;49;7.84;7360.0;-3.91;-2.34;50.20;98.9;43.5;0.00;100.00
72570;1264;76.0;49;7.84;7360.0;-3.91;-2.34;50.20;98.9;43.5;0.00;100.00
72588;1264;76.0;49;7.84;7360.0;-3.91;-2.34;50.59;99.0;43.5;0.00;100.00
72598;1264;76.0;49;7.84;7360.0;-3.91;-2.34;50.59;99.0;43.5;0.00;100.00
72609;1264;76.0;49;7.84;7360.0;-3.91;-2.34;50.98;99.0;43.5;0.00;100.00
72624;1264;77.0;49;7.84;7360.0;-3.91;-2.34;50.98;99.0;43.5;0.00;100.00
72637;1265;77.0;49;8.24;7360.0;-3.91;-3.13;51.37;99.0;43.5;0.00;100.00
72649;1265;77.0;49;8.24;7360.0;-3.91;-3.13;51.37;99.0;43.5;0.00;100.00
72656;1266;77.0;49;8.24;7360.0;-3.91;-3.13;51.76;99.0;43.5;0.00;100.00
72670;1266;76.0;49;8.24;7360.0;-3.91;-3.13;51.76;99.0;43.5;0.00;100.00
72690;1266;76.0;49;8.24;7360.0;-3.91;-3.13;52.16;99.0;43.5;0.00;100.00
72709;1267;76.0;49;8.24;7360.0;-3.91;-3.13;52.16;99.0;43.5;0.00;100.00
72718;1267;76.0;49;8.24;7360.0;-3.91;-3.13;52.55;99.0;43.5;0.00;100.00
72726;1267;76.0;49;8.24;7360.0;-3.91;-3.13;52.55;99.0;43.5;0.00;100.00
72738;1268;76.0;49;8.24;7360.0;-3.91;-2.34;52.55;99.0;43.5;0.00;100.00
72748;1268;75.0;49;8.24;7360.0;-3.91;-2.34;52.55;99.0;43.5;0.00;100.00
72764;1269;75.0;49;8.24;7360.0;-4.69;-2.34;52.55;99.0;43.5;0.00;100.00
72777;1268;75.0;49;8.24;7360.0;-4.69;-2.34;52.55;99.0;43.5;0.00;100.00
72789;1267;75.0;49;8.24;7360.0;-4.69;-2.34;52.94;99.0;43.5;0.00;100.00
72798;1267;76.0;49;8.24;7360.0;-4.69;-2.34;52.94;99.0;43.5;0.00;100.00
72807;1266;76.0;49;8.24;7360.0;-4.69;-1.56;52.94;99.0;44.0;0.00;100.00
72818;1266;76.0;49;8.24;7360.0;-4.69;-1.56;52.94;99.0;44.0;0.00;100.00
72828;1265;76.0;49;8.24;7360.0;-4.69;-1.56;52.94;99.0;44.0;0.00;100.00
72838;1265;77.0;49;8.24;7360.0;-4.69;-1.56;52.94;99.0;44.0;0.00;100.00
72847;1264;77.0;49;8.24;7360.0;-4.69;-1.56;52.94;99.0;44.0;0.00;100.00
72858;1264;77.0;49;8.24;7360.0;-4.69;-1.56;52.94;99.0;44.0;0.00;100.00
72868;1263;77.0;49;8.24;7360.0;-4.69;-1.56;53.33;99.0;44.0;0.00;100.00
72884;1262;78.0;49;8.24;7360.0;-3.91;-1.56;53.33;99.0;44.0;0.00;100.00
72899;1263;78.0;49;8.24;7360.0;-3.91;-0.78;53.33;99.0;44.0;0.00;100.00
72909;1263;78.0;49;8.24;7360.0;-3.91;-0.78;53.33;99.0;44.0;0.00;100.00
72918;1264;78.0;49;8.24;7360.0;-3.91;-0.78;53.33;99.0;44.0;0.00;100.00
72927;1264;77.0;49;8.24;7360.0;-3.91;-0.78;53.33;99.0;43.5;0.00;100.00
72936;1265;77.0;49;8.24;7360.0;-3.91;-0.78;53.73;99.0;43.5;0.00;100.00
72948;1266;77.0;49;8.24;7360.0;-3.91;-0.78;53.73;99.0;43.5;0.00;100.00
72957;1266;77.0;49;8.24;7360.0;-3.91;-0.78;53.73;99.0;43.5;0.00;100.00
72970;1267;77.0;49;8.24;7360.0;-3.91;-0.78;53.73;99.0;43.5;0.00;100.00
72988;1267;77.0;49;8.24;7360.0;-3.91;-0.78;53.73;99.0;43.5;0.00;100.00
72998;1268;76.0;49;8.24;7360.0;-3.91;-0.78;53.73;99.0;43.5;0.00;100.00
73016;1268;76.0;49;8.24;7360.0;-3.13;-0.78;53.73;99.0;43.5;0.00;100.00
73027;1268;76.0;49;8.24;7360.0;-3.13;-1.56;53.73;99.0;43.5;0.00;100.00
73040;1269;76.0;49;8.24;7360.0;-3.13;-1.56;54.12;99.0;43.5;0.00;100.00
73058;1269;76.0;49;8.24;7360.0;-3.13;-1.56;54.12;99.0;43.5;0.00;100.00
73071;1269;76.0;49;8.24;7360.0;-3.13;-1.56;54.12;99.0;44.0;0.00;100.00
73088;1269;76.0;49;8.24;7360.0;-3.13;-1.56;54.12;99.0;44.0;0.00;100.00
73098;1269;76.0;49;8.24;7360.0;-3.13;-1.56;54.12;99.0;44.0;0.00;100.00
73109;1270;76.0;49;8.24;7360.0;-3.13;-1.56;54.12;99.0;44.0;0.00;100.00
73118;1270;76.0;49;8.24;7360.0;-3.13;-1.56;54.12;99.0;44.0;0.00;100.00
73128;1270;76.0;49;8.24;7360.0;-3.13;-1.56;54.12;99.0;44.0;0.00;100.00
73139;1270;76.0;49;8.24;7360.0;-3.13;-1.56;54.12;99.0;44.0;0.00;100.00
73154;1271;76.0;49;8.24;7360.0;-3.13;-1.56;54.12;99.0;44.0;0.00;100.00
73168;1271;76.0;49;8.24;7360.0;-3.13;-2.34;54.12;99.0;44.0;0.00;100.00
73178;1271;76.0;49;8.24;7360.0;-3.13;-2.34;54.12;99.0;44.0;0.00;100.00
73188;1271;76.0;49;8.24;7360.0;-3.13;-2.34;54.12;99.0;44.0;0.00;100.00
73199;1271;77.0;49;8.24;7360.0;-3.13;-2.34;54.12;99.0;44.0;0.00;100.00
73208;1271;77.0;49;8.24;7360.0;-3.13;-2.34;54.12;99.0;44.0;0.00;100.00
73218;1271;77.0;49;8.24;7360.0;-3.13;-2.34;54.12;99.0;44.0;0.00;100.00
73227;1271;77.0;49;8.24;7360.0;-3.13;-2.34;54.12;99.0;44.0;0.00;100.00
73238;1271;77.0;49;8.24;7360.0;-3.13;-2.34;54.12;99.0;44.0;0.00;100.00
73249;1271;77.0;49;8.24;7360.0;-3.13;-2.34;54.12;99.0;44.0;0.00;100.00
73258;1272;78.0;49;8.24;7360.0;-3.13;-2.34;54.12;99.0;44.0;0.00;100.00
73274;1272;78.0;49;8.24;7360.0;-3.91;-2.34;54.12;99.0;44.0;0.00;100.00
73287;1271;78.0;49;8.24;7360.0;-3.91;-2.34;54.12;99.0;44.0;0.00;100.00
73299;1271;78.0;49;8.24;7360.0;-3.91;-2.34;53.73;99.0;44.0;0.00;100.00
73309;1270;78.0;49;8.24;7360.0;-3.91;-2.34;53.73;99.0;44.0;0.00;100.00
73318;1270;78.0;49;8.24;7360.0;-3.91;-2.34;53.73;99.0;44.0;0.00;100.00
73327;1269;78.0;49;8.24;7360.0;-3.91;-2.34;53.73;99.0;44.0;0.00;100.00
73339;1268;78.0;49;8.24;7360.0;-3.91;-2.34;53.73;99.0;44.0;0.00;100.00
73347;1268;78.0;49;8.24;7360.0;-3.91;-2.34;53.73;99.0;44.0;0.00;100.00
73359;1267;78.0;49;8.24;7360.0;-3.91;-2.34;53.73;99.0;44.0;0.00;100.00
73371;1267;78.0;49;8.63;7360.0;-3.91;-2.34;53.73;99.0;44.0;0.00;100.00
73389;1266;78.0;49;8.63;7360.0;-3.91;-2.34;54.12;99.0;44.0;0.00;100.00
73404;1266;78.0;49;8.63;7360.0;-3.13;-2.34;54.12;99.0;44.0;0.00;100.00
73418;1266;78.0;49;8.63;7360.0;-3.13;-3.13;54.12;99.0;44.0;0.00;100.00
73427;1267;78.0;49;8.63;7360.0;-3.13;-3.13;54.12;99.0;44.0;0.00;100.00
73437;1268;78.0;49;8.63;7360.0;-3.13;-3.13;54.12;99.0;44.0;0.00;100.00
73449;1268;78.0;49;8.63;7360.0;-3.13;-3.13;54.12;99.0;43.5;0.00;100.00
73459;1269;78.0;49;8.63;7360.0;-3.13;-3.13;54.51;99.0;43.5;0.00;100.00
73469;1269;78.0;49;8.63;7360.0;-3.13;-3.13;54.51;99.0;43.5;0.00;100.00
73478;1270;77.0;49;8.63;7360.0;-3.13;-3.13;54.51;99.0;43.5;0.00;100.00
73487;1271;77.0;49;8.63;7360.0;-3.13;-3.13;54.51;99.0;43.5;0.00;100.00
73499;1271;77.0;49;8.63;7360.0;-3.13;-3.13;54.51;99.0;43.5;0.00;100.00
73511;1272;77.0;49;8.63;7360.0;-3.13;-3.13;54.90;99.0;43.5;0.00;100.00
73534;1272;77.0;49;8.63;7360.0;-3.13;-3.13;54.90;99.0;43.5;0.00;100.00
73548;1273;77.0;49;8.63;7360.0;-3.13;-3.13;54.90;99.0;43.5;0.00;100.00
73560;1273;77.0;49;8.63;7360.0;-3.13;-3.13;54.90;99.0;43.5;0.00;100.00
73568;1273;77.0;49;8.63;7360.0;-3.13;-3.13;54.90;99.0;43.5;0.00;100.00
73578;1273;78.0;49;8.63;7360.0;-3.13;-3.13;54.90;99.0;43.5;0.00;100.00
73588;1273;78.0;49;8.63;7360.0;-3.13;-3.13;55.29;99.0;43.5;0.00;100.00
73597;1273;78.0;49;8.24;7360.0;-3.13;-3.13;55.29;99.0;43.5;0.00;100.00
73608;1273;78.0;49;8.24;7360.0;-3.13;-3.13;55.29;99.0;43.5;0.00;100.00
73618;1274;78.0;49;8.24;7360.0;-3.13;-3.13;55.29;99.0;43.5;0.00;100.00
73629;1274;78.0;49;8.24;7360.0;-3.13;-3.13;55.29;99.0;43.5;0.00;100.00
73638;1274;79.0;49;8.24;7360.0;-3.13;-3.13;55.29;99.0;43.5;0.00;100.00
73654;1274;79.0;49;8.24;7360.0;-3.13;-3.13;55.29;99.0;43.5;0.00;100.00
73667;1274;79.0;49;7.84;7360.0;-3.13;-3.13;55.29;99.0;43.5;0.00;100.00
73678;1274;79.0;49;7.84;7360.0;-3.13;-3.13;55.29;99.0;43.5;0.00;100.00
73690;1274;78.0;49;7.84;7360.0;-3.13;-3.13;55.29;98.9;43.5;0.00;100.00
73708;1274;78.0;49;7.84;7360.0;-3.13;-3.13;55.29;98.9;43.5;0.00;100.00
73718;1274;78.0;49;7.45;7360.0;-3.13;-3.13;55.29;98.9;43.5;0.00;100.00
73727;1274;77.0;49;7.45;7360.0;-3.13;-3.13;55.29;98.9;43.5;0.00;100.00
73738;1274;77.0;49;7.45;7360.0;-3.13;-3.13;55.29;98.9;43.5;0.00;100.00
73747;1274;76.0;49;7.06;7360.0;-3.13;-3.13;54.51;98.8;43.5;0.00;100.00
73760;1274;76.0;49;7.06;7360.0;-3.13;-3.13;54.12;98.8;43.5;0.00;100.00
73777;1273;76.0;49;6.67;7360.0;-3.13;-3.13;53.33;98.8;43.5;0.00;100.00
73793;1273;75.0;49;6.67;7360.0;-3.91;-3.13;52.94;98.8;43.5;0.00;100.00
73808;1273;75.0;49;6.67;7360.0;-3.91;-3.13;52.16;98.8;43.5;0.00;100.00
73818;1273;74.0;49;6.27;7360.0;-3.91;-3.13;51.76;98.8;43.5;0.00;100.00
73828;1273;73.0;49;6.27;7360.0;-3.91;-3.13;50.98;98.8;43.5;0.00;100.00
73837;1273;72.0;49;6.27;7360.0;-3.91;-3.13;50.59;98.8;43.5;0.00;100.00
73848;1273;71.0;49;5.88;7330.0;-3.91;-3.13;49.80;98.8;43.5;0.00;100.00
73858;1273;70.0;49;5.88;7310.0;-3.91;-3.13;49.41;98.8;43.5;0.00;100.00
73870;1273;69.0;49;5.88;7280.0;-3.91;-3.13;48.63;98.8;43.5;0.00;100.00
73889;1273;68.0;49;5.49;7260.0;-3.91;-3.13;48.24;98.8;43.5;0.00;100.00
73899;1273;67.0;49;5.49;7230.0;-3.91;-3.13;47.84;98.8;43.5;0.00;100.00
73910;1272;66.0;49;5.10;7210.0;-3.91;-3.13;47.06;98.8;43.5;0.00;100.00
73935;1272;65.0;49;5.10;7180.0;-4.69;-3.13;46.67;98.8;43.5;0.00;100.00
73949;1272;64.0;49;5.10;7160.0;-4.69;-3.13;46.27;98.8;44.0;0.00;100.00
73970;1272;63.0;49;4.71;7130.0;-4.69;-3.13;45.88;98.8;44.0;0.00;100.00
73988;1271;63.0;49;4.71;7110.0;-4.69;-3.13;45.49;98.8;44.0;0.00;100.00
73997;1271;62.0;49;4.71;7080.0;-4.69;-3.13;45.10;98.8;44.0;0.00;100.00
74008;1271;61.0;49;4.71;7060.0;-4.69;-3.13;44.31;98.8;44.0;0.00;100.00
74017;1271;61.0;49;4.71;7050.0;-4.69;-3.13;43.92;98.8;44.0;0.00;100.00
74027;1270;60.0;49;4.71;7030.0;-4.69;-3.13;43.53;98.8;44.5;0.00;100.00
74038;1270;60.0;49;4.71;7010.0;-5.47;-3.91;42.75;98.8;44.5;0.00;100.00
74049;1270;59.0;49;4.31;7000.0;-5.47;-3.91;41.57;98.8;44.5;0.00;100.00
74058;1269;58.0;49;4.31;6980.0;-5.47;-3.91;40.78;98.8;45.0;16.08;83.92
74075;1269;58.0;49;4.31;6970.0;-5.47;-4.69;40.00;98.8;45.5;16.08;83.92
74087;1269;57.0;49;4.31;6950.0;-5.47;-4.69;38.82;98.8;46.0;16.08;83.92
74098;1270;56.0;49;4.31;6930.0;-5.47;-5.47;38.04;98.8;46.5;16.08;83.92
74107;1270;55.0;49;4.31;6920.0;-6.25;-5.47;36.86;98.8;47.0;16.08;83.92
74119;1270;54.0;49;4.31;6900.0;-6.25;-5.47;36.08;98.8;48.0;16.08;83.92
74129;1271;53.0;49;4.31;6900.0;-6.25;-6.25;35.29;98.8;48.5;16.08;83.92
74138;1271;52.0;49;4.31;6900.0;-6.25;-6.25;34.12;98.8;49.0;16.08;83.92
74149;1272;52.0;49;4.31;6900.0;-7.03;-6.25;33.33;98.8;49.5;16.08;83.92
74158;1272;51.0;49;4.31;6900.0;-7.03;-7.03;32.94;98.8;50.0;16.08;83.92
74169;1272;50.0;49;4.31;6900.0;-7.03;-7.03;32.16;98.8;50.5;16.08;83.92
74177;1273;49.0;49;4.31;6900.0;-7.03;-7.03;31.76;98.8;51.0;0.00;100.00
74192;1273;48.0;49;4.31;6900.0;-7.81;-7.81;30.98;98.8;52.0;0.00;100.00
74207;1273;47.0;49;4.31;6900.0;-7.81;-7.81;30.59;98.8;52.5;0.00;100.00
74219;1273;46.0;49;4.31;6900.0;-7.81;-8.59;29.80;98.8;53.0;0.00;100.00
74229;1273;45.0;49;4.31;6900.0;-7.81;-8.59;29.41;98.8;54.0;0.00;100.00
74239;1273;45.0;49;4.31;6900.0;-8.59;-8.59;28.63;98.8;54.5;0.00;100.00
74247;1273;44.0;49;4.31;6900.0;-8.59;-9.38;28.24;98.8;55.5;0.00;100.00
74258;1273;43.0;49;3.92;6910.0;-8.59;-9.38;27.45;98.8;56.0;0.00;100.00
74271;1273;42.0;49;3.92;6910.0;-8.59;-9.38;27.06;98.8;56.5;0.00;100.00
74291;1273;41.0;49;3.92;6910.0;-9.38;-9.38;26.67;98.8;57.5;0.00;100.00
74308;1272;40.0;49;3.92;6920.0;-9.38;-9.38;26.67;98.8;58.0;0.00;100.00
74319;1272;40.0;49;3.92;6920.0;-9.38;-9.38;26.27;98.8;58.5;0.00;100.00
74335;1272;39.0;49;3.92;6930.0;-9.38;-9.38;25.88;98.8;59.0;0.00;100.00
74349;1272;38.0;49;3.53;6930.0;-9.38;-10.16;25.49;98.8;60.0;0.00;100.00
74358;1272;38.0;49;3.53;6930.0;-9.38;-10.16;25.49;98.8;60.5;0.00;100.00
74369;1271;37.0;49;3.53;6940.0;-10.16;-10.16;25.10;98.8;61.0;0.00;100.00
74378;1271;37.0;49;3.53;6940.0;-10.16;-10.16;24.71;98.8;61.5;0.00;100.00
74389;1271;37.0;49;3.53;6940.0;-10.16;-10.16;24.31;98.8;62.0;0.00;100.00
74400;1271;36.0;49;3.53;6940.0;-10.16;-10.16;24.31;98.8;62.5;0.00;100.00
74418;1270;36.0;49;3.53;6940.0;-10.16;-10.16;23.92;98.8;63.5;0.00;100.00
74429;1270;35.0;49;3.53;6940.0;-10.16;-10.16;24.31;98.8;64.0;0.00;100.00
74438;1270;35.0;49;3.53;6940.0;-10.16;-10.16;24.31;98.8;64.5;0.00;100.00
74449;1269;35.0;49;3.53;6940.0;-10.16;-10.16;24.71;98.8;65.0;0.00;100.00
74463;1269;34.0;49;3.53;6940.0;-10.16;-10.16;25.10;98.8;65.5;0.00;100.00
74478;1269;34.0;49;3.53;6940.0;-10.16;-10.16;25.10;98.8;66.0;0.00;100.00
74488;1268;34.0;49;3.53;6940.0;-10.16;-10.16;25.49;98.8;66.5;0.00;100.00
74498;1268;34.0;49;3.53;6940.0;-10.16;-10.16;25.49;98.8;67.0;0.00;100.00
74507;1267;33.0;49;3.53;6940.0;-10.16;-10.16;25.88;98.8;67.0;0.00;100.00
74517;1267;33.0;49;3.53;6940.0;-10.16;-10.16;26.27;98.8;67.5;0.00;100.00
74526;1266;33.0;49;3.53;6940.0;-10.16;-10.16;26.27;98.8;68.0;0.00;100.00
74537;1266;33.0;49;3.53;6940.0;-10.16;-10.16;26.67;98.8;68.5;0.00;100.00
74549;1265;33.0;49;3.53;6940.0;-10.16;-10.16;26.27;98.8;69.0;0.00;100.00
74568;1265;33.0;49;3.53;6940.0;-10.16;-10.16;25.88;98.8;69.5;0.00;100.00
74579;1264;32.0;49;3.53;6940.0;-10.16;-10.16;25.49;98.8;70.0;0.00;100.00
74595;1264;32.0;49;3.53;6940.0;-10.94;-10.16;25.10;98.8;71.0;0.00;100.00
74607;1263;32.0;49;3.53;6940.0;-10.94;-10.16;24.71;98.8;71.5;0.00;100.00
74618;1261;32.0;49;3.53;6940.0;-10.94;-10.16;24.71;98.8;72.5;0.00;100.00
74629;1260;31.0;49;3.53;6940.0;-10.94;-10.16;24.31;98.8;73.0;0.00;100.00
74637;1259;31.0;49;3.53;6940.0;-10.94;-10.16;23.92;98.8;74.0;0.00;100.00
74647;1258;30.0;49;3.53;6940.0;-10.94;-10.16;23.53;98.8;74.5;0.00;100.00
74659;1256;30.0;49;3.53;6940.0;-10.94;-10.16;23.14;98.8;75.5;0.00;100.00
74668;1255;29.0;49;3.53;6940.0;-10.94;-10.16;22.75;98.8;76.0;0.00;100.00
74678;1254;29.0;49;3.53;6940.0;-10.16;-10.16;22.35;98.8;77.0;0.00;100.00
74690;1252;28.0;49;3.53;6940.0;-10.16;-10.16;22.35;98.8;77.5;0.00;100.00
74710;1251;28.0;49;3.53;6940.0;-10.16;-10.16;21.96;98.8;78.0;0.00;100.00
74736;1250;27.0;49;3.53;6940.0;-10.16;-10.16;21.96;98.8;79.0;0.00;100.00
74749;1251;27.0;49;3.53;6940.0;-10.16;-10.16;21.57;98.8;79.5;0.00;100.00
74769;1253;28.0;49;3.53;6940.0;-10.16;-10.16;21.57;98.8;80.0;0.00;100.00
74789;1254;28.0;49;3.53;6940.0;-9.38;-10.16;21.18;98.8;80.5;0.00;100.00
74797;1255;29.0;49;3.92;6940.0;-9.38;-10.16;21.18;98.8;81.5;0.00;100.00
74808;1256;29.0;49;4.31;6940.0;-9.38;-10.16;20.78;98.8;82.0;0.00;100.00
74818;1258;30.0;49;4.31;6940.0;-9.38;-10.16;20.78;98.8;82.5;0.00;100.00
74829;1259;30.0;49;4.71;6940.0;-8.59;-10.16;20.39;98.8;83.0;0.00;100.00
74849;1260;31.0;49;5.10;6940.0;-8.59;-9.38;21.57;98.8;84.0;0.00;100.00
74869;1262;31.0;49;5.49;6940.0;-8.59;-9.38;22.35;98.8;84.5;0.00;100.00
74878;1263;32.0;49;5.88;6940.0;-8.59;-8.59;23.53;98.8;83.0;0.00;100.00
74892;1264;32.0;49;6.27;6940.0;-7.81;-8.59;24.71;98.8;82.0;0.00;100.00
74908;1266;33.0;49;6.27;6940.0;-7.81;-7.81;25.49;98.8;80.5;0.00;100.00
74917;1267;35.0;49;6.67;6940.0;-7.81;-7.81;26.67;98.8;79.5;0.00;100.00
74929;1268;38.0;49;7.06;6940.0;-7.81;-7.03;27.45;98.8;78.0;0.00;100.00
74939;1270;40.0;49;7.06;6940.0;-7.03;-7.03;28.63;98.8;77.0;0.00;100.00
74948;1271;42.0;49;7.45;6940.0;-7.03;-6.25;29.80;98.8;75.5;0.00;100.00
74957;1272;44.0;49;7.45;6940.0;-7.03;-6.25;30.59;98.8;74.5;0.00;100.00
74969;1273;47.0;49;7.84;6940.0;-6.25;-6.25;31.76;98.8;73.0;0.00;100.00
74978;1275;49.0;49;7.84;6940.0;-6.25;-6.25;32.94;98.8;72.0;0.00;100.00
74987;1276;51.0;49;8.24;6940.0;-6.25;-6.25;34.12;98.9;70.5;0.00;100.00
74999;1277;53.0;49;8.24;6940.0;-6.25;-6.25;35.29;98.9;70.0;0.00;100.00
75015;1279;56.0;49;8.63;6940.0;-5.47;-6.25;36.47;98.9;69.0;0.00;100.00
75026;1277;58.0;49;8.63;6940.0;-5.47;-5.47;37.65;98.9;68.5;0.00;100.00
75039;1275;59.0;49;9.02;6940.0;-5.47;-5.47;39.22;98.9;68.0;0.00;100.00
75050;1273;60.0;49;9.02;6940.0;-5.47;-5.47;40.39;99.0;67.0;0.00;100.00
75068;1271;62.0;49;9.02;6940.0;-4.69;-5.47;41.57;99.0;66.5;0.00;100.00
75079;1269;63.0;49;9.02;6940.0;-4.69;-5.47;42.75;99.0;65.5;0.00;100.00
75088;1267;64.0;49;9.41;6940.0;-4.69;-5.47;43.92;99.0;65.0;0.00;100.00
75097;1265;65.0;49;9.41;6940.0;-4.69;-5.47;45.10;99.0;64.5;0.00;100.00
75110;1263;66.0;49;9.41;6940.0;-4.69;-5.47;45.88;99.0;63.5;0.00;100.00
75128;1261;67.0;49;9.41;6940.0;-4.69;-4.69;46.67;99.1;63.0;0.00;100.00
75138;1260;69.0;49;9.41;6940.0;-4.69;-4.69;47.45;99.1;62.5;0.00;100.00
75155;1258;70.0;49;9.41;6940.0;-3.91;-4.69;48.24;99.1;62.0;0.00;100.00
75169;1269;71.0;49;9.80;6940.0;-3.91;-4.69;49.02;99.2;61.0;0.00;100.00
75176;1280;72.0;49;9.80;6940.0;-3.91;-4.69;49.80;99.2;60.5;0.00;100.00
75190;1292;73.0;49;9.80;6940.0;-3.91;-4.69;50.59;99.3;60.0;0.00;100.00
75207;1303;74.0;49;9.80;6940.0;-3.91;-3.91;51.37;99.3;59.5;0.00;100.00
75217;1315;75.0;49;10.20;6940.0;-3.91;-3.91;52.16;99.3;59.0;0.00;100.00
75229;1326;76.0;49;10.20;6940.0;-3.13;-3.91;52.94;99.4;58.5;0.00;100.00
75237;1337;76.0;49;10.20;6940.0;-3.13;-3.13;53.73;99.4;57.5;0.00;100.00
75247;1349;77.0;49;10.59;6940.0;-2.34;-3.13;53.73;99.4;57.0;0.00;100.00
75257;1360;78.0;49;10.59;6940.0;-1.56;-2.34;53.73;99.4;56.5;0.00;100.00
75269;1371;79.0;49;10.98;6940.0;-0.78;-2.34;54.12;99.4;56.0;0.00;100.00
75283;1383;80.0;49;10.98;6940.0;-0.78;-1.56;54.12;99.5;55.5;0.00;100.00
75297;1386;81.0;49;10.98;6940.0;0.00;-1.56;54.12;99.5;55.0;0.00;100.00
75306;1390;81.0;49;11.37;6940.0;0.78;-0.78;54.12;99.5;54.5;0.00;100.00
75316;1393;80.0;49;11.37;6940.0;1.56;-0.78;54.12;99.5;54.0;0.00;100.00
75327;1397;80.0;49;11.37;6940.0;1.56;0.00;54.12;99.5;54.0;0.00;100.00
75336;1400;80.0;49;10.98;6940.0;2.34;0.00;54.51;99.5;53.5;0.00;100.00
75348;1403;80.0;49;10.98;6940.0;2.34;0.78;54.51;99.5;53.0;0.00;100.00
75359;1407;79.0;49;10.98;6940.0;2.34;0.78;54.51;99.5;52.5;0.00;100.00
75368;1410;79.0;49;10.98;6940.0;3.13;1.56;54.51;99.5;52.0;0.00;100.00
75377;1414;79.0;49;10.59;6940.0;3.13;1.56;54.51;99.5;51.5;0.00;100.00
75387;1417;79.0;49;10.59;6940.0;3.13;1.56;54.90;99.5;51.0;0.00;100.00
75404;1421;78.0;49;10.59;6940.0;3.13;1.56;54.90;99.5;50.5;0.00;100.00
75417;1410;78.0;49;10.59;6940.0;3.13;2.34;54.90;99.4;50.0;0.00;100.00
75426;1400;78.0;49;10.20;6940.0;3.13;2.34;54.90;99.4;49.5;0.00;100.00
75437;1389;78.0;49;10.20;6940.0;3.91;2.34;54.90;99.4;49.0;0.00;100.00
75448;1379;79.0;49;10.20;6940.0;3.91;2.34;54.90;99.4;49.0;0.00;100.00
75459;1368;79.0;49;10.20;6940.0;3.91;3.13;55.29;99.4;48.5;0.00;100.00
75470;1358;79.0;49;10.20;6940.0;3.13;3.13;55.29;99.4;48.0;0.00;100.00
75488;1347;79.0;49;10.20;6940.0;3.13;3.13;55.29;99.4;47.5;0.00;100.00
75496;1337;79.0;49;10.20;6940.0;2.34;3.13;55.29;99.3;47.0;0.00;100.00
75508;1327;79.0;49;9.80;6940.0;2.34;2.34;55.29;99.3;46.5;0.00;100.00
75519;1316;80.0;49;9.80;6940.0;1.56;2.34;55.29;99.3;46.0;0.00;100.00
75535;1306;80.0;49;9.80;6940.0;1.56;2.34;55.29;99.3;46.0;0.00;100.00
75547;1310;80.0;49;9.80;6940.0;0.78;2.34;55.29;99.3;45.5;0.00;100.00
75557;1314;80.0;49;9.80;6940.0;0.78;2.34;54.90;99.3;45.5;0.00;100.00
75569;1318;80.0;49;9.80;6940.0;0.00;2.34;54.90;99.3;45.0;0.00;100.00
75576;1322;80.0;49;9.80;6940.0;0.00;1.56;54.90;99.3;45.0;0.00;100.00
75587;1327;80.0;49;9.80;6940.0;-0.78;1.56;54.90;99.3;44.5;0.00;100.00
75596;1331;80.0;49;9.41;6940.0;-0.78;1.56;54.90;99.3;44.5;0.00;100.00
75606;1335;80.0;49;9.41;6940.0;-1.56;1.56;54.90;99.3;44.0;0.00;100.00
75618;1339;80.0;49;9.41;6940.0;-1.56;0.78;54.90;99.3;44.0;0.00;100.00
75628;1343;80.0;49;9.41;6940.0;-2.34;0.78;54.90;99.3;43.5;0.00;100.00
75638;1348;80.0;49;9.41;6940.0;-2.34;0.78;54.90;99.3;43.5;0.00;100.00
75656;1352;80.0;49;9.41;6940.0;-3.13;0.00;54.90;99.2;43.0;0.00;100.00
75670;1349;80.0;49;9.02;6940.0;-3.13;0.00;54.90;99.2;43.0;0.00;100.00
75688;1345;79.0;49;9.02;6940.0;-3.91;-0.78;54.51;99.2;43.0;0.00;100.00
75697;1342;79.0;49;9.02;6940.0;-3.91;-0.78;54.51;99.1;42.5;0.00;100.00
75707;1339;78.0;49;9.02;6940.0;-4.69;-0.78;54.51;99.1;42.5;0.00;100.00
75717;1336;77.0;49;8.63;6940.0;-4.69;-1.56;54.51;99.1;42.0;0.00;100.00
75726;1332;77.0;49;8.63;6950.0;-4.69;-1.56;54.51;99.0;42.0;0.00;100.00
75737;1329;76.0;49;8.63;6950.0;-4.69;-1.56;54.51;99.0;42.0;0.00;100.00
75747;1326;76.0;49;8.63;6950.0;-4.69;-1.56;53.73;99.0;41.5;0.00;100.00
75758;1323;75.0;49;8.24;6950.0;-4.69;-1.56;52.94;99.0;41.5;0.00;100.00
75769;1319;74.0;49;8.24;6960.0;-4.69;-1.56;52.55;99.0;41.5;0.00;100.00
75783;1316;74.0;49;8.24;6960.0;-3.91;-1.56;51.76;98.9;41.5;0.00;100.00
75798;1312;73.0;49;8.24;6960.0;-3.91;-1.56;50.98;98.9;41.5;0.00;100.00
75806;1308;73.0;49;7.84;6960.0;-3.91;-1.56;50.20;98.9;41.5;0.00;100.00
75817;1304;73.0;49;7.84;6970.0;-3.91;-1.56;49.41;98.9;41.5;0.00;100.00
75828;1300;73.0;49;7.84;6970.0;-3.91;-1.56;48.63;98.9;42.0;0.00;100.00
75837;1296;73.0;49;7.84;6970.0;-3.91;-1.56;48.24;98.9;42.0;0.00;100.00
75848;1292;73.0;49;7.84;6970.0;-3.91;-1.56;47.45;98.9;42.0;0.00;100.00
75856;1287;74.0;49;7.84;6970.0;-3.91;-1.56;46.67;98.9;42.0;0.00;100.00
75871;1283;74.0;49;7.84;6970.0;-3.91;-1.56;46.67;98.9;42.0;0.00;100.00
75888;1279;74.0;49;8.24;6970.0;-3.91;-2.34;47.06;98.9;42.0;0.00;100.00
75898;1275;74.0;49;8.24;6970.0;-3.91;-2.34;47.06;98.9;42.0;0.00;100.00
75915;1271;74.0;49;8.24;6970.0;-3.91;-2.34;47.45;98.9;42.0;0.00;100.00
75928;1274;74.0;49;8.24;6970.0;-3.91;-2.34;47.45;98.9;42.0;0.00;100.00
75937;1277;74.0;49;8.24;6970.0;-3.91;-2.34;47.84;98.9;42.0;0.00;100.00
75947;1279;74.0;49;8.24;6970.0;-3.91;-2.34;47.84;98.9;42.0;0.00;100.00
75958;1282;74.0;49;8.24;6970.0;-3.91;-3.13;48.24;98.9;42.5;0.00;100.00
75969;1285;74.0;49;8.24;6970.0;-3.91;-3.13;48.24;98.9;42.5;0.00;100.00
75976;1288;74.0;49;8.24;6960.0;-3.91;-3.13;48.63;98.9;42.5;0.00;100.00
75987;1291;74.0;49;8.24;6960.0;-3.91;-3.13;48.63;98.9;42.5;0.00;100.00
75999;1293;74.0;49;8.24;6960.0;-3.91;-3.13;48.63;98.9;42.5;0.00;100.00
76008;1296;74.0;49;7.84;6960.0;-3.91;-3.13;49.02;98.9;42.5;0.00;100.00
76017;1299;74.0;49;7.84;6950.0;-3.91;-3.13;49.02;98.9;42.5;0.00;100.00
76034;1302;74.0;49;7.84;6950.0;-3.13;-3.13;49.02;98.9;42.5;0.00;100.00
76048;1301;74.0;49;7.84;6950.0;-3.13;-3.13;49.02;98.9;42.5;0.00;100.00
76056;1301;74.0;49;7.84;6950.0;-3.13;-3.13;49.41;98.9;42.5;0.00;100.00
76069;1301;74.0;49;7.84;6940.0;-3.13;-3.13;49.41;98.9;42.5;0.00;100.00
76078;1300;74.0;49;7.84;6940.0;-3.13;-3.13;49.41;98.9;42.5;0.00;100.00
76086;1300;74.0;49;7.84;6940.0;-3.13;-3.13;49.41;98.9;42.5;0.00;100.00
76095;1300;74.0;49;7.84;6950.0;-3.13;-3.13;49.80;98.9;42.5;0.00;100.00
76108;1300;73.0;49;7.84;6950.0;-3.13;-3.13;49.80;98.9;42.5;0.00;100.00
76118;1299;73.0;49;7.84;6950.0;-3.13;-3.13;49.80;98.9;42.5;0.00;100.00
76127;1299;73.0;49;7.45;6950.0;-3.13;-3.13;49.80;98.9;42.5;0.00;100.00
76138;1299;73.0;49;7.45;6960.0;-3.13;-3.13;49.80;98.9;42.5;0.00;100.00
76155;1298;73.0;49;7.45;6960.0;-3.13;-3.13;49.80;98.9;42.5;0.00;100.00
76171;1295;73.0;49;7.45;6960.0;-3.13;-2.34;49.80;98.9;42.5;0.00;100.00
76188;1292;72.0;49;7.45;6960.0;-3.13;-2.34;50.20;98.9;42.5;0.00;100.00
76198;1289;72.0;49;7.45;6970.0;-3.13;-2.34;50.20;98.9;42.5;0.00;100.00
76207;1286;71.0;49;7.06;6970.0;-3.13;-2.34;50.20;98.9;42.5;0.00;100.00
76218;1283;70.0;49;7.06;6970.0;-3.13;-2.34;50.20;98.9;42.5;0.00;100.00
76228;1280;70.0;49;6.67;6970.0;-3.13;-2.34;50.20;98.9;42.5;0.00;100.00
76236;1277;69.0;49;6.67;6970.0;-3.13;-2.34;50.20;98.9;42.5;0.00;100.00
76246;1274;69.0;49;6.27;6970.0;-3.91;-2.34;49.41;98.9;42.5;0.00;100.00
76258;1271;68.0;49;6.27;6970.0;-3.91;-2.34;48.63;98.9;42.5;0.00;100.00
76270;1267;67.0;49;5.88;6970.0;-3.91;-2.34;48.24;98.9;42.5;0.00;100.00
76293;1264;67.0;49;5.88;6970.0;-3.91;-2.34;47.45;98.9;42.5;0.00;100.00
76309;1265;66.0;49;5.49;6970.0;-3.91;-2.34;46.67;98.9;42.5;0.00;100.00
76317;1265;66.0;49;5.49;6970.0;-3.91;-2.34;45.88;98.9;42.5;0.00;100.00
76327;1265;65.0;49;5.10;6970.0;-4.69;-2.34;45.10;98.9;42.5;0.00;100.00
76336;1265;65.0;49;5.10;6970.0;-4.69;-2.34;44.31;98.9;43.0;0.00;100.00
76346;1266;64.0;49;5.10;6970.0;-4.69;-2.34;43.92;98.9;43.0;0.00;100.00
76356;1266;64.0;49;5.10;6970.0;-4.69;-2.34;43.14;98.9;43.0;0.00;100.00
76368;1266;63.0;49;5.10;6970.0;-4.69;-2.34;42.35;98.9;43.0;0.00;100.00
76377;1266;63.0;49;5.10;6970.0;-4.69;-2.34;41.96;98.9;43.0;0.00;100.00
76388;1267;62.0;49;4.71;6970.0;-4.69;-2.34;41.57;98.9;43.0;0.00;100.00
76398;1267;62.0;49;4.71;6970.0;-4.69;-2.34;41.18;98.9;43.5;0.00;100.00
76416;1267;61.0;49;4.71;6970.0;-4.69;-2.34;40.78;98.9;44.0;0.00;100.00
76427;1267;61.0;49;4.71;6970.0;-4.69;-3.13;40.39;98.9;44.0;0.00;100.00
76438;1267;60.0;49;4.71;6970.0;-4.69;-3.13;40.00;98.9;44.5;0.00;100.00
76446;1267;59.0;49;4.71;6970.0;-4.69;-3.13;39.61;98.9;45.0;0.00;100.00
76458;1266;58.0;49;4.71;6970.0;-4.69;-3.13;39.22;98.9;45.5;0.00;100.00
76470;1266;57.0;49;4.71;6970.0;-4.69;-3.13;38.82;98.9;46.0;0.00;100.00
76487;1266;56.0;49;4.71;6970.0;-4.69;-3.13;38.43;98.9;46.5;0.00;100.00
76497;1266;55.0;49;4.71;6970.0;-4.69;-3.13;38.04;98.9;46.5;0.00;100.00
76506;1265;54.0;49;4.71;6970.0;-4.69;-3.91;37.65;98.9;47.0;0.00;100.00
76518;1265;53.0;49;4.31;6970.0;-4.69;-3.91;37.25;98.9;47.5;0.00;100.00
76527;1265;52.0;49;4.31;6970.0;-4.69;-3.91;36.86;98.9;48.0;0.00;100.00
76543;1265;51.0;49;4.31;6970.0;-5.47;-4.69;36.47;98.9;48.5;0.00;100.00
76559;1265;50.0;49;4.31;6970.0;-5.47;-4.69;36.08;98.9;49.5;0.00;100.00
76568;1265;49.0;49;4.31;6970.0;-5.47;-5.47;35.69;98.9;50.0;0.00;100.00
76576;1265;49.0;49;4.31;6970.0;-5.47;-5.47;35.29;98.9;50.5;0.00;100.00
76588;1265;48.0;49;4.31;6970.0;-5.47;-5.47;34.90;98.9;51.0;0.00;100.00
76597;1265;47.0;49;4.31;6970.0;-5.47;-6.25;34.51;98.9;51.5;0.00;100.00
76610;1265;47.0;49;3.92;6970.0;-5.47;-6.25;34.12;98.9;52.0;0.00;100.00
76627;1265;46.0;49;3.92;6970.0;-6.25;-6.25;33.73;98.9;53.0;0.00;100.00
76639;1265;46.0;49;3.92;6970.0;-6.25;-7.03;32.94;98.9;53.5;0.00;100.00
76646;1265;45.0;49;3.92;6970.0;-6.25;-7.03;31.76;98.9;54.0;0.00;100.00
76657;1266;44.0;49;3.92;6970.0;-6.25;-7.03;30.98;98.9;55.0;0.00;100.00
76676;1266;44.0;49;3.92;6970.0;-7.03;-7.81;30.20;98.9;55.5;0.00;100.00
76687;1266;43.0;49;3.53;6970.0;-7.03;-7.81;29.41;98.9;56.5;0.00;100.00
76698;1266;42.0;49;3.53;6970.0;-7.03;-8.59;28.24;98.9;57.0;0.00;100.00
76707;1266;42.0;49;3.53;6970.0;-7.03;-8.59;27.45;98.9;58.0;0.00;100.00
76718;1266;41.0;49;3.53;6970.0;-7.81;-8.59;26.67;98.9;58.5;0.00;100.00
76727;1266;40.0;49;3.53;6970.0;-7.81;-9.38;25.88;98.9;59.5;0.00;100.00
76736;1266;40.0;49;3.53;6970.0;-7.81;-9.38;24.71;98.9;60.0;0.00;100.00
76746;1266;39.0;49;3.53;6970.0;-7.81;-9.38;23.92;98.9;61.0;0.00;100.00
76758;1266;39.0;49;3.53;6970.0;-8.59;-10.16;24.31;98.9;61.5;0.00;100.00
76770;1266;38.0;49;3.53;6970.0;-8.59;-10.16;24.71;98.9;62.5;0.00;100.00
76778;1266;37.0;49;3.53;6970.0;-8.59;-10.16;25.10;98.9;63.0;0.00;100.00
76795;1266;37.0;49;3.53;6970.0;-8.59;-10.94;25.49;98.9;63.0;0.00;100.00
76809;1266;36.0;49;3.53;6970.0;-8.59;-10.94;25.88;98.9;63.5;0.00;100.00
76816;1265;36.0;49;3.53;6970.0;-8.59;-11.72;25.88;98.9;64.0;0.00;100.00
76827;1265;35.0;49;3.53;6970.0;-9.38;-11.72;26.27;98.9;64.0;0.00;100.00
76836;1264;35.0;49;3.53;6970.0;-9.38;-11.72;26.67;98.9;64.5;0.00;100.00
76848;1264;34.0;49;3.53;6970.0;-9.38;-12.50;27.06;98.9;64.5;0.00;100.00
76858;1264;34.0;49;3.53;6970.0;-9.38;-12.50;27.45;98.9;65.0;0.00;100.00
76869;1263;33.0;49;3.53;6970.0;-10.16;-12.50;27.84;98.9;65.5;0.00;100.00
76877;1263;33.0;49;3.53;6970.0;-10.16;-12.50;27.45;98.9;65.5;0.00;100.00
76886;1262;32.0;49;3.53;6970.0;-10.16;-13.28;27.45;98.9;66.0;0.00;100.00
76898;1262;32.0;49;3.53;6970.0;-10.94;-13.28;27.06;98.9;66.5;0.00;100.00
76916;1261;31.0;49;3.53;6970.0;-10.94;-13.28;26.67;98.9;67.0;0.00;100.00
76929;1260;31.0;49;3.53;6970.0;-11.72;-13.28;26.27;98.9;67.5;0.00;100.00
76939;1259;31.0;49;3.53;6970.0;-11.72;-13.28;26.27;98.9;68.0;0.00;100.00
76948;1258;31.0;49;3.53;6970.0;-11.72;-13.28;25.88;98.9;68.5;0.00;100.00
76956;1256;31.0;49;3.53;6970.0;-12.50;-14.06;25.49;98.9;69.0;0.00;100.00
76970;1255;31.0;49;3.53;6970.0;-12.50;-14.06;25.10;98.9;69.5;0.00;100.00
76988;1254;31.0;49;3.14;6970.0;-12.50;-14.06;25.10;98.9;70.0;0.00;100.00
76998;1253;30.0;49;3.14;6970.0;-12.50;-14.06;24.71;98.9;70.5;0.00;100.00
77007;1252;30.0;49;3.14;6970.0;-12.50;-14.06;24.71;98.9;71.0;0.00;100.00
77018;1250;30.0;49;3.14;6970.0;-12.50;-14.06;24.31;98.9;71.5;0.00;100.00
77027;1249;30.0;49;3.14;6970.0;-12.50;-14.06;24.31;98.9;72.5;0.00;100.00
77042;1248;30.0;49;3.14;6970.0;-12.50;-14.06;24.31;98.9;73.5;0.00;100.00
77058;1247;30.0;49;2.75;6970.0;-12.50;-13.28;23.92;98.9;74.5;0.00;100.00
77067;1247;30.0;49;2.75;6970.0;-12.50;-13.28;23.92;98.9;75.5;0.00;100.00
77077;1247;30.0;49;2.75;6970.0;-12.50;-13.28;23.53;98.9;76.5;0.00;100.00
77089;1246;29.0;49;2.75;6970.0;-12.50;-13.28;23.53;98.9;77.5;0.00;100.00
77097;1246;29.0;49;2.75;6970.0;-12.50;-13.28;23.53;98.9;78.5;0.00;100.00
77108;1245;29.0;49;2.75;6970.0;-11.72;-13.28;23.14;98.9;79.5;0.00;100.00
77120;1245;29.0;49;2.75;6970.0;-10.16;-11.72;23.14;98.9;80.5;0.00;100.00
77139;1245;29.0;49;2.75;6970.0;-9.38;-10.94;22.75;98.9;81.5;0.00;100.00
77148;1244;29.0;49;3.14;6970.0;-7.81;-9.38;22.35;98.9;82.5;0.00;100.00
77156;1244;28.0;49;3.14;6970.0;-7.03;-8.59;22.35;98.9;83.0;0.00;100.00
77174;1243;28.0;49;3.14;6970.0;-5.47;-7.03;21.96;98.9;83.0;0.00;100.00
77188;1245;28.0;49;3.14;6970.0;-4.69;-6.25;21.57;98.9;83.5;0.00;100.00
77198;1246;28.0;49;3.14;6970.0;-3.13;-4.69;21.18;98.9;83.5;0.00;100.00
77206;1247;28.0;49;3.14;6970.0;-2.34;-3.91;20.78;98.9;84.0;0.00;100.00
77220;1248;28.0;49;3.14;6970.0;-0.78;-2.34;20.39;98.9;84.0;0.00;100.00
77239;1250;28.0;49;3.14;6970.0;0.00;-1.56;20.39;98.9;84.5;0.00;100.00
77247;1251;28.0;49;3.14;6970.0;0.00;0.00;20.00;98.9;84.5;0.00;100.00
77259;1252;27.0;49;3.14;6970.0;0.00;0.00;19.61;98.9;85.0;0.00;100.00
77269;1254;27.0;49;3.14;6970.0;0.00;0.00;19.61;98.9;85.0;0.00;100.00
77278;1255;27.0;49;3.14;6970.0;0.00;0.00;19.61;98.9;85.5;0.00;100.00
77289;1256;27.0;49;3.14;6970.0;0.00;0.00;19.61;98.9;85.5;0.00;100.00
77304;1257;27.0;49;3.14;6970.0;0.00;0.00;19.61;98.9;85.5;0.00;100.00
77317;1256;27.0;49;3.14;6970.0;0.00;0.00;19.61;98.9;86.0;0.00;100.00
77327;1255;27.0;49;3.14;6970.0;0.00;0.00;19.22;98.9;86.0;0.00;100.00
77339;1254;27.0;49;3.14;6970.0;0.00;0.00;19.22;98.9;86.0;0.00;100.00
77348;1253;27.0;49;3.14;6970.0;0.00;0.00;19.22;98.9;86.0;0.00;100.00
77357;1251;27.0;49;3.14;6970.0;0.00;0.00;19.22;98.9;86.0;0.00;100.00
77369;1250;27.0;49;3.14;6970.0;0.00;0.00;19.22;98.9;86.0;0.00;100.00
77379;1249;27.0;49;3.14;6970.0;0.00;0.00;19.22;98.9;86.5;0.00;100.00
77389;1248;27.0;49;3.14;6970.0;0.00;0.00;19.22;98.9;86.5;0.00;100.00
77408;1247;27.0;49;3.53;6970.0;0.00;0.00;19.22;98.9;86.5;0.00;100.00
77419;1246;27.0;49;3.53;6970.0;0.00;0.00;19.22;98.9;86.5;0.00;100.00
77436;1244;27.0;49;3.53;6970.0;0.00;0.00;19.22;98.9;86.5;0.00;100.00
77445;1245;27.0;49;3.53;6970.0;0.00;0.00;19.22;98.9;86.5;0.00;100.00
77458;1246;27.0;49;3.53;6970.0;0.00;0.00;19.22;98.9;86.5;0.00;100.00
77467;1246;27.0;49;3.53;6970.0;0.00;0.00;19.22;98.9;86.5;0.00;100.00
77478;1247;27.0;49;3.53;6970.0;0.00;0.00;19.22;98.9;87.0;0.00;100.00
77488;1247;27.0;49;3.53;6970.0;0.00;0.00;19.22;98.9;87.0;0.00;100.00
77498;1248;27.0;49;3.53;6970.0;0.00;0.00;19.22;98.9;87.0;0.00;100.00
77509;1249;27.0;49;3.53;6970.0;0.00;0.00;19.22;98.9;87.0;0.00;100.00
77518;1249;27.0;49;3.53;6970.0;0.00;0.00;19.22;98.9;87.0;0.00;100.00
77527;1250;27.0;49;3.14;6970.0;0.00;0.00;19.22;98.9;87.0;0.00;100.00
77538;1251;27.0;49;3.14;6970.0;0.00;0.00;19.22;98.9;87.5;0.00;100.00
77554;1251;27.0;49;3.14;6970.0;0.00;0.00;19.22;98.9;87.5;0.00;100.00
77572;1251;27.0;49;3.14;6970.0;0.00;0.00;19.22;98.9;88.0;0.00;100.00
77587;1250;27.0;49;3.14;6970.0;0.00;0.00;18.82;98.9;88.0;0.00;100.00
77596;1249;27.0;49;3.14;6970.0;0.00;0.00;18.82;98.9;88.5;0.00;100.00
77608;1249;27.0;49;3.14;6970.0;0.00;0.00;18.82;98.9;88.5;0.00;100.00
77617;1248;27.0;49;3.14;6970.0;0.00;0.00;18.82;98.9;89.0;0.00;100.00
77628;1247;27.0;49;2.75;6970.0;0.00;0.00;18.82;98.9;89.0;0.00;100.00
77636;1247;26.0;49;2.75;6970.0;0.00;0.00;18.82;98.9;89.5;0.00;100.00
77650;1246;26.0;49;2.75;6970.0;0.00;0.00;18.82;98.9;89.5;0.00;100.00
77669;1246;26.0;49;2.75;6970.0;0.00;0.00;18.43;98.9;90.0;0.00;100.00
77678;1245;26.0;49;2.75;6970.0;0.00;0.00;18.43;98.9;90.5;0.00;100.00
77694;1244;26.0;49;2.75;6970.0;0.00;0.00;18.04;98.9;91.0;0.00;100.00
77708;1244;26.0;49;2.35;6970.0;0.00;0.00;18.04;98.9;91.5;0.00;100.00
77716;1244;26.0;49;2.35;6970.0;0.00;0.00;17.65;98.9;92.0;0.00;100.00
77728;1243;26.0;49;2.35;6970.0;0.00;0.00;17.65;98.9;92.5;0.00;100.00
77739;1243;25.0;49;2.35;6970.0;0.00;0.00;17.25;98.9;93.5;0.00;100.00
77749;1243;25.0;49;2.35;6970.0;0.00;0.00;17.25;98.9;94.0;0.00;100.00
77756;1243;25.0;49;2.35;6970.0;0.00;0.00;16.86;98.9;94.5;0.00;100.00
77768;1242;25.0;49;2.35;6970.0;0.00;0.00;16.86;98.9;95.0;0.00;100.00
77777;1242;25.0;49;2.35;6970.0;0.00;0.00;16.86;98.9;95.5;0.00;100.00
77789;1242;25.0;49;1.96;6970.0;0.00;0.00;16.47;98.9;96.0;0.00;100.00
77798;1241;24.0;49;1.96;6970.0;0.00;0.00;16.47;98.9;96.0;0.00;0.00
77814;1241;24.0;49;1.96;6970.0;0.00;0.00;16.08;98.9;96.0;0.00;0.00
77828;1241;24.0;49;1.96;6970.0;0.00;0.00;16.08;98.9;96.0;0.00;0.00
77837;1241;24.0;49;1.96;6970.0;0.00;0.00;15.69;98.9;96.0;0.00;0.00
77847;1240;24.0;49;1.96;6970.0;0.00;0.00;15.69;98.9;96.0;0.00;0.00
77858;1240;23.0;49;1.96;6970.0;0.00;0.00;15.29;98.9;96.5;0.00;0.00
77870;1240;23.0;49;1.96;6970.0;0.00;0.00;15.29;98.9;96.5;0.00;0.00
77877;1240;23.0;49;1.96;6970.0;0.00;0.00;14.90;98.9;96.5;0.00;0.00
77887;1239;23.0;49;1.96;6970.0;0.00;0.00;14.90;98.9;96.5;0.00;0.00
77897;1239;23.0;49;1.96;6970.0;0.00;0.00;14.90;98.9;96.5;0.00;0.00
77908;1239;23.0;49;2.35;6970.0;0.00;0.00;14.51;98.9;96.5;0.00;0.00
77919;1239;22.0;49;2.35;6970.0;0.00;0.00;14.51;98.9;96.5;0.00;0.00
77933;1238;22.0;49;2.35;6970.0;0.00;0.00;14.51;98.9;96.5;0.00;0.00
77947;1238;22.0;49;2.35;6970.0;0.00;0.00;14.51;98.9;96.5;0.00;0.00
77958;1238;22.0;49;2.35;6970.0;0.00;0.00;14.12;98.9;96.5;0.00;0.00
77973;1238;22.0;49;2.35;6970.0;0.00;0.00;14.12;98.9;96.5;0.00;0.00
77990;1238;22.0;49;2.35;6970.0;0.00;0.00;14.12;98.9;97.0;0.00;0.00
78007;1238;22.0;49;2.35;6970.0;0.00;0.00;14.12;98.9;97.0;0.00;0.00
78018;1238;22.0;49;2.35;6970.0;0.00;0.00;13.73;98.9;97.0;0.00;0.00
78028;1237;23.0;49;2.35;6970.0;0.00;0.00;13.73;98.9;97.0;0.00;0.00
78037;1237;23.0;49;2.35;6970.0;0.00;0.00;13.73;98.9;97.0;0.00;0.00
78048;1237;23.0;49;2.35;6970.0;0.00;0.00;13.73;98.9;97.0;0.00;0.00
78055;1237;23.0;49;2.35;6970.0;0.00;0.00;13.73;98.9;97.0;0.00;0.00
78078;1237;23.0;49;2.35;6970.0;0.00;0.00;13.73;98.9;97.0;0.00;0.00
78089;1236;23.0;49;2.35;6970.0;0.00;0.00;13.73;98.9;97.0;0.00;0.00
78109;1235;23.0;49;2.35;6970.0;0.00;0.00;13.33;98.9;97.0;0.00;0.00
78118;1235;23.0;49;2.35;6970.0;0.00;0.00;13.33;98.9;97.0;0.00;0.00
78130;1234;23.0;49;2.35;6970.0;0.00;0.00;13.33;98.9;97.0;0.00;0.00
78149;1233;23.0;49;2.35;6970.0;0.00;0.00;13.33;98.9;97.0;0.00;0.00
78157;1233;23.0;49;2.35;6970.0;0.00;0.00;13.33;98.9;97.0;0.00;0.00
78168;1232;22.0;49;2.35;6970.0;0.00;0.00;13.33;98.9;97.0;0.00;0.00
78178;1231;22.0;49;2.35;6970.0;0.00;0.00;13.33;98.9;97.0;0.00;0.00
78187;1230;22.0;49;2.35;6970.0;0.00;0.00;13.33;98.9;97.0;0.00;0.00
78198;1230;22.0;49;2.35;6970.0;0.00;0.00;13.33;98.9;97.0;0.00;0.00
78213;1229;22.0;49;2.35;6970.0;0.00;0.00;13.33;98.9;97.0;0.00;0.00
78225;1228;22.0;49;2.35;6970.0;0.00;0.00;13.33;98.9;97.0;0.00;0.00
78239;1227;22.0;49;2.35;6970.0;0.00;0.00;13.33;98.9;97.0;0.00;0.00
78250;1226;22.0;49;2.35;6970.0;0.00;0.00;13.33;98.9;97.0;0.00;0.00
78271;1225;22.0;49;2.35;6970.0;0.00;0.00;13.33;98.9;97.5;0.00;0.00
78289;1225;22.0;49;2.35;6970.0;0.00;0.00;13.33;98.9;97.5;0.00;0.00
78310;1224;22.0;49;2.35;6970.0;0.00;0.00;13.33;98.9;97.5;0.00;0.00
78327;1223;22.0;49;2.35;6970.0;0.00;0.00;13.33;98.9;97.5;0.00;0.00
78336;1222;22.0;49;2.35;6970.0;0.00;0.00;13.33;98.9;97.5;0.00;0.00
78350;1221;22.0;49;1.96;6970.0;0.00;0.00;13.33;98.9;97.5;0.00;0.00
78369;1220;22.0;49;1.96;6970.0;0.00;0.00;13.33;98.9;97.5;0.00;0.00
78382;1219;22.0;49;1.96;6970.0;0.00;0.00;13.33;98.9;97.5;0.00;0.00
78399;1219;22.0;49;1.96;6970.0;0.00;0.00;13.33;98.9;97.5;0.00;0.00
78405;1218;22.0;49;1.96;6970.0;0.00;0.00;13.33;98.9;97.5;0.00;0.00
78417;1218;22.0;49;1.96;6970.0;0.00;0.00;13.33;98.9;97.5;0.00;0.00
78428;1217;22.0;49;1.96;6970.0;0.00;0.00;13.33;98.9;97.5;0.00;0.00
78437;1217;22.0;49;1.96;6970.0;0.00;0.00;13.33;98.9;97.5;0.00;0.00
78447;1216;22.0;49;1.96;6970.0;0.00;0.00;13.33;98.9;97.5;0.00;0.00
78456;1215;21.0;49;1.96;6970.0;0.00;0.00;13.33;98.9;97.5;0.00;0.00
78469;1215;21.0;49;1.96;6970.0;0.00;0.00;13.33;98.9;97.5;0.00;0.00
78477;1214;21.0;49;1.96;6970.0;0.00;0.00;13.33;98.9;97.5;0.00;0.00
78486;1214;21.0;49;1.96;6970.0;0.00;0.00;13.33;98.9;97.5;0.00;0.00
78502;1213;21.0;49;1.96;6970.0;0.00;0.00;13.33;98.9;97.5;0.00;0.00
78516;1213;21.0;49;1.96;6970.0;0.00;0.00;13.33;98.9;97.5;0.00;0.00
78529;1212;21.0;49;1.96;6970.0;0.00;0.00;13.33;98.9;97.5;0.00;0.00
78546;1212;21.0;49;1.96;6970.0;0.00;0.00;13.33;98.9;97.5;0.00;0.00
78557;1211;21.0;49;1.96;6970.0;0.00;0.00;13.33;98.9;97.5;0.00;0.00
78569;1211;21.0;49;1.96;6970.0;0.00;0.00;13.33;98.9;97.5;0.00;0.00
78578;1211;21.0;49;1.96;6970.0;0.00;0.00;13.33;98.9;97.5;0.00;0.00
78586;1210;21.0;49;1.96;6970.0;0.00;0.00;13.33;98.9;97.5;0.00;0.00
78596;1210;21.0;49;1.96;6970.0;0.00;0.00;13.33;98.9;97.5;0.00;0.00
78605;1209;21.0;49;1.96;6970.0;0.00;0.00;13.33;98.9;97.5;0.00;0.00
78616;1209;21.0;49;1.96;6970.0;0.00;0.00;13.33;98.9;97.5;0.00;0.00
78634;1208;21.0;49;1.96;6970.0;0.00;0.00;13.33;98.9;97.5;0.00;0.00
78645;1207;21.0;49;1.96;6970.0;0.00;0.00;13.33;98.9;97.5;0.00;0.00
78655;1206;21.0;49;1.96;6970.0;0.00;0.00;13.33;98.9;97.5;0.00;0.00
78669;1205;21.0;49;1.96;6970.0;0.00;0.00;13.33;98.9;97.5;0.00;0.00
78676;1203;21.0;49;1.96;6970.0;0.00;0.00;13.33;98.9;97.5;0.00;0.00
78685;1202;21.0;49;1.96;6970.0;0.00;0.00;13.33;98.9;97.5;0.00;0.00
78698;1201;21.0;49;1.96;6970.0;0.00;0.00;13.33;98.9;97.5;0.00;0.00
78707;1200;21.0;49;1.96;6970.0;0.00;0.00;13.33;98.9;97.5;0.00;0.00
78717;1198;21.0;49;1.96;6970.0;0.00;0.00;13.33;98.9;97.5;0.00;0.00
78727;1197;21.0;49;1.96;6970.0;0.00;0.00;13.33;98.9;97.5;0.00;0.00
78736;1196;21.0;49;1.96;6970.0;0.00;0.00;13.33;98.9;97.5;0.00;0.00
78754;1195;21.0;49;1.96;6970.0;0.00;0.00;13.33;98.9;97.5;0.00;0.00
78769;1193;21.0;49;1.96;6970.0;0.00;0.00;13.33;98.9;97.5;0.00;0.00
78776;1191;21.0;49;1.96;6970.0;0.00;0.00;13.33;98.9;97.5;0.00;0.00
78787;1189;21.0;49;1.96;6970.0;0.00;0.00;13.33;98.9;97.5;0.00;0.00
78796;1187;21.0;49;1.96;6970.0;0.00;0.00;13.33;98.9;97.5;0.00;0.00
78807;1186;21.0;49;1.96;6970.0;0.00;0.00;13.33;98.9;97.5;0.00;0.00
78817;1184;21.0;49;1.96;6970.0;0.00;0.00;13.33;98.9;97.5;0.00;0.00
78826;1182;21.0;49;1.96;6970.0;0.00;0.00;13.33;98.9;97.5;0.00;0.00
78838;1180;21.0;49;1.96;6970.0;0.00;0.00;13.33;98.9;97.5;0.00;0.00
78847;1178;21.0;49;1.96;6970.0;0.00;0.00;13.33;98.9;97.5;0.00;0.00
78857;1176;21.0;49;1.96;6970.0;0.00;0.00;13.33;98.9;97.5;0.00;0.00
78873;1175;21.0;49;1.96;6970.0;0.00;0.00;13.33;98.9;97.5;0.00;0.00
78886;1174;21.0;49;1.96;6970.0;0.00;0.00;13.33;98.9;97.5;0.00;0.00
78897;1173;21.0;49;1.96;6970.0;0.00;0.00;13.33;98.9;97.5;0.00;0.00
78906;1172;21.0;49;1.96;6970.0;0.00;0.00;13.33;98.9;97.5;0.00;0.00
78917;1171;21.0;49;1.96;6970.0;0.00;0.00;13.33;98.9;97.5;0.00;0.00
78927;1170;21.0;49;1.96;6970.0;0.00;0.00;13.33;98.9;97.5;0.00;0.00
78940;1169;21.0;49;1.96;6970.0;0.00;0.00;13.33;98.9;97.5;0.00;0.00
78948;1168;21.0;49;1.96;6970.0;0.00;0.00;13.33;98.9;97.5;0.00;0.00
78956;1167;21.0;49;1.96;6970.0;0.00;0.00;13.33;98.9;97.5;0.00;0.00
78968;1166;21.0;49;1.96;6970.0;0.00;0.00;13.33;98.9;97.5;0.00;0.00
78977;1165;21.0;49;1.96;6970.0;0.00;0.00;13.33;98.9;97.5;0.00;0.00
78994;1164;21.0;49;1.96;6970.0;0.00;0.00;13.33;98.9;97.5;0.00;0.00
79007;1163;21.0;49;1.96;6970.0;0.00;0.00;13.33;98.9;97.5;0.00;0.00
79019;1162;21.0;49;1.96;6970.0;0.00;0.00;13.33;98.9;97.5;0.00;0.00
79027;1160;21.0;49;1.96;6970.0;0.00;0.00;13.33;98.9;97.5;0.00;0.00
79037;1159;21.0;49;1.96;6970.0;0.00;0.00;13.33;98.9;97.5;0.00;0.00
79047;1158;21.0;49;1.96;6970.0;0.00;0.00;13.33;98.9;97.5;0.00;0.00
79055;1156;21.0;49;1.96;6970.0;0.00;0.00;13.33;98.9;97.5;0.00;0.00
79069;1155;22.0;49;1.96;6970.0;0.00;0.00;13.33;98.9;97.5;0.00;0.00
79086;1154;22.0;49;1.96;6970.0;0.00;0.00;13.33;98.9;97.5;0.00;0.00
79097;1153;22.0;49;1.96;6970.0;0.00;0.00;13.33;98.9;97.5;0.00;0.00
79106;1151;22.0;49;1.96;6970.0;0.00;0.00;13.33;98.9;97.5;0.00;0.00
79122;1150;22.0;49;1.96;6970.0;0.00;0.00;13.33;98.9;97.5;0.00;0.00
79138;1148;22.0;49;1.96;6970.0;0.00;0.00;13.33;98.9;97.5;0.00;0.00
79147;1146;22.0;49;1.96;6970.0;0.00;0.00;13.33;98.9;97.5;0.00;0.00
79155;1144;22.0;49;1.96;6970.0;0.00;0.00;13.33;98.8;97.5;0.00;0.00
79167;1142;22.0;49;1.96;6970.0;0.00;0.00;13.33;98.8;97.5;0.00;0.00
79177;1140;22.0;49;1.96;6970.0;0.00;0.00;13.33;98.8;97.5;0.00;0.00
79185;1138;22.0;49;1.96;6970.0;0.00;0.00;13.33;98.8;97.5;0.00;0.00
79198;1136;22.0;49;1.96;6970.0;0.00;0.00;13.33;98.8;97.5;0.00;0.00
79207;1134;22.0;49;1.96;6970.0;0.00;0.00;13.33;98.8;97.5;0.00;0.00
79218;1132;22.0;49;1.57;6970.0;0.00;0.00;13.33;98.8;97.5;0.00;0.00
79227;1130;22.0;49;1.57;6970.0;0.00;0.00;13.33;98.8;97.5;0.00;0.00
79244;1128;22.0;49;1.57;6970.0;0.00;0.00;13.33;98.8;97.5;0.00;0.00
79257;1126;22.0;49;1.57;6970.0;0.00;0.00;13.33;98.8;97.5;0.00;0.00
79269;1124;22.0;49;1.57;6970.0;0.00;0.00;13.33;98.8;97.5;0.00;0.00
79276;1122;22.0;49;1.57;6970.0;0.00;0.00;13.33;98.8;97.5;0.00;0.00
79288;1120;22.0;49;1.57;6970.0;0.00;0.00;13.33;98.8;97.5;0.00;0.00
79298;1118;22.0;49;1.57;6970.0;0.00;0.00;13.33;98.8;97.5;0.00;0.00
79308;1117;22.0;49;1.57;6970.0;0.00;0.00;13.33;98.8;97.5;0.00;0.00
79317;1115;22.0;49;1.57;6970.0;0.00;0.00;13.33;98.8;97.5;0.00;0.00
79328;1113;22.0;50;1.57;6970.0;0.00;0.00;13.33;98.8;97.5;0.00;0.00
79345;1111;22.0;50;1.96;6970.0;0.00;0.00;13.33;98.8;97.5;0.00;0.00
79357;1109;22.0;50;1.96;6970.0;0.00;0.00;13.33;98.8;97.5;0.00;0.00
79371;1107;22.0;50;1.96;6970.0;0.00;0.00;13.33;98.8;97.5;0.00;0.00
79387;1105;22.0;50;1.96;6970.0;0.00;0.00;13.33;98.8;97.5;0.00;0.00
79397;1104;22.0;50;1.96;6970.0;0.00;0.00;13.33;98.8;97.5;0.00;0.00
79408;1102;22.0;50;1.96;6970.0;0.00;0.00;13.33;98.8;97.5;0.00;0.00
79417;1101;22.0;50;1.96;6970.0;0.00;0.00;13.33;98.8;97.5;0.00;0.00
79426;1099;22.0;50;1.96;6970.0;0.00;0.00;13.33;98.8;97.5;0.00;0.00
79437;1097;22.0;50;1.96;6970.0;0.00;0.00;13.33;98.8;97.5;0.00;0.00
79449;1096;21.0;50;1.96;6970.0;0.00;0.00;13.33;98.8;97.5;0.00;0.00
79457;1094;21.0;50;1.96;6970.0;0.00;0.00;13.33;98.8;97.5;0.00;0.00
79468;1093;21.0;50;1.57;6970.0;0.00;0.00;13.33;98.8;97.5;0.00;0.00
79476;1091;21.0;50;1.57;6970.0;0.00;0.00;13.33;98.8;97.5;0.00;0.00
79492;1089;21.0;50;1.57;6970.0;0.00;0.00;13.33;98.8;97.5;0.00;0.00
79507;1087;21.0;50;1.57;6970.0;0.00;0.00;13.33;98.8;97.5;0.00;0.00
79518;1085;21.0;50;1.57;6970.0;0.00;0.00;13.33;98.8;97.5;0.00;0.00
79527;1082;21.0;50;1.57;6970.0;0.00;0.00;13.33;98.8;97.5;0.00;0.00
79538;1080;21.0;50;1.57;6970.0;0.00;0.00;13.33;98.8;97.5;0.00;0.00
79547;1077;21.0;50;1.57;6970.0;0.00;0.00;13.33;98.8;97.5;0.00;0.00
79556;1075;21.0;50;1.57;6970.0;0.00;0.00;13.33;98.8;97.5;0.00;0.00
79570;1073;21.0;50;1.57;6970.0;0.00;0.00;13.33;98.8;97.5;0.00;0.00
79589;1070;21.0;50;1.57;6970.0;0.00;0.00;13.33;98.8;97.5;0.00;0.00
79597;1068;21.0;50;1.57;6970.0;0.00;0.00;13.33;98.8;97.5;0.00;0.00
79607;1066;21.0;50;1.57;6970.0;0.00;0.00;13.33;98.8;97.5;0.00;0.00
79623;1063;21.0;50;1.57;6970.0;0.00;0.00;13.33;98.8;97.5;0.00;0.00
79637;1059;21.0;50;1.57;6970.0;0.00;0.00;13.33;98.8;97.5;0.00;0.00
79648;1055;21.0;50;1.57;6970.0;0.00;0.00;13.73;98.8;97.5;0.00;0.00
79658;1051;21.0;50;1.57;6970.0;0.00;0.00;13.73;98.8;97.5;0.00;0.00
79670;1047;21.0;50;1.57;6970.0;0.00;0.00;13.73;98.8;97.5;0.00;0.00
79687;1043;21.0;50;1.57;6970.0;0.00;0.00;13.73;98.8;97.5;0.00;0.00
79696;1040;21.0;50;1.57;6970.0;0.00;0.00;13.73;98.8;97.5;0.00;0.00
79708;1036;21.0;50;1.57;6970.0;0.00;0.00;13.73;98.8;97.5;0.00;0.00
79715;1032;21.0;50;1.57;6970.0;0.00;0.00;13.73;98.8;97.5;0.00;0.00
79728;1028;21.0;50;1.57;6970.0;0.00;0.00;13.73;98.8;97.5;0.00;0.00
79736;1024;21.0;50;1.57;6970.0;0.00;0.00;13.73;98.8;97.5;0.00;0.00
79753;1020;21.0;50;1.57;6970.0;0.00;0.00;13.73;98.8;97.5;0.00;0.00
79768;1017;21.0;50;1.57;6970.0;0.00;0.00;13.73;98.8;97.5;0.00;0.00
79777;1015;21.0;50;1.57;6970.0;0.00;0.00;13.73;98.8;97.5;0.00;0.00
79786;1012;21.0;50;1.57;6970.0;0.00;0.00;13.73;98.8;97.5;0.00;0.00
79799;1009;21.0;50;1.57;6970.0;0.00;0.00;13.73;98.8;97.5;0.00;0.00
79807;1006;21.0;50;1.57;6970.0;0.00;0.00;13.73;98.8;97.5;0.00;0.00
79817;1004;21.0;50;1.57;6970.0;0.00;0.00;13.73;98.8;97.5;0.00;0.00
79827;1001;21.0;50;1.57;6970.0;0.00;0.00;13.73;98.8;97.5;0.00;0.00
79838;998;21.0;50;1.57;6970.0;0.00;0.00;13.73;98.8;97.5;0.00;0.00
79847;996;21.0;50;1.57;6970.0;0.00;0.00;13.73;98.8;97.5;0.00;0.00
79858;993;21.0;50;1.57;6970.0;0.00;0.00;13.73;98.8;97.5;0.00;0.00
79873;990;21.0;50;1.57;6970.0;0.00;0.00;13.73;98.8;97.5;0.00;0.00
79886;988;21.0;50;1.57;6970.0;0.00;0.00;13.73;98.8;97.5;0.00;0.00
79897;985;21.0;50;1.57;6970.0;0.00;0.00;13.73;98.8;97.5;0.00;0.00
79907;982;21.0;50;1.57;6970.0;0.00;0.00;13.73;98.8;97.5;0.00;0.00
79916;980;21.0;50;1.57;6970.0;0.00;0.00;13.73;98.8;97.5;0.00;0.00
79926;977;21.0;50;1.57;6970.0;0.00;0.00;13.73;98.8;97.5;0.00;0.00
79936;974;21.0;50;1.57;6970.0;0.00;0.00;13.73;98.8;97.5;0.00;0.00
79947;972;21.0;50;1.57;6970.0;0.00;0.00;13.73;98.8;97.5;0.00;0.00
79956;969;21.0;50;1.57;6970.0;0.00;0.00;13.73;98.8;97.5;0.00;0.00
79970;966;21.0;50;1.57;6970.0;0.00;0.00;13.73;98.8;97.5;0.00;0.00
79988;964;21.0;50;1.57;6970.0;0.00;0.00;13.73;98.8;97.5;0.00;0.00
80003;961;21.0;50;1.57;6970.0;0.00;0.00;13.73;98.8;97.5;0.00;0.00
80017;958;21.0;50;1.57;6970.0;0.00;0.00;13.73;98.8;97.5;0.00;0.00
80026;954;21.0;50;1.57;6970.0;0.00;0.00;14.12;98.8;97.5;0.00;0.00
80038;951;21.0;50;1.57;6970.0;0.00;0.00;14.12;98.8;97.5;0.00;0.00
80047;948;21.0;50;1.57;6970.0;0.00;0.00;14.12;98.8;98.0;0.00;0.00
80058;944;21.0;50;1.57;6970.0;0.00;0.00;14.12;98.8;98.0;0.00;0.00
80069;941;21.0;50;1.57;6970.0;0.00;0.00;14.12;98.8;98.0;0.00;0.00
80086;938;21.0;50;1.57;6970.0;0.00;0.00;14.12;98.8;98.0;0.00;0.00
80097;935;21.0;50;1.57;6970.0;0.00;0.00;14.12;98.8;98.0;0.00;0.00
80107;931;21.0;50;1.18;6970.0;0.00;0.00;14.12;98.8;98.0;0.00;0.00
80118;928;21.0;50;1.18;6970.0;0.00;0.00;14.12;98.8;98.0;0.00;0.00
80136;925;21.0;50;1.18;6970.0;0.00;0.00;14.12;98.8;98.0;0.00;0.00
80147;923;21.0;50;1.18;6970.0;0.00;0.00;14.12;98.8;98.0;0.00;0.00
80157;921;21.0;50;1.18;6970.0;0.00;0.00;14.12;98.8;98.0;0.00;0.00
80168;920;21.0;50;1.18;6970.0;0.00;0.00;14.12;98.8;98.0;0.00;0.00
80177;918;21.0;50;1.18;6970.0;0.00;0.00;14.12;98.8;97.5;0.00;0.00
80188;916;21.0;50;1.18;6970.0;0.00;0.00;14.12;98.8;97.5;0.00;0.00
80197;914;21.0;50;1.18;6980.0;0.00;0.00;14.12;98.8;97.5;0.00;0.00
80208;913;21.0;50;1.18;6980.0;0.00;0.00;14.12;98.8;97.5;0.00;0.00
80219;911;21.0;50;1.18;6980.0;0.00;0.00;14.12;98.8;97.5;0.00;0.00
80227;909;21.0;50;1.18;6990.0;0.00;0.00;14.12;98.8;97.5;0.00;0.00
80238;908;21.0;50;1.18;6990.0;0.00;0.00;14.12;98.8;97.5;0.00;0.00
80253;906;21.0;50;1.18;7000.0;0.00;0.00;14.12;98.8;97.5;0.00;0.00
80269;907;21.0;50;1.18;7000.0;0.00;0.00;14.12;98.8;97.5;0.00;0.00
80286;907;21.0;50;1.18;7000.0;0.00;0.00;14.12;98.8;97.5;0.00;0.00
80297;908;21.0;50;1.18;7010.0;0.00;0.00;14.12;98.8;97.5;0.00;0.00
80307;909;21.0;50;1.18;7010.0;0.00;0.00;14.12;98.8;97.5;0.00;0.00
80318;909;21.0;50;1.18;7010.0;0.00;0.00;14.12;98.8;97.5;0.00;0.00
80326;910;21.0;50;1.18;7000.0;0.00;0.00;14.12;98.8;97.5;0.00;0.00
80338;910;21.0;50;1.18;7000.0;0.00;0.00;14.12;98.8;97.5;0.00;0.00
80348;911;21.0;50;1.18;7000.0;0.00;0.00;14.12;98.8;97.5;0.00;0.00
80358;912;21.0;50;1.18;6990.0;0.00;0.00;14.12;98.8;97.5;0.00;0.00
80370;912;21.0;50;1.18;6990.0;0.00;0.00;14.12;98.8;97.5;0.00;0.00
80393;913;21.0;50;1.18;6980.0;0.00;0.00;14.12;98.8;97.5;0.00;0.00
80408;920;21.0;50;1.18;6980.0;0.00;0.00;14.12;98.8;97.5;0.00;0.00
80418;927;21.0;50;1.18;6980.0;0.00;0.00;14.12;98.8;97.5;0.00;0.00
80428;933;21.0;50;1.18;6970.0;0.00;0.00;14.12;98.8;97.5;0.00;0.00
80446;940;21.0;50;1.18;6970.0;0.00;0.00;14.12;98.8;97.5;0.00;0.00
80458;947;21.0;50;1.18;6970.0;0.00;0.00;14.12;98.8;97.5;0.00;0.00
80469;954;21.0;50;1.18;6970.0;0.00;0.00;14.12;98.8;97.5;0.00;0.00
80488;960;22.0;50;1.18;6970.0;0.00;0.00;14.12;98.8;97.5;0.00;0.00
80497;967;22.0;50;1.18;6970.0;0.00;0.00;14.12;98.8;97.5;0.00;0.00
80507;974;22.0;50;1.57;6970.0;0.00;0.00;14.12;98.8;97.5;0.00;0.00
80517;981;22.0;50;1.57;6970.0;0.00;0.00;14.12;98.8;97.5;0.00;0.00
80535;987;22.0;50;1.57;6970.0;0.00;0.00;14.12;98.8;97.5;0.00;0.00
80548;991;22.0;50;1.57;6970.0;0.00;0.00;14.12;98.8;97.5;0.00;0.00
80557;995;22.0;50;1.57;6970.0;0.00;0.00;14.12;98.8;97.5;0.00;0.00
80568;998;22.0;50;1.57;6970.0;0.00;0.00;14.12;98.8;97.5;0.00;0.00
80577;1002;22.0;50;1.57;6970.0;0.00;0.00;14.12;98.8;97.5;0.00;0.00
80588;1005;22.0;50;1.57;6970.0;0.00;0.00;14.12;98.8;97.5;0.00;0.00
80597;1009;22.0;50;1.57;6980.0;0.00;0.00;14.12;98.8;97.5;0.00;0.00
80608;1013;22.0;50;1.57;6980.0;0.00;0.00;14.12;98.8;97.5;0.00;0.00
80618;1016;22.0;50;1.57;6980.0;0.00;0.00;14.12;98.8;97.5;0.00;0.00
80628;1020;22.0;50;1.57;6990.0;0.00;0.00;14.12;98.8;97.5;0.00;0.00
80637;1023;22.0;50;1.57;6990.0;0.00;0.00;14.12;98.8;97.5;0.00;0.00
80652;1027;22.0;50;1.57;7000.0;0.00;0.00;14.12;98.8;97.5;0.00;0.00
80671;1024;22.0;50;1.57;7000.0;0.00;0.00;14.12;98.8;97.5;0.00;0.00
80687;1022;22.0;50;1.57;7000.0;0.00;0.00;13.73;98.8;97.5;0.00;0.00
80699;1020;22.0;50;1.57;7010.0;0.00;0.00;13.73;98.8;97.5;0.00;0.00
80708;1017;22.0;50;1.57;7010.0;0.00;0.00;13.73;98.8;97.5;0.00;0.00
80717;1015;22.0;50;1.57;7010.0;0.00;0.00;13.73;98.8;97.5;0.00;0.00
80727;1013;22.0;50;1.57;7010.0;0.00;0.00;13.73;98.8;97.5;0.00;0.00
80739;1010;22.0;50;1.57;7010.0;0.00;0.00;13.73;98.8;97.5;0.00;0.00
80749;1008;22.0;50;1.57;7010.0;0.00;0.00;13.73;98.8;97.5;0.00;0.00
80759;1005;22.0;50;1.57;7010.0;0.00;0.00;13.73;98.8;97.5;0.00;0.00
80769;1003;22.0;50;1.57;7010.0;0.00;0.00;13.73;98.8;97.5;0.00;0.00
80784;1001;22.0;50;1.57;7010.0;0.00;0.00;13.73;98.8;97.5;0.00;0.00
80799;997;22.0;50;1.57;7010.0;0.00;0.00;13.73;98.8;97.5;0.00;0.00
80808;994;22.0;50;1.57;7010.0;0.00;0.00;14.12;98.8;97.5;0.00;0.00
80818;990;22.0;50;1.57;7010.0;0.00;0.00;14.12;98.8;97.5;0.00;0.00
80827;987;22.0;50;1.57;7010.0;0.00;0.00;14.12;98.8;97.5;0.00;0.00
80836;983;22.0;50;1.57;7010.0;0.00;0.00;14.12;98.8;97.5;0.00;0.00
80848;980;22.0;50;1.57;7010.0;0.00;0.00;14.12;98.8;97.5;0.00;0.00
80857;976;22.0;50;1.57;7010.0;0.00;0.00;14.12;98.8;97.5;0.00;0.00
80871;973;22.0;50;1.57;7010.0;0.00;0.00;14.12;98.8;97.5;0.00;0.00
80889;969;22.0;50;1.57;7010.0;0.00;0.00;14.12;98.8;97.5;0.00;0.00
80898;966;22.0;50;1.57;7010.0;0.00;0.00;14.12;98.8;97.5;0.00;0.00
80913;962;22.0;50;1.57;7010.0;0.00;0.00;14.12;98.8;97.5;0.00;0.00
80928;961;22.0;50;1.57;7010.0;0.00;0.00;14.12;98.8;97.5;0.00;0.00
80937;959;22.0;50;1.57;7010.0;0.00;0.00;14.12;98.8;97.5;0.00;0.00
80948;957;22.0;50;1.57;7010.0;0.00;0.00;14.12;98.8;97.5;0.00;0.00
80958;955;22.0;50;1.57;7010.0;0.00;0.00;14.12;98.8;98.0;0.00;0.00
80969;953;22.0;50;1.57;7010.0;0.00;0.00;14.12;98.8;98.0;0.00;0.00
80977;951;22.0;50;1.57;7000.0;0.00;0.00;14.12;98.8;98.0;0.00;0.00
80986;950;23.0;50;1.57;7000.0;0.00;0.00;14.12;98.8;98.0;0.00;0.00
80998;948;23.0;50;1.57;7000.0;0.00;0.00;14.12;98.8;98.0;0.00;0.00
81007;946;23.0;50;1.57;6990.0;0.00;0.00;14.12;98.8;98.0;0.00;0.00
81019;944;23.0;50;1.57;6990.0;0.00;0.00;14.12;98.8;98.0;0.00;0.00
81037;942;23.0;50;1.57;6980.0;0.00;0.00;14.12;98.8;98.0;0.00;0.00
81048;944;23.0;50;1.57;6980.0;0.00;0.00;14.12;98.8;98.0;0.00;0.00
81059;946;23.0;50;1.57;6980.0;0.00;0.00;14.12;98.8;98.0;0.00;0.00
81070;948;23.0;50;1.57;6970.0;0.00;0.00;14.12;98.8;98.0;0.00;0.00
81088;950;23.0;50;1.57;6970.0;0.00;0.00;14.12;98.8;98.0;0.00;0.00
81096;952;23.0;50;1.57;6970.0;0.00;0.00;14.12;98.8;98.0;0.00;0.00
81106;953;23.0;50;1.57;6980.0;0.00;0.00;14.12;98.8;98.0;0.00;0.00
81118;955;23.0;50;1.57;6980.0;0.00;0.00;14.12;98.8;98.0;0.00;0.00
81128;957;23.0;50;1.57;6980.0;0.00;0.00;14.12;98.8;98.0;0.00;0.00
81139;959;23.0;50;1.57;6990.0;0.00;0.00;14.12;98.8;98.0;0.00;0.00
81148;961;23.0;50;1.57;6990.0;0.00;0.00;14.12;98.8;98.0;0.00;0.00
81164;963;23.0;50;1.57;7000.0;0.00;0.00;14.12;98.8;98.0;0.00;0.00
81178;966;23.0;50;1.57;7000.0;0.00;0.00;14.12;98.8;98.0;0.00;0.00
81187;969;23.0;50;1.57;7000.0;0.00;0.00;14.12;98.8;98.0;0.00;0.00
81199;972;23.0;50;1.57;7010.0;0.00;0.00;14.12;98.8;98.0;0.00;0.00
81218;975;23.0;50;1.57;7010.0;0.00;0.00;14.12;98.8;98.0;0.00;0.00
81228;978;23.0;50;1.57;7010.0;0.00;0.00;14.12;98.8;98.0;0.00;0.00
81237;981;23.0;50;1.57;7010.0;0.00;0.00;14.12;98.8;98.0;0.00;0.00
81247;984;22.0;50;1.57;7010.0;0.00;0.00;14.12;98.8;98.0;0.00;0.00
81259;987;22.0;50;1.57;7010.0;0.00;0.00;14.12;98.8;98.0;0.00;0.00
81270;990;22.0;50;1.57;7010.0;0.00;0.00;14.12;98.8;98.0;0.00;0.00
81288;993;22.0;50;1.57;7010.0;0.00;0.00;14.12;98.8;98.0;0.00;0.00
81304;996;22.0;50;1.57;7010.0;0.00;0.00;14.12;98.8;98.0;0.00;0.00
81317;995;22.0;50;1.57;7010.0;0.00;0.00;14.12;98.8;98.0;0.00;0.00
81327;994;22.0;50;1.57;7010.0;0.00;0.00;14.12;98.8;98.0;0.00;0.00
81337;993;22.0;50;1.57;7010.0;0.00;0.00;14.12;98.8;98.0;0.00;0.00
81348;992;22.0;50;1.57;7010.0;0.00;0.00;14.12;98.8;98.0;0.00;0.00
81359;991;22.0;50;1.57;7010.0;0.00;0.00;14.12;98.8;98.0;0.00;0.00
81369;990;22.0;50;1.57;7010.0;0.00;0.00;14.12;98.8;98.0;0.00;0.00
81378;989;23.0;50;1.57;7010.0;0.00;0.00;14.12;98.8;98.0;0.00;0.00
81387;988;23.0;50;1.57;7010.0;0.00;0.00;14.12;98.8;98.0;0.00;0.00
81399;987;23.0;50;1.57;7010.0;0.00;0.00;14.12;98.8;98.0;0.00;0.00
81408;986;23.0;50;1.57;7010.0;0.00;0.00;14.12;98.8;98.0;0.00;0.00
81425;985;23.0;50;1.57;7010.0;0.00;0.00;14.12;98.8;98.0;0.00;0.00
81438;982;23.0;50;1.57;7010.0;0.00;0.00;14.12;98.8;98.0;0.00;0.00
81449;979;23.0;50;1.57;7010.0;0.00;0.00;14.12;98.8;98.0;0.00;0.00
81470;976;23.0;50;1.57;7010.0;0.00;0.00;14.12;98.8;98.0;0.00;0.00
81487;974;23.0;50;1.57;7010.0;0.00;0.00;14.12;98.8;98.0;0.00;0.00
81498;971;23.0;50;1.57;7010.0;0.00;0.00;14.12;98.8;98.0;0.00;0.00
81507;968;23.0;50;1.57;7010.0;0.00;0.00;14.12;98.8;98.0;0.00;0.00
81518;966;23.0;50;1.57;7010.0;0.00;0.00;14.12;98.8;98.0;0.00;0.00
81528;963;23.0;50;1.57;7010.0;0.00;0.00;14.12;98.8;98.0;0.00;0.00
81548;960;23.0;50;1.57;7010.0;0.00;0.00;14.12;98.8;98.0;0.00;0.00
81558;957;23.0;50;1.57;7010.0;0.00;0.00;14.12;98.8;98.0;0.00;0.00
81575;955;23.0;50;1.57;7010.0;0.00;0.00;14.12;98.8;98.0;0.00;0.00
81588;959;23.0;50;1.57;7010.0;0.00;0.00;14.12;98.8;98.0;0.00;0.00
81599;963;23.0;50;1.57;7010.0;0.00;0.00;14.12;98.8;98.0;0.00;0.00
81609;967;23.0;50;1.57;7010.0;0.00;0.00;14.12;98.8;98.0;0.00;0.00
81618;971;23.0;50;1.57;7010.0;0.00;0.00;14.12;98.8;98.0;0.00;0.00
81629;975;23.0;50;1.57;7010.0;0.00;0.00;14.12;98.8;98.0;0.00;0.00
81637;979;23.0;50;1.57;7010.0;0.00;0.00;14.12;98.8;98.0;0.00;0.00
81647;983;23.0;50;1.57;7010.0;0.00;0.00;14.12;98.8;98.0;0.00;0.00
81658;987;23.0;50;1.57;7010.0;0.00;0.00;14.12;98.8;98.0;0.00;0.00
81669;991;23.0;50;1.57;7010.0;0.00;0.00;14.12;98.8;98.0;0.00;0.00
81678;995;23.0;50;1.57;7010.0;0.00;0.00;14.12;98.8;98.0;0.00;0.00
81693;999;23.0;50;1.57;7010.0;0.00;0.00;14.12;98.8;98.0;0.00;0.00
81708;1010;23.0;50;1.57;7010.0;0.00;0.00;14.12;98.8;98.0;0.00;0.00
81717;1021;23.0;50;1.57;7010.0;0.00;0.00;13.73;98.8;98.0;0.00;0.00
81729;1032;23.0;50;1.57;7010.0;0.00;0.00;13.73;98.8;98.0;0.00;0.00
81738;1043;23.0;50;1.57;7010.0;0.00;0.00;13.73;98.8;98.0;0.00;0.00
81748;1054;23.0;50;1.57;7010.0;0.00;0.00;13.73;98.8;98.0;0.00;0.00
81757;1065;23.0;50;1.57;7010.0;0.00;0.00;13.73;98.8;98.0;0.00;0.00
81770;1076;22.0;50;1.57;7010.0;0.00;0.00;13.73;98.8;98.0;0.00;0.00
81787;1087;22.0;50;1.57;7010.0;0.00;0.00;13.73;98.8;98.0;0.00;0.00
81801;1098;22.0;50;1.96;7010.0;0.00;0.00;13.73;98.8;98.0;0.00;0.00
81818;1109;22.0;50;1.96;7010.0;0.00;0.00;13.73;98.8;98.0;0.00;0.00
81834;1120;22.0;50;1.96;7010.0;0.00;0.00;13.73;98.8;98.0;0.00;0.00
81846;1124;22.0;50;1.96;7010.0;0.00;0.00;13.73;98.8;98.0;0.00;0.00
81856;1128;22.0;50;1.96;7010.0;0.00;0.00;13.33;98.8;98.0;0.00;0.00
81868;1133;22.0;50;1.96;7010.0;0.00;0.00;13.33;98.8;98.0;0.00;0.00
81878;1137;22.0;50;1.96;7010.0;0.00;0.00;13.33;98.8;98.0;0.00;0.00
81887;1142;22.0;50;1.96;7010.0;0.00;0.00;13.33;98.8;98.0;0.00;0.00
81898;1146;22.0;50;1.96;7010.0;0.00;0.00;13.33;98.8;98.0;0.00;0.00
81908;1150;23.0;50;1.96;7010.0;0.00;0.00;13.33;98.8;98.0;0.00;0.00
81918;1155;23.0;50;1.96;7010.0;0.00;0.00;13.33;98.8;98.0;0.00;0.00
81927;1159;23.0;50;2.35;7010.0;0.00;0.00;13.33;98.8;98.0;0.00;0.00
81938;1164;23.0;50;2.35;7010.0;0.00;0.00;13.33;98.8;98.0;0.00;0.00
81953;1168;23.0;50;2.35;7010.0;0.00;0.00;13.33;98.8;98.0;0.00;0.00
81970;1165;23.0;50;2.35;7010.0;0.00;0.00;13.33;98.8;98.0;0.00;0.00
81985;1162;23.0;50;2.35;7010.0;0.00;0.00;13.33;98.8;98.0;0.00;0.00
81999;1159;23.0;50;2.35;7010.0;0.00;0.00;13.33;98.8;98.0;0.00;0.00
82008;1156;23.0;50;2.35;7010.0;0.00;0.00;13.33;98.8;98.0;0.00;0.00
82019;1153;23.0;50;2.35;7010.0;0.00;0.00;13.33;98.8;98.0;0.00;0.00
82028;1150;23.0;50;2.35;7010.0;0.00;0.00;13.33;98.8;98.0;0.00;0.00
82037;1147;22.0;50;2.35;7010.0;0.00;0.00;13.33;98.8;98.0;0.00;0.00
82047;1144;22.0;50;2.35;7010.0;0.00;0.00;13.33;98.8;98.0;0.00;0.00
82060;1141;22.0;50;1.96;7010.0;0.00;0.00;13.33;98.8;98.0;0.00;0.00
82079;1138;22.0;50;1.96;7010.0;0.00;0.00;13.33;98.8;98.0;0.00;0.00
82095;1135;22.0;50;1.96;7010.0;0.00;0.00;13.33;98.8;98.0;0.00;0.00
82106;1133;22.0;50;1.96;7010.0;0.00;0.00;13.33;98.8;98.0;0.00;0.00
82115;1132;22.0;50;1.96;7010.0;0.00;0.00;13.73;98.8;98.0;0.00;0.00
82125;1130;22.0;50;1.96;7010.0;0.00;0.00;13.73;98.8;98.0;0.00;0.00
82139;1129;22.0;50;1.96;7010.0;0.00;0.00;13.73;98.8;98.0;0.00;0.00
82149;1127;22.0;50;1.96;7010.0;0.00;0.00;13.73;98.8;98.0;0.00;0.00
82159;1126;22.0;50;1.96;7010.0;0.00;0.00;13.73;98.8;98.0;0.00;0.00
82169;1124;22.0;50;1.96;7010.0;0.00;0.00;13.73;98.8;98.0;0.00;0.00
82178;1123;22.0;50;1.96;7010.0;0.00;0.00;13.73;98.8;98.0;0.00;0.00
82187;1121;22.0;50;1.96;7010.0;0.00;0.00;13.73;98.8;98.0;0.00;0.00
82196;1120;22.0;50;1.96;7010.0;0.00;0.00;13.73;98.8;98.0;0.00;0.00
82212;1118;22.0;50;1.96;7010.0;0.00;0.00;13.73;98.8;98.0;0.00;0.00
82228;1118;22.0;50;1.96;7010.0;0.00;0.00;13.73;98.8;98.0;0.00;0.00
82238;1117;22.0;50;1.96;7010.0;0.00;0.00;13.73;98.8;98.0;0.00;0.00
82247;1117;22.0;50;1.96;7010.0;0.00;0.00;13.73;98.8;98.0;0.00;0.00
82259;1117;22.0;50;1.96;7010.0;0.00;0.00;13.73;98.8;98.0;0.00;0.00
82270;1116;22.0;50;1.96;7010.0;0.00;0.00;13.73;98.8;98.0;0.00;0.00
82287;1116;22.0;50;1.96;7010.0;0.00;0.00;13.73;98.8;98.0;0.00;0.00
82297;1116;22.0;50;1.96;7010.0;0.00;0.00;13.73;98.8;98.0;0.00;0.00
82309;1115;22.0;51;1.96;7010.0;0.00;0.00;13.73;98.8;98.0;0.00;0.00
82317;1115;22.0;51;1.96;7010.0;0.00;0.00;13.73;98.8;98.0;0.00;0.00
82328;1115;22.0;51;1.96;7010.0;0.00;0.00;13.73;98.8;98.0;0.00;0.00
82345;1114;22.0;51;1.96;7010.0;0.00;0.00;13.73;98.8;98.0;0.00;0.00
82355;1113;22.0;51;1.96;7010.0;0.00;0.00;13.73;98.8;98.0;0.00;0.00
82367;1112;22.0;51;1.96;7010.0;0.00;0.00;13.73;98.8;98.0;0.00;0.00
82376;1110;22.0;51;1.96;7010.0;0.00;0.00;13.73;98.8;98.0;0.00;0.00
82387;1109;22.0;51;1.96;7010.0;0.00;0.00;13.73;98.8;98.0;0.00;0.00
82397;1108;22.0;51;1.96;7010.0;0.00;0.00;13.73;98.8;98.0;0.00;0.00
82405;1106;22.0;51;1.96;7010.0;0.00;0.00;13.73;98.8;98.0;0.00;0.00
82417;1105;22.0;51;1.96;7010.0;0.00;0.00;13.73;98.8;98.0;0.00;0.00
82429;1104;22.0;51;1.96;7010.0;0.00;0.00;13.73;98.8;98.0;0.00;0.00
82437;1103;22.0;51;1.57;7010.0;0.00;0.00;13.73;98.8;98.0;0.00;0.00
82447;1101;22.0;51;1.57;7010.0;0.00;0.00;13.73;98.8;98.0;0.00;0.00
82462;1100;22.0;51;1.57;7010.0;0.00;0.00;13.73;98.8;98.0;0.00;0.00
82477;1096;22.0;51;1.57;7010.0;0.00;0.00;13.73;98.8;98.0;0.00;0.00
82489;1092;22.0;51;1.57;7010.0;0.00;0.00;13.73;98.8;98.0;0.00;0.00
82498;1088;22.0;51;1.57;7010.0;0.00;0.00;13.73;98.8;98.0;0.00;0.00
82509;1084;22.0;51;1.57;7010.0;0.00;0.00;13.73;98.8;98.0;0.00;0.00
82517;1080;22.0;51;1.57;7010.0;0.00;0.00;13.73;98.8;98.0;0.00;0.00
82528;1077;22.0;51;1.57;7010.0;0.00;0.00;13.73;98.8;98.0;0.00;0.00
82537;1073;22.0;51;1.57;7010.0;0.00;0.00;13.73;98.8;98.0;0.00;0.00
82550;1069;22.0;51;1.57;7010.0;0.00;0.00;13.73;98.8;98.0;0.00;0.00
82569;1065;22.0;51;1.57;7010.0;0.00;0.00;13.73;98.8;98.0;0.00;0.00
82579;1061;22.0;51;1.57;7010.0;0.00;0.00;13.73;98.8;98.0;0.00;0.00
82595;1057;22.0;51;1.57;7010.0;0.00;0.00;13.73;98.8;98.0;0.00;0.00
82605;1053;22.0;51;1.57;7010.0;0.00;0.00;13.73;98.8;98.0;0.00;0.00
82617;1049;22.0;51;1.57;7010.0;0.00;0.00;13.73;98.8;98.0;0.00;0.00
82627;1044;22.0;51;1.57;7010.0;0.00;0.00;13.73;98.8;98.0;0.00;0.00
82640;1040;22.0;51;1.57;7010.0;0.00;0.00;13.73;98.8;98.0;0.00;0.00
82659;1036;22.0;51;1.57;7010.0;0.00;0.00;13.73;98.8;98.0;0.00;0.00
82668;1032;22.0;51;1.57;7010.0;0.00;0.00;13.73;98.8;98.0;0.00;0.00
82679;1027;21.0;51;1.57;7010.0;0.00;0.00;13.73;98.8;98.0;0.00;0.00
82688;1023;21.0;51;1.57;7010.0;0.00;0.00;13.73;98.8;98.0;0.00;0.00
82700;1019;21.0;51;1.57;7010.0;0.00;0.00;13.73;98.8;98.0;0.00;0.00
82719;1015;21.0;51;1.57;7010.0;0.00;0.00;13.73;98.8;98.0;0.00;0.00
82734;1010;21.0;51;1.57;7010.0;0.00;0.00;13.73;98.8;98.0;0.00;0.00
82748;1006;21.0;51;1.57;7010.0;0.00;0.00;13.73;98.8;98.0;0.00;0.00
82760;1002;21.0;51;1.57;7010.0;0.00;0.00;13.73;98.8;98.0;0.00;0.00
82778;998;21.0;51;1.57;7010.0;0.00;0.00;13.73;98.8;98.0;0.00;0.00
82789;994;21.0;51;1.57;7010.0;0.00;0.00;13.73;98.8;98.0;0.00;0.00
82807;990;21.0;51;1.57;7010.0;0.00;0.00;13.73;98.8;98.0;0.00;0.00
82817;986;21.0;51;1.57;7010.0;0.00;0.00;13.73;98.8;98.0;0.00;0.00
82829;982;22.0;51;1.57;7010.0;0.00;0.00;13.73;98.8;98.0;0.00;0.00
82848;978;22.0;51;1.57;7010.0;0.00;0.00;13.73;98.8;98.0;0.00;0.00
82857;974;22.0;51;1.57;7010.0;0.00;0.00;13.73;98.8;98.0;0.00;0.00
82868;970;22.0;51;1.57;7010.0;0.00;0.00;13.73;98.8;98.0;0.00;0.00
82882;966;22.0;51;1.57;7010.0;0.00;0.00;13.73;98.8;98.0;0.00;0.00
82900;963;22.0;51;1.57;7010.0;0.00;0.00;13.73;98.8;98.0;0.00;0.00
82917;960;22.0;51;1.57;7010.0;0.00;0.00;14.12;98.8;98.0;0.00;0.00
82928;957;22.0;51;1.57;7010.0;0.00;0.00;14.12;98.8;98.0;0.00;0.00
82937;954;22.0;51;1.57;7010.0;0.00;0.00;14.12;98.8;98.0;0.00;0.00
82947;952;22.0;51;1.57;7010.0;0.00;0.00;14.12;98.8;98.0;0.00;0.00
82959;949;22.0;51;1.57;7010.0;0.00;0.00;14.12;98.8;98.0;0.00;0.00
82967;946;21.0;51;1.57;7010.0;0.00;0.00;14.12;98.8;98.0;0.00;0.00
82975;943;21.0;51;1.57;7010.0;0.00;0.00;14.12;98.8;98.0;0.00;0.00
82987;940;21.0;51;1.18;7010.0;0.00;0.00;14.12;98.8;98.0;0.00;0.00
82996;938;21.0;51;1.18;7010.0;0.00;0.00;14.12;98.8;98.0;0.00;0.00
83013;935;21.0;51;1.18;7010.0;0.00;0.00;14.12;98.8;98.0;0.00;0.00
83025;934;21.0;51;1.18;7010.0;0.00;0.00;14.12;98.8;98.0;0.00;0.00
83036;933;21.0;51;1.18;7010.0;0.00;0.00;14.12;98.8;98.0;0.00;0.00
83047;932;21.0;51;1.18;7010.0;0.00;0.00;14.12;98.8;98.0;0.00;0.00
83057;931;21.0;51;1.18;7010.0;0.00;0.00;14.12;98.8;98.0;0.00;0.00
83068;930;21.0;51;1.18;7010.0;0.00;0.00;14.12;98.8;98.0;0.00;0.00
83087;930;21.0;51;1.18;7010.0;0.00;0.00;14.12;98.8;98.0;0.00;0.00
83095;929;21.0;51;1.18;7010.0;0.00;0.00;14.12;98.8;98.0;0.00;0.00
83107;928;21.0;51;1.18;7010.0;0.00;0.00;14.12;98.8;98.0;0.00;0.00
83117;927;21.0;51;1.18;7010.0;0.00;0.00;14.12;98.8;98.0;0.00;0.00
83126;926;21.0;51;1.18;7010.0;0.00;0.00;14.12;98.8;98.0;0.00;0.00
83143;925;21.0;51;1.18;7010.0;0.00;0.00;14.12;98.8;98.0;0.00;0.00
83157;928;21.0;51;1.18;7010.0;0.00;0.00;14.12;98.8;98.0;0.00;0.00
83168;931;21.0;51;1.18;7010.0;0.00;0.00;14.12;98.8;98.0;0.00;0.00
83177;933;21.0;51;1.18;7010.0;0.00;0.00;14.12;98.8;98.0;0.00;0.00
83185;936;21.0;51;1.18;7010.0;0.00;0.00;14.12;98.8;98.0;0.00;0.00
83197;939;21.0;51;1.18;7010.0;0.00;0.00;14.12;98.8;98.0;0.00;0.00
83207;941;21.0;51;1.18;7010.0;0.00;0.00;14.12;98.8;98.0;0.00;0.00
83216;944;21.0;51;1.18;7010.0;0.00;0.00;14.12;98.8;98.0;0.00;0.00
83227;947;21.0;51;1.18;7010.0;0.00;0.00;14.12;98.8;98.0;0.00;0.00
83237;949;21.0;51;1.57;7010.0;0.00;0.00;14.12;98.8;98.0;0.00;0.00
83246;952;21.0;51;1.57;7010.0;0.00;0.00;14.12;98.8;98.0;0.00;0.00
83263;955;21.0;51;1.57;7010.0;0.00;0.00;14.12;98.8;98.0;0.00;0.00
83278;961;21.0;51;1.57;7010.0;0.00;0.00;14.12;98.8;98.0;0.00;0.00
83286;967;21.0;51;1.57;7010.0;0.00;0.00;14.12;98.8;98.0;0.00;0.00
83296;973;21.0;51;1.57;7010.0;0.00;0.00;14.12;98.8;98.0;0.00;0.00
83308;980;21.0;51;1.57;7010.0;0.00;0.00;14.12;98.8;98.0;0.00;0.00
83316;986;21.0;51;1.57;7010.0;0.00;0.00;14.12;98.8;98.0;0.00;0.00
83328;992;21.0;51;1.57;7010.0;0.00;0.00;14.12;98.8;98.0;0.00;0.00
83337;998;21.0;51;1.57;7010.0;0.00;0.00;14.12;98.8;98.0;0.00;0.00
83345;1004;21.0;51;1.57;7010.0;0.00;0.00;14.12;98.8;98.0;0.00;0.00
83356;1011;21.0;51;1.57;7010.0;0.00;0.00;14.12;98.8;98.0;0.00;0.00
83369;1017;21.0;51;1.57;7010.0;0.00;0.00;14.12;98.8;98.0;0.00;0.00
83386;1023;21.0;51;1.57;7010.0;0.00;0.00;14.12;98.8;98.0;0.00;0.00
83398;1022;21.0;51;1.57;7010.0;0.00;0.00;14.12;98.8;98.0;0.00;0.00
83406;1022;21.0;51;1.57;7010.0;0.00;0.00;13.73;98.8;98.0;0.00;0.00
83416;1022;21.0;51;1.57;7010.0;0.00;0.00;13.73;98.8;98.0;0.00;0.00
83428;1021;21.0;51;1.57;7010.0;0.00;0.00;13.73;98.8;98.0;0.00;0.00
83437;1021;21.0;51;1.57;7010.0;0.00;0.00;13.73;98.8;98.0;0.00;0.00
83446;1020;21.0;51;1.57;7010.0;0.00;0.00;13.73;98.8;98.0;0.00;0.00
83456;1020;22.0;51;1.57;7010.0;0.00;0.00;13.73;98.8;98.0;0.00;0.00
83468;1019;22.0;51;1.57;7010.0;0.00;0.00;13.73;98.8;98.0;0.00;0.00
83477;1019;22.0;51;1.57;7010.0;0.00;0.00;13.73;98.8;98.0;0.00;0.00
83487;1019;22.0;51;1.57;7010.0;0.00;0.00;13.73;98.8;98.0;0.00;0.00
83502;1018;22.0;51;1.57;7010.0;0.00;0.00;13.73;98.8;98.0;0.00;0.00
83517;1014;22.0;51;1.57;7010.0;0.00;0.00;13.73;98.8;98.0;0.00;0.00
83528;1009;22.0;51;1.57;7010.0;0.00;0.00;13.73;98.8;98.0;0.00;0.00
83537;1004;22.0;51;1.57;7010.0;0.00;0.00;13.73;98.8;98.0;0.00;0.00
83547;1000;22.0;51;1.57;7010.0;0.00;0.00;13.73;98.8;98.0;0.00;0.00
83558;995;22.0;51;1.57;7010.0;0.00;0.00;13.73;98.8;98.0;0.00;0.00
83569;991;22.0;51;1.57;7010.0;0.00;0.00;13.73;98.8;98.0;0.00;0.00
83587;986;22.0;51;1.57;7010.0;0.00;0.00;13.73;98.8;98.0;0.00;0.00
83597;982;22.0;51;1.57;7010.0;0.00;0.00;13.73;98.8;98.0;0.00;0.00
83606;977;22.0;51;1.57;7010.0;0.00;0.00;13.73;98.8;98.0;0.00;0.00
83618;973;22.0;51;1.57;7010.0;0.00;0.00;13.73;98.8;98.0;0.00;0.00
83633;968;22.0;51;1.57;7010.0;0.00;0.00;13.73;98.8;98.0;0.00;0.00
83647;965;22.0;51;1.57;7010.0;0.00;0.00;13.73;98.8;98.0;0.00;0.00
83659;962;22.0;51;1.57;7010.0;0.00;0.00;14.12;98.8;98.0;0.00;0.00
83668;959;22.0;51;1.57;7010.0;0.00;0.00;14.12;98.8;98.0;0.00;0.00
83677;956;22.0;51;1.57;7010.0;0.00;0.00;14.12;98.8;98.0;0.00;0.00
83687;952;22.0;51;1.57;7010.0;0.00;0.00;14.12;98.8;98.0;0.00;0.00
83696;949;22.0;51;1.57;7010.0;0.00;0.00;14.12;98.8;98.0;0.00;0.00
83707;946;23.0;51;1.57;7010.0;0.00;0.00;14.12;98.8;98.0;0.00;0.00
83716;943;23.0;51;1.57;7010.0;0.00;0.00;14.12;98.8;98.0;0.00;0.00
83728;940;23.0;51;1.57;7010.0;0.00;0.00;14.12;98.8;98.0;0.00;0.00
83737;937;23.0;51;1.57;7010.0;0.00;0.00;14.12;98.8;98.0;0.00;0.00
83753;934;23.0;51;1.57;7010.0;0.00;0.00;14.12;98.8;98.0;0.00;0.00
83768;932;23.0;51;1.57;7010.0;0.00;0.00;14.12;98.8;98.0;0.00;0.00
83778;929;23.0;51;1.57;7010.0;0.00;0.00;14.12;98.8;98.0;0.00;0.00
83787;927;23.0;51;1.57;7010.0;0.00;0.00;14.12;98.8;98.0;0.00;0.00
83798;925;23.0;51;1.57;7010.0;0.00;0.00;14.12;98.8;98.0;0.00;0.00
83807;923;23.0;51;1.57;7010.0;0.00;0.00;14.12;98.8;98.0;0.00;0.00
83819;921;23.0;51;1.57;7010.0;0.00;0.00;14.12;98.8;98.0;0.00;0.00
83826;919;22.0;51;1.57;7010.0;0.00;0.00;14.12;98.8;98.0;0.00;0.00
83837;917;22.0;51;1.57;7010.0;0.00;0.00;14.12;98.8;98.0;0.00;0.00
83846;915;22.0;51;1.57;7010.0;0.00;0.00;14.12;98.8;98.0;0.00;0.00
83856;913;22.0;51;1.57;7010.0;0.00;0.00;14.12;98.8;98.0;0.00;0.00
83872;911;22.0;51;1.57;7010.0;0.00;0.00;14.12;98.8;98.0;0.00;0.00
83886;912;22.0;51;1.57;7010.0;0.00;0.00;14.12;98.8;98.0;0.00;0.00
83898;913;22.0;51;1.57;7010.0;0.00;0.00;14.51;98.8;98.0;0.00;0.00
83906;914;22.0;51;1.57;7010.0;0.00;0.00;14.51;98.8;98.0;0.00;0.00
83916;915;22.0;51;1.57;7010.0;0.00;0.00;14.51;98.8;98.0;0.00;0.00
83928;916;22.0;51;1.57;7010.0;0.00;0.00;14.51;98.8;98.0;0.00;0.00
83937;917;22.0;51;1.57;7010.0;0.00;0.00;14.51;98.8;98.0;0.00;0.00
83948;918;23.0;51;1.57;7010.0;0.00;0.00;14.51;98.8;98.0;0.00;0.00
83956;919;23.0;51;1.57;7010.0;0.00;0.00;14.51;98.8;98.0;0.00;0.00
83968;920;23.0;51;1.57;7010.0;0.00;0.00;14.51;98.8;98.0;0.00;0.00
83975;921;23.0;51;1.57;7010.0;0.00;0.00;14.51;98.8;98.0;0.00;0.00
83994;922;23.0;51;1.57;7010.0;0.00;0.00;14.51;98.8;98.0;0.00;0.00
84007;924;23.0;51;1.57;7010.0;0.00;0.00;14.51;98.8;98.0;0.00;0.00
84017;926;23.0;51;1.57;7010.0;0.00;0.00;14.51;98.8;98.0;0.00;0.00
84027;928;23.0;51;1.57;7010.0;0.00;0.00;14.51;98.8;98.0;0.00;0.00
84037;930;23.0;51;1.57;7010.0;0.00;0.00;14.51;98.8;98.0;0.00;0.00
84048;932;23.0;51;1.57;7010.0;0.00;0.00;14.51;98.8;98.0;0.00;0.00
84058;934;23.0;51;1.57;7010.0;0.00;0.00;14.51;98.8;98.0;0.00;0.00
84069;936;22.0;51;1.57;7010.0;0.00;0.00;14.51;98.8;98.0;0.00;0.00
84087;938;22.0;51;1.57;7010.0;0.00;0.00;14.51;98.8;98.0;0.00;0.00
84101;940;22.0;51;1.57;7010.0;0.00;0.00;14.51;98.8;98.0;0.00;0.00
84116;942;22.0;51;1.57;7010.0;0.00;0.00;14.51;98.8;98.0;0.00;0.00
84136;944;22.0;51;1.57;7010.0;0.00;0.00;14.51;98.8;98.0;0.00;0.00
84147;941;22.0;51;1.57;7010.0;0.00;0.00;14.51;98.8;98.0;0.00;0.00
84156;938;22.0;51;1.57;7010.0;0.00;0.00;14.12;98.8;98.0;0.00;0.00
84170;936;22.0;51;1.57;7010.0;0.00;0.00;14.12;98.8;98.0;0.00;0.00
84187;933;22.0;51;1.57;7010.0;0.00;0.00;14.12;98.8;98.0;0.00;0.00
84198;930;22.0;51;1.57;7010.0;0.00;0.00;14.12;98.8;98.0;0.00;0.00
84208;928;22.0;51;1.57;7010.0;0.00;0.00;14.12;98.8;98.0;0.00;0.00
84217;925;23.0;51;1.57;7010.0;0.00;0.00;14.12;98.8;98.0;0.00;0.00
84227;922;23.0;51;1.57;7010.0;0.00;0.00;14.12;98.8;98.0;0.00;0.00
84238;920;23.0;51;1.57;7010.0;0.00;0.00;14.12;98.8;98.0;0.00;0.00
84249;917;23.0;51;1.57;7010.0;0.00;0.00;14.12;98.8;98.0;0.00;0.00
84272;914;23.0;51;1.57;7010.0;0.00;0.00;14.12;98.8;98.0;0.00;0.00
84287;912;23.0;51;1.57;7010.0;0.00;0.00;14.12;98.8;98.0;0.00;0.00
84298;911;23.0;51;1.57;7010.0;0.00;0.00;14.51;98.8;98.0;0.00;0.00
84308;909;23.0;51;1.57;7010.0;0.00;0.00;14.51;98.8;98.0;0.00;0.00
84318;907;23.0;51;1.57;7010.0;0.00;0.00;14.51;98.8;98.0;0.00;0.00
84327;905;23.0;51;1.57;7010.0;0.00;0.00;14.51;98.8;98.0;0.00;0.00
84338;903;23.0;51;1.96;7010.0;0.00;0.00;14.51;98.8;98.0;0.00;0.00
84347;901;23.0;51;1.96;7010.0;0.00;0.00;14.51;98.8;98.0;0.00;0.00
84359;899;23.0;51;1.96;7010.0;0.00;0.00;14.51;98.8;98.0;0.00;0.00
84366;897;23.0;51;1.96;7010.0;0.00;0.00;14.90;98.8;98.0;0.00;0.00
84379;895;23.0;51;1.96;7010.0;0.00;0.00;14.90;98.8;98.0;0.00;0.00
84403;893;23.0;51;1.96;7010.0;0.00;0.00;14.90;98.8;98.0;0.00;0.00
84417;896;23.0;51;2.35;7010.0;0.00;0.00;15.29;98.8;98.0;0.00;0.00
84428;899;23.0;51;2.35;7010.0;0.00;0.00;15.29;98.8;98.0;0.00;0.00
84437;901;24.0;51;2.35;7010.0;0.00;0.00;15.69;98.8;98.0;0.00;0.00
84449;904;24.0;51;2.35;7010.0;0.00;0.00;15.69;98.8;98.0;0.00;0.00
84458;906;24.0;51;2.35;7010.0;0.00;0.00;15.69;98.8;98.0;0.00;0.00
84469;909;25.0;51;2.35;7010.0;0.00;0.00;16.08;98.8;98.0;0.00;0.00
84478;911;25.0;51;2.35;7010.0;0.00;0.00;16.08;98.8;98.0;0.00;0.00
84487;914;26.0;51;2.35;7010.0;0.00;0.00;16.08;98.8;98.0;0.00;0.00
84499;916;26.0;51;2.75;7010.0;0.00;0.00;16.47;98.8;98.0;0.00;0.00
84507;919;26.0;51;2.75;7010.0;0.00;0.00;16.47;98.8;98.0;0.00;0.00
84522;922;27.0;51;2.75;7010.0;0.00;0.00;16.86;98.8;98.0;0.00;0.00
84538;923;27.0;51;2.75;7010.0;0.00;0.00;16.86;98.8;98.0;0.00;0.00
84547;925;27.0;51;2.75;7010.0;0.00;0.00;17.25;98.8;98.0;0.00;0.00
84558;927;27.0;51;2.75;7010.0;0.00;0.00;17.25;98.8;98.0;0.00;0.00
84569;929;27.0;51;2.75;7010.0;0.00;0.00;17.65;98.8;98.0;0.00;0.00
84577;931;27.0;51;2.75;7010.0;0.00;0.00;17.65;98.8;98.0;0.00;0.00
84588;933;27.0;51;2.75;7010.0;0.00;0.00;18.04;98.8;98.0;0.00;0.00
84599;934;28.0;51;2.75;7010.0;0.00;0.00;18.04;98.8;98.0;0.00;0.00
84608;936;28.0;51;2.75;7010.0;0.00;0.00;18.04;98.8;98.0;0.00;0.00
84616;938;28.0;51;2.75;7010.0;0.00;0.00;18.43;98.8;98.0;0.00;0.00
84628;940;28.0;51;2.75;7010.0;0.00;0.00;18.43;98.8;98.0;0.00;100.00
84644;942;28.0;51;2.75;7010.0;0.00;0.00;18.43;98.8;98.0;0.00;100.00
84658;940;28.0;51;2.75;7010.0;0.00;0.00;18.43;98.8;98.0;0.00;100.00
84667;939;28.0;51;2.75;7010.0;0.00;0.00;18.82;98.8;98.0;0.00;100.00
84677;938;28.0;51;2.75;7010.0;0.00;0.00;18.82;98.8;98.0;0.00;100.00
84687;936;28.0;51;2.75;7010.0;0.00;0.00;18.82;98.8;98.0;0.00;100.00
84697;935;28.0;51;2.75;7010.0;0.00;0.00;18.82;98.8;98.0;0.00;100.00
84708;934;28.0;51;2.75;7010.0;0.00;0.00;19.22;98.8;98.0;0.00;100.00
84717;933;29.0;51;2.75;7010.0;0.00;0.00;19.22;98.8;98.0;0.00;100.00
84727;931;29.0;51;2.75;7010.0;0.00;0.00;19.22;98.8;98.0;0.00;100.00
84736;930;29.0;51;2.75;7010.0;0.00;0.00;19.22;98.8;98.0;0.00;100.00
84746;929;29.0;51;2.75;7010.0;0.00;0.00;19.61;98.8;98.0;0.00;100.00
84765;927;29.0;51;2.75;7010.0;0.00;0.00;19.61;98.8;98.0;0.00;100.00
84777;930;29.0;51;2.75;7010.0;0.00;0.00;19.61;98.8;98.0;0.00;100.00
84789;932;29.0;51;2.75;7010.0;0.00;0.00;19.61;98.8;98.0;0.00;100.00
84799;934;29.0;51;2.75;7010.0;0.00;0.00;19.61;98.8;98.0;0.00;100.00
84808;936;29.0;51;2.75;7010.0;0.00;0.00;19.61;98.8;98.0;0.00;100.00
84818;939;29.0;51;2.75;7010.0;0.00;0.00;20.00;98.8;98.0;0.00;100.00
84827;941;29.0;51;2.75;7010.0;0.00;0.00;20.00;98.8;98.0;0.00;100.00
84836;943;30.0;51;2.75;7010.0;0.00;0.00;20.00;98.8;98.0;0.00;100.00
84849;945;30.0;51;2.75;7010.0;0.00;0.00;20.00;98.8;98.0;0.00;100.00
84858;948;30.0;51;2.75;7010.0;0.00;0.00;20.00;98.8;98.0;0.00;100.00
84868;950;30.0;51;2.75;7010.0;0.00;0.00;20.00;98.8;98.0;0.00;100.00
84884;952;30.0;51;2.75;7010.0;0.00;0.00;20.00;98.8;98.0;0.00;100.00
84898;954;30.0;51;2.75;7010.0;0.00;0.00;20.00;98.8;98.0;0.00;100.00
84907;957;30.0;51;2.75;7010.0;0.00;0.00;20.39;98.8;98.0;0.00;100.00
84918;959;30.0;51;2.75;7010.0;0.00;0.00;20.39;98.8;98.0;0.00;100.00
84929;961;30.0;51;2.75;7010.0;0.00;0.00;20.39;98.8;98.0;0.00;100.00
84948;964;30.0;51;2.75;7010.0;0.00;0.00;20.39;98.8;98.0;0.00;100.00
84958;966;30.0;51;2.75;7010.0;0.00;0.00;20.39;98.8;98.0;0.00;100.00
84969;968;30.0;51;2.75;7010.0;0.00;0.00;20.39;98.8;98.0;0.00;100.00
84978;971;30.0;51;2.75;7010.0;0.00;0.00;20.39;98.8;98.0;0.00;100.00
84988;973;30.0;51;2.75;7010.0;0.00;0.00;20.39;98.8;98.0;0.00;100.00
84999;975;30.0;51;2.75;7010.0;0.00;0.00;20.39;98.8;98.0;0.00;100.00
85015;978;30.0;51;2.75;7010.0;0.00;0.00;20.39;98.8;98.0;0.00;100.00
85028;977;30.0;51;2.75;7010.0;0.00;0.00;20.39;98.8;98.0;0.00;100.00
85038;977;30.0;51;2.75;7010.0;0.00;0.00;20.39;98.8;98.0;0.00;100.00
85049;977;30.0;51;2.75;7010.0;0.00;0.00;20.39;98.8;98.0;0.00;100.00
85058;977;30.0;51;2.75;7010.0;0.00;0.00;20.39;98.8;97.5;0.00;100.00
85072;977;30.0;51;3.14;7010.0;0.00;0.00;20.39;98.8;97.5;0.00;100.00
85088;977;30.0;51;3.14;7010.0;0.00;0.00;20.39;98.8;97.5;0.00;100.00
85097;976;31.0;51;3.14;7010.0;0.00;0.00;20.39;98.8;97.5;0.00;100.00
85109;976;31.0;51;3.14;7010.0;0.00;0.00;20.39;98.8;97.5;0.00;100.00
85115;976;31.0;51;3.53;7010.0;0.00;0.00;20.39;98.8;97.5;0.00;100.00
85128;976;31.0;51;3.53;7010.0;0.00;0.00;20.78;98.8;97.5;0.00;100.00
85143;976;31.0;51;3.53;7010.0;0.00;0.00;20.78;98.8;97.5;0.00;100.00
85154;975;31.0;51;3.53;7010.0;0.00;0.00;20.78;98.8;97.5;0.00;100.00
85166;975;31.0;51;3.92;7010.0;0.00;0.00;20.78;98.8;97.5;0.00;100.00
85178;974;32.0;51;3.92;7010.0;0.00;0.00;20.78;98.8;97.5;0.00;100.00
85188;974;32.0;51;3.92;7010.0;0.00;0.00;20.78;98.8;97.5;0.00;100.00
85196;973;32.0;51;3.92;7010.0;0.00;0.00;21.18;98.8;97.5;0.00;100.00
85208;973;32.0;51;3.92;7010.0;0.00;0.00;21.18;98.8;97.5;0.00;100.00
85216;972;33.0;51;3.92;7010.0;0.00;0.00;21.18;98.8;97.5;0.00;100.00
85227;972;33.0;51;3.92;7010.0;0.00;0.00;21.18;98.8;97.5;0.00;100.00
85235;972;33.0;51;3.92;7010.0;0.00;0.00;21.57;98.8;97.5;0.00;100.00
85246;971;33.0;51;3.92;7010.0;0.00;0.00;21.57;98.8;97.5;0.00;100.00
85264;971;34.0;51;3.92;7010.0;0.00;0.00;21.96;98.8;97.5;0.00;100.00
85278;969;34.0;51;3.92;7010.0;0.00;0.00;21.96;98.8;97.5;0.00;100.00
85285;968;34.0;51;3.92;7010.0;0.00;0.00;22.35;98.8;97.5;0.00;100.00
85296;967;34.0;51;3.92;7010.0;0.00;0.00;22.35;98.8;97.5;0.00;100.00
85304;965;35.0;51;3.92;7010.0;0.00;0.00;22.75;98.8;97.0;0.00;100.00
85316;964;35.0;51;3.92;7010.0;0.00;0.00;22.75;98.8;97.0;0.00;100.00
85328;963;35.0;51;3.53;7010.0;0.00;0.00;23.14;98.8;97.0;0.00;100.00
85338;962;35.0;51;3.53;7010.0;0.00;0.00;23.14;98.8;97.0;0.00;100.00
85347;960;35.0;51;3.53;7010.0;0.00;0.00;23.53;98.8;97.0;0.00;100.00
85359;959;35.0;51;3.53;7010.0;0.00;0.00;23.53;98.8;97.0;0.00;100.00
85370;958;36.0;51;3.53;7010.0;0.00;0.00;23.92;98.8;97.0;0.00;100.00
85394;956;36.0;51;3.53;7010.0;0.00;0.00;24.31;98.8;97.0;0.00;100.00
85407;952;36.0;51;3.14;7010.0;0.00;0.00;24.31;98.8;97.0;0.00;100.00
85417;948;36.0;51;3.14;7010.0;0.00;0.00;24.71;98.8;97.0;0.00;100.00
85429;943;36.0;51;3.14;7010.0;0.00;0.00;24.71;98.8;97.0;0.00;100.00
85437;939;36.0;51;3.14;7010.0;0.00;0.00;25.10;98.8;97.0;0.00;100.00
85446;934;36.0;51;3.14;7010.0;0.00;0.00;25.49;98.8;97.0;0.00;100.00
85456;930;36.0;51;3.14;7010.0;0.00;0.00;25.49;98.8;97.0;0.00;100.00
85469;926;36.0;51;3.14;7010.0;0.00;0.00;25.88;98.8;97.0;0.00;100.00
85478;921;36.0;51;3.14;7010.0;0.00;0.00;25.88;98.8;97.0;0.00;100.00
85486;917;36.0;51;3.53;7010.0;0.00;0.00;25.88;98.8;97.0;0.00;100.00
85497;913;36.0;51;3.53;7010.0;0.00;0.00;26.27;98.8;97.0;0.00;100.00
85515;908;36.0;51;3.53;7010.0;0.00;0.00;26.27;98.8;97.0;0.00;100.00
85527;905;36.0;51;3.53;7010.0;0.00;0.00;26.27;98.8;97.0;0.00;100.00
85538;903;36.0;51;3.53;7010.0;0.00;0.00;26.27;98.8;97.0;0.00;100.00
85549;900;36.0;51;3.53;7010.0;0.00;0.00;26.27;98.8;97.0;0.00;100.00
85567;897;36.0;51;3.53;7010.0;0.00;0.00;26.27;98.8;97.5;0.00;100.00
85579;894;36.0;51;3.53;7010.0;0.00;0.00;26.67;98.8;97.5;0.00;100.00
85595;891;36.0;51;3.53;7010.0;0.00;0.00;26.67;98.8;97.5;0.00;100.00
85608;889;37.0;51;3.53;7010.0;0.00;0.00;26.67;98.8;97.5;0.00;100.00
85618;886;37.0;51;3.53;7010.0;0.00;0.00;26.67;98.8;97.5;0.00;100.00
85628;883;37.0;51;3.14;7010.0;0.00;0.00;26.67;98.8;97.5;0.00;100.00
85638;880;37.0;51;3.14;7010.0;0.00;0.00;27.06;98.8;97.5;0.00;100.00
85654;877;37.0;51;3.14;7010.0;0.00;0.00;27.06;98.8;97.5;0.00;100.00
85668;874;37.0;51;3.14;7010.0;0.00;0.00;27.06;98.8;97.5;0.00;100.00
85677;870;37.0;51;3.14;7010.0;0.00;0.00;27.06;98.8;97.5;0.00;100.00
85690;867;37.0;51;3.14;7010.0;0.00;0.00;27.06;98.8;97.5;0.00;100.00
85708;863;37.0;51;3.14;7010.0;0.00;0.00;27.06;98.8;97.5;0.00;100.00
85717;859;37.0;51;3.14;7010.0;0.00;0.00;27.45;98.8;97.5;0.00;100.00
85726;856;37.0;51;3.14;7010.0;0.00;0.00;27.45;98.8;97.5;0.00;100.00
85737;852;37.0;51;3.14;7010.0;0.00;0.00;27.45;98.8;97.5;0.00;100.00
85746;849;37.0;51;3.14;7010.0;0.00;0.00;27.45;98.8;97.5;0.00;100.00
85755;845;37.0;51;3.14;7010.0;0.00;0.00;27.45;98.8;97.5;0.00;100.00
85768;841;37.0;51;3.14;7010.0;0.00;0.00;27.84;98.8;97.5;0.00;100.00
85783;838;37.0;51;3.14;7010.0;0.00;0.00;27.84;98.8;97.5;0.00;100.00
85796;836;37.0;51;3.14;7010.0;0.00;0.00;27.84;98.8;97.5;0.00;100.00
85807;834;37.0;51;3.14;7010.0;0.00;0.00;27.84;98.8;97.5;0.00;100.00
85817;832;37.0;51;3.14;7010.0;0.00;0.00;27.84;98.8;97.5;0.00;100.00
85828;830;37.0;51;3.14;7010.0;0.00;0.00;27.84;98.8;97.5;0.00;100.00
85839;828;37.0;51;3.14;7010.0;0.00;0.00;28.24;98.8;97.5;0.00;100.00
85846;826;37.0;51;3.14;7010.0;0.00;0.00;28.24;98.8;97.5;0.00;100.00
85857;824;37.0;51;3.14;7010.0;0.00;0.00;28.24;98.8;97.5;0.00;100.00
85869;822;37.0;51;3.14;7010.0;0.00;0.00;28.24;98.8;97.5;0.00;100.00
85880;820;37.0;51;3.14;7010.0;0.00;0.00;28.24;98.8;97.5;0.00;100.00
85897;818;37.0;51;3.14;7010.0;0.00;0.00;28.24;98.8;97.5;0.00;100.00
85913;816;37.0;51;3.14;7010.0;0.00;0.00;28.24;98.8;97.5;0.00;100.00
85925;813;37.0;51;3.14;7010.0;0.00;0.00;28.24;98.8;97.5;0.00;100.00
85939;810;37.0;51;3.14;7010.0;0.00;0.00;28.63;98.8;97.5;0.00;100.00
85957;807;37.0;51;3.14;7010.0;0.00;0.00;28.63;98.8;97.5;0.00;100.00
85968;804;37.0;51;3.14;7010.0;0.00;0.00;28.63;98.8;97.5;0.00;100.00
85977;801;37.0;51;3.14;7010.0;0.00;0.00;28.63;98.8;97.5;0.00;100.00
85989;797;37.0;51;3.14;7010.0;0.00;0.00;28.63;98.8;97.5;0.00;100.00
85998;794;37.0;51;3.14;7010.0;0.00;0.00;28.63;98.8;97.5;0.00;100.00
86006;791;37.0;51;3.14;7010.0;0.00;0.00;28.63;98.8;97.5;0.00;100.00
86015;788;37.0;51;2.75;7010.0;0.00;0.00;28.63;98.8;97.5;0.00;100.00
86027;785;37.0;51;2.75;7010.0;0.00;0.00;28.63;98.8;97.5;0.00;100.00
86043;782;37.0;51;2.75;7010.0;0.00;0.00;28.63;98.8;97.5;0.00;100.00
86057;779;37.0;51;2.75;7010.0;0.00;0.00;28.63;98.8;97.5;0.00;100.00
86068;777;37.0;51;2.75;7010.0;0.00;0.00;29.02;98.8;97.5;0.00;100.00
86077;775;37.0;51;2.75;7010.0;0.00;0.00;29.02;98.8;97.5;0.00;100.00
86088;773;38.0;51;2.75;7010.0;0.00;0.00;29.02;98.8;97.5;0.00;100.00
86097;770;38.0;51;2.75;7010.0;0.00;0.00;29.02;98.8;97.5;0.00;100.00
86107;768;38.0;51;2.75;7010.0;0.00;0.00;29.02;98.8;97.5;0.00;100.00
86119;766;38.0;51;2.75;7010.0;0.00;0.00;29.02;98.8;97.5;0.00;100.00
86127;764;38.0;51;2.75;7010.0;0.00;0.00;29.02;98.8;97.5;0.00;100.00
86136;762;38.0;51;2.75;7010.0;0.00;0.00;29.02;98.8;97.5;0.00;100.00
86146;759;39.0;51;2.75;7010.0;0.00;0.00;29.41;98.8;97.5;0.00;100.00
86163;757;39.0;51;2.75;7010.0;0.00;0.00;29.41;98.8;97.5;0.00;100.00
86176;755;39.0;51;2.75;7010.0;0.00;0.00;29.41;98.8;97.5;0.00;100.00
86186;753;39.0;51;2.75;7010.0;0.00;0.00;29.41;98.8;97.5;0.00;100.00
86198;750;39.0;51;2.75;7010.0;0.00;0.00;29.41;98.8;97.5;0.00;100.00
86209;748;39.0;51;2.75;7010.0;0.00;0.00;29.41;98.8;97.5;0.00;100.00
86215;746;39.0;51;2.75;7010.0;0.00;0.00;29.80;98.8;97.5;0.00;100.00
86227;744;39.0;51;2.75;7010.0;0.00;0.00;29.80;98.8;97.5;0.00;100.00
86235;741;39.0;51;2.75;7010.0;0.00;0.00;29.80;98.8;97.5;0.00;100.00
86247;739;39.0;51;2.75;7010.0;0.00;0.00;29.80;98.8;97.5;0.00;100.00
86258;737;39.0;51;2.75;7010.0;0.00;0.00;30.20;98.8;97.5;0.00;100.00
86271;735;39.0;51;2.75;7010.0;0.00;0.00;30.20;98.8;97.5;0.00;100.00
86297;732;39.0;51;2.75;7010.0;0.00;0.00;30.20;98.8;97.5;0.00;100.00
86306;730;39.0;51;2.75;7010.0;0.00;0.00;30.20;98.8;97.5;0.00;100.00
86315;728;39.0;51;2.75;7010.0;0.00;0.00;30.59;98.8;97.5;0.00;100.00
86326;726;39.0;51;2.75;7010.0;0.00;0.00;30.59;98.8;97.5;0.00;100.00
86336;723;39.0;51;2.75;7010.0;0.00;0.00;30.59;98.8;97.5;0.00;100.00
86345;721;39.0;51;2.75;7010.0;0.00;0.00;30.59;98.8;97.5;0.00;100.00
86359;719;39.0;51;2.75;7010.0;0.00;0.00;30.98;98.8;97.5;0.00;100.00
86378;716;40.0;51;2.75;7010.0;0.00;0.00;30.98;98.8;97.5;0.00;100.00
86387;714;40.0;51;2.75;7010.0;0.00;0.00;30.98;98.8;97.5;0.00;100.00
86397;712;40.0;51;2.75;7010.0;0.00;0.00;30.98;98.8;97.5;0.00;100.00
86407;710;40.0;51;2.75;7010.0;0.00;0.00;31.37;98.8;97.5;0.00;100.00
86422;707;40.0;51;2.75;7010.0;0.00;0.00;31.37;98.8;97.5;0.00;100.00
86436;706;40.0;51;2.75;7010.0;0.00;0.00;31.37;98.8;97.5;0.00;100.00
86446;704;40.0;51;2.75;7010.0;0.00;0.00;31.37;98.8;97.5;0.00;100.00
86458;702;40.0;51;2.75;7010.0;0.00;0.00;31.37;98.8;97.5;0.00;100.00
86469;701;40.0;51;2.75;7010.0;0.00;0.00;31.37;98.8;97.5;0.00;100.00
86487;699;40.0;51;2.75;7010.0;0.00;0.00;31.76;98.8;97.5;0.00;100.00
86498;697;40.0;51;2.75;7010.0;0.00;0.00;31.76;98.8;97.5;0.00;100.00
86506;696;41.0;51;2.75;7010.0;0.00;0.00;31.76;98.8;97.5;0.00;100.00
86516;694;41.0;51;2.75;7010.0;0.00;0.00;31.76;98.8;97.5;0.00;100.00
86527;692;41.0;51;2.75;7010.0;0.00;0.00;31.76;98.8;97.5;0.00;100.00
86536;691;41.0;51;2.75;7010.0;0.00;0.00;31.76;98.8;97.5;0.00;100.00
86552;689;41.0;51;2.75;7010.0;0.00;0.00;31.76;98.8;97.5;0.00;100.00
86568;688;41.0;51;2.75;7010.0;0.00;0.00;31.76;98.8;97.5;0.00;100.00
86577;687;41.0;51;2.75;7010.0;0.00;0.00;32.16;98.8;97.5;0.00;100.00
86587;685;41.0;51;2.75;7010.0;0.00;0.00;32.16;98.8;97.5;0.00;100.00
86597;684;41.0;51;2.75;7010.0;0.00;0.00;32.16;98.8;97.5;0.00;100.00
86607;683;41.0;51;2.75;7010.0;0.00;0.00;32.16;98.8;97.5;0.00;100.00
86618;682;41.0;51;2.75;7010.0;0.00;0.00;32.16;98.8;97.5;0.00;100.00
86627;681;42.0;51;2.75;7010.0;0.00;0.00;32.16;98.8;97.5;0.00;100.00
86636;679;42.0;51;2.75;7010.0;0.00;0.00;32.16;98.8;97.5;0.00;100.00
86647;678;42.0;51;3.14;7010.0;0.00;0.00;32.55;98.8;97.5;0.00;100.00
86656;677;42.0;51;3.14;7010.0;0.00;0.00;32.55;98.8;97.5;0.00;100.00
86674;676;42.0;51;3.14;7010.0;0.78;0.00;32.94;98.8;97.5;0.00;100.00
86688;674;42.0;51;3.14;7010.0;0.78;0.00;32.94;98.8;97.5;0.00;100.00
86698;673;42.0;51;3.14;7010.0;0.78;0.00;33.33;98.8;97.5;0.00;100.00
86707;672;42.0;51;3.14;7010.0;0.78;0.00;33.33;98.8;97.5;0.00;100.00
86717;670;43.0;51;3.14;7010.0;0.78;0.00;33.73;98.8;97.5;0.00;100.00
86727;669;43.0;51;3.14;7010.0;0.78;0.00;33.73;98.8;97.5;0.00;100.00
86737;667;43.0;51;3.14;7010.0;0.78;0.00;34.12;98.8;97.5;0.00;100.00
86746;666;43.0;51;3.14;7010.0;0.78;0.00;34.12;98.8;97.5;0.00;100.00
86757;665;43.0;51;3.14;7010.0;0.78;0.00;34.12;98.8;97.5;0.00;100.00
86769;663;43.0;51;3.14;7010.0;0.78;0.00;34.51;98.8;97.5;0.00;100.00
86778;662;44.0;51;3.14;7010.0;0.78;0.00;34.51;98.8;97.5;0.00;100.00
86793;661;44.0;51;3.14;7010.0;0.78;0.00;34.51;98.8;97.5;0.00;100.00
86805;660;44.0;51;3.14;7010.0;0.78;0.00;34.51;98.8;97.5;0.00;100.00
86818;660;44.0;51;3.14;7010.0;0.78;0.00;34.90;98.8;97.5;0.00;100.00
86828;660;44.0;51;3.14;7010.0;0.78;0.00;34.90;98.8;97.5;0.00;100.00
86837;659;45.0;51;3.14;7010.0;0.78;0.00;34.90;98.8;97.5;0.00;100.00
86846;659;45.0;51;3.53;7010.0;0.78;0.00;34.90;98.8;97.5;0.00;100.00
86857;659;45.0;51;3.53;7010.0;0.78;0.00;35.29;98.8;97.5;0.00;100.00
86869;658;45.0;51;3.53;7010.0;0.78;0.00;35.29;98.8;97.5;0.00;100.00
86877;658;45.0;51;3.92;7010.0;0.78;0.00;35.69;98.8;97.5;0.00;100.00
86889;658;45.0;51;3.92;7010.0;0.78;0.00;36.47;98.8;97.5;0.00;100.00
86906;657;46.0;51;4.31;7010.0;0.78;0.00;36.86;98.8;97.5;0.00;100.00
86923;657;46.0;51;4.31;7010.0;0.78;0.00;37.25;98.8;97.5;0.00;100.00
86937;657;46.0;51;4.31;7010.0;0.78;0.78;37.65;98.8;97.5;0.00;100.00
86949;658;46.0;51;4.71;7010.0;0.78;0.78;38.43;98.8;97.5;0.00;100.00
86957;659;46.0;51;4.71;7010.0;0.78;0.78;38.82;98.8;97.5;0.00;100.00
86968;659;47.0;51;4.71;7010.0;0.78;0.78;39.22;98.8;97.5;0.00;100.00
86977;660;47.0;51;4.31;7010.0;0.78;0.78;39.61;98.8;97.5;0.00;100.00
86987;660;47.0;51;4.31;7010.0;0.78;0.78;40.39;98.8;97.5;0.00;100.00
86996;661;47.0;51;4.31;7010.0;0.78;0.78;40.78;98.8;97.5;0.00;100.00
87008;662;47.0;51;3.92;7010.0;0.78;0.78;40.78;98.8;97.5;0.00;100.00
87016;662;47.0;51;3.92;7010.0;0.78;0.78;41.18;98.8;97.5;0.00;100.00
87028;663;48.0;51;3.53;7010.0;0.78;0.78;41.18;98.8;97.5;0.00;100.00
87042;663;48.0;51;3.53;7010.0;0.00;0.78;41.18;98.8;97.5;0.00;100.00
87058;665;48.0;51;3.53;7010.0;0.00;0.78;41.18;98.8;97.5;0.00;100.00
87069;667;48.0;51;3.14;7010.0;0.00;0.78;41.57;98.8;97.5;0.00;100.00
87077;668;47.0;51;3.14;7010.0;0.00;0.78;41.57;98.8;97.5;0.00;100.00
87085;670;47.0;51;3.14;7010.0;0.00;0.78;41.57;98.8;97.5;0.00;100.00
87098;672;47.0;51;3.14;7010.0;0.00;0.78;41.57;98.8;97.5;0.00;100.00
87106;673;47.0;51;3.14;7010.0;0.00;0.78;41.96;98.8;97.5;0.00;100.00
87115;675;46.0;51;3.14;7010.0;0.00;0.78;41.96;98.8;97.5;0.00;100.00
87127;676;46.0;51;3.14;7010.0;0.00;0.78;41.57;98.8;97.5;0.00;100.00
87137;678;46.0;51;2.75;7010.0;0.00;0.78;41.18;98.8;97.5;0.00;100.00
87146;680;46.0;51;2.75;7010.0;0.00;0.78;40.78;98.8;97.5;0.00;100.00
87162;681;45.0;51;2.75;7010.0;0.78;0.78;40.39;98.8;97.5;0.00;100.00
87179;684;45.0;51;2.75;7010.0;0.78;1.56;40.00;98.8;97.5;0.00;100.00
87197;686;45.0;51;2.75;7010.0;0.78;1.56;39.61;98.8;97.5;0.00;100.00
87208;688;45.0;51;2.75;7010.0;0.78;1.56;39.22;98.8;97.5;0.00;100.00
87217;691;45.0;51;2.75;7010.0;0.78;1.56;38.82;98.8;97.5;0.00;100.00
87226;693;45.0;51;3.14;7010.0;0.78;1.56;38.43;98.8;97.5;0.00;100.00
87237;695;45.0;51;3.14;7010.0;0.78;1.56;38.04;98.8;97.5;0.00;100.00
87248;698;45.0;51;3.53;7010.0;0.78;1.56;37.65;98.8;97.5;0.00;100.00
87256;700;45.0;51;3.53;7010.0;0.78;1.56;38.04;98.8;97.5;0.00;100.00
87268;702;45.0;51;3.92;7010.0;0.78;1.56;38.43;98.8;97.5;0.00;100.00
87277;705;45.0;51;3.92;7010.0;0.78;1.56;38.82;98.8;97.5;0.00;100.00
87293;707;45.0;51;4.31;7010.0;1.56;1.56;39.22;98.8;97.5;0.00;100.00
87305;712;45.0;51;4.31;7010.0;1.56;1.56;39.61;98.8;97.5;0.00;100.00
87317;716;46.0;51;4.71;7010.0;1.56;1.56;40.39;98.8;97.5;0.00;100.00
87327;721;47.0;51;4.71;7010.0;1.56;1.56;40.78;98.8;97.5;0.00;100.00
87336;725;49.0;51;4.71;7010.0;1.56;1.56;41.18;98.8;97.5;0.00;100.00
87346;730;50.0;51;4.71;7010.0;1.56;1.56;41.57;98.8;97.5;0.00;100.00
87357;735;51.0;51;4.71;7010.0;1.56;1.56;41.96;98.8;97.5;0.00;100.00
87369;739;52.0;51;4.71;7010.0;1.56;1.56;42.35;98.8;97.5;0.00;100.00
87377;744;53.0;51;4.71;7010.0;1.56;1.56;43.14;98.8;97.5;0.00;100.00
87388;748;54.0;51;5.10;7010.0;1.56;1.56;43.92;98.8;97.5;0.00;100.00
87396;753;56.0;51;5.10;7010.0;1.56;1.56;44.71;98.8;97.5;0.00;100.00
87413;758;57.0;51;5.10;7010.0;1.56;1.56;45.49;98.8;97.5;0.00;100.00
87428;770;58.0;51;5.10;7010.0;1.56;1.56;46.27;98.8;97.5;0.00;100.00
87437;782;59.0;51;5.10;7010.0;1.56;1.56;47.45;98.8;97.5;0.00;100.00
87448;794;59.0;51;5.10;7010.0;1.56;1.56;48.24;98.8;97.5;0.00;100.00
87459;807;60.0;51;5.10;7010.0;1.56;1.56;49.02;98.8;97.5;0.00;100.00
87470;819;60.0;51;5.49;7010.0;1.56;1.56;49.80;98.8;97.5;0.00;100.00
87487;831;61.0;51;5.49;7010.0;1.56;1.56;50.59;98.8;97.5;0.00;100.00
87496;844;61.0;51;5.49;7010.0;1.56;1.56;51.37;98.8;97.5;0.00;100.00
87507;856;62.0;51;5.88;7010.0;1.56;1.56;51.37;98.8;97.5;0.00;100.00
87517;868;62.0;51;5.88;7010.0;1.56;1.56;51.76;98.8;97.5;0.00;100.00
87528;880;63.0;51;6.27;7010.0;1.56;1.56;51.76;98.8;97.5;0.00;100.00
87543;893;63.0;51;6.27;7010.0;2.34;1.56;52.16;98.8;97.5;0.00;100.00
87558;904;64.0;51;6.27;7010.0;2.34;0.78;52.16;98.8;97.5;0.00;100.00
87568;914;65.0;51;6.67;7010.0;2.34;0.78;52.55;98.8;97.5;0.00;100.00
87577;925;66.0;51;6.67;7010.0;2.34;0.78;52.55;98.8;97.5;0.00;100.00
87586;936;67.0;51;6.67;7010.0;2.34;0.78;52.94;98.8;97.5;0.00;100.00
87596;947;68.0;51;7.06;7010.0;2.34;0.78;52.94;98.8;97.5;0.00;100.00
87607;958;69.0;51;7.06;7020.0;2.34;0.78;53.33;98.8;97.5;0.00;100.00
87617;969;69.0;51;7.06;7020.0;2.34;0.78;53.33;98.8;97.5;0.00;100.00
87627;980;70.0;51;7.45;7020.0;2.34;0.78;53.73;98.8;97.5;0.00;100.00
87639;991;71.0;51;7.45;7020.0;2.34;0.78;54.12;98.8;97.5;0.00;100.00
87648;1002;72.0;51;7.84;7030.0;2.34;0.78;54.51;98.9;96.0;0.00;100.00
87664;1013;73.0;51;7.84;7030.0;1.56;0.78;54.90;98.9;94.5;0.00;100.00
87678;1027;74.0;51;7.84;7030.0;1.56;0.00;55.29;98.9;93.0;0.00;100.00
87687;1040;74.0;51;8.24;7030.0;1.56;0.00;55.69;98.9;91.5;0.00;100.00
87695;1054;74.0;51;8.24;7040.0;1.56;0.00;56.08;98.9;90.0;0.00;100.00
87708;1068;74.0;51;8.24;7040.0;1.56;0.00;56.47;98.9;88.0;0.00;100.00
87717;1082;74.0;51;8.63;7040.0;1.56;0.00;56.86;98.9;86.5;0.00;100.00
87726;1096;74.0;51;8.63;7030.0;1.56;0.00;57.25;98.9;85.0;0.00;100.00
87737;1110;74.0;51;8.63;7030.0;1.56;0.00;57.65;98.9;83.5;0.00;100.00
87746;1124;74.0;51;8.63;7030.0;1.56;0.00;58.04;99.0;82.0;0.00;100.00
87758;1138;74.0;51;9.02;7030.0;1.56;0.00;58.43;99.0;80.5;0.00;100.00
87769;1152;74.0;51;9.02;7020.0;1.56;0.00;58.43;99.0;79.5;0.00;100.00
87782;1166;74.0;51;9.02;7020.0;2.34;0.00;58.82;99.0;78.5;0.00;100.00
87796;1181;74.0;51;9.02;7020.0;2.34;0.78;59.22;99.0;77.5;0.00;100.00
87807;1196;74.0;51;9.41;7020.0;2.34;0.78;59.61;99.1;76.5;0.00;100.00
87816;1212;74.0;51;9.41;7010.0;2.34;0.78;60.00;99.1;75.5;0.00;100.00
87828;1227;74.0;51;9.41;7010.0;2.34;0.78;60.39;99.1;75.0;0.00;100.00
87838;1242;74.0;51;9.41;7010.0;2.34;0.78;60.39;99.1;74.0;0.00;100.00
87847;1258;74.0;51;9.41;7020.0;2.34;0.78;60.78;99.1;73.0;0.00;100.00
87857;1273;75.0;51;9.41;7020.0;2.34;0.78;61.18;99.2;72.0;0.00;100.00
87869;1289;75.0;51;9.41;7020.0;2.34;0.78;60.39;99.2;71.0;0.00;100.00
87877;1304;75.0;51;9.41;7020.0;2.34;0.78;59.22;99.2;70.0;0.00;100.00
87889;1319;75.0;51;9.41;7030.0;2.34;0.78;58.43;99.3;69.5;0.00;100.00
87904;1335;75.0;51;9.41;7030.0;3.13;0.78;57.25;99.3;69.0;0.00;100.00
87919;1343;75.0;51;9.41;7030.0;3.13;1.56;56.47;99.3;68.0;0.00;100.00
87927;1352;75.0;51;9.41;7030.0;3.13;1.56;55.29;99.4;67.5;0.00;100.00
87936;1360;76.0;51;9.41;7040.0;3.13;1.56;54.51;99.4;67.0;0.00;100.00
87947;1369;76.0;51;9.80;7040.0;3.13;1.56;53.33;99.4;66.5;0.00;100.00
87956;1377;76.0;51;9.80;7040.0;3.13;1.56;52.55;99.5;66.0;0.00;100.00
87970;1386;76.0;51;10.20;7030.0;3.13;1.56;51.37;99.5;65.5;0.00;100.00
87988;1394;77.0;51;10.20;7030.0;3.13;1.56;50.59;99.5;64.5;0.00;100.00
87996;1403;77.0;51;10.59;7030.0;3.13;1.56;50.59;99.6;64.0;0.00;100.00
88008;1411;77.0;51;10.59;7030.0;3.13;1.56;50.59;99.6;63.5;0.00;100.00
88017;1420;77.0;51;10.98;7020.0;3.13;1.56;50.59;99.6;63.0;0.00;100.00
88033;1428;78.0;51;10.98;7020.0;2.34;1.56;50.59;99.6;62.5;0.00;100.00
88046;1439;78.0;51;11.37;7020.0;2.34;2.34;50.59;99.7;62.0;0.00;100.00
88058;1450;78.0;51;11.37;7020.0;2.34;2.34;50.20;99.7;61.5;0.00;100.00
88069;1461;78.0;51;11.76;7010.0;2.34;2.34;50.20;99.7;61.0;0.00;100.00
88077;1473;79.0;51;11.76;7010.0;2.34;2.34;50.20;99.7;61.0;0.00;100.00
88086;1484;79.0;51;11.76;7010.0;2.34;2.34;50.20;99.8;60.5;0.00;100.00
88098;1495;79.0;51;11.76;7010.0;2.34;2.34;50.20;99.8;60.0;0.00;100.00
88106;1506;79.0;51;11.76;7010.0;2.34;2.34;50.20;99.8;59.5;0.00;100.00
88117;1517;79.0;51;11.76;7010.0;2.34;2.34;50.59;99.8;59.0;0.00;100.00
88129;1528;79.0;51;12.16;7010.0;2.34;2.34;50.98;99.8;58.5;0.00;100.00
88147;1539;80.0;51;12.16;7010.0;2.34;2.34;51.76;99.8;58.0;0.00;100.00
88162;1550;80.0;51;12.16;7010.0;1.56;2.34;52.16;99.8;57.5;0.00;100.00
88177;1553;80.0;51;12.16;7010.0;1.56;2.34;52.55;99.8;56.5;0.00;100.00
88187;1555;80.0;51;12.16;7010.0;1.56;2.34;52.94;99.8;56.0;0.00;100.00
88198;1557;80.0;51;12.16;7010.0;1.56;2.34;53.33;99.8;55.5;0.00;100.00
88207;1560;79.0;51;12.16;7010.0;1.56;2.34;53.73;99.8;55.0;0.00;100.00
88217;1562;79.0;51;12.16;7010.0;1.56;2.34;54.51;99.8;54.5;0.00;100.00
88226;1564;79.0;51;12.16;7020.0;1.56;2.34;54.90;99.9;54.0;0.00;100.00
88236;1566;79.0;51;12.16;7020.0;1.56;2.34;55.29;99.9;53.0;0.00;100.00
88248;1569;79.0;51;12.16;7020.0;1.56;2.34;54.90;99.9;52.5;0.00;100.00
88258;1571;79.0;51;11.76;7020.0;1.56;2.34;54.12;99.8;52.0;0.00;100.00
88270;1573;78.0;51;11.76;7030.0;1.56;2.34;53.73;99.8;51.5;0.00;100.00
88296;1576;78.0;51;11.76;7030.0;1.56;2.34;53.33;99.8;51.5;0.00;100.00
88307;1573;78.0;51;11.76;7030.0;1.56;2.34;52.94;99.7;51.0;0.00;100.00
88317;1571;78.0;51;11.76;7030.0;1.56;2.34;52.16;99.7;50.5;0.00;100.00
88329;1569;77.0;51;11.76;7040.0;1.56;2.34;51.76;99.7;50.0;0.00;100.00
88337;1566;77.0;51;11.37;7040.0;1.56;2.34;51.37;99.6;50.0;0.00;100.00
88346;1564;77.0;51;10.98;7040.0;1.56;2.34;50.98;99.6;49.5;0.00;100.00
88357;1561;77.0;51;10.59;7040.0;1.56;2.34;50.20;99.6;49.0;0.00;100.00
88369;1559;76.0;51;10.20;7040.0;1.56;2.34;49.80;99.5;48.5;0.00;100.00
88387;1557;76.0;51;9.80;7040.0;0.78;2.34;49.80;99.5;48.5;0.00;100.00
88396;1554;76.0;51;9.41;7040.0;0.78;1.56;49.41;99.5;48.0;0.00;100.00
88407;1552;76.0;51;9.02;7040.0;0.78;1.56;49.41;99.4;47.5;0.00;100.00
88424;1550;75.0;51;8.63;7040.0;0.78;1.56;49.02;99.3;47.5;0.00;100.00
88438;1549;75.0;51;8.24;7040.0;0.78;1.56;49.02;99.3;47.0;0.00;100.00
88447;1548;74.0;51;7.84;7040.0;0.78;1.56;48.63;99.2;47.0;0.00;100.00
88458;1547;73.0;51;7.45;7040.0;0.00;1.56;48.63;99.2;46.5;0.00;100.00
88469;1546;72.0;51;7.45;7040.0;0.00;0.78;48.24;99.1;46.5;0.00;100.00
88478;1545;71.0;51;7.45;7040.0;0.00;0.78;48.24;99.1;46.0;0.00;100.00
88487;1543;70.0;51;7.06;7030.0;0.00;0.78;47.84;99.0;46.0;0.00;100.00
88497;1542;69.0;51;7.06;7030.0;-0.78;0.78;47.84;99.0;45.5;0.00;100.00
88509;1541;68.0;51;7.06;7030.0;-0.78;0.00;47.06;98.9;45.5;0.00;100.00
88517;1540;67.0;51;7.06;7030.0;-1.56;0.00;46.27;98.9;45.0;0.00;100.00
88528;1539;66.0;51;7.06;7020.0;-1.56;-0.78;45.10;98.9;45.0;0.00;100.00
88544;1538;65.0;51;7.06;7020.0;-2.34;-0.78;44.31;98.9;44.5;0.00;100.00
88556;1540;64.0;51;6.67;7020.0;-2.34;-1.56;43.53;98.9;44.5;0.00;100.00
88568;1542;64.0;51;6.67;7020.0;-3.13;-1.56;42.75;98.9;44.5;0.00;100.00
88578;1543;64.0;51;6.67;7010.0;-3.13;-2.34;41.96;98.9;44.0;0.00;100.00
88588;1545;63.0;51;6.67;7010.0;-3.91;-2.34;41.18;98.9;44.0;0.00;100.00
88597;1546;63.0;51;6.67;7010.0;-3.91;-3.13;40.00;98.9;43.5;0.00;100.00
88608;1548;63.0;51;6.67;7020.0;-4.69;-3.13;39.22;98.9;43.5;0.00;100.00
88617;1550;63.0;51;6.67;7020.0;-4.69;-3.13;38.43;98.9;43.5;0.00;100.00
88626;1551;63.0;50;6.67;7020.0;-5.47;-3.91;38.04;98.9;43.0;0.00;100.00
88637;1553;63.0;50;6.67;7020.0;-5.47;-3.91;38.04;98.9;43.0;0.00;100.00
88646;1555;62.0;50;6.67;7030.0;-6.25;-4.69;37.65;98.9;43.5;0.00;100.00
88668;1556;62.0;50;6.67;7030.0;-6.25;-4.69;37.65;98.9;44.0;0.00;100.00
88678;1555;62.0;50;6.67;7030.0;-7.03;-5.47;37.25;98.9;44.5;0.00;100.00
88687;1554;61.0;50;6.67;7030.0;-7.03;-5.47;37.25;98.9;45.0;0.00;100.00
88698;1553;59.0;50;6.67;7040.0;-7.81;-6.25;36.86;98.9;45.5;0.00;100.00
88708;1552;58.0;50;6.67;7040.0;-7.81;-6.25;36.86;98.9;45.5;0.00;100.00
88718;1551;57.0;50;6.27;7040.0;-8.59;-7.03;36.47;98.8;46.0;0.00;100.00
88729;1550;55.0;50;6.27;7030.0;-8.59;-7.03;36.47;98.8;46.5;0.00;100.00
88737;1549;54.0;50;6.27;7030.0;-9.38;-7.03;36.08;98.8;47.0;0.00;100.00
88746;1548;52.0;50;6.27;7030.0;-9.38;-7.03;35.29;98.8;47.5;0.00;100.00
88757;1547;51.0;50;5.88;7030.0;-9.38;-7.81;34.12;98.8;48.0;0.00;100.00
88766;1546;50.0;50;5.88;7020.0;-9.38;-7.81;33.33;98.8;49.0;0.00;100.00
88784;1545;48.0;50;5.88;7020.0;-10.16;-7.81;32.16;98.8;50.0;0.00;100.00
88797;1543;47.0;50;5.88;7020.0;-10.16;-7.81;31.37;98.8;51.5;0.00;100.00
88807;1541;46.0;50;5.49;7020.0;-10.16;-7.81;30.20;98.8;52.5;0.00;100.00
88818;1539;45.0;50;5.49;7010.0;-10.16;-7.81;29.41;98.8;53.5;0.00;100.00
88827;1538;45.0;50;5.49;7010.0;-10.94;-8.59;28.24;98.8;54.5;0.00;100.00
88838;1536;44.0;50;5.49;7010.0;-10.94;-8.59;27.45;98.8;55.5;0.00;100.00
88848;1534;43.0;50;5.10;7020.0;-10.94;-8.59;26.27;98.8;56.5;0.00;100.00
88857;1533;42.0;50;5.10;7020.0;-10.94;-8.59;25.49;98.8;58.0;0.00;100.00
88868;1531;41.0;50;5.10;7020.0;-10.94;-8.59;25.49;98.8;59.0;0.00;100.00
88878;1529;40.0;50;5.10;7020.0;-10.94;-7.81;25.49;98.8;60.0;0.00;100.00
88887;1527;40.0;50;5.10;7030.0;-10.94;-7.81;25.88;98.8;60.5;0.00;100.00
88905;1526;39.0;50;5.10;7030.0;-10.16;-7.81;25.88;98.8;60.5;0.00;100.00
88916;1525;38.0;50;4.71;7030.0;-10.16;-7.81;25.88;98.8;61.0;0.00;100.00
88928;1524;38.0;50;4.71;7030.0;-10.16;-7.81;25.88;98.8;61.5;0.00;100.00
88937;1524;37.0;50;4.71;7040.0;-10.16;-7.81;25.88;98.8;62.0;0.00;100.00
88946;1523;37.0;50;4.71;7040.0;-10.16;-7.03;25.88;98.8;62.0;0.00;100.00
88957;1522;37.0;50;4.71;7040.0;-10.16;-7.03;26.27;98.8;62.5;0.00;100.00
88969;1522;37.0;50;4.71;7030.0;-10.16;-7.03;26.27;98.8;63.0;0.00;100.00
88976;1521;36.0;50;4.71;7030.0;-10.94;-7.03;26.27;98.8;63.5;0.00;100.00
88988;1521;36.0;50;4.71;7030.0;-10.94;-7.03;26.27;98.8;63.5;0.00;100.00
88996;1520;36.0;50;5.10;7030.0;-10.94;-7.03;25.88;98.8;64.0;0.00;100.00
89008;1519;36.0;50;5.10;7020.0;-10.94;-7.03;25.88;98.8;64.0;0.00;100.00
89025;1519;35.0;50;5.10;7020.0;-11.72;-7.03;25.49;98.8;64.0;0.00;100.00
89038;1517;35.0;50;5.10;7020.0;-11.72;-7.81;25.49;98.8;64.0;0.00;100.00
89047;1516;35.0;50;5.10;7020.0;-11.72;-7.81;25.10;98.8;64.0;0.00;100.00
89057;1515;35.0;50;5.10;7010.0;-11.72;-7.81;25.10;98.8;64.0;0.00;100.00
89068;1514;35.0;50;5.10;7010.0;-12.50;-7.81;24.71;98.8;64.5;0.00;100.00
89081;1512;35.0;50;5.10;7010.0;-12.50;-7.81;24.71;98.8;64.5;0.00;100.00
89097;1511;35.0;50;5.10;7020.0;-12.50;-7.81;24.31;98.8;64.5;0.00;100.00
89109;1510;35.0;50;5.10;7020.0;-12.50;-7.81;24.31;98.8;64.5;0.00;100.00
89118;1508;35.0;50;5.10;7020.0;-12.50;-7.81;24.31;98.8;64.5;0.00;100.00
89128;1507;35.0;50;5.10;7020.0;-12.50;-7.81;24.31;98.8;64.5;0.00;100.00
89137;1506;35.0;50;5.10;7030.0;-12.50;-7.81;24.31;98.8;64.5;0.00;100.00
89156;1505;35.0;50;5.10;7030.0;-13.28;-7.81;24.31;98.8;65.0;0.00;100.00
89168;1503;35.0;50;5.10;7030.0;-13.28;-7.81;24.31;98.8;65.0;0.00;100.00
89178;1501;35.0;50;5.10;7030.0;-13.28;-7.81;24.31;98.8;65.0;0.00;100.00
89187;1499;35.0;50;5.10;7040.0;-13.28;-7.81;24.31;98.8;65.0;0.00;100.00
89198;1497;35.0;50;5.10;7040.0;-13.28;-7.81;24.31;98.8;65.5;0.00;100.00
89209;1495;35.0;50;5.10;7040.0;-13.28;-7.81;24.31;98.8;65.5;0.00;100.00
89218;1494;35.0;50;5.10;7040.0;-13.28;-7.81;24.31;98.8;65.5;0.00;100.00
89228;1492;34.0;50;5.10;7040.0;-12.50;-7.81;24.31;98.8;65.5;0.00;100.00
89238;1490;34.0;50;5.10;7040.0;-12.50;-7.81;24.31;98.8;66.0;0.00;100.00
89249;1488;34.0;50;5.10;7040.0;-12.50;-7.03;24.31;98.8;66.0;0.00;100.00
89258;1486;34.0;50;5.10;7040.0;-12.50;-7.03;24.31;98.8;66.0;0.00;100.00
89279;1484;34.0;50;5.10;7040.0;-11.72;-7.03;24.31;98.8;66.0;0.00;100.00
89288;1483;34.0;50;5.10;7040.0;-11.72;-7.03;24.31;98.8;66.5;0.00;100.00
89296;1482;34.0;50;5.10;7040.0;-11.72;-7.03;23.92;98.8;66.5;0.00;100.00
89308;1481;34.0;50;5.10;7040.0;-11.72;-7.03;23.92;98.8;66.5;0.00;100.00
89318;1480;34.0;50;5.10;7040.0;-10.94;-6.25;23.92;98.8;66.5;0.00;100.00
89327;1479;34.0;50;5.10;7040.0;-10.94;-6.25;23.92;98.8;66.5;0.00;100.00
89338;1477;34.0;50;5.10;7040.0;-10.94;-6.25;23.92;98.8;66.5;0.00;100.00
89348;1476;35.0;50;5.10;7040.0;-10.16;-6.25;23.92;98.8;67.0;0.00;100.00
89356;1475;35.0;50;5.10;7040.0;-10.16;-6.25;23.92;98.8;67.0;0.00;100.00
89378;1474;35.0;50;5.10;7040.0;-9.38;-6.25;23.92;98.8;67.0;0.00;100.00
89387;1473;35.0;50;5.10;7040.0;-9.38;-6.25;23.92;98.8;67.0;0.00;100.00
89404;1472;35.0;50;5.10;7040.0;-8.59;-6.25;23.92;98.8;67.0;0.00;100.00
89417;1471;35.0;50;5.10;7040.0;-8.59;-5.47;23.92;98.8;67.0;0.00;100.00
89428;1471;35.0;50;5.10;7040.0;-7.81;-5.47;23.92;98.8;67.0;0.00;100.00
89436;1470;35.0;50;5.10;7040.0;-7.81;-5.47;23.92;98.8;67.0;0.00;100.00
89448;1470;35.0;50;5.10;7040.0;-7.03;-5.47;23.92;98.8;67.5;0.00;100.00
89458;1469;35.0;50;5.10;7040.0;-7.03;-5.47;23.92;98.8;67.5;0.00;100.00
89468;1469;35.0;50;5.10;7040.0;-7.03;-5.47;23.92;98.8;67.5;0.00;100.00
89477;1468;35.0;50;5.10;7040.0;-7.03;-5.47;23.92;98.8;67.5;0.00;100.00
89488;1468;35.0;50;5.10;7040.0;-6.25;-5.47;23.92;98.8;67.5;0.00;100.00
89497;1468;35.0;50;5.10;7040.0;-6.25;-5.47;23.92;98.8;67.5;0.00;100.00
89508;1467;35.0;50;5.10;7040.0;-6.25;-5.47;23.92;98.8;67.5;0.00;100.00
89523;1467;35.0;50;5.10;7040.0;-6.25;-5.47;23.92;98.8;67.5;0.00;100.00
89538;1466;35.0;50;5.10;7040.0;-6.25;-4.69;23.92;98.8;67.5;0.00;100.00
89547;1466;35.0;50;5.10;7040.0;-6.25;-4.69;23.92;98.8;67.5;0.00;100.00
89558;1465;35.0;50;5.10;7040.0;-5.47;-4.69;23.92;98.8;67.5;0.00;100.00
89567;1465;35.0;50;5.10;7040.0;-5.47;-4.69;23.92;98.8;68.0;0.00;100.00
89578;1465;35.0;50;5.10;7040.0;-5.47;-4.69;23.92;98.8;68.0;0.00;100.00
89588;1464;35.0;50;5.10;7040.0;-5.47;-4.69;23.92;98.8;68.0;0.00;100.00
89597;1464;34.0;50;5.10;7040.0;-5.47;-4.69;23.92;98.8;68.0;0.00;100.00
89609;1463;34.0;50;5.10;7040.0;-5.47;-4.69;23.92;98.8;68.0;0.00;100.00
89618;1463;34.0;50;4.71;7040.0;-5.47;-4.69;23.92;98.8;68.0;0.00;100.00
89628;1463;34.0;50;4.71;7040.0;-5.47;-4.69;23.92;98.8;68.0;0.00;100.00
89643;1462;34.0;50;4.71;7040.0;-5.47;-4.69;23.92;98.8;68.5;0.00;100.00
89658;1462;34.0;50;4.71;7040.0;-5.47;-4.69;23.92;98.8;68.5;0.00;100.00
89670;1461;34.0;50;4.71;7040.0;-5.47;-4.69;23.53;98.8;68.5;0.00;100.00
89688;1460;34.0;50;4.71;7040.0;-5.47;-4.69;23.53;98.8;68.5;0.00;100.00
89697;1460;34.0;50;4.71;7040.0;-5.47;-4.69;23.53;98.8;69.0;0.00;100.00
89707;1459;34.0;50;4.71;7040.0;-5.47;-4.69;23.53;98.8;69.0;0.00;100.00
89718;1459;34.0;50;4.71;7040.0;-5.47;-4.69;23.53;98.8;69.0;0.00;100.00
89727;1458;34.0;50;4.71;7040.0;-5.47;-4.69;23.53;98.8;69.0;0.00;100.00
89738;1458;34.0;50;4.71;7040.0;-5.47;-4.69;23.53;98.8;69.5;0.00;100.00
89747;1457;34.0;50;4.71;7040.0;-5.47;-4.69;23.53;98.8;69.5;0.00;100.00
89758;1456;34.0;50;4.71;7040.0;-5.47;-4.69;23.53;98.8;69.5;0.00;100.00
89774;1456;34.0;50;4.71;7040.0;-4.69;-4.69;23.53;98.8;69.5;0.00;100.00
89789;1456;34.0;50;4.71;7040.0;-4.69;-4.69;23.53;98.8;69.5;0.00;100.00
89797;1457;34.0;50;4.71;7040.0;-4.69;-4.69;23.14;98.8;69.5;0.00;100.00
89809;1457;34.0;50;4.71;7040.0;-4.69;-4.69;23.14;98.8;69.5;0.00;100.00
89829;1458;34.0;50;4.71;7040.0;-4.69;-4.69;23.14;98.8;69.5;0.00;100.00
89837;1458;34.0;50;4.71;7040.0;-4.69;-4.69;23.14;98.8;69.5;0.00;100.00
89848;1458;34.0;50;4.71;7040.0;-4.69;-4.69;23.14;98.8;69.5;0.00;100.00
89858;1459;33.0;50;4.71;7040.0;-4.69;-4.69;23.14;98.8;69.5;0.00;100.00
89867;1459;33.0;50;4.71;7040.0;-4.69;-4.69;23.14;98.8;69.5;0.00;100.00
89878;1460;33.0;50;4.71;7040.0;-4.69;-4.69;23.14;98.8;69.5;0.00;100.00
89887;1460;33.0;50;4.71;7040.0;-4.69;-4.69;23.14;98.8;69.5;0.00;100.00
89903;1460;33.0;50;4.71;7040.0;-4.69;-4.69;23.14;98.8;69.5;0.00;100.00
89917;1461;33.0;50;4.71;7040.0;-4.69;-3.91;23.14;98.8;70.0;0.00;100.00
89926;1462;33.0;50;4.71;7040.0;-4.69;-3.91;23.14;98.8;70.0;0.00;100.00
89939;1463;33.0;50;4.71;7040.0;-4.69;-3.91;23.14;98.8;70.0;0.00;100.00
89957;1464;33.0;50;4.71;7040.0;-4.69;-3.91;23.14;98.8;70.0;0.00;100.00
89968;1465;33.0;50;4.71;7040.0;-4.69;-3.91;23.14;98.8;70.0;0.00;100.00
89977;1465;33.0;50;4.71;7040.0;-4.69;-3.91;23.14;98.8;70.0;0.00;100.00
89989;1466;33.0;50;4.71;7040.0;-4.69;-3.91;23.14;98.8;70.5;0.00;100.00
89997;1467;33.0;50;4.71;7040.0;-4.69;-3.91;23.14;98.8;70.5;0.00;100.00
90008;1468;33.0;50;4.71;7040.0;-4.69;-3.91;23.14;98.8;70.5;0.00;100.00
90018;1469;33.0;50;4.71;7040.0;-4.69;-3.91;23.14;98.8;70.5;0.00;100.00
90035;1470;33.0;50;4.71;7040.0;-4.69;-3.91;23.14;98.8;70.5;0.00;100.00
90048;1470;33.0;50;4.71;7040.0;-4.69;-3.91;23.14;98.8;70.5;0.00;100.00
90056;1470;33.0;50;4.71;7040.0;-4.69;-3.91;22.75;98.8;70.5;0.00;100.00
90068;1470;33.0;50;4.71;7040.0;-4.69;-3.91;22.75;98.8;70.5;0.00;100.00
90077;1471;33.0;50;4.71;7040.0;-4.69;-3.91;22.75;98.8;71.0;0.00;100.00
90089;1471;33.0;50;4.71;7040.0;-4.69;-3.91;22.75;98.8;71.0;0.00;100.00
90095;1471;33.0;50;4.71;7040.0;-4.69;-3.91;22.75;98.8;71.0;0.00;100.00
90109;1472;33.0;50;4.71;7040.0;-4.69;-3.91;22.75;98.8;71.0;0.00;100.00
90119;1472;33.0;50;4.71;7040.0;-4.69;-3.91;22.75;98.8;71.0;0.00;100.00
90127;1472;33.0;50;4.71;7040.0;-4.69;-3.91;22.75;98.8;71.0;0.00;100.00
90136;1472;33.0;50;4.71;7040.0;-4.69;-3.91;22.75;98.8;71.0;0.00;100.00
90153;1473;33.0;50;4.71;7040.0;-4.69;-3.91;22.75;98.8;71.0;0.00;100.00
90169;1473;33.0;50;4.71;7040.0;-4.69;-3.91;22.75;98.8;71.0;0.00;100.00
90177;1472;33.0;50;4.71;7040.0;-4.69;-3.91;22.75;98.8;71.0;0.00;100.00
90186;1472;33.0;50;4.71;7040.0;-4.69;-3.91;22.75;98.8;71.0;0.00;100.00
90197;1472;33.0;50;4.71;7040.0;-4.69;-3.91;22.75;98.8;71.0;0.00;100.00
90208;1472;33.0;50;4.71;7040.0;-4.69;-3.91;22.75;98.8;71.0;0.00;100.00
90217;1472;33.0;50;4.71;7040.0;-4.69;-3.91;22.75;98.8;71.0;0.00;100.00
90227;1472;32.0;50;4.71;7040.0;-4.69;-3.91;22.75;98.8;71.0;0.00;100.00
90242;1472;32.0;50;4.71;7040.0;-3.91;-3.91;22.75;98.8;71.0;0.00;100.00
90258;1472;32.0;50;4.71;7040.0;-3.91;-3.91;22.75;98.8;71.0;0.00;100.00
90270;1472;32.0;50;4.71;7040.0;-3.91;-3.91;22.75;98.8;71.0;0.00;100.00
90295;1472;32.0;50;4.71;7040.0;-3.91;-3.91;22.75;98.8;71.0;0.00;100.00
90308;1472;32.0;50;4.71;7040.0;-3.91;-3.91;22.75;98.8;71.5;0.00;100.00
90316;1473;32.0;50;4.71;7040.0;-3.91;-3.91;22.35;98.8;71.5;0.00;100.00
90327;1474;32.0;50;4.71;7040.0;-3.13;-3.91;22.35;98.8;71.5;0.00;100.00
90335;1474;32.0;50;4.71;7040.0;-3.13;-3.91;22.35;98.8;71.5;0.00;100.00
90346;1475;32.0;50;4.71;7040.0;-3.13;-3.91;22.35;98.8;71.5;0.00;100.00
90355;1475;32.0;50;4.71;7040.0;-3.13;-3.91;22.35;98.8;71.5;0.00;100.00
90367;1476;33.0;50;4.71;7040.0;-3.13;-3.91;22.35;98.8;72.0;0.00;100.00
90376;1476;33.0;50;4.71;7040.0;-3.13;-3.91;22.35;98.8;72.0;0.00;100.00
90387;1477;33.0;50;4.71;7040.0;-3.13;-3.91;22.35;98.8;72.0;0.00;100.00
90396;1477;33.0;50;4.71;7040.0;-3.13;-3.91;22.35;98.8;72.0;0.00;100.00
90415;1478;33.0;50;4.71;7040.0;-2.34;-3.91;22.35;98.8;72.0;0.00;100.00
90427;1478;33.0;50;4.71;7040.0;-2.34;-3.91;22.35;98.8;72.0;0.00;100.00
90435;1479;33.0;50;4.71;7040.0;-2.34;-3.91;22.35;98.8;72.0;0.00;100.00
90446;1479;33.0;50;4.71;7040.0;-2.34;-3.91;22.35;98.8;72.0;0.00;100.00
90455;1479;33.0;50;4.71;7040.0;-2.34;-3.91;22.35;98.8;72.5;0.00;100.00
90467;1480;33.0;50;4.71;7040.0;-2.34;-3.91;22.35;98.8;72.5;0.00;100.00
90476;1480;33.0;50;4.71;7040.0;-2.34;-3.91;22.35;98.8;72.5;0.00;100.00
90486;1480;33.0;50;4.71;7040.0;-2.34;-3.91;22.35;98.8;72.5;0.00;100.00
90498;1481;33.0;50;4.71;7040.0;-2.34;-3.91;22.35;98.8;72.5;0.00;100.00
90507;1481;33.0;50;4.71;7040.0;-2.34;-3.91;22.35;98.8;72.5;0.00;100.00
90516;1481;33.0;50;4.71;7040.0;-2.34;-3.91;22.35;98.8;72.5;0.00;100.00
90533;1482;33.0;50;4.71;7040.0;-2.34;-3.91;22.35;98.8;72.5;0.00;100.00
90547;1482;33.0;50;4.71;7040.0;-2.34;-3.91;22.35;98.8;72.5;0.00;100.00
90556;1482;33.0;50;4.71;7040.0;-2.34;-3.91;22.35;98.8;72.5;0.00;100.00
90568;1482;33.0;50;4.71;7040.0;-2.34;-3.91;22.35;98.8;72.5;0.00;100.00
90577;1483;33.0;50;4.71;7040.0;-2.34;-3.91;22.35;98.8;72.5;0.00;100.00
90586;1483;33.0;50;4.71;7040.0;-2.34;-3.91;22.35;98.8;72.5;0.00;100.00
90598;1483;33.0;50;4.71;7040.0;-2.34;-3.91;22.35;98.8;72.5;0.00;100.00
90607;1483;32.0;50;4.71;7040.0;-2.34;-3.91;22.35;98.8;72.5;0.00;100.00
90616;1483;32.0;50;4.71;7040.0;-2.34;-3.91;22.35;98.8;72.5;0.00;100.00
90628;1484;32.0;50;4.71;7040.0;-2.34;-3.91;22.35;98.8;72.5;0.00;100.00
90636;1484;32.0;50;4.71;7040.0;-2.34;-3.91;22.35;98.8;72.5;0.00;100.00
90651;1484;32.0;50;4.71;7040.0;-2.34;-3.91;22.35;98.8;72.5;0.00;100.00
90669;1484;32.0;50;4.71;7040.0;-2.34;-3.91;22.35;98.8;72.5;0.00;100.00
90675;1484;32.0;50;4.71;7040.0;-2.34;-3.91;21.96;98.8;72.5;0.00;100.00
90687;1484;32.0;50;4.71;7040.0;-2.34;-3.91;21.96;98.8;72.5;0.00;100.00
90695;1484;32.0;50;4.71;7040.0;-2.34;-3.91;21.96;98.8;73.0;0.00;100.00
90707;1484;32.0;50;4.71;7040.0;-2.34;-3.91;21.96;98.8;73.0;0.00;100.00
90716;1484;32.0;50;4.71;7040.0;-2.34;-3.91;21.96;98.8;73.0;0.00;100.00
90725;1484;32.0;50;4.71;7040.0;-2.34;-3.91;21.96;98.8;73.0;0.00;100.00
90737;1484;32.0;50;4.71;7040.0;-2.34;-3.91;21.96;98.8;73.0;0.00;100.00
90746;1484;32.0;50;4.71;7040.0;-2.34;-3.91;21.96;98.8;73.0;0.00;100.00
90755;1483;32.0;50;4.71;7040.0;-2.34;-3.91;21.96;98.8;73.0;0.00;100.00
90772;1483;32.0;50;4.71;7040.0;-2.34;-3.91;21.96;98.8;73.0;0.00;100.00
90786;1483;32.0;50;4.71;7040.0;-2.34;-3.91;21.96;98.8;73.0;0.00;100.00
90796;1483;32.0;50;4.71;7040.0;-2.34;-3.91;22.35;98.8;73.0;0.00;100.00
90807;1482;32.0;50;4.71;7040.0;-2.34;-3.91;22.35;98.8;73.0;0.00;100.00
90815;1482;32.0;50;4.71;7040.0;-2.34;-3.91;22.35;98.8;73.5;0.00;100.00
90827;1481;32.0;50;4.71;7040.0;-2.34;-3.91;22.35;98.8;73.5;0.00;100.00
90836;1481;32.0;50;4.71;7040.0;-2.34;-3.91;22.35;98.8;73.5;0.00;100.00
90846;1481;32.0;50;4.71;7040.0;-2.34;-3.91;22.35;98.8;73.5;0.00;100.00
90858;1480;32.0;50;4.71;7040.0;-2.34;-3.91;22.35;98.8;73.5;0.00;100.00
90868;1480;32.0;50;5.10;7040.0;-2.34;-3.91;22.35;98.8;73.5;0.00;100.00
90876;1479;32.0;50;5.10;7040.0;-2.34;-3.91;22.35;98.8;73.5;0.00;100.00
90891;1479;32.0;50;5.10;7040.0;-3.13;-3.91;22.35;98.8;73.5;0.00;100.00
90906;1478;32.0;50;5.10;7040.0;-3.13;-3.13;22.35;98.8;73.5;0.00;100.00
90916;1477;32.0;50;5.10;7040.0;-3.13;-3.13;22.75;98.8;73.5;0.00;100.00
90927;1476;32.0;50;5.10;7040.0;-3.13;-3.13;22.75;98.8;73.5;0.00;100.00
90936;1475;32.0;50;5.10;7040.0;-3.13;-3.13;22.75;98.8;73.0;0.00;100.00
90947;1475;32.0;50;5.10;7040.0;-3.13;-3.13;22.75;98.8;73.0;0.00;100.00
90955;1474;32.0;50;5.10;7040.0;-3.13;-3.13;22.75;98.8;73.0;0.00;100.00
90969;1473;33.0;50;5.10;7040.0;-3.13;-3.13;22.75;98.8;73.0;0.00;100.00
90987;1472;33.0;50;5.10;7040.0;-3.13;-3.13;22.75;98.8;73.0;0.00;100.00
90996;1471;33.0;50;4.71;7040.0;-3.13;-3.13;22.75;98.8;73.0;0.00;100.00
91006;1470;33.0;50;4.71;7040.0;-3.13;-3.13;22.75;98.8;73.0;0.00;100.00
91023;1469;33.0;50;4.71;7040.0;-3.13;-3.13;22.75;98.8;73.0;0.00;100.00
91037;1469;33.0;50;4.71;7040.0;-3.13;-3.91;22.75;98.8;73.0;0.00;100.00
91047;1470;33.0;50;4.71;7040.0;-3.13;-3.91;23.14;98.8;73.0;0.00;100.00
91057;1470;33.0;50;4.71;7040.0;-3.13;-3.91;23.14;98.8;73.0;0.00;100.00
91069;1470;33.0;50;4.71;7040.0;-3.13;-3.91;23.14;98.8;73.5;0.00;100.00
91086;1470;33.0;50;4.71;7040.0;-3.13;-3.91;23.14;98.8;73.5;0.00;100.00
91097;1470;33.0;50;4.71;7040.0;-3.13;-3.91;23.14;98.8;73.5;0.00;100.00
91108;1470;32.0;50;4.71;7040.0;-3.13;-3.91;23.14;98.8;73.5;0.00;100.00
91117;1470;32.0;50;4.71;7040.0;-3.13;-3.91;23.14;98.8;73.5;0.00;100.00
91128;1470;32.0;50;4.71;7040.0;-3.13;-3.91;23.14;98.8;73.5;0.00;100.00
91137;1471;32.0;50;4.71;7040.0;-3.13;-3.91;23.14;98.8;73.5;0.00;100.00
91153;1471;32.0;50;4.71;7040.0;-3.13;-3.91;23.14;98.8;73.5;0.00;100.00
91169;1470;32.0;50;4.71;7040.0;-3.13;-4.69;23.14;98.8;73.5;0.00;100.00
91187;1470;32.0;50;4.71;7040.0;-3.13;-4.69;22.75;98.8;73.5;0.00;100.00
91197;1470;32.0;50;4.71;7040.0;-3.13;-4.69;22.75;98.8;73.5;0.00;100.00
91205;1470;32.0;50;4.71;7040.0;-3.13;-4.69;22.75;98.8;74.0;0.00;100.00
91216;1469;32.0;50;4.71;7040.0;-3.13;-4.69;22.75;98.8;74.0;0.00;100.00
91227;1469;32.0;50;4.71;7040.0;-3.13;-4.69;22.75;98.8;74.0;0.00;100.00
91235;1469;32.0;50;4.71;7040.0;-3.13;-4.69;22.75;98.8;74.0;0.00;100.00
91245;1468;32.0;50;4.71;7040.0;-3.13;-4.69;22.75;98.8;74.0;0.00;100.00
91257;1468;32.0;50;4.71;7040.0;-3.13;-4.69;22.75;98.8;74.0;0.00;100.00
91268;1468;32.0;50;4.71;7040.0;-3.13;-4.69;22.75;98.8;74.0;0.00;100.00
91283;1468;32.0;50;4.71;7040.0;-3.13;-4.69;22.75;98.8;74.0;0.00;100.00
91297;1467;32.0;50;4.71;7040.0;-3.13;-4.69;22.75;98.8;74.0;0.00;100.00
91306;1467;32.0;50;4.71;7040.0;-3.13;-4.69;22.35;98.8;74.0;0.00;100.00
91317;1467;32.0;50;4.71;7040.0;-3.13;-4.69;22.35;98.8;74.0;0.00;100.00
91328;1467;32.0;50;4.71;7040.0;-3.13;-4.69;22.35;98.8;74.0;0.00;100.00
91337;1467;32.0;50;4.71;7040.0;-3.13;-4.69;22.35;98.8;74.0;0.00;100.00
91345;1467;32.0;50;4.71;7040.0;-3.13;-4.69;22.35;98.8;74.0;0.00;100.00
91357;1467;33.0;50;4.71;7040.0;-3.13;-4.69;22.35;98.8;74.0;0.00;100.00
91378;1466;33.0;50;4.71;7040.0;-3.13;-4.69;22.35;98.8;74.0;0.00;100.00
91387;1466;33.0;50;4.71;7040.0;-3.13;-4.69;22.35;98.8;74.0;0.00;100.00
91396;1466;33.0;50;4.71;7040.0;-3.13;-4.69;22.35;98.8;74.0;0.00;100.00
91413;1466;33.0;50;4.71;7040.0;-2.34;-4.69;22.35;98.8;74.0;0.00;100.00
91427;1464;33.0;50;4.71;7040.0;-2.34;-3.91;22.35;98.8;74.0;0.00;100.00
91436;1462;33.0;50;4.71;7040.0;-2.34;-3.91;22.75;98.8;74.0;0.00;100.00
91448;1460;33.0;50;4.71;7040.0;-2.34;-3.91;22.75;98.8;74.0;0.00;100.00
91455;1458;33.0;50;4.71;7040.0;-2.34;-3.91;22.75;98.8;74.0;0.00;100.00
91467;1456;33.0;50;4.71;7040.0;-2.34;-3.91;22.75;98.8;74.0;0.00;100.00
91477;1454;33.0;50;4.71;7040.0;-2.34;-3.91;22.75;98.8;74.0;0.00;100.00
91488;1452;33.0;50;4.71;7040.0;-2.34;-3.91;22.75;98.8;74.0;0.00;100.00
91497;1450;33.0;49;4.71;7040.0;-3.13;-3.91;22.75;98.8;74.0;0.00;100.00
91506;1448;33.0;49;4.71;7040.0;-3.13;-3.91;22.75;98.8;74.0;0.00;100.00
91517;1447;33.0;49;4.71;7040.0;-3.13;-3.91;22.75;98.8;74.0;0.00;100.00
91533;1445;33.0;49;4.71;7040.0;-3.13;-3.91;22.75;98.8;74.0;0.00;100.00
91547;1443;33.0;49;4.71;7040.0;-3.13;-3.91;22.75;98.8;74.0;0.00;100.00
91556;1440;33.0;49;4.71;7040.0;-3.13;-3.91;23.14;98.8;74.0;0.00;100.00
91568;1438;33.0;49;4.71;7040.0;-3.91;-3.91;23.14;98.8;74.0;0.00;100.00
91575;1436;33.0;49;4.71;7040.0;-3.91;-3.91;23.14;98.8;74.0;0.00;100.00
91585;1434;33.0;49;4.71;7040.0;-3.91;-3.91;23.14;98.8;74.0;0.00;100.00
91597;1432;33.0;49;4.71;7040.0;-3.91;-3.91;23.14;98.8;74.0;0.00;100.00
91607;1430;32.0;49;4.71;7040.0;-3.91;-3.91;23.14;98.8;74.0;0.00;100.00
91616;1428;32.0;50;4.71;7040.0;-3.91;-3.91;23.14;98.8;74.0;0.00;100.00
91627;1426;32.0;50;4.31;7040.0;-3.91;-3.91;23.14;98.8;74.0;0.00;100.00
91638;1423;32.0;50;4.31;7040.0;-3.91;-3.91;23.14;98.8;74.0;0.00;100.00
91653;1421;32.0;50;4.31;7040.0;-3.91;-3.91;23.14;98.8;74.0;0.00;100.00
91669;1420;32.0;50;4.31;7040.0;-3.91;-3.91;23.14;98.8;74.5;0.00;100.00
91688;1419;32.0;50;4.31;7040.0;-3.91;-3.91;22.75;98.8;74.5;0.00;100.00
91697;1418;32.0;50;4.31;7040.0;-3.91;-3.91;22.75;98.8;74.5;0.00;100.00
91707;1417;32.0;50;4.31;7040.0;-3.91;-3.91;22.75;98.8;74.5;0.00;100.00
91717;1416;32.0;50;4.71;7040.0;-3.91;-3.91;22.75;98.8;74.5;0.00;100.00
91726;1415;32.0;50;4.71;7040.0;-3.91;-3.91;22.75;98.8;74.5;0.00;100.00
91737;1414;33.0;50;4.71;7040.0;-3.91;-3.91;22.75;98.8;75.0;0.00;100.00
91747;1413;33.0;49;4.71;7040.0;-3.91;-3.91;22.75;98.8;75.0;0.00;100.00
91756;1412;33.0;49;5.10;7040.0;-3.91;-3.91;23.14;98.8;75.0;0.00;100.00
91770;1411;33.0;49;5.10;7040.0;-3.91;-3.91;23.14;98.8;74.5;0.00;100.00
91794;1410;33.0;49;5.10;7040.0;-3.13;-3.91;23.53;98.8;74.0;0.00;100.00
91808;1411;33.0;49;5.10;7040.0;-3.13;-3.13;23.53;98.8;74.0;0.00;100.00
91817;1412;33.0;49;5.49;7040.0;-3.13;-3.13;23.92;98.8;73.5;0.00;100.00
91827;1413;33.0;49;5.49;7040.0;-3.13;-3.13;23.92;98.8;73.0;0.00;100.00
91838;1413;34.0;49;5.49;7040.0;-3.13;-3.13;24.31;98.8;72.5;0.00;100.00
91846;1414;34.0;49;5.49;7040.0;-3.13;-3.13;24.31;98.8;72.0;0.00;100.00
91857;1415;34.0;49;5.49;7040.0;-3.13;-3.13;24.71;98.8;71.5;0.00;100.00
91869;1416;34.0;49;5.49;7040.0;-3.13;-3.13;24.71;98.8;71.5;0.00;100.00
91887;1417;34.0;49;5.49;7040.0;-3.13;-3.13;24.71;98.8;71.0;0.00;100.00
91897;1417;34.0;49;5.10;7040.0;-3.13;-3.13;24.71;98.8;70.5;0.00;100.00
91907;1418;35.0;49;5.10;7040.0;-3.13;-3.13;25.10;98.8;70.5;0.00;100.00
91922;1419;35.0;49;5.10;7040.0;-3.13;-3.13;25.10;98.8;70.5;0.00;100.00
91937;1419;35.0;49;5.10;7040.0;-3.13;-3.91;25.10;98.8;70.5;0.00;100.00
91948;1419;35.0;49;5.10;7040.0;-3.13;-3.91;25.10;98.8;70.5;0.00;100.00
91956;1419;35.0;49;5.10;7040.0;-3.13;-3.91;25.10;98.8;70.5;0.00;100.00
91969;1420;35.0;49;5.10;7040.0;-3.13;-3.91;25.10;98.8;70.0;0.00;100.00
91988;1420;35.0;49;5.10;7040.0;-3.13;-3.91;25.49;98.8;70.0;0.00;100.00
91997;1420;35.0;49;5.10;7040.0;-3.13;-3.91;25.49;98.8;70.0;0.00;100.00
92007;1420;35.0;49;5.10;7040.0;-3.13;-3.91;25.49;98.8;70.0;0.00;100.00
92018;1421;35.0;49;5.10;7040.0;-3.13;-3.91;25.49;98.8;70.0;0.00;100.00
92028;1421;35.0;49;4.71;7040.0;-3.13;-3.91;25.49;98.8;70.0;0.00;100.00
92037;1421;35.0;49;4.71;7040.0;-3.13;-3.91;25.49;98.8;70.0;0.00;100.00
92053;1421;35.0;49;4.71;7040.0;-3.13;-3.91;25.49;98.8;69.5;0.00;100.00
92069;1419;35.0;49;4.71;7040.0;-3.13;-4.69;25.49;98.8;69.5;0.00;100.00
92078;1417;35.0;49;4.71;7040.0;-3.13;-4.69;25.10;98.8;69.5;0.00;100.00
92087;1414;36.0;49;4.71;7040.0;-3.13;-4.69;25.10;98.8;69.5;0.00;100.00
92096;1412;36.0;49;4.71;7040.0;-3.13;-4.69;25.10;98.8;69.0;0.00;100.00
92106;1410;36.0;49;5.10;7040.0;-3.13;-4.69;25.10;98.8;69.0;0.00;100.00
92118;1407;36.0;49;5.10;7040.0;-3.13;-4.69;25.10;98.8;69.0;0.00;100.00
92126;1405;37.0;49;5.10;7040.0;-3.13;-4.69;25.10;98.8;69.0;0.00;100.00
92138;1403;37.0;49;5.10;7040.0;-3.13;-4.69;25.49;98.8;68.5;0.00;100.00
92149;1401;37.0;49;5.49;7040.0;-3.13;-3.91;25.49;98.8;68.5;0.00;100.00
92157;1398;37.0;49;5.49;7040.0;-3.13;-3.91;25.88;98.8;68.0;0.00;100.00
92172;1396;38.0;49;5.49;7040.0;-2.34;-3.91;26.27;98.8;68.0;0.00;100.00
92187;1394;38.0;49;5.49;7040.0;-2.34;-3.91;26.27;98.8;67.5;0.00;100.00
92196;1393;38.0;49;5.88;7040.0;-2.34;-3.91;26.67;98.8;67.0;0.00;100.00
92207;1391;38.0;49;5.88;7040.0;-2.34;-3.91;26.67;98.8;67.0;0.00;100.00
92217;1390;39.0;49;5.88;7040.0;-2.34;-3.13;27.06;98.8;66.5;0.00;100.00
92226;1388;39.0;49;5.88;7040.0;-2.34;-3.13;27.45;98.8;66.5;0.00;100.00
92237;1386;39.0;49;5.88;7040.0;-2.34;-3.13;27.45;98.8;66.0;0.00;100.00
92246;1385;39.0;49;5.88;7040.0;-2.34;-3.13;27.84;98.8;65.5;0.00;100.00
92257;1383;39.0;49;5.88;7040.0;-1.56;-3.13;27.84;98.8;65.5;0.00;100.00
92271;1381;39.0;49;5.49;7040.0;-1.56;-3.13;27.84;98.8;65.0;0.00;100.00
92287;1380;40.0;49;5.49;7040.0;-1.56;-3.13;27.84;98.8;65.0;0.00;100.00
92303;1378;40.0;49;5.49;7040.0;-1.56;-3.13;27.84;98.8;65.0;0.00;100.00
92316;1378;40.0;49;5.49;7040.0;-1.56;-2.34;27.84;98.8;65.0;0.00;100.00
92326;1377;40.0;49;5.49;7040.0;-1.56;-2.34;28.24;98.8;65.0;0.00;100.00
92338;1377;40.0;49;5.49;7040.0;-0.78;-2.34;28.24;98.8;65.0;0.00;100.00
92346;1376;40.0;49;5.49;7040.0;-0.78;-2.34;28.24;98.8;65.0;0.00;100.00
92358;1376;40.0;49;5.49;7040.0;-0.78;-2.34;28.24;98.8;65.0;0.00;100.00
92378;1375;40.0;49;5.49;7040.0;-0.78;-2.34;28.24;98.8;65.0;0.00;100.00
92387;1375;39.0;49;5.49;7040.0;-0.78;-2.34;28.24;98.8;65.0;0.00;100.00
92396;1374;39.0;49;5.49;7040.0;0.00;-2.34;28.24;98.8;65.0;0.00;100.00
92407;1374;39.0;49;5.10;7040.0;0.00;-1.56;28.24;98.8;65.0;0.00;100.00
92417;1374;39.0;49;5.10;7040.0;0.00;-1.56;27.84;98.8;65.0;0.00;100.00
92432;1373;39.0;49;5.10;7040.0;0.00;-1.56;27.84;98.8;65.0;0.00;100.00
92447;1373;39.0;49;5.10;7040.0;0.00;-1.56;27.84;98.8;65.0;0.00;100.00
92457;1372;39.0;49;5.10;7040.0;0.00;-1.56;27.84;98.8;65.0;0.00;100.00
92469;1372;39.0;49;5.10;7040.0;0.78;-1.56;27.84;98.8;65.0;0.00;100.00
92486;1371;38.0;49;5.10;7040.0;0.78;-0.78;27.84;98.8;65.5;0.00;100.00
92497;1371;38.0;49;5.10;7040.0;0.78;-0.78;27.45;98.8;65.5;0.00;100.00
92507;1370;38.0;49;5.10;7040.0;0.78;-0.78;27.45;98.8;65.5;0.00;100.00
92517;1370;38.0;49;5.10;7040.0;0.78;-0.78;27.45;98.8;65.5;0.00;100.00
92529;1369;38.0;49;5.10;7040.0;1.56;-0.78;27.45;98.8;65.5;0.00;100.00
92537;1369;38.0;49;4.71;7040.0;1.56;-0.78;27.45;98.8;65.5;0.00;100.00
92546;1368;37.0;49;4.71;7040.0;1.56;-0.78;27.45;98.8;65.5;0.00;100.00
92564;1368;37.0;49;4.71;7040.0;1.56;-0.78;27.45;98.8;66.0;0.00;100.00
92578;1365;37.0;49;4.71;7040.0;1.56;0.00;27.45;98.8;66.0;0.00;100.00
92587;1362;37.0;49;4.71;7040.0;1.56;0.00;27.06;98.8;66.0;0.00;100.00
92598;1360;36.0;49;4.71;7040.0;2.34;0.00;27.06;98.8;66.0;0.00;100.00
92606;1357;36.0;49;4.71;7040.0;2.34;0.00;27.06;98.8;66.5;0.00;100.00
92616;1354;36.0;49;4.71;7040.0;2.34;0.00;27.06;98.8;66.5;0.00;100.00
92627;1352;36.0;49;4.71;7040.0;2.34;0.00;27.06;98.8;66.5;0.00;100.00
92638;1349;35.0;49;4.71;7040.0;2.34;0.00;27.06;98.8;66.5;0.00;100.00
92648;1346;35.0;49;4.71;7040.0;2.34;0.00;26.67;98.8;67.0;0.00;100.00
92658;1344;35.0;49;4.31;7040.0;2.34;0.00;26.67;98.8;67.0;0.00;100.00
92670;1341;35.0;49;4.31;7040.0;2.34;0.00;26.27;98.8;67.0;0.00;100.00
92692;1338;34.0;49;4.31;7040.0;2.34;0.00;26.27;98.8;67.5;0.00;100.00
92706;1337;34.0;49;4.31;7040.0;2.34;0.78;25.88;98.8;67.5;0.00;100.00
92717;1336;34.0;49;4.31;7040.0;2.34;0.78;25.88;98.8;67.5;0.00;100.00
92728;1334;34.0;49;4.31;7040.0;2.34;0.78;25.49;98.8;68.0;0.00;100.00
92737;1333;34.0;49;4.31;7040.0;2.34;0.78;25.49;98.8;68.0;0.00;100.00
92747;1332;34.0;49;4.31;7040.0;2.34;0.78;25.10;98.8;68.5;0.00;100.00
92756;1330;34.0;49;4.31;7040.0;2.34;0.78;25.10;98.8;68.5;0.00;100.00
92766;1329;34.0;49;4.31;7040.0;2.34;0.78;24.71;98.8;68.5;0.00;100.00
92776;1328;34.0;49;4.31;7040.0;1.56;0.78;24.71;98.8;69.0;0.00;100.00
92787;1327;34.0;49;4.71;7040.0;1.56;0.78;24.71;98.8;69.0;0.00;100.00
92797;1325;34.0;49;4.71;7040.0;1.56;0.78;24.71;98.8;69.0;0.00;100.00
92813;1324;34.0;49;4.71;7040.0;1.56;0.78;24.71;98.8;69.0;0.00;100.00
92827;1325;34.0;49;4.71;7040.0;1.56;1.56;24.71;98.8;69.0;0.00;100.00
92838;1327;34.0;49;4.71;7040.0;1.56;1.56;24.71;98.8;69.0;0.00;100.00
92847;1328;34.0;49;4.71;7040.0;0.78;1.56;24.71;98.8;69.0;0.00;100.00
92857;1329;35.0;49;4.71;7040.0;0.78;1.56;24.71;98.8;69.5;0.00;100.00
92869;1331;35.0;49;4.71;7040.0;0.78;1.56;24.71;98.8;69.5;0.00;100.00
92889;1332;35.0;49;4.71;7040.0;0.78;1.56;24.71;98.8;69.5;0.00;100.00
92908;1334;35.0;49;4.71;7040.0;0.78;1.56;24.71;98.8;69.5;0.00;100.00
92917;1335;35.0;49;4.71;7040.0;0.78;1.56;24.71;98.8;69.5;0.00;100.00
92927;1336;35.0;49;4.71;7040.0;0.78;0.78;24.71;98.8;69.5;0.00;100.00
92938;1338;36.0;49;4.71;7040.0;0.78;0.78;24.71;98.8;69.5;0.00;100.00
92952;1339;36.0;49;4.71;7040.0;0.00;0.78;24.71;98.8;69.5;0.00;100.00
92967;1340;36.0;49;4.71;7040.0;0.00;0.78;24.71;98.8;69.5;0.00;100.00
92978;1341;36.0;49;4.71;7040.0;0.00;0.78;24.71;98.8;69.5;0.00;100.00
92987;1342;36.0;49;4.71;7040.0;0.00;0.78;24.71;98.8;69.5;0.00;100.00
92996;1343;36.0;49;4.71;7040.0;0.00;0.00;24.71;98.8;70.0;0.00;100.00
93007;1345;36.0;49;4.71;7040.0;0.00;0.00;24.71;98.8;70.0;0.00;100.00
93018;1346;36.0;49;4.71;7040.0;0.00;0.00;24.71;98.8;70.0;0.00;100.00
93026;1347;35.0;49;4.71;7040.0;0.00;0.00;24.71;98.8;70.0;0.00;100.00
93038;1348;35.0;49;4.71;7040.0;-0.78;0.00;24.71;98.8;70.0;0.00;100.00
93047;1349;35.0;49;4.31;7040.0;-0.78;-0.78;24.71;98.8;70.0;0.00;100.00
93058;1350;35.0;49;4.31;7040.0;-0.78;-0.78;24.31;98.8;70.0;0.00;100.00
93073;1351;35.0;49;4.31;7040.0;-0.78;-0.78;24.31;98.8;70.0;0.00;100.00
93088;1352;35.0;49;4.31;7040.0;-0.78;-0.78;24.31;98.8;70.0;0.00;100.00
93098;1352;35.0;49;4.31;7040.0;-0.78;-0.78;24.31;98.8;70.0;0.00;100.00
93106;1353;35.0;49;4.31;7040.0;-1.56;-0.78;24.31;98.8;70.0;0.00;100.00
93117;1353;35.0;49;4.31;7040.0;-1.56;-1.56;24.31;98.8;70.5;0.00;100.00
93126;1354;35.0;49;4.31;7040.0;-1.56;-1.56;23.92;98.8;70.5;0.00;100.00
93135;1354;35.0;49;4.31;7040.0;-1.56;-1.56;23.92;98.8;70.5;0.00;100.00
93148;1355;34.0;49;4.31;7040.0;-1.56;-1.56;23.92;98.8;70.5;0.00;100.00
93158;1355;34.0;49;4.31;7040.0;-1.56;-1.56;23.92;98.8;70.5;0.00;100.00
93170;1356;34.0;49;4.31;7040.0;-1.56;-1.56;23.92;98.8;70.5;0.00;100.00
93187;1356;34.0;49;4.31;7040.0;-1.56;-1.56;23.92;98.8;70.5;0.00;100.00
93204;1357;34.0;49;4.31;7040.0;-0.78;-1.56;23.92;98.8;70.5;0.00;100.00
93216;1357;34.0;49;4.31;7040.0;-0.78;-2.34;23.92;98.8;70.5;0.00;100.00
93228;1358;34.0;49;4.31;7040.0;-0.78;-2.34;23.53;98.8;70.5;0.00;100.00
93239;1359;34.0;49;4.31;7040.0;-0.78;-2.34;23.53;98.8;70.5;0.00;100.00
93246;1359;34.0;49;4.31;7040.0;-0.78;-2.34;23.53;98.8;71.0;0.00;100.00
93258;1360;34.0;49;4.31;7040.0;-0.78;-2.34;23.53;98.8;71.0;0.00;100.00
93269;1360;34.0;49;4.31;7040.0;-0.78;-2.34;23.53;98.8;71.0;0.00;100.00
93289;1361;34.0;49;4.31;7040.0;-0.78;-2.34;23.53;98.8;71.0;0.00;100.00
93307;1362;34.0;49;4.31;7040.0;-0.78;-2.34;23.53;98.8;71.0;0.00;100.00
93318;1362;34.0;49;4.71;7040.0;-0.78;-2.34;23.53;98.8;71.0;0.00;100.00
93327;1363;34.0;49;4.71;7040.0;-0.78;-2.34;23.53;98.8;71.0;0.00;100.00
93344;1364;34.0;49;4.71;7040.0;-0.78;-2.34;23.53;98.8;71.0;0.00;100.00
93356;1365;34.0;49;4.71;7040.0;-0.78;-3.13;23.53;98.8;71.0;0.00;100.00
93377;1367;34.0;49;4.71;7040.0;-0.78;-3.13;23.53;98.8;71.0;0.00;100.00
93386;1369;34.0;49;4.71;7040.0;-0.78;-3.13;23.53;98.8;71.0;0.00;100.00
93396;1370;35.0;49;4.71;7040.0;-0.78;-3.13;23.53;98.8;71.0;0.00;100.00
93407;1372;35.0;49;5.10;7040.0;-0.78;-3.13;23.53;98.8;71.0;0.00;100.00
93416;1373;35.0;49;5.10;7050.0;-0.78;-3.13;23.53;98.8;71.0;0.00;100.00
93428;1375;35.0;49;5.10;7050.0;-0.78;-3.13;23.53;98.8;71.0;0.00;100.00
93436;1377;35.0;49;5.10;7050.0;-0.78;-3.13;24.31;98.8;71.0;0.00;100.00
93448;1378;35.0;49;5.49;7060.0;-0.78;-3.13;24.71;98.8;71.0;0.00;100.00
93456;1380;36.0;49;5.49;7060.0;-0.78;-3.13;25.49;98.8;70.5;0.00;100.00
93474;1382;36.0;49;5.49;7070.0;-0.78;-3.13;25.88;98.8;70.0;0.00;100.00
93488;1385;36.0;49;5.49;7070.0;-0.78;-3.13;26.67;98.8;69.5;0.00;100.00
93496;1389;37.0;49;5.88;7070.0;-0.78;-3.13;27.06;98.8;69.0;0.00;100.00
93508;1393;39.0;49;5.88;7080.0;-0.78;-3.13;27.84;98.8;68.5;0.00;100.00
93518;1397;40.0;49;5.88;7080.0;-0.78;-3.13;28.24;98.8;67.5;0.00;100.00
93529;1401;41.0;49;6.27;7080.0;-0.78;-3.13;29.02;98.8;67.0;0.00;100.00
93538;1405;42.0;49;6.27;7070.0;-0.78;-3.13;29.41;98.8;66.5;0.00;100.00
93547;1409;44.0;49;6.27;7070.0;-0.78;-3.13;30.20;98.8;66.0;0.00;100.00
93558;1412;45.0;49;6.67;7070.0;-0.78;-3.13;30.98;98.8;65.5;0.00;100.00
93569;1416;46.0;49;6.67;7060.0;-0.78;-3.13;31.37;98.8;65.0;0.00;100.00
93588;1420;47.0;49;7.06;7060.0;-0.78;-3.13;32.16;98.8;64.5;0.00;100.00
93602;1424;49.0;49;7.06;7050.0;-1.56;-3.13;32.94;98.9;64.0;0.00;100.00
93618;1432;50.0;49;7.06;7050.0;-1.56;-2.34;33.73;98.9;63.0;0.00;100.00
93628;1439;51.0;49;7.45;7050.0;-1.56;-2.34;34.12;98.9;62.5;0.00;100.00
93638;1447;51.0;49;7.45;7040.0;-1.56;-2.34;34.90;98.9;62.0;0.00;100.00
93646;1454;52.0;49;7.45;7040.0;-1.56;-2.34;35.69;98.9;61.5;0.00;100.00
93658;1462;52.0;49;7.45;7040.0;-1.56;-2.34;36.47;98.9;61.0;0.00;100.00
93669;1470;53.0;49;7.84;7050.0;-1.56;-2.34;36.86;98.9;60.5;0.00;100.00
93678;1477;53.0;49;7.84;7050.0;-1.56;-2.34;37.65;98.9;59.5;0.00;100.00
93687;1485;54.0;49;7.84;7050.0;-0.78;-1.56;38.04;98.9;59.0;0.00;100.00
93698;1493;54.0;49;7.84;7060.0;-0.78;-1.56;38.04;98.9;58.5;0.00;100.00
93708;1500;55.0;49;7.84;7060.0;-0.78;-1.56;38.43;98.9;58.0;0.00;100.00
93721;1508;55.0;49;7.84;7070.0;-0.78;-1.56;38.43;98.9;57.5;0.00;100.00
93738;1511;56.0;49;8.24;7070.0;-0.78;-0.78;38.82;98.9;57.0;0.00;100.00
93746;1514;56.0;49;8.24;7070.0;-0.78;-0.78;38.82;99.0;56.5;0.00;100.00
93758;1518;57.0;49;8.24;7080.0;0.00;-0.78;39.22;99.0;56.0;0.00;100.00
93768;1521;57.0;49;8.24;7080.0;0.00;-0.78;39.22;99.0;55.5;0.00;100.00
93778;1524;57.0;49;8.24;7080.0;0.00;0.00;39.61;99.0;55.0;0.00;100.00
93788;1527;58.0;49;8.24;7070.0;0.00;0.00;39.61;99.0;54.5;0.00;100.00
93797;1531;58.0;49;8.24;7070.0;0.78;0.00;40.00;99.0;54.0;0.00;100.00
93808;1534;59.0;49;8.24;7070.0;0.78;0.78;39.61;99.0;53.5;0.00;100.00
93818;1537;59.0;49;8.63;7060.0;0.78;0.78;39.22;99.0;53.0;0.00;100.00
93828;1540;59.0;49;8.63;7060.0;1.56;0.78;38.82;99.0;52.5;0.00;100.00
93841;1544;60.0;49;8.63;7050.0;1.56;0.78;38.43;99.0;52.0;0.00;100.00
93858;1544;60.0;49;8.63;7050.0;2.34;1.56;38.04;99.0;52.0;0.00;100.00
93869;1545;60.0;49;8.63;7050.0;2.34;1.56;37.65;99.0;51.5;0.00;100.00
93878;1545;61.0;49;8.63;7040.0;2.34;1.56;37.25;99.0;51.0;0.00;100.00
93888;1546;61.0;49;8.63;7040.0;3.13;1.56;36.86;99.0;50.5;0.00;100.00
93898;1546;62.0;49;8.63;7040.0;3.13;2.34;36.47;99.0;50.0;0.00;100.00
93908;1547;62.0;49;8.24;7040.0;3.13;2.34;36.08;99.0;49.5;0.00;100.00
93918;1548;63.0;49;8.24;7040.0;3.91;2.34;35.69;99.0;49.5;0.00;100.00
93928;1548;63.0;49;8.24;7040.0;3.91;3.13;36.08;99.0;49.0;0.00;100.00
93937;1549;64.0;49;8.24;7040.0;3.91;3.13;36.47;99.0;48.5;0.00;100.00
93948;1549;64.0;49;8.24;7040.0;3.91;3.13;36.86;99.0;48.0;0.00;100.00
93962;1550;65.0;49;8.24;7040.0;4.69;3.91;37.25;99.0;48.0;0.00;100.00
93978;1550;65.0;49;7.84;7040.0;4.69;3.91;37.65;99.0;47.5;0.00;100.00
93987;1551;65.0;49;7.84;7040.0;4.69;4.69;38.43;99.0;47.0;0.00;100.00
93997;1551;65.0;49;7.84;7040.0;4.69;4.69;38.82;99.0;46.5;0.00;100.00
94007;1552;65.0;49;7.84;7040.0;5.47;4.69;39.22;99.0;46.5;0.00;100.00
94019;1552;65.0;49;7.84;7040.0;5.47;5.47;39.61;99.0;46.0;0.00;100.00
94037;1552;65.0;49;7.84;7050.0;5.47;5.47;40.00;99.0;45.5;0.00;100.00
94047;1553;64.0;49;7.84;7050.0;5.47;5.47;40.39;99.0;45.0;0.00;100.00
94057;1553;64.0;49;7.84;7050.0;5.47;5.47;40.39;99.0;45.0;0.00;100.00
94069;1554;64.0;49;7.84;7060.0;5.47;6.25;40.39;99.0;44.5;0.00;100.00
94078;1554;64.0;49;7.84;7060.0;5.47;6.25;40.00;99.0;44.5;0.00;100.00
94094;1554;64.0;49;7.84;7070.0;5.47;6.25;40.00;99.0;44.0;0.00;100.00
94109;1557;64.0;49;7.84;7070.0;5.47;6.25;40.00;99.0;44.0;0.00;100.00
94117;1559;64.0;49;7.84;7070.0;5.47;6.25;40.00;99.0;44.0;0.00;100.00
94128;1562;64.0;49;7.84;7080.0;5.47;6.25;40.00;99.0;43.5;0.00;100.00
94138;1564;64.0;49;7.84;7080.0;5.47;7.03;40.00;99.0;43.5;0.00;100.00
94147;1566;64.0;49;7.84;7080.0;5.47;7.03;39.61;99.0;43.0;0.00;100.00
94159;1569;64.0;49;7.84;7070.0;5.47;7.03;39.61;99.0;43.0;0.00;100.00
94178;1571;63.0;49;7.84;7070.0;4.69;7.03;39.61;99.0;43.0;0.00;100.00
94187;1573;63.0;49;7.84;7070.0;4.69;6.25;39.61;99.0;42.5;0.00;100.00
94199;1576;63.0;49;7.84;7060.0;4.69;6.25;39.61;99.0;42.5;0.00;100.00
94207;1578;63.0;49;7.84;7060.0;4.69;6.25;39.22;98.9;42.5;0.00;100.00
94222;1581;63.0;49;7.84;7050.0;3.91;6.25;39.22;98.9;42.5;0.00;100.00
94239;1583;63.0;49;7.84;7050.0;3.91;5.47;39.22;98.9;42.5;0.00;100.00
94247;1586;63.0;49;7.84;7050.0;3.91;5.47;39.22;98.9;42.5;0.00;100.00
94258;1589;62.0;49;7.84;7040.0;3.91;5.47;39.22;98.9;42.5;0.00;100.00
94269;1592;62.0;49;7.84;7040.0;3.13;5.47;39.22;98.9;42.0;0.00;100.00
94288;1595;61.0;49;7.45;7040.0;3.13;4.69;38.82;98.9;42.0;0.00;100.00
94297;1598;61.0;49;7.45;7040.0;3.13;4.69;38.82;98.9;42.0;0.00;100.00
94307;1601;60.0;49;7.45;7040.0;2.34;4.69;38.82;98.9;42.0;0.00;100.00
94318;1603;60.0;49;7.45;7040.0;2.34;4.69;38.43;98.8;42.0;0.00;100.00
94327;1606;59.0;49;7.06;7040.0;1.56;3.91;38.04;98.8;42.0;0.00;100.00
94338;1609;59.0;49;7.06;7040.0;1.56;3.91;38.04;98.8;42.0;0.00;100.00
94353;1612;58.0;49;7.06;7040.0;0.78;3.91;37.65;98.8;42.0;0.00;100.00
94370;1613;58.0;49;7.06;7040.0;0.78;3.91;37.25;98.8;42.0;0.00;100.00
94389;1614;58.0;49;6.67;7040.0;0.00;3.91;36.86;98.8;42.0;0.00;100.00
94398;1614;58.0;49;6.67;7040.0;0.00;3.91;36.47;98.8;42.0;0.00;100.00
94407;1615;58.0;49;6.67;7040.0;-0.78;3.13;36.08;98.8;41.5;0.00;100.00
94418;1616;58.0;49;6.67;7040.0;-0.78;3.13;36.08;98.8;41.5;0.00;100.00
94430;1617;58.0;49;6.67;7040.0;-0.78;3.13;35.69;98.8;41.5;0.00;100.00
94448;1618;58.0;49;6.67;7040.0;-0.78;3.13;35.29;98.8;41.5;0.00;100.00
94458;1618;58.0;49;6.67;7040.0;-1.56;3.13;35.29;98.8;41.5;0.00;100.00
94469;1619;58.0;49;7.06;7040.0;-1.56;3.13;34.90;98.8;41.5;0.00;100.00
94478;1620;58.0;49;7.06;7040.0;-1.56;3.13;34.90;98.8;41.5;0.00;100.00
94495;1621;58.0;49;7.06;7040.0;-1.56;3.13;34.90;98.8;41.5;0.00;100.00
94509;1622;58.0;49;7.06;7040.0;-1.56;2.34;34.90;98.8;41.5;0.00;100.00
94517;1622;58.0;49;7.06;7040.0;-1.56;2.34;34.51;98.8;41.5;0.00;100.00
94528;1623;58.0;49;7.06;7040.0;-2.34;2.34;34.51;98.8;41.5;0.00;100.00
94540;1624;58.0;49;7.06;7040.0;-2.34;2.34;34.51;98.8;41.0;0.00;100.00
94557;1624;58.0;49;7.06;7040.0;-2.34;2.34;34.51;98.8;41.0;0.00;100.00
94568;1625;58.0;49;6.67;7040.0;-2.34;2.34;34.12;98.8;41.0;0.00;100.00
94579;1626;57.0;49;6.67;7040.0;-2.34;2.34;34.12;98.8;41.0;0.00;100.00
94588;1627;57.0;49;6.67;7040.0;-3.13;2.34;34.12;98.8;41.0;0.00;100.00
94597;1627;57.0;49;6.67;7040.0;-3.13;2.34;34.12;98.8;41.0;0.00;100.00
94609;1628;57.0;49;6.67;7040.0;-3.13;2.34;34.12;98.8;41.0;0.00;100.00
94633;1629;57.0;49;6.67;7040.0;-3.13;2.34;34.12;98.8;41.5;0.00;100.00
94648;1629;57.0;49;6.27;7040.0;-3.13;1.56;34.12;98.8;41.5;0.00;100.00
94656;1630;56.0;49;6.27;7040.0;-3.13;1.56;33.73;98.8;42.0;0.00;100.00
94669;1631;56.0;49;6.27;7040.0;-3.91;1.56;33.73;98.8;42.0;0.00;100.00
94688;1632;55.0;49;6.27;7040.0;-3.91;1.56;33.73;98.8;42.5;0.00;100.00
94697;1633;55.0;49;6.27;7040.0;-3.91;1.56;33.73;98.8;42.5;0.00;100.00
94709;1634;54.0;49;6.27;7050.0;-3.91;1.56;33.73;98.8;43.0;0.00;100.00
94725;1635;54.0;49;6.27;7050.0;-3.91;1.56;33.73;98.8;43.0;0.00;100.00
94736;1636;53.0;49;6.27;7050.0;-3.91;1.56;33.33;98.8;43.5;0.00;100.00
94749;1636;53.0;49;5.88;7060.0;-3.91;1.56;32.94;98.8;43.5;0.00;100.00
94769;1637;52.0;49;5.88;7060.0;-3.91;1.56;32.55;98.8;44.5;0.00;100.00
94784;1638;52.0;49;5.88;7070.0;-3.13;1.56;32.16;98.8;45.5;0.00;100.00
94796;1637;51.0;49;5.88;7070.0;-3.13;0.78;31.76;98.8;46.0;0.00;100.00
94806;1636;51.0;49;5.88;7070.0;-3.13;0.78;30.98;98.8;47.0;0.00;100.00
94816;1635;50.0;49;5.88;7080.0;-3.13;0.78;30.59;98.8;48.0;0.00;100.00
94825;1634;50.0;49;5.88;7080.0;-3.13;0.78;30.20;98.8;49.0;0.00;100.00
94837;1633;50.0;49;5.88;7080.0;-3.13;0.78;29.80;98.8;50.0;0.00;100.00
94847;1632;50.0;49;5.49;7080.0;-3.13;0.78;29.41;98.8;51.0;0.00;100.00
94857;1631;49.0;49;5.49;7080.0;-3.13;0.78;29.02;98.8;51.5;0.00;100.00
94870;1630;49.0;49;5.49;7080.0;-3.13;0.78;29.02;98.8;52.5;0.00;100.00
94887;1629;49.0;49;5.49;7080.0;-3.13;0.78;28.63;98.8;53.5;0.00;100.00
94896;1627;49.0;49;5.49;7080.0;-3.13;0.78;28.63;98.8;53.5;0.00;100.00
94916;1626;48.0;49;5.49;7080.0;-3.13;0.78;28.24;98.8;54.0;0.00;100.00
94927;1624;48.0;49;5.10;7080.0;-3.13;0.00;28.24;98.8;54.0;0.00;100.00
94935;1621;48.0;49;5.10;7080.0;-3.13;0.00;27.84;98.8;54.5;0.00;100.00
94946;1619;47.0;49;5.10;7080.0;-3.13;0.00;27.84;98.8;54.5;0.00;100.00
94958;1616;47.0;49;5.10;7080.0;-3.13;0.00;27.45;98.8;55.0;0.00;100.00
94968;1614;47.0;49;5.10;7080.0;-3.13;0.00;27.45;98.8;55.0;0.00;100.00
94975;1611;47.0;49;5.10;7080.0;-3.13;0.00;27.06;98.8;55.5;0.00;100.00
94985;1609;46.0;49;5.10;7080.0;-3.13;0.00;27.06;98.8;55.5;0.00;100.00
94996;1606;46.0;49;5.10;7080.0;-3.13;0.00;27.06;98.8;56.0;0.00;100.00
95005;1604;46.0;49;5.10;7080.0;-3.13;-0.78;26.67;98.8;56.0;0.00;100.00
95017;1601;46.0;49;5.10;7080.0;-3.13;-0.78;26.67;98.8;56.5;0.00;100.00
95035;1599;45.0;49;5.10;7080.0;-3.91;-0.78;26.67;98.8;57.0;0.00;100.00
95047;1599;45.0;49;5.10;7080.0;-3.91;-0.78;26.67;98.8;58.0;0.00;100.00
95055;1599;45.0;49;5.10;7080.0;-3.91;-0.78;26.27;98.8;58.5;0.00;100.00
95067;1599;44.0;49;5.10;7080.0;-3.91;-0.78;26.27;98.8;59.0;0.00;100.00
95076;1599;44.0;49;5.10;7080.0;-3.91;-1.56;26.27;98.8;59.5;0.00;100.00
95088;1599;44.0;49;5.10;7080.0;-3.91;-1.56;26.27;98.8;60.0;0.00;100.00
95097;1599;44.0;49;5.10;7080.0;-3.91;-1.56;25.88;98.8;60.5;0.00;100.00
95106;1599;43.0;49;5.10;7080.0;-3.91;-1.56;25.88;98.8;61.5;0.00;100.00
95117;1599;43.0;49;5.10;7080.0;-4.69;-1.56;25.88;98.8;62.0;0.00;100.00
95125;1599;43.0;49;4.71;7080.0;-4.69;-2.34;25.49;98.8;62.5;0.00;100.00
95136;1599;43.0;49;4.71;7080.0;-4.69;-2.34;25.49;98.8;62.5;0.00;100.00
95152;1599;42.0;49;4.71;7080.0;-4.69;-2.34;25.49;98.8;63.0;0.00;100.00
95169;1598;42.0;49;4.71;7080.0;-4.69;-2.34;25.10;98.8;63.0;0.00;100.00
95177;1598;42.0;49;4.71;7080.0;-4.69;-2.34;25.10;98.8;63.5;0.00;100.00
95185;1598;41.0;49;4.71;7080.0;-5.47;-2.34;24.71;98.8;63.5;0.00;100.00
95197;1597;41.0;49;4.71;7080.0;-5.47;-3.13;24.71;98.8;64.0;0.00;100.00
95205;1597;41.0;49;4.71;7080.0;-5.47;-3.13;24.71;98.8;64.0;0.00;100.00
95215;1597;40.0;49;4.71;7080.0;-5.47;-3.13;24.31;98.8;64.5;0.00;100.00
95225;1597;40.0;49;4.71;7080.0;-5.47;-3.13;24.31;98.8;64.5;0.00;100.00
95237;1596;39.0;49;4.71;7080.0;-6.25;-3.91;23.92;98.8;65.0;0.00;100.00
95248;1596;39.0;49;4.71;7080.0;-6.25;-3.91;23.53;98.8;65.0;0.00;100.00
95257;1596;39.0;49;4.71;7080.0;-6.25;-3.91;23.53;98.8;65.0;0.00;100.00
95271;1595;38.0;49;4.71;7080.0;-6.25;-3.91;23.14;98.8;65.0;0.00;100.00
95288;1596;38.0;49;4.71;7080.0;-6.25;-4.69;22.75;98.8;65.0;0.00;100.00
95305;1596;38.0;49;4.71;7080.0;-6.25;-4.69;22.35;98.8;65.0;0.00;100.00
95318;1597;37.0;49;4.71;7080.0;-7.03;-4.69;21.96;98.8;65.0;0.00;100.00
95326;1598;37.0;49;4.71;7080.0;-7.03;-4.69;21.57;98.8;65.0;0.00;100.00
95338;1598;37.0;49;4.71;7080.0;-7.03;-5.47;21.57;98.8;65.0;0.00;100.00
95348;1599;36.0;49;4.71;7080.0;-7.03;-5.47;21.18;98.8;65.0;0.00;100.00
95358;1599;36.0;49;4.71;7080.0;-7.03;-5.47;20.78;98.8;65.0;0.00;100.00
95377;1600;35.0;49;4.71;7080.0;-7.03;-5.47;21.18;98.8;65.0;0.00;100.00
95386;1600;35.0;49;5.10;7080.0;-7.03;-5.47;21.18;98.8;65.0;0.00;100.00
95397;1601;35.0;49;5.10;7080.0;-7.03;-5.47;21.57;98.8;65.0;0.00;100.00
95411;1601;34.0;49;5.10;7080.0;-7.81;-5.47;21.96;98.8;65.0;0.00;100.00
95426;1602;34.0;49;5.10;7080.0;-7.81;-6.25;21.96;98.8;65.0;0.00;100.00
95438;1602;34.0;49;5.10;7080.0;-7.81;-6.25;22.35;98.8;65.0;0.00;100.00
95448;1603;34.0;49;5.10;7080.0;-7.81;-6.25;22.35;98.8;65.0;0.00;100.00
95457;1603;33.0;49;5.10;7080.0;-7.81;-6.25;22.75;98.8;65.5;0.00;100.00
95471;1603;33.0;49;5.10;7080.0;-7.81;-6.25;23.14;98.8;65.5;0.00;100.00
95486;1604;33.0;49;5.10;7080.0;-7.81;-6.25;23.14;98.8;65.5;0.00;100.00
95497;1604;33.0;49;5.10;7080.0;-7.81;-6.25;23.53;98.8;65.5;0.00;100.00
95506;1604;33.0;49;5.10;7080.0;-7.81;-6.25;23.53;98.8;65.5;0.00;100.00
95517;1605;33.0;49;5.10;7080.0;-7.81;-7.03;23.53;98.8;65.5;0.00;100.00
95528;1605;32.0;49;5.10;7080.0;-7.81;-7.03;23.14;98.8;65.5;0.00;100.00
95542;1606;32.0;49;5.10;7080.0;-8.59;-7.03;23.14;98.8;65.5;0.00;100.00
95557;1606;32.0;49;5.10;7080.0;-8.59;-7.03;23.14;98.8;66.0;0.00;100.00
95568;1606;32.0;49;5.10;7080.0;-8.59;-7.03;23.14;98.8;66.0;0.00;100.00
95577;1606;32.0;49;5.10;7080.0;-8.59;-7.03;23.14;98.8;66.0;0.00;100.00
95589;1606;32.0;49;5.10;7080.0;-8.59;-7.81;23.14;98.8;66.0;0.00;100.00
95597;1606;32.0;49;5.10;7080.0;-8.59;-7.81;22.75;98.8;66.0;0.00;100.00
95606;1606;32.0;49;5.10;7080.0;-8.59;-7.81;22.75;98.8;66.0;0.00;100.00
95617;1606;32.0;49;5.10;7080.0;-8.59;-7.81;22.75;98.8;66.5;0.00;100.00
95626;1606;32.0;49;5.10;7080.0;-9.38;-7.81;22.75;98.8;66.5;0.00;100.00
95635;1606;32.0;49;5.10;7080.0;-9.38;-8.59;22.75;98.8;66.5;0.00;100.00
95647;1607;32.0;49;5.10;7080.0;-9.38;-8.59;22.75;98.8;66.5;0.00;100.00
95663;1607;32.0;49;5.10;7080.0;-9.38;-8.59;22.75;98.8;67.0;0.00;100.00
95676;1605;32.0;49;5.10;7080.0;-9.38;-8.59;22.75;98.8;67.0;0.00;100.00
95687;1603;32.0;49;5.10;7080.0;-9.38;-8.59;22.35;98.8;67.0;0.00;100.00
95700;1602;32.0;49;5.10;7080.0;-10.16;-8.59;22.35;98.8;67.0;0.00;100.00
95717;1600;32.0;49;5.10;7080.0;-10.16;-9.38;22.35;98.8;67.5;0.00;100.00
95726;1598;32.0;49;5.10;7080.0;-10.16;-9.38;22.35;98.8;67.5;0.00;100.00
95737;1597;32.0;49;5.10;7080.0;-10.16;-9.38;22.35;98.8;67.5;0.00;100.00
95749;1595;32.0;49;5.10;7080.0;-10.16;-9.38;22.35;98.8;67.5;0.00;100.00
95758;1593;32.0;49;5.10;7080.0;-9.38;-9.38;22.35;98.8;68.0;0.00;100.00
95769;1591;32.0;49;5.49;7080.0;-9.38;-9.38;22.35;98.8;68.0;0.00;100.00
95777;1590;32.0;49;5.49;7080.0;-9.38;-9.38;22.35;98.8;68.0;0.00;100.00
95792;1588;32.0;49;5.49;7080.0;-9.38;-9.38;22.35;98.8;68.0;0.00;100.00
95806;1587;32.0;49;5.49;7080.0;-9.38;-8.59;22.35;98.8;68.0;0.00;100.00
95818;1586;32.0;49;5.49;7080.0;-9.38;-8.59;22.75;98.8;68.0;0.00;100.00
95827;1584;32.0;49;5.49;7080.0;-8.59;-8.59;22.75;98.8;68.0;0.00;100.00
95838;1583;32.0;49;5.49;7080.0;-8.59;-8.59;22.75;98.8;67.5;0.00;100.00
95847;1582;32.0;49;5.49;7080.0;-8.59;-8.59;22.75;98.8;67.5;0.00;100.00
95856;1581;32.0;49;5.49;7080.0;-7.81;-8.59;22.75;98.8;67.5;0.00;100.00
95870;1579;33.0;49;5.49;7080.0;-7.81;-8.59;22.75;98.8;67.5;0.00;100.00
95887;1578;33.0;49;5.49;7080.0;-7.03;-7.81;22.75;98.8;67.5;0.00;100.00
95896;1577;33.0;49;5.10;7080.0;-7.03;-7.81;22.75;98.8;67.5;0.00;100.00
95908;1576;33.0;49;5.10;7080.0;-6.25;-7.03;22.75;98.8;67.5;0.00;100.00
95935;1574;33.0;49;5.10;7080.0;-6.25;-7.03;22.75;98.8;67.5;0.00;100.00
95948;1575;33.0;49;5.10;7080.0;-5.47;-6.25;22.75;98.8;67.5;0.00;100.00
95957;1576;33.0;49;5.10;7080.0;-5.47;-6.25;22.75;98.8;67.5;0.00;100.00
95971;1577;33.0;49;5.10;7080.0;-4.69;-5.47;22.75;98.8;67.5;0.00;100.00
95987;1578;33.0;49;5.10;7080.0;-4.69;-5.47;22.75;98.8;68.0;0.00;100.00
95997;1578;33.0;49;5.10;7080.0;-3.91;-4.69;22.75;98.8;68.0;0.00;100.00
96006;1579;33.0;49;5.10;7080.0;-3.91;-4.69;22.75;98.8;68.0;0.00;100.00
96016;1580;33.0;49;5.10;7080.0;-3.13;-4.69;22.75;98.8;68.0;0.00;100.00
96028;1581;33.0;49;5.10;7080.0;-3.13;-3.91;22.75;98.8;68.0;0.00;100.00
96037;1582;33.0;49;5.10;7080.0;-3.13;-3.91;22.75;98.8;68.0;0.00;100.00
96047;1583;33.0;49;5.10;7080.0;-2.34;-3.91;22.75;98.8;68.0;0.00;100.00
96062;1583;33.0;49;5.10;7080.0;-2.34;-3.91;22.75;98.8;68.0;0.00;100.00
96077;1584;33.0;49;5.10;7080.0;-1.56;-3.13;22.75;98.8;68.0;0.00;100.00
96086;1585;33.0;49;5.10;7080.0;-1.56;-3.13;22.75;98.8;68.0;0.00;100.00
96098;1586;33.0;49;5.10;7080.0;-1.56;-3.13;22.75;98.8;68.0;0.00;100.00
96106;1587;33.0;49;5.10;7080.0;-0.78;-3.13;22.75;98.8;68.5;0.00;100.00
96118;1587;33.0;49;5.10;7080.0;-0.78;-2.34;22.75;98.8;68.5;0.00;100.00
96127;1588;33.0;49;5.10;7080.0;-0.78;-2.34;22.75;98.8;68.5;0.00;100.00
96136;1589;33.0;49;5.10;7080.0;0.00;-2.34;22.75;98.8;68.5;0.00;100.00
96148;1590;33.0;49;5.10;7080.0;0.00;-1.56;22.75;98.8;68.5;0.00;100.00
96156;1591;33.0;49;5.10;7080.0;0.00;-1.56;22.75;98.8;68.5;0.00;100.00
96168;1591;33.0;49;5.10;7080.0;0.00;-1.56;22.35;98.8;68.5;0.00;100.00
96183;1592;33.0;49;5.10;7080.0;0.78;-1.56;22.35;98.8;68.5;0.00;100.00
96198;1592;33.0;49;5.10;7080.0;0.78;-0.78;22.35;98.8;69.0;0.00;100.00
96207;1593;33.0;49;5.10;7080.0;0.78;-0.78;22.35;98.8;69.0;0.00;100.00
96218;1593;33.0;49;5.10;7080.0;0.78;-0.78;22.35;98.8;69.0;0.00;100.00
96227;1593;33.0;49;5.10;7080.0;1.56;-0.78;22.35;98.8;69.0;0.00;100.00
96238;1594;33.0;49;5.10;7080.0;1.56;0.00;21.96;98.8;69.0;0.00;100.00
96247;1594;33.0;49;5.10;7080.0;1.56;0.00;21.96;98.8;69.0;0.00;100.00
96257;1595;32.0;49;5.10;7080.0;1.56;0.00;21.96;98.8;69.5;0.00;100.00
96269;1595;32.0;49;5.10;7080.0;1.56;0.00;21.96;98.8;69.5;0.00;100.00
96287;1595;32.0;49;5.10;7080.0;1.56;0.00;21.96;98.8;69.5;0.00;100.00
96296;1596;32.0;49;5.10;7080.0;1.56;0.00;21.96;98.8;69.5;0.00;100.00
96316;1596;32.0;49;5.10;7080.0;2.34;0.00;21.96;98.8;69.5;0.00;100.00
96327;1595;32.0;49;5.10;7080.0;2.34;0.78;21.96;98.8;69.5;0.00;100.00
96337;1594;32.0;49;5.10;7080.0;2.34;0.78;21.57;98.8;69.5;0.00;100.00
96347;1592;32.0;49;5.10;7080.0;2.34;0.78;21.57;98.8;69.5;0.00;100.00
96356;1591;32.0;49;5.10;7080.0;2.34;0.78;21.57;98.8;70.0;0.00;100.00
96378;1590;32.0;49;5.10;7080.0;2.34;0.78;21.57;98.8;70.0;0.00;100.00
96389;1589;32.0;49;5.10;7080.0;2.34;0.78;21.57;98.8;70.0;0.00;100.00
96397;1588;33.0;49;5.10;7080.0;2.34;0.78;21.57;98.8;70.0;0.00;100.00
96407;1586;33.0;49;5.10;7080.0;2.34;0.78;21.57;98.8;70.0;0.00;100.00
96418;1585;33.0;49;5.10;7080.0;2.34;0.78;21.57;98.8;70.0;0.00;100.00
96427;1584;33.0;49;5.10;7080.0;2.34;0.78;21.57;98.8;70.0;0.00;100.00
96443;1583;33.0;49;5.10;7080.0;3.13;0.78;21.57;98.8;70.0;0.00;100.00
96457;1582;33.0;49;5.10;7080.0;3.13;1.56;21.57;98.8;70.0;0.00;100.00
96468;1581;33.0;49;5.10;7080.0;3.13;1.56;21.57;98.8;70.0;0.00;100.00
96478;1580;33.0;49;5.10;7080.0;3.13;1.56;21.57;98.8;70.0;0.00;100.00
96487;1579;33.0;49;5.10;7080.0;3.13;1.56;21.57;98.8;70.0;0.00;100.00
96497;1578;33.0;49;5.10;7080.0;3.13;1.56;21.57;98.8;70.0;0.00;100.00
96506;1577;33.0;49;5.10;7080.0;3.13;1.56;21.57;98.8;70.0;0.00;100.00
96518;1576;34.0;49;5.10;7080.0;3.13;1.56;21.57;98.8;70.0;0.00;100.00
96526;1575;34.0;49;5.10;7080.0;3.13;1.56;21.57;98.8;70.0;0.00;100.00
96537;1574;34.0;49;5.49;7080.0;3.13;1.56;21.96;98.8;70.0;0.00;100.00
96547;1573;34.0;49;5.49;7080.0;3.13;1.56;21.96;98.8;70.0;0.00;100.00
96563;1572;34.0;49;5.49;7080.0;3.13;1.56;22.35;98.8;70.0;0.00;100.00
96579;1572;34.0;49;5.49;7080.0;3.13;1.56;22.35;98.8;70.0;0.00;100.00
96598;1573;34.0;49;5.49;7080.0;3.13;1.56;22.75;98.8;70.0;0.00;100.00
96607;1573;34.0;49;5.49;7080.0;3.13;1.56;22.75;98.8;70.0;0.00;100.00
96616;1574;34.0;49;5.49;7080.0;3.13;1.56;23.14;98.8;70.0;0.00;100.00
96627;1574;34.0;49;5.49;7080.0;3.13;1.56;23.14;98.8;70.0;0.00;100.00
96636;1574;34.0;49;5.49;7080.0;3.13;1.56;23.53;98.8;70.0;0.00;100.00
96648;1575;34.0;49;5.49;7080.0;3.13;1.56;23.53;98.8;70.0;0.00;100.00
96657;1575;34.0;49;5.49;7080.0;3.13;1.56;23.53;98.8;70.0;0.00;100.00
96666;1576;34.0;49;5.49;7080.0;3.13;1.56;23.53;98.8;70.0;0.00;100.00
96678;1576;34.0;49;5.49;7080.0;3.13;1.56;23.53;98.8;70.0;0.00;100.00
96693;1576;34.0;49;5.49;7080.0;3.13;1.56;23.53;98.8;70.0;0.00;100.00
96706;1575;34.0;49;5.49;7080.0;3.13;0.78;23.53;98.8;70.0;0.00;100.00
96718;1573;34.0;49;5.49;7080.0;3.13;0.78;23.14;98.8;70.0;0.00;100.00
96727;1571;34.0;49;5.49;7080.0;3.13;0.78;23.14;98.8;70.0;0.00;100.00
96736;1569;34.0;49;5.49;7080.0;3.13;0.78;23.14;98.8;70.5;0.00;100.00
96748;1568;34.0;49;5.49;7080.0;3.13;0.78;23.14;98.8;70.5;0.00;100.00
96757;1566;34.0;49;5.49;7080.0;3.13;0.78;23.14;98.8;70.5;0.00;100.00
96769;1564;34.0;49;5.49;7080.0;3.13;0.78;23.14;98.8;70.5;0.00;100.00
96787;1563;34.0;49;5.49;7080.0;3.13;0.78;23.14;98.8;70.5;0.00;100.00
96797;1561;34.0;49;5.10;7080.0;3.13;1.56;23.14;98.8;70.5;0.00;100.00
96807;1559;34.0;49;5.10;7080.0;3.13;1.56;23.14;98.8;70.5;0.00;100.00
96822;1557;34.0;49;5.10;7080.0;3.91;1.56;23.14;98.8;70.5;0.00;100.00
96837;1554;34.0;49;5.10;7080.0;3.91;1.56;23.14;98.8;70.5;0.00;100.00
96846;1551;34.0;49;5.10;7080.0;3.91;1.56;23.14;98.8;70.5;0.00;100.00
96858;1548;34.0;49;5.10;7080.0;3.91;1.56;23.14;98.8;70.5;0.00;100.00
96866;1544;34.0;49;5.10;7080.0;3.91;2.34;23.14;98.8;70.5;0.00;100.00
96878;1541;34.0;49;5.10;7080.0;3.91;2.34;23.14;98.8;70.5;0.00;100.00
96887;1538;34.0;49;5.10;7080.0;3.91;2.34;23.14;98.8;70.5;0.00;100.00
96897;1534;35.0;49;5.10;7080.0;3.91;2.34;23.14;98.8;70.5;0.00;100.00
96907;1531;35.0;49;5.10;7080.0;3.91;2.34;23.14;98.8;70.5;0.00;100.00
96916;1528;35.0;49;5.10;7080.0;3.91;2.34;23.14;98.8;70.5;0.00;100.00
96928;1525;35.0;49;5.10;7080.0;3.91;2.34;23.14;98.8;70.5;0.00;100.00
96943;1521;35.0;49;5.10;7080.0;4.69;2.34;23.14;98.8;70.5;0.00;100.00
96957;1520;35.0;49;5.10;7080.0;4.69;3.13;23.14;98.8;70.5;0.00;100.00
96968;1520;35.0;49;5.10;7080.0;4.69;3.13;23.53;98.8;70.5;0.00;100.00
96978;1519;35.0;49;5.10;7080.0;4.69;3.13;23.53;98.8;70.5;0.00;100.00
96986;1518;35.0;49;5.10;7080.0;4.69;3.13;23.53;98.8;70.0;0.00;100.00
96997;1517;35.0;49;5.10;7080.0;4.69;3.13;23.53;98.8;70.0;0.00;100.00
97007;1516;35.0;49;5.10;7080.0;4.69;3.13;23.53;98.8;70.0;0.00;100.00
97017;1515;35.0;49;5.10;7080.0;4.69;3.13;23.53;98.8;70.0;0.00;100.00
97028;1514;35.0;49;5.10;7080.0;4.69;3.13;23.53;98.8;70.0;0.00;100.00
97036;1513;35.0;49;5.10;7080.0;4.69;3.13;23.53;98.8;70.0;0.00;100.00
97047;1512;35.0;49;5.10;7080.0;4.69;3.13;23.53;98.8;70.0;0.00;100.00
97064;1511;35.0;49;5.10;7080.0;3.91;3.13;23.53;98.8;70.0;0.00;100.00
97076;1509;35.0;49;5.10;7080.0;3.91;3.13;23.53;98.8;70.0;0.00;100.00
97087;1508;35.0;49;5.10;7080.0;3.91;3.13;23.92;98.8;70.0;0.00;100.00
97097;1506;35.0;49;5.10;7080.0;3.91;3.13;23.92;98.8;70.0;0.00;100.00
97108;1504;35.0;49;5.10;7080.0;3.91;3.13;23.92;98.8;70.0;0.00;100.00
97119;1503;35.0;49;5.10;7080.0;3.91;3.13;23.92;98.8;70.0;0.00;100.00
97128;1501;35.0;49;5.10;7080.0;3.91;3.13;23.92;98.8;70.0;0.00;100.00
97138;1500;35.0;49;5.10;7080.0;3.91;3.13;23.92;98.8;70.0;0.00;100.00
97146;1498;35.0;49;5.10;7080.0;3.91;3.13;23.92;98.8;70.0;0.00;100.00
97158;1496;35.0;49;5.10;7080.0;3.91;3.13;23.92;98.8;70.0;0.00;100.00
97168;1495;35.0;49;5.10;7080.0;3.91;3.13;23.92;98.8;70.0;0.00;100.00
97183;1493;35.0;49;5.10;7080.0;4.69;3.13;23.92;98.8;70.0;0.00;100.00
97198;1491;35.0;49;5.10;7080.0;4.69;3.91;23.92;98.8;70.0;0.00;100.00
97207;1489;35.0;49;5.10;7080.0;4.69;3.91;23.92;98.8;70.0;0.00;100.00
97218;1487;35.0;49;5.10;7080.0;4.69;3.91;23.92;98.8;70.0;0.00;100.00
97228;1485;35.0;49;5.10;7080.0;4.69;3.91;23.92;98.8;70.5;0.00;100.00
97238;1483;35.0;49;5.10;7080.0;4.69;3.91;23.92;98.8;70.5;0.00;100.00
97247;1481;35.0;49;5.10;7080.0;4.69;3.91;23.92;98.8;70.5;0.00;100.00
97257;1480;34.0;49;5.10;7080.0;4.69;3.91;23.92;98.8;70.5;0.00;100.00
97269;1478;34.0;49;5.10;7080.0;4.69;3.91;23.92;98.8;70.5;0.00;100.00
97288;1476;34.0;49;5.10;7080.0;4.69;3.91;23.92;98.8;70.5;0.00;100.00
97296;1474;34.0;49;5.10;7080.0;4.69;3.91;23.92;98.8;70.5;0.00;100.00
97316;1472;34.0;49;5.10;7080.0;4.69;3.91;23.92;98.8;70.5;0.00;100.00
97328;1469;34.0;49;5.10;7080.0;4.69;3.91;23.92;98.8;70.5;0.00;100.00
97337;1467;34.0;49;5.10;7080.0;4.69;3.91;23.53;98.8;70.5;0.00;100.00
97346;1464;34.0;49;5.10;7080.0;4.69;3.91;23.53;98.8;70.5;0.00;100.00
97354;1462;34.0;49;5.10;7080.0;4.69;3.91;23.53;98.8;70.5;0.00;100.00
97368;1459;34.0;49;5.10;7080.0;4.69;3.91;23.53;98.8;70.5;0.00;100.00
97376;1457;34.0;49;5.10;7080.0;4.69;3.91;23.53;98.8;70.5;0.00;100.00
97387;1454;34.0;49;5.10;7080.0;4.69;3.91;23.53;98.8;70.5;0.00;100.00
97395;1452;34.0;49;5.10;7080.0;4.69;3.91;23.53;98.8;70.5;0.00;100.00
97407;1449;34.0;49;5.10;7080.0;4.69;3.91;23.53;98.8;70.5;0.00;100.00
97419;1447;34.0;49;5.10;7080.0;4.69;3.91;23.53;98.8;70.5;0.00;100.00
97432;1444;34.0;49;5.10;7080.0;4.69;3.91;23.53;98.8;70.5;0.00;100.00
97448;1442;34.0;49;5.10;7080.0;4.69;3.91;23.53;98.8;70.5;0.00;100.00
97458;1440;34.0;49;5.10;7080.0;4.69;3.91;23.92;98.8;70.5;0.00;100.00
97466;1438;34.0;49;5.10;7080.0;4.69;3.91;23.92;98.8;70.5;0.00;100.00
97478;1436;34.0;49;5.10;7080.0;4.69;3.91;23.92;98.8;70.5;0.00;100.00
97486;1434;34.0;49;5.10;7080.0;4.69;3.91;23.92;98.8;70.5;0.00;100.00
97497;1432;34.0;49;5.10;7080.0;4.69;3.91;23.92;98.8;70.5;0.00;100.00
97506;1430;34.0;49;5.10;7080.0;4.69;3.91;23.92;98.8;70.5;0.00;100.00
97516;1428;34.0;49;5.10;7080.0;4.69;3.91;23.92;98.8;70.5;0.00;100.00
97528;1426;34.0;49;4.71;7080.0;4.69;3.91;23.92;98.8;70.5;0.00;100.00
97537;1423;34.0;49;4.71;7080.0;4.69;3.91;23.92;98.8;70.5;0.00;100.00
97552;1421;34.0;49;4.71;7080.0;4.69;3.91;23.92;98.8;70.5;0.00;100.00
97568;1421;34.0;49;4.71;7080.0;4.69;3.13;23.92;98.8;70.5;0.00;100.00
97576;1420;34.0;49;4.71;7080.0;4.69;3.13;23.92;98.8;70.5;0.00;100.00
97588;1419;34.0;49;4.71;7080.0;4.69;3.13;23.92;98.8;70.5;0.00;100.00
97598;1418;34.0;49;4.71;7080.0;4.69;3.13;23.92;98.8;70.5;0.00;100.00
97608;1418;34.0;49;4.71;7080.0;4.69;3.13;23.92;98.8;70.5;0.00;100.00
97616;1417;34.0;49;4.71;7080.0;4.69;3.13;23.92;98.8;70.5;0.00;100.00
97628;1416;34.0;49;4.71;7080.0;4.69;3.13;23.92;98.8;70.5;0.00;100.00
97637;1415;34.0;49;4.71;7080.0;4.69;3.13;23.92;98.8;70.5;0.00;100.00
97648;1415;34.0;49;4.71;7080.0;4.69;3.13;23.92;98.8;70.5;0.00;100.00
97657;1414;34.0;49;4.71;7080.0;4.69;3.13;23.92;98.8;70.5;0.00;100.00
97674;1413;34.0;49;4.71;7080.0;3.91;3.13;23.92;98.8;70.5;0.00;100.00
97689;1413;34.0;49;4.71;7080.0;3.91;3.13;23.92;98.8;70.5;0.00;100.00
97698;1413;34.0;49;4.71;7080.0;3.91;3.13;23.92;98.8;70.5;0.00;100.00
97707;1413;34.0;49;4.71;7080.0;3.91;3.13;23.92;98.8;70.5;0.00;100.00
97717;1413;34.0;49;4.71;7080.0;3.91;3.13;23.92;98.8;71.0;0.00;100.00
97729;1413;34.0;49;4.71;7080.0;3.91;3.13;23.92;98.8;71.0;0.00;100.00
97748;1413;34.0;49;4.71;7080.0;3.91;3.13;23.92;98.8;71.0;0.00;100.00
97757;1413;34.0;49;4.71;7080.0;3.91;3.13;23.92;98.8;71.0;0.00;100.00
97768;1413;34.0;49;4.71;7080.0;3.91;3.13;23.92;98.8;71.0;0.00;100.00
97777;1413;34.0;49;4.71;7080.0;3.91;3.13;23.92;98.8;71.0;0.00;100.00
97788;1412;34.0;49;4.71;7080.0;3.91;3.13;23.92;98.8;71.0;0.00;100.00
97803;1412;34.0;49;4.71;7080.0;3.91;3.13;23.92;98.8;71.0;0.00;100.00
97818;1412;34.0;49;4.71;7080.0;3.91;3.13;23.92;98.8;71.0;0.00;100.00
97828;1411;34.0;49;4.71;7080.0;3.91;3.13;23.92;98.8;71.0;0.00;100.00
97837;1411;34.0;49;4.71;7080.0;3.91;3.13;23.92;98.8;71.0;0.00;100.00
97847;1410;34.0;49;4.71;7080.0;3.91;3.13;23.92;98.8;71.0;0.00;100.00
97859;1410;34.0;49;4.71;7080.0;3.91;3.13;23.92;98.8;71.0;0.00;100.00
97868;1409;34.0;49;4.71;7080.0;3.91;3.13;23.92;98.8;71.0;0.00;100.00
97878;1408;34.0;49;4.71;7080.0;3.91;3.13;23.92;98.8;71.0;0.00;100.00
97889;1408;34.0;49;4.71;7080.0;3.91;3.13;23.92;98.8;71.0;0.00;100.00
97895;1407;34.0;49;4.71;7080.0;3.91;3.13;23.92;98.8;71.0;0.00;100.00
97908;1407;34.0;49;4.71;7080.0;3.91;3.13;23.92;98.8;71.0;0.00;100.00
97924;1406;34.0;49;4.71;7080.0;3.13;3.13;23.92;98.8;71.0;0.00;100.00
97938;1405;34.0;49;4.71;7080.0;3.13;2.34;23.92;98.8;71.0;0.00;100.00
97945;1403;34.0;49;4.71;7080.0;3.13;2.34;23.92;98.8;71.0;0.00;100.00
97958;1402;34.0;49;4.71;7080.0;3.13;2.34;23.92;98.8;71.0;0.00;100.00
97969;1400;34.0;49;4.71;7080.0;3.13;2.34;23.92;98.8;71.0;0.00;100.00
97987;1399;34.0;49;4.71;7080.0;3.13;2.34;23.92;98.8;71.0;0.00;100.00
97996;1398;34.0;49;4.71;7080.0;3.13;2.34;23.92;98.8;71.0;0.00;100.00
98008;1396;35.0;49;4.71;7080.0;3.13;2.34;23.92;98.8;71.0;0.00;100.00
98017;1395;35.0;49;4.71;7080.0;3.13;2.34;23.92;98.8;71.0;0.00;100.00
98028;1393;35.0;49;4.71;7080.0;3.13;2.34;23.92;98.8;71.0;0.00;100.00
98037;1392;35.0;49;4.71;7080.0;3.13;2.34;23.92;98.8;71.0;0.00;100.00
98056;1390;35.0;49;4.71;7080.0;3.13;2.34;23.92;98.8;71.0;0.00;100.00
98068;1388;35.0;49;4.71;7080.0;3.13;2.34;23.92;98.8;71.0;0.00;100.00
98076;1385;35.0;49;4.71;7080.0;3.13;2.34;23.92;98.8;71.0;0.00;100.00
98089;1382;35.0;49;4.71;7080.0;3.13;2.34;23.92;98.8;71.0;0.00;100.00
98107;1379;35.0;49;4.71;7080.0;3.13;2.34;23.92;98.8;71.5;0.00;100.00
98116;1377;35.0;49;4.71;7080.0;3.13;2.34;23.92;98.8;71.5;0.00;100.00
98127;1374;35.0;49;4.71;7080.0;3.13;2.34;23.92;98.8;71.5;0.00;100.00
98139;1371;35.0;49;4.71;7080.0;3.13;2.34;23.92;98.8;71.5;0.00;100.00
98147;1369;35.0;49;4.71;7080.0;3.13;2.34;23.92;98.8;71.5;0.00;100.00
98157;1366;35.0;49;4.71;7080.0;3.13;2.34;23.92;98.8;71.5;0.00;100.00
98168;1363;35.0;49;4.71;7080.0;3.13;2.34;23.92;98.8;71.5;0.00;100.00
98183;1360;35.0;49;4.71;7080.0;3.13;2.34;23.92;98.8;71.5;0.00;100.00
98195;1358;35.0;49;4.71;7080.0;3.13;3.13;23.92;98.8;71.5;0.00;100.00
98206;1355;35.0;49;4.71;7080.0;3.13;3.13;23.92;98.8;71.5;0.00;100.00
98215;1352;35.0;49;4.71;7080.0;3.13;3.13;23.92;98.8;71.5;0.00;100.00
98227;1350;35.0;49;4.71;7080.0;3.13;3.13;23.92;98.8;71.5;0.00;100.00
98237;1347;35.0;49;4.71;7080.0;3.13;3.13;23.92;98.8;71.5;0.00;100.00
98248;1344;35.0;49;4.71;7080.0;3.13;3.13;23.92;98.8;71.5;0.00;100.00
98257;1342;35.0;49;4.71;7080.0;3.13;3.13;23.92;98.8;71.5;0.00;100.00
98271;1339;35.0;49;4.71;7080.0;3.13;3.13;23.92;98.8;71.5;0.00;100.00
98287;1336;35.0;49;4.71;7080.0;3.13;3.13;23.92;98.8;71.5;0.00;100.00
98296;1334;35.0;49;4.71;7080.0;3.13;3.13;23.92;98.8;71.5;0.00;100.00
98313;1331;35.0;49;4.71;7080.0;3.91;3.13;23.92;98.8;71.5;0.00;100.00
98327;1327;35.0;49;4.71;7080.0;3.91;3.13;23.92;98.8;71.5;0.00;100.00
98336;1324;35.0;49;4.71;7080.0;3.91;3.13;24.31;98.8;71.5;0.00;100.00
98346;1320;35.0;49;4.71;7080.0;3.91;3.13;24.31;98.8;71.5;0.00;100.00
98355;1317;35.0;49;4.71;7080.0;3.91;3.13;24.31;98.8;71.5;0.00;100.00
98377;1313;35.0;49;4.71;7080.0;3.91;3.13;24.31;98.8;71.5;0.00;100.00
98388;1310;35.0;49;4.71;7080.0;3.91;3.13;24.31;98.8;71.5;0.00;100.00
98395;1306;34.0;49;4.71;7080.0;3.91;3.13;24.31;98.8;71.5;0.00;100.00
98406;1303;34.0;49;4.71;7080.0;3.91;3.13;24.31;98.8;71.5;0.00;100.00
98415;1299;34.0;49;4.31;7080.0;3.91;3.13;24.31;98.8;71.5;0.00;100.00
98426;1295;34.0;49;4.31;7080.0;3.91;3.13;24.31;98.8;71.5;0.00;100.00
98443;1292;34.0;49;4.31;7080.0;3.91;3.13;24.31;98.8;71.5;0.00;100.00
98458;1288;34.0;49;4.31;7080.0;3.91;3.13;24.31;98.8;71.5;0.00;100.00
98468;1284;34.0;49;4.31;7080.0;3.91;3.13;24.71;98.8;71.5;0.00;100.00
98477;1279;34.0;49;4.31;7080.0;3.91;3.13;24.71;98.8;71.5;0.00;100.00
98485;1275;34.0;49;4.31;7080.0;3.91;3.13;24.71;98.8;71.5;0.00;100.00
98497;1271;34.0;49;4.31;7080.0;3.91;3.13;24.71;98.8;71.5;0.00;100.00
98507;1267;34.0;49;4.31;7080.0;3.91;3.13;24.71;98.8;71.5;0.00;100.00
98517;1263;35.0;49;4.31;7080.0;3.91;3.13;24.71;98.8;71.5;0.00;100.00
98526;1259;35.0;49;4.31;7080.0;3.91;3.13;24.71;98.8;71.5;0.00;100.00
98536;1254;35.0;49;4.31;7080.0;3.91;3.13;24.71;98.8;71.5;0.00;100.00
98547;1250;35.0;49;4.31;7080.0;3.91;3.13;24.71;98.8;71.5;0.00;100.00
98562;1246;35.0;49;4.31;7080.0;4.69;3.13;24.71;98.8;71.5;0.00;100.00
98577;1242;35.0;49;4.31;7080.0;4.69;3.91;24.71;98.8;71.5;0.00;100.00
98585;1239;35.0;49;4.31;7080.0;4.69;3.91;25.10;98.8;71.5;0.00;100.00
98598;1235;35.0;49;4.31;7080.0;4.69;3.91;25.10;98.8;71.5;0.00;100.00
98605;1231;35.0;49;4.31;7080.0;4.69;3.91;25.10;98.8;71.5;0.00;100.00
98618;1228;35.0;49;4.31;7080.0;4.69;3.91;25.10;98.8;71.5;0.00;100.00
98626;1224;35.0;49;4.31;7080.0;4.69;3.91;25.10;98.8;71.5;0.00;100.00
98637;1220;35.0;49;4.31;7080.0;4.69;3.91;25.10;98.8;71.5;0.00;100.00
98646;1217;35.0;49;4.31;7080.0;4.69;3.91;25.10;98.8;71.5;0.00;100.00
98656;1213;35.0;49;4.31;7080.0;4.69;3.13;25.10;98.8;71.5;0.00;100.00
98668;1209;35.0;49;4.31;7080.0;4.69;3.13;25.10;98.8;71.5;0.00;100.00
98682;1206;35.0;49;4.31;7080.0;4.69;3.13;25.10;98.8;71.5;0.00;100.00
98697;1201;35.0;49;4.31;7080.0;4.69;3.13;25.10;98.8;71.5;0.00;100.00
98705;1197;35.0;49;4.31;7080.0;4.69;3.13;25.49;98.8;71.5;0.00;100.00
98717;1193;35.0;49;4.31;7080.0;4.69;3.13;25.49;98.8;71.5;0.00;100.00
98726;1189;35.0;49;4.31;7080.0;4.69;2.34;25.49;98.8;72.0;0.00;100.00
98737;1184;35.0;49;4.31;7080.0;4.69;2.34;25.49;98.8;72.0;0.00;100.00
98746;1180;35.0;49;4.31;7090.0;4.69;2.34;25.49;98.8;72.0;0.00;100.00
98755;1176;36.0;49;4.31;7090.0;4.69;2.34;25.49;98.8;72.0;0.00;100.00
98768;1172;36.0;49;4.31;7090.0;4.69;2.34;25.49;98.8;72.0;0.00;100.00
98777;1167;36.0;49;3.92;7090.0;4.69;1.56;25.49;98.8;72.0;0.00;100.00
98786;1163;36.0;49;3.92;7100.0;4.69;1.56;25.49;98.8;72.0;0.00;100.00
98801;1159;36.0;49;3.92;7100.0;3.91;1.56;25.49;98.8;72.0;0.00;100.00
98816;1153;36.0;49;3.92;7100.0;3.91;1.56;25.49;98.8;72.5;0.00;100.00
98827;1147;36.0;49;3.92;7100.0;3.91;1.56;25.88;98.8;72.5;0.00;100.00
98838;1142;36.0;49;3.92;7110.0;3.91;1.56;25.88;98.8;72.5;0.00;100.00
98845;1136;36.0;49;3.92;7110.0;3.91;0.78;25.88;98.8;72.5;0.00;100.00
98856;1130;36.0;49;3.92;7110.0;3.91;0.78;25.88;98.8;72.5;0.00;100.00
98869;1125;36.0;49;3.92;7110.0;3.91;0.78;25.88;98.8;72.5;0.00;100.00
98887;1119;36.0;49;3.92;7110.0;3.91;0.78;25.88;98.8;73.0;0.00;100.00
98898;1113;36.0;49;3.92;7110.0;3.13;0.78;25.88;98.8;73.0;0.00;100.00
98907;1108;36.0;49;3.92;7110.0;3.13;0.78;25.88;98.8;73.0;0.00;100.00
98917;1102;36.0;49;3.92;7110.0;3.13;0.78;25.88;98.8;73.5;0.00;100.00
98936;1096;36.0;49;3.92;7110.0;3.13;0.78;25.88;98.8;73.5;0.00;100.00
98947;1090;36.0;49;3.92;7110.0;3.13;0.00;25.88;98.8;74.0;0.00;100.00
98956;1085;36.0;49;3.92;7110.0;3.13;0.00;26.27;98.8;74.0;0.00;100.00
98968;1079;36.0;49;3.92;7110.0;2.34;0.00;26.27;98.8;74.5;0.00;100.00
98977;1073;36.0;49;3.92;7110.0;2.34;0.00;26.27;98.8;74.5;0.00;100.00
98988;1067;36.0;49;3.92;7110.0;2.34;0.00;26.27;98.8;75.0;0.00;100.00
98998;1061;36.0;49;3.92;7110.0;2.34;0.00;26.27;98.8;75.0;0.00;100.00
99005;1056;36.0;49;3.92;7110.0;2.34;0.00;26.27;98.8;75.5;0.00;100.00
99017;1050;36.0;49;3.92;7110.0;2.34;0.00;26.27;98.8;75.5;0.00;100.00
99027;1044;36.0;49;3.92;7110.0;2.34;-0.78;26.27;98.8;76.0;0.00;100.00
99038;1038;36.0;49;3.92;7110.0;2.34;-0.78;26.67;98.8;76.5;0.00;100.00
99054;1033;36.0;49;3.92;7110.0;1.56;-0.78;26.67;98.8;77.5;0.00;100.00
99069;1026;36.0;49;3.92;7110.0;1.56;-0.78;26.67;98.8;78.0;0.00;100.00
99088;1020;36.0;49;3.92;7110.0;1.56;-0.78;26.67;98.8;78.5;0.00;100.00
99098;1013;36.0;49;3.92;7110.0;1.56;-0.78;26.67;98.8;79.5;0.00;100.00
99108;1007;36.0;49;3.92;7110.0;1.56;-1.56;26.67;98.8;80.0;0.00;100.00
99117;1000;36.0;49;3.92;7110.0;1.56;-1.56;27.06;98.8;81.0;0.00;100.00
99126;994;36.0;49;3.92;7110.0;1.56;-1.56;27.06;98.8;81.5;0.00;100.00
99137;987;37.0;49;3.92;7110.0;1.56;-1.56;27.06;98.8;82.0;0.00;100.00
99146;981;37.0;49;3.92;7110.0;1.56;-1.56;27.06;98.8;83.0;0.00;100.00
99157;974;37.0;49;3.53;7110.0;1.56;-1.56;27.45;98.8;83.5;0.00;100.00
99168;968;37.0;49;3.53;7110.0;1.56;-1.56;27.45;98.8;84.5;0.00;100.00
99183;961;37.0;49;3.53;7110.0;0.78;-1.56;27.45;98.8;85.0;0.00;100.00
99196;955;37.0;49;3.53;7110.0;0.78;-1.56;27.45;98.8;86.0;0.00;100.00
99206;948;37.0;49;3.53;7110.0;0.78;-1.56;27.84;98.8;87.0;0.00;100.00
99215;942;37.0;49;3.53;7110.0;0.78;-1.56;27.84;98.8;88.0;0.00;100.00
99227;935;37.0;49;3.53;7110.0;0.78;-1.56;27.84;98.8;88.5;0.00;100.00
99236;929;37.0;49;3.53;7110.0;0.78;-1.56;27.84;98.8;89.5;0.00;100.00
99247;922;37.0;49;3.53;7100.0;0.78;-1.56;28.24;98.8;90.5;0.00;100.00
99256;916;38.0;49;3.53;7100.0;0.78;-1.56;28.24;98.8;91.5;0.00;100.00
99269;909;38.0;49;3.53;7100.0;0.78;-1.56;28.24;98.8;92.0;0.00;100.00
99289;903;38.0;49;3.53;7100.0;0.78;-1.56;28.63;98.8;93.0;0.00;100.00
99306;896;38.0;49;3.53;7090.0;0.78;-1.56;28.63;98.8;93.5;0.00;100.00
99322;890;38.0;49;3.53;7090.0;0.00;-1.56;28.63;98.8;93.5;0.00;100.00
99337;884;38.0;49;3.53;7090.0;0.00;-1.56;29.02;98.8;94.0;0.00;100.00
99346;878;39.0;49;3.53;7090.0;0.00;-1.56;29.02;98.8;94.5;0.00;100.00
99357;872;39.0;49;3.53;7080.0;0.00;-1.56;29.41;98.8;94.5;0.00;100.00
99377;866;40.0;49;3.53;7080.0;0.00;-1.56;29.41;98.8;95.0;0.00;100.00
99388;860;40.0;49;3.53;7080.0;0.00;-1.56;29.41;98.8;95.0;0.00;100.00
99396;854;41.0;49;3.92;7090.0;0.00;-1.56;29.80;98.8;95.5;0.00;100.00
99407;848;41.0;49;3.92;7090.0;0.00;-1.56;29.80;98.8;96.0;0.00;100.00
99420;842;42.0;49;3.92;7090.0;0.00;-1.56;30.59;98.8;96.0;0.00;100.00
99437;836;42.0;49;3.92;7090.0;0.00;-1.56;31.76;98.8;96.5;0.00;100.00
99446;830;43.0;49;3.92;7100.0;0.00;-1.56;32.55;98.8;96.5;0.00;100.00
99469;824;43.0;49;3.92;7100.0;-0.78;-1.56;33.33;98.8;96.5;0.00;100.00
99487;820;44.0;49;4.31;7100.0;-0.78;-2.34;34.12;98.8;96.5;0.00;100.00
99498;817;45.0;49;4.31;7100.0;-0.78;-2.34;35.29;98.8;96.5;0.00;100.00
99506;814;45.0;49;4.31;7110.0;-0.78;-2.34;36.08;98.8;96.5;0.00;100.00
99518;811;46.0;49;4.31;7110.0;-0.78;-2.34;36.86;98.8;96.5;0.00;100.00
99527;808;47.0;49;4.31;7110.0;-0.78;-2.34;37.65;98.8;96.5;0.00;100.00
99537;805;47.0;49;4.31;7100.0;-0.78;-2.34;38.82;98.8;96.5;0.00;100.00
99547;801;48.0;49;4.31;7100.0;-0.78;-2.34;39.61;98.8;96.5;0.00;100.00
99557;798;48.0;49;4.31;7100.0;-0.78;-2.34;40.00;98.8;96.5;0.00;100.00
99569;795;49.0;49;4.31;7100.0;-0.78;-2.34;40.39;98.8;96.5;0.00;100.00
99586;792;50.0;49;4.31;7090.0;-0.78;-2.34;40.39;98.8;96.5;0.00;100.00
99602;789;50.0;49;4.31;7090.0;-1.56;-2.34;40.78;98.8;96.5;0.00;100.00
99617;787;51.0;49;4.31;7090.0;-1.56;-3.13;41.18;98.8;96.5;0.00;100.00
99628;785;51.0;49;4.31;7090.0;-1.56;-3.13;41.57;98.8;96.5;0.00;100.00
99637;784;51.0;49;4.31;7080.0;-1.56;-3.13;41.96;98.8;96.5;0.00;100.00
99647;782;51.0;49;4.31;7080.0;-1.56;-3.13;42.35;98.8;97.0;0.00;100.00
99657;781;51.0;49;4.31;7080.0;-1.56;-3.13;42.35;98.8;97.0;0.00;100.00
99668;779;51.0;49;4.31;7090.0;-1.56;-3.13;42.75;98.8;97.0;0.00;100.00
99677;777;52.0;49;4.31;7090.0;-1.56;-3.13;43.14;98.8;97.0;0.00;100.00
99686;776;52.0;49;4.31;7090.0;-1.56;-3.13;43.14;98.8;97.0;0.00;100.00
99697;774;52.0;49;4.31;7090.0;-1.56;-3.13;43.53;98.8;97.0;0.00;100.00
99707;773;52.0;49;4.31;7100.0;-1.56;-3.13;43.53;98.8;97.0;0.00;100.00
99722;771;52.0;49;4.31;7100.0;-2.34;-3.13;43.53;98.8;97.0;0.00;100.00
99736;769;52.0;49;4.31;7100.0;-2.34;-3.91;43.92;98.8;97.0;0.00;100.00
99747;766;52.0;49;4.31;7100.0;-2.34;-3.91;43.92;98.8;97.0;0.00;100.00
99757;764;52.0;49;4.31;7110.0;-2.34;-3.91;44.31;98.8;97.0;0.00;100.00
99769;762;53.0;49;4.31;7110.0;-2.34;-3.91;44.31;98.8;97.0;0.00;100.00
99785;759;53.0;49;4.31;7110.0;-2.34;-3.91;44.31;98.8;97.0;0.00;100.00
99797;757;53.0;49;4.31;7110.0;-2.34;-3.91;44.71;98.8;97.0;0.00;100.00
99807;755;53.0;49;4.31;7110.0;-2.34;-3.91;44.71;98.8;97.0;0.00;100.00
99817;752;53.0;49;4.31;7110.0;-2.34;-3.91;44.71;98.8;97.0;0.00;100.00
99828;750;53.0;49;3.92;7110.0;-2.34;-3.91;44.71;98.8;97.0;0.00;100.00
99837;748;54.0;49;3.92;7110.0;-2.34;-3.91;45.10;98.8;97.0;0.00;100.00
99853;745;54.0;49;3.92;7110.0;-2.34;-3.91;45.10;98.8;97.0;0.00;100.00
99869;742;54.0;49;3.92;7110.0;-2.34;-3.13;45.10;98.8;97.0;0.00;100.00
99888;739;54.0;49;3.92;7110.0;-2.34;-3.13;45.10;98.8;97.0;0.00;100.00
99899;736;54.0;49;3.92;7110.0;-2.34;-3.13;45.10;98.8;97.0;0.00;100.00
99907;733;54.0;49;3.92;7110.0;-2.34;-3.13;45.10;98.8;97.0;0.00;100.00
99916;730;54.0;49;3.92;7110.0;-2.34;-3.13;45.49;98.8;97.0;0.00;100.00
99928;727;54.0;49;3.92;7110.0;-2.34;-3.13;45.49;98.8;97.0;0.00;100.00
99937;724;54.0;49;3.92;7110.0;-2.34;-3.13;45.49;98.8;97.0;0.00;100.00
99946;721;54.0;49;3.92;7110.0;-2.34;-3.13;45.49;98.8;97.0;0.00;100.00
99958;718;54.0;49;3.92;7110.0;-2.34;-3.13;45.49;98.8;97.0;0.00;100.00
99970;715;54.0;49;3.92;7110.0;-2.34;-3.13;45.88;98.8;97.0;0.00;100.00
99994;712;54.0;49;3.92;7110.0;-1.56;-3.13;45.88;98.8;97.0;0.00;100.00
100007;710;54.0;49;3.92;7110.0;-1.56;-2.34;45.88;98.8;97.0;0.00;100.00
100016;708;54.0;49;3.92;7110.0;-1.56;-2.34;45.88;98.8;97.0;0.00;100.00
100026;706;54.0;49;3.92;7110.0;-1.56;-2.34;45.88;98.8;97.0;0.00;100.00
100036;704;55.0;49;3.92;7110.0;-1.56;-2.34;45.88;98.8;97.5;0.00;100.00
100048;702;55.0;49;3.92;7110.0;-1.56;-2.34;46.27;98.8;97.5;0.00;100.00
100058;700;55.0;49;3.92;7110.0;-1.56;-2.34;46.27;98.8;97.5;0.00;100.00
100069;698;55.0;49;3.92;7110.0;-1.56;-2.34;46.27;98.8;97.5;0.00;100.00
100086;696;55.0;49;3.92;7110.0;-1.56;-2.34;46.27;98.8;97.5;0.00;100.00
100097;694;55.0;49;3.92;7110.0;-1.56;-2.34;46.27;98.8;97.5;0.00;100.00
100106;692;56.0;49;3.92;7110.0;-1.56;-2.34;46.27;98.8;97.5;0.00;100.00
100124;690;56.0;49;3.92;7110.0;-0.78;-2.34;46.27;98.8;97.5;0.00;100.00
100136;689;56.0;49;3.92;7110.0;-0.78;-1.56;46.27;98.8;97.5;0.00;100.00
100147;688;56.0;49;3.92;7110.0;-0.78;-1.56;46.27;98.8;97.5;0.00;100.00
100156;687;56.0;49;3.92;7110.0;-0.78;-1.56;46.27;98.8;97.5;0.00;100.00
100170;686;56.0;49;3.92;7110.0;-0.78;-1.56;46.27;98.8;97.5;0.00;100.00
100187;685;56.0;49;3.92;7110.0;-0.78;-1.56;46.27;98.8;97.5;0.00;100.00
100197;684;56.0;49;3.92;7110.0;-0.78;-1.56;46.27;98.8;97.5;0.00;100.00
100208;683;56.0;49;3.92;7110.0;-0.78;-1.56;46.27;98.8;97.5;0.00;100.00
100216;682;56.0;49;3.92;7110.0;-0.78;-1.56;46.27;98.8;97.5;0.00;100.00
100227;682;56.0;49;3.53;7110.0;-0.78;-1.56;46.27;98.8;97.5;0.00;100.00
100238;681;56.0;49;3.53;7110.0;-0.78;-1.56;46.27;98.8;97.5;0.00;100.00
100252;680;56.0;49;3.53;7110.0;-0.78;-1.56;46.27;98.8;97.5;0.00;100.00
100269;679;56.0;49;3.53;7110.0;-0.78;-0.78;46.27;98.8;97.5;0.00;100.00
100287;679;56.0;49;3.53;7110.0;-0.78;-0.78;46.67;98.8;97.5;0.00;100.00
100296;678;56.0;49;3.53;7110.0;-0.78;-0.78;46.67;98.8;97.5;0.00;100.00
100307;678;55.0;49;3.53;7110.0;-0.78;-0.78;46.67;98.8;97.5;0.00;100.00
100317;677;55.0;49;3.53;7110.0;-0.78;-0.78;46.67;98.8;97.5;0.00;100.00
100326;677;55.0;49;3.53;7110.0;-0.78;-0.78;46.67;98.8;97.5;0.00;100.00
100337;676;55.0;49;3.53;7110.0;-0.78;-0.78;46.67;98.8;97.5;0.00;100.00
100348;676;55.0;49;3.53;7110.0;-0.78;-0.78;46.67;98.8;97.5;0.00;100.00
100357;676;55.0;49;3.53;7110.0;-0.78;-0.78;46.67;98.8;97.5;0.00;100.00
100379;675;54.0;49;3.53;7110.0;-0.78;-0.78;46.67;98.8;97.5;0.00;100.00
100404;675;54.0;49;3.53;7110.0;-1.56;-0.78;46.67;98.8;97.5;0.00;100.00
100418;674;54.0;49;3.53;7110.0;-1.56;-0.78;46.67;98.8;97.5;0.00;100.00
100427;674;54.0;49;3.53;7110.0;-1.56;-0.78;46.27;98.8;97.5;0.00;100.00
100436;674;54.0;49;3.53;7110.0;-1.56;-0.78;46.27;98.8;97.5;0.00;100.00
100446;674;54.0;49;3.53;7110.0;-1.56;-0.78;46.27;98.8;97.5;0.00;100.00
100458;674;54.0;49;3.53;7110.0;-1.56;-0.78;46.27;98.8;97.5;0.00;100.00
100467;673;54.0;49;3.53;7110.0;-1.56;-0.78;46.27;98.8;97.5;0.00;100.00
100478;673;53.0;49;3.53;7110.0;-1.56;-0.78;46.27;98.8;97.5;0.00;100.00
100486;673;53.0;49;3.53;7110.0;-1.56;-0.78;46.27;98.8;97.5;0.00;100.00
100496;673;53.0;49;3.53;7110.0;-1.56;-0.78;46.27;98.8;97.5;0.00;100.00
100508;673;53.0;49;3.53;7110.0;-1.56;-0.78;45.88;98.8;97.5;0.00;100.00
100522;672;53.0;49;3.53;7110.0;-1.56;-0.78;45.88;98.8;97.5;0.00;100.00
100536;672;53.0;49;3.53;7110.0;-1.56;-0.78;45.88;98.8;97.5;0.00;100.00
100547;672;53.0;49;3.53;7110.0;-1.56;-0.78;45.88;98.8;97.5;0.00;100.00
100558;673;53.0;49;3.53;7110.0;-1.56;-0.78;45.88;98.8;97.5;0.00;100.00
100566;673;53.0;49;3.53;7110.0;-1.56;-0.78;45.88;98.8;97.5;0.00;100.00
100576;673;53.0;49;3.53;7110.0;-1.56;-0.78;45.49;98.8;97.5;0.00;100.00
100587;673;53.0;49;3.53;7110.0;-1.56;-0.78;45.49;98.8;97.5;0.00;100.00
100598;673;52.0;49;3.53;7110.0;-1.56;-0.78;45.49;98.8;97.5;0.00;100.00
100606;673;52.0;49;3.53;7110.0;-1.56;-0.78;45.49;98.8;97.5;0.00;100.00
100617;673;52.0;49;3.14;7110.0;-1.56;-0.78;45.49;98.8;97.5;0.00;100.00
100626;673;52.0;49;3.14;7110.0;-1.56;-0.78;45.10;98.8;97.5;0.00;100.00
100643;673;52.0;49;3.14;7110.0;-1.56;-0.78;45.10;98.8;97.5;0.00;100.00
100658;672;52.0;49;3.14;7110.0;-1.56;-0.78;45.10;98.8;97.5;0.00;100.00
100669;671;52.0;49;3.14;7110.0;-1.56;-0.78;45.10;98.8;97.5;0.00;100.00
100688;671;52.0;49;3.14;7110.0;-1.56;-0.78;45.10;98.8;97.5;0.00;100.00
100697;670;52.0;49;3.14;7110.0;-1.56;-0.78;45.10;98.8;97.5;0.00;100.00
100706;669;52.0;49;3.14;7110.0;-1.56;-0.78;44.71;98.8;97.5;0.00;100.00
100718;669;52.0;49;3.14;7110.0;-1.56;-0.78;44.71;98.8;97.5;0.00;100.00
100729;668;51.0;49;3.14;7110.0;-1.56;-0.78;44.71;98.8;97.5;0.00;100.00
100748;667;51.0;49;3.14;7110.0;-1.56;-0.78;44.71;98.8;97.5;0.00;100.00
100757;667;51.0;49;3.14;7110.0;-1.56;-0.78;44.31;98.8;97.5;0.00;100.00
100768;666;51.0;49;3.14;7110.0;-1.56;-0.78;44.31;98.8;97.5;0.00;100.00
100783;665;51.0;49;3.14;7110.0;-0.78;-0.78;43.92;98.8;97.5;0.00;100.00
100797;665;51.0;49;3.14;7110.0;-0.78;-0.78;43.92;98.8;97.5;0.00;100.00
100807;664;51.0;49;3.14;7110.0;-0.78;-0.78;43.53;98.8;97.5;0.00;100.00
100818;663;51.0;49;3.14;7110.0;-0.78;-0.78;43.53;98.8;97.5;0.00;100.00
100826;663;51.0;49;3.14;7110.0;-0.78;-0.78;43.14;98.8;97.5;0.00;100.00
100837;662;51.0;49;3.14;7110.0;-0.78;-0.78;43.14;98.8;97.5;0.00;100.00
100846;662;51.0;49;3.14;7110.0;-0.78;-0.78;42.75;98.8;97.5;0.00;100.00
100854;661;51.0;49;3.14;7110.0;-0.78;-0.78;42.75;98.8;97.5;0.00;100.00
100868;661;51.0;49;3.14;7110.0;-0.78;-0.78;42.75;98.8;97.5;0.00;100.00
100878;660;51.0;49;3.14;7110.0;-0.78;-0.78;42.75;98.8;97.5;0.00;100.00
100887;660;51.0;49;3.14;7110.0;-0.78;-0.78;42.75;98.8;97.5;0.00;100.00
100903;659;51.0;49;3.14;7110.0;-1.56;-0.78;42.75;98.8;97.5;0.00;100.00
100918;658;51.0;49;3.14;7110.0;-1.56;-1.56;42.75;98.8;97.5;0.00;100.00
100924;657;51.0;49;3.14;7110.0;-1.56;-1.56;42.35;98.8;97.5;0.00;100.00
100935;656;51.0;49;3.14;7110.0;-1.56;-1.56;42.35;98.8;97.5;0.00;100.00
100948;655;51.0;49;3.14;7110.0;-1.56;-1.56;42.35;98.8;97.5;0.00;100.00
100957;654;51.0;49;3.14;7110.0;-1.56;-1.56;42.35;98.8;97.5;0.00;100.00
100969;653;51.0;49;3.14;7110.0;-1.56;-1.56;42.35;98.8;97.5;0.00;100.00
100984;652;50.0;49;3.14;7110.0;-1.56;-1.56;42.35;98.8;97.5;0.00;100.00
100994;651;50.0;49;3.14;7110.0;-1.56;-1.56;42.35;98.8;97.5;0.00;100.00
101008;650;50.0;49;3.14;7110.0;-1.56;-2.34;42.35;98.8;97.5;0.00;100.00
101016;649;50.0;49;3.14;7110.0;-1.56;-2.34;42.35;98.8;97.5;0.00;100.00
101033;648;50.0;49;3.14;7110.0;-1.56;-2.34;42.35;98.8;97.5;0.00;100.00
101045;647;50.0;49;3.14;7110.0;-1.56;-2.34;42.35;98.8;97.5;0.00;100.00
101055;647;50.0;49;3.14;7110.0;-1.56;-2.34;41.96;98.8;97.5;0.00;100.00
101067;646;50.0;49;3.14;7110.0;-1.56;-2.34;41.96;98.8;97.5;0.00;100.00
101078;646;50.0;49;3.14;7110.0;-1.56;-3.13;41.96;98.8;97.5;0.00;100.00
101087;645;50.0;49;3.14;7110.0;-1.56;-3.13;41.96;98.8;97.5;0.00;100.00
101096;645;50.0;49;3.14;7110.0;-1.56;-3.13;41.96;98.8;97.5;0.00;100.00
101106;644;50.0;49;3.14;7110.0;-1.56;-3.13;41.96;98.8;97.5;0.00;100.00
101117;644;50.0;49;3.14;7110.0;-1.56;-3.13;41.96;98.8;97.5;0.00;100.00
101126;643;50.0;49;3.14;7110.0;-1.56;-3.13;41.96;98.8;97.5;0.00;100.00
101136;643;50.0;49;3.14;7110.0;-1.56;-3.13;41.96;98.8;97.5;0.00;100.00
101154;642;50.0;49;3.14;7110.0;-2.34;-3.13;41.96;98.8;97.5;0.00;100.00
101171;642;50.0;49;3.14;7110.0;-2.34;-3.91;41.96;98.8;97.5;0.00;100.00
101186;642;50.0;49;3.14;7110.0;-2.34;-3.91;41.57;98.8;97.5;0.00;100.00
101197;642;50.0;49;3.14;7110.0;-2.34;-3.91;41.57;98.8;97.5;0.00;100.00
101207;642;50.0;49;3.14;7110.0;-2.34;-3.91;41.57;98.8;97.5;0.00;100.00
101216;642;50.0;49;3.14;7110.0;-2.34;-3.91;41.57;98.8;97.5;0.00;100.00
101227;642;50.0;49;3.14;7110.0;-2.34;-3.91;41.57;98.8;97.5;0.00;100.00
101235;642;49.0;49;3.14;7110.0;-2.34;-3.91;41.57;98.8;97.5;0.00;100.00
101244;642;49.0;49;3.14;7110.0;-2.34;-3.91;41.57;98.8;97.5;0.00;100.00
101256;642;49.0;49;3.14;7110.0;-2.34;-3.91;41.57;98.8;97.5;0.00;100.00
101268;642;49.0;49;3.14;7110.0;-2.34;-3.91;41.57;98.8;97.5;0.00;100.00
101285;642;49.0;49;3.14;7110.0;-2.34;-3.91;41.57;98.8;97.5;0.00;100.00
101296;642;49.0;49;3.14;7110.0;-2.34;-4.69;41.57;98.8;97.5;0.00;100.00
101307;641;49.0;49;3.14;7110.0;-2.34;-4.69;41.18;98.8;97.5;0.00;100.00
101319;640;49.0;49;3.14;7110.0;-2.34;-4.69;41.18;98.8;97.5;0.00;100.00
101338;639;49.0;49;3.14;7110.0;-2.34;-4.69;41.18;98.8;97.5;0.00;100.00
101349;639;49.0;49;3.14;7110.0;-2.34;-4.69;41.18;98.8;97.5;0.00;100.00
101369;638;49.0;49;3.14;7110.0;-2.34;-4.69;41.18;98.8;97.5;0.00;100.00
101386;637;49.0;49;3.14;7110.0;-2.34;-4.69;41.18;98.8;97.5;0.00;100.00
101398;636;49.0;49;3.14;7110.0;-2.34;-4.69;41.18;98.8;97.5;0.00;100.00
101405;636;49.0;49;3.14;7110.0;-2.34;-4.69;41.18;98.8;97.5;0.00;100.00
101417;635;49.0;49;3.14;7110.0;-2.34;-4.69;41.18;98.8;97.5;0.00;100.00
101432;634;49.0;49;3.14;7110.0;-2.34;-4.69;41.18;98.8;97.5;0.00;100.00
101446;634;49.0;49;3.14;7110.0;-2.34;-5.47;41.18;98.8;97.5;0.00;100.00
101456;633;49.0;49;3.14;7110.0;-2.34;-5.47;40.78;98.8;97.5;0.00;100.00
101469;633;49.0;49;3.14;7110.0;-2.34;-5.47;40.78;98.8;97.5;0.00;100.00
101484;632;49.0;49;3.14;7110.0;-2.34;-5.47;40.78;98.8;97.5;0.00;100.00
101497;632;49.0;49;3.14;7110.0;-2.34;-5.47;40.78;98.8;97.5;0.00;100.00
101508;632;49.0;49;3.14;7110.0;-2.34;-5.47;40.78;98.8;97.5;0.00;100.00
101517;631;49.0;49;3.14;7110.0;-2.34;-5.47;40.78;98.8;97.5;0.00;100.00
101526;631;49.0;49;3.14;7110.0;-2.34;-5.47;40.78;98.8;97.5;0.00;100.00
101538;630;49.0;49;3.14;7110.0;-2.34;-5.47;40.78;98.8;97.5;0.00;100.00
101547;630;49.0;49;3.14;7110.0;-2.34;-5.47;40.78;98.8;97.5;0.00;100.00
101568;630;49.0;49;3.14;7110.0;-2.34;-5.47;40.78;98.8;97.5;0.00;100.00
101577;630;49.0;49;3.14;7110.0;-2.34;-6.25;40.78;98.8;97.5;0.00;100.00
101587;630;49.0;49;3.14;7110.0;-2.34;-6.25;40.78;98.8;97.5;0.00;100.00
101596;629;49.0;49;3.14;7110.0;-2.34;-6.25;40.78;98.8;97.5;0.00;100.00
101606;629;49.0;49;3.14;7110.0;-2.34;-6.25;40.78;98.8;98.0;0.00;100.00
101617;629;49.0;49;3.14;7110.0;-2.34;-6.25;40.78;98.8;98.0;0.00;100.00
101626;629;49.0;49;3.14;7110.0;-2.34;-6.25;40.78;98.8;98.0;0.00;100.00
101634;629;50.0;49;3.14;7110.0;-2.34;-6.25;40.78;98.8;98.0;0.00;100.00
101646;629;50.0;49;3.14;7110.0;-2.34;-6.25;40.78;98.8;98.0;0.00;100.00
101656;629;50.0;49;3.14;7110.0;-2.34;-6.25;40.78;98.8;98.0;0.00;100.00
101668;629;50.0;49;3.14;7110.0;-2.34;-6.25;40.78;98.8;98.0;0.00;100.00
101682;629;50.0;49;3.14;7110.0;-3.13;-6.25;40.78;98.8;98.0;0.00;100.00
101696;629;50.0;49;3.14;7110.0;-3.13;-6.25;40.78;98.8;98.0;0.00;100.00
101706;628;50.0;49;3.14;7110.0;-3.13;-6.25;40.78;98.8;98.0;0.00;100.00
101717;628;50.0;49;3.14;7110.0;-3.13;-6.25;40.78;98.8;98.0;0.00;100.00
101728;628;50.0;49;3.14;7110.0;-3.13;-6.25;40.78;98.8;98.0;0.00;100.00
101739;627;50.0;49;3.14;7110.0;-3.13;-6.25;40.78;98.8;98.0;0.00;100.00
101747;627;50.0;49;3.14;7110.0;-3.13;-6.25;40.78;98.8;98.0;0.00;100.00
101757;626;50.0;49;3.14;7110.0;-3.13;-6.25;40.78;98.8;98.0;0.00;100.00
101768;626;50.0;49;3.14;7110.0;-3.13;-6.25;40.78;98.8;98.0;0.00;100.00
101777;626;50.0;49;3.14;7110.0;-3.13;-6.25;40.78;98.8;98.0;0.00;100.00
101786;625;50.0;49;3.14;7110.0;-3.13;-6.25;40.78;98.8;98.0;0.00;100.00
101802;625;50.0;49;3.14;7110.0;-3.13;-6.25;40.78;98.8;98.0;0.00;100.00
101817;625;50.0;49;3.14;7110.0;-3.13;-7.03;40.78;98.8;98.0;0.00;100.00
101826;625;50.0;49;3.14;7110.0;-3.13;-7.03;41.18;98.8;98.0;0.00;100.00
101837;625;50.0;49;3.14;7110.0;-3.13;-7.03;41.18;98.8;98.0;0.00;100.00
101846;625;50.0;49;3.14;7110.0;-3.13;-7.03;41.18;98.8;98.0;0.00;100.00
101856;625;50.0;49;3.14;7110.0;-3.13;-7.03;41.18;98.8;98.0;0.00;100.00
101866;625;50.0;49;3.14;7110.0;-3.13;-7.03;41.18;98.8;98.0;0.00;100.00
101875;625;51.0;49;3.14;7110.0;-3.13;-7.03;41.18;98.8;98.0;0.00;100.00
101887;625;51.0;50;3.14;7110.0;-3.13;-7.03;41.18;98.8;98.0;0.00;100.00
101896;625;51.0;50;3.53;7110.0;-3.13;-7.03;41.57;98.8;98.0;0.00;100.00
101907;625;51.0;50;3.53;7110.0;-3.13;-7.03;41.57;98.8;98.0;0.00;100.00
101924;625;51.0;50;3.53;7110.0;-3.91;-7.03;41.57;98.8;98.0;0.00;100.00
101935;625;51.0;50;3.53;7110.0;-3.91;-7.03;41.57;98.8;98.0;0.00;100.00
101947;626;51.0;50;3.53;7110.0;-3.91;-7.03;41.96;98.8;98.0;0.00;100.00
101955;626;52.0;50;3.53;7110.0;-3.91;-7.03;41.96;98.8;98.0;0.00;100.00
101967;626;52.0;50;3.53;7110.0;-3.91;-7.03;41.96;98.8;98.0;0.00;100.00
101977;626;52.0;50;3.53;7110.0;-3.91;-7.03;41.96;98.8;98.0;0.00;100.00
101985;626;53.0;50;3.53;7110.0;-3.91;-7.03;42.35;98.8;98.0;0.00;100.00
101997;626;53.0;50;3.53;7110.0;-3.91;-7.03;42.35;98.8;98.0;0.00;100.00
102006;626;54.0;50;3.53;7110.0;-3.91;-7.03;42.75;98.8;98.0;0.00;100.00
102016;626;54.0;50;3.92;7110.0;-3.91;-7.03;42.75;98.8;98.0;0.00;100.00
102026;627;54.0;50;3.92;7110.0;-3.91;-7.03;43.14;98.8;98.0;0.00;100.00
102041;627;55.0;50;3.92;7110.0;-3.91;-7.03;43.53;98.8;98.0;0.00;100.00
102055;626;55.0;50;3.92;7110.0;-3.91;-7.03;43.92;98.8;98.0;0.00;100.00
102068;626;55.0;50;3.92;7110.0;-3.91;-7.03;43.92;98.8;98.0;0.00;100.00
102076;625;56.0;50;3.92;7110.0;-3.91;-7.03;44.31;98.8;98.0;0.00;100.00
102086;625;56.0;50;3.92;7110.0;-3.91;-7.03;44.71;98.8;98.0;0.00;100.00
102097;625;56.0;50;3.92;7110.0;-3.91;-7.03;45.10;98.8;98.0;0.00;100.00
102106;624;56.0;50;3.92;7110.0;-3.91;-7.03;45.10;98.8;98.0;0.00;100.00
102115;624;57.0;50;3.92;7110.0;-3.91;-7.03;45.49;98.8;98.0;0.00;100.00
102126;623;57.0;50;3.92;7110.0;-3.91;-7.03;45.49;98.8;98.0;0.00;100.00
102135;623;57.0;50;3.92;7110.0;-3.91;-7.03;45.88;98.8;98.0;0.00;100.00
102147;623;57.0;50;3.92;7110.0;-3.91;-7.03;45.88;98.8;98.0;0.00;100.00
102167;622;58.0;50;3.92;7110.0;-3.91;-7.03;45.88;98.8;98.0;0.00;100.00
102175;622;58.0;50;3.92;7110.0;-3.91;-7.03;46.27;98.8;98.0;0.00;100.00
102186;622;58.0;50;3.92;7110.0;-3.91;-7.03;46.27;98.8;98.0;0.00;100.00
102196;623;58.0;50;3.92;7110.0;-3.91;-7.03;46.67;98.8;98.0;0.00;100.00
102205;623;59.0;50;3.92;7110.0;-3.91;-7.03;46.67;98.8;98.0;0.00;100.00
102217;623;59.0;50;3.92;7110.0;-3.91;-7.03;46.67;98.8;98.0;0.00;100.00
102225;623;59.0;50;3.92;7110.0;-3.91;-7.03;47.06;98.8;98.0;0.00;100.00
102236;623;59.0;50;3.92;7110.0;-3.91;-7.03;47.06;98.8;98.0;0.00;100.00
102247;623;59.0;50;3.92;7110.0;-3.91;-7.03;47.45;98.8;98.0;0.00;100.00
102257;624;59.0;50;3.92;7110.0;-3.91;-7.03;47.84;98.8;98.0;0.00;100.00
102267;624;60.0;50;3.92;7110.0;-3.91;-7.03;48.24;98.8;98.0;0.00;100.00
102282;624;60.0;50;3.92;7110.0;-3.91;-7.03;48.63;98.8;98.0;0.00;100.00
102296;626;60.0;50;3.92;7110.0;-3.91;-7.03;49.02;98.8;98.0;0.00;100.00
102307;628;60.0;50;3.92;7110.0;-3.91;-7.03;49.02;98.8;98.0;0.00;100.00
102317;630;60.0;50;3.92;7110.0;-3.91;-7.03;49.41;98.8;98.0;0.00;100.00
102326;632;60.0;50;3.92;7110.0;-3.91;-7.03;49.80;98.8;98.0;0.00;100.00
102338;634;60.0;50;3.92;7110.0;-3.91;-7.03;50.20;98.8;98.0;0.00;100.00
102346;637;60.0;50;3.92;7110.0;-3.91;-7.03;50.59;98.8;98.0;0.00;100.00
102356;639;59.0;50;3.92;7110.0;-3.91;-7.03;50.98;98.8;98.0;0.00;100.00
102376;641;59.0;50;3.92;7110.0;-3.91;-7.03;50.98;98.8;98.0;0.00;100.00
102387;643;59.0;50;3.53;7110.0;-3.91;-7.03;50.98;98.8;98.0;0.00;100.00
102396;645;59.0;50;3.53;7110.0;-3.91;-7.03;50.59;98.8;98.0;0.00;100.00
102413;647;59.0;50;3.53;7110.0;-3.91;-7.03;50.59;98.8;98.0;0.00;100.00
102426;646;59.0;50;3.53;7110.0;-3.91;-7.03;50.59;98.8;98.0;0.00;100.00
102435;645;59.0;50;3.53;7110.0;-3.91;-7.03;50.59;98.8;98.0;0.00;100.00
102446;645;59.0;50;3.53;7110.0;-3.91;-7.03;50.59;98.8;98.0;0.00;100.00
102455;644;59.0;50;3.53;7110.0;-3.91;-7.03;50.59;98.8;98.0;0.00;100.00
102467;643;59.0;50;3.53;7110.0;-3.91;-7.03;50.20;98.8;98.0;0.00;100.00
102477;642;59.0;50;3.53;7110.0;-3.91;-7.03;50.20;98.8;98.0;0.00;100.00
102485;641;59.0;50;3.53;7110.0;-3.91;-7.03;50.20;98.8;98.0;0.00;100.00
102496;641;59.0;50;3.53;7110.0;-3.13;-7.03;50.20;98.8;98.0;0.00;100.00
102505;640;59.0;50;3.53;7110.0;-3.13;-7.03;50.20;98.8;98.0;0.00;100.00
102518;639;59.0;50;3.53;7110.0;-3.13;-7.03;50.20;98.8;98.0;0.00;100.00
102534;638;59.0;50;3.53;7110.0;-3.13;-7.03;50.20;98.8;98.0;0.00;100.00
102545;643;59.0;50;3.53;7110.0;-3.13;-6.25;50.20;98.8;98.0;0.00;100.00
102556;648;60.0;50;3.53;7110.0;-3.13;-6.25;49.80;98.8;98.0;0.00;100.00
102568;654;61.0;50;3.53;7110.0;-2.34;-6.25;49.80;98.8;98.0;0.00;100.00
102577;659;63.0;50;3.92;7110.0;-2.34;-6.25;49.80;98.8;97.5;0.00;100.00
102585;664;64.0;50;4.71;7110.0;-2.34;-6.25;49.80;98.8;97.5;0.00;100.00
102596;669;65.0;50;5.10;7110.0;-2.34;-6.25;49.80;98.8;97.5;0.00;100.00
102607;674;66.0;50;5.49;7110.0;-2.34;-6.25;49.80;98.8;97.5;0.00;100.00
102616;680;67.0;50;5.88;7110.0;-1.56;-5.47;50.98;98.8;97.5;0.00;100.00
102625;685;68.0;50;6.67;7110.0;-1.56;-5.47;52.16;99.4;97.5;0.00;100.00
102636;690;70.0;50;7.06;7110.0;-1.56;-5.47;53.73;100.0;97.5;0.00;100.00
102654;695;71.0;50;7.45;7110.0;-1.56;-5.47;54.90;100.6;97.5;0.00;100.00
102669;703;72.0;50;7.84;7110.0;-1.56;-4.69;56.08;101.2;97.5;0.00;100.00
102677;710;74.0;50;8.63;7110.0;-1.56;-4.69;57.25;101.8;97.5;0.00;100.00
102686;717;75.0;50;9.02;7110.0;-0.78;-4.69;58.43;102.4;97.5;0.00;100.00
102697;725;77.0;50;9.41;7110.0;-0.78;-4.69;59.61;103.0;98.0;0.00;100.00
102706;732;79.0;50;9.80;7110.0;-0.78;-3.91;61.18;103.6;98.0;0.00;100.00
102715;739;80.0;50;10.59;7110.0;-0.78;-3.91;62.35;104.2;98.0;0.00;100.00
102728;747;82.0;50;10.98;7110.0;-0.78;-3.91;63.53;104.8;98.0;0.00;100.00
102737;754;83.0;50;11.37;7110.0;-0.78;-3.91;65.88;105.4;98.0;0.00;100.00
102746;762;85.0;50;11.76;7110.0;-0.78;-3.91;68.24;105.3;98.0;0.00;100.00
102756;769;87.0;50;12.16;7110.0;-0.78;-3.91;70.98;105.2;98.0;0.00;100.00
102773;776;88.0;50;12.55;7110.0;-0.78;-3.91;73.33;105.1;98.0;0.00;100.00
102786;780;90.0;50;13.33;7110.0;-0.78;-3.91;75.69;104.9;98.0;0.00;100.00
102795;783;90.0;50;13.73;7110.0;-0.78;-3.91;78.04;104.8;98.0;0.00;100.00
102806;786;91.0;50;14.12;7110.0;-0.78;-3.91;80.39;104.7;98.0;0.00;100.00
102817;789;91.0;50;14.51;7110.0;-0.78;-3.91;82.75;104.6;98.0;0.00;100.00
102826;792;91.0;50;14.51;7110.0;-0.78;-3.91;85.49;104.5;98.0;0.00;100.00
102835;796;92.0;50;14.90;7110.0;-0.78;-3.91;87.84;104.4;98.0;0.00;100.00
102845;799;92.0;50;15.29;7110.0;-0.78;-3.91;90.20;104.3;98.0;0.00;100.00
102857;802;93.0;50;15.69;7110.0;-0.78;-3.13;89.80;104.2;98.0;0.00;100.00
102868;805;93.0;50;15.69;7110.0;-0.78;-3.13;89.41;103.7;98.0;0.00;100.00
102875;808;93.0;50;16.08;7110.0;-0.78;-2.34;89.02;103.2;98.0;0.00;100.00
102896;812;94.0;50;16.47;7110.0;0.00;-2.34;88.63;102.8;98.0;0.00;100.00
102907;820;94.0;50;16.86;7110.0;0.00;-1.56;88.24;102.3;98.0;0.00;100.00
102916;828;94.0;50;16.86;7110.0;0.00;-1.56;88.24;101.8;98.0;0.00;100.00
102927;837;93.0;50;17.25;7110.0;0.00;-0.78;87.84;101.3;98.0;0.00;100.00
102936;845;93.0;50;16.47;7110.0;0.00;-0.78;87.45;100.9;97.5;0.00;100.00
102947;854;93.0;50;16.08;7110.0;0.00;0.00;87.06;100.4;97.5;0.00;100.00
102955;862;92.0;50;15.29;7110.0;0.00;0.00;86.67;99.9;97.5;0.00;100.00
102970;871;92.0;50;14.90;7110.0;0.00;0.00;86.27;99.5;97.5;0.00;100.00
102986;879;91.0;50;14.12;7110.0;0.78;0.00;84.31;99.0;97.5;0.00;100.00
102995;888;91.0;50;13.73;7110.0;0.78;0.00;82.75;99.0;97.5;0.00;100.00
103007;896;91.0;50;12.94;7110.0;0.78;0.00;80.78;99.0;97.5;0.00;100.00
103021;904;90.0;50;12.55;7110.0;0.78;0.00;78.82;99.0;97.0;0.00;100.00
103036;914;90.0;50;11.76;7110.0;0.78;0.78;76.86;99.1;97.0;0.00;100.00
103047;924;89.0;50;11.37;7110.0;0.78;0.78;75.29;99.1;96.5;0.00;100.00
103056;934;89.0;50;10.59;7110.0;1.56;0.78;73.33;99.1;96.5;0.00;100.00
103067;944;88.0;50;10.59;7110.0;1.56;0.78;71.37;99.1;96.0;0.00;100.00
103076;954;87.0;50;10.59;7110.0;1.56;0.78;69.41;99.1;96.0;0.00;100.00
103086;964;87.0;50;10.59;7110.0;1.56;0.78;67.84;99.2;95.5;0.00;100.00
103097;974;86.0;50;10.59;7110.0;2.34;0.78;65.88;99.2;95.5;0.00;100.00
103108;983;86.0;50;10.59;7110.0;2.34;1.56;65.10;99.2;95.0;0.00;100.00
103116;993;85.0;50;10.59;7110.0;2.34;1.56;63.92;99.2;95.0;0.00;100.00
103127;1003;84.0;50;10.59;7110.0;2.34;1.56;63.14;99.2;93.5;0.00;100.00
103142;1013;84.0;50;10.59;7110.0;3.13;1.56;62.35;99.2;92.0;0.00;100.00
103157;1016;83.0;50;10.59;7110.0;3.13;2.34;61.57;99.2;91.0;0.00;100.00
103169;1019;83.0;50;10.59;7110.0;3.13;2.34;60.39;99.2;89.5;0.00;100.00
103188;1022;82.0;50;10.59;7110.0;3.13;2.34;59.61;99.2;88.0;0.00;100.00
103197;1025;82.0;50;10.59;7110.0;3.91;2.34;58.82;99.2;86.5;0.00;100.00
103206;1028;82.0;50;10.59;7110.0;3.91;3.13;58.04;99.2;85.0;0.00;100.00
103218;1031;82.0;50;10.20;7110.0;3.91;3.13;56.86;99.2;83.5;0.00;100.00
103225;1034;81.0;50;10.20;7110.0;3.91;3.13;56.08;99.2;82.5;0.00;100.00
103236;1037;81.0;50;10.20;7110.0;3.91;3.13;56.08;99.2;81.0;0.00;100.00
103247;1041;81.0;50;10.20;7110.0;3.91;3.13;56.08;99.1;79.5;0.00;100.00
103257;1044;81.0;50;10.20;7110.0;3.91;3.13;55.69;99.1;78.5;0.00;100.00
103272;1047;80.0;50;10.20;7110.0;4.69;3.13;55.69;99.1;78.0;0.00;100.00
103285;1047;80.0;50;9.80;7110.0;4.69;2.34;55.69;99.1;77.0;0.00;100.00
103295;1047;80.0;50;9.80;7110.0;4.69;2.34;55.69;99.1;76.0;0.00;100.00
103307;1048;79.0;50;9.80;7110.0;4.69;2.34;55.69;99.1;75.5;0.00;100.00
103316;1048;79.0;50;9.80;7110.0;4.69;2.34;55.69;99.1;74.5;0.00;100.00
103326;1048;79.0;50;9.80;7110.0;4.69;2.34;55.29;99.1;74.0;0.00;100.00
103337;1049;78.0;50;9.41;7110.0;4.69;2.34;55.29;99.1;73.0;0.00;100.00
103346;1049;78.0;50;9.41;7110.0;4.69;2.34;55.29;99.1;72.0;0.00;100.00
103356;1049;77.0;50;9.41;7110.0;5.47;2.34;54.90;99.1;71.5;0.00;100.00
103376;1049;77.0;50;9.41;7110.0;5.47;2.34;54.90;99.1;70.5;0.00;100.00
103387;1050;77.0;50;9.41;7110.0;5.47;2.34;54.51;99.1;70.5;0.00;100.00
103403;1050;76.0;50;9.41;7110.0;5.47;2.34;54.51;99.1;70.5;0.00;100.00
103417;1049;76.0;50;9.02;7110.0;5.47;3.13;54.12;99.0;70.5;0.00;100.00
103427;1048;76.0;50;9.02;7110.0;5.47;3.13;54.12;99.0;70.5;0.00;100.00
103436;1046;76.0;50;9.02;7110.0;6.25;3.13;53.73;99.0;70.5;0.00;100.00
103448;1045;75.0;50;9.02;7110.0;6.25;3.13;53.73;99.0;70.5;0.00;100.00
103468;1044;75.0;50;9.02;7110.0;6.25;3.13;53.33;99.0;70.5;0.00;100.00
103478;1043;75.0;50;8.63;7110.0;6.25;3.13;53.33;99.0;70.5;0.00;100.00
103486;1041;75.0;50;8.63;7110.0;6.25;3.13;52.94;99.0;70.5;0.00;100.00
103497;1040;75.0;49;8.63;7110.0;6.25;3.13;52.94;99.0;70.5;0.00;100.00
103508;1039;75.0;49;8.63;7110.0;6.25;3.91;52.94;99.0;70.5;0.00;100.00
103517;1038;74.0;49;8.63;7110.0;6.25;3.91;52.94;99.0;70.5;0.00;100.00
103532;1036;74.0;49;8.63;7110.0;7.03;3.91;52.94;98.9;70.5;0.00;100.00
103547;1038;74.0;49;8.24;7110.0;7.03;3.91;52.94;98.9;70.5;0.00;100.00
103557;1040;74.0;49;8.24;7110.0;7.03;3.91;52.55;98.9;70.5;0.00;100.00
103565;1042;74.0;49;8.24;7110.0;7.03;3.91;52.55;98.9;70.5;0.00;100.00
103577;1043;73.0;49;8.24;7110.0;7.03;4.69;52.55;98.9;71.0;0.00;100.00
103586;1045;73.0;49;8.24;7110.0;7.03;4.69;52.55;98.9;71.0;0.00;100.00
103597;1047;73.0;49;7.84;7110.0;7.03;4.69;52.55;98.9;71.0;0.00;100.00
103608;1049;73.0;49;7.84;7110.0;7.03;4.69;52.55;98.9;71.0;0.00;100.00
103616;1051;73.0;49;7.84;7110.0;7.03;4.69;52.55;98.9;71.0;0.00;100.00
103627;1052;73.0;49;7.84;7110.0;7.03;4.69;52.16;98.9;71.0;0.00;100.00
103636;1054;72.0;49;7.84;7110.0;7.03;4.69;52.16;98.9;71.0;0.00;100.00
103651;1056;72.0;49;7.84;7110.0;7.81;4.69;52.16;98.9;71.0;0.00;100.00
103668;1058;72.0;49;7.45;7110.0;7.81;5.47;52.16;98.9;71.0;0.00;100.00
103677;1060;71.0;49;7.45;7110.0;7.81;5.47;51.76;98.9;71.0;0.00;100.00
103687;1062;71.0;49;7.45;7110.0;7.81;5.47;51.76;98.9;71.0;0.00;100.00
103695;1064;70.0;49;7.45;7110.0;7.81;5.47;51.76;98.8;71.0;0.00;100.00
103708;1066;69.0;49;7.45;7110.0;7.81;5.47;51.76;98.8;71.0;0.00;100.00
103718;1068;69.0;49;7.45;7110.0;7.81;5.47;51.37;98.8;71.0;0.00;100.00
103727;1070;68.0;49;7.45;7110.0;7.81;5.47;51.37;98.8;71.0;0.00;100.00
103736;1072;68.0;49;7.45;7110.0;7.81;5.47;50.98;98.8;71.0;0.00;100.00
103749;1074;67.0;49;7.45;7110.0;7.81;5.47;50.20;98.8;71.0;0.00;100.00
103766;1076;66.0;49;7.45;7110.0;7.81;5.47;49.80;98.8;71.0;0.00;100.00
103784;1078;66.0;49;7.45;7110.0;8.59;5.47;49.41;98.8;71.0;0.00;100.00
103796;1076;65.0;49;7.45;7110.0;8.59;6.25;48.63;98.8;71.0;0.00;100.00
103808;1074;66.0;49;7.45;7110.0;8.59;6.25;48.24;98.8;71.0;0.00;100.00
103815;1073;66.0;49;7.45;7110.0;8.59;6.25;47.45;98.8;71.0;0.00;100.00
103827;1071;67.0;49;7.45;7110.0;8.59;6.25;47.06;98.8;70.5;0.00;100.00
103836;1069;67.0;49;7.45;7110.0;8.59;6.25;46.67;98.8;70.5;0.00;100.00
103847;1068;68.0;49;7.45;7110.0;8.59;6.25;45.88;98.8;70.5;0.00;100.00
103858;1066;68.0;49;7.45;7110.0;8.59;6.25;45.49;98.8;70.5;0.00;100.00
103867;1065;69.0;49;7.45;7110.0;8.59;6.25;45.88;98.8;70.5;0.00;100.00
103878;1063;69.0;49;7.84;7110.0;8.59;6.25;46.27;98.8;70.5;0.00;100.00
103888;1061;70.0;49;7.84;7110.0;8.59;6.25;47.06;98.8;70.5;0.00;100.00
103903;1060;70.0;49;7.84;7110.0;8.59;6.25;47.45;98.8;70.5;0.00;100.00
103916;1054;71.0;49;7.84;7110.0;8.59;7.03;47.84;98.8;70.5;0.00;100.00
103927;1049;71.0;49;7.84;7110.0;8.59;7.03;48.24;98.8;70.5;0.00;100.00
103938;1044;71.0;49;7.84;7110.0;8.59;7.03;48.63;98.8;70.5;0.00;100.00
103946;1039;71.0;49;7.84;7110.0;8.59;7.03;49.02;98.8;71.0;0.00;100.00
103957;1034;71.0;49;7.45;7110.0;8.59;7.03;49.80;98.8;71.0;0.00;100.00
103968;1029;71.0;49;7.45;7110.0;8.59;7.03;50.20;98.8;71.0;0.00;100.00
103977;1024;72.0;49;7.45;7110.0;8.59;7.03;50.59;98.8;71.0;0.00;100.00
103986;1018;72.0;49;7.45;7110.0;8.59;7.03;50.98;98.8;71.0;0.00;100.00
103997;1013;72.0;49;7.06;7110.0;8.59;7.03;51.37;98.8;71.0;0.00;100.00
104008;1008;72.0;49;7.06;7110.0;8.59;7.03;51.76;98.8;71.5;0.00;100.00
104026;1003;72.0;49;7.06;7110.0;8.59;7.03;52.16;98.8;72.0;0.00;100.00
104037;998;72.0;49;7.06;7110.0;8.59;7.03;52.55;98.8;73.0;0.00;100.00
104049;994;71.0;49;6.67;7110.0;8.59;7.03;52.55;98.8;73.5;0.00;100.00
104066;990;71.0;49;6.67;7110.0;8.59;7.03;52.94;98.8;74.0;0.00;100.00
104078;985;70.0;49;6.67;7110.0;8.59;7.03;53.33;98.8;74.5;0.00;100.00
104087;981;70.0;49;6.67;7110.0;8.59;7.03;53.73;98.8;75.0;0.00;100.00
104098;977;69.0;49;6.27;7120.0;8.59;7.03;54.12;98.8;75.5;0.00;100.00
104107;972;69.0;49;6.27;7120.0;9.38;7.03;54.51;98.8;76.5;0.00;100.00
104119;968;68.0;49;6.27;7120.0;9.38;7.03;54.51;98.8;77.0;0.00;100.00
104127;963;68.0;49;6.27;7130.0;9.38;7.81;54.90;98.8;77.5;0.00;100.00
104138;959;67.0;49;6.27;7130.0;9.38;7.81;54.90;98.8;78.5;0.00;100.00
104153;955;67.0;49;6.27;7140.0;10.16;7.81;54.90;98.8;79.5;0.00;100.00
104166;949;66.0;49;5.88;7140.0;10.16;7.81;54.90;98.8;80.5;0.00;100.00
104178;943;66.0;49;5.88;7140.0;10.16;7.81;55.29;98.8;81.5;0.00;100.00
104186;937;66.0;49;5.88;7150.0;10.16;7.81;55.29;98.8;82.5;0.00;100.00
104198;931;66.0;49;5.88;7150.0;10.94;8.59;55.29;98.8;83.5;0.00;100.00
104207;926;66.0;49;5.88;7150.0;10.94;8.59;55.29;98.8;84.5;0.00;100.00
104218;920;66.0;49;5.88;7140.0;10.94;8.59;55.69;98.8;85.5;0.00;100.00
104226;914;67.0;49;5.88;7140.0;10.94;8.59;55.69;98.8;86.5;0.00;100.00
104235;908;67.0;49;5.88;7140.0;11.72;8.59;55.69;98.8;87.5;0.00;100.00
104247;902;67.0;49;5.88;7130.0;11.72;8.59;55.69;98.8;88.5;0.00;100.00
104254;896;67.0;49;5.88;7130.0;11.72;8.59;55.69;98.8;89.0;0.00;100.00
104274;891;67.0;49;5.88;7120.0;11.72;8.59;55.69;98.8;90.0;0.00;100.00
104289;886;67.0;49;5.88;7120.0;11.72;9.38;55.69;98.8;90.5;0.00;100.00
104309;882;67.0;49;5.88;7120.0;11.72;9.38;55.29;98.8;91.0;0.00;100.00
104325;877;67.0;49;5.88;7110.0;12.50;9.38;55.29;98.8;92.0;0.00;100.00
104334;873;67.0;49;5.88;7110.0;12.50;9.38;55.29;98.8;92.5;0.00;100.00
104345;868;67.0;49;5.88;7110.0;12.50;9.38;55.29;98.8;93.5;0.00;100.00
104354;864;67.0;49;5.88;7120.0;12.50;9.38;55.29;98.8;94.0;0.00;100.00
104369;859;67.0;49;5.88;7120.0;12.50;9.38;55.29;98.8;94.5;0.00;100.00
104386;855;67.0;49;5.88;7120.0;11.72;9.38;55.29;98.8;95.5;0.00;100.00
104395;850;67.0;49;5.49;7130.0;11.72;9.38;55.29;98.8;96.0;0.00;100.00
104406;846;67.0;49;5.49;7130.0;11.72;9.38;55.69;98.8;96.0;0.00;100.00
104423;841;67.0;49;5.49;7140.0;11.72;9.38;55.69;98.8;96.0;0.00;100.00
104437;839;67.0;49;5.49;7140.0;11.72;8.59;55.69;98.8;96.0;0.00;100.00
104448;836;67.0;49;5.49;7140.0;11.72;8.59;55.69;98.8;96.0;0.00;100.00
104455;834;67.0;49;5.49;7150.0;10.94;8.59;55.69;98.8;96.0;0.00;100.00
104466;831;67.0;49;5.49;7150.0;10.94;8.59;55.69;98.8;96.5;0.00;100.00
104475;829;67.0;49;5.49;7150.0;10.94;8.59;56.08;98.8;96.5;0.00;100.00
104486;826;67.0;49;5.49;7150.0;10.94;8.59;56.08;98.8;96.5;0.00;100.00
104497;823;68.0;49;5.49;7150.0;10.16;8.59;56.08;98.8;96.5;0.00;100.00
104506;821;68.0;49;5.49;7150.0;10.16;8.59;56.08;98.8;96.5;0.00;100.00
104516;818;68.0;49;5.10;7150.0;10.16;8.59;56.08;98.8;96.5;0.00;100.00
104526;816;68.0;49;5.10;7150.0;10.16;8.59;56.08;98.8;96.5;0.00;100.00
104543;813;68.0;49;5.10;7150.0;9.38;8.59;56.08;98.8;96.5;0.00;100.00
104556;811;68.0;49;5.10;7150.0;9.38;7.81;56.08;98.8;96.5;0.00;100.00
104567;809;68.0;49;5.10;7150.0;9.38;7.81;56.47;98.8;96.5;0.00;100.00
104575;807;68.0;49;5.10;7150.0;9.38;7.81;56.47;98.8;96.5;0.00;100.00
104584;805;67.0;49;5.10;7150.0;8.59;7.81;56.47;98.8;97.0;0.00;100.00
104597;803;67.0;49;5.10;7150.0;8.59;7.81;56.47;98.8;97.0;0.00;100.00
104606;801;67.0;49;5.10;7150.0;8.59;7.81;56.47;98.8;97.0;0.00;100.00
104616;798;67.0;49;5.10;7150.0;7.81;7.81;56.47;98.8;97.0;0.00;100.00
104624;796;67.0;49;5.10;7150.0;7.81;7.81;56.47;98.8;97.0;0.00;100.00
104637;794;67.0;49;5.10;7150.0;7.81;7.81;56.08;98.8;97.0;0.00;100.00
104649;792;66.0;49;5.10;7150.0;7.81;7.81;56.08;98.8;97.0;0.00;100.00
104674;790;66.0;49;5.10;7150.0;7.03;7.81;56.08;98.8;97.0;0.00;100.00
104685;788;66.0;49;5.10;7150.0;7.03;7.81;56.08;98.8;97.0;0.00;100.00
104695;786;66.0;49;5.10;7150.0;7.03;7.81;55.69;98.8;97.0;0.00;100.00
104706;784;65.0;49;5.10;7150.0;7.03;7.81;55.69;98.8;97.0;0.00;100.00
104717;782;65.0;49;5.10;7150.0;6.25;7.81;55.69;98.8;97.0;0.00;100.00
104726;780;65.0;49;5.10;7150.0;6.25;7.81;55.69;98.8;97.0;0.00;100.00
104735;778;65.0;49;4.71;7140.0;6.25;7.81;55.29;98.8;97.0;0.00;100.00
104747;776;64.0;49;4.71;7140.0;5.47;7.81;55.29;98.8;97.0;0.00;100.00
104755;774;64.0;49;4.71;7140.0;5.47;7.81;55.29;98.8;97.0;0.00;100.00
104768;772;64.0;49;4.71;7130.0;5.47;7.03;54.90;98.8;97.0;0.00;100.00
104774;770;64.0;49;4.71;7130.0;5.47;7.03;54.90;98.8;97.0;0.00;100.00
104793;768;63.0;49;4.71;7120.0;4.69;7.03;54.51;98.8;97.0;0.00;100.00
104806;766;63.0;49;4.31;7120.0;4.69;7.03;54.51;98.8;97.0;0.00;100.00
104815;764;63.0;49;4.31;7120.0;4.69;7.03;54.12;98.8;97.0;0.00;100.00
104828;762;62.0;49;4.31;7110.0;4.69;7.03;54.12;98.8;97.0;0.00;100.00
104834;760;62.0;49;4.31;7110.0;3.91;6.25;53.73;98.8;97.0;0.00;100.00
104845;758;62.0;49;4.31;7110.0;3.91;6.25;53.73;98.8;97.0;0.00;100.00
104856;756;61.0;49;4.31;7110.0;3.91;6.25;53.33;98.8;97.0;0.00;100.00
104867;754;61.0;49;4.31;7110.0;3.91;6.25;53.33;98.8;97.0;0.00;100.00
104876;752;60.0;49;4.31;7110.0;3.13;6.25;53.33;98.8;97.0;0.00;100.00
104886;750;60.0;49;3.92;7110.0;3.13;5.47;52.94;98.8;97.0;0.00;100.00
104898;748;60.0;49;3.92;7110.0;3.13;5.47;52.94;98.8;97.0;0.00;100.00
104913;746;59.0;49;3.92;7110.0;3.13;5.47;52.55;98.8;97.0;0.00;100.00
104927;745;59.0;49;3.92;7110.0;3.13;5.47;52.55;98.8;97.0;0.00;100.00
104936;744;59.0;49;3.92;7110.0;3.13;5.47;52.16;98.8;97.0;0.00;100.00
104946;743;59.0;49;3.92;7110.0;2.34;5.47;52.16;98.8;97.0;0.00;100.00
104956;742;58.0;49;3.92;7110.0;2.34;4.69;51.76;98.8;97.5;0.00;100.00
104967;740;58.0;49;3.92;7110.0;2.34;4.69;51.76;98.8;97.5;0.00;100.00
104975;739;58.0;49;3.53;7120.0;2.34;4.69;51.37;98.8;97.5;0.00;100.00
104985;738;58.0;49;3.53;7120.0;2.34;4.69;51.37;98.8;97.5;0.00;100.00
104996;737;58.0;49;3.53;7120.0;2.34;4.69;50.98;98.8;97.5;0.00;100.00
105005;736;58.0;49;3.53;7130.0;2.34;3.91;50.98;98.8;97.5;0.00;100.00
105017;735;57.0;49;3.53;7130.0;2.34;3.91;50.59;98.8;97.5;0.00;100.00
105032;734;57.0;49;3.53;7140.0;1.56;3.91;50.59;98.8;97.5;0.00;100.00
105045;731;57.0;49;3.14;7140.0;1.56;3.91;50.20;98.8;97.5;0.00;100.00
105055;729;57.0;49;3.14;7140.0;1.56;3.91;50.20;98.8;97.5;0.00;100.00
105067;726;56.0;49;3.14;7150.0;1.56;3.91;49.80;98.8;97.5;0.00;100.00
105077;724;56.0;49;3.14;7150.0;1.56;3.13;49.80;98.8;97.5;0.00;100.00
105085;721;56.0;49;3.14;7150.0;1.56;3.13;49.41;98.8;97.5;0.00;100.00
105096;719;56.0;49;3.14;7150.0;1.56;3.13;49.41;98.8;97.5;0.00;100.00
105107;716;55.0;49;3.14;7150.0;1.56;3.13;49.02;98.8;97.5;0.00;100.00
105115;714;55.0;49;3.14;7150.0;0.78;2.34;49.02;98.8;97.5;0.00;100.00
105125;711;55.0;49;3.53;7150.0;0.78;2.34;48.63;98.8;97.5;0.00;100.00
105135;709;55.0;49;3.53;7150.0;0.78;2.34;48.63;98.8;97.5;0.00;100.00
105151;706;54.0;49;3.53;7150.0;0.78;1.56;48.63;98.8;97.5;0.00;100.00
105167;704;54.0;49;3.53;7150.0;0.78;1.56;48.24;98.8;97.5;0.00;100.00
105176;703;54.0;49;3.53;7150.0;0.78;0.78;48.24;98.8;97.5;0.00;100.00
105185;701;54.0;49;3.53;7150.0;0.00;0.78;47.84;98.8;97.5;0.00;100.00
105194;700;54.0;49;3.53;7150.0;0.00;0.78;47.84;98.8;97.5;0.00;100.00
105204;698;54.0;49;3.53;7150.0;0.00;0.00;47.84;98.8;97.5;0.00;100.00
105216;696;54.0;49;3.53;7150.0;0.00;0.00;47.45;98.8;97.5;0.00;100.00
105224;695;53.0;49;3.53;7150.0;-0.78;0.00;47.45;98.8;97.5;0.00;100.00
105236;693;53.0;49;3.53;7150.0;-0.78;-0.78;47.45;98.8;97.5;0.00;100.00
105245;691;53.0;49;3.92;7150.0;-0.78;-0.78;47.45;98.8;97.5;0.00;100.00
105256;690;53.0;49;3.92;7150.0;-0.78;-0.78;47.45;98.8;97.5;0.00;100.00
105270;688;53.0;49;3.92;7150.0;-1.56;-0.78;47.45;98.8;97.5;0.00;100.00
105285;687;53.0;49;3.92;7150.0;-1.56;-1.56;47.45;98.8;97.5;0.00;100.00
105295;686;53.0;49;3.92;7150.0;-1.56;-1.56;47.06;98.8;97.5;0.00;100.00
105305;685;54.0;49;3.92;7150.0;-1.56;-1.56;47.06;98.8;97.5;0.00;100.00
105315;684;54.0;49;3.92;7150.0;-2.34;-1.56;47.06;98.8;97.5;0.00;100.00
105327;684;54.0;49;3.92;7150.0;-2.34;-2.34;47.06;98.8;97.5;0.00;100.00
105335;683;54.0;49;3.92;7150.0;-2.34;-2.34;47.06;98.8;97.5;0.00;100.00
105346;682;55.0;49;3.92;7150.0;-2.34;-2.34;47.06;98.8;97.5;0.00;100.00
105354;681;55.0;49;3.92;7150.0;-3.13;-3.13;47.45;98.8;97.5;0.00;100.00
105368;680;55.0;49;4.31;7150.0;-3.13;-3.13;47.45;98.8;97.5;0.00;100.00
105377;679;55.0;49;4.31;7150.0;-3.13;-3.13;47.84;98.8;97.5;0.00;100.00
105395;678;56.0;49;4.31;7150.0;-3.13;-3.13;47.84;98.8;97.5;0.00;100.00
105407;677;56.0;49;4.31;7150.0;-3.13;-3.91;48.24;98.8;97.5;0.00;100.00
105415;675;56.0;49;4.31;7150.0;-3.13;-3.91;48.24;98.8;97.5;0.00;100.00
105424;673;56.0;49;4.31;7150.0;-3.91;-3.91;48.63;98.8;97.5;0.00;100.00
105435;672;57.0;49;4.31;7150.0;-3.91;-3.91;48.63;98.8;97.5;0.00;100.00
105448;670;57.0;49;4.31;7150.0;-3.91;-4.69;49.02;98.8;97.5;0.00;100.00
105457;668;57.0;49;4.31;7150.0;-3.91;-4.69;49.02;98.8;97.5;0.00;100.00
105469;667;57.0;49;4.31;7150.0;-4.69;-4.69;49.41;98.8;97.5;0.00;100.00
105485;665;57.0;49;4.31;7150.0;-4.69;-5.47;49.41;98.8;97.5;0.00;100.00
105494;664;57.0;49;3.92;7150.0;-4.69;-5.47;49.80;98.8;97.5;0.00;100.00
105505;662;58.0;49;3.92;7150.0;-4.69;-5.47;49.80;98.8;97.5;0.00;100.00
105523;660;58.0;49;3.92;7150.0;-5.47;-5.47;49.80;98.8;97.5;0.00;100.00
105536;659;58.0;49;3.92;7150.0;-5.47;-6.25;49.80;98.8;97.5;0.00;100.00
105545;658;58.0;49;3.92;7150.0;-5.47;-6.25;50.20;98.8;97.5;0.00;100.00
105555;658;58.0;49;3.92;7150.0;-5.47;-6.25;50.20;98.8;97.5;0.00;100.00
105566;657;58.0;49;3.92;7150.0;-6.25;-6.25;50.20;98.8;97.5;0.00;100.00
105576;656;58.0;49;3.92;7150.0;-6.25;-7.03;50.20;98.8;97.5;0.00;100.00
105586;655;58.0;49;3.92;7150.0;-6.25;-7.03;50.59;98.8;97.5;0.00;100.00
105597;654;59.0;49;3.92;7150.0;-6.25;-7.03;50.59;98.8;97.5;0.00;100.00
105606;653;59.0;49;3.92;7150.0;-7.03;-7.03;50.59;98.8;97.5;0.00;100.00
105616;652;59.0;49;3.92;7150.0;-7.03;-7.03;50.59;98.8;97.5;0.00;100.00
105627;651;59.0;49;3.92;7150.0;-7.03;-7.03;50.98;98.8;97.5;0.00;100.00
105641;650;59.0;49;3.92;7150.0;-7.03;-7.03;50.98;98.8;97.5;0.00;100.00
105657;649;59.0;49;3.92;7150.0;-7.03;-7.81;50.98;98.8;97.5;0.00;100.00
105669;648;59.0;49;3.92;7150.0;-7.03;-7.81;50.98;98.8;97.5;0.00;100.00
105687;647;59.0;49;3.92;7150.0;-7.81;-7.81;50.98;98.8;97.5;0.00;100.00
105694;646;59.0;49;3.92;7150.0;-7.81;-7.81;50.98;98.8;97.5;0.00;100.00
105706;646;59.0;49;3.92;7150.0;-7.81;-7.81;51.37;98.8;97.5;0.00;100.00
105714;645;59.0;49;3.92;7150.0;-7.81;-7.81;51.37;98.8;97.5;0.00;100.00
105726;644;60.0;49;3.92;7150.0;-7.81;-7.81;51.37;98.8;97.5;0.00;100.00
105736;643;60.0;49;3.92;7150.0;-7.81;-7.81;51.37;98.8;97.5;0.00;100.00
105747;642;60.0;49;3.53;7150.0;-7.81;-7.03;51.37;98.8;97.5;0.00;100.00
105756;641;60.0;49;3.53;7150.0;-7.81;-7.03;51.37;98.8;97.5;0.00;100.00
105773;640;60.0;49;3.53;7150.0;-7.81;-7.03;51.37;98.8;97.5;0.00;100.00
105786;640;60.0;49;3.53;7150.0;-7.81;-7.03;51.37;98.8;97.5;0.00;100.00
105796;640;60.0;49;3.53;7150.0;-7.81;-7.03;51.76;98.8;97.5;0.00;100.00
105806;640;60.0;49;3.53;7150.0;-7.81;-7.03;51.76;98.8;97.5;0.00;100.00
105816;640;59.0;49;3.53;7150.0;-7.81;-6.25;51.76;98.8;97.5;0.00;100.00
105824;640;59.0;49;3.53;7150.0;-7.81;-6.25;51.76;98.8;97.5;0.00;100.00
105836;639;59.0;49;3.53;7150.0;-7.81;-6.25;51.76;98.8;97.5;0.00;100.00
105844;639;59.0;49;3.53;7150.0;-7.81;-6.25;51.76;98.8;97.5;0.00;100.00
105856;639;59.0;49;3.53;7150.0;-7.03;-6.25;51.76;98.8;97.5;0.00;100.00
105868;639;59.0;49;3.53;7150.0;-7.03;-5.47;51.76;98.8;97.5;0.00;100.00
105877;639;58.0;49;3.53;7150.0;-7.03;-5.47;51.37;98.8;97.5;0.00;100.00
105892;639;58.0;49;3.53;7150.0;-7.03;-5.47;51.37;98.8;97.5;0.00;100.00
105906;639;58.0;49;3.53;7150.0;-7.03;-5.47;51.37;98.8;97.5;0.00;100.00
105916;640;58.0;49;3.53;7150.0;-7.03;-5.47;51.37;98.8;97.5;0.00;100.00
105926;641;58.0;49;3.53;7150.0;-6.25;-5.47;51.37;98.8;97.5;0.00;100.00
105936;642;57.0;49;3.53;7150.0;-6.25;-4.69;51.37;98.8;97.5;0.00;100.00
105944;642;57.0;49;3.53;7150.0;-6.25;-4.69;50.98;98.8;97.5;0.00;100.00
105956;643;57.0;49;3.53;7150.0;-6.25;-4.69;50.98;98.8;97.5;0.00;100.00
105967;644;57.0;49;3.53;7150.0;-5.47;-4.69;50.98;98.8;97.5;0.00;100.00
105975;644;57.0;49;3.53;7150.0;-5.47;-4.69;50.98;98.8;97.5;0.00;100.00
105986;645;57.0;49;3.53;7150.0;-5.47;-3.91;50.59;98.8;97.5;0.00;100.00
105995;646;56.0;49;3.53;7150.0;-5.47;-3.91;50.59;98.8;97.5;0.00;100.00
106010;647;56.0;49;3.53;7150.0;-4.69;-3.91;50.59;98.8;97.5;0.00;100.00
106028;647;56.0;49;3.53;7150.0;-4.69;-3.91;50.59;98.8;97.5;0.00;100.00
106037;647;56.0;49;3.53;7150.0;-4.69;-3.91;50.20;98.8;97.5;0.00;100.00
106045;648;56.0;49;3.53;7150.0;-4.69;-3.91;50.20;98.8;97.5;0.00;100.00
106055;648;56.0;49;3.53;7150.0;-3.91;-3.13;50.20;98.8;97.5;0.00;100.00
106068;649;56.0;49;3.53;7150.0;-3.91;-3.13;50.20;98.8;97.5;0.00;100.00
106077;649;56.0;49;3.53;7150.0;-3.91;-3.13;49.80;98.8;97.5;0.00;100.00
106086;650;55.0;49;3.53;7150.0;-3.91;-3.13;49.80;98.8;97.5;0.00;100.00
106097;650;55.0;49;3.53;7150.0;-3.13;-3.13;49.80;98.8;97.5;0.00;100.00
106107;651;55.0;49;3.14;7150.0;-3.13;-3.13;49.41;98.8;97.5;0.00;100.00
106116;651;55.0;49;3.14;7150.0;-3.13;-3.13;49.41;98.8;97.5;0.00;100.00
106136;651;55.0;49;3.14;7150.0;-3.13;-3.13;49.41;98.8;97.5;0.00;100.00
106148;652;55.0;49;3.14;7150.0;-3.13;-3.13;49.41;98.8;97.5;0.00;100.00
106156;652;55.0;49;3.14;7150.0;-3.13;-3.13;49.02;98.8;97.5;0.00;100.00
106168;652;55.0;49;3.14;7150.0;-2.34;-3.13;49.02;98.8;97.5;0.00;100.00
106176;652;55.0;49;3.14;7150.0;-2.34;-3.13;49.02;98.8;97.5;0.00;100.00
106185;652;55.0;49;3.14;7150.0;-2.34;-3.13;49.02;98.8;97.5;0.00;100.00
106197;652;55.0;49;3.14;7150.0;-2.34;-3.13;48.63;98.8;97.5;0.00;100.00
106206;653;54.0;49;3.14;7150.0;-2.34;-3.13;48.63;98.8;97.5;0.00;100.00
106215;653;54.0;49;3.14;7150.0;-1.56;-3.13;48.63;98.8;97.5;0.00;100.00
106227;653;54.0;49;3.53;7150.0;-1.56;-3.13;48.24;98.8;97.5;0.00;100.00
106236;653;54.0;49;3.53;7150.0;-1.56;-3.13;48.24;98.8;97.5;0.00;100.00
106253;653;54.0;49;3.53;7150.0;-1.56;-3.13;48.24;98.8;97.5;0.00;100.00
106267;654;54.0;49;3.53;7150.0;-1.56;-3.91;47.84;98.8;97.5;0.00;100.00
106276;654;54.0;49;3.53;7150.0;-1.56;-3.91;47.84;98.8;97.5;0.00;100.00
106285;654;54.0;49;3.53;7150.0;-0.78;-3.91;47.45;98.8;97.5;0.00;100.00
106297;655;53.0;49;3.53;7150.0;-0.78;-3.91;47.45;98.8;97.5;0.00;100.00
106306;655;53.0;49;3.53;7150.0;-0.78;-3.91;47.45;98.8;97.5;0.00;100.00
106315;655;53.0;49;3.14;7150.0;-0.78;-3.91;47.06;98.8;97.5;0.00;100.00
106327;656;53.0;49;3.14;7150.0;-0.78;-3.91;47.06;98.8;97.5;0.00;100.00
106336;656;53.0;49;3.14;7150.0;-0.78;-3.91;46.67;98.8;97.5;0.00;100.00
106345;656;53.0;49;3.14;7150.0;-0.78;-3.91;46.67;98.8;97.5;0.00;100.00
106358;657;52.0;49;3.14;7150.0;-0.78;-3.91;46.27;98.8;97.5;0.00;100.00
106383;657;52.0;49;3.14;7150.0;-0.78;-3.91;45.88;98.8;97.5;0.00;100.00
106395;655;52.0;49;2.75;7150.0;-0.78;-3.13;45.88;98.8;97.5;0.00;100.00
106406;652;52.0;49;2.75;7150.0;-0.78;-3.13;45.49;98.8;97.5;0.00;100.00
106415;649;51.0;49;2.75;7150.0;-0.78;-3.13;45.49;98.8;97.5;0.00;100.00
106426;647;51.0;49;2.75;7150.0;-0.78;-3.13;45.10;98.8;97.5;0.00;100.00
106436;644;51.0;49;2.75;7150.0;-0.78;-3.13;44.71;98.8;97.5;0.00;100.00
106448;642;51.0;49;2.75;7150.0;-0.78;-3.13;44.71;98.8;97.5;0.00;100.00
106457;639;50.0;49;2.75;7150.0;-0.78;-3.13;44.31;98.8;97.5;0.00;100.00
106466;637;50.0;49;2.75;7150.0;-0.78;-3.13;44.31;98.8;97.5;0.00;100.00
106475;634;50.0;49;2.75;7150.0;-0.78;-3.13;43.92;98.8;97.5;0.00;100.00
106486;631;50.0;49;2.75;7150.0;-0.78;-3.13;43.92;98.8;97.5;0.00;100.00
106503;629;49.0;49;2.75;7150.0;-0.78;-3.13;43.92;98.8;97.5;0.00;100.00
106516;629;49.0;49;2.75;7150.0;-0.78;-3.13;43.53;98.8;97.5;0.00;100.00
106527;630;49.0;49;2.75;7150.0;-0.78;-3.13;43.53;98.8;97.5;0.00;100.00
106535;631;48.0;49;2.75;7150.0;-0.78;-3.13;43.14;98.8;97.5;0.00;100.00
106546;631;48.0;49;2.75;7150.0;-0.78;-3.13;43.14;98.8;97.5;0.00;100.00
106555;632;48.0;49;2.35;7150.0;-0.78;-3.13;43.14;98.8;97.5;0.00;100.00
106565;633;48.0;49;2.35;7150.0;-0.78;-3.13;42.75;98.8;97.5;0.00;100.00
106577;633;47.0;49;1.96;7150.0;-0.78;-3.13;42.75;98.8;97.5;0.00;100.00
106586;634;47.0;49;1.96;7150.0;-0.78;-3.13;42.35;98.8;97.5;0.00;100.00
106595;634;47.0;49;1.57;7150.0;-0.78;-3.13;42.35;98.8;97.5;0.00;100.00
106606;635;47.0;49;1.57;7150.0;-0.78;-3.13;41.96;98.8;97.5;0.00;100.00
106623;636;46.0;49;1.18;7150.0;-0.78;-3.13;41.57;98.8;97.5;0.00;100.00
106636;636;46.0;49;1.18;7150.0;-0.78;-3.91;41.18;98.8;97.5;0.00;100.00
106646;636;46.0;49;0.78;7150.0;-0.78;-3.91;41.18;98.8;97.5;0.00;100.00
106655;637;45.0;49;0.78;7150.0;-0.78;-3.91;40.78;98.8;97.5;0.00;100.00
106670;637;45.0;49;0.78;7150.0;-0.78;-3.91;40.39;98.8;97.5;0.00;100.00
106687;637;44.0;49;1.18;7150.0;-0.78;-3.91;40.00;98.8;97.5;0.00;100.00
106696;638;44.0;49;1.18;7150.0;-0.78;-3.91;40.00;98.8;97.5;0.00;100.00
106707;638;43.0;49;1.18;7150.0;-0.78;-3.91;39.61;98.8;97.5;0.00;100.00
106716;639;43.0;49;1.57;7150.0;-0.78;-3.91;39.22;98.8;97.5;0.00;100.00
106728;639;42.0;49;1.57;7150.0;-0.78;-3.91;38.82;98.8;97.5;0.00;100.00
106737;639;42.0;49;1.96;7150.0;-0.78;-3.91;38.43;98.8;97.5;0.00;100.00
106754;640;41.0;49;1.96;7150.0;-1.56;-3.91;38.04;98.8;97.5;0.00;100.00
106766;640;41.0;49;1.96;7150.0;-1.56;-4.69;37.65;98.8;97.5;0.00;100.00
106777;640;41.0;49;2.35;7150.0;-1.56;-4.69;37.25;98.8;97.5;0.00;100.00
106786;640;41.0;49;2.35;7150.0;-1.56;-4.69;36.86;98.8;97.5;0.00;100.00
106797;640;41.0;49;2.35;7150.0;-1.56;-4.69;36.47;98.8;97.5;0.00;100.00
106806;640;41.0;49;2.35;7150.0;-1.56;-4.69;36.08;98.8;97.5;0.00;100.00
106815;641;41.0;49;2.35;7150.0;-1.56;-4.69;35.69;98.8;97.5;0.00;100.00
106826;641;41.0;49;2.35;7150.0;-1.56;-4.69;35.29;98.8;97.5;0.00;100.00
106837;641;41.0;49;2.35;7150.0;-1.56;-4.69;34.90;98.8;97.5;0.00;100.00
106845;641;41.0;49;2.35;7150.0;-1.56;-5.47;34.90;98.8;97.5;0.00;100.00
106857;641;41.0;49;2.35;7150.0;-1.56;-5.47;34.51;98.8;97.5;0.00;100.00
106872;641;41.0;49;2.35;7150.0;-1.56;-5.47;34.51;98.8;97.5;0.00;100.00
106887;643;41.0;49;2.35;7150.0;-1.56;-5.47;34.12;98.8;97.5;0.00;100.00
106897;644;41.0;49;2.35;7150.0;-1.56;-5.47;34.12;98.8;97.5;0.00;100.00
106906;646;41.0;49;2.35;7150.0;-1.56;-5.47;33.73;98.8;97.5;0.00;100.00
106917;647;41.0;49;2.35;7150.0;-1.56;-6.25;33.73;98.8;97.5;0.00;100.00
106926;648;41.0;49;2.35;7150.0;-1.56;-6.25;33.33;98.8;97.5;0.00;100.00
106935;650;41.0;49;2.35;7150.0;-1.56;-6.25;33.33;98.8;97.5;0.00;100.00
106946;651;40.0;49;2.35;7150.0;-1.56;-6.25;32.94;98.8;97.5;0.00;100.00
106957;653;40.0;49;2.35;7150.0;-2.34;-6.25;32.94;98.8;97.5;0.00;100.00
106968;654;40.0;49;2.35;7150.0;-2.34;-7.03;32.94;98.8;97.5;0.00;100.00
106976;655;40.0;49;2.35;7150.0;-2.34;-7.03;32.55;98.8;97.5;0.00;100.00
106995;657;40.0;49;2.35;7150.0;-2.34;-7.03;32.55;98.8;97.5;0.00;100.00
107006;656;40.0;49;2.35;7150.0;-2.34;-7.03;32.55;98.8;97.5;0.00;100.00
107015;655;40.0;49;2.35;7150.0;-2.34;-7.03;32.55;98.8;97.5;0.00;100.00
107027;654;40.0;49;2.35;7150.0;-3.13;-7.03;32.55;98.8;97.5;0.00;100.00
107037;653;40.0;49;2.35;7150.0;-3.13;-7.81;32.55;98.8;98.0;0.00;100.00
107046;652;40.0;49;2.35;7150.0;-3.13;-7.81;32.16;98.8;98.0;0.00;100.00
107057;652;40.0;49;2.35;7150.0;-3.13;-7.81;32.16;98.8;98.0;0.00;100.00
107065;651;40.0;49;2.35;7150.0;-3.13;-7.81;32.16;98.8;98.0;0.00;100.00
107076;650;40.0;49;2.35;7150.0;-3.91;-7.81;32.16;98.8;98.0;0.00;100.00
107085;649;40.0;49;2.35;7150.0;-3.91;-8.59;32.16;98.8;98.0;0.00;100.00
107096;648;40.0;49;2.35;7150.0;-3.91;-8.59;31.76;98.8;98.0;0.00;100.00
107114;647;40.0;49;2.35;7150.0;-3.91;-8.59;31.76;98.8;98.0;0.00;100.00
107126;647;40.0;49;2.35;7150.0;-3.91;-8.59;31.76;98.8;98.0;0.00;100.00
107136;648;40.0;49;2.35;7150.0;-3.91;-8.59;31.76;98.8;98.0;0.00;100.00
107145;648;40.0;49;2.35;7150.0;-4.69;-8.59;31.76;98.8;98.0;0.00;100.00
107157;648;40.0;49;2.35;7150.0;-4.69;-9.38;31.76;98.8;97.5;0.00;100.00
107165;649;40.0;49;2.35;7150.0;-4.69;-9.38;31.37;98.8;97.5;0.00;100.00
107177;649;40.0;49;2.35;7150.0;-4.69;-9.38;31.37;98.8;97.5;0.00;100.00
107186;649;39.0;49;2.35;7150.0;-4.69;-9.38;31.37;98.8;97.5;0.00;100.00
107198;650;39.0;49;2.35;7150.0;-5.47;-10.16;31.37;98.8;97.5;0.00;100.00
107206;650;39.0;49;2.35;7150.0;-5.47;-10.16;31.37;98.8;97.5;0.00;100.00
107216;650;39.0;49;2.35;7150.0;-5.47;-10.16;31.37;98.8;97.5;0.00;100.00
107235;651;39.0;49;2.35;7150.0;-5.47;-10.16;31.37;98.8;97.5;0.00;100.00
107247;651;39.0;49;2.35;7150.0;-5.47;-10.94;31.37;98.8;97.5;0.00;100.00
107257;651;39.0;49;2.35;7150.0;-5.47;-10.94;30.98;98.8;97.5;0.00;100.00
107267;651;39.0;49;2.35;7150.0;-6.25;-10.94;30.98;98.8;97.5;0.00;100.00
107276;651;39.0;49;2.35;7150.0;-6.25;-10.94;30.98;98.8;98.0;0.00;100.00
107287;651;39.0;49;2.35;7150.0;-6.25;-11.72;30.98;98.8;98.0;0.00;100.00
107298;651;39.0;49;2.35;7150.0;-6.25;-11.72;30.98;98.8;98.0;0.00;100.00
107305;651;39.0;49;2.35;7150.0;-7.03;-11.72;30.98;98.8;98.0;0.00;100.00
107317;651;39.0;49;2.35;7150.0;-7.03;-11.72;30.98;98.8;98.0;0.00;100.00
107325;651;39.0;49;2.35;7150.0;-7.03;-12.50;30.98;98.8;98.0;0.00;100.00
107337;651;39.0;49;2.35;7150.0;-7.81;-12.50;30.98;98.8;98.0;0.00;100.00
107355;651;39.0;49;2.35;7150.0;-7.81;-12.50;30.98;98.8;98.0;0.00;100.00
107377;650;39.0;49;2.35;7150.0;-8.59;-12.50;30.98;98.8;98.0;0.00;100.00
107387;650;39.0;49;2.35;7150.0;-8.59;-12.50;30.59;98.8;98.0;0.00;100.00
107396;649;39.0;49;2.35;7150.0;-8.59;-12.50;30.59;98.8;98.0;0.00;100.00
107407;648;39.0;49;2.35;7150.0;-9.38;-13.28;30.59;98.8;98.0;0.00;100.00
107416;647;39.0;49;2.35;7150.0;-9.38;-13.28;30.59;98.8;98.0;0.00;100.00
107427;647;39.0;49;2.35;7150.0;-9.38;-13.28;30.59;98.8;98.0;0.00;100.00
107438;646;39.0;49;2.35;7150.0;-10.16;-13.28;30.59;98.8;98.0;0.00;100.00
107447;645;39.0;49;2.35;7150.0;-10.16;-13.28;30.59;98.8;98.0;0.00;100.00
107456;644;39.0;49;2.35;7150.0;-10.16;-14.06;30.59;98.8;98.0;0.00;100.00
107465;644;39.0;49;2.35;7150.0;-10.16;-14.06;30.59;98.8;98.0;0.00;100.00
107481;643;39.0;49;2.35;7150.0;-10.94;-14.06;30.59;98.8;98.0;0.00;100.00
107496;643;39.0;49;2.35;7150.0;-10.94;-14.06;30.59;98.8;98.0;0.00;100.00
107507;643;39.0;49;2.35;7150.0;-10.94;-14.06;30.20;98.8;98.0;0.00;100.00
107517;643;39.0;49;2.35;7150.0;-10.94;-14.06;30.20;98.8;98.0;0.00;100.00
107525;643;39.0;49;2.35;7150.0;-11.72;-14.84;30.20;98.8;98.0;0.00;100.00
107536;643;39.0;49;2.35;7150.0;-11.72;-14.84;30.20;98.8;98.0;0.00;100.00
107547;643;39.0;49;2.35;7150.0;-11.72;-14.84;30.20;98.8;98.0;0.00;100.00
107557;643;39.0;49;2.35;7150.0;-11.72;-14.84;30.20;98.8;98.0;0.00;100.00
107569;643;39.0;49;2.35;7150.0;-12.50;-14.84;30.20;98.8;98.0;0.00;100.00
107586;643;39.0;49;2.35;7150.0;-12.50;-15.63;30.20;98.8;98.0;0.00;100.00
107597;643;39.0;49;2.35;7150.0;-12.50;-15.63;30.20;98.8;98.0;0.00;100.00
107614;643;39.0;49;2.35;7150.0;-12.50;-15.63;30.20;98.8;98.0;0.00;100.00
107628;644;39.0;49;2.35;7150.0;-12.50;-15.63;30.20;98.8;98.0;0.00;100.00
107637;645;39.0;49;2.35;7150.0;-12.50;-15.63;30.59;98.8;98.0;0.00;100.00
107646;645;39.0;49;2.35;7150.0;-13.28;-15.63;30.59;98.8;98.0;0.00;100.00
107658;646;39.0;49;2.35;7150.0;-13.28;-16.41;30.59;98.8;98.0;0.00;100.00
107666;647;39.0;49;2.35;7150.0;-13.28;-16.41;30.59;98.8;98.0;0.00;100.00
107675;648;39.0;49;2.35;7150.0;-13.28;-16.41;30.59;98.8;98.0;0.00;100.00
107687;649;39.0;49;2.35;7150.0;-13.28;-16.41;30.59;98.8;98.0;0.00;100.00
107696;649;39.0;49;2.35;7150.0;-13.28;-16.41;30.59;98.8;98.0;0.00;100.00
107708;650;39.0;49;2.35;7150.0;-13.28;-16.41;30.59;98.8;98.0;0.00;100.00
107717;651;39.0;49;2.35;7150.0;-13.28;-16.41;30.59;98.8;98.0;0.00;100.00
107733;652;39.0;49;2.35;7150.0;-14.06;-16.41;30.59;98.8;98.0;0.00;100.00
107745;651;39.0;49;2.35;7150.0;-14.06;-16.41;30.59;98.8;98.0;0.00;100.00
107757;649;39.0;49;2.35;7150.0;-14.06;-16.41;30.20;98.8;98.0;0.00;100.00
107766;648;39.0;49;2.35;7150.0;-14.06;-16.41;30.20;98.8;98.0;0.00;100.00
107776;647;39.0;49;2.35;7150.0;-14.06;-16.41;30.20;98.8;98.0;0.00;100.00
107786;646;39.0;49;2.35;7150.0;-14.06;-16.41;30.20;98.8;98.0;0.00;100.00
107796;645;39.0;49;2.35;7150.0;-14.06;-16.41;30.20;98.8;98.0;0.00;100.00
107806;644;38.0;49;2.35;7150.0;-14.06;-16.41;30.20;98.8;98.0;0.00;100.00
107817;643;38.0;49;2.35;7150.0;-14.06;-16.41;30.20;98.8;98.0;0.00;100.00
107826;642;38.0;49;2.35;7150.0;-14.06;-16.41;30.20;98.8;98.0;0.00;100.00
107835;641;38.0;49;2.35;7150.0;-14.06;-16.41;30.20;98.8;98.0;0.00;100.00
107854;640;38.0;49;2.35;7150.0;-14.06;-16.41;30.20;98.8;98.0;0.00;100.00
107869;639;38.0;49;2.35;7150.0;-14.06;-16.41;30.20;98.8;98.0;0.00;100.00
107886;639;38.0;49;2.35;7150.0;-14.06;-16.41;30.20;98.8;98.0;0.00;100.00
107896;638;38.0;49;2.35;7150.0;-14.06;-16.41;30.20;98.8;98.0;0.00;100.00
107907;637;38.0;49;2.35;7150.0;-14.06;-16.41;30.20;98.8;98.0;0.00;100.00
107918;637;38.0;49;2.35;7150.0;-14.06;-16.41;30.20;98.8;98.0;0.00;100.00
107927;636;38.0;49;2.35;7150.0;-14.06;-16.41;30.20;98.8;98.0;0.00;100.00
107936;636;38.0;49;2.35;7150.0;-14.06;-16.41;30.20;98.8;98.0;0.00;100.00
107947;635;38.0;49;2.35;7150.0;-14.06;-16.41;30.20;98.8;98.0;0.00;100.00
107956;634;38.0;49;2.35;7150.0;-14.06;-16.41;30.20;98.8;98.0;0.00;100.00
107968;634;38.0;49;2.35;7150.0;-14.06;-16.41;30.20;98.8;98.0;0.00;100.00
107995;633;38.0;49;2.35;7150.0;-13.28;-16.41;30.20;98.8;98.0;0.00;100.00
108006;633;38.0;49;2.35;7150.0;-13.28;-15.63;30.20;98.8;98.0;0.00;100.00
108015;634;38.0;49;2.35;7150.0;-13.28;-15.63;29.80;98.8;98.0;0.00;100.00
108027;634;38.0;49;2.35;7150.0;-13.28;-15.63;29.80;98.8;98.0;0.00;100.00
108036;634;38.0;49;2.35;7150.0;-13.28;-15.63;29.80;98.8;98.0;0.00;100.00
108048;635;38.0;49;2.35;7150.0;-13.28;-15.63;29.80;98.8;98.0;0.00;100.00
108057;635;38.0;49;2.35;7150.0;-13.28;-15.63;29.80;98.8;98.0;0.00;100.00
108066;635;39.0;49;2.35;7150.0;-13.28;-15.63;29.80;98.8;98.0;0.00;100.00
108077;635;39.0;50;2.35;7150.0;-13.28;-15.63;29.80;98.8;98.0;0.00;100.00
108086;636;39.0;50;2.35;7150.0;-13.28;-14.84;29.80;98.8;98.0;0.00;100.00
108098;636;39.0;50;2.35;7150.0;-13.28;-14.84;29.80;98.8;98.0;0.00;100.00
108113;636;39.0;50;2.35;7150.0;-12.50;-14.84;29.80;98.8;98.0;0.00;100.00
108128;636;39.0;50;2.35;7150.0;-12.50;-14.84;29.80;98.8;98.0;0.00;100.00
108137;635;39.0;50;2.35;7150.0;-12.50;-14.84;29.80;98.8;98.0;0.00;100.00
108147;635;39.0;50;2.35;7150.0;-12.50;-14.84;29.80;98.8;98.0;0.00;100.00
108158;634;39.0;50;2.35;7150.0;-12.50;-14.06;29.80;98.8;98.0;0.00;100.00
108169;634;39.0;50;2.35;7150.0;-12.50;-14.06;29.80;98.8;98.0;0.00;100.00
108188;633;39.0;50;2.35;7150.0;-12.50;-14.06;29.80;98.8;98.0;0.00;100.00
108197;632;38.0;50;2.35;7150.0;-12.50;-14.06;29.80;98.8;98.0;0.00;100.00
108206;632;38.0;50;2.35;7150.0;-12.50;-14.06;29.80;98.8;98.0;0.00;100.00
108218;631;38.0;50;2.35;7150.0;-12.50;-14.06;29.80;98.8;98.0;0.00;100.00
108228;631;38.0;50;2.35;7150.0;-12.50;-14.06;29.80;98.8;98.0;0.00;100.00
108243;630;38.0;50;2.35;7150.0;-11.72;-14.06;29.80;98.8;98.0;0.00;100.00
108258;630;38.0;50;2.35;7150.0;-11.72;-13.28;29.80;98.8;98.0;0.00;100.00
108271;630;38.0;50;2.35;7150.0;-11.72;-13.28;30.20;98.8;98.0;0.00;100.00
108288;630;38.0;50;2.35;7150.0;-11.72;-13.28;30.20;98.8;98.0;0.00;100.00
108296;630;38.0;50;2.35;7150.0;-11.72;-13.28;30.20;98.8;98.0;0.00;100.00
108309;629;38.0;50;2.35;7150.0;-11.72;-13.28;30.20;98.8;98.0;0.00;100.00
108318;629;38.0;50;2.35;7150.0;-11.72;-13.28;30.20;98.8;98.0;0.00;100.00
108327;629;39.0;50;2.35;7150.0;-11.72;-13.28;30.20;98.8;98.0;0.00;100.00
108337;629;39.0;50;2.35;7150.0;-11.72;-13.28;30.20;98.8;98.0;0.00;100.00
108346;629;39.0;50;2.35;7150.0;-11.72;-13.28;30.20;98.8;98.0;0.00;100.00
108358;629;39.0;50;2.35;7150.0;-11.72;-13.28;30.20;98.8;98.0;0.00;100.00
108383;629;39.0;50;2.35;7150.0;-11.72;-13.28;30.20;98.8;98.0;0.00;100.00
108396;629;39.0;50;2.35;7150.0;-11.72;-12.50;30.20;98.8;98.0;0.00;100.00
108405;630;39.0;50;2.35;7150.0;-11.72;-12.50;30.20;98.8;98.0;0.00;100.00
108416;630;39.0;50;2.35;7150.0;-11.72;-12.50;30.20;98.8;98.0;0.00;100.00
108427;630;39.0;50;2.35;7150.0;-11.72;-12.50;30.20;98.8;98.0;0.00;100.00
108436;631;39.0;50;2.35;7150.0;-11.72;-12.50;30.20;98.8;98.0;0.00;100.00
108445;631;39.0;50;2.35;7150.0;-11.72;-12.50;30.20;98.8;98.0;0.00;100.00
108457;632;39.0;50;2.35;7150.0;-11.72;-12.50;30.20;98.8;98.0;0.00;100.00
108467;632;39.0;50;2.35;7150.0;-11.72;-12.50;30.20;98.8;98.0;0.00;100.00
108477;633;39.0;50;2.35;7150.0;-11.72;-12.50;30.20;98.8;98.0;0.00;100.00
108487;633;39.0;50;2.35;7150.0;-11.72;-12.50;30.20;98.8;98.0;0.00;100.00
108503;634;39.0;50;2.35;7150.0;-10.94;-12.50;30.20;98.8;98.0;0.00;100.00
108515;633;39.0;50;2.35;7150.0;-10.94;-12.50;30.20;98.8;98.0;0.00;100.00
108525;633;39.0;50;2.35;7150.0;-10.94;-12.50;30.59;98.8;98.0;0.00;100.00
108537;633;39.0;50;2.35;7150.0;-10.94;-12.50;30.59;98.8;98.0;0.00;100.00
108546;632;39.0;50;2.35;7150.0;-10.94;-12.50;30.59;98.8;98.0;0.00;100.00
108555;632;39.0;50;2.35;7150.0;-10.94;-12.50;30.59;98.8;98.0;0.00;100.00
108567;632;39.0;50;2.35;7150.0;-10.94;-12.50;30.59;98.8;98.0;0.00;100.00
108576;631;39.0;50;2.35;7150.0;-10.94;-12.50;30.59;98.8;98.0;0.00;100.00
108587;631;39.0;50;2.35;7150.0;-10.94;-12.50;30.59;98.8;98.0;0.00;100.00
108596;631;39.0;50;2.35;7150.0;-10.94;-12.50;30.59;98.8;98.0;0.00;100.00
108604;630;39.0;50;2.35;7150.0;-10.94;-12.50;30.59;98.8;98.0;0.00;100.00
108623;630;39.0;50;2.35;7150.0;-10.16;-12.50;30.59;98.8;98.0;0.00;100.00
108635;630;39.0;50;2.35;7150.0;-10.16;-11.72;30.59;98.8;98.0;0.00;100.00
108647;630;39.0;50;2.35;7150.0;-10.16;-11.72;30.59;98.8;98.0;0.00;100.00
108655;630;39.0;50;2.35;7150.0;-10.16;-11.72;30.59;98.8;98.0;0.00;100.00
108667;629;39.0;50;2.35;7150.0;-10.16;-11.72;30.59;98.8;98.0;0.00;100.00
108678;629;39.0;50;2.35;7150.0;-10.16;-11.72;30.59;98.8;98.0;0.00;100.00
108684;629;39.0;50;2.35;7150.0;-10.16;-11.72;30.59;98.8;98.0;0.00;100.00
108696;629;40.0;50;2.35;7150.0;-10.16;-11.72;30.59;98.8;98.0;0.00;100.00
108705;629;40.0;50;2.35;7150.0;-9.38;-11.72;30.59;98.8;98.0;0.00;100.00
108714;629;40.0;50;2.35;7150.0;-9.38;-11.72;30.59;98.8;98.0;0.00;100.00
108728;629;40.0;50;2.35;7150.0;-9.38;-11.72;30.59;98.8;98.0;0.00;100.00
108743;629;40.0;50;2.35;7150.0;-9.38;-11.72;30.59;98.8;98.0;0.00;100.00
108756;629;40.0;50;2.35;7150.0;-9.38;-10.94;30.59;98.8;98.0;0.00;100.00
108767;630;40.0;50;2.35;7150.0;-9.38;-10.94;30.59;98.8;98.0;0.00;100.00
108776;631;40.0;50;2.35;7150.0;-8.59;-10.94;30.59;98.8;98.0;0.00;100.00
108785;632;40.0;50;2.35;7150.0;-8.59;-10.94;30.59;98.8;98.0;0.00;100.00
108796;632;40.0;50;2.35;7150.0;-8.59;-10.94;30.59;98.8;98.0;0.00;100.00
108806;633;40.0;50;2.35;7150.0;-8.59;-10.94;30.59;98.8;98.0;0.00;100.00
108816;634;40.0;50;2.35;7150.0;-8.59;-10.94;30.59;98.8;98.0;0.00;100.00
108827;635;40.0;50;2.35;7150.0;-8.59;-10.94;30.59;98.8;98.0;0.00;100.00
108836;635;40.0;50;2.35;7150.0;-8.59;-10.94;30.59;98.8;98.0;0.00;100.00
108845;636;40.0;50;2.35;7150.0;-8.59;-10.94;30.59;98.8;98.0;0.00;100.00
108867;637;40.0;50;2.35;7150.0;-7.81;-10.94;30.59;98.8;98.0;0.00;100.00
108877;636;40.0;50;2.35;7150.0;-7.81;-10.16;30.59;98.8;98.0;0.00;100.00
108887;635;40.0;50;2.35;7150.0;-7.81;-10.16;30.59;98.8;98.0;0.00;100.00
108896;634;40.0;50;2.35;7150.0;-7.81;-10.16;30.59;98.8;98.0;0.00;100.00
108904;634;40.0;50;2.35;7150.0;-7.81;-10.16;30.59;98.8;98.0;0.00;100.00
108917;633;40.0;50;2.35;7150.0;-7.81;-10.16;30.59;98.8;98.0;0.00;100.00
108926;632;40.0;50;2.35;7160.0;-7.81;-10.16;30.59;98.8;98.0;0.00;100.00
108934;631;40.0;50;2.35;7160.0;-7.81;-10.16;30.59;98.8;98.0;0.00;100.00
108948;631;40.0;50;2.35;7160.0;-7.03;-10.16;30.59;98.8;98.0;0.00;100.00
108966;630;40.0;50;2.35;7160.0;-7.03;-9.38;30.59;98.8;98.0;0.00;100.00
108976;629;40.0;50;2.35;7170.0;-7.03;-9.38;30.59;98.8;98.0;0.00;100.00
108993;628;40.0;50;2.35;7170.0;-7.03;-9.38;30.59;98.8;98.0;0.00;100.00
109006;629;40.0;50;2.35;7170.0;-7.03;-9.38;30.59;98.8;98.0;0.00;100.00
109015;629;40.0;50;2.35;7170.0;-7.03;-9.38;30.59;98.8;98.0;0.00;100.00
109029;630;40.0;50;2.35;7180.0;-6.25;-9.38;30.59;98.8;98.0;0.00;100.00
109044;631;40.0;50;2.35;7180.0;-6.25;-8.59;30.59;98.8;98.0;0.00;100.00
109058;631;40.0;50;2.35;7180.0;-6.25;-8.59;30.59;98.8;98.0;0.00;100.00
109070;632;40.0;50;2.35;7170.0;-6.25;-8.59;30.59;98.8;98.0;0.00;100.00
109085;633;39.0;50;2.35;7170.0;-6.25;-8.59;30.59;98.8;98.0;0.00;100.00
109094;633;39.0;50;2.35;7170.0;-6.25;-8.59;30.59;98.8;98.0;0.00;100.00
109106;634;39.0;50;2.35;7170.0;-6.25;-8.59;30.59;98.8;98.0;0.00;100.00
109115;635;39.0;50;2.35;7160.0;-6.25;-8.59;30.59;98.8;98.0;0.00;100.00
109135;635;39.0;50;2.35;7160.0;-6.25;-8.59;30.59;98.8;98.0;0.00;100.00
109144;636;39.0;50;2.35;7160.0;-6.25;-8.59;30.59;98.8;98.0;0.00;100.00
109157;636;39.0;50;2.35;7160.0;-6.25;-8.59;30.59;98.8;98.0;0.00;100.00
109166;636;39.0;50;2.35;7150.0;-6.25;-8.59;30.59;98.8;98.0;0.00;100.00
109175;636;39.0;50;2.35;7150.0;-6.25;-8.59;30.59;98.8;98.0;0.00;100.00
109187;636;39.0;50;2.35;7150.0;-6.25;-8.59;30.59;98.8;98.0;0.00;100.00
109196;636;39.0;50;2.35;7150.0;-6.25;-8.59;30.59;98.8;98.0;0.00;100.00
109205;636;40.0;50;2.35;7150.0;-6.25;-8.59;30.59;98.8;98.0;0.00;100.00
109217;637;40.0;50;2.35;7150.0;-6.25;-8.59;30.59;98.8;98.0;0.00;100.00
109227;637;40.0;50;2.35;7150.0;-6.25;-8.59;30.59;98.8;98.0;0.00;100.00
109235;637;40.0;50;2.35;7150.0;-6.25;-8.59;30.59;98.8;98.0;0.00;100.00
109252;637;40.0;50;2.35;7150.0;-6.25;-8.59;30.59;98.8;98.0;0.00;100.00
109268;637;40.0;50;2.35;7150.0;-6.25;-8.59;30.59;98.8;98.0;0.00;100.00
109275;636;40.0;50;2.35;7150.0;-6.25;-8.59;30.59;98.8;98.0;0.00;100.00
109285;636;40.0;50;2.35;7150.0;-6.25;-8.59;30.59;98.8;98.0;0.00;100.00
109296;635;40.0;50;2.35;7150.0;-6.25;-8.59;30.59;98.8;98.0;0.00;100.00
109305;635;40.0;50;2.35;7150.0;-6.25;-8.59;30.59;98.8;98.0;0.00;100.00
109315;635;40.0;50;2.35;7160.0;-6.25;-8.59;30.59;98.8;98.0;0.00;100.00
109326;634;39.0;50;2.35;7160.0;-6.25;-8.59;30.59;98.8;98.0;0.00;100.00
109334;634;39.0;50;2.35;7160.0;-6.25;-8.59;30.59;98.8;98.0;0.00;100.00
109344;633;39.0;50;2.35;7160.0;-6.25;-8.59;30.59;98.8;98.0;0.00;100.00
109356;633;39.0;50;2.35;7170.0;-6.25;-8.59;30.59;98.8;98.0;0.00;100.00
109384;633;39.0;50;2.35;7170.0;-5.47;-8.59;30.59;98.8;98.0;0.00;100.00
109395;633;39.0;50;2.35;7170.0;-5.47;-8.59;30.59;98.8;98.0;0.00;100.00
109406;633;39.0;50;2.35;7170.0;-5.47;-8.59;30.20;98.8;98.0;0.00;100.00
109414;634;39.0;50;2.35;7180.0;-5.47;-8.59;30.20;98.8;98.0;0.00;100.00
109425;634;39.0;50;2.35;7180.0;-5.47;-8.59;30.20;98.8;97.5;0.00;100.00
109435;634;39.0;50;2.35;7180.0;-5.47;-8.59;30.20;98.8;97.5;0.00;100.00
109446;635;39.0;50;2.35;7180.0;-5.47;-8.59;30.20;98.8;97.5;0.00;100.00
109456;635;38.0;50;2.35;7180.0;-5.47;-8.59;30.20;98.8;97.5;0.00;100.00
109469;636;38.0;50;2.35;7180.0;-5.47;-8.59;30.20;98.8;97.5;0.00;100.00
109485;636;38.0;50;2.35;7180.0;-5.47;-8.59;30.20;98.8;97.5;0.00;100.00
109494;636;38.0;50;2.35;7180.0;-5.47;-8.59;30.20;98.8;97.5;0.00;100.00
109512;637;38.0;50;2.35;7180.0;-4.69;-8.59;30.20;98.8;97.5;0.00;100.00
109526;637;38.0;50;2.35;7180.0;-4.69;-7.81;30.20;98.8;97.5;0.00;100.00
109535;637;38.0;50;2.35;7180.0;-4.69;-7.81;30.20;98.8;97.5;0.00;100.00
109546;637;38.0;50;2.35;7180.0;-4.69;-7.81;30.20;98.8;97.5;0.00;100.00
109555;637;38.0;50;2.35;7180.0;-4.69;-7.81;30.20;98.8;98.0;0.00;100.00
109568;637;38.0;50;2.35;7180.0;-4.69;-7.81;30.20;98.8;98.0;0.00;100.00
109574;638;38.0;50;2.35;7180.0;-4.69;-7.81;30.20;98.8;98.0;0.00;100.00
109586;638;38.0;50;2.35;7180.0;-4.69;-7.81;30.20;98.8;98.0;0.00;100.00
109596;638;38.0;50;2.35;7180.0;-4.69;-7.81;30.20;98.8;98.0;0.00;100.00
109607;638;38.0;50;2.35;7180.0;-4.69;-7.81;30.20;98.8;98.0;0.00;100.00
109617;638;38.0;50;2.35;7180.0;-4.69;-7.81;30.20;98.8;98.0;0.00;100.00
109636;638;38.0;50;2.35;7180.0;-4.69;-7.81;30.20;98.8;98.0;0.00;100.00
109645;638;38.0;50;2.35;7180.0;-4.69;-7.81;30.20;98.8;98.0;0.00;100.00
109657;638;38.0;50;2.35;7180.0;-4.69;-7.81;29.80;98.8;98.0;0.00;100.00
109669;638;38.0;50;2.35;7180.0;-4.69;-7.81;29.80;98.8;98.0;0.00;100.00
109685;638;38.0;50;2.35;7180.0;-4.69;-7.81;29.80;98.8;98.0;0.00;100.00
109695;638;38.0;50;2.35;7180.0;-4.69;-7.81;29.80;98.8;98.0;0.00;100.00
109707;638;38.0;50;2.35;7180.0;-4.69;-7.81;29.80;98.8;98.0;0.00;100.00
109716;637;38.0;50;2.35;7180.0;-4.69;-7.81;29.80;98.8;98.0;0.00;100.00
109725;637;38.0;50;2.35;7180.0;-4.69;-7.81;29.80;98.8;98.0;0.00;100.00
109736;637;38.0;50;2.35;7180.0;-4.69;-7.81;29.80;98.8;98.0;0.00;100.00
109744;637;38.0;50;2.35;7180.0;-4.69;-7.81;29.80;98.8;98.0;0.00;100.00
109768;637;38.0;50;2.35;7180.0;-3.91;-7.81;29.80;98.8;98.0;0.00;100.00
109775;637;38.0;50;2.35;7180.0;-3.91;-7.03;29.80;98.8;98.0;0.00;100.00
109785;636;38.0;50;2.35;7180.0;-3.91;-7.03;29.80;98.8;98.0;0.00;100.00
109794;636;38.0;50;2.35;7180.0;-3.91;-7.03;29.80;98.8;98.0;0.00;100.00
109806;636;38.0;50;2.35;7180.0;-3.91;-7.03;29.80;98.8;98.0;0.00;100.00
109817;636;38.0;50;2.35;7180.0;-3.91;-7.03;29.80;98.8;98.0;0.00;100.00
109826;636;38.0;50;2.35;7180.0;-3.91;-7.03;29.80;98.8;98.0;0.00;100.00
109837;635;38.0;50;2.35;7180.0;-3.91;-7.03;29.80;98.8;98.0;0.00;100.00
109846;635;38.0;50;2.35;7180.0;-3.91;-7.03;29.80;98.8;98.0;0.00;100.00
109855;635;38.0;50;2.35;7180.0;-3.91;-7.03;29.80;98.8;98.0;0.00;100.00
109867;635;38.0;50;2.35;7180.0;-3.91;-7.03;29.80;98.8;98.0;0.00;100.00
109882;634;38.0;50;2.35;7180.0;-3.91;-7.03;29.80;98.8;98.0;0.00;100.00
109896;634;38.0;50;2.35;7180.0;-3.91;-7.03;29.80;98.8;98.0;0.00;100.00
109906;634;38.0;50;2.35;7180.0;-3.91;-7.03;29.80;98.8;98.0;0.00;100.00
109915;634;38.0;50;2.35;7180.0;-3.91;-7.03;29.80;98.8;98.0;0.00;100.00
