time(ms);RPM(1/min);MAP(kPa);IAT2(°C);TP_REL(%);FRP(kPa);SHRTFT1(%);SHRTFT2(%);LOAD(%);TCBP_DSD(kPa);WGATE_PRES(kPa);FUELSYS_A_PCTB1(%);FUELSYS_B_PCTB1(%)
0;634;-;-;-;-;-;-;-;-;-;-;-
0;634;60.0;-;-;-;-;-;-;-;-;-;-
11;633;60.0;53;-;-;-;-;-;-;-;-;-
21;632;60.0;53;3.53;-;-;-;-;-;-;-;-
30;632;60.0;53;3.53;8190.0;-;-;-;-;-;-;-
40;631;60.0;53;3.53;8190.0;-0.78;-;-;-;-;-;-
50;631;60.0;53;3.53;8190.0;-0.78;-2.34;-;-;-;-;-
59;630;61.0;53;3.53;8190.0;-0.78;-2.34;50.98;-;-;-;-
71;630;61.0;53;3.53;8190.0;-0.78;-2.34;50.98;98.8;-;-;-
80;629;61.0;53;3.53;8190.0;-0.78;-2.34;50.98;98.8;98.0;-;-
88;628;61.0;53;3.53;8190.0;-0.78;-2.34;50.98;98.8;98.0;0.00;100.00
106;628;61.0;53;3.53;8190.0;-0.78;-2.34;50.98;98.8;98.0;0.00;100.00
120;628;61.0;53;3.53;8190.0;-0.78;-2.34;50.98;98.8;98.0;0.00;100.00
129;629;61.0;53;3.53;8190.0;-0.78;-2.34;51.37;98.8;98.0;0.00;100.00
140;629;61.0;53;3.53;8190.0;-0.78;-2.34;51.37;98.8;98.0;0.00;100.00
148;629;61.0;53;3.53;8190.0;-0.78;-2.34;51.37;98.8;98.0;0.00;100.00
162;630;61.0;53;3.53;8190.0;-0.78;-2.34;51.37;98.8;98.0;0.00;100.00
170;630;61.0;53;3.53;8190.0;-0.78;-2.34;51.37;98.8;98.0;0.00;100.00
179;630;60.0;53;3.53;8190.0;-0.78;-2.34;51.37;98.8;98.0;0.00;100.00
191;631;60.0;53;3.53;8190.0;-0.78;-2.34;51.37;98.8;98.0;0.00;100.00
200;631;60.0;53;3.53;8190.0;-0.78;-2.34;51.37;98.8;98.0;0.00;100.00
212;631;60.0;53;3.53;8190.0;-0.78;-2.34;51.37;98.8;98.0;0.00;100.00
236;632;60.0;53;3.53;8190.0;0.00;-2.34;51.37;98.8;98.0;0.00;100.00
250;631;60.0;53;3.53;8190.0;0.00;-2.34;51.37;98.8;98.0;0.00;100.00
259;630;60.0;53;3.53;8190.0;0.00;-2.34;51.37;98.8;98.0;0.00;100.00
270;629;60.0;53;3.53;8190.0;0.00;-2.34;51.37;98.8;98.0;0.00;100.00
278;628;60.0;53;3.53;8190.0;0.00;-2.34;51.37;98.8;98.0;0.00;100.00
289;628;60.0;53;3.53;8190.0;0.00;-2.34;51.37;98.8;98.0;0.00;100.00
300;627;60.0;53;3.53;8190.0;0.00;-2.34;51.37;98.8;98.0;0.00;100.00
312;626;60.0;53;3.53;8190.0;0.00;-2.34;51.37;98.8;98.0;0.00;100.00
320;625;60.0;53;3.53;8190.0;0.00;-2.34;51.37;98.8;98.0;0.00;100.00
331;624;60.0;53;3.53;8190.0;0.00;-2.34;51.37;98.8;98.0;0.00;100.00
338;623;60.0;53;3.53;8190.0;0.00;-2.34;51.37;98.8;98.0;0.00;100.00
355;623;60.0;53;3.53;8190.0;0.78;-2.34;51.37;98.8;98.0;0.00;100.00
369;623;60.0;53;3.53;8190.0;0.78;-1.56;51.37;98.8;98.0;0.00;100.00
380;624;60.0;53;3.53;8190.0;0.78;-1.56;51.76;98.8;98.0;0.00;100.00
389;625;60.0;53;3.53;8190.0;0.78;-1.56;51.76;98.8;98.0;0.00;100.00
398;626;60.0;53;3.53;8190.0;0.78;-1.56;51.76;98.8;98.0;0.00;100.00
416;626;60.0;53;3.53;8190.0;0.78;-1.56;51.76;98.8;98.0;0.00;100.00
431;627;60.0;53;3.53;8190.0;0.78;-1.56;51.76;98.8;98.0;0.00;100.00
441;628;61.0;53;3.53;8190.0;0.78;-1.56;51.76;98.8;98.0;0.00;100.00
450;628;61.0;53;3.53;8190.0;0.78;-1.56;51.76;98.8;98.0;0.00;100.00
462;629;61.0;53;3.53;8190.0;0.78;-1.56;51.76;98.8;98.0;0.00;100.00
471;630;61.0;53;3.53;8190.0;0.78;-1.56;51.76;98.8;98.0;0.00;100.00
486;631;61.0;53;3.53;8190.0;1.56;-1.56;51.76;98.8;98.0;0.00;100.00
500;631;61.0;53;3.53;8190.0;1.56;-1.56;51.76;98.8;98.0;0.00;100.00
513;631;61.0;53;3.53;8190.0;1.56;-1.56;51.37;98.8;98.0;0.00;100.00
531;631;61.0;53;3.53;8190.0;1.56;-1.56;51.37;98.8;98.0;0.00;100.00
540;631;61.0;53;3.53;8190.0;1.56;-1.56;51.37;98.8;98.0;0.00;100.00
550;631;61.0;53;3.53;8190.0;1.56;-1.56;51.37;98.8;98.0;0.00;100.00
562;631;61.0;53;3.53;8200.0;1.56;-1.56;51.37;98.8;98.0;0.00;100.00
571;631;61.0;53;3.53;8200.0;1.56;-1.56;51.37;98.8;98.0;0.00;100.00
580;631;61.0;53;3.53;8200.0;1.56;-1.56;51.37;98.8;98.0;0.00;100.00
590;631;61.0;53;3.53;8210.0;1.56;-1.56;51.37;98.8;98.0;0.00;100.00
600;631;61.0;53;3.53;8210.0;1.56;-1.56;51.37;98.8;98.0;0.00;100.00
617;631;61.0;53;3.53;8220.0;2.34;-1.56;51.37;98.8;98.0;0.00;100.00
629;631;61.0;53;3.53;8220.0;2.34;-1.56;51.37;98.8;98.0;0.00;100.00
641;631;61.0;53;3.53;8220.0;2.34;-1.56;51.76;98.8;98.0;0.00;100.00
651;631;61.0;53;3.53;8230.0;2.34;-1.56;51.76;98.8;98.0;0.00;100.00
662;630;61.0;53;3.53;8230.0;2.34;-1.56;51.76;98.8;98.0;0.00;100.00
671;630;61.0;53;3.53;8230.0;2.34;-1.56;51.76;98.8;98.0;0.00;100.00
680;630;61.0;53;3.53;8230.0;2.34;-1.56;51.76;98.8;98.0;0.00;100.00
690;630;61.0;53;3.53;8230.0;2.34;-1.56;51.76;98.8;98.0;0.00;100.00
702;630;61.0;53;3.53;8230.0;2.34;-1.56;51.76;98.8;98.0;0.00;100.00
709;630;61.0;53;3.53;8230.0;2.34;-1.56;51.76;98.8;98.0;0.00;100.00
721;630;61.0;53;3.53;8230.0;2.34;-1.56;51.76;98.8;98.0;0.00;100.00
738;630;61.0;53;3.53;8230.0;3.13;-1.56;51.76;98.8;98.0;0.00;100.00
750;629;61.0;53;3.53;8230.0;3.13;-1.56;51.76;98.8;98.0;0.00;100.00
759;629;61.0;53;3.53;8230.0;3.13;-1.56;51.37;98.8;98.0;0.00;100.00
771;629;61.0;53;3.53;8230.0;3.13;-1.56;51.37;98.8;98.0;0.00;100.00
780;629;61.0;53;3.53;8230.0;3.13;-1.56;51.37;98.8;98.0;0.00;100.00
792;629;61.0;53;3.53;8230.0;3.13;-1.56;51.37;98.8;98.0;0.00;100.00
801;629;61.0;53;3.53;8230.0;3.13;-1.56;51.37;98.8;98.0;0.00;100.00
813;629;61.0;53;3.53;8230.0;3.13;-1.56;51.37;98.8;98.0;0.00;100.00
829;628;61.0;53;3.53;8230.0;3.13;-1.56;51.37;98.8;98.0;0.00;100.00
840;628;61.0;53;3.53;8230.0;3.13;-1.56;51.37;98.8;98.0;0.00;100.00
850;628;61.0;53;3.53;8230.0;3.13;-1.56;51.37;98.8;98.0;0.00;100.00
866;628;61.0;53;3.53;8230.0;3.13;-1.56;51.37;98.8;98.0;0.00;100.00
881;628;61.0;53;3.53;8230.0;3.13;-1.56;51.37;98.8;98.0;0.00;100.00
890;628;61.0;53;3.53;8230.0;3.13;-1.56;51.37;98.8;98.0;0.00;100.00
899;628;61.0;53;3.53;8230.0;3.13;-1.56;51.37;98.8;98.0;0.00;100.00
911;628;61.0;53;3.53;8230.0;3.13;-1.56;51.37;98.8;98.0;0.00;100.00
919;628;61.0;53;3.53;8230.0;3.13;-1.56;51.37;98.8;98.0;0.00;100.00
931;628;61.0;53;3.53;8230.0;3.13;-1.56;51.37;98.8;98.0;0.00;100.00
939;628;60.0;53;3.53;8230.0;3.13;-1.56;51.37;98.8;98.0;0.00;100.00
951;628;60.0;53;3.53;8230.0;3.13;-1.56;51.37;98.8;98.0;0.00;100.00
962;628;60.0;53;3.53;8230.0;3.13;-1.56;51.37;98.8;98.0;0.00;100.00
971;628;60.0;53;3.53;8230.0;3.13;-1.56;51.37;98.8;98.0;0.00;100.00
987;628;60.0;53;3.53;8230.0;3.13;-1.56;51.37;98.8;98.0;0.00;100.00
1000;628;60.0;53;3.53;8230.0;3.13;-0.78;51.37;98.8;98.0;0.00;100.00
1013;628;60.0;53;3.53;8230.0;3.13;-0.78;51.76;98.8;98.0;0.00;100.00
1031;628;60.0;53;3.53;8230.0;3.13;-0.78;51.76;98.8;98.0;0.00;100.00
1040;627;61.0;53;3.53;8230.0;3.13;-0.78;51.76;98.8;98.0;0.00;100.00
1049;627;61.0;53;3.53;8230.0;3.13;-0.78;51.76;98.8;98.0;0.00;100.00
1060;627;61.0;53;3.53;8230.0;3.13;-0.78;51.76;98.8;98.0;0.00;100.00
1071;627;61.0;53;3.53;8230.0;3.13;-0.78;51.76;98.8;98.0;0.00;100.00
1077;627;61.0;53;3.53;8230.0;3.13;-0.78;51.76;98.8;98.0;0.00;100.00
1091;626;61.0;53;3.53;8230.0;3.13;-0.78;51.76;98.8;98.0;0.00;100.00
1102;626;62.0;53;3.53;8230.0;3.13;-0.78;51.76;98.8;98.0;0.00;100.00
1127;626;62.0;53;3.53;8230.0;3.13;-0.78;51.76;98.8;98.0;0.00;100.00
1140;626;62.0;53;3.53;8230.0;3.13;-0.78;51.76;98.8;98.0;0.00;100.00
1150;626;62.0;53;3.53;8230.0;3.13;-0.78;51.76;98.8;98.0;0.00;100.00
1162;626;62.0;53;3.53;8230.0;3.13;-0.78;51.76;98.8;98.0;0.00;100.00
1178;626;62.0;53;3.53;8230.0;3.13;-0.78;51.76;98.8;98.0;0.00;100.00
1192;627;62.0;53;3.53;8230.0;3.13;-0.78;51.76;98.8;98.0;0.00;100.00
1212;627;62.0;53;3.53;8230.0;3.13;-0.78;51.76;98.8;98.0;0.00;100.00
1227;627;62.0;53;3.53;8230.0;3.13;-0.78;51.76;98.8;98.0;0.00;100.00
1238;627;62.0;53;3.53;8230.0;3.13;-0.78;51.76;98.8;98.0;0.00;100.00
1251;627;62.0;53;3.53;8230.0;3.13;-0.78;51.76;98.8;98.0;0.00;100.00
1260;627;62.0;53;3.53;8230.0;3.13;-0.78;51.76;98.8;98.0;0.00;100.00
1275;627;62.0;53;3.53;8230.0;3.13;-0.78;51.76;98.8;98.0;0.00;100.00
1288;628;62.0;53;3.53;8230.0;3.13;0.00;51.76;98.8;98.0;0.00;100.00
1299;628;62.0;53;3.53;8230.0;3.13;0.00;51.76;98.8;98.0;0.00;100.00
1309;628;62.0;53;3.53;8230.0;3.13;0.00;51.76;98.8;98.0;0.00;100.00
1320;628;62.0;53;3.53;8230.0;3.13;0.00;51.76;98.8;98.0;0.00;100.00
1331;628;62.0;53;3.53;8230.0;3.13;0.00;51.76;98.8;98.0;0.00;100.00
1341;629;62.0;53;3.53;8230.0;3.13;0.00;51.76;98.8;98.0;0.00;100.00
1350;629;62.0;53;3.53;8230.0;3.13;0.00;51.76;98.8;98.0;0.00;100.00
1361;629;62.0;53;3.53;8230.0;3.13;0.00;51.76;98.8;98.0;0.00;100.00
1367;629;62.0;53;3.53;8230.0;3.13;0.00;51.76;98.8;98.0;0.00;100.00
1379;629;62.0;53;3.53;8230.0;3.13;0.00;51.76;98.8;98.0;0.00;100.00
1397;630;62.0;53;3.53;8230.0;2.34;0.00;51.76;98.8;98.0;0.00;100.00
1413;630;62.0;53;3.53;8230.0;2.34;0.00;51.76;98.8;98.0;0.00;100.00
1428;631;62.0;53;3.53;8230.0;2.34;0.00;51.76;98.8;98.0;0.00;100.00
1439;631;61.0;53;3.53;8230.0;2.34;0.00;51.76;98.8;98.0;0.00;100.00
1448;632;61.0;53;3.53;8230.0;2.34;0.00;51.76;98.8;98.0;0.00;100.00
1460;632;61.0;53;3.53;8230.0;2.34;0.00;51.76;98.8;98.0;0.00;100.00
1469;633;60.0;53;3.14;8230.0;2.34;0.00;51.76;98.8;98.0;0.00;100.00
1480;633;60.0;53;3.14;8230.0;2.34;0.00;51.76;98.8;98.0;0.00;100.00
1489;634;59.0;53;3.14;8230.0;2.34;0.00;51.37;98.8;98.0;0.00;100.00
1499;634;59.0;53;3.14;8230.0;2.34;0.00;51.37;98.8;98.0;0.00;100.00
1510;635;59.0;53;3.14;8230.0;2.34;0.00;50.98;98.8;98.0;0.00;100.00
1525;635;58.0;53;3.14;8230.0;2.34;0.00;50.98;98.8;98.0;0.00;100.00
1537;635;58.0;53;2.75;8230.0;2.34;0.00;50.59;98.8;98.0;0.00;100.00
1549;635;58.0;53;2.75;8230.0;2.34;0.00;50.59;98.8;98.0;0.00;100.00
1560;634;58.0;53;2.75;8230.0;2.34;0.00;50.20;98.8;98.0;0.00;100.00
1571;634;57.0;53;2.75;8230.0;2.34;0.00;50.20;98.8;98.0;0.00;100.00
1579;634;57.0;53;2.75;8230.0;2.34;0.00;49.80;98.8;98.0;0.00;100.00
1588;634;57.0;53;2.75;8230.0;2.34;0.00;49.80;98.8;98.0;0.00;100.00
1600;633;57.0;53;2.75;8230.0;2.34;0.00;49.41;98.8;98.0;0.00;100.00
1613;633;57.0;53;2.75;8230.0;2.34;0.00;49.41;98.8;98.0;0.00;100.00
1631;633;57.0;53;3.14;8230.0;2.34;0.00;49.02;98.8;98.0;0.00;100.00
1639;633;56.0;53;3.14;8230.0;2.34;0.00;49.02;98.8;98.0;0.00;100.00
1655;632;56.0;53;3.14;8230.0;1.56;0.00;48.63;98.8;98.0;0.00;100.00
1668;633;56.0;53;3.14;8230.0;1.56;0.00;48.63;98.8;98.0;0.00;100.00
1680;633;56.0;53;3.14;8230.0;1.56;0.00;48.24;98.8;98.0;0.00;100.00
1690;634;56.0;53;3.14;8230.0;1.56;0.00;48.24;98.8;98.0;0.00;100.00
1699;634;55.0;53;3.14;8230.0;1.56;0.00;47.84;98.8;98.0;0.00;100.00
1711;635;55.0;53;3.14;8230.0;1.56;0.00;47.84;98.8;98.0;0.00;100.00
1719;636;55.0;53;3.14;8230.0;1.56;0.00;47.45;98.8;98.0;0.00;100.00
1728;636;55.0;53;3.14;8230.0;1.56;0.00;47.45;98.8;98.0;0.00;100.00
1740;637;55.0;53;3.14;8230.0;1.56;0.00;47.45;98.8;98.0;0.00;100.00
1748;637;55.0;53;3.14;8230.0;1.56;0.00;47.06;98.8;98.0;0.00;100.00
1760;638;54.0;53;3.14;8230.0;1.56;0.00;47.06;98.8;98.0;0.00;100.00
1774;638;54.0;53;3.14;8230.0;1.56;0.00;47.06;98.8;98.0;0.00;100.00
1791;638;54.0;53;3.14;8230.0;1.56;0.00;47.06;98.8;98.0;0.00;100.00
1800;639;54.0;53;3.14;8230.0;1.56;0.00;46.67;98.8;98.0;0.00;100.00
1811;639;54.0;53;3.14;8230.0;1.56;0.00;46.67;98.8;98.0;0.00;100.00
1821;639;54.0;53;3.14;8230.0;1.56;0.00;46.67;98.8;98.0;0.00;100.00
1829;639;54.0;53;3.14;8230.0;1.56;0.00;46.67;98.8;98.0;0.00;100.00
1838;639;54.0;53;3.14;8230.0;1.56;0.00;46.27;98.8;98.0;0.00;100.00
1851;640;53.0;53;3.14;8230.0;1.56;0.00;46.27;98.8;98.0;0.00;100.00
1859;640;53.0;53;3.14;8230.0;1.56;0.00;46.27;98.8;98.0;0.00;100.00
1868;640;53.0;53;3.14;8230.0;1.56;0.00;45.88;98.8;98.0;0.00;100.00
1878;640;53.0;53;3.14;8230.0;1.56;0.00;45.88;98.8;98.0;0.00;100.00
1898;641;53.0;53;3.14;8230.0;1.56;0.00;45.88;98.8;98.0;0.00;100.00
1910;639;53.0;53;3.14;8230.0;1.56;0.00;45.88;98.8;98.0;0.00;100.00
1918;638;53.0;53;3.14;8230.0;1.56;0.00;45.49;98.8;98.0;0.00;100.00
1929;637;53.0;53;3.14;8230.0;1.56;0.00;45.49;98.8;98.0;0.00;100.00
1939;636;53.0;53;3.14;8230.0;1.56;0.00;45.49;98.8;98.0;0.00;100.00
1949;635;53.0;53;3.14;8230.0;1.56;0.00;45.49;98.8;98.0;0.00;100.00
1960;634;53.0;53;3.14;8230.0;1.56;0.00;45.10;98.8;98.0;0.00;100.00
1969;633;52.0;53;3.14;8230.0;1.56;0.00;45.10;98.8;98.0;0.00;100.00
1979;632;52.0;53;3.14;8230.0;1.56;0.00;45.10;98.8;98.0;0.00;100.00
1988;630;52.0;53;3.53;8230.0;1.56;0.00;45.10;98.8;98.0;0.00;100.00
1998;629;52.0;53;3.53;8230.0;1.56;0.00;44.71;98.8;98.0;0.00;100.00
2015;628;52.0;53;3.53;8230.0;0.78;0.00;44.71;98.8;98.0;0.00;100.00
2029;629;52.0;53;3.53;8230.0;0.78;-0.78;44.71;98.8;98.0;0.00;100.00
2041;629;52.0;53;3.53;8230.0;0.78;-0.78;44.71;98.8;98.0;0.00;100.00
2049;630;52.0;53;3.53;8230.0;0.78;-0.78;44.71;98.8;98.0;0.00;100.00
2061;631;52.0;53;3.53;8230.0;0.78;-0.78;44.71;98.8;98.0;0.00;100.00
2071;631;52.0;53;3.53;8230.0;0.78;-0.78;44.31;98.8;98.0;0.00;100.00
2077;632;52.0;53;3.53;8230.0;0.78;-0.78;44.31;98.8;98.0;0.00;100.00
2091;633;53.0;53;3.53;8230.0;0.00;-0.78;44.31;98.8;98.0;0.00;100.00
2111;633;53.0;53;3.53;8230.0;0.00;-0.78;44.31;98.8;98.0;0.00;100.00
2121;634;53.0;53;3.53;8230.0;0.00;-1.56;44.31;98.8;98.0;0.00;100.00
2129;634;53.0;53;3.53;8230.0;0.00;-1.56;44.31;98.8;98.0;0.00;100.00
2145;635;53.0;53;3.53;8230.0;-0.78;-1.56;44.31;98.8;98.0;0.00;100.00
2164;635;53.0;53;3.53;8230.0;-0.78;-1.56;44.31;98.8;98.0;0.00;100.00
2179;634;53.0;53;3.53;8230.0;-0.78;-1.56;44.31;98.8;98.0;0.00;100.00
2189;634;53.0;53;3.53;8230.0;-0.78;-1.56;44.31;98.8;98.0;0.00;100.00
2201;634;53.0;53;3.53;8230.0;-1.56;-2.34;44.31;98.8;98.0;0.00;100.00
2210;633;53.0;53;3.53;8230.0;-1.56;-2.34;44.31;98.8;98.0;0.00;100.00
2217;633;53.0;53;3.53;8230.0;-1.56;-2.34;44.31;98.8;98.0;0.00;100.00
2230;633;54.0;53;3.53;8230.0;-1.56;-2.34;44.31;98.8;98.0;0.00;100.00
2239;632;54.0;53;3.53;8230.0;-1.56;-3.13;44.31;98.8;98.0;0.00;100.00
2249;632;54.0;53;3.53;8230.0;-1.56;-3.13;44.31;98.8;98.0;0.00;100.00
2261;631;54.0;53;3.53;8230.0;-1.56;-3.13;44.31;98.8;98.0;0.00;100.00
2274;631;54.0;53;3.53;8230.0;-2.34;-3.13;44.31;98.8;98.0;0.00;100.00
2288;631;54.0;53;3.53;8230.0;-2.34;-3.91;44.31;98.8;98.0;0.00;100.00
2298;631;54.0;53;3.53;8230.0;-2.34;-3.91;44.71;98.8;98.0;0.00;100.00
2311;632;54.0;53;3.53;8230.0;-2.34;-3.91;44.71;98.8;98.0;0.00;100.00
2320;632;54.0;53;3.53;8230.0;-2.34;-3.91;44.71;98.8;98.0;0.00;100.00
2329;632;54.0;53;3.53;8230.0;-2.34;-4.69;44.71;98.8;98.0;0.00;100.00
2341;632;54.0;53;3.53;8230.0;-2.34;-4.69;44.71;98.8;98.0;0.00;100.00
2348;632;54.0;53;3.53;8230.0;-2.34;-4.69;44.71;98.8;98.0;0.00;100.00
2360;633;54.0;53;3.53;8230.0;-2.34;-4.69;44.71;98.8;98.0;0.00;100.00
2371;633;54.0;53;3.53;8230.0;-2.34;-5.47;44.71;98.8;98.0;0.00;100.00
2380;633;54.0;53;3.53;8230.0;-2.34;-5.47;44.71;98.8;98.0;0.00;100.00
2395;633;54.0;53;3.53;8230.0;-3.13;-5.47;44.71;98.8;98.0;0.00;100.00
2416;635;54.0;53;3.53;8230.0;-3.13;-5.47;44.71;98.8;98.0;0.00;100.00
2428;637;54.0;53;3.53;8230.0;-3.13;-5.47;45.10;98.8;98.0;0.00;100.00
2440;639;53.0;53;3.53;8230.0;-3.13;-5.47;45.10;98.8;98.0;0.00;100.00
2450;641;53.0;53;3.53;8230.0;-3.13;-6.25;45.10;98.8;98.0;0.00;100.00
2462;643;53.0;53;3.53;8230.0;-3.13;-6.25;45.10;98.8;98.0;0.00;100.00
2469;645;53.0;53;3.14;8230.0;-3.13;-6.25;45.10;98.8;98.0;0.00;100.00
2481;647;52.0;53;3.14;8230.0;-3.13;-6.25;45.10;98.8;98.0;0.00;100.00
2490;649;52.0;53;3.14;8230.0;-3.13;-6.25;44.71;98.8;98.0;0.00;100.00
2499;651;52.0;53;3.14;8230.0;-3.13;-6.25;44.71;98.8;98.0;0.00;100.00
2511;653;52.0;53;3.14;8230.0;-3.13;-6.25;44.31;98.8;98.0;0.00;100.00
2526;655;51.0;53;3.14;8230.0;-3.13;-6.25;43.92;98.8;98.0;0.00;100.00
2540;654;51.0;53;2.75;8230.0;-3.13;-7.03;43.92;98.8;98.0;0.00;100.00
2549;652;51.0;53;2.75;8230.0;-3.13;-7.03;43.53;98.8;98.0;0.00;100.00
2561;651;51.0;53;2.75;8230.0;-3.13;-7.03;43.53;98.8;98.0;0.00;100.00
2570;649;52.0;53;3.14;8230.0;-3.13;-7.03;43.14;98.8;98.0;0.00;100.00
2579;648;52.0;53;3.92;8230.0;-3.13;-7.03;42.75;98.8;98.0;0.00;100.00
2590;646;52.0;53;4.31;8230.0;-3.13;-7.03;42.75;98.8;98.0;0.00;100.00
2599;645;52.0;53;4.71;8230.0;-3.13;-7.03;42.35;98.8;98.0;0.00;100.00
2611;643;52.0;53;5.49;8230.0;-2.34;-6.25;43.53;98.8;98.0;0.00;100.00
2619;641;52.0;53;5.88;8230.0;-2.34;-6.25;44.71;98.8;98.0;0.00;100.00
2629;640;53.0;53;6.67;8230.0;-2.34;-6.25;45.88;98.8;98.0;0.00;100.00
2646;638;53.0;53;7.06;8230.0;-2.34;-6.25;47.06;98.8;98.0;0.00;100.00
2662;642;53.0;53;7.45;8230.0;-2.34;-5.47;48.24;98.8;98.0;0.00;100.00
2670;646;56.0;53;8.24;8230.0;-2.34;-5.47;49.80;98.8;98.0;0.00;100.00
2680;650;58.0;53;8.63;8230.0;-1.56;-5.47;50.98;98.8;98.0;0.00;100.00
2688;654;61.0;53;8.63;8230.0;-1.56;-5.47;52.16;98.8;98.0;0.00;100.00
2702;657;64.0;53;8.63;8230.0;-1.56;-4.69;53.33;98.8;98.0;0.00;100.00
2711;661;67.0;53;9.02;8230.0;-1.56;-4.69;54.51;98.8;98.0;0.00;100.00
2720;665;69.0;53;9.02;8230.0;-1.56;-4.69;55.69;98.8;98.0;0.00;100.00
2731;669;72.0;53;9.02;8230.0;-1.56;-4.69;58.04;98.8;98.0;0.00;100.00
2739;673;75.0;53;9.02;8230.0;-1.56;-3.91;60.78;98.8;98.0;0.00;100.00
2749;676;78.0;53;9.02;8230.0;-1.56;-3.91;63.14;98.8;98.0;0.00;100.00
2766;680;80.0;53;9.02;8230.0;-1.56;-3.91;65.49;98.8;98.0;0.00;100.00
2778;696;83.0;53;9.41;8230.0;-1.56;-3.91;68.24;98.8;98.0;0.00;100.00
2790;713;83.0;53;9.41;8230.0;-1.56;-3.91;70.59;98.8;98.0;0.00;100.00
2800;729;84.0;53;9.41;8230.0;-1.56;-3.91;73.33;98.8;98.0;0.00;100.00
2812;745;84.0;53;9.41;8230.0;-1.56;-3.13;75.69;98.8;98.0;0.00;100.00
2829;762;84.0;53;9.41;8230.0;-1.56;-3.13;78.04;98.8;98.0;0.00;100.00
2841;778;84.0;53;9.41;8230.0;-1.56;-3.13;80.78;98.8;98.0;0.00;100.00
2850;794;85.0;53;9.41;8230.0;-1.56;-3.13;83.14;98.8;98.0;0.00;100.00
2862;811;85.0;53;9.41;8230.0;-1.56;-3.13;83.14;98.8;98.0;0.00;100.00
2880;827;85.0;53;9.41;8230.0;-1.56;-3.13;83.14;98.8;98.0;0.00;100.00
2890;843;85.0;53;9.41;8230.0;-1.56;-3.13;82.75;98.9;98.0;0.00;100.00
2906;860;86.0;53;9.41;8230.0;-0.78;-3.13;82.75;98.9;98.0;0.00;100.00
2919;877;86.0;53;9.41;8230.0;-0.78;-3.13;82.75;98.9;98.0;0.00;100.00
2930;894;86.0;53;9.41;8230.0;-0.78;-3.13;82.75;98.9;98.0;0.00;100.00
2939;912;85.0;53;9.41;8230.0;-0.78;-3.13;82.75;98.9;98.0;0.00;100.00
2949;929;85.0;53;9.41;8230.0;-0.78;-3.13;82.75;98.9;97.5;0.00;100.00
2960;947;84.0;53;9.41;8230.0;-0.78;-3.13;82.35;98.9;97.5;0.00;100.00
2971;964;84.0;53;9.02;8230.0;-0.78;-3.13;82.35;98.9;97.5;0.00;100.00
2980;982;83.0;53;9.02;8230.0;0.00;-3.13;82.35;98.9;97.5;0.00;100.00
2989;999;83.0;53;9.02;8230.0;0.00;-2.34;80.39;98.9;97.5;0.00;100.00
2998;1017;82.0;53;9.02;8230.0;0.00;-2.34;78.43;98.9;97.5;0.00;100.00
3011;1034;82.0;53;9.02;8230.0;0.00;-2.34;76.08;98.9;95.5;0.00;100.00
3024;1051;81.0;53;9.02;8230.0;0.78;-1.56;74.12;98.9;94.0;0.00;100.00
3040;1062;81.0;53;8.63;8230.0;0.78;-1.56;72.16;98.9;92.0;0.00;100.00
3049;1072;80.0;53;8.63;8230.0;0.78;-0.78;70.20;98.9;90.5;0.00;100.00
3061;1082;79.0;53;8.63;8230.0;0.78;-0.78;68.24;98.9;88.5;0.00;100.00
3069;1092;78.0;53;8.63;8230.0;1.56;-0.78;66.27;98.9;87.0;0.00;100.00
3079;1102;77.0;53;8.63;8230.0;1.56;0.00;63.92;98.9;85.0;0.00;100.00
3088;1113;76.0;53;8.63;8230.0;1.56;0.00;61.96;98.9;83.5;0.00;100.00
3101;1123;75.0;53;8.63;8230.0;1.56;0.00;60.00;98.9;81.5;0.00;100.00
3112;1133;74.0;53;8.63;8230.0;2.34;0.00;59.22;98.9;80.0;0.00;100.00
3129;1143;73.0;53;8.63;8230.0;2.34;0.78;58.82;98.9;78.0;0.00;100.00
3140;1153;72.0;53;8.63;8230.0;2.34;0.78;58.04;98.9;77.0;0.00;100.00
3156;1164;71.0;53;8.63;8230.0;2.34;0.78;57.25;98.9;76.5;0.00;100.00
3170;1166;70.0;53;8.63;8230.0;2.34;0.78;56.47;98.9;75.5;0.00;100.00
3180;1168;70.0;53;8.63;8230.0;2.34;0.78;56.08;98.9;75.0;0.00;100.00
3189;1169;70.0;53;8.63;8230.0;3.13;0.78;55.29;98.9;74.0;0.00;100.00
3199;1171;71.0;53;8.63;8230.0;3.13;1.56;54.51;98.9;73.5;0.00;100.00
3211;1173;71.0;53;8.63;8230.0;3.13;1.56;53.73;98.9;72.5;0.00;100.00
3220;1175;71.0;53;8.63;8230.0;3.13;1.56;53.33;98.9;72.0;0.00;100.00
3229;1177;71.0;53;8.63;8230.0;3.13;1.56;52.55;98.9;71.0;0.00;100.00
3240;1179;71.0;53;8.63;8230.0;3.13;1.56;52.16;98.9;70.5;0.00;100.00
3249;1181;71.0;53;8.63;8230.0;3.13;1.56;51.37;98.9;69.5;0.00;100.00
3261;1183;72.0;53;8.63;8230.0;3.13;1.56;50.98;98.9;69.0;0.00;100.00
3276;1185;72.0;53;8.63;8230.0;3.91;1.56;50.59;98.9;68.0;0.00;100.00
3289;1187;72.0;53;8.63;8230.0;3.91;2.34;50.20;98.9;67.5;0.00;100.00
3301;1189;72.0;53;8.63;8230.0;3.91;2.34;49.41;98.9;67.0;0.00;100.00
3312;1191;73.0;53;8.63;8230.0;3.91;2.34;49.02;98.9;66.5;0.00;100.00
3320;1193;73.0;53;8.63;8230.0;3.91;2.34;48.63;98.9;65.5;0.00;100.00
3330;1195;73.0;53;8.63;8230.0;3.91;2.34;48.24;98.9;65.0;0.00;100.00
3339;1198;73.0;53;8.63;8230.0;3.91;2.34;47.45;98.9;64.5;0.00;100.00
3348;1200;74.0;53;8.63;8230.0;3.91;2.34;47.06;98.9;64.0;0.00;100.00
3362;1202;74.0;52;8.63;8230.0;3.91;2.34;47.45;98.9;63.0;0.00;100.00
3380;1204;74.0;52;9.02;8230.0;3.91;2.34;47.84;98.9;62.5;0.00;100.00
3391;1206;74.0;52;9.02;8230.0;3.91;2.34;48.24;98.9;62.0;0.00;100.00
3405;1208;75.0;52;9.02;8230.0;3.13;2.34;48.63;98.9;61.5;0.00;100.00
3421;1210;75.0;52;9.02;8230.0;3.13;3.13;49.02;98.9;61.0;0.00;100.00
3430;1213;75.0;52;9.02;8230.0;3.13;3.13;49.41;98.9;60.5;0.00;100.00
3439;1216;75.0;52;9.02;8230.0;3.13;3.13;49.80;98.9;60.0;0.00;100.00
3449;1218;75.0;52;9.02;8230.0;3.13;3.13;50.20;98.9;60.0;0.00;100.00
3462;1221;75.0;52;9.02;8230.0;3.13;3.13;50.59;98.9;59.5;0.00;100.00
3481;1224;75.0;52;9.02;8230.0;3.13;3.13;50.98;98.9;59.0;0.00;100.00
3488;1226;76.0;52;9.02;8230.0;3.13;3.13;51.37;98.9;58.5;0.00;100.00
3500;1229;76.0;52;9.02;8230.0;3.91;3.13;51.37;98.9;58.0;0.00;100.00
3512;1231;76.0;52;8.63;8230.0;3.91;3.91;51.37;98.9;57.5;0.00;100.00
3520;1234;76.0;52;8.63;8230.0;3.91;3.91;51.37;98.9;57.0;0.00;100.00
3535;1237;76.0;52;8.63;8230.0;3.91;3.91;51.37;98.9;57.0;0.00;100.00
3551;1239;76.0;52;8.63;8230.0;3.91;3.91;51.37;99.0;56.5;0.00;100.00
3561;1241;76.0;52;8.63;8230.0;3.91;3.91;50.98;99.0;56.0;0.00;100.00
3569;1243;76.0;52;8.63;8230.0;4.69;3.91;50.98;99.0;55.5;0.00;100.00
3578;1246;75.0;52;8.63;8230.0;4.69;4.69;50.98;99.0;55.5;0.00;100.00
3591;1248;75.0;52;8.63;8230.0;4.69;4.69;50.98;99.0;55.0;0.00;100.00
3599;1250;75.0;52;8.63;8230.0;4.69;4.69;50.98;99.0;54.5;0.00;100.00
3612;1253;75.0;52;8.63;8230.0;5.47;4.69;50.98;99.0;54.0;0.00;100.00
3628;1255;75.0;52;8.63;8230.0;5.47;5.47;50.98;99.0;54.0;0.00;100.00
3640;1257;75.0;52;8.63;8230.0;5.47;5.47;50.98;99.0;53.5;0.00;100.00
3649;1259;74.0;52;8.63;8230.0;5.47;5.47;50.98;99.0;53.0;0.00;100.00
3667;1262;74.0;52;8.63;8230.0;6.25;5.47;50.98;99.0;53.0;0.00;100.00
3680;1264;74.0;52;8.63;8230.0;6.25;6.25;50.98;99.0;52.5;0.00;100.00
3689;1266;74.0;52;8.63;8230.0;6.25;6.25;50.59;99.0;52.0;0.00;100.00
3700;1269;74.0;52;8.63;8230.0;6.25;6.25;50.59;99.0;52.0;0.00;100.00
3712;1271;74.0;52;8.63;8230.0;7.03;6.25;50.59;99.0;51.5;0.00;100.00
3721;1274;74.0;52;8.24;8230.0;7.03;7.03;50.59;99.0;51.5;0.00;100.00
3730;1276;74.0;52;8.24;8240.0;7.03;7.03;50.59;99.0;51.0;0.00;100.00
3739;1278;75.0;52;7.84;8240.0;7.03;7.03;50.59;99.0;50.5;0.00;100.00
3750;1281;75.0;52;7.84;8240.0;6.25;7.03;50.59;99.0;50.5;0.00;100.00
3759;1283;75.0;52;7.45;8240.0;6.25;7.03;50.59;99.0;50.0;0.00;100.00
3770;1286;75.0;52;7.45;8250.0;6.25;7.03;50.20;99.0;49.5;0.00;100.00
3785;1288;75.0;52;7.06;8250.0;6.25;7.03;50.20;98.9;49.5;0.00;100.00
3800;1289;75.0;52;7.06;8250.0;6.25;7.03;50.20;98.9;49.0;0.00;100.00
3812;1289;75.0;52;6.67;8250.0;6.25;7.03;50.20;98.9;49.0;0.00;100.00
3829;1290;74.0;52;6.67;8260.0;5.47;7.03;50.20;98.9;48.5;0.00;100.00
3838;1291;74.0;52;6.67;8260.0;5.47;7.03;50.20;98.9;48.5;0.00;100.00
3850;1291;74.0;52;7.06;8260.0;5.47;7.03;49.80;98.9;48.0;0.00;100.00
3861;1292;73.0;52;7.06;8260.0;5.47;7.03;49.80;98.9;48.0;0.00;100.00
3869;1292;73.0;52;7.06;8260.0;5.47;7.03;49.80;98.9;47.5;0.00;100.00
3880;1293;72.0;52;7.06;8260.0;4.69;7.03;49.41;98.8;47.5;0.00;100.00
3891;1294;72.0;52;7.45;8260.0;4.69;6.25;49.41;98.8;47.0;0.00;100.00
3900;1294;72.0;52;7.45;8260.0;4.69;6.25;49.02;98.8;47.0;0.00;100.00
3916;1295;71.0;52;7.45;8260.0;4.69;6.25;49.02;98.8;46.5;0.00;100.00
3930;1294;71.0;52;7.45;8260.0;4.69;6.25;48.63;98.8;46.5;0.00;100.00
3941;1293;71.0;52;7.84;8260.0;4.69;6.25;48.63;98.8;46.5;0.00;100.00
3950;1292;72.0;52;7.84;8260.0;3.91;6.25;48.24;98.8;46.5;0.00;100.00
3960;1291;72.0;52;7.84;8260.0;3.91;5.47;48.24;98.8;46.0;0.00;100.00
3968;1291;73.0;52;8.24;8260.0;3.91;5.47;47.84;98.8;46.0;0.00;100.00
3979;1290;73.0;52;8.24;8250.0;3.91;5.47;47.84;98.8;46.0;0.00;100.00
3991;1289;74.0;52;8.24;8250.0;3.13;5.47;47.45;98.8;46.0;0.00;100.00
4000;1288;74.0;52;8.24;8250.0;3.13;4.69;47.84;98.8;45.5;0.00;100.00
4012;1287;75.0;52;8.63;8250.0;2.34;4.69;48.24;98.9;45.5;0.00;100.00
4028;1286;75.0;52;8.63;8240.0;2.34;4.69;48.63;98.9;45.5;0.00;100.00
4047;1285;76.0;52;8.63;8240.0;1.56;3.91;49.02;98.9;45.5;0.00;100.00
4060;1287;76.0;52;8.63;8240.0;1.56;3.91;49.41;98.9;45.5;0.00;100.00
4070;1289;76.0;52;9.02;8240.0;0.78;3.13;49.80;98.9;45.5;0.00;100.00
4080;1291;76.0;52;9.02;8230.0;0.78;3.13;50.20;99.0;45.5;0.00;100.00
4089;1293;77.0;52;9.02;8230.0;0.00;3.13;50.59;99.0;45.0;0.00;100.00
4101;1295;77.0;52;9.02;8230.0;0.00;2.34;50.98;99.0;45.0;0.00;100.00
4109;1297;77.0;52;9.02;8240.0;0.00;2.34;51.37;99.0;45.0;0.00;100.00
4121;1298;77.0;52;9.02;8240.0;0.00;2.34;51.76;99.0;45.0;0.00;100.00
4132;1300;77.0;52;9.02;8240.0;-0.78;2.34;52.16;99.0;45.0;0.00;100.00
4150;1302;77.0;52;9.41;8240.0;-0.78;1.56;52.16;99.1;45.0;0.00;100.00
4164;1304;78.0;52;9.41;8250.0;-0.78;1.56;52.55;99.1;45.0;0.00;100.00
4187;1306;78.0;52;9.41;8250.0;-0.78;1.56;52.94;99.1;44.5;0.00;100.00
4200;1310;78.0;52;9.41;8250.0;-0.78;1.56;53.33;99.1;44.5;0.00;100.00
4212;1314;78.0;52;9.41;8250.0;-0.78;1.56;53.33;99.1;44.5;0.00;100.00
4230;1319;78.0;52;9.41;8260.0;-1.56;1.56;53.73;99.1;44.0;0.00;100.00
4239;1323;78.0;52;9.41;8260.0;-1.56;0.78;54.12;99.2;44.0;0.00;100.00
4251;1327;78.0;52;9.41;8260.0;-1.56;0.78;54.51;99.2;43.5;0.00;100.00
4260;1332;78.0;52;9.80;8250.0;-1.56;0.78;54.51;99.2;43.5;0.00;100.00
4272;1336;79.0;52;9.80;8250.0;-1.56;0.78;54.90;99.2;43.5;0.00;100.00
4281;1340;79.0;52;9.80;8250.0;-1.56;0.78;55.29;99.2;43.0;0.00;100.00
4290;1345;79.0;52;9.80;8250.0;-1.56;0.78;55.69;99.2;43.0;0.00;100.00
4302;1349;79.0;52;9.80;8240.0;-1.56;0.78;56.08;99.3;43.0;0.00;100.00
4326;1353;79.0;52;9.80;8240.0;-2.34;0.78;56.47;99.3;43.0;0.00;100.00
4341;1357;79.0;52;10.20;8240.0;-2.34;0.00;56.86;99.3;43.0;0.00;100.00
4350;1361;79.0;52;10.20;8240.0;-2.34;0.00;57.65;99.3;43.0;0.00;100.00
4359;1364;79.0;52;10.20;8230.0;-2.34;0.00;58.04;99.3;43.0;0.00;100.00
4370;1368;80.0;52;10.20;8230.0;-2.34;0.00;58.43;99.4;42.5;0.00;100.00
4379;1372;80.0;52;10.20;8230.0;-2.34;0.00;58.82;99.4;42.5;0.00;100.00
4389;1375;80.0;52;10.59;8240.0;-2.34;0.00;59.22;99.4;42.5;0.00;100.00
4400;1379;80.0;52;10.59;8240.0;-2.34;0.00;59.61;99.4;42.5;0.00;100.00
4413;1383;80.0;52;10.59;8240.0;-2.34;0.00;59.61;99.4;42.5;0.00;100.00
4430;1387;80.0;52;10.59;8240.0;-2.34;-0.78;59.61;99.4;42.5;0.00;100.00
4440;1390;81.0;52;10.59;8250.0;-2.34;-0.78;60.00;99.4;42.5;0.00;100.00
4457;1394;81.0;52;10.59;8250.0;-3.13;-0.78;60.00;99.5;42.5;0.00;100.00
4470;1398;81.0;52;10.98;8250.0;-3.13;-0.78;60.00;99.5;42.5;0.00;100.00
4480;1401;81.0;52;10.98;8250.0;-3.13;-0.78;60.00;99.5;42.5;0.00;100.00
4489;1405;81.0;52;10.98;8260.0;-3.13;-0.78;60.00;99.5;42.5;0.00;100.00
4500;1408;81.0;52;10.98;8260.0;-3.13;-1.56;60.00;99.5;42.0;0.00;100.00
4513;1412;81.0;52;10.98;8260.0;-3.13;-1.56;60.39;99.5;42.0;0.00;100.00
4530;1415;81.0;52;10.98;8260.0;-3.13;-1.56;60.39;99.5;42.0;0.00;100.00
4539;1418;82.0;52;10.98;8260.0;-3.13;-1.56;60.39;99.5;42.0;0.00;100.00
4551;1422;82.0;52;10.98;8260.0;-3.13;-1.56;60.39;99.5;42.0;0.00;100.00
4560;1425;82.0;52;11.37;8260.0;-3.13;-1.56;60.39;99.6;42.0;0.00;100.00
4569;1429;82.0;52;11.37;8260.0;-3.13;-1.56;60.39;99.7;42.0;0.00;100.00
4585;1432;82.0;52;11.37;8260.0;-3.91;-1.56;60.39;99.8;42.0;0.00;100.00
4601;1436;82.0;52;11.37;8260.0;-3.91;-2.34;60.39;99.9;42.0;0.00;100.00
4620;1440;83.0;52;11.37;8260.0;-3.91;-2.34;60.00;99.9;42.0;0.00;100.00
4631;1444;83.0;52;11.37;8260.0;-3.91;-2.34;60.00;100.0;42.0;0.00;100.00
4639;1448;84.0;52;11.76;8260.0;-3.91;-2.34;60.00;100.1;41.5;0.00;100.00
4649;1452;84.0;52;11.76;8260.0;-3.91;-2.34;60.00;100.2;41.5;0.00;100.00
4663;1456;85.0;52;12.16;8260.0;-3.91;-2.34;60.00;100.3;41.5;0.00;100.00
4679;1460;85.0;52;12.55;8260.0;-3.91;-2.34;60.00;100.3;41.5;0.00;100.00
4689;1464;86.0;52;12.94;8260.0;-3.91;-2.34;60.39;100.4;41.5;0.00;100.00
4699;1468;86.0;52;12.94;8260.0;-3.91;-2.34;60.78;100.4;41.5;0.00;100.00
4711;1472;87.0;52;13.33;8260.0;-3.91;-2.34;61.18;100.3;41.5;0.00;100.00
4726;1476;87.0;52;13.73;8260.0;-3.91;-2.34;61.57;100.3;41.5;0.00;100.00
4740;1481;88.0;52;14.12;8260.0;-3.91;-2.34;61.96;100.3;41.5;0.00;100.00
4750;1487;88.0;52;14.12;8260.0;-3.91;-2.34;61.96;100.2;41.5;0.00;100.00
4761;1492;88.0;52;14.51;8260.0;-3.91;-2.34;62.35;100.2;41.5;0.00;100.00
4769;1498;87.0;52;14.51;8260.0;-3.91;-2.34;62.75;100.1;42.0;0.00;100.00
4781;1504;87.0;52;14.51;8260.0;-3.91;-2.34;63.14;100.1;42.0;0.00;100.00
4789;1509;87.0;52;14.51;8260.0;-3.91;-2.34;63.53;100.1;42.0;0.00;100.00
4801;1515;87.0;52;14.51;8260.0;-3.91;-2.34;63.92;100.0;42.0;0.00;100.00
4812;1521;87.0;52;14.51;8260.0;-3.91;-2.34;63.53;100.0;42.0;0.00;100.00
4830;1526;87.0;52;14.12;8260.0;-3.91;-2.34;62.75;100.0;42.0;0.00;100.00
4840;1532;86.0;52;14.12;8260.0;-3.91;-2.34;62.35;100.0;42.0;0.00;100.00
4856;1537;86.0;52;14.12;8260.0;-3.13;-2.34;61.96;100.0;42.0;0.00;100.00
4870;1542;86.0;52;14.12;8260.0;-3.13;-1.56;61.18;100.0;42.0;0.00;100.00
4880;1547;86.0;52;14.12;8260.0;-3.13;-1.56;60.78;100.0;42.0;0.00;100.00
4889;1552;86.0;52;14.12;8260.0;-3.13;-1.56;60.00;100.0;42.0;0.00;100.00
4899;1557;86.0;52;14.12;8260.0;-3.13;-1.56;59.61;100.1;42.0;0.00;100.00
4914;1562;86.0;52;14.12;8260.0;-3.13;-1.56;59.22;100.1;42.0;0.00;100.00
4930;1567;86.0;52;13.73;8260.0;-3.13;-1.56;58.43;100.1;42.0;0.00;100.00
4940;1571;85.0;52;13.73;8260.0;-3.13;-1.56;58.04;100.1;42.0;0.00;100.00
4949;1576;85.0;52;13.73;8260.0;-2.34;-1.56;57.65;100.1;42.0;0.00;100.00
4960;1581;85.0;52;13.73;8260.0;-2.34;-1.56;57.65;100.1;42.0;0.00;100.00
4971;1586;85.0;52;13.73;8260.0;-2.34;-1.56;57.25;100.1;42.0;0.00;100.00
4987;1591;85.0;52;13.73;8260.0;-2.34;-1.56;56.86;100.1;42.0;0.00;100.00
5001;1593;85.0;52;13.33;8260.0;-2.34;-0.78;56.86;100.1;42.0;0.00;100.00
5014;1596;85.0;52;13.33;8260.0;-2.34;-0.78;56.47;100.1;42.0;0.00;100.00
5031;1598;84.0;52;13.33;8260.0;-1.56;-0.78;56.47;100.1;42.0;0.00;100.00
5040;1600;84.0;52;13.33;8260.0;-1.56;-0.78;56.08;100.1;42.0;0.00;100.00
5049;1602;84.0;52;13.33;8260.0;-1.56;-0.78;55.69;100.1;42.0;0.00;100.00
5060;1605;84.0;52;13.33;8260.0;-1.56;-0.78;55.69;100.1;42.0;0.00;100.00
5071;1607;83.0;52;13.33;8260.0;-1.56;-0.78;55.29;100.1;42.0;0.00;100.00
5080;1609;83.0;51;13.33;8260.0;-1.56;-0.78;54.90;100.1;42.0;0.00;100.00
5090;1612;83.0;51;12.94;8260.0;-1.56;-0.78;54.51;100.1;42.0;0.00;100.00
5099;1614;83.0;51;12.94;8260.0;-1.56;-0.78;54.12;100.1;42.0;0.00;100.00
5115;1616;82.0;51;12.94;8260.0;-1.56;-0.78;53.73;100.1;42.0;0.00;100.00
5130;1620;82.0;51;12.94;8260.0;-1.56;-1.56;53.33;100.1;42.0;0.00;100.00
5139;1623;82.0;51;12.94;8260.0;-1.56;-1.56;53.33;100.1;42.0;0.00;100.00
5151;1626;82.0;51;12.94;8260.0;-1.56;-1.56;52.94;100.1;42.0;0.00;100.00
5161;1630;82.0;51;12.94;8260.0;-1.56;-1.56;52.55;100.1;42.0;0.00;100.00
5172;1633;82.0;51;12.94;8260.0;-1.56;-1.56;52.16;100.2;42.0;0.00;100.00
5189;1636;82.0;51;12.94;8270.0;-1.56;-1.56;51.76;100.2;42.0;0.00;100.00
5200;1639;83.0;51;12.94;8270.0;-1.56;-1.56;51.37;100.2;42.0;0.00;100.00
5212;1643;83.0;51;12.94;8270.0;-1.56;-1.56;51.37;100.2;42.0;0.00;100.00
5220;1646;83.0;51;12.94;8280.0;-1.56;-1.56;50.98;101.8;42.0;0.00;100.00
5230;1649;83.0;51;12.94;8280.0;-1.56;-1.56;50.98;103.5;44.0;0.00;100.00
5247;1653;83.0;51;12.94;8290.0;-2.34;-1.56;50.98;105.2;45.5;0.00;100.00
5261;1655;83.0;51;12.94;8290.0;-2.34;-0.78;50.98;106.9;47.5;0.00;100.00
5270;1658;83.0;51;12.94;8290.0;-2.34;-0.78;50.59;108.5;49.5;0.00;100.00
5281;1660;83.0;51;12.94;8300.0;-2.34;-0.78;50.59;110.2;51.0;0.00;100.00
5291;1663;83.0;51;12.94;8300.0;-2.34;-0.78;50.59;111.9;53.0;0.00;100.00
5300;1666;83.0;51;13.33;8300.0;-2.34;-0.78;50.59;113.6;54.5;0.00;100.00
5311;1668;83.0;51;13.33;8290.0;-2.34;-0.78;50.20;115.2;56.5;0.00;100.00
5322;1671;82.0;51;13.33;8290.0;-2.34;-0.78;50.20;116.9;58.5;0.00;100.00
5339;1673;82.0;51;13.33;8290.0;-2.34;-0.78;50.20;118.6;60.0;0.00;100.00
5350;1676;82.0;51;13.73;8280.0;-2.34;-0.78;50.20;119.8;62.0;0.00;100.00
5361;1679;82.0;51;13.73;8280.0;-2.34;-0.78;50.20;121.0;63.5;0.00;100.00
5378;1681;82.0;51;13.73;8270.0;-1.56;-0.78;50.20;122.1;65.5;0.00;100.00
5389;1684;82.0;51;13.73;8270.0;-1.56;-0.78;50.20;123.3;67.0;0.00;100.00
5400;1687;82.0;51;14.12;8270.0;-1.56;-0.78;49.80;124.5;68.5;0.00;100.00
5415;1691;83.0;51;14.12;8260.0;-1.56;-0.78;49.80;125.7;70.0;0.00;100.00
5430;1694;83.0;51;14.12;8260.0;-1.56;-0.78;49.80;126.9;72.0;0.00;100.00
5440;1697;84.0;51;14.51;8260.0;-1.56;-0.78;49.80;128.1;73.5;0.00;100.00
5451;1700;84.0;51;14.51;8260.0;-1.56;-0.78;49.80;129.3;75.0;0.00;100.00
5459;1703;85.0;51;14.51;8260.0;-1.56;-0.78;49.80;130.5;76.5;0.00;100.00
5470;1706;85.0;51;14.51;8260.0;-1.56;-0.78;49.80;131.7;78.5;0.00;100.00
5481;1710;86.0;51;14.90;8260.0;-1.56;-0.78;50.20;133.1;80.0;0.00;100.00
5490;1713;86.0;51;14.90;8260.0;-1.56;-0.78;50.20;134.5;81.5;0.00;100.00
5506;1716;87.0;51;14.90;8260.0;-2.34;-0.78;50.20;135.9;83.0;0.00;100.00
5521;1724;87.0;51;14.90;8260.0;-2.34;-0.78;50.59;137.4;84.0;0.00;100.00
5531;1733;87.0;51;15.29;8260.0;-2.34;-0.78;50.59;138.8;85.5;0.00;100.00
5540;1741;87.0;51;15.29;8260.0;-2.34;-0.78;50.98;140.2;87.0;0.00;100.00
5552;1749;87.0;51;15.29;8260.0;-2.34;-0.78;50.98;141.6;88.5;0.00;100.00
5572;1758;87.0;51;15.29;8260.0;-2.34;-0.78;50.98;143.0;90.0;0.00;100.00
5590;1766;87.0;51;14.90;8260.0;-2.34;-0.78;51.37;144.5;91.5;0.00;100.00
5599;1774;87.0;51;14.90;8260.0;-2.34;-0.78;51.37;145.9;92.5;0.00;100.00
5611;1783;87.0;51;14.90;8260.0;-2.34;-0.78;50.98;147.3;94.0;0.00;100.00
5622;1791;87.0;51;14.90;8260.0;-2.34;-0.78;50.98;147.3;95.5;0.00;100.00
5642;1799;87.0;51;14.90;8260.0;-2.34;-0.78;50.59;147.3;95.5;0.00;100.00
5666;1808;87.0;51;14.90;8260.0;-1.56;-0.78;50.20;147.3;95.5;0.00;100.00
5681;1811;87.0;51;14.51;8260.0;-1.56;-0.78;50.20;147.4;96.0;0.00;100.00
5689;1814;87.0;51;14.51;8260.0;-1.56;-0.78;49.80;147.4;96.0;0.00;100.00
5701;1817;87.0;51;14.51;8260.0;-1.56;-0.78;49.80;147.4;96.0;0.00;100.00
5710;1820;86.0;51;14.51;8260.0;-1.56;-0.78;49.41;147.4;96.0;0.00;100.00
5721;1823;86.0;51;14.51;8260.0;-1.56;-0.78;49.02;147.4;96.0;0.00;100.00
5730;1826;86.0;51;14.51;8260.0;-1.56;-0.78;49.02;147.4;96.0;0.00;100.00
5741;1829;86.0;51;14.51;8260.0;-1.56;-0.78;48.63;147.4;96.5;0.00;100.00
5750;1832;86.0;51;14.51;8260.0;-1.56;-0.78;48.63;147.4;96.5;0.00;100.00
5760;1835;86.0;51;14.51;8260.0;-1.56;-0.78;48.24;147.4;96.5;0.00;100.00
5771;1838;85.0;51;14.51;8260.0;-1.56;-0.78;48.24;147.4;96.5;0.00;100.00
5787;1841;85.0;51;14.51;8260.0;-2.34;-0.78;47.84;147.4;96.5;0.00;100.00
5801;1843;85.0;51;14.51;8260.0;-2.34;-0.78;47.84;147.4;96.5;0.00;100.00
5813;1845;86.0;51;14.51;8260.0;-2.34;-0.78;47.45;147.4;96.5;0.00;100.00
5831;1847;86.0;51;14.51;8260.0;-2.34;-0.78;47.45;147.5;96.5;0.00;100.00
5840;1849;87.0;51;14.90;8260.0;-2.34;-0.78;47.06;147.5;96.5;0.00;100.00
5851;1851;87.0;51;15.29;8260.0;-2.34;-0.78;47.06;147.5;96.5;0.00;100.00
5859;1853;88.0;51;15.69;8260.0;-2.34;-0.78;46.67;147.5;96.5;0.00;100.00
5871;1855;88.0;51;16.08;8260.0;-2.34;-0.78;46.67;147.5;96.5;0.00;100.00
5881;1857;89.0;51;16.47;8260.0;-2.34;-0.78;47.45;147.5;96.5;0.00;100.00
5890;1859;89.0;51;16.86;8260.0;-2.34;-0.78;48.24;147.5;96.5;0.00;100.00
5899;1861;90.0;51;17.25;8260.0;-2.34;-0.78;49.02;147.5;96.5;0.00;100.00
5916;1863;90.0;51;17.65;8260.0;-2.34;-0.78;49.80;147.5;96.5;0.00;100.00
5931;1865;91.0;51;18.04;8260.0;-2.34;-0.78;50.59;147.5;96.5;0.00;100.00
5940;1867;91.0;51;18.43;8260.0;-2.34;-0.78;50.98;147.5;96.5;0.00;100.00
5951;1868;92.0;51;18.82;8260.0;-2.34;-0.78;51.76;147.5;96.5;0.00;100.00
5960;1870;92.0;51;19.61;8260.0;-2.34;-0.78;52.55;147.5;97.0;0.00;100.00
5971;1872;93.0;51;20.39;8250.0;-2.34;-0.78;53.33;147.5;97.0;0.00;100.00
5980;1874;93.0;51;21.18;8250.0;-2.34;-0.78;54.12;147.5;97.0;0.00;100.00
5991;1876;94.0;51;21.96;8240.0;-2.34;-0.78;54.90;147.5;97.0;0.00;100.00
6001;1878;94.0;51;22.75;8230.0;-2.34;-0.78;54.90;147.5;97.0;0.00;100.00
6012;1879;95.0;51;23.53;8230.0;-2.34;-0.78;54.90;147.5;97.0;0.00;100.00
6031;1881;95.0;51;24.31;8220.0;-2.34;-0.78;54.90;147.5;97.0;0.00;100.00
6045;1883;96.0;51;25.10;8220.0;-1.56;-0.78;54.90;147.5;97.0;0.00;100.00
6060;1875;96.0;51;25.88;8210.0;-1.56;-0.78;54.90;147.5;97.0;0.00;100.00
6071;1866;96.0;51;26.67;8200.0;-1.56;-0.78;54.51;147.5;97.0;0.00;100.00
6081;1858;96.0;51;27.45;8200.0;-1.56;-0.78;54.51;147.5;97.0;0.00;100.00
6092;1849;97.0;51;27.84;8190.0;-1.56;-0.78;54.51;147.5;97.0;0.00;100.00
6100;1841;97.0;51;27.84;8110.0;-1.56;-0.78;54.51;147.5;97.0;0.00;100.00
6109;1832;97.0;51;28.24;8030.0;-1.56;-0.78;54.51;147.5;97.0;0.00;100.00
6121;1824;97.0;51;28.24;7940.0;-1.56;-0.78;54.51;147.5;97.0;0.00;100.00
6131;1815;97.0;51;28.63;7860.0;-1.56;-0.78;54.51;147.5;97.0;0.00;100.00
6141;1807;97.0;51;28.63;7780.0;-1.56;-0.78;54.90;147.4;97.0;0.00;100.00
6150;1798;98.0;51;29.02;7700.0;-1.56;-0.78;54.90;147.4;97.0;41.18;58.82
6165;1790;98.0;51;29.02;7620.0;-0.78;-0.78;55.29;147.4;97.0;41.18;58.82
6180;1776;98.0;51;29.41;7540.0;-0.78;0.00;55.29;147.3;97.0;41.18;58.82
6192;1763;98.0;51;29.41;7450.0;-0.78;0.00;55.69;147.3;97.0;41.18;58.82
6211;1749;98.0;51;29.80;7370.0;-0.78;0.00;55.69;147.3;97.0;41.18;58.82
6220;1736;99.0;51;29.80;7290.0;-0.78;0.00;56.08;147.2;97.5;41.18;58.82
6232;1722;99.0;51;29.80;7280.0;-0.78;0.00;56.08;147.2;97.5;41.18;58.82
6241;1708;99.0;51;29.41;7270.0;-0.78;0.00;56.47;147.2;97.5;41.18;58.82
6251;1695;99.0;51;29.41;7260.0;-0.78;0.00;56.47;147.1;97.5;41.18;58.82
6261;1681;99.0;51;29.41;7250.0;-1.56;0.00;56.86;147.1;97.5;41.18;58.82
6272;1668;99.0;51;29.41;7240.0;-1.56;-0.78;57.25;147.1;97.5;41.18;58.82
6291;1654;100.0;51;29.41;7230.0;-1.56;-0.78;58.04;147.1;97.5;58.82;41.18
6306;1641;100.0;51;29.41;7220.0;-1.56;-0.78;58.43;147.0;97.5;58.82;41.18
6320;1635;100.0;51;29.02;7210.0;-1.56;-0.78;58.82;147.0;97.5;58.82;41.18
6331;1628;100.0;51;29.02;7200.0;-1.56;-0.78;59.22;147.0;97.5;58.82;41.18
6340;1622;100.0;51;29.02;7190.0;-2.34;-0.78;59.61;147.0;97.5;58.82;41.18
6350;1616;100.0;51;28.63;7180.0;-2.34;-1.56;60.00;147.0;97.5;58.82;41.18
6361;1610;100.0;51;28.63;7280.0;-2.34;-1.56;60.78;146.9;97.5;58.82;41.18
6370;1604;100.0;51;28.24;7380.0;-2.34;-1.56;61.18;146.9;97.5;58.82;41.18
6381;1598;101.0;51;27.84;7470.0;-2.34;-1.56;61.57;146.9;97.5;58.82;41.18
6390;1592;101.0;51;27.84;7570.0;-2.34;-1.56;62.35;146.9;97.5;58.82;41.18
6399;1586;101.0;51;27.45;7670.0;-2.34;-1.56;62.75;146.9;97.5;58.82;41.18
6415;1580;101.0;51;27.45;7770.0;-2.34;-1.56;63.53;146.9;97.5;67.84;32.16
6435;1574;101.0;51;27.06;7870.0;-2.34;-1.56;63.92;146.9;97.5;67.84;32.16
6450;1579;101.0;51;26.67;7970.0;-2.34;-0.78;64.71;146.9;97.5;67.84;32.16
6462;1585;101.0;51;26.67;8060.0;-2.34;-0.78;65.10;146.9;97.5;67.84;32.16
6470;1590;102.0;51;26.27;8160.0;-2.34;-0.78;65.88;146.9;97.5;67.84;32.16
6482;1595;102.0;51;26.67;8260.0;-2.34;-0.78;66.27;146.9;97.5;67.84;32.16
6488;1600;102.0;51;27.45;8520.0;-2.34;-0.78;67.06;146.9;97.5;67.84;32.16
6498;1606;102.0;51;27.84;8780.0;-2.34;-0.78;67.45;146.9;97.5;67.84;32.16
6512;1611;103.0;51;28.24;9040.0;-2.34;-0.78;68.24;146.9;97.5;67.84;32.16
6522;1616;103.0;50;28.63;9300.0;-1.56;-0.78;68.24;146.9;97.5;67.84;32.16
6529;1622;103.0;50;29.41;9560.0;-1.56;0.00;67.84;146.1;97.5;67.84;32.16
6538;1627;103.0;50;29.80;9810.0;-1.56;0.00;67.84;145.3;97.5;74.12;25.88
6555;1632;104.0;50;30.20;10070.0;-1.56;0.00;67.84;144.5;97.5;74.12;25.88
6568;1641;104.0;50;30.59;10330.0;-1.56;0.00;67.45;143.8;97.5;74.12;25.88
6582;1651;104.0;50;31.37;10590.0;-1.56;0.00;67.45;143.0;97.5;74.12;25.88
6600;1660;104.0;50;31.76;10850.0;-0.78;0.00;67.06;142.2;97.5;74.12;25.88
6615;1669;105.0;50;31.76;11110.0;-0.78;0.78;67.06;141.4;97.5;74.12;25.88
6631;1678;105.0;50;31.76;11170.0;-0.78;0.78;67.06;140.7;97.5;74.12;25.88
6641;1687;105.0;50;31.76;11220.0;-0.78;0.78;66.67;139.9;97.5;74.12;25.88
6648;1696;105.0;50;31.76;11280.0;-0.78;0.78;66.67;139.1;97.5;74.12;25.88
6664;1705;105.0;50;31.76;11340.0;-0.78;0.78;66.27;138.3;97.5;74.12;25.88
6681;1714;105.0;50;32.16;11400.0;-0.78;0.78;66.27;137.1;97.5;74.12;25.88
6688;1723;106.0;50;32.16;11450.0;-0.78;0.78;65.88;135.8;97.5;87.06;12.94
6706;1732;106.0;50;32.16;11510.0;-0.78;0.78;65.49;134.6;97.5;87.06;12.94
6719;1738;106.0;50;32.16;11570.0;-0.78;1.56;65.10;133.4;97.5;87.06;12.94
6730;1745;106.0;50;32.16;11630.0;-0.78;1.56;65.10;132.1;97.5;87.06;12.94
6739;1751;106.0;50;32.16;11680.0;-0.78;1.56;64.71;130.9;97.5;87.06;12.94
6748;1757;106.0;50;31.76;11740.0;-0.78;1.56;64.31;129.6;97.5;87.06;12.94
6761;1763;106.0;50;30.98;11830.0;-0.78;1.56;63.92;128.4;97.5;87.06;12.94
6769;1769;106.0;50;30.59;11930.0;-0.78;1.56;63.92;127.2;97.5;87.06;12.94
6781;1775;105.0;50;30.20;12020.0;-0.78;1.56;63.53;125.9;97.5;87.06;12.94
6791;1781;105.0;50;29.41;12120.0;-0.78;1.56;63.14;124.7;97.5;87.06;12.94
6800;1787;105.0;50;29.02;12210.0;-0.78;1.56;62.75;124.2;97.5;87.06;12.94
6812;1793;105.0;50;28.24;12310.0;-0.78;1.56;62.35;123.6;97.5;87.84;12.16
6836;1799;105.0;50;27.84;12400.0;-0.78;1.56;61.96;123.1;97.0;87.84;12.16
6849;1801;105.0;50;27.45;12500.0;-0.78;1.56;61.57;122.5;97.0;87.84;12.16
6861;1803;105.0;50;26.67;12590.0;-0.78;1.56;61.57;122.0;97.0;87.84;12.16
6870;1805;105.0;50;26.27;12690.0;-0.78;1.56;61.18;121.5;97.0;87.84;12.16
6879;1807;105.0;50;26.27;12780.0;-0.78;1.56;60.78;120.9;96.5;87.84;12.16
6889;1809;105.0;50;25.88;12840.0;-0.78;1.56;60.39;120.4;96.5;87.84;12.16
6899;1811;105.0;50;25.88;12900.0;-0.78;1.56;60.00;119.9;96.5;87.84;12.16
6911;1813;105.0;50;25.49;12960.0;-0.78;1.56;59.61;119.3;96.5;87.84;12.16
6920;1815;105.0;50;25.49;13020.0;-0.78;1.56;59.61;118.8;96.0;87.84;12.16
6929;1818;105.0;50;25.10;13080.0;-0.78;1.56;59.61;118.7;96.0;87.84;12.16
6939;1820;105.0;50;25.10;13140.0;-0.78;1.56;59.61;118.6;95.5;89.02;10.98
6955;1822;105.0;50;24.71;13200.0;-0.78;1.56;59.61;118.5;95.0;89.02;10.98
6969;1823;105.0;50;24.71;13260.0;-0.78;2.34;59.61;118.5;94.5;89.02;10.98
6980;1825;105.0;50;24.31;13320.0;-0.78;2.34;60.00;118.4;94.0;89.02;10.98
6988;1827;105.0;50;24.31;13380.0;-0.78;2.34;60.00;118.3;93.5;89.02;10.98
6999;1829;105.0;50;23.92;13440.0;-0.78;2.34;60.00;118.2;92.5;89.02;10.98
7010;1831;105.0;50;23.92;13440.0;-0.78;2.34;60.00;118.1;92.0;89.02;10.98
7019;1833;105.0;50;23.53;13440.0;-0.78;2.34;60.00;118.0;91.5;89.02;10.98
7029;1835;104.0;50;23.53;13440.0;-0.78;2.34;60.00;118.0;91.0;89.02;10.98
7041;1837;104.0;50;23.14;13440.0;0.00;2.34;60.00;117.9;90.5;89.02;10.98
7049;1838;104.0;50;23.14;13440.0;0.00;2.34;60.00;118.0;90.0;89.02;10.98
7058;1840;104.0;50;22.75;13440.0;0.00;2.34;59.61;118.1;90.0;89.02;10.98
7075;1842;104.0;50;22.75;13440.0;0.00;2.34;59.61;118.1;90.0;89.02;10.98
7089;1844;104.0;50;22.35;13440.0;0.00;3.13;59.61;118.2;90.0;89.02;10.98
7098;1846;104.0;50;22.35;13440.0;0.00;3.13;59.61;118.3;90.0;89.02;10.98
7110;1849;104.0;50;21.96;13440.0;0.78;3.13;59.61;118.4;90.0;89.02;10.98
7121;1851;104.0;50;21.96;13440.0;0.78;3.13;59.61;118.5;89.5;89.02;10.98
7130;1853;104.0;50;21.96;13450.0;0.78;3.13;59.22;118.6;89.5;89.02;10.98
7140;1855;104.0;50;21.96;13470.0;0.78;3.13;59.22;118.6;89.5;89.02;10.98
7149;1857;104.0;50;21.96;13480.0;0.78;3.13;59.22;118.7;89.5;89.02;10.98
7161;1859;104.0;50;21.96;13490.0;0.78;3.13;59.22;118.8;89.5;89.02;10.98
7170;1861;104.0;50;21.57;13500.0;0.78;3.13;59.22;118.8;89.5;89.02;10.98
7179;1863;104.0;50;21.57;13520.0;0.78;3.13;59.22;118.8;89.5;89.02;10.98
7197;1866;104.0;50;21.57;13530.0;1.56;3.13;59.22;118.8;89.5;89.02;10.98
7212;1867;104.0;50;21.57;13540.0;1.56;2.34;59.22;118.8;89.0;89.02;10.98
7229;1869;104.0;50;21.57;13550.0;1.56;2.34;58.82;118.9;89.0;89.02;10.98
7238;1870;104.0;50;21.57;13570.0;1.56;2.34;58.82;118.9;89.0;89.02;10.98
7248;1872;104.0;50;21.57;13580.0;1.56;2.34;58.82;118.9;89.0;89.02;10.98
7260;1874;104.0;50;21.57;13640.0;1.56;2.34;58.82;118.9;89.0;89.02;10.98
7269;1875;104.0;50;21.57;13690.0;1.56;2.34;58.82;118.9;89.0;89.02;10.98
7280;1877;105.0;50;21.57;13750.0;1.56;2.34;58.82;118.9;88.5;89.02;10.98
7289;1878;105.0;50;21.57;13810.0;1.56;2.34;58.82;118.9;88.5;89.02;10.98
7300;1880;105.0;50;21.18;13870.0;1.56;2.34;58.82;118.9;88.5;89.02;10.98
7310;1882;105.0;50;21.18;13920.0;1.56;2.34;58.43;118.9;88.5;89.02;10.98
7325;1883;105.0;50;21.18;13980.0;1.56;2.34;58.43;118.9;88.5;89.02;10.98
7339;1885;105.0;50;21.18;14040.0;1.56;2.34;58.43;118.9;88.5;89.02;10.98
7352;1886;105.0;50;21.18;14100.0;1.56;2.34;58.43;118.9;88.5;89.02;10.98
7359;1888;105.0;50;21.18;14150.0;1.56;2.34;58.43;119.0;88.5;89.02;10.98
7371;1889;105.0;50;21.18;14210.0;1.56;2.34;58.43;119.0;88.0;89.02;10.98
7379;1891;105.0;50;21.18;14190.0;1.56;2.34;58.04;119.0;88.0;89.02;10.98
7390;1892;105.0;50;21.18;14180.0;1.56;2.34;58.04;119.0;88.0;89.02;10.98
7401;1894;105.0;50;21.18;14160.0;1.56;2.34;58.04;119.0;88.0;89.02;10.98
7414;1895;105.0;49;21.18;14150.0;1.56;2.34;58.04;119.0;88.0;89.02;10.98
7430;1897;105.0;49;20.78;14130.0;1.56;2.34;58.04;118.9;88.0;89.02;10.98
7439;1898;105.0;49;20.78;14120.0;1.56;2.34;57.65;118.9;88.0;90.20;9.80
7456;1900;105.0;49;20.78;14100.0;1.56;2.34;57.65;118.8;88.0;90.20;9.80
7468;1901;105.0;49;20.78;14090.0;1.56;2.34;57.65;118.7;88.0;90.20;9.80
7480;1902;105.0;49;20.78;14070.0;1.56;2.34;57.65;118.6;88.0;90.20;9.80
7490;1903;105.0;49;20.78;14060.0;1.56;2.34;57.65;118.5;88.0;90.20;9.80
7500;1904;104.0;49;20.39;14040.0;1.56;2.34;57.65;118.5;87.5;90.20;9.80
7511;1906;104.0;49;20.39;14010.0;1.56;2.34;57.25;118.4;87.5;90.20;9.80
7520;1907;104.0;49;20.00;13980.0;1.56;2.34;57.25;118.3;87.5;90.20;9.80
7530;1908;104.0;49;20.00;13950.0;1.56;2.34;57.25;118.2;87.5;90.20;9.80
7539;1909;104.0;49;19.61;13920.0;1.56;2.34;57.25;118.2;87.5;90.20;9.80
7548;1910;104.0;49;19.61;13890.0;1.56;2.34;57.25;117.6;87.5;90.20;9.80
7560;1911;103.0;49;19.22;13870.0;1.56;2.34;56.86;117.0;87.0;90.20;9.80
7575;1913;103.0;49;19.22;13840.0;1.56;2.34;56.86;116.5;86.0;90.20;9.80
7590;1911;103.0;49;18.82;13810.0;1.56;2.34;56.86;115.9;85.5;90.20;9.80
7601;1909;102.0;49;18.82;13780.0;1.56;2.34;56.86;115.4;84.5;90.20;9.80
7612;1907;101.0;49;18.43;13750.0;1.56;2.34;56.86;114.8;84.0;90.20;9.80
7618;1905;101.0;49;18.04;13720.0;1.56;2.34;56.86;114.3;83.0;90.20;9.80
7630;1903;100.0;49;18.04;13500.0;1.56;2.34;56.47;113.7;82.5;90.20;9.80
7640;1901;99.0;49;17.65;13280.0;1.56;2.34;56.47;113.1;81.5;90.20;9.80
7650;1900;98.0;49;17.25;13070.0;1.56;2.34;56.47;112.6;81.0;90.20;9.80
7663;1898;97.0;49;16.86;12850.0;1.56;2.34;56.08;112.0;80.0;90.20;9.80
7680;1896;96.0;49;16.86;12630.0;1.56;2.34;55.29;112.1;79.5;90.20;9.80
7689;1894;96.0;49;16.47;12410.0;1.56;2.34;54.90;112.1;79.5;83.14;16.86
7705;1892;95.0;49;16.08;12190.0;1.56;2.34;54.51;112.1;79.0;83.14;16.86
7719;1887;94.0;49;15.69;11970.0;1.56;2.34;54.12;112.1;79.0;83.14;16.86
7730;1882;94.0;49;15.69;11760.0;1.56;2.34;53.33;112.1;79.0;83.14;16.86
7739;1877;94.0;49;15.29;11540.0;1.56;2.34;52.94;112.2;78.5;83.14;16.86
7750;1871;94.0;49;15.29;11320.0;1.56;2.34;52.55;112.2;78.5;83.14;16.86
7761;1866;94.0;49;15.29;11240.0;1.56;2.34;52.16;112.2;78.0;83.14;16.86
7770;1861;94.0;49;15.29;11160.0;1.56;2.34;51.37;112.2;78.0;83.14;16.86
7780;1856;94.0;49;15.29;11070.0;1.56;2.34;50.98;112.3;78.0;83.14;16.86
7789;1851;94.0;49;15.29;10990.0;1.56;2.34;51.37;112.3;77.5;83.14;16.86
7801;1846;94.0;49;15.29;10910.0;1.56;2.34;51.37;112.1;77.5;83.14;16.86
7812;1841;94.0;49;15.29;10830.0;1.56;2.34;51.76;111.8;77.5;80.00;20.00
7827;1835;94.0;49;15.29;10750.0;1.56;2.34;52.16;111.6;77.5;80.00;20.00
7839;1828;94.0;49;15.29;10670.0;1.56;1.56;52.55;111.4;77.5;80.00;20.00
7851;1820;94.0;49;15.29;10580.0;1.56;1.56;52.55;111.2;77.5;80.00;20.00
7861;1813;94.0;49;15.29;10500.0;1.56;1.56;52.94;111.0;77.5;80.00;20.00
7869;1805;93.0;49;15.29;10420.0;1.56;1.56;53.33;110.7;77.5;80.00;20.00
7880;1798;93.0;49;14.90;10300.0;1.56;1.56;53.73;110.5;77.5;80.00;20.00
7890;1790;93.0;49;14.90;10180.0;1.56;1.56;53.73;110.3;77.5;80.00;20.00
7900;1783;93.0;49;14.51;10060.0;1.56;1.56;54.12;110.1;77.5;80.00;20.00
7911;1775;93.0;49;14.51;9940.0;0.78;0.78;54.12;109.8;77.5;80.00;20.00
7920;1767;93.0;49;14.12;9820.0;0.78;0.78;54.12;109.6;77.5;80.00;20.00
7930;1760;92.0;49;14.12;9700.0;0.78;0.78;53.73;109.3;76.5;78.04;21.96
7944;1752;92.0;49;13.73;9580.0;0.78;0.00;53.73;109.1;75.5;78.04;21.96
7959;1742;92.0;49;13.73;9460.0;0.78;0.00;53.73;108.8;74.5;78.04;21.96
7968;1731;92.0;49;13.33;9340.0;0.78;-0.78;53.73;108.6;73.5;78.04;21.96
7980;1720;92.0;49;13.33;9220.0;0.00;-0.78;53.73;108.3;72.5;78.04;21.96
7988;1710;92.0;49;13.33;9100.0;0.00;-0.78;53.73;108.1;72.0;78.04;21.96
8000;1699;92.0;49;13.73;8980.0;0.00;-1.56;53.33;107.8;71.0;78.04;21.96
8012;1688;92.0;49;13.73;8860.0;0.00;-1.56;53.33;107.6;70.0;78.04;21.96
8029;1677;91.0;49;13.73;8740.0;0.00;-1.56;53.33;107.4;69.0;78.04;21.96
8040;1667;91.0;49;13.73;8620.0;0.00;-1.56;53.33;107.1;68.0;78.04;21.96
8053;1656;91.0;49;14.12;8500.0;0.00;-1.56;53.33;107.1;67.0;78.04;21.96
8069;1645;91.0;49;14.12;8370.0;0.00;-1.56;53.33;107.1;67.0;70.20;29.80
8085;1635;91.0;49;14.12;8250.0;-0.78;-1.56;53.33;107.1;67.5;70.20;29.80
8101;1632;91.0;49;14.12;8130.0;-0.78;-2.34;53.33;107.1;67.5;70.20;29.80
8114;1629;91.0;49;14.51;8010.0;-0.78;-2.34;53.33;107.1;67.5;70.20;29.80
8131;1625;91.0;49;14.51;7890.0;-0.78;-2.34;53.33;107.1;67.5;70.20;29.80
8140;1622;91.0;49;14.51;7770.0;-0.78;-2.34;53.33;107.2;68.0;70.20;29.80
8150;1619;91.0;49;14.12;7680.0;-0.78;-2.34;53.33;107.2;68.0;70.20;29.80
8162;1616;91.0;49;14.12;7600.0;-0.78;-2.34;53.33;107.2;68.0;70.20;29.80
8180;1613;91.0;49;14.12;7510.0;-0.78;-2.34;53.33;107.2;68.0;70.20;29.80
8189;1610;91.0;49;14.12;7430.0;-0.78;-2.34;53.73;107.2;68.5;70.20;29.80
8200;1607;91.0;49;13.73;7340.0;-0.78;-2.34;53.73;107.0;68.5;70.20;29.80
8212;1604;91.0;49;13.73;7260.0;-0.78;-2.34;54.12;106.8;68.0;50.98;49.02
8227;1601;91.0;49;13.73;7170.0;0.00;-2.34;54.51;106.7;68.0;50.98;49.02
8240;1599;91.0;49;13.73;7090.0;0.00;-1.56;54.90;106.5;67.5;50.98;49.02
8248;1597;91.0;49;13.33;7000.0;0.00;-1.56;54.90;106.3;67.0;50.98;49.02
8260;1595;91.0;49;13.33;6920.0;0.00;-1.56;55.29;106.1;66.5;50.98;49.02
8269;1593;91.0;49;13.33;6830.0;0.00;-1.56;55.69;105.9;66.5;50.98;49.02
8280;1590;91.0;49;13.33;6760.0;0.00;-1.56;56.08;105.8;66.0;50.98;49.02
8290;1588;91.0;49;13.73;6700.0;0.00;-1.56;56.08;105.6;65.5;50.98;49.02
8299;1586;90.0;49;13.73;6630.0;0.00;-1.56;56.47;105.4;65.0;50.98;49.02
8309;1584;90.0;49;13.73;6560.0;0.00;-1.56;56.47;105.2;65.0;50.98;49.02
8319;1582;90.0;49;13.73;6500.0;0.00;-1.56;56.47;105.8;64.5;50.98;49.02
8330;1580;90.0;49;13.73;6430.0;0.00;-1.56;56.47;106.5;65.0;47.84;52.16
8346;1578;90.0;49;13.73;6370.0;0.00;-1.56;56.47;107.1;65.0;47.84;52.16
8360;1579;90.0;49;14.12;6300.0;0.00;-1.56;56.47;107.7;65.5;47.84;52.16
8370;1580;90.0;49;14.12;6230.0;0.00;-1.56;56.08;108.3;66.0;47.84;52.16
8379;1582;91.0;49;14.12;6170.0;0.00;-1.56;56.08;108.9;66.0;47.84;52.16
8389;1583;91.0;49;14.51;6100.0;0.00;-1.56;56.08;109.6;66.5;47.84;52.16
8398;1585;92.0;49;14.51;6090.0;0.00;-1.56;56.08;110.2;66.5;47.84;52.16
8413;1586;92.0;49;14.90;6080.0;0.00;-1.56;56.08;110.8;67.0;47.84;52.16
8431;1587;93.0;49;15.29;6060.0;0.00;-1.56;56.08;111.4;67.5;47.84;52.16
8439;1589;93.0;48;15.29;6050.0;0.00;-1.56;56.47;112.0;67.5;47.84;52.16
8451;1590;94.0;48;15.69;6040.0;0.00;-1.56;56.86;112.0;68.0;47.84;52.16
8464;1592;94.0;48;15.69;6030.0;0.00;-1.56;57.25;112.0;69.0;32.94;67.06
8486;1593;95.0;48;16.08;6020.0;-0.78;-1.56;57.65;111.9;69.5;32.94;67.06
8500;1595;95.0;48;16.47;6010.0;-0.78;-1.56;58.04;111.9;70.5;32.94;67.06
8513;1597;95.0;48;16.47;5990.0;-0.78;-1.56;58.82;111.9;71.5;32.94;67.06
8530;1600;95.0;48;16.86;5980.0;-0.78;-1.56;59.22;111.8;72.0;32.94;67.06
8541;1602;95.0;48;16.86;5970.0;-0.78;-1.56;59.61;111.8;73.0;32.94;67.06
8548;1604;95.0;48;16.86;6250.0;-0.78;-1.56;60.00;111.8;73.5;32.94;67.06
8561;1606;95.0;48;16.86;6530.0;-0.78;-1.56;60.39;111.7;74.5;32.94;67.06
8570;1608;96.0;48;16.86;6810.0;-0.78;-1.56;60.78;111.7;75.5;32.94;67.06
8580;1610;96.0;48;16.86;7090.0;-1.56;-1.56;60.78;111.7;76.0;32.94;67.06
8591;1612;96.0;48;16.47;7370.0;-1.56;-1.56;60.78;111.7;77.0;32.94;67.06
8599;1614;96.0;48;16.47;7660.0;-1.56;-1.56;60.78;111.8;77.0;74.12;25.88
8617;1617;96.0;48;16.47;7940.0;-1.56;-1.56;60.78;111.9;77.0;74.12;25.88
8630;1613;96.0;48;16.47;8220.0;-1.56;-2.34;60.78;111.9;77.0;74.12;25.88
8641;1610;96.0;48;16.47;8500.0;-1.56;-2.34;60.39;112.0;77.0;74.12;25.88
8649;1607;96.0;48;16.47;8780.0;-2.34;-2.34;60.39;112.0;77.0;74.12;25.88
8662;1603;96.0;48;16.47;9060.0;-2.34;-2.34;60.39;112.1;77.0;74.12;25.88
8680;1600;96.0;48;16.47;9040.0;-2.34;-2.34;60.39;112.1;77.0;74.12;25.88
8690;1597;96.0;48;16.47;9030.0;-2.34;-2.34;60.39;112.2;77.0;74.12;25.88
8699;1594;96.0;48;16.47;9010.0;-3.13;-2.34;60.39;112.3;77.0;74.12;25.88
8712;1590;96.0;48;16.47;9000.0;-3.13;-2.34;60.39;112.3;77.0;74.12;25.88
8720;1587;96.0;48;16.86;8980.0;-3.13;-2.34;60.78;112.3;77.0;74.12;25.88
8729;1584;96.0;48;16.86;8970.0;-3.13;-2.34;60.78;112.3;77.0;81.96;18.04
8747;1580;96.0;48;16.86;8950.0;-3.91;-2.34;61.18;112.3;77.5;81.96;18.04
8761;1582;96.0;48;16.86;8940.0;-3.91;-1.56;61.18;112.3;77.5;81.96;18.04
8771;1583;96.0;48;16.86;8920.0;-3.91;-1.56;61.57;112.3;77.5;81.96;18.04
8780;1584;96.0;48;16.86;8910.0;-3.91;-1.56;61.57;112.3;77.5;81.96;18.04
8789;1585;96.0;48;16.86;8890.0;-4.69;-1.56;61.96;112.3;78.0;81.96;18.04
8801;1587;96.0;48;16.86;8870.0;-4.69;-1.56;61.96;112.3;78.0;81.96;18.04
8814;1588;96.0;48;16.86;8840.0;-4.69;-1.56;62.35;112.3;78.0;81.96;18.04
8831;1589;95.0;48;16.86;8820.0;-4.69;-1.56;62.35;112.3;78.0;81.96;18.04
8840;1590;95.0;48;16.86;8800.0;-4.69;-1.56;62.35;112.3;78.5;81.96;18.04
8849;1591;95.0;48;16.86;8780.0;-4.69;-1.56;62.35;111.8;78.5;81.96;18.04
8859;1593;95.0;48;16.86;8750.0;-4.69;-1.56;61.96;111.3;78.5;83.14;16.86
8878;1594;95.0;48;16.86;8730.0;-3.91;-1.56;61.96;110.8;78.5;83.14;16.86
8891;1593;95.0;48;16.86;8710.0;-3.91;-0.78;61.96;110.3;78.5;83.14;16.86
8900;1592;95.0;48;16.86;8690.0;-3.91;-0.78;61.96;109.9;78.5;83.14;16.86
8912;1591;95.0;48;16.86;8660.0;-3.91;-0.78;61.96;109.4;78.5;83.14;16.86
8929;1590;94.0;48;16.47;8640.0;-3.91;-0.78;61.96;108.9;78.5;83.14;16.86
8940;1589;94.0;48;16.47;8630.0;-3.91;-0.78;61.57;108.4;78.5;83.14;16.86
8949;1588;94.0;48;16.08;8630.0;-3.91;-0.78;61.57;107.9;78.5;83.14;16.86
8960;1587;94.0;48;16.08;8620.0;-3.91;-0.78;61.57;107.4;78.5;83.14;16.86
8970;1586;94.0;48;15.69;8610.0;-3.13;-0.78;61.57;107.0;78.5;83.14;16.86
8982;1585;94.0;48;15.69;8610.0;-3.13;-0.78;61.57;106.9;78.5;83.14;16.86
8990;1585;93.0;48;15.29;8600.0;-3.13;-0.78;61.57;106.9;77.5;81.96;18.04
9006;1584;93.0;48;15.29;8600.0;-3.13;-0.78;61.57;106.9;77.0;81.96;18.04
9020;1586;93.0;48;14.90;8590.0;-3.13;-0.78;61.57;106.9;76.0;81.96;18.04
9032;1588;93.0;48;14.90;8580.0;-3.13;-0.78;61.57;106.8;75.5;81.96;18.04
9041;1590;93.0;48;14.51;8580.0;-2.34;-0.78;61.57;106.8;74.5;81.96;18.04
9051;1592;92.0;48;14.51;8570.0;-2.34;-0.78;61.57;106.8;74.0;81.96;18.04
9060;1595;92.0;48;14.90;8560.0;-2.34;-0.78;61.57;106.8;73.0;81.96;18.04
9069;1597;92.0;48;14.90;8550.0;-2.34;-0.78;61.57;106.8;72.5;81.96;18.04
9081;1599;92.0;48;14.90;8540.0;-2.34;-0.78;61.57;106.7;71.5;81.96;18.04
9090;1601;92.0;48;14.90;8530.0;-2.34;-0.78;61.18;106.7;71.0;81.96;18.04
9100;1603;92.0;48;15.29;8520.0;-2.34;-0.78;60.78;106.7;70.0;81.96;18.04
9111;1605;91.0;48;15.29;8520.0;-2.34;-0.78;60.39;106.7;70.0;81.18;18.82
9136;1608;91.0;48;15.29;8510.0;-1.56;-0.78;60.00;106.7;70.0;81.18;18.82
9149;1607;91.0;48;15.29;8500.0;-1.56;-0.78;59.61;106.7;70.0;81.18;18.82
9162;1606;91.0;48;15.69;8490.0;-1.56;-0.78;59.22;106.7;70.0;81.18;18.82
9180;1605;91.0;48;15.69;8480.0;-1.56;-0.78;58.82;106.7;70.0;81.18;18.82
9191;1604;91.0;48;15.69;8470.0;-1.56;-0.78;58.43;106.7;70.0;81.18;18.82
9201;1603;91.0;48;15.69;8380.0;-1.56;-0.78;58.04;106.7;70.0;81.18;18.82
9212;1602;91.0;48;15.69;8290.0;-1.56;-0.78;57.65;106.6;70.0;81.18;18.82
9229;1601;92.0;48;15.69;8190.0;-1.56;-0.78;57.25;106.6;70.0;81.18;18.82
9242;1601;92.0;48;15.69;8100.0;-1.56;-0.78;57.25;106.6;70.0;81.18;18.82
9250;1600;92.0;48;15.29;8010.0;-1.56;-0.78;57.25;107.0;70.0;81.18;18.82
9262;1599;92.0;48;15.29;7920.0;-1.56;-0.78;57.25;107.3;70.0;81.18;18.82
9286;1598;92.0;48;15.29;7830.0;-1.56;-0.78;57.25;107.7;70.0;81.18;18.82
9301;1587;92.0;48;15.29;7740.0;-1.56;-1.56;57.25;108.0;70.0;81.18;18.82
9310;1575;92.0;48;15.29;7640.0;-1.56;-1.56;57.25;108.4;70.0;81.18;18.82
9322;1564;92.0;48;15.29;7550.0;-1.56;-1.56;57.25;108.7;70.0;81.18;18.82
9340;1553;93.0;48;15.29;7460.0;-1.56;-1.56;57.25;109.0;70.5;81.18;18.82
9352;1542;93.0;48;15.29;7380.0;-1.56;-1.56;57.25;109.4;70.5;81.18;18.82
9369;1530;93.0;48;15.29;7310.0;-1.56;-1.56;57.25;109.7;70.5;81.18;18.82
9381;1519;93.0;48;15.29;7230.0;-1.56;-1.56;57.25;110.1;70.5;81.18;18.82
9390;1508;93.0;48;15.29;7160.0;-1.56;-1.56;58.04;110.4;70.5;81.18;18.82
9401;1496;93.0;48;15.69;7080.0;-1.56;-1.56;58.43;110.5;70.5;81.18;18.82
9414;1485;94.0;48;15.69;7010.0;-1.56;-1.56;59.22;110.5;71.0;41.96;58.04
9438;1474;94.0;48;15.69;6930.0;-1.56;-1.56;60.00;110.5;71.5;41.96;58.04
9451;1474;94.0;48;15.69;6860.0;-1.56;-0.78;60.39;110.6;72.0;41.96;58.04
9461;1474;94.0;48;15.69;6780.0;-1.56;-0.78;61.18;110.6;72.5;41.96;58.04
9471;1474;94.0;48;15.69;6710.0;-1.56;-0.78;61.57;110.7;73.0;41.96;58.04
9480;1475;94.0;48;15.69;6630.0;-1.56;-0.78;62.35;110.7;73.0;41.96;58.04
9490;1475;94.0;48;15.69;6580.0;-1.56;-0.78;63.14;110.8;73.5;41.96;58.04
9502;1475;94.0;48;16.08;6530.0;-1.56;-0.78;63.53;110.8;74.0;41.96;58.04
9511;1475;95.0;48;16.08;6480.0;-1.56;-0.78;64.31;110.8;74.5;41.96;58.04
9521;1475;95.0;48;16.08;6430.0;-1.56;-0.78;64.31;110.9;75.0;41.96;58.04
9531;1475;95.0;48;16.08;6380.0;-1.56;-0.78;64.31;110.9;75.5;41.96;58.04
9541;1475;95.0;48;16.08;6320.0;-1.56;-0.78;63.92;111.0;76.0;32.94;67.06
9555;1476;95.0;48;16.08;6270.0;-0.78;-0.78;63.92;111.0;76.0;32.94;67.06
9571;1477;95.0;48;16.47;6220.0;-0.78;0.00;63.92;111.0;76.5;32.94;67.06
9579;1478;95.0;48;16.47;6170.0;-0.78;0.00;63.92;111.1;77.0;32.94;67.06
9589;1479;95.0;48;16.47;6120.0;-0.78;0.00;63.92;111.1;77.0;32.94;67.06
9601;1480;95.0;48;16.47;6070.0;-0.78;0.00;63.92;111.2;77.5;32.94;67.06
9613;1481;95.0;48;16.47;6070.0;-0.78;0.00;63.53;111.2;77.5;32.94;67.06
9630;1482;95.0;48;16.08;6070.0;-0.78;0.00;63.53;111.3;78.0;32.94;67.06
9641;1483;96.0;48;16.08;6070.0;-0.78;0.00;63.53;111.3;78.5;32.94;67.06
9650;1484;96.0;48;16.08;6070.0;-0.78;0.00;63.53;111.3;78.5;32.94;67.06
9662;1485;96.0;48;16.08;6070.0;-0.78;0.00;63.14;111.4;79.0;32.94;67.06
9681;1486;96.0;48;16.08;6070.0;-0.78;0.00;63.14;111.4;79.0;16.08;83.92
9694;1487;96.0;48;16.08;6070.0;-1.56;0.00;63.14;111.5;79.0;16.08;83.92
9710;1480;96.0;48;15.69;6070.0;-1.56;-0.78;63.14;111.5;79.5;16.08;83.92
9721;1473;96.0;48;15.69;6070.0;-1.56;-0.78;62.75;111.6;79.5;16.08;83.92
9729;1466;96.0;48;15.69;6070.0;-1.56;-0.78;62.75;111.6;79.5;16.08;83.92
9741;1459;96.0;48;15.69;6070.0;-1.56;-0.78;62.75;111.7;79.5;16.08;83.92
9752;1451;96.0;48;15.69;6070.0;-1.56;-0.78;62.75;111.7;79.5;16.08;83.92
9770;1444;96.0;48;15.69;6070.0;-1.56;-0.78;62.35;111.8;79.5;16.08;83.92
9780;1437;97.0;48;15.69;6070.0;-0.78;-0.78;62.35;111.8;80.0;16.08;83.92
9789;1430;97.0;48;15.69;6070.0;-0.78;-0.78;62.75;111.9;80.0;16.08;83.92
9800;1423;97.0;48;16.08;6070.0;-0.78;-0.78;62.75;111.8;80.0;16.08;83.92
9812;1416;97.0;48;16.08;6070.0;-0.78;-0.78;63.14;111.8;80.0;0.00;100.00
9835;1409;97.0;48;16.08;6070.0;0.00;-0.78;63.53;111.7;80.5;0.00;100.00
9850;1412;97.0;48;16.08;6070.0;0.00;-0.78;63.92;111.7;80.5;0.00;100.00
9862;1414;97.0;48;16.08;6070.0;0.00;-0.78;63.92;111.6;80.5;0.00;100.00
9881;1417;97.0;48;16.08;6070.0;0.00;-0.78;64.31;111.6;80.5;0.00;100.00
9891;1420;97.0;48;16.08;6070.0;0.78;-0.78;64.71;111.6;81.0;0.00;100.00
9900;1422;97.0;48;16.08;6070.0;0.78;-0.78;65.10;111.5;81.0;0.00;100.00
9912;1425;97.0;48;16.08;6080.0;0.78;-0.78;65.10;111.5;81.0;0.00;100.00
9931;1428;96.0;48;16.08;6080.0;0.78;-0.78;65.49;111.4;81.0;0.00;100.00
9940;1431;96.0;48;16.08;6080.0;0.78;-0.78;65.49;111.4;81.5;0.00;100.00
9950;1433;96.0;48;16.08;6080.0;0.78;-0.78;65.49;111.6;81.5;0.00;100.00
9959;1436;96.0;48;16.08;6090.0;0.78;-0.78;65.10;111.8;82.0;0.00;100.00
9975;1439;96.0;48;16.08;6090.0;0.78;-0.78;65.10;112.1;82.0;0.00;100.00
9990;1442;96.0;48;16.08;6090.0;0.78;0.00;65.10;112.3;82.5;0.00;100.00
10001;1445;96.0;48;16.08;6090.0;0.78;0.00;65.10;112.5;83.0;0.00;100.00
10013;1448;96.0;48;16.08;6100.0;0.78;0.00;65.10;112.7;83.5;0.00;100.00
10032;1451;97.0;48;16.47;6100.0;0.78;0.00;65.10;113.0;83.5;0.00;100.00
10050;1454;97.0;48;16.47;6100.0;0.78;0.00;64.71;113.2;84.0;0.00;100.00
10062;1457;97.0;48;16.86;6100.0;0.78;0.00;64.71;113.4;84.5;0.00;100.00
10070;1460;97.0;48;16.86;6100.0;0.78;0.00;64.71;113.6;85.0;0.00;100.00
10082;1463;97.0;48;17.25;6100.0;0.00;0.00;65.10;113.9;85.0;0.00;100.00
10099;1466;97.0;48;17.25;6100.0;0.00;0.00;65.10;113.9;85.5;0.00;100.00
10111;1470;98.0;48;17.65;6100.0;0.00;0.00;65.49;114.0;86.0;0.00;100.00
10126;1473;98.0;48;17.65;6100.0;0.00;0.00;65.88;114.1;86.0;0.00;100.00
10139;1475;98.0;48;18.04;6100.0;0.00;-0.78;65.88;114.2;86.5;0.00;100.00
10149;1477;98.0;48;18.04;6100.0;0.00;-0.78;66.27;114.3;86.5;0.00;100.00
10161;1479;98.0;48;18.43;6100.0;-0.78;-0.78;66.27;114.4;87.0;0.00;100.00
10168;1482;99.0;48;18.43;6100.0;-0.78;-0.78;66.67;114.5;87.0;0.00;100.00
10181;1484;99.0;48;18.43;6100.0;-0.78;-0.78;67.06;114.5;87.5;0.00;100.00
10187;1486;99.0;48;18.82;6110.0;-0.78;-0.78;67.06;114.6;87.5;0.00;100.00
10201;1488;99.0;48;18.82;6110.0;-0.78;-0.78;67.45;114.7;88.0;0.00;100.00
10213;1490;99.0;48;18.82;6110.0;-0.78;-0.78;67.45;114.8;88.0;0.00;100.00
10228;1493;99.0;48;18.82;6120.0;-0.78;-0.78;67.45;114.8;88.5;0.00;100.00
10241;1495;100.0;48;18.82;6120.0;-0.78;-0.78;67.45;114.8;88.5;0.00;100.00
10256;1497;100.0;48;18.82;6130.0;-0.78;-0.78;67.45;114.8;88.5;0.00;100.00
10269;1497;100.0;48;19.22;6130.0;-0.78;-0.78;67.45;114.8;88.5;0.00;100.00
10280;1497;100.0;48;19.22;6130.0;-0.78;-0.78;67.84;114.8;88.5;0.00;100.00
10289;1497;100.0;48;19.22;6140.0;-0.78;-0.78;67.84;114.8;88.5;0.00;100.00
10300;1497;100.0;48;18.82;6140.0;-0.78;-0.78;67.84;114.8;89.0;0.00;100.00
10310;1497;100.0;48;18.82;6140.0;-0.78;-0.78;67.84;114.8;89.0;0.00;100.00
10321;1497;100.0;48;18.43;6140.0;-0.78;-0.78;67.84;114.8;89.0;0.00;100.00
10329;1497;99.0;48;18.04;6140.0;-0.78;-0.78;67.84;114.8;89.0;0.00;100.00
10339;1497;99.0;48;18.04;6140.0;-0.78;-0.78;67.84;114.8;89.0;0.00;100.00
10349;1497;99.0;48;17.65;6140.0;-0.78;-0.78;67.84;114.6;89.0;0.00;100.00
10361;1497;99.0;48;17.65;6140.0;-0.78;-0.78;67.84;114.4;88.5;0.00;100.00
10375;1497;99.0;48;17.25;6140.0;-0.78;-0.78;67.84;114.2;88.0;0.00;100.00
10388;1498;99.0;48;16.86;6140.0;-0.78;-1.56;67.84;114.0;87.5;0.00;100.00
10400;1500;99.0;48;16.86;6140.0;-0.78;-1.56;67.45;113.8;87.0;0.00;100.00
10415;1501;98.0;48;16.47;6140.0;-0.78;-1.56;67.45;113.5;86.5;0.00;100.00
10428;1502;98.0;48;16.47;6140.0;-0.78;-1.56;67.45;113.3;86.5;0.00;100.00
10441;1503;98.0;48;16.47;6140.0;-0.78;-1.56;67.45;113.1;86.0;0.00;100.00
10448;1504;98.0;48;16.47;6140.0;-0.78;-1.56;67.45;112.9;85.5;0.00;100.00
10461;1505;97.0;48;16.47;6140.0;-0.78;-1.56;67.45;112.7;85.0;0.00;100.00
10469;1506;97.0;48;16.47;6140.0;-0.78;-1.56;67.06;112.5;84.5;0.00;100.00
10478;1507;97.0;48;16.08;6140.0;-0.78;-1.56;67.06;112.1;84.0;0.00;100.00
10490;1508;97.0;48;16.08;6140.0;-0.78;-1.56;66.67;111.6;83.5;0.00;100.00
10506;1509;96.0;48;16.08;6140.0;-1.56;-1.56;66.27;111.2;83.0;0.00;100.00
10519;1510;96.0;48;16.08;6140.0;-1.56;-1.56;65.88;110.8;82.5;0.00;100.00
10529;1511;96.0;48;16.08;6140.0;-1.56;-1.56;65.88;110.4;82.0;0.00;100.00
10539;1512;95.0;48;16.08;6140.0;-1.56;-1.56;65.49;110.0;81.5;0.00;100.00
10548;1513;95.0;48;16.08;6140.0;-1.56;-1.56;65.10;109.6;81.0;0.00;100.00
10558;1514;95.0;48;16.08;6140.0;-1.56;-1.56;64.71;109.2;80.5;0.00;100.00
10569;1515;94.0;48;15.69;6150.0;-1.56;-1.56;64.71;108.8;80.0;0.00;100.00
10579;1516;94.0;48;15.69;6150.0;-1.56;-1.56;64.31;108.4;79.5;0.00;100.00
10589;1517;93.0;48;15.69;6150.0;-1.56;-1.56;63.92;107.9;79.0;0.00;100.00
10599;1519;93.0;48;15.69;6150.0;-1.56;-2.34;63.53;107.9;78.5;0.00;100.00
10610;1520;93.0;48;15.69;6160.0;-1.56;-2.34;63.14;107.9;78.5;0.00;100.00
10628;1521;92.0;48;15.69;6160.0;-2.34;-2.34;62.75;107.8;78.0;0.00;100.00
10639;1523;92.0;48;15.29;6160.0;-2.34;-2.34;62.35;107.8;78.0;0.00;100.00
10649;1526;92.0;48;15.29;6160.0;-2.34;-2.34;61.96;107.8;77.5;0.00;100.00
10662;1529;92.0;48;15.29;6170.0;-2.34;-2.34;61.57;107.7;77.5;0.00;100.00
10681;1532;92.0;48;15.29;6170.0;-2.34;-3.13;61.18;107.7;77.0;0.00;100.00
10689;1535;92.0;48;15.29;6150.0;-2.34;-3.13;60.78;107.7;77.0;0.00;100.00
10701;1537;92.0;48;14.90;6130.0;-2.34;-3.13;60.39;107.6;76.5;0.00;100.00
10710;1540;93.0;48;14.90;6120.0;-3.13;-3.13;60.00;107.6;76.5;0.00;100.00
10718;1543;93.0;48;14.90;6100.0;-3.13;-3.13;60.00;107.5;76.0;0.00;100.00
10730;1546;93.0;48;14.90;6080.0;-3.13;-3.91;60.00;107.6;76.0;0.00;100.00
10738;1549;93.0;48;14.90;6060.0;-3.13;-3.91;59.61;107.7;76.0;0.00;100.00
10754;1551;93.0;48;14.90;6040.0;-3.91;-3.91;59.61;107.7;75.5;0.00;100.00
10768;1553;93.0;48;14.51;6020.0;-3.91;-3.91;59.61;107.8;75.5;0.00;100.00
10779;1554;93.0;48;14.51;6010.0;-3.91;-3.91;59.61;107.9;75.5;0.00;100.00
10790;1555;93.0;48;14.51;5990.0;-3.91;-3.91;59.61;107.9;75.5;0.00;100.00
10798;1557;93.0;48;14.51;5970.0;-4.69;-4.69;59.61;108.0;75.0;0.00;100.00
10812;1558;93.0;48;14.51;5900.0;-4.69;-4.69;59.22;108.0;75.0;0.00;100.00
10829;1559;93.0;48;14.90;5830.0;-4.69;-4.69;59.22;108.1;75.0;0.00;100.00
10840;1561;94.0;48;14.90;5760.0;-5.47;-4.69;59.22;108.2;75.0;0.00;100.00
10850;1562;94.0;48;14.90;5690.0;-5.47;-5.47;59.22;108.2;74.5;0.00;100.00
10861;1563;94.0;48;14.90;5620.0;-5.47;-5.47;58.82;108.3;74.5;0.00;100.00
10881;1565;94.0;48;14.90;5550.0;-6.25;-5.47;58.82;108.3;74.5;36.08;63.92
10905;1566;94.0;48;14.90;5480.0;-6.25;-5.47;58.43;108.4;74.5;36.08;63.92
10919;1567;94.0;48;15.29;5410.0;-7.03;-6.25;58.43;108.4;75.0;36.08;63.92
10930;1568;94.0;48;15.29;5340.0;-7.03;-6.25;58.04;108.5;75.0;36.08;63.92
10940;1569;94.0;48;15.29;5270.0;-7.03;-6.25;58.04;108.5;75.0;36.08;63.92
10952;1570;94.0;48;15.29;5200.0;-7.81;-6.25;57.65;108.6;75.0;36.08;63.92
10972;1571;94.0;48;15.29;5150.0;-7.81;-7.03;57.65;108.6;75.0;36.08;63.92
10989;1573;94.0;48;15.29;5090.0;-7.81;-7.03;57.25;108.6;75.0;36.08;63.92
11000;1574;94.0;48;15.29;5040.0;-8.59;-7.03;57.25;108.7;75.5;36.08;63.92
11011;1575;94.0;48;15.29;4990.0;-8.59;-7.81;57.25;108.7;75.5;36.08;63.92
11022;1576;94.0;48;15.69;4930.0;-8.59;-7.81;57.25;108.5;75.5;36.08;63.92
11043;1577;94.0;48;15.69;4880.0;-8.59;-7.81;56.86;108.3;75.5;36.08;63.92
11066;1578;94.0;48;15.69;4820.0;-9.38;-7.81;56.86;108.1;75.5;36.08;63.92
11081;1562;94.0;48;15.69;4770.0;-9.38;-8.59;56.86;107.9;75.5;36.08;63.92
11090;1546;94.0;48;15.69;4720.0;-9.38;-8.59;56.86;107.7;75.5;36.08;63.92
11102;1530;94.0;48;15.69;4660.0;-9.38;-8.59;56.86;107.5;75.5;36.08;63.92
11121;1514;94.0;48;15.69;4610.0;-10.16;-8.59;56.86;107.3;75.0;36.08;63.92
11129;1498;94.0;48;15.29;4600.0;-10.16;-9.38;56.47;107.0;75.0;36.08;63.92
11139;1481;94.0;48;15.29;4580.0;-10.16;-9.38;56.47;106.8;75.0;36.08;63.92
11150;1465;94.0;48;15.29;4570.0;-10.16;-9.38;56.47;106.6;75.0;36.08;63.92
11162;1449;94.0;48;14.90;4560.0;-10.16;-9.38;56.86;106.4;75.0;36.08;63.92
11180;1433;94.0;48;14.90;4550.0;-10.16;-9.38;57.25;106.7;75.0;36.08;63.92
11189;1417;94.0;48;14.51;4530.0;-10.16;-9.38;58.04;107.0;75.0;30.20;69.80
11205;1401;94.0;48;14.51;4520.0;-9.38;-9.38;58.43;107.3;75.0;30.20;69.80
11219;1402;94.0;48;14.51;4510.0;-9.38;-9.38;58.82;107.5;75.0;30.20;69.80
11229;1403;94.0;48;14.12;4500.0;-9.38;-9.38;59.22;107.8;75.0;30.20;69.80
11240;1403;94.0;48;14.12;4480.0;-9.38;-9.38;59.61;108.1;75.0;30.20;69.80
11250;1404;94.0;48;14.12;4470.0;-9.38;-9.38;60.00;108.4;74.5;30.20;69.80
11261;1405;94.0;48;14.51;4460.0;-9.38;-9.38;60.78;108.7;74.5;30.20;69.80
11271;1406;94.0;48;14.51;4450.0;-9.38;-9.38;61.18;109.0;74.5;30.20;69.80
11280;1407;94.0;48;14.51;4440.0;-9.38;-9.38;61.57;109.3;74.5;30.20;69.80
11289;1407;94.0;48;14.90;4430.0;-8.59;-9.38;61.57;109.5;74.5;30.20;69.80
11298;1408;94.0;48;14.90;4420.0;-8.59;-8.59;61.57;109.4;74.5;30.20;69.80
11310;1409;94.0;48;15.29;4410.0;-8.59;-8.59;61.96;109.4;74.5;30.20;69.80
11325;1410;94.0;48;15.29;4400.0;-8.59;-8.59;61.96;109.3;74.5;30.20;69.80
11340;1409;94.0;48;15.29;4390.0;-8.59;-8.59;61.96;109.2;74.5;30.20;69.80
11351;1408;94.0;48;15.69;4380.0;-8.59;-8.59;61.96;109.1;74.5;30.20;69.80
11360;1408;94.0;48;15.69;4370.0;-7.81;-8.59;61.96;109.0;74.5;30.20;69.80
11369;1407;94.0;48;15.69;4360.0;-7.81;-7.81;61.96;108.9;75.0;30.20;69.80
11379;1406;94.0;48;15.69;4360.0;-7.81;-7.81;62.35;108.8;75.0;30.20;69.80
11388;1406;94.0;48;15.69;4360.0;-7.81;-7.81;62.35;108.8;75.0;30.20;69.80
11400;1405;94.0;48;15.69;4360.0;-7.81;-7.81;62.35;108.7;75.0;30.20;69.80
11416;1404;94.0;48;15.69;4360.0;-7.81;-7.81;62.35;108.6;75.0;30.20;69.80
11431;1404;94.0;48;15.29;4360.0;-7.81;-7.81;62.35;108.2;75.0;30.20;69.80
11440;1403;94.0;48;15.29;4360.0;-7.81;-7.81;62.35;107.8;74.5;29.02;70.98
11455;1402;94.0;48;15.29;4360.0;-7.81;-7.81;62.35;107.4;74.5;29.02;70.98
11469;1403;94.0;48;15.29;4360.0;-7.81;-7.03;62.35;107.0;74.0;29.02;70.98
11480;1403;94.0;48;15.29;4360.0;-7.81;-7.03;61.96;106.6;73.5;29.02;70.98
11490;1404;94.0;48;15.29;4360.0;-7.81;-7.03;61.96;106.2;73.5;29.02;70.98
11501;1405;93.0;48;15.29;4360.0;-7.81;-7.03;61.96;105.8;73.0;29.02;70.98
11511;1405;93.0;48;14.90;4370.0;-7.81;-7.03;61.96;105.4;73.0;29.02;70.98
11519;1406;93.0;48;14.90;4380.0;-7.81;-7.03;61.96;105.0;72.5;29.02;70.98
11530;1407;93.0;48;14.90;4390.0;-7.81;-7.03;61.96;104.6;72.0;29.02;70.98
11539;1407;93.0;48;14.51;4400.0;-7.81;-7.03;61.96;104.2;72.0;29.02;70.98
11548;1408;93.0;48;14.51;4410.0;-7.81;-7.03;61.57;104.1;71.5;29.02;70.98
11560;1409;92.0;48;14.12;4420.0;-7.81;-7.03;61.57;103.9;71.0;30.20;69.80
11576;1409;92.0;48;14.12;4430.0;-7.81;-7.03;61.18;103.7;70.5;30.20;69.80
11588;1409;92.0;48;14.12;4440.0;-7.81;-6.25;61.18;103.5;69.5;30.20;69.80
11598;1409;92.0;48;13.73;4450.0;-7.81;-6.25;60.78;103.3;69.0;30.20;69.80
11611;1409;92.0;48;13.73;4460.0;-7.81;-6.25;60.78;103.1;68.5;30.20;69.80
11621;1409;92.0;48;13.73;4470.0;-7.81;-6.25;60.39;103.0;68.0;30.20;69.80
11630;1409;92.0;48;13.73;4460.0;-7.81;-6.25;60.39;102.8;67.5;30.20;69.80
11639;1409;92.0;48;13.73;4460.0;-7.81;-6.25;60.00;102.6;67.0;30.20;69.80
11650;1409;91.0;48;13.73;4450.0;-7.81;-6.25;60.00;102.4;66.0;30.20;69.80
11661;1409;91.0;48;13.73;4440.0;-7.81;-6.25;60.00;102.2;65.5;30.20;69.80
11670;1409;91.0;48;13.73;4440.0;-7.81;-6.25;59.61;102.3;65.0;30.20;69.80
11679;1408;91.0;48;13.73;4430.0;-7.81;-6.25;59.61;102.3;64.5;29.02;70.98
11694;1408;91.0;48;13.73;4430.0;-7.03;-6.25;59.61;102.3;64.0;29.02;70.98
11712;1409;91.0;48;13.73;4420.0;-7.03;-5.47;59.22;102.3;63.5;29.02;70.98
11720;1410;91.0;48;13.73;4410.0;-7.03;-5.47;59.22;102.4;63.0;29.02;70.98
11729;1411;91.0;48;13.73;4410.0;-7.03;-5.47;58.82;102.4;62.5;29.02;70.98
11740;1412;91.0;48;13.73;4400.0;-7.03;-5.47;58.82;102.4;61.5;29.02;70.98
11749;1413;91.0;48;13.73;4390.0;-7.03;-5.47;58.82;102.5;61.0;29.02;70.98
11761;1414;91.0;48;13.73;4390.0;-7.03;-5.47;58.43;102.5;60.5;29.02;70.98
11769;1415;91.0;48;13.73;4380.0;-7.03;-5.47;58.43;102.5;60.0;29.02;70.98
11780;1416;91.0;48;13.73;4370.0;-7.03;-5.47;58.43;102.6;59.5;29.02;70.98
11788;1417;91.0;48;14.12;4370.0;-7.03;-5.47;58.04;102.5;59.0;29.02;70.98
11800;1418;91.0;48;14.12;4360.0;-7.03;-5.47;58.04;102.4;58.5;30.98;69.02
11816;1419;91.0;48;14.12;4360.0;-7.03;-5.47;58.04;102.4;58.0;30.98;69.02
11829;1423;91.0;48;14.12;4350.0;-7.03;-6.25;58.04;102.3;57.0;30.98;69.02
11838;1427;91.0;48;14.12;4340.0;-7.03;-6.25;57.65;102.2;56.5;30.98;69.02
11850;1431;91.0;48;14.12;4340.0;-7.03;-6.25;57.65;102.2;56.0;30.98;69.02
11865;1435;91.0;48;14.12;4330.0;-7.03;-6.25;57.65;102.1;55.5;30.98;69.02
11880;1438;91.0;48;14.12;4330.0;-7.03;-6.25;57.65;102.0;55.0;30.98;69.02
11890;1442;91.0;48;14.12;4340.0;-7.03;-6.25;57.25;102.0;54.5;30.98;69.02
11899;1446;90.0;48;14.12;4340.0;-7.03;-6.25;57.25;101.9;53.5;30.98;69.02
11912;1450;90.0;48;14.12;4340.0;-7.03;-6.25;57.25;101.8;53.0;30.98;69.02
11929;1454;90.0;48;14.12;4340.0;-7.03;-6.25;56.86;101.9;52.5;30.98;69.02
11940;1458;90.0;48;14.12;4350.0;-7.03;-6.25;56.86;102.0;52.0;30.98;69.02
11955;1462;90.0;48;14.12;4350.0;-7.03;-6.25;56.86;102.0;52.0;30.98;69.02
11968;1461;90.0;48;14.12;4350.0;-7.03;-7.03;56.86;102.1;51.5;30.98;69.02
11982;1460;90.0;48;14.12;4350.0;-7.03;-7.03;56.47;102.2;51.0;30.98;69.02
11999;1460;90.0;48;14.12;4360.0;-7.03;-7.03;56.47;102.3;51.0;30.98;69.02
12013;1459;90.0;48;14.12;4360.0;-7.03;-7.03;56.47;102.3;50.5;30.98;69.02
12030;1458;90.0;48;14.12;4350.0;-7.03;-7.03;56.47;102.4;50.5;30.98;69.02
12049;1458;90.0;48;14.51;4340.0;-7.03;-7.03;56.08;102.5;50.0;30.98;69.02
12060;1457;91.0;48;14.51;4330.0;-7.03;-7.03;56.08;102.6;49.5;30.98;69.02
12070;1456;91.0;48;14.51;4320.0;-7.03;-7.03;56.08;102.6;49.5;30.98;69.02
12078;1455;91.0;48;14.51;4310.0;-7.03;-7.03;56.08;102.7;49.0;30.98;69.02
12088;1455;91.0;48;14.51;4310.0;-7.03;-7.03;56.08;102.8;49.0;16.08;83.92
12106;1454;91.0;48;14.51;4300.0;-7.81;-7.03;56.08;102.9;49.0;16.08;83.92
12119;1454;91.0;48;14.90;4290.0;-7.81;-7.03;56.08;103.0;49.0;16.08;83.92
12130;1454;91.0;48;14.90;4280.0;-7.81;-7.03;56.47;103.1;49.0;16.08;83.92
12140;1455;91.0;48;14.90;4270.0;-7.81;-7.03;56.47;103.2;49.0;16.08;83.92
12148;1455;91.0;48;14.90;4260.0;-7.81;-7.03;56.47;103.3;49.0;16.08;83.92
12162;1455;91.0;48;14.90;4260.0;-7.81;-7.03;56.47;103.4;49.0;16.08;83.92
12180;1456;91.0;48;14.90;4270.0;-7.81;-7.03;56.47;103.5;49.0;16.08;83.92
12191;1456;92.0;48;14.90;4270.0;-7.81;-7.03;56.47;103.5;49.0;16.08;83.92
12200;1456;92.0;48;14.90;4270.0;-7.81;-7.03;56.47;103.6;49.0;16.08;83.92
12212;1457;92.0;48;15.29;4280.0;-7.81;-7.03;56.47;103.7;49.0;16.08;83.92
12230;1457;92.0;48;15.29;4280.0;-7.81;-7.03;56.47;103.8;49.0;0.00;100.00
12247;1457;92.0;48;15.29;4290.0;-7.03;-7.03;56.47;103.8;49.0;0.00;100.00
12260;1459;92.0;48;15.29;4290.0;-7.03;-6.25;56.47;103.9;49.0;0.00;100.00
12270;1460;92.0;48;15.29;4290.0;-7.03;-6.25;56.47;103.9;49.0;0.00;100.00
12279;1462;92.0;48;15.29;4300.0;-7.03;-6.25;56.47;104.0;49.0;0.00;100.00
12290;1463;92.0;48;15.29;4300.0;-7.03;-6.25;56.47;104.1;49.5;0.00;100.00
12299;1465;92.0;48;15.29;4300.0;-7.03;-6.25;56.47;104.1;49.5;0.00;100.00
12311;1466;92.0;48;15.29;4310.0;-7.03;-6.25;56.47;104.2;49.5;0.00;100.00
12320;1468;92.0;48;15.29;4310.0;-6.25;-6.25;56.47;104.3;49.5;0.00;100.00
12329;1469;92.0;48;15.29;4310.0;-6.25;-5.47;56.47;104.3;49.5;0.00;100.00
12341;1471;92.0;48;15.69;4310.0;-6.25;-5.47;56.47;104.4;49.5;0.00;100.00
12351;1472;92.0;48;15.69;4320.0;-6.25;-5.47;56.47;104.4;49.5;0.00;100.00
12366;1474;92.0;48;15.69;4320.0;-5.47;-5.47;56.47;104.5;50.0;0.00;100.00
12380;1475;92.0;48;15.69;4320.0;-5.47;-4.69;56.47;104.5;50.0;0.00;100.00
12390;1476;92.0;48;15.69;4320.0;-5.47;-4.69;56.47;104.6;50.0;0.00;100.00
12399;1477;92.0;48;15.69;4330.0;-5.47;-4.69;56.47;104.6;50.5;0.00;100.00
12413;1478;92.0;48;15.69;4330.0;-4.69;-4.69;56.47;104.6;50.5;0.00;100.00
12430;1479;92.0;48;15.69;4330.0;-4.69;-3.91;56.47;104.7;51.0;0.00;100.00
12439;1480;92.0;48;15.69;4330.0;-4.69;-3.91;56.47;104.8;51.0;0.00;100.00
12451;1481;92.0;48;15.69;4330.0;-4.69;-3.91;56.47;104.8;51.0;0.00;100.00
12459;1482;92.0;48;15.69;4330.0;-3.91;-3.91;56.47;104.8;51.5;0.00;100.00
12471;1483;92.0;48;16.08;4330.0;-3.91;-3.13;56.47;104.9;51.5;0.00;100.00
12480;1484;92.0;48;16.08;4330.0;-3.91;-3.13;56.47;105.0;52.0;0.00;100.00
12497;1485;92.0;48;16.08;4330.0;-3.91;-3.13;56.47;105.0;52.5;0.00;100.00
12511;1486;92.0;48;16.08;4330.0;-3.91;-3.13;56.47;105.1;53.0;0.00;100.00
12520;1487;92.0;48;16.08;4330.0;-3.91;-3.13;56.86;105.1;53.5;0.00;100.00
12529;1489;92.0;48;16.08;4330.0;-3.13;-3.13;56.86;105.2;54.0;0.00;100.00
12539;1490;92.0;48;16.08;4330.0;-3.13;-2.34;56.86;105.2;55.0;0.00;100.00
12549;1492;92.0;48;16.08;4330.0;-3.13;-2.34;56.86;105.3;55.5;0.00;100.00
12559;1493;92.0;48;16.08;4330.0;-3.13;-2.34;56.86;105.3;56.0;0.00;100.00
12571;1494;92.0;48;16.08;4330.0;-3.13;-2.34;56.86;105.4;56.5;0.00;100.00
12581;1496;92.0;48;16.08;4330.0;-3.13;-2.34;56.86;105.4;57.0;0.00;100.00
12590;1497;92.0;48;16.47;4330.0;-3.13;-2.34;56.86;105.4;57.5;0.00;100.00
12601;1499;92.0;48;16.47;4330.0;-3.13;-2.34;56.86;105.3;57.5;0.00;100.00
12616;1500;92.0;48;16.47;4330.0;-2.34;-2.34;56.86;105.2;57.5;0.00;100.00
12630;1500;92.0;48;16.47;4330.0;-2.34;-2.34;56.86;105.1;57.5;0.00;100.00
12639;1500;92.0;48;16.47;4330.0;-2.34;-2.34;56.47;105.0;57.5;0.00;100.00
12649;1501;92.0;48;16.47;4330.0;-2.34;-2.34;56.47;104.9;57.5;0.00;100.00
12662;1501;92.0;48;16.47;4330.0;-2.34;-2.34;56.47;104.8;57.0;0.00;100.00
12680;1501;92.0;48;16.47;4330.0;-2.34;-2.34;56.47;104.7;57.0;0.00;100.00
12690;1501;92.0;48;16.47;4330.0;-2.34;-2.34;56.47;104.6;57.0;0.00;100.00
12701;1501;92.0;48;16.47;4330.0;-2.34;-2.34;56.47;104.5;57.0;0.00;100.00
12711;1501;92.0;48;16.47;4330.0;-2.34;-2.34;56.47;104.4;57.0;0.00;100.00
12719;1502;92.0;48;16.08;4330.0;-2.34;-2.34;56.47;104.4;57.0;0.00;100.00
12729;1502;92.0;48;16.08;4330.0;-2.34;-2.34;56.47;104.5;57.0;0.00;100.00
12748;1502;92.0;48;16.08;4330.0;-1.56;-2.34;56.47;104.5;57.0;0.00;100.00
12760;1502;92.0;48;16.08;4330.0;-1.56;-1.56;56.47;104.5;57.0;0.00;100.00
12770;1503;92.0;48;16.08;4330.0;-1.56;-1.56;56.08;104.6;57.0;0.00;100.00
12779;1504;92.0;48;16.08;4330.0;-1.56;-1.56;56.08;104.6;57.0;0.00;100.00
12789;1504;92.0;48;16.08;4330.0;-1.56;-1.56;56.08;104.6;57.0;0.00;100.00
12800;1505;92.0;48;16.08;4330.0;-1.56;-1.56;56.08;104.7;57.0;0.00;100.00
12811;1505;92.0;48;16.08;4340.0;-1.56;-1.56;56.08;104.7;57.0;0.00;100.00
12820;1506;93.0;48;16.08;4340.0;-1.56;-1.56;56.08;104.8;57.0;0.00;100.00
12829;1506;93.0;48;16.08;4340.0;-1.56;-1.56;56.08;104.8;57.0;0.00;100.00
12840;1507;93.0;48;16.47;4340.0;-1.56;-1.56;56.08;104.8;57.0;0.00;100.00
12849;1508;93.0;48;16.47;4350.0;-1.56;-1.56;56.08;104.8;57.0;0.00;100.00
12867;1508;93.0;48;16.47;4350.0;-1.56;-1.56;56.08;104.7;57.0;0.00;100.00
12882;1510;93.0;48;16.47;4350.0;-1.56;-1.56;56.08;104.7;57.0;0.00;100.00
12902;1512;93.0;48;16.47;4350.0;-1.56;-1.56;56.08;104.7;57.0;0.00;100.00
12920;1514;93.0;48;16.47;4360.0;-1.56;-1.56;56.08;104.7;57.0;0.00;100.00
12931;1516;93.0;48;16.47;4360.0;-1.56;-1.56;56.08;104.6;57.0;0.00;100.00
12940;1517;93.0;48;16.47;4360.0;-1.56;-1.56;56.08;104.6;57.0;0.00;100.00
12951;1519;93.0;48;16.47;4360.0;-1.56;-1.56;56.08;104.6;57.0;0.00;100.00
12960;1521;92.0;48;16.47;4360.0;-1.56;-1.56;56.08;104.6;57.0;0.00;100.00
12970;1523;92.0;48;16.47;4360.0;-1.56;-1.56;56.08;104.6;57.0;0.00;100.00
12979;1525;92.0;48;16.47;4360.0;-1.56;-1.56;55.69;104.6;57.0;0.00;100.00
12990;1527;92.0;48;16.47;4360.0;-1.56;-1.56;55.69;104.6;57.0;0.00;100.00
13005;1529;92.0;48;16.47;4360.0;-2.34;-1.56;55.69;104.7;57.0;0.00;100.00
13020;1529;92.0;48;16.47;4360.0;-2.34;-1.56;55.69;104.7;57.0;0.00;100.00
13030;1529;92.0;48;16.47;4360.0;-2.34;-1.56;55.29;104.8;57.0;0.00;100.00
13039;1529;92.0;48;16.47;4360.0;-2.34;-1.56;55.29;104.8;57.0;0.00;100.00
13050;1529;92.0;48;16.47;4360.0;-2.34;-1.56;55.29;104.8;57.0;0.00;100.00
13062;1530;92.0;48;16.47;4360.0;-2.34;-1.56;55.29;104.9;57.0;0.00;100.00
13081;1530;92.0;48;16.47;4360.0;-2.34;-1.56;54.90;104.9;57.0;0.00;100.00
13091;1530;93.0;48;16.47;4360.0;-2.34;-1.56;54.90;105.0;57.0;0.00;100.00
13100;1530;93.0;48;16.47;4360.0;-2.34;-1.56;54.90;105.0;57.0;0.00;100.00
13109;1530;93.0;48;16.86;4360.0;-2.34;-1.56;54.90;105.0;57.0;0.00;100.00
13119;1530;93.0;48;16.86;4360.0;-2.34;-1.56;54.90;105.0;57.0;0.00;100.00
13133;1531;93.0;48;16.86;4360.0;-3.13;-1.56;54.90;105.0;57.0;0.00;100.00
13150;1532;93.0;48;16.86;4360.0;-3.13;-1.56;54.90;105.0;57.5;0.00;100.00
13161;1534;93.0;48;16.86;4360.0;-3.13;-1.56;55.29;105.0;57.5;0.00;100.00
13171;1535;93.0;48;16.86;4360.0;-3.13;-1.56;55.29;105.0;57.5;0.00;100.00
13180;1537;93.0;48;16.86;4360.0;-3.13;-1.56;55.29;105.0;57.5;0.00;100.00
13191;1538;93.0;48;16.86;4360.0;-3.13;-1.56;55.29;105.0;57.5;0.00;100.00
13200;1540;93.0;48;16.86;4360.0;-3.13;-1.56;55.29;105.0;57.5;0.00;100.00
13213;1542;92.0;48;16.86;4360.0;-3.13;-1.56;55.29;105.0;58.0;0.00;100.00
13233;1543;92.0;48;16.86;4360.0;-3.13;-1.56;55.29;105.0;58.0;0.00;100.00
13250;1545;92.0;48;16.86;4360.0;-3.13;-1.56;55.29;105.0;58.0;0.00;100.00
13261;1546;92.0;48;16.86;4360.0;-3.13;-1.56;54.90;105.0;58.0;0.00;100.00
13274;1548;92.0;48;16.86;4360.0;-3.13;-1.56;54.90;105.0;58.0;0.00;100.00
13290;1550;92.0;48;16.86;4360.0;-3.13;-1.56;54.90;105.0;58.0;0.00;100.00
13300;1553;92.0;48;16.86;4360.0;-3.13;-1.56;54.90;105.0;58.0;0.00;100.00
13312;1555;92.0;48;16.86;4360.0;-3.13;-1.56;54.90;105.0;58.0;0.00;100.00
13330;1557;92.0;48;16.86;4360.0;-3.13;-1.56;54.90;105.0;58.5;0.00;100.00
13341;1560;92.0;48;16.86;4360.0;-3.13;-1.56;54.51;105.0;58.5;0.00;100.00
13350;1562;92.0;48;16.86;4370.0;-3.13;-1.56;54.51;105.0;58.5;0.00;100.00
13362;1564;92.0;48;16.86;4370.0;-3.13;-1.56;54.51;105.0;58.5;0.00;100.00
13380;1567;92.0;48;16.86;4370.0;-3.13;-1.56;54.12;105.0;58.5;0.00;100.00
13390;1569;92.0;48;16.86;4380.0;-3.13;-1.56;53.73;104.6;58.5;0.00;100.00
13399;1572;92.0;48;16.86;4380.0;-3.13;-1.56;52.94;104.3;58.0;0.00;100.00
13414;1574;92.0;48;16.86;4390.0;-2.34;-1.56;52.55;103.9;57.5;0.00;100.00
13430;1588;92.0;48;16.86;4390.0;-2.34;-1.56;52.16;103.5;57.5;0.00;100.00
13439;1602;92.0;48;16.86;4390.0;-2.34;-1.56;51.76;103.1;57.0;0.00;100.00
13450;1615;91.0;48;16.86;4400.0;-2.34;-1.56;51.37;102.8;56.5;0.00;100.00
13461;1629;91.0;48;16.86;4400.0;-2.34;-1.56;50.98;102.4;56.0;0.00;100.00
13470;1643;91.0;48;16.47;4400.0;-2.34;-1.56;50.20;102.0;55.5;0.00;100.00
13482;1657;91.0;48;16.47;4400.0;-2.34;-1.56;49.80;101.6;55.0;0.00;100.00
13492;1671;90.0;48;16.47;4400.0;-2.34;-1.56;49.41;101.3;55.0;0.00;100.00
13511;1685;90.0;48;16.47;4400.0;-2.34;-1.56;49.02;100.9;54.5;0.00;100.00
13521;1699;90.0;48;16.08;4400.0;-2.34;-1.56;48.63;100.9;54.0;0.00;100.00
13532;1713;90.0;48;16.08;4400.0;-2.34;-1.56;48.24;100.9;53.5;0.00;100.00
13556;1726;89.0;48;16.08;4400.0;-3.13;-1.56;47.84;100.9;53.0;0.00;100.00
13571;1719;89.0;48;16.08;4400.0;-3.13;-2.34;47.45;100.9;52.5;0.00;100.00
13580;1711;89.0;48;15.69;4400.0;-3.13;-2.34;47.06;100.9;52.0;0.00;100.00
13591;1704;89.0;48;15.69;4400.0;-3.13;-2.34;46.67;100.9;51.5;0.00;100.00
13600;1696;89.0;48;15.69;4400.0;-3.13;-2.34;46.27;100.9;51.0;0.00;100.00
13609;1689;89.0;48;16.08;4400.0;-3.13;-2.34;45.88;100.9;50.5;0.00;100.00
13620;1681;89.0;48;16.08;4400.0;-3.13;-2.34;45.49;100.9;50.0;0.00;100.00
13631;1674;90.0;48;16.08;4400.0;-3.13;-2.34;45.10;100.9;49.5;0.00;100.00
13640;1666;90.0;48;16.08;4400.0;-3.13;-2.34;45.49;100.9;49.0;0.00;100.00
13650;1659;90.0;48;16.47;4400.0;-3.13;-2.34;45.88;101.5;48.5;0.00;100.00
13662;1651;90.0;48;16.47;4400.0;-3.13;-2.34;45.88;102.0;49.5;0.00;100.00
13684;1644;90.0;48;16.47;4400.0;-3.91;-2.34;46.27;102.6;50.0;0.00;100.00
13699;1645;90.0;48;16.47;4400.0;-3.91;-2.34;46.67;103.2;51.0;0.00;100.00
13710;1646;90.0;48;16.86;4400.0;-3.91;-2.34;47.06;103.8;52.0;0.00;100.00
13719;1647;91.0;48;16.86;4400.0;-3.91;-2.34;47.45;104.4;53.0;0.00;100.00
13731;1648;91.0;48;17.25;4400.0;-3.91;-2.34;47.84;105.0;53.5;0.00;100.00
13739;1650;91.0;48;17.65;4400.0;-3.91;-2.34;47.84;105.6;54.5;0.00;100.00
13751;1651;92.0;48;17.65;4400.0;-3.91;-2.34;48.24;106.2;55.5;0.00;100.00
13763;1652;92.0;48;18.04;4400.0;-3.91;-2.34;48.63;106.8;56.5;0.00;100.00
13782;1653;93.0;48;18.43;4400.0;-4.69;-2.34;49.02;107.4;57.0;0.00;100.00
13800;1654;93.0;48;18.82;4400.0;-4.69;-3.13;49.41;107.5;58.0;0.00;100.00
13813;1655;93.0;48;19.22;4400.0;-4.69;-3.13;49.80;107.7;59.0;0.00;100.00
13835;1657;94.0;48;19.61;4400.0;-4.69;-3.13;50.20;107.8;60.0;0.00;100.00
13851;1667;94.0;48;19.61;4400.0;-4.69;-3.13;50.59;108.0;61.0;0.00;100.00
13861;1677;94.0;48;20.00;4400.0;-4.69;-3.13;51.37;108.1;62.0;0.00;100.00
13870;1688;94.0;48;20.39;4400.0;-5.47;-3.13;51.76;108.3;63.0;0.00;100.00
13882;1698;94.0;48;20.39;4400.0;-5.47;-3.91;52.16;108.5;64.0;0.00;100.00
13900;1708;94.0;48;20.78;4450.0;-5.47;-3.91;52.55;108.6;65.0;0.00;100.00
13909;1719;94.0;48;20.78;4510.0;-5.47;-3.91;52.94;108.8;66.0;0.00;100.00
13921;1729;95.0;48;20.78;4560.0;-5.47;-3.91;53.33;108.9;67.0;0.00;100.00
13931;1739;95.0;48;21.18;4610.0;-4.69;-3.91;52.94;109.1;68.0;0.00;100.00
13951;1750;95.0;48;21.18;4670.0;-4.69;-3.91;52.94;108.7;69.0;0.00;100.00
13963;1760;95.0;48;21.57;4720.0;-4.69;-3.91;52.55;108.4;69.0;0.00;100.00
13985;1770;95.0;48;21.57;4780.0;-4.69;-3.91;52.55;108.0;68.5;0.00;100.00
14001;1778;95.0;48;21.57;4830.0;-4.69;-3.91;52.16;107.6;68.5;0.00;100.00
14009;1786;95.0;48;21.96;4880.0;-4.69;-3.91;52.16;107.2;68.0;0.00;100.00
14021;1793;95.0;48;21.96;4940.0;-3.91;-3.91;51.76;106.9;68.0;0.00;100.00
14030;1801;94.0;48;21.57;4990.0;-3.91;-3.91;51.76;106.5;67.5;0.00;100.00
14039;1809;94.0;48;21.18;5040.0;-3.91;-3.91;51.37;106.1;67.5;0.00;100.00
14051;1816;94.0;48;21.18;5090.0;-3.91;-3.91;51.37;105.7;67.0;0.00;100.00
14059;1824;94.0;48;20.78;5140.0;-3.91;-3.91;50.98;105.4;67.0;0.00;100.00
14071;1832;94.0;48;20.39;5190.0;-3.13;-3.91;50.59;105.0;66.5;0.00;100.00
14080;1839;94.0;48;20.00;5240.0;-3.13;-3.91;50.20;104.9;66.5;0.00;100.00
14090;1847;93.0;48;19.61;5300.0;-3.13;-3.91;49.41;104.9;66.0;30.98;69.02
14111;1855;93.0;48;19.22;5350.0;-3.13;-3.91;49.02;104.9;65.5;30.98;69.02
14121;1855;93.0;48;19.22;5400.0;-3.13;-3.91;48.63;104.8;64.5;30.98;69.02
14130;1856;93.0;48;18.82;5450.0;-3.13;-3.91;48.24;104.8;64.0;30.98;69.02
14141;1857;93.0;48;18.43;5500.0;-2.34;-3.91;47.84;104.7;63.5;30.98;69.02
14150;1858;93.0;48;18.43;5550.0;-2.34;-3.91;47.45;104.7;63.0;30.98;69.02
14161;1858;93.0;48;18.43;5550.0;-2.34;-3.91;46.67;104.6;62.5;30.98;69.02
14171;1859;93.0;48;18.43;5560.0;-2.34;-3.91;46.27;104.6;62.0;30.98;69.02
14189;1860;92.0;48;18.43;5560.0;-3.13;-3.91;45.88;104.5;61.0;30.98;69.02
14201;1860;92.0;48;18.43;5560.0;-3.13;-3.91;45.88;104.5;60.5;30.98;69.02
14211;1861;92.0;48;18.82;5560.0;-3.13;-3.91;45.88;104.6;60.0;30.98;69.02
14221;1862;92.0;48;18.82;5570.0;-3.13;-3.91;45.88;104.8;59.5;32.94;67.06
14236;1863;92.0;48;18.82;5570.0;-3.91;-3.91;45.88;105.0;59.5;32.94;67.06
14251;1864;92.0;48;18.82;5570.0;-3.91;-4.69;45.88;105.1;59.0;32.94;67.06
14261;1865;92.0;48;18.82;5570.0;-3.91;-4.69;45.88;105.3;59.0;32.94;67.06
14271;1866;92.0;48;18.82;5580.0;-3.91;-4.69;45.88;105.4;58.5;32.94;67.06
14280;1867;93.0;48;18.82;5580.0;-4.69;-4.69;45.88;105.6;58.5;32.94;67.06
14291;1868;93.0;48;19.22;5660.0;-4.69;-4.69;45.88;105.8;58.0;32.94;67.06
14301;1870;93.0;48;19.22;5750.0;-4.69;-4.69;45.88;105.9;58.0;32.94;67.06
14310;1871;93.0;48;19.22;5830.0;-4.69;-4.69;45.88;106.1;57.5;32.94;67.06
14321;1872;93.0;48;19.22;5910.0;-4.69;-4.69;45.88;106.3;57.5;32.94;67.06
14330;1873;93.0;48;19.61;5990.0;-4.69;-4.69;45.88;106.2;57.0;32.94;67.06
14341;1874;94.0;48;19.61;6080.0;-4.69;-4.69;46.27;106.1;57.0;34.12;65.88
14354;1875;94.0;48;19.61;6160.0;-4.69;-4.69;46.27;106.0;57.0;34.12;65.88
14371;1879;94.0;48;19.61;6240.0;-4.69;-5.47;46.27;105.9;57.0;34.12;65.88
14382;1883;94.0;48;20.00;6320.0;-4.69;-5.47;46.27;105.8;57.0;34.12;65.88
14401;1887;94.0;48;20.00;6410.0;-4.69;-5.47;46.27;105.7;57.0;34.12;65.88
14415;1891;94.0;48;20.00;6490.0;-4.69;-5.47;46.27;105.6;57.0;34.12;65.88
14430;1895;94.0;48;20.00;6720.0;-4.69;-5.47;46.67;105.6;57.0;34.12;65.88
14439;1899;94.0;48;19.61;6950.0;-4.69;-5.47;46.67;105.5;57.0;34.12;65.88
14448;1903;93.0;48;19.61;7180.0;-4.69;-5.47;46.67;105.4;57.0;34.12;65.88
14460;1907;93.0;48;19.61;7410.0;-5.47;-5.47;46.67;105.3;57.0;34.12;65.88
14471;1911;93.0;48;19.61;7640.0;-5.47;-5.47;46.27;105.0;57.0;34.12;65.88
14478;1914;93.0;48;19.61;7880.0;-5.47;-5.47;46.27;104.7;56.5;49.02;50.98
14496;1918;93.0;48;19.61;8110.0;-5.47;-5.47;46.27;104.4;56.0;49.02;50.98
14510;1922;93.0;48;19.22;8340.0;-5.47;-6.25;46.27;104.1;55.5;49.02;50.98
14520;1925;93.0;48;19.22;8570.0;-5.47;-6.25;45.88;103.9;55.0;49.02;50.98
14531;1928;92.0;48;19.22;8800.0;-6.25;-6.25;45.88;103.6;54.5;49.02;50.98
14540;1931;92.0;48;18.82;9030.0;-6.25;-6.25;45.88;103.3;54.5;49.02;50.98
14548;1934;92.0;48;18.82;8930.0;-6.25;-6.25;45.88;103.0;54.0;49.02;50.98
14560;1937;92.0;48;18.43;8830.0;-6.25;-6.25;45.49;102.7;53.5;49.02;50.98
14568;1941;91.0;48;18.04;8740.0;-6.25;-6.25;45.49;102.4;53.0;49.02;50.98
14579;1944;91.0;48;18.04;8640.0;-6.25;-6.25;45.10;102.1;52.5;49.02;50.98
14592;1947;91.0;48;17.65;8540.0;-6.25;-6.25;44.71;102.0;52.0;49.02;50.98
14613;1950;91.0;48;17.65;8440.0;-6.25;-6.25;44.71;102.0;51.5;80.00;20.00
14636;1953;90.0;48;17.25;8340.0;-7.03;-6.25;44.31;101.9;51.0;80.00;20.00
14649;1953;90.0;48;16.86;8240.0;-7.03;-5.47;43.92;101.8;50.5;80.00;20.00
14660;1953;89.0;48;16.86;8150.0;-7.03;-5.47;43.53;101.8;50.0;80.00;20.00
14670;1952;89.0;48;16.47;8050.0;-7.03;-5.47;43.14;101.7;49.5;80.00;20.00
14680;1952;88.0;48;16.08;7950.0;-7.03;-5.47;42.75;101.6;49.0;80.00;20.00
14689;1951;88.0;48;16.08;7870.0;-7.03;-5.47;42.75;101.5;48.5;80.00;20.00
14700;1951;87.0;48;15.69;7790.0;-7.03;-5.47;42.35;101.5;48.0;80.00;20.00
14710;1950;87.0;48;15.29;7710.0;-6.25;-5.47;41.96;101.4;47.5;80.00;20.00
14719;1950;86.0;48;15.29;7630.0;-6.25;-5.47;41.57;101.3;47.0;80.00;20.00
14731;1949;86.0;48;14.90;7550.0;-6.25;-5.47;41.18;101.3;46.5;80.00;20.00
14749;1949;85.0;48;14.90;7480.0;-6.25;-5.47;40.78;101.3;46.5;80.00;20.00
14767;1949;85.0;48;14.51;7400.0;-5.47;-5.47;40.39;101.3;46.0;80.00;20.00
14778;1948;84.0;48;14.12;7320.0;-5.47;-4.69;40.00;101.3;46.0;80.00;20.00
14788;1947;84.0;48;14.12;7240.0;-5.47;-4.69;39.61;101.2;46.0;80.00;20.00
14799;1947;84.0;48;13.73;7160.0;-5.47;-4.69;39.22;101.2;45.5;80.00;20.00
14811;1946;83.0;48;13.73;7080.0;-4.69;-4.69;38.82;101.2;45.5;80.00;20.00
14821;1946;83.0;48;13.73;7070.0;-4.69;-4.69;38.43;101.2;45.0;80.00;20.00
14831;1945;83.0;48;13.73;7050.0;-4.69;-4.69;38.04;101.1;45.0;80.00;20.00
14838;1945;83.0;48;13.73;7040.0;-4.69;-4.69;37.65;101.1;45.0;80.00;20.00
14849;1944;83.0;49;13.73;7030.0;-3.91;-4.69;37.65;101.1;44.5;80.00;20.00
14860;1944;83.0;49;14.12;7020.0;-3.91;-4.69;37.25;101.1;44.5;80.00;20.00
14869;1943;82.0;49;14.12;7000.0;-3.91;-4.69;37.25;101.1;44.5;80.00;20.00
14886;1942;82.0;49;14.12;6990.0;-3.91;-4.69;37.25;101.1;44.0;80.00;20.00
14899;1942;82.0;49;14.12;6980.0;-3.91;-4.69;37.25;101.1;44.0;80.00;20.00
14912;1941;82.0;49;14.12;6970.0;-3.91;-4.69;36.86;101.1;44.0;80.00;20.00
14930;1941;82.0;49;14.12;6950.0;-3.13;-4.69;36.86;101.1;44.0;80.00;20.00
14939;1940;83.0;49;14.12;6940.0;-3.13;-4.69;36.86;101.1;43.5;80.00;20.00
14949;1940;83.0;49;14.12;6950.0;-3.13;-4.69;36.86;101.1;43.5;80.00;20.00
14958;1939;83.0;49;14.12;6970.0;-3.13;-4.69;36.47;101.1;43.5;80.00;20.00
14970;1938;83.0;49;14.12;6980.0;-3.13;-4.69;36.47;101.1;43.5;80.00;20.00
14980;1938;83.0;49;14.12;6990.0;-3.91;-4.69;36.86;101.1;43.0;80.00;20.00
14989;1937;83.0;49;14.51;7000.0;-3.91;-3.91;37.25;101.1;43.0;80.00;20.00
14999;1937;84.0;49;14.51;7020.0;-3.91;-3.91;37.65;101.1;43.0;80.00;20.00
15016;1936;84.0;49;14.51;7030.0;-3.91;-3.91;38.04;101.1;43.0;80.00;20.00
15029;1936;84.0;49;14.51;7040.0;-3.91;-3.91;38.43;101.1;43.0;80.00;20.00
15038;1937;84.0;49;14.51;7050.0;-3.91;-3.91;38.82;101.1;43.0;80.00;20.00
15051;1937;84.0;49;14.51;7070.0;-4.69;-3.91;39.22;101.1;43.0;80.00;20.00
15069;1937;84.0;49;14.51;7080.0;-4.69;-3.13;39.61;101.1;42.5;80.00;20.00
15081;1937;84.0;49;14.51;7070.0;-4.69;-3.13;40.00;101.1;42.5;80.00;20.00
15090;1938;84.0;49;14.51;7070.0;-4.69;-3.13;40.39;101.1;42.5;80.00;20.00
15099;1938;85.0;49;14.51;7060.0;-4.69;-3.13;40.78;101.1;42.5;80.00;20.00
15110;1938;85.0;49;14.51;7050.0;-4.69;-3.13;40.78;101.1;42.5;80.00;20.00
15118;1938;85.0;49;14.51;7050.0;-4.69;-3.13;40.78;101.1;42.5;80.00;20.00
15129;1939;85.0;49;14.51;7040.0;-4.69;-3.13;40.78;101.1;42.5;80.00;20.00
15146;1939;85.0;49;14.51;7040.0;-3.91;-3.13;40.78;101.1;42.5;80.00;20.00
15161;1950;85.0;49;14.51;7030.0;-3.91;-2.34;40.78;101.1;42.5;80.00;20.00
15172;1962;85.0;49;14.51;7020.0;-3.91;-2.34;41.18;101.1;42.5;80.00;20.00
15189;1974;85.0;49;14.51;7020.0;-3.91;-2.34;41.18;101.1;42.5;80.00;20.00
15200;1985;84.0;49;14.51;7010.0;-3.91;-2.34;41.18;101.1;42.5;80.00;20.00
15211;1997;84.0;49;14.51;7010.0;-3.91;-2.34;41.18;101.1;42.5;80.00;20.00
15220;2008;84.0;49;14.51;7020.0;-3.91;-2.34;41.18;101.1;42.5;80.00;20.00
15228;2020;84.0;49;14.51;7020.0;-3.91;-2.34;41.18;101.1;42.5;80.00;20.00
15240;2032;84.0;49;14.51;7020.0;-3.13;-2.34;40.78;101.1;42.5;80.00;20.00
15249;2043;84.0;49;14.51;7020.0;-3.13;-2.34;40.39;101.1;42.5;80.00;20.00
15258;2055;83.0;49;14.51;7030.0;-3.13;-2.34;40.00;101.1;42.5;80.00;20.00
15275;2066;83.0;49;14.51;7030.0;-3.13;-2.34;39.61;101.1;42.5;80.00;20.00
15290;2057;83.0;49;14.51;7030.0;-3.13;-1.56;39.22;101.1;42.5;80.00;20.00
15302;2048;83.0;49;14.51;7030.0;-3.13;-1.56;39.22;101.0;42.5;80.00;20.00
15319;2039;83.0;49;14.51;7040.0;-2.34;-1.56;38.82;101.0;42.5;80.00;20.00
15330;2030;83.0;49;14.51;7040.0;-2.34;-1.56;38.43;101.0;42.0;80.00;20.00
15339;2021;83.0;49;14.12;7010.0;-2.34;-1.56;38.04;101.0;42.0;80.00;20.00
15350;2012;83.0;49;14.12;6980.0;-2.34;-1.56;37.65;101.0;42.0;80.00;20.00
15358;2003;83.0;49;14.12;6950.0;-2.34;-1.56;37.25;101.0;42.0;80.00;20.00
15371;1994;83.0;49;14.12;6920.0;-2.34;-1.56;37.25;101.0;42.0;80.00;20.00
15379;1985;83.0;49;13.73;6890.0;-2.34;-1.56;37.65;101.0;42.0;80.00;20.00
15388;1976;83.0;49;13.73;6850.0;-2.34;-1.56;37.65;101.0;42.0;80.00;20.00
15405;1967;83.0;49;13.73;6820.0;-1.56;-1.56;37.65;101.1;42.0;80.00;20.00
15419;1983;83.0;49;13.73;6790.0;-1.56;-1.56;37.65;101.1;42.0;80.00;20.00
15429;1999;83.0;49;13.33;6760.0;-1.56;-1.56;38.04;101.2;42.0;80.00;20.00
15441;2015;84.0;49;13.33;6730.0;-1.56;-1.56;38.04;101.2;42.0;80.00;20.00
15450;2031;84.0;49;13.73;6700.0;-1.56;-1.56;38.04;101.2;42.0;80.00;20.00
15460;2047;84.0;49;14.51;6830.0;-1.56;-1.56;38.04;101.3;42.0;80.00;20.00
15469;2063;85.0;49;14.90;6960.0;-1.56;-1.56;38.43;101.3;42.0;80.00;20.00
15478;2079;85.0;49;15.29;7090.0;-1.56;-1.56;38.43;101.3;42.0;80.00;20.00
15490;2095;86.0;49;15.69;7220.0;-1.56;-1.56;38.43;101.4;42.0;80.00;20.00
15499;2111;86.0;49;16.47;7350.0;-1.56;-1.56;38.82;101.5;42.0;80.00;20.00
15511;2126;86.0;49;16.86;7470.0;-1.56;-1.56;38.82;101.7;42.0;80.00;20.00
15526;2142;87.0;49;17.25;7600.0;-0.78;-1.56;39.22;101.8;42.0;80.00;20.00
15542;2157;87.0;49;17.65;7730.0;-0.78;-0.78;39.22;102.0;42.0;80.00;20.00
15562;2171;87.0;49;18.43;7860.0;-0.78;-0.78;39.61;102.1;42.0;80.00;20.00
15578;2186;88.0;49;18.82;7990.0;-0.78;-0.78;39.61;102.3;42.0;80.00;20.00
15590;2200;88.0;49;18.82;8120.0;-0.78;-0.78;40.00;102.4;42.5;80.00;20.00
15599;2215;88.0;49;18.82;8140.0;-0.78;-0.78;40.00;102.5;42.5;80.00;20.00
15612;2230;88.0;49;19.22;8160.0;-0.78;-0.78;40.39;102.7;42.5;80.00;20.00
15628;2244;89.0;49;19.22;8180.0;-0.78;-0.78;40.39;102.8;42.5;80.00;20.00
15640;2259;89.0;49;19.22;8200.0;-0.78;-0.78;40.00;103.0;42.5;80.00;20.00
15649;2273;89.0;49;19.22;8220.0;-0.78;-0.78;39.61;102.9;42.5;80.00;20.00
15661;2288;89.0;49;19.22;8230.0;-0.78;-0.78;39.22;102.8;42.5;80.00;20.00
15676;2302;90.0;49;19.22;8250.0;-0.78;-0.78;38.82;102.6;42.5;80.00;20.00
15688;2308;90.0;49;19.61;8270.0;-0.78;0.00;38.43;102.5;42.5;80.00;20.00
15700;2313;89.0;49;19.61;8290.0;-0.78;0.00;38.04;102.4;42.5;80.00;20.00
15711;2319;89.0;49;19.61;8310.0;-0.78;0.00;37.65;102.3;42.5;80.00;20.00
15718;2324;88.0;49;19.22;8330.0;-0.78;0.00;37.25;102.2;43.0;80.00;20.00
15729;2330;87.0;49;18.82;8260.0;-0.78;0.00;36.86;102.1;43.0;80.00;20.00
15741;2336;87.0;49;18.43;8180.0;-0.78;0.00;36.47;101.9;43.0;80.00;20.00
15750;2341;86.0;49;18.04;8110.0;-0.78;0.00;36.08;101.8;43.0;80.00;20.00
15760;2347;86.0;49;17.65;8040.0;-0.78;0.00;35.69;101.7;43.0;80.00;20.00
15768;2352;85.0;49;17.25;7970.0;-0.78;0.00;35.29;101.7;43.0;80.00;20.00
15780;2358;84.0;49;16.86;7890.0;-0.78;0.00;34.51;101.7;43.0;80.00;20.00
15796;2364;84.0;49;16.47;7820.0;-1.56;0.00;34.12;101.8;43.0;80.00;20.00
15811;2365;83.0;49;16.08;7750.0;-1.56;0.78;33.73;101.8;43.0;80.00;20.00
15820;2367;83.0;49;15.69;7680.0;-1.56;0.78;33.33;101.8;43.0;80.00;20.00
15828;2368;83.0;49;15.29;7600.0;-1.56;0.78;32.94;101.8;43.0;80.00;20.00
15840;2369;83.0;49;15.29;7530.0;-1.56;0.78;32.55;101.8;42.5;80.00;20.00
15850;2371;83.0;49;15.69;7430.0;-1.56;0.78;31.76;101.8;42.5;80.00;20.00
15861;2372;83.0;49;15.69;7330.0;-1.56;0.78;31.37;101.9;42.5;80.00;20.00
15869;2374;84.0;49;15.69;7240.0;-1.56;0.78;30.98;101.9;42.5;80.00;20.00
15880;2375;84.0;49;16.08;7140.0;-0.78;0.78;30.98;101.9;42.5;80.00;20.00
15890;2377;84.0;49;16.08;7040.0;-0.78;0.78;30.98;101.9;42.5;80.00;20.00
15900;2378;84.0;49;16.47;6940.0;-0.78;0.78;30.98;102.0;42.5;60.00;40.00
15917;2380;84.0;49;16.47;6840.0;-0.78;0.78;30.98;102.0;42.5;60.00;40.00
15928;2386;84.0;49;16.47;6740.0;-0.78;0.78;30.98;102.1;42.5;60.00;40.00
15940;2393;84.0;49;16.86;6650.0;-0.78;0.78;31.37;102.1;42.5;60.00;40.00
15949;2400;85.0;49;16.86;6550.0;0.00;0.78;31.37;102.1;42.5;60.00;40.00
15960;2407;85.0;49;17.25;6450.0;0.00;0.78;31.37;102.2;42.5;60.00;40.00
15968;2413;86.0;49;17.25;6430.0;0.00;0.78;31.37;102.2;42.5;60.00;40.00
15979;2420;86.0;49;17.65;6410.0;0.00;0.78;31.37;102.3;42.5;60.00;40.00
15990;2427;87.0;49;18.04;6380.0;0.00;0.78;31.37;102.3;42.5;60.00;40.00
16000;2434;87.0;49;18.04;6360.0;0.00;0.78;31.37;102.4;42.5;60.00;40.00
16011;2440;88.0;49;18.43;6340.0;0.00;0.78;31.37;102.4;42.5;60.00;40.00
16020;2447;88.0;49;18.43;6320.0;0.00;0.78;30.98;102.4;42.5;41.18;58.82
16034;2454;89.0;49;18.82;6300.0;0.00;0.78;30.98;102.4;42.5;41.18;58.82
16049;2450;89.0;49;19.22;6280.0;0.00;0.00;30.98;102.4;42.5;41.18;58.82
16061;2446;89.0;49;19.22;6250.0;0.00;0.00;30.98;102.4;42.5;41.18;58.82
16070;2442;89.0;49;19.61;6230.0;0.00;0.00;30.98;102.4;42.5;41.18;58.82
16078;2438;89.0;49;19.61;6210.0;0.00;0.00;30.98;102.4;42.5;41.18;58.82
16090;2434;89.0;49;19.22;6210.0;0.00;0.00;30.59;102.4;42.5;41.18;58.82
16100;2430;89.0;49;19.22;6200.0;0.00;0.00;30.59;102.4;42.5;41.18;58.82
16111;2426;89.0;49;19.22;6200.0;0.00;0.00;30.59;102.4;42.5;41.18;58.82
16120;2422;89.0;49;19.22;6200.0;-0.78;0.00;30.59;102.4;42.5;41.18;58.82
16132;2417;89.0;49;18.82;6190.0;-0.78;0.00;30.59;102.4;42.5;41.18;58.82
16140;2413;89.0;49;18.82;6190.0;-0.78;0.00;30.59;102.4;42.5;38.04;61.96
16156;2409;89.0;49;18.82;6180.0;-0.78;0.00;30.59;102.3;42.5;38.04;61.96
16170;2410;89.0;49;18.82;6180.0;-0.78;0.00;30.59;102.3;42.5;38.04;61.96
16178;2410;89.0;49;18.43;6180.0;-0.78;0.00;30.59;102.3;42.5;38.04;61.96
16189;2410;89.0;49;18.43;6170.0;-1.56;0.00;30.59;102.3;42.5;38.04;61.96
16201;2410;88.0;49;18.43;6170.0;-1.56;0.00;30.59;102.3;42.5;38.04;61.96
16212;2410;88.0;49;18.43;6170.0;-1.56;0.00;30.59;102.2;42.5;38.04;61.96
16220;2411;88.0;49;18.04;6180.0;-1.56;0.00;30.59;102.2;42.5;38.04;61.96
16229;2411;88.0;49;18.04;6180.0;-1.56;0.00;30.59;102.2;42.5;38.04;61.96
16240;2411;88.0;49;18.04;6180.0;-1.56;0.00;30.59;102.2;42.5;38.04;61.96
16251;2411;88.0;49;18.04;6190.0;-1.56;0.00;30.20;102.2;42.5;38.04;61.96
16263;2411;87.0;49;18.04;6190.0;-1.56;0.00;30.20;102.2;42.5;0.00;100.00
16285;2412;87.0;49;18.04;6200.0;-0.78;0.00;30.20;102.1;42.5;0.00;100.00
16300;2413;87.0;49;17.65;6200.0;-0.78;0.78;29.80;102.1;42.5;0.00;100.00
16309;2415;87.0;49;17.65;6200.0;-0.78;0.78;29.80;102.1;42.5;0.00;100.00
16320;2417;86.0;49;17.65;6210.0;-0.78;0.78;29.41;102.1;42.5;0.00;100.00
16331;2418;86.0;49;17.65;6210.0;-0.78;0.78;29.41;102.1;42.5;0.00;100.00
16340;2420;86.0;49;17.25;6210.0;-0.78;0.78;29.41;102.1;42.5;0.00;100.00
16349;2422;85.0;49;17.25;6210.0;-0.78;0.78;29.02;102.0;42.5;0.00;100.00
16363;2424;85.0;49;16.86;6210.0;-0.78;0.78;29.02;102.0;42.5;0.00;100.00
16380;2425;84.0;49;16.86;6210.0;-0.78;0.78;28.63;102.0;42.5;0.00;100.00
16390;2427;84.0;49;16.47;6210.0;-0.78;0.78;28.63;102.0;42.5;0.00;100.00
16400;2429;84.0;49;16.47;6210.0;-0.78;0.78;28.24;102.0;42.5;0.00;100.00
16416;2430;83.0;49;16.08;6210.0;0.00;0.78;27.84;101.9;42.5;0.00;100.00
16430;2431;83.0;49;16.08;6210.0;0.00;0.00;27.84;101.9;42.5;0.00;100.00
16439;2432;83.0;49;15.69;6210.0;0.00;0.00;27.45;101.9;42.5;0.00;100.00
16451;2433;82.0;49;15.69;6210.0;0.00;0.00;27.45;101.9;42.5;0.00;100.00
16463;2434;82.0;49;15.69;6210.0;0.00;0.00;27.06;101.9;42.5;0.00;100.00
16479;2435;82.0;49;15.69;6210.0;0.00;0.00;26.67;101.8;42.5;0.00;100.00
16490;2435;81.0;49;15.29;6220.0;0.00;0.00;26.67;101.8;42.5;0.00;100.00
16499;2436;81.0;49;15.29;6220.0;-0.78;0.00;26.27;101.8;42.5;0.00;100.00
16511;2437;80.0;49;15.29;6220.0;-0.78;0.00;26.27;101.8;42.5;0.00;100.00
16520;2438;80.0;49;15.29;6220.0;-0.78;-0.78;25.88;101.7;42.5;0.00;100.00
16531;2439;80.0;49;15.29;6230.0;-0.78;-0.78;25.88;101.7;42.5;0.00;100.00
16546;2440;79.0;49;15.29;6230.0;-1.56;-0.78;25.88;101.6;42.5;0.00;100.00
16562;2442;79.0;49;14.90;6230.0;-1.56;-0.78;25.49;101.6;42.5;0.00;100.00
16580;2444;79.0;49;14.90;6230.0;-1.56;-0.78;25.49;101.6;42.5;0.00;100.00
16591;2447;78.0;49;14.90;6240.0;-1.56;-0.78;25.10;101.5;42.5;0.00;100.00
16600;2449;78.0;49;14.51;6240.0;-2.34;-1.56;25.10;101.5;42.5;0.00;100.00
16611;2451;77.0;49;14.51;6240.0;-2.34;-1.56;25.10;101.5;42.5;0.00;100.00
16620;2454;77.0;49;14.12;6240.0;-2.34;-1.56;24.71;101.4;42.5;0.00;100.00
16630;2456;76.0;49;14.12;6240.0;-2.34;-1.56;24.71;101.4;42.5;0.00;100.00
16639;2458;76.0;49;13.73;6240.0;-2.34;-1.56;24.71;101.3;42.5;0.00;100.00
16651;2460;75.0;49;13.73;6240.0;-2.34;-2.34;24.31;101.3;42.5;0.00;100.00
16661;2463;75.0;49;13.33;6240.0;-2.34;-2.34;24.31;101.3;42.5;0.00;100.00
16677;2465;74.0;49;13.33;6240.0;-3.13;-2.34;24.31;101.3;42.5;0.00;100.00
16690;2465;74.0;49;12.94;6240.0;-3.13;-2.34;23.92;101.2;42.5;0.00;100.00
16701;2466;74.0;49;12.94;6240.0;-3.13;-2.34;23.92;101.2;42.5;0.00;100.00
16710;2466;73.0;49;12.55;6240.0;-3.13;-2.34;23.53;101.2;42.5;0.00;100.00
16720;2466;73.0;49;12.55;6240.0;-3.13;-3.13;23.53;101.1;42.5;0.00;100.00
16728;2466;73.0;49;12.55;6240.0;-3.13;-3.13;23.53;101.1;42.5;0.00;100.00
16741;2467;73.0;49;12.55;6240.0;-3.13;-3.13;23.14;101.1;42.5;0.00;100.00
16750;2467;72.0;49;12.55;6240.0;-3.13;-3.13;23.14;101.0;42.5;0.00;100.00
16763;2467;72.0;49;12.55;6240.0;-3.91;-3.13;22.75;101.0;42.5;0.00;100.00
16780;2468;72.0;49;12.94;6240.0;-3.91;-3.13;22.75;101.0;42.5;0.00;100.00
16789;2468;72.0;49;12.94;6240.0;-3.91;-3.13;22.35;101.0;42.5;0.00;100.00
16808;2468;71.0;49;12.94;6240.0;-3.91;-3.13;21.96;101.0;42.5;0.00;100.00
16820;2470;71.0;49;12.94;6240.0;-3.91;-3.13;21.96;101.0;42.5;0.00;100.00
16830;2472;71.0;49;12.94;6240.0;-3.91;-3.13;21.57;101.0;42.5;0.00;100.00
16840;2474;71.0;49;12.94;6240.0;-4.69;-3.13;21.57;101.0;42.5;0.00;100.00
16850;2477;71.0;49;12.94;6240.0;-4.69;-3.13;21.18;101.0;42.0;0.00;100.00
16861;2479;71.0;49;12.94;6240.0;-4.69;-3.13;20.78;101.0;42.0;0.00;100.00
16869;2481;71.0;49;12.94;6240.0;-4.69;-3.13;20.78;101.0;42.0;0.00;100.00
16880;2483;71.0;49;12.94;6240.0;-4.69;-3.13;20.39;101.0;42.0;0.00;100.00
16889;2485;71.0;49;12.94;6240.0;-4.69;-3.13;20.39;101.0;42.0;0.00;100.00
16901;2487;71.0;49;12.94;6240.0;-4.69;-3.13;20.39;101.0;42.0;0.00;100.00
16913;2489;71.0;49;12.94;6240.0;-4.69;-3.13;20.00;101.0;42.0;0.00;100.00
16935;2491;71.0;49;12.94;6240.0;-4.69;-3.13;20.00;101.0;42.0;0.00;100.00
16950;2492;71.0;49;12.94;6240.0;-4.69;-3.91;20.00;101.0;42.0;0.00;100.00
16961;2493;71.0;49;12.94;6240.0;-4.69;-3.91;20.00;101.0;42.0;0.00;100.00
16970;2493;71.0;49;12.94;6240.0;-4.69;-3.91;20.00;101.0;42.0;0.00;100.00
16979;2494;70.0;49;12.94;6240.0;-4.69;-3.91;20.00;101.0;42.0;0.00;100.00
16990;2495;70.0;49;12.94;6240.0;-4.69;-3.91;19.61;100.9;42.0;0.00;100.00
17001;2496;70.0;49;12.94;6240.0;-4.69;-3.91;19.61;100.9;42.0;0.00;100.00
17009;2496;70.0;49;12.94;6240.0;-4.69;-3.91;19.61;100.9;42.0;0.00;100.00
17021;2497;70.0;50;12.94;6240.0;-3.91;-3.91;19.61;100.9;42.0;0.00;100.00
17029;2498;70.0;50;12.55;6240.0;-3.91;-3.13;19.61;100.9;42.0;0.00;100.00
17040;2498;69.0;50;12.55;6240.0;-3.91;-3.13;19.61;100.9;42.0;0.00;100.00
17056;2499;69.0;50;12.55;6240.0;-3.91;-3.13;19.61;100.9;42.0;0.00;100.00
17070;2499;69.0;50;12.55;6240.0;-3.91;-3.13;19.61;100.9;42.0;0.00;100.00
17079;2499;69.0;50;12.55;6240.0;-3.91;-3.13;19.22;100.9;42.0;0.00;100.00
17089;2500;69.0;50;12.55;6240.0;-3.13;-3.13;19.22;100.9;42.0;0.00;100.00
17101;2500;69.0;50;12.55;6240.0;-3.13;-2.34;19.22;100.9;42.0;0.00;100.00
17110;2500;69.0;50;12.55;6240.0;-3.13;-2.34;19.22;100.9;42.0;0.00;100.00
17122;2500;69.0;50;12.55;6250.0;-3.13;-2.34;19.22;100.9;42.0;0.00;100.00
17141;2500;69.0;50;12.55;6250.0;-3.13;-2.34;19.22;100.9;42.0;0.00;100.00
17151;2500;69.0;50;12.55;6250.0;-3.13;-2.34;19.22;100.9;42.0;0.00;100.00
17163;2500;69.0;50;12.55;6260.0;-3.13;-2.34;19.22;100.9;42.0;0.00;100.00
17180;2500;69.0;50;12.55;6260.0;-3.13;-2.34;19.22;100.9;42.0;0.00;100.00
17193;2501;69.0;50;12.55;6270.0;-3.13;-2.34;19.22;100.9;42.0;0.00;100.00
17213;2503;69.0;50;12.55;6270.0;-3.13;-1.56;19.22;100.9;42.0;0.00;100.00
17230;2505;69.0;50;12.55;6270.0;-3.13;-1.56;19.22;100.9;42.0;0.00;100.00
17241;2507;69.0;50;12.55;6280.0;-3.13;-1.56;19.22;100.9;42.0;0.00;100.00
17249;2509;69.0;50;12.55;6280.0;-3.13;-1.56;19.22;100.9;42.0;0.00;100.00
17261;2511;69.0;50;12.55;6280.0;-3.13;-1.56;19.22;100.9;42.0;0.00;100.00
17271;2514;69.0;50;12.55;6280.0;-3.13;-1.56;19.22;100.9;42.0;0.00;100.00
17280;2516;69.0;50;12.55;6280.0;-3.13;-1.56;19.22;100.9;42.0;0.00;100.00
17291;2518;69.0;50;12.55;6280.0;-3.13;-1.56;19.22;100.9;42.0;0.00;100.00
17301;2520;69.0;50;12.55;6280.0;-3.13;-1.56;19.22;100.9;42.0;0.00;100.00
17311;2522;69.0;50;12.55;6280.0;-3.13;-1.56;19.22;100.9;42.0;0.00;100.00
17327;2524;69.0;50;12.55;6280.0;-2.34;-1.56;19.22;100.8;42.0;0.00;100.00
17342;2525;69.0;50;12.55;6280.0;-2.34;-0.78;19.22;100.8;42.0;0.00;100.00
17361;2525;69.0;50;12.55;6280.0;-2.34;-0.78;18.82;100.8;42.0;0.00;100.00
17370;2525;69.0;50;12.55;6280.0;-2.34;-0.78;18.82;100.8;42.0;0.00;100.00
17379;2525;68.0;50;12.55;6280.0;-2.34;-0.78;18.82;100.7;42.0;0.00;100.00
17390;2526;68.0;50;12.55;6280.0;-2.34;-0.78;18.82;100.7;42.0;0.00;100.00
17399;2526;68.0;50;12.16;6280.0;-2.34;-0.78;18.82;100.7;42.0;0.00;100.00
17413;2526;68.0;50;12.16;6280.0;-2.34;-0.78;18.82;100.7;42.0;0.00;100.00
17430;2526;68.0;50;12.16;6280.0;-2.34;-0.78;18.82;100.6;42.0;0.00;100.00
17439;2527;68.0;50;12.16;6280.0;-2.34;-0.78;18.82;100.6;42.0;0.00;100.00
17451;2527;67.0;50;12.16;6280.0;-2.34;-0.78;18.43;100.6;42.0;0.00;100.00
17464;2527;67.0;50;12.16;6280.0;-3.13;-0.78;18.43;100.6;42.0;0.00;100.00
17480;2528;67.0;50;11.76;6280.0;-3.13;-0.78;18.43;100.6;42.0;0.00;100.00
17491;2528;67.0;50;11.76;6280.0;-3.13;-0.78;18.43;100.6;42.0;0.00;100.00
17499;2529;67.0;50;11.76;6280.0;-3.13;-0.78;18.43;100.6;42.0;0.00;100.00
17511;2529;67.0;50;11.76;6280.0;-3.13;-0.78;18.43;100.6;42.0;0.00;100.00
17520;2530;67.0;50;11.76;6280.0;-3.13;-0.78;18.04;100.6;42.0;0.00;100.00
17529;2530;67.0;50;11.76;6280.0;-3.13;-0.78;18.04;100.6;42.0;0.00;100.00
17541;2531;67.0;50;11.76;6280.0;-3.13;-0.78;18.04;100.6;42.0;0.00;100.00
17549;2531;67.0;50;11.76;6280.0;-3.13;-0.78;18.04;100.6;42.0;0.00;100.00
17561;2532;67.0;50;11.76;6280.0;-3.13;-0.78;18.04;100.6;42.0;0.00;100.00
17570;2532;67.0;50;11.76;6280.0;-3.13;-0.78;18.04;100.6;42.0;0.00;100.00
17583;2533;67.0;50;11.76;6280.0;-3.13;-0.78;18.04;100.6;42.0;0.00;100.00
17601;2533;67.0;50;11.76;6280.0;-3.13;-0.78;18.04;100.6;42.0;0.00;100.00
17612;2534;67.0;50;11.76;6280.0;-3.13;-0.78;17.65;100.6;42.0;0.00;100.00
17631;2534;67.0;50;11.76;6280.0;-3.13;-0.78;17.65;100.6;42.0;0.00;100.00
17639;2535;66.0;50;11.76;6280.0;-3.13;-0.78;17.65;100.6;41.5;0.00;100.00
17651;2535;66.0;50;11.76;6280.0;-3.13;-0.78;17.65;100.5;41.5;0.00;100.00
17662;2536;66.0;50;11.76;6290.0;-3.13;-0.78;17.65;100.5;41.5;0.00;100.00
17670;2536;66.0;50;11.76;6290.0;-3.13;-0.78;17.65;100.5;41.5;0.00;100.00
17679;2537;66.0;50;11.76;6290.0;-2.34;-0.78;17.65;100.5;41.5;0.00;100.00
17689;2537;66.0;50;11.76;6290.0;-2.34;-0.78;17.65;100.5;41.5;0.00;100.00
17701;2538;65.0;50;11.76;6300.0;-2.34;-0.78;17.65;100.5;41.5;0.00;100.00
17715;2538;65.0;50;11.76;6300.0;-2.34;-0.78;17.65;100.5;41.5;0.00;100.00
17732;2540;65.0;50;11.76;6300.0;-2.34;-0.78;17.65;100.4;41.5;0.00;100.00
17751;2541;65.0;50;11.76;6300.0;-2.34;-0.78;17.25;100.4;41.5;0.00;100.00
17760;2543;64.0;50;11.76;6310.0;-1.56;-0.78;17.25;100.4;41.5;0.00;100.00
17771;2545;64.0;50;11.76;6310.0;-1.56;-0.78;17.25;100.4;41.5;0.00;100.00
17782;2547;64.0;50;11.76;6320.0;-1.56;-0.78;17.25;100.4;41.5;0.00;100.00
17801;2548;64.0;50;11.37;6340.0;-1.56;-0.78;17.25;100.4;41.5;0.00;100.00
17813;2550;63.0;50;11.37;6350.0;-1.56;-0.78;17.25;100.3;41.5;0.00;100.00
17830;2552;63.0;51;11.37;6360.0;-1.56;-0.78;17.25;100.3;41.5;0.00;100.00
17839;2553;63.0;51;11.37;6370.0;-1.56;-0.78;17.25;100.4;41.5;0.00;100.00
17848;2555;63.0;51;11.37;6390.0;-1.56;-0.78;17.25;100.4;41.5;0.00;100.00
17866;2557;62.0;51;11.37;6400.0;-0.78;-0.78;17.25;100.5;41.5;0.00;100.00
17880;2558;62.0;51;10.98;6410.0;-0.78;0.00;17.25;100.5;41.5;0.00;100.00
17889;2560;62.0;51;10.98;6420.0;-0.78;0.00;17.25;100.6;41.5;0.00;100.00
17901;2561;63.0;51;10.98;6440.0;-0.78;0.00;17.25;100.6;41.5;0.00;100.00
17912;2563;63.0;51;11.37;6450.0;-0.78;0.00;17.25;100.7;42.0;0.00;100.00
17931;2564;63.0;51;11.37;6450.0;-0.78;0.00;17.25;100.7;42.0;0.00;100.00
17939;2565;64.0;51;11.76;6450.0;-0.78;0.00;17.25;100.8;42.0;0.00;100.00
17951;2567;64.0;51;12.16;6450.0;-1.56;0.00;17.25;100.8;42.0;0.00;100.00
17960;2568;65.0;51;12.55;6450.0;-1.56;0.00;17.65;100.9;42.0;0.00;100.00
17968;2570;65.0;51;12.55;6450.0;-1.56;-0.78;18.04;101.0;42.0;0.00;100.00
17980;2571;65.0;51;12.94;6450.0;-1.56;-0.78;18.82;101.0;42.0;65.10;34.90
17994;2573;66.0;51;13.33;6450.0;-2.34;-0.78;19.22;101.1;42.0;65.10;34.90
18011;2576;66.0;51;13.73;6450.0;-2.34;-0.78;19.61;101.1;42.0;65.10;34.90
18022;2579;67.0;51;13.73;6450.0;-2.34;-0.78;20.00;101.2;42.0;65.10;34.90
18039;2582;67.0;51;14.12;6450.0;-2.34;-0.78;20.39;101.3;42.0;65.10;34.90
18051;2585;68.0;51;14.12;6450.0;-3.13;-1.56;20.78;101.3;42.0;65.10;34.90
18071;2589;69.0;51;14.12;6550.0;-3.13;-1.56;21.57;101.4;42.0;65.10;34.90
18079;2592;70.0;51;14.12;6640.0;-3.13;-1.56;21.96;101.4;42.0;65.10;34.90
18088;2595;70.0;51;14.12;6740.0;-3.13;-1.56;22.35;101.5;42.0;65.10;34.90
18099;2598;71.0;51;14.12;6830.0;-3.13;-1.56;22.35;101.5;42.0;65.10;34.90
18111;2601;72.0;51;14.51;6930.0;-3.13;-1.56;22.35;101.5;42.0;65.10;34.90
18121;2604;73.0;51;14.51;7020.0;-3.13;-1.56;22.35;101.4;42.0;69.02;30.98
18135;2607;73.0;51;14.51;7120.0;-3.91;-1.56;22.35;101.4;42.0;69.02;30.98
18151;2604;74.0;51;14.51;7210.0;-3.91;-1.56;22.35;101.3;42.0;69.02;30.98
18160;2600;73.0;51;14.51;7310.0;-3.91;-1.56;22.35;101.3;42.0;69.02;30.98
18171;2596;73.0;51;14.51;7400.0;-3.91;-1.56;22.35;101.2;42.0;69.02;30.98
18179;2592;72.0;51;14.12;7500.0;-3.91;-1.56;22.35;101.2;42.0;69.02;30.98
18189;2588;71.0;51;14.12;7430.0;-3.91;-1.56;22.35;101.1;42.0;69.02;30.98
18201;2584;71.0;51;13.73;7360.0;-3.91;-1.56;22.35;101.1;42.0;69.02;30.98
18210;2580;70.0;51;13.73;7290.0;-3.91;-1.56;22.35;101.0;42.0;69.02;30.98
18221;2577;70.0;51;13.33;7220.0;-3.91;-1.56;21.96;101.0;42.0;69.02;30.98
18232;2573;69.0;51;13.33;7150.0;-3.91;-1.56;21.96;100.9;42.0;69.02;30.98
18250;2569;68.0;51;12.94;7080.0;-3.91;-1.56;21.57;100.9;42.0;80.00;20.00
18265;2565;68.0;51;12.94;7010.0;-3.91;-1.56;21.18;100.9;42.0;80.00;20.00
18279;2567;67.0;51;12.55;6940.0;-3.91;-1.56;21.18;100.9;42.0;80.00;20.00
18290;2569;67.0;51;12.55;6870.0;-3.91;-1.56;20.78;100.9;42.0;80.00;20.00
18302;2571;66.0;51;12.16;6800.0;-3.91;-1.56;20.78;100.8;42.0;80.00;20.00
18321;2572;66.0;51;12.16;6730.0;-3.91;-1.56;20.39;100.8;42.0;80.00;20.00
18328;2574;66.0;51;12.16;6740.0;-3.91;-1.56;20.00;100.8;42.0;80.00;20.00
18341;2576;66.0;51;12.16;6760.0;-3.91;-1.56;20.00;100.8;42.0;80.00;20.00
18350;2578;65.0;51;12.16;6770.0;-3.91;-1.56;19.61;100.8;42.0;80.00;20.00
18361;2580;65.0;51;12.16;6780.0;-3.13;-1.56;19.22;100.7;42.0;80.00;20.00
18369;2582;65.0;51;12.16;6790.0;-3.13;-1.56;19.22;100.7;42.0;80.00;20.00
18380;2584;65.0;51;12.16;6810.0;-3.13;-1.56;18.82;100.8;42.0;80.00;20.00
18394;2585;64.0;51;12.16;6820.0;-3.13;-1.56;18.82;100.8;42.0;80.00;20.00
18416;2586;64.0;51;12.16;6830.0;-3.13;-1.56;18.43;100.8;42.0;80.00;20.00
18429;2586;64.0;51;12.16;6840.0;-3.13;-1.56;18.43;100.8;42.0;80.00;20.00
18440;2586;64.0;51;12.16;6860.0;-2.34;-1.56;18.04;100.8;42.0;80.00;20.00
18450;2586;64.0;51;12.16;6870.0;-2.34;-1.56;18.04;100.8;41.5;80.00;20.00
18462;2587;64.0;51;12.16;6880.0;-2.34;-1.56;17.65;100.8;41.5;80.00;20.00
18478;2587;64.0;51;12.16;6900.0;-2.34;-1.56;17.65;100.8;41.5;80.00;20.00
18490;2587;64.0;51;12.16;6910.0;-2.34;-1.56;17.25;100.8;41.5;80.00;20.00
18498;2587;64.0;51;12.16;6920.0;-2.34;-1.56;17.25;100.8;41.5;80.00;20.00
18511;2587;64.0;51;12.16;6930.0;-2.34;-0.78;17.25;100.7;41.5;80.00;20.00
18521;2588;64.0;51;12.16;6950.0;-2.34;-0.78;17.25;100.7;41.5;80.00;20.00
18536;2588;64.0;51;12.16;6960.0;-1.56;-0.78;17.25;100.7;41.5;80.00;20.00
18549;2589;64.0;51;12.16;6970.0;-1.56;-0.78;17.25;100.6;41.5;80.00;20.00
18561;2590;64.0;51;12.16;6980.0;-1.56;-0.78;17.65;100.6;41.5;80.00;20.00
18569;2592;64.0;51;12.16;7000.0;-1.56;-0.78;17.65;100.6;41.5;80.00;20.00
18579;2593;63.0;51;12.16;7010.0;-1.56;0.00;17.65;100.6;41.5;80.00;20.00
18590;2594;63.0;51;11.76;6970.0;-1.56;0.00;17.65;100.5;41.5;80.00;20.00
18598;2596;63.0;51;11.76;6930.0;-1.56;0.00;17.65;100.5;41.5;80.00;20.00
18610;2597;63.0;51;11.76;6900.0;-1.56;0.00;17.65;100.5;41.5;80.00;20.00
18619;2598;63.0;51;11.76;6860.0;-1.56;0.00;17.65;100.5;41.5;80.00;20.00
18630;2600;63.0;51;11.37;6820.0;-1.56;0.00;17.25;100.4;41.5;80.00;20.00
18639;2601;62.0;51;11.37;6780.0;-1.56;0.00;17.25;100.4;41.5;80.00;20.00
18656;2602;62.0;51;11.37;6740.0;-0.78;0.00;17.25;100.4;41.5;80.00;20.00
18668;2602;62.0;51;11.37;6700.0;-0.78;0.78;17.25;100.4;41.5;80.00;20.00
18678;2602;62.0;51;10.98;6670.0;-0.78;0.78;16.86;100.4;41.5;80.00;20.00
18689;2603;61.0;51;10.98;6630.0;-0.78;0.78;16.86;100.4;41.5;80.00;20.00
18700;2603;61.0;51;10.98;6590.0;-0.78;0.78;16.86;100.3;41.5;80.00;20.00
18711;2603;61.0;51;10.98;6610.0;-0.78;0.78;16.86;100.3;41.5;80.00;20.00
18720;2603;61.0;51;10.98;6630.0;-0.78;0.78;16.47;100.3;41.5;80.00;20.00
18728;2603;60.0;51;10.98;6650.0;-0.78;0.78;16.47;100.3;41.5;80.00;20.00
18738;2603;60.0;51;10.98;6670.0;-0.78;0.78;16.47;100.3;41.5;80.00;20.00
18749;2603;60.0;51;11.37;6690.0;-0.78;0.78;16.47;100.3;41.5;80.00;20.00
18759;2603;60.0;51;11.37;6700.0;-0.78;0.78;16.47;100.3;41.5;78.82;21.18
18775;2604;59.0;51;11.37;6720.0;0.00;0.78;16.47;100.3;41.5;78.82;21.18
18789;2605;59.0;51;11.37;6740.0;0.00;1.56;16.47;100.2;41.5;78.82;21.18
18798;2606;59.0;51;11.37;6760.0;0.00;1.56;16.08;100.2;41.5;78.82;21.18
18810;2607;59.0;51;11.37;6780.0;0.00;1.56;16.08;100.2;41.5;78.82;21.18
18819;2608;59.0;51;11.37;6800.0;0.00;1.56;16.08;100.2;41.5;78.82;21.18
18829;2609;59.0;51;11.37;6800.0;0.00;1.56;16.08;100.2;41.5;78.82;21.18
18840;2611;59.0;51;11.37;6800.0;0.00;1.56;16.08;100.2;41.5;78.82;21.18
18849;2612;59.0;51;11.37;6800.0;0.00;1.56;16.08;100.2;41.5;78.82;21.18
18860;2613;59.0;51;11.37;6800.0;0.00;1.56;16.08;100.2;41.5;78.82;21.18
18869;2614;59.0;51;10.98;6800.0;0.00;1.56;16.08;100.1;41.5;78.82;21.18
18878;2615;59.0;51;10.98;6800.0;0.00;1.56;16.08;100.1;41.5;78.82;21.18
18894;2616;59.0;51;10.98;6800.0;0.78;1.56;16.08;100.1;41.5;78.82;21.18
18911;2617;59.0;51;10.98;6800.0;0.78;1.56;16.08;100.1;41.5;78.82;21.18
18920;2617;59.0;51;10.98;6800.0;0.78;1.56;16.08;100.1;41.5;78.82;21.18
18929;2617;59.0;51;10.98;6800.0;0.78;1.56;16.08;100.1;41.5;78.82;21.18
18940;2617;59.0;51;10.98;6800.0;0.78;1.56;16.08;100.1;41.5;78.82;21.18
18948;2617;59.0;51;10.98;6770.0;0.78;1.56;16.08;100.1;41.5;78.82;21.18
18960;2617;59.0;51;10.98;6750.0;0.78;1.56;16.08;100.1;41.5;78.82;21.18
18969;2617;58.0;51;10.98;6720.0;0.78;1.56;16.08;100.1;41.5;78.82;21.18
18978;2618;58.0;51;10.98;6700.0;1.56;1.56;16.08;100.1;41.5;78.82;21.18
18990;2618;58.0;51;10.59;6670.0;1.56;2.34;16.08;100.1;41.5;78.82;21.18
19000;2618;58.0;51;10.59;6650.0;1.56;2.34;16.08;100.1;41.5;78.04;21.96
19014;2618;58.0;51;10.59;6620.0;1.56;2.34;16.08;100.0;41.5;78.04;21.96
19031;2618;58.0;51;10.59;6600.0;1.56;2.34;16.08;100.0;41.5;78.04;21.96
19040;2619;58.0;51;10.59;6570.0;1.56;2.34;16.47;100.0;41.5;78.04;21.96
19049;2619;57.0;51;10.59;6550.0;2.34;2.34;16.47;100.0;41.5;78.04;21.96
19059;2619;57.0;51;10.59;6520.0;2.34;3.13;16.47;99.9;41.5;78.04;21.96
19071;2619;57.0;51;10.59;6530.0;2.34;3.13;16.47;99.9;41.5;78.04;21.96
19079;2620;57.0;51;10.20;6530.0;2.34;3.13;16.47;99.9;41.5;78.04;21.96
19088;2620;56.0;51;10.20;6540.0;2.34;3.13;16.47;99.9;41.5;78.04;21.96
19099;2620;56.0;51;10.20;6550.0;2.34;3.13;16.47;99.8;41.5;78.04;21.96
19110;2620;56.0;51;10.20;6550.0;2.34;3.13;16.47;99.8;41.5;78.04;21.96
19118;2621;56.0;51;10.20;6560.0;2.34;3.13;16.08;99.8;42.0;76.86;23.14
19135;2621;55.0;51;10.20;6560.0;2.34;3.13;16.08;99.7;42.5;76.86;23.14
19150;2621;55.0;51;9.80;6570.0;2.34;3.13;16.08;99.7;42.5;76.86;23.14
19162;2621;55.0;51;9.80;6580.0;2.34;3.13;16.08;99.6;43.0;76.86;23.14
19168;2620;54.0;51;9.80;6580.0;2.34;3.13;16.08;99.6;43.5;76.86;23.14
19180;2620;54.0;51;9.80;6590.0;2.34;3.13;16.08;99.6;44.0;76.86;23.14
19190;2620;53.0;51;9.80;6570.0;2.34;3.13;15.69;99.5;44.5;76.86;23.14
19198;2620;53.0;51;9.41;6550.0;2.34;3.13;15.69;99.5;45.0;76.86;23.14
19213;2620;52.0;51;9.41;6520.0;2.34;3.13;15.69;99.5;45.0;76.86;23.14
19231;2620;52.0;51;9.41;6500.0;2.34;3.13;15.69;99.4;45.5;76.86;23.14
19239;2619;51.0;51;9.41;6480.0;2.34;3.13;15.29;99.4;46.0;76.86;23.14
19250;2619;51.0;51;9.41;6460.0;2.34;3.13;15.29;99.4;46.5;100.00;0.00
19265;2619;50.0;51;9.41;6440.0;1.56;3.13;15.29;99.4;47.0;100.00;0.00
19278;2619;50.0;51;9.02;6420.0;1.56;3.13;15.29;99.4;47.5;100.00;0.00
19289;2620;50.0;51;9.02;6390.0;1.56;3.13;14.90;99.4;48.0;100.00;0.00
19301;2620;50.0;51;9.02;6370.0;1.56;3.13;14.90;99.4;48.5;100.00;0.00
19309;2620;50.0;51;9.02;6350.0;1.56;3.13;14.90;99.4;49.5;100.00;0.00
19318;2620;50.0;51;9.02;6380.0;1.56;3.13;14.90;99.4;50.0;100.00;0.00
19329;2620;50.0;51;9.02;6410.0;1.56;3.13;14.51;99.4;50.5;100.00;0.00
19341;2621;49.0;51;9.02;6430.0;1.56;3.13;14.51;99.4;51.0;100.00;0.00
19351;2621;49.0;51;9.02;6460.0;1.56;3.13;14.51;99.4;51.5;100.00;0.00
19359;2621;49.0;51;9.02;6490.0;1.56;3.13;14.51;99.4;52.0;100.00;0.00
19368;2621;49.0;51;9.02;6520.0;1.56;3.13;14.51;99.4;52.0;100.00;0.00
19386;2622;49.0;51;9.02;6550.0;0.78;3.13;14.51;99.4;52.5;100.00;0.00
19400;2623;49.0;51;9.02;6580.0;0.78;2.34;14.51;99.4;52.5;100.00;0.00
19413;2625;49.0;51;9.02;6600.0;0.78;2.34;14.12;99.4;52.5;100.00;0.00
19430;2627;49.0;51;9.02;6630.0;0.78;2.34;14.12;99.4;52.5;100.00;0.00
19438;2628;49.0;51;9.02;6660.0;0.78;2.34;14.12;99.4;53.0;100.00;0.00
19450;2630;49.0;51;9.02;6640.0;0.78;2.34;14.12;99.4;53.0;100.00;0.00
19461;2631;49.0;51;9.02;6630.0;0.78;2.34;14.12;99.4;53.0;100.00;0.00
19469;2633;49.0;51;9.02;6610.0;0.78;2.34;14.12;99.4;53.0;100.00;0.00
19479;2635;49.0;51;9.02;6600.0;0.78;2.34;14.12;99.4;53.5;100.00;0.00
19488;2636;49.0;51;9.02;6580.0;0.78;2.34;14.12;99.4;53.5;100.00;0.00
19500;2638;49.0;51;9.02;6570.0;0.78;2.34;14.12;99.4;53.5;100.00;0.00
19514;2640;49.0;51;9.02;6550.0;0.78;2.34;14.12;99.4;53.5;100.00;0.00
19529;2639;49.0;51;9.02;6540.0;0.78;3.13;14.12;99.4;53.5;100.00;0.00
19538;2638;49.0;51;9.02;6520.0;0.78;3.13;14.12;99.4;53.5;100.00;0.00
19550;2638;49.0;51;9.02;6510.0;0.78;3.13;14.12;99.4;53.5;100.00;0.00
19559;2637;49.0;51;9.02;6490.0;0.78;3.13;14.12;99.4;54.0;100.00;0.00
19571;2637;49.0;51;9.02;6490.0;0.78;3.13;14.12;99.4;54.0;100.00;0.00
19579;2636;49.0;51;9.02;6490.0;0.78;3.13;14.12;99.4;54.0;100.00;0.00
19590;2636;49.0;51;9.02;6490.0;0.78;3.13;14.12;99.4;54.0;100.00;0.00
19598;2635;49.0;51;9.02;6490.0;0.78;3.13;14.12;99.4;54.0;100.00;0.00
19610;2635;49.0;51;9.02;6490.0;0.78;3.13;14.12;99.4;54.0;100.00;0.00
19620;2634;49.0;51;9.02;6490.0;0.78;3.13;14.12;99.4;54.0;100.00;0.00
19636;2633;49.0;51;9.02;6490.0;1.56;3.13;14.12;99.4;54.0;100.00;0.00
19649;2633;49.0;51;9.02;6490.0;1.56;3.91;14.12;99.4;54.5;100.00;0.00
19660;2633;49.0;51;9.02;6490.0;1.56;3.91;14.12;99.4;54.5;100.00;0.00
19670;2634;49.0;51;9.02;6490.0;1.56;3.91;14.12;99.4;54.5;100.00;0.00
19679;2634;49.0;51;9.02;6490.0;1.56;3.91;14.12;99.4;54.5;100.00;0.00
19690;2634;49.0;51;9.02;6490.0;1.56;3.91;14.12;99.4;54.5;100.00;0.00
19700;2634;49.0;51;9.02;6480.0;1.56;3.91;14.12;99.4;54.5;100.00;0.00
19709;2634;49.0;51;9.02;6480.0;1.56;3.91;14.12;99.4;55.0;100.00;0.00
19720;2634;49.0;51;9.02;6480.0;1.56;3.91;14.12;99.4;55.0;100.00;0.00
19729;2634;49.0;51;9.02;6470.0;1.56;3.91;14.12;99.4;55.0;100.00;0.00
19741;2634;49.0;51;9.02;6470.0;1.56;3.91;14.12;99.4;55.0;100.00;0.00
19755;2634;49.0;51;9.02;6460.0;1.56;3.91;14.12;99.4;55.0;100.00;0.00
19770;2634;49.0;51;9.02;6460.0;1.56;4.69;14.12;99.4;55.0;100.00;0.00
19780;2634;49.0;51;9.02;6460.0;1.56;4.69;14.12;99.4;55.0;100.00;0.00
19790;2634;49.0;51;9.02;6450.0;1.56;4.69;14.12;99.4;55.0;100.00;0.00
19799;2635;49.0;51;9.02;6450.0;1.56;4.69;14.12;99.4;55.0;100.00;0.00
19810;2635;49.0;51;9.02;6450.0;1.56;4.69;14.12;99.4;55.0;100.00;0.00
19821;2635;49.0;51;9.02;6450.0;1.56;4.69;14.12;99.4;55.0;100.00;0.00
19828;2635;49.0;51;9.02;6450.0;1.56;4.69;14.12;99.4;55.0;100.00;0.00
19840;2635;49.0;51;9.02;6450.0;2.34;4.69;14.12;99.4;55.0;100.00;0.00
19850;2635;49.0;51;9.02;6450.0;2.34;5.47;14.12;99.4;55.0;100.00;0.00
19859;2635;49.0;51;9.02;6450.0;2.34;5.47;14.12;99.4;55.0;0.00;100.00
19875;2636;49.0;51;9.02;6450.0;2.34;5.47;14.12;99.4;55.0;0.00;100.00
19890;2637;49.0;51;9.02;6450.0;2.34;5.47;14.12;99.4;55.0;0.00;100.00
19899;2637;49.0;51;9.02;6450.0;2.34;5.47;13.73;99.4;55.0;0.00;100.00
19911;2638;49.0;51;9.02;6450.0;3.13;5.47;13.73;99.4;55.0;0.00;100.00
19918;2639;49.0;51;9.02;6450.0;3.13;6.25;13.73;99.4;55.5;0.00;100.00
19930;2640;49.0;51;9.02;6450.0;3.13;6.25;13.73;99.4;55.5;0.00;100.00
19941;2641;49.0;51;9.02;6460.0;3.13;6.25;13.73;99.4;55.5;0.00;100.00
19950;2642;49.0;51;9.02;6460.0;3.91;6.25;13.73;99.4;55.5;0.00;100.00
19958;2643;49.0;51;9.02;6460.0;3.91;7.03;13.73;99.4;55.5;0.00;100.00
19970;2644;49.0;51;9.02;6470.0;4.69;7.03;13.73;99.4;55.5;0.00;100.00
19980;2645;49.0;51;9.02;6470.0;4.69;7.03;13.73;99.4;55.5;0.00;100.00
19996;2646;49.0;51;9.02;6480.0;5.47;7.81;13.73;99.4;55.5;0.00;100.00
20013;2645;49.0;51;9.02;6480.0;5.47;7.81;13.73;99.4;55.5;0.00;100.00
20030;2645;49.0;51;9.02;6480.0;6.25;8.59;13.73;99.4;55.5;0.00;100.00
20040;2644;49.0;51;9.02;6490.0;6.25;8.59;13.73;99.4;55.5;0.00;100.00
20050;2644;49.0;51;9.02;6490.0;7.03;8.59;13.73;99.4;56.0;0.00;100.00
20060;2643;49.0;51;9.02;6490.0;7.03;9.38;13.73;99.3;56.0;0.00;100.00
20070;2642;49.0;51;8.63;6490.0;7.03;9.38;13.73;99.3;56.0;0.00;100.00
20079;2642;48.0;51;8.63;6490.0;7.03;9.38;13.73;99.3;56.0;0.00;100.00
20090;2641;48.0;51;8.63;6490.0;7.81;9.38;13.73;99.3;56.0;0.00;100.00
20101;2641;48.0;51;8.63;6490.0;7.81;9.38;13.73;99.3;56.0;0.00;100.00
20110;2640;48.0;51;8.63;6490.0;7.81;9.38;13.33;99.3;56.5;0.00;100.00
20127;2639;48.0;51;8.63;6490.0;7.81;9.38;13.33;99.3;57.0;0.00;100.00
20140;2639;48.0;51;8.24;6490.0;7.81;10.16;13.33;99.2;57.0;0.00;100.00
20150;2638;48.0;51;8.24;6490.0;7.81;10.16;13.33;99.2;57.5;0.00;100.00
20162;2638;47.0;51;8.24;6490.0;8.59;10.16;13.33;99.2;58.0;0.00;100.00
20180;2637;47.0;51;8.24;6490.0;8.59;10.16;13.33;99.1;58.5;0.00;100.00
20190;2637;47.0;51;8.24;6490.0;8.59;10.16;12.94;99.1;59.0;0.00;100.00
20200;2636;46.0;51;8.24;6490.0;8.59;10.16;12.94;99.1;59.5;0.00;100.00
20212;2636;46.0;51;8.24;6490.0;8.59;10.16;12.94;99.1;59.5;0.00;100.00
20230;2635;45.0;51;8.24;6490.0;9.38;10.16;12.94;99.1;60.0;0.00;100.00
20241;2634;45.0;51;7.84;6490.0;9.38;10.16;12.94;99.1;60.5;0.00;100.00
20250;2634;45.0;51;7.84;6490.0;9.38;10.16;12.55;99.1;61.0;0.00;100.00
20265;2633;44.0;51;7.84;6490.0;9.38;10.16;12.55;99.1;61.0;0.00;100.00
20280;2633;44.0;51;7.84;6490.0;9.38;10.94;12.55;99.1;61.5;0.00;100.00
20290;2633;44.0;51;7.84;6490.0;9.38;10.94;12.55;99.1;61.5;0.00;100.00
20300;2633;44.0;51;7.84;6490.0;10.16;10.94;12.55;99.1;62.0;0.00;100.00
20308;2633;43.0;51;7.84;6490.0;10.16;10.94;12.55;99.1;62.0;0.00;100.00
20320;2633;43.0;51;7.84;6490.0;10.16;10.94;12.16;99.1;62.5;0.00;100.00
20329;2633;43.0;51;7.84;6490.0;10.16;10.94;12.16;99.1;62.5;0.00;100.00
20340;2633;43.0;51;7.84;6490.0;9.38;10.94;12.16;99.1;63.0;0.00;100.00
20350;2633;43.0;51;7.84;6490.0;9.38;10.94;12.16;99.1;63.0;0.00;100.00
20359;2633;43.0;51;7.84;6490.0;9.38;10.94;11.76;99.1;63.5;0.00;100.00
20370;2633;42.0;51;7.84;6490.0;9.38;10.94;11.76;99.1;63.5;0.00;100.00
20385;2633;42.0;51;7.84;6490.0;8.59;10.94;11.76;99.1;64.0;0.00;100.00
20399;2633;42.0;51;7.84;6490.0;8.59;10.16;11.37;99.0;64.0;0.00;100.00
20413;2633;42.0;51;7.84;6490.0;8.59;10.16;11.37;99.0;64.0;0.00;100.00
20430;2634;42.0;51;7.84;6490.0;8.59;10.16;10.98;99.0;64.0;0.00;100.00
20441;2634;41.0;51;7.84;6490.0;7.81;10.16;10.98;99.0;64.5;0.00;100.00
20451;2634;41.0;51;7.84;6490.0;7.81;10.16;10.98;99.0;64.5;0.00;100.00
20461;2634;41.0;51;7.84;6490.0;7.81;10.16;10.59;99.0;64.5;0.00;100.00
20470;2634;41.0;51;7.84;6490.0;7.81;10.16;10.59;99.0;64.5;0.00;100.00
20480;2634;41.0;51;7.84;6490.0;7.81;10.16;10.59;99.0;65.0;0.00;100.00
20489;2635;41.0;51;7.45;6490.0;7.81;10.16;10.59;99.0;65.0;0.00;100.00
20500;2635;40.0;51;7.45;6490.0;7.81;10.16;10.59;98.9;65.5;0.00;100.00
20516;2635;40.0;51;7.45;6490.0;7.81;10.16;10.59;98.9;66.0;0.00;100.00
20530;2635;40.0;51;7.45;6490.0;7.81;9.38;10.59;98.9;66.0;0.00;100.00
20540;2635;40.0;51;7.45;6490.0;7.81;9.38;10.59;98.9;66.5;0.00;100.00
20552;2635;39.0;51;7.45;6490.0;7.81;9.38;10.59;98.9;67.0;0.00;100.00
20570;2635;39.0;51;7.45;6490.0;7.81;9.38;10.59;98.9;67.5;0.00;100.00
20581;2635;39.0;51;7.45;6490.0;7.81;9.38;10.59;98.9;68.0;0.00;100.00
20590;2634;39.0;51;7.06;6500.0;7.81;9.38;10.59;98.9;68.5;0.00;100.00
20601;2634;38.0;51;7.06;6500.0;7.81;9.38;10.59;98.9;68.5;0.00;100.00
20609;2634;38.0;51;7.06;6500.0;7.81;9.38;10.59;98.9;69.0;0.00;100.00
20621;2634;38.0;51;7.06;6500.0;7.81;8.59;10.59;98.9;69.5;0.00;100.00
20630;2634;38.0;51;7.06;6510.0;7.81;8.59;10.59;98.9;70.0;0.00;100.00
20644;2634;37.0;51;7.06;6510.0;7.81;8.59;10.59;98.9;70.5;0.00;100.00
20662;2633;37.0;51;6.67;6510.0;7.81;8.59;10.59;98.9;71.0;0.00;100.00
20680;2632;36.0;51;6.67;6510.0;7.81;8.59;10.98;98.9;71.5;0.00;100.00
20689;2631;36.0;51;6.67;6520.0;7.81;8.59;10.98;98.9;72.0;0.00;100.00
20700;2630;35.0;51;6.67;6520.0;7.81;7.81;10.98;98.9;72.5;0.00;100.00
20709;2629;34.0;51;6.67;6520.0;7.81;7.81;10.98;98.9;73.0;0.00;100.00
20720;2628;33.0;51;6.67;6520.0;7.81;7.81;10.98;98.9;73.5;0.00;100.00
20731;2627;33.0;51;6.67;6520.0;7.03;7.81;10.98;98.9;74.0;0.00;100.00
20740;2626;32.0;51;6.67;6520.0;7.03;7.03;10.98;98.9;74.5;0.00;100.00
20750;2625;31.0;51;6.27;6520.0;7.03;7.03;10.98;98.9;75.0;0.00;100.00
20759;2624;30.0;51;6.27;6520.0;7.03;7.03;10.59;98.9;75.5;0.00;100.00
20776;2623;30.0;51;6.27;6520.0;6.25;6.25;10.59;98.9;76.0;0.00;100.00
20789;2624;29.0;51;6.27;6520.0;6.25;6.25;10.59;98.9;76.5;0.00;100.00
20801;2625;29.0;51;6.27;6520.0;6.25;5.47;10.59;98.9;77.0;0.00;100.00
20813;2625;29.0;51;6.27;6520.0;6.25;5.47;10.59;98.9;77.5;0.00;100.00
20831;2626;28.0;51;6.27;6520.0;5.47;5.47;10.59;98.9;78.5;0.00;100.00
20841;2627;28.0;51;6.27;6520.0;5.47;4.69;10.20;98.9;79.0;0.00;100.00
20860;2627;28.0;51;6.27;6520.0;5.47;4.69;10.20;98.9;79.5;0.00;100.00
20870;2628;28.0;51;6.27;6520.0;4.69;4.69;10.20;98.9;80.0;0.00;100.00
20880;2629;28.0;51;6.27;6520.0;4.69;3.91;10.20;98.9;80.5;0.00;100.00
20889;2630;28.0;51;5.88;6520.0;4.69;3.91;10.20;98.9;81.0;0.00;100.00
20901;2630;27.0;51;5.88;6520.0;3.91;3.91;9.80;98.9;81.5;0.00;100.00
20914;2631;27.0;51;5.88;6520.0;3.91;3.13;9.80;98.9;82.0;0.00;100.00
20931;2629;27.0;51;5.88;6520.0;3.13;3.13;9.80;98.9;82.5;0.00;100.00
20941;2626;27.0;51;5.88;6520.0;3.13;2.34;9.80;98.9;83.0;0.00;100.00
20949;2624;27.0;51;5.88;6520.0;3.13;2.34;9.80;98.9;83.5;0.00;100.00
20961;2622;27.0;51;5.88;6520.0;2.34;2.34;9.80;98.9;84.0;0.00;100.00
20972;2620;27.0;51;5.88;6520.0;2.34;1.56;9.41;98.9;84.5;0.00;100.00
20990;2617;27.0;51;5.88;6520.0;2.34;1.56;9.41;98.9;85.0;0.00;100.00
21000;2615;26.0;51;5.88;6520.0;1.56;1.56;9.41;98.9;85.5;0.00;100.00
21012;2613;26.0;51;5.88;6520.0;1.56;1.56;9.41;98.9;86.0;0.00;100.00
21031;2610;26.0;51;6.27;6520.0;1.56;0.78;9.41;98.9;86.5;0.00;100.00
21040;2608;26.0;51;6.27;6520.0;1.56;0.78;9.41;98.9;86.5;0.00;100.00
21053;2606;26.0;51;6.27;6520.0;0.78;0.78;9.41;98.9;86.5;0.00;100.00
21071;2602;26.0;51;6.27;6520.0;0.78;0.78;9.41;98.9;87.0;0.00;100.00
21081;2598;26.0;51;6.27;6520.0;0.78;0.78;9.41;98.9;87.0;0.00;100.00
21090;2594;26.0;51;6.27;6520.0;0.78;0.78;9.41;98.9;87.0;0.00;100.00
21100;2590;26.0;51;6.27;6520.0;0.00;0.00;9.41;98.9;87.0;0.00;100.00
21110;2586;26.0;51;6.27;6520.0;0.00;0.00;9.41;98.9;87.0;0.00;100.00
21119;2582;26.0;51;6.27;6520.0;0.00;0.00;9.41;98.9;87.0;0.00;100.00
21130;2578;26.0;51;6.27;6520.0;0.00;0.00;9.41;98.9;87.5;0.00;100.00
21141;2574;26.0;51;6.27;6520.0;0.00;0.00;9.41;98.9;87.5;0.00;100.00
21150;2569;26.0;51;6.27;6520.0;0.00;0.00;9.41;98.9;87.5;0.00;100.00
21161;2565;26.0;51;6.27;6520.0;0.00;0.00;9.41;98.9;87.5;0.00;100.00
21187;2561;26.0;51;6.27;6520.0;0.00;0.00;9.41;98.9;87.5;0.00;100.00
21199;2568;26.0;51;6.27;6520.0;0.00;0.00;9.41;98.9;87.5;0.00;100.00
21210;2575;26.0;51;6.27;6520.0;0.00;0.00;9.80;98.9;87.5;0.00;100.00
21221;2583;26.0;51;6.27;6520.0;0.00;0.00;9.80;98.9;87.5;0.00;100.00
21230;2590;26.0;51;6.27;6520.0;0.00;0.00;9.80;98.9;88.0;0.00;100.00
21241;2597;26.0;51;6.27;6520.0;0.00;0.00;9.80;98.9;88.0;0.00;100.00
21250;2604;26.0;51;6.27;6520.0;0.00;0.00;9.80;98.9;88.0;0.00;100.00
21260;2611;26.0;51;6.27;6520.0;0.00;0.00;9.80;98.9;88.0;0.00;100.00
21270;2618;26.0;51;6.27;6520.0;0.00;0.00;9.80;98.9;88.0;0.00;100.00
21279;2625;26.0;51;6.27;6520.0;0.00;0.00;9.80;98.9;88.0;0.00;100.00
21291;2632;26.0;51;6.27;6520.0;0.00;0.00;9.41;98.9;88.0;0.00;100.00
21314;2639;26.0;51;6.27;6520.0;0.00;0.00;9.41;98.9;88.0;0.00;100.00
21330;2639;26.0;51;6.27;6520.0;0.00;0.00;9.41;98.9;88.0;0.00;100.00
21341;2638;26.0;51;6.27;6520.0;0.00;0.00;9.41;98.9;88.0;0.00;100.00
21350;2638;26.0;51;6.27;6520.0;0.00;0.00;9.41;98.9;88.0;0.00;100.00
21359;2638;26.0;51;6.27;6520.0;0.00;0.00;9.41;98.9;88.5;0.00;100.00
21370;2638;26.0;51;6.27;6520.0;0.00;0.00;9.02;98.9;88.5;0.00;100.00
21379;2637;26.0;51;6.27;6530.0;0.00;0.00;9.02;98.9;88.5;0.00;100.00
21392;2637;25.0;51;6.27;6530.0;0.78;0.00;9.02;98.9;88.5;0.00;100.00
21415;2637;25.0;51;6.27;6530.0;0.78;0.00;9.02;98.9;88.5;0.00;100.00
21431;2636;25.0;51;6.27;6540.0;0.78;0.78;9.02;98.9;88.5;0.00;100.00
21441;2636;25.0;51;6.27;6540.0;1.56;0.78;9.02;98.9;88.5;0.00;100.00
21455;2636;25.0;51;6.27;6550.0;1.56;0.78;9.02;98.9;88.5;0.00;100.00
21469;2634;25.0;51;6.27;6550.0;2.34;0.78;9.02;98.9;88.5;0.00;100.00
21481;2632;25.0;51;6.27;6550.0;2.34;0.78;9.02;98.9;88.5;0.00;100.00
21490;2630;25.0;51;6.27;6560.0;2.34;0.78;9.02;98.9;88.5;0.00;100.00
21499;2628;25.0;51;6.27;6560.0;3.13;1.56;9.02;98.9;89.0;0.00;100.00
21510;2626;25.0;51;6.27;6560.0;3.13;1.56;9.02;98.9;89.0;0.00;100.00
21519;2624;25.0;51;6.27;6560.0;3.13;1.56;9.02;98.9;89.0;0.00;100.00
21532;2622;26.0;51;6.27;6560.0;3.13;1.56;9.02;98.9;89.0;0.00;100.00
21551;2620;26.0;51;6.27;6560.0;3.13;1.56;9.02;98.9;89.0;0.00;100.00
21560;2618;26.0;51;6.27;6560.0;3.13;0.78;9.02;98.9;89.0;0.00;100.00
21570;2617;26.0;51;6.27;6560.0;3.13;0.78;9.02;98.9;88.5;0.00;100.00
21586;2615;26.0;51;6.27;6560.0;3.91;0.78;9.02;99.0;88.0;0.00;100.00
21599;2613;26.0;51;6.27;6560.0;3.91;0.78;9.02;99.0;87.0;0.00;100.00
21612;2611;28.0;51;6.27;6560.0;3.91;0.78;9.41;99.1;86.5;0.00;100.00
21631;2610;29.0;51;6.27;6560.0;3.91;0.78;9.41;99.1;86.0;0.00;100.00
21640;2608;31.0;51;6.67;6560.0;3.91;0.00;9.41;99.1;85.5;0.00;100.00
21649;2606;32.0;51;7.45;6560.0;3.91;0.00;9.41;99.2;85.0;0.00;100.00
21662;2605;34.0;51;7.84;6560.0;3.91;0.00;9.41;99.2;84.5;0.00;100.00
21681;2603;35.0;51;8.63;6560.0;3.13;0.00;9.41;99.2;83.5;0.00;100.00
21690;2602;37.0;51;9.02;6560.0;3.13;0.00;10.59;99.3;83.0;0.00;100.00
21698;2600;38.0;51;9.80;6560.0;3.13;0.00;11.37;99.5;82.5;0.00;100.00
21710;2598;40.0;51;10.20;6560.0;2.34;0.00;12.55;99.7;81.0;0.00;100.00
21724;2597;41.0;51;10.98;6560.0;2.34;0.00;13.33;99.9;79.5;0.00;100.00
21742;2602;43.0;51;11.37;6560.0;1.56;0.00;14.51;100.1;78.0;0.00;100.00
21761;2607;46.0;51;12.16;6560.0;1.56;0.00;15.29;100.4;76.5;0.00;100.00
21782;2612;48.0;51;12.55;6560.0;1.56;0.00;16.47;100.6;75.0;0.00;100.00
21800;2617;51.0;51;12.94;6560.0;0.78;0.00;17.25;100.8;73.0;0.00;100.00
21811;2622;54.0;51;12.94;6580.0;0.78;0.00;18.43;101.0;71.5;0.00;100.00
21820;2627;57.0;51;13.33;6600.0;0.78;0.00;19.22;101.2;70.0;0.00;100.00
21831;2632;59.0;51;13.73;6620.0;1.56;0.00;20.39;101.4;68.5;0.00;100.00
21839;2637;62.0;51;13.73;6640.0;1.56;0.78;21.18;101.6;67.0;0.00;100.00
21850;2642;65.0;51;14.12;6660.0;1.56;0.78;21.96;101.6;65.5;0.00;100.00
21859;2647;68.0;51;14.12;6670.0;1.56;0.78;22.75;101.6;65.0;0.00;100.00
21874;2652;70.0;51;14.51;6690.0;2.34;0.78;23.53;101.6;64.0;0.00;100.00
21892;2653;73.0;51;14.90;6710.0;2.34;1.56;24.31;101.6;63.5;0.00;100.00
21910;2655;73.0;51;14.90;6730.0;2.34;1.56;25.49;101.6;62.5;0.00;100.00
21921;2657;72.0;51;15.29;6750.0;2.34;1.56;26.27;101.6;62.0;0.00;100.00
21932;2658;72.0;51;15.29;6770.0;3.13;1.56;27.06;101.6;61.0;0.00;100.00
21950;2660;72.0;51;14.90;6730.0;3.13;2.34;27.84;101.6;60.5;0.00;100.00
21959;2661;72.0;51;14.90;6680.0;3.13;2.34;28.63;101.6;59.5;0.00;100.00
21972;2663;71.0;51;14.90;6640.0;2.34;2.34;29.41;101.6;59.0;0.00;100.00
21990;2664;71.0;51;14.51;6590.0;2.34;2.34;28.63;101.6;58.0;0.00;100.00
22001;2666;71.0;51;14.51;6550.0;2.34;2.34;27.84;101.6;57.5;0.00;100.00
22012;2667;71.0;51;14.12;6500.0;2.34;2.34;27.06;101.6;57.0;45.88;54.12
22034;2669;70.0;51;14.12;6460.0;1.56;2.34;26.27;101.5;56.0;45.88;54.12
22049;2663;70.0;51;14.12;6410.0;1.56;1.56;25.49;101.5;55.5;45.88;54.12
22061;2657;70.0;51;13.73;6370.0;1.56;1.56;24.71;101.5;55.0;45.88;54.12
22071;2651;70.0;51;13.73;6320.0;1.56;1.56;23.92;101.4;54.5;45.88;54.12
22079;2645;69.0;51;13.73;6280.0;0.78;1.56;23.14;101.4;53.5;45.88;54.12
22091;2639;69.0;51;13.73;6300.0;0.78;1.56;22.35;101.4;53.0;45.88;54.12
22111;2633;69.0;51;13.73;6310.0;0.78;1.56;21.57;101.3;52.5;45.88;54.12
22120;2627;69.0;51;13.73;6330.0;0.00;1.56;20.78;101.3;52.0;45.88;54.12
22129;2621;69.0;51;13.73;6340.0;0.00;0.78;20.78;101.2;51.0;45.88;54.12
22139;2614;69.0;51;13.33;6360.0;0.00;0.78;20.39;101.3;50.5;45.88;54.12
22151;2608;68.0;51;13.33;6370.0;-0.78;0.00;20.39;101.5;50.0;47.84;52.16
22165;2602;68.0;51;13.33;6390.0;-0.78;0.00;20.39;101.6;49.5;47.84;52.16
22182;2608;68.0;51;13.33;6400.0;-1.56;-0.78;20.00;101.7;49.0;47.84;52.16
22197;2614;69.0;51;13.33;6420.0;-1.56;-0.78;20.00;101.8;48.5;47.84;52.16
22211;2619;69.0;51;13.33;6430.0;-1.56;-1.56;19.61;101.9;48.0;47.84;52.16
22219;2625;70.0;51;13.73;6450.0;-2.34;-1.56;19.61;102.0;48.0;47.84;52.16
22230;2630;71.0;51;13.73;6440.0;-2.34;-2.34;19.61;102.1;47.5;47.84;52.16
22241;2636;72.0;51;14.12;6420.0;-2.34;-2.34;19.22;102.2;47.0;47.84;52.16
22250;2642;72.0;51;14.51;6410.0;-2.34;-2.34;19.22;102.3;46.5;47.84;52.16
22261;2647;73.0;50;14.90;6400.0;-2.34;-2.34;19.61;102.4;46.0;47.84;52.16
22271;2653;74.0;50;14.90;6390.0;-2.34;-2.34;20.00;102.4;45.5;47.84;52.16
22288;2658;75.0;50;15.29;6370.0;-2.34;-2.34;20.39;102.4;45.5;45.10;54.90
22305;2664;75.0;50;15.69;6360.0;-3.13;-2.34;20.78;102.4;45.0;45.10;54.90
22320;2664;76.0;50;16.08;6350.0;-3.13;-2.34;21.18;102.4;45.0;45.10;54.90
22331;2664;76.0;50;16.08;6340.0;-3.13;-2.34;21.96;102.4;44.5;45.10;54.90
22349;2665;76.0;50;16.47;6320.0;-3.13;-2.34;22.35;102.4;44.5;45.10;54.90
22361;2665;77.0;50;16.47;6310.0;-3.13;-2.34;22.75;102.4;44.0;45.10;54.90
22369;2665;77.0;50;16.47;6310.0;-3.13;-2.34;23.14;102.4;44.0;45.10;54.90
22378;2665;77.0;50;16.47;6320.0;-3.13;-2.34;23.53;102.4;43.5;45.10;54.90
22390;2666;77.0;50;16.47;6320.0;-3.13;-2.34;23.92;102.4;43.5;45.10;54.90
22401;2666;77.0;50;16.47;6320.0;-3.91;-2.34;23.92;102.4;43.0;45.10;54.90
22421;2666;77.0;50;16.47;6330.0;-3.91;-3.13;23.92;102.4;43.0;45.10;54.90
22440;2666;78.0;50;16.47;6330.0;-3.91;-3.13;23.53;102.4;43.0;41.96;58.04
22454;2667;78.0;50;16.47;6340.0;-3.91;-3.13;23.53;102.4;43.0;41.96;58.04
22471;2666;78.0;50;16.47;6340.0;-3.91;-3.13;23.53;102.4;43.0;41.96;58.04
22479;2666;78.0;50;16.47;6340.0;-3.91;-3.13;23.53;102.4;43.0;41.96;58.04
22490;2666;78.0;50;16.47;6350.0;-4.69;-3.13;23.53;102.4;43.0;41.96;58.04
22498;2666;78.0;50;16.47;6350.0;-4.69;-3.91;23.53;102.4;42.5;41.96;58.04
22511;2666;78.0;50;16.47;6340.0;-4.69;-3.91;23.14;102.4;42.5;41.96;58.04
22520;2666;78.0;50;16.47;6320.0;-4.69;-3.91;23.14;102.4;42.5;41.96;58.04
22531;2666;78.0;50;16.47;6310.0;-4.69;-3.91;23.14;102.4;42.5;41.96;58.04
22549;2665;78.0;50;16.47;6300.0;-5.47;-3.91;23.14;102.4;42.5;41.96;58.04
22561;2665;78.0;50;16.08;6290.0;-5.47;-3.91;23.14;102.4;42.5;41.96;58.04
22571;2665;78.0;50;16.08;6270.0;-5.47;-3.91;23.14;102.4;42.5;41.96;58.04
22596;2665;78.0;50;16.08;6260.0;-5.47;-3.91;23.14;102.4;42.5;41.96;58.04
22611;2669;78.0;50;16.08;6250.0;-5.47;-4.69;23.14;102.4;42.5;41.96;58.04
22619;2672;78.0;50;16.08;6240.0;-5.47;-4.69;22.75;102.4;42.5;41.96;58.04
22629;2676;78.0;50;16.08;6220.0;-6.25;-4.69;22.75;102.4;42.5;41.96;58.04
22638;2680;77.0;50;16.08;6210.0;-6.25;-4.69;22.75;102.4;42.0;41.96;58.04
22649;2684;77.0;50;16.08;6230.0;-6.25;-4.69;22.75;102.4;42.0;41.96;58.04
22661;2687;77.0;50;16.08;6250.0;-6.25;-4.69;22.75;102.4;42.0;41.96;58.04
22669;2691;77.0;50;16.08;6270.0;-6.25;-4.69;22.75;102.4;42.0;41.96;58.04
22681;2695;77.0;50;16.08;6290.0;-6.25;-4.69;22.75;102.4;42.0;41.96;58.04
22699;2698;77.0;50;16.08;6310.0;-6.25;-4.69;22.75;102.4;42.0;41.96;58.04
22710;2702;76.0;50;16.08;6320.0;-6.25;-4.69;22.75;102.3;42.0;45.88;54.12
22725;2706;76.0;50;16.08;6340.0;-6.25;-4.69;22.75;102.3;42.0;45.88;54.12
22740;2704;76.0;50;16.08;6360.0;-6.25;-3.91;22.75;102.2;42.0;45.88;54.12
22749;2702;76.0;50;16.08;6380.0;-6.25;-3.91;22.35;102.2;42.0;45.88;54.12
22761;2701;75.0;50;16.08;6400.0;-6.25;-3.91;22.35;102.1;42.0;45.88;54.12
22782;2699;75.0;50;16.08;6420.0;-6.25;-3.91;22.35;102.1;42.0;45.88;54.12
22800;2697;75.0;50;15.69;6420.0;-6.25;-3.91;22.35;102.1;42.0;45.88;54.12
22811;2695;74.0;50;15.69;6430.0;-6.25;-3.91;22.35;102.0;42.0;45.88;54.12
22820;2693;74.0;50;15.69;6430.0;-6.25;-3.91;22.35;102.0;42.0;45.88;54.12
22830;2692;73.0;50;15.69;6430.0;-6.25;-3.91;22.35;101.9;42.0;45.88;54.12
22839;2690;73.0;50;15.29;6430.0;-6.25;-3.91;21.96;102.0;42.0;45.88;54.12
22849;2688;73.0;50;15.29;6440.0;-6.25;-3.91;21.96;102.1;42.0;45.88;54.12
22865;2686;72.0;50;15.29;6440.0;-7.03;-3.91;21.96;102.1;42.0;45.88;54.12
22880;2691;72.0;50;15.29;6440.0;-7.03;-3.91;21.57;102.2;42.0;45.88;54.12
22889;2695;73.0;50;14.90;6440.0;-7.03;-3.91;21.57;102.2;42.0;45.88;54.12
22899;2699;73.0;50;14.90;6450.0;-7.03;-3.91;21.18;102.3;42.0;45.88;54.12
22912;2703;74.0;50;15.29;6450.0;-7.03;-3.91;21.18;102.4;41.5;45.88;54.12
22930;2707;74.0;50;15.29;6440.0;-7.03;-3.91;21.18;102.4;41.5;45.88;54.12
22941;2711;75.0;50;15.69;6440.0;-7.03;-3.91;20.78;102.5;41.5;45.88;54.12
22950;2715;75.0;50;15.69;6430.0;-7.03;-3.91;20.78;102.5;41.5;45.88;54.12
22961;2720;76.0;51;16.08;6420.0;-7.03;-3.91;20.78;102.6;41.5;45.88;54.12
22969;2724;76.0;51;16.08;6420.0;-7.03;-3.91;21.18;102.6;41.5;45.88;54.12
22979;2728;77.0;51;16.47;6410.0;-7.03;-3.91;21.18;102.6;41.5;50.20;49.80
22995;2732;77.0;51;16.47;6410.0;-6.25;-3.91;21.18;102.6;41.5;50.20;49.80
23012;2734;78.0;51;16.86;6400.0;-6.25;-3.91;21.18;102.7;41.5;50.20;49.80
23029;2737;78.0;51;16.86;6390.0;-6.25;-3.91;21.57;102.7;41.5;50.20;49.80
23039;2739;78.0;51;17.25;6390.0;-6.25;-3.91;21.57;102.7;41.5;50.20;49.80
23050;2741;79.0;51;17.25;6380.0;-6.25;-3.91;21.57;102.7;41.5;50.20;49.80
23059;2743;79.0;51;17.25;6380.0;-6.25;-3.91;21.57;102.7;41.5;50.20;49.80
23068;2745;79.0;51;17.25;6370.0;-6.25;-3.91;21.96;102.7;41.5;50.20;49.80
23080;2748;79.0;51;17.25;6370.0;-6.25;-3.91;21.96;102.8;41.5;50.20;49.80
23089;2750;79.0;51;17.25;6370.0;-6.25;-3.91;21.96;102.8;41.5;50.20;49.80
23100;2752;79.0;51;17.25;6370.0;-6.25;-3.91;22.35;102.8;41.5;50.20;49.80
23112;2754;80.0;51;17.25;6360.0;-6.25;-3.91;22.35;102.8;41.5;43.92;56.08
23138;2757;80.0;51;17.25;6360.0;-6.25;-3.91;22.35;102.8;41.5;43.92;56.08
23150;2756;80.0;51;17.25;6360.0;-6.25;-3.13;22.75;102.8;41.5;43.92;56.08
23161;2756;80.0;51;17.25;6360.0;-6.25;-3.13;22.75;102.8;41.5;43.92;56.08
23169;2756;80.0;51;17.25;6350.0;-6.25;-3.13;23.14;102.8;41.5;43.92;56.08
23178;2756;80.0;51;17.25;6350.0;-6.25;-3.13;23.14;102.8;42.0;43.92;56.08
23189;2756;80.0;51;17.25;6340.0;-6.25;-3.13;23.14;102.8;42.0;43.92;56.08
23198;2756;80.0;51;17.25;6340.0;-6.25;-3.13;23.53;102.8;42.0;43.92;56.08
23212;2756;81.0;51;17.25;6330.0;-6.25;-3.13;23.53;102.8;42.0;43.92;56.08
23230;2755;81.0;51;17.25;6320.0;-5.47;-3.13;23.53;102.8;42.0;43.92;56.08
23239;2755;81.0;51;17.25;6320.0;-5.47;-3.13;23.53;102.8;42.0;43.92;56.08
23250;2755;81.0;51;17.25;6310.0;-5.47;-3.13;23.53;102.7;42.0;43.14;56.86
23267;2755;81.0;51;17.25;6310.0;-5.47;-3.13;23.53;102.7;42.0;43.14;56.86
23279;2757;81.0;51;17.25;6300.0;-5.47;-3.13;23.53;102.7;42.0;43.14;56.86
23290;2758;81.0;51;17.25;6290.0;-5.47;-3.13;23.53;102.6;42.0;43.14;56.86
23301;2760;80.0;51;17.25;6290.0;-4.69;-3.13;23.53;102.6;42.0;43.14;56.86
23308;2762;80.0;51;16.86;6280.0;-4.69;-3.13;23.53;102.6;41.5;43.14;56.86
23319;2764;80.0;51;16.86;6280.0;-4.69;-3.13;23.53;102.6;41.5;43.14;56.86
23329;2766;79.0;51;16.47;6280.0;-4.69;-3.13;23.53;102.5;41.5;43.14;56.86
23341;2767;79.0;51;16.47;6280.0;-4.69;-3.13;23.53;102.5;41.5;43.14;56.86
23350;2769;78.0;51;16.08;6280.0;-4.69;-3.13;23.53;102.5;41.5;43.14;56.86
23358;2771;78.0;51;16.08;6280.0;-4.69;-3.13;23.53;102.4;41.5;43.14;56.86
23370;2773;78.0;51;15.69;6280.0;-4.69;-3.13;23.53;102.4;41.5;41.18;58.82
23388;2775;77.0;51;15.69;6280.0;-5.47;-3.13;23.53;102.3;41.5;41.18;58.82
23399;2774;77.0;51;15.29;6280.0;-5.47;-3.13;23.53;102.3;41.5;41.18;58.82
23413;2774;76.0;51;15.29;6280.0;-5.47;-3.13;23.14;102.2;41.5;41.18;58.82
23429;2774;76.0;51;14.90;6280.0;-5.47;-3.13;23.14;102.2;41.5;41.18;58.82
23441;2773;75.0;51;14.90;6280.0;-5.47;-3.13;23.14;102.1;41.5;41.18;58.82
23449;2773;74.0;51;14.90;6270.0;-5.47;-3.13;23.14;102.1;41.5;41.18;58.82
23461;2773;74.0;51;14.51;6260.0;-5.47;-3.13;23.14;102.0;41.5;41.18;58.82
23478;2772;73.0;51;14.51;6250.0;-5.47;-3.13;23.14;102.0;41.5;41.18;58.82
23490;2772;73.0;51;14.51;6240.0;-6.25;-3.13;22.75;101.9;41.5;41.18;58.82
23500;2772;72.0;51;14.51;6230.0;-6.25;-3.13;22.35;101.9;41.5;41.18;58.82
23510;2771;71.0;51;14.51;6220.0;-6.25;-3.13;21.96;101.9;41.5;47.84;52.16
23526;2771;71.0;51;14.51;6210.0;-6.25;-3.13;21.57;101.9;41.5;47.84;52.16
23541;2774;70.0;51;14.12;6200.0;-6.25;-3.91;21.18;101.9;41.5;47.84;52.16
23549;2777;70.0;51;14.12;6190.0;-6.25;-3.91;21.18;101.9;41.5;47.84;52.16
23560;2780;70.0;51;14.12;6180.0;-7.03;-3.91;20.78;101.9;41.5;47.84;52.16
23569;2784;70.0;51;14.12;6170.0;-7.03;-3.91;20.39;101.9;41.0;47.84;52.16
23578;2787;70.0;51;14.12;6200.0;-7.03;-3.91;20.00;101.9;41.0;47.84;52.16
23590;2790;70.0;51;14.12;6230.0;-7.03;-3.91;19.61;101.9;41.0;47.84;52.16
23599;2793;69.0;51;14.12;6260.0;-7.03;-3.91;19.22;101.9;41.0;47.84;52.16
23610;2796;69.0;51;14.12;6290.0;-7.03;-3.91;19.22;101.9;41.0;47.84;52.16
23619;2799;69.0;51;14.12;6320.0;-7.03;-3.91;19.22;101.9;41.0;47.84;52.16
23628;2802;69.0;51;14.12;6340.0;-7.03;-3.91;19.22;102.0;41.0;50.98;49.02
23647;2805;69.0;51;14.12;6370.0;-7.03;-3.91;19.22;102.0;41.0;50.98;49.02
23660;2807;69.0;51;14.12;6400.0;-7.03;-4.69;19.22;102.0;41.0;50.98;49.02
23669;2808;69.0;51;14.12;6430.0;-7.03;-4.69;19.22;102.1;41.0;50.98;49.02
23678;2810;69.0;51;14.12;6460.0;-7.03;-4.69;19.22;102.1;41.0;50.98;49.02
23688;2811;70.0;51;14.12;6490.0;-7.03;-4.69;19.22;102.1;41.5;50.98;49.02
23700;2812;70.0;51;14.51;6480.0;-7.03;-4.69;19.22;102.1;41.5;50.98;49.02
23709;2814;70.0;51;14.51;6460.0;-7.03;-4.69;19.22;102.2;41.5;50.98;49.02
23721;2815;70.0;51;14.90;6450.0;-7.03;-4.69;19.22;102.2;41.5;50.98;49.02
23729;2816;70.0;51;14.90;6440.0;-7.03;-4.69;19.22;102.2;41.5;50.98;49.02
23739;2818;70.0;51;15.29;6430.0;-7.03;-4.69;19.22;102.3;41.5;50.98;49.02
23751;2819;71.0;51;15.29;6410.0;-7.03;-4.69;19.61;102.3;41.5;50.98;49.02
23777;2821;71.0;51;15.69;6400.0;-7.03;-4.69;19.61;102.4;41.5;50.98;49.02
23789;2823;71.0;51;15.69;6390.0;-7.03;-3.91;19.61;102.4;41.5;50.98;49.02
23799;2826;72.0;51;16.08;6380.0;-7.03;-3.91;19.61;102.5;41.5;50.98;49.02
23812;2828;72.0;51;16.08;6360.0;-7.03;-3.91;19.61;102.5;41.5;50.98;49.02
23829;2830;73.0;51;16.08;6350.0;-7.03;-3.91;19.61;102.6;41.0;50.98;49.02
23840;2833;74.0;51;16.47;6360.0;-7.03;-3.91;20.00;102.7;41.0;50.98;49.02
23851;2835;74.0;51;16.47;6380.0;-7.03;-3.91;20.00;102.7;41.0;50.98;49.02
23870;2838;75.0;51;16.86;6390.0;-7.03;-3.91;20.00;102.8;41.0;50.98;49.02
23879;2840;75.0;51;16.86;6400.0;-7.03;-3.91;20.39;102.8;41.0;50.98;49.02
23888;2843;76.0;51;17.25;6410.0;-7.03;-3.91;20.78;102.9;41.0;50.98;49.02
23900;2845;77.0;51;17.25;6430.0;-7.03;-3.91;21.18;102.9;41.0;45.88;54.12
23916;2848;77.0;51;17.65;6440.0;-6.25;-3.91;21.57;103.0;41.0;45.88;54.12
23931;2849;78.0;51;17.65;6450.0;-6.25;-3.91;21.96;103.1;41.0;45.88;54.12
23948;2850;79.0;51;18.04;6460.0;-6.25;-3.91;22.75;103.1;41.0;45.88;54.12
23959;2851;80.0;51;18.04;6480.0;-6.25;-3.91;23.14;103.2;41.0;45.88;54.12
23970;2853;81.0;51;18.43;6490.0;-6.25;-3.91;23.53;103.3;41.5;45.88;54.12
23979;2854;82.0;51;19.22;6510.0;-6.25;-3.91;23.92;103.3;41.5;45.88;54.12
23990;2855;83.0;51;19.61;6520.0;-6.25;-3.91;24.31;103.4;41.5;45.88;54.12
23999;2856;83.0;51;20.00;6540.0;-6.25;-3.91;24.71;103.4;41.5;45.88;54.12
24012;2858;84.0;51;20.78;6550.0;-6.25;-3.91;25.10;103.5;41.5;45.88;54.12
24030;2859;85.0;51;21.18;6570.0;-6.25;-3.91;25.10;104.0;41.5;45.88;54.12
24038;2860;86.0;51;21.96;6580.0;-6.25;-3.91;25.49;104.5;41.5;41.18;58.82
24054;2861;87.0;51;22.35;6600.0;-6.25;-3.91;25.88;104.9;41.5;41.18;58.82
24071;2863;88.0;51;22.75;6610.0;-6.25;-3.91;25.88;105.4;41.5;41.18;58.82
24089;2865;89.0;51;23.53;6630.0;-6.25;-3.91;26.27;105.9;41.5;41.18;58.82
24101;2866;89.0;51;23.92;6640.0;-6.25;-3.91;26.27;106.3;41.5;41.18;58.82
24110;2868;90.0;51;24.71;6660.0;-6.25;-3.91;26.67;106.8;41.0;41.18;58.82
24119;2869;90.0;51;25.49;6880.0;-6.25;-3.91;27.06;107.3;41.0;41.18;58.82
24130;2871;91.0;51;26.27;7090.0;-6.25;-3.91;27.06;107.8;41.0;41.18;58.82
24139;2873;91.0;51;27.06;7310.0;-6.25;-3.91;27.45;108.2;41.0;41.18;58.82
24151;2874;92.0;51;27.84;7520.0;-6.25;-3.91;27.84;108.7;41.0;41.18;58.82
24162;2876;92.0;51;28.24;7740.0;-6.25;-3.91;27.84;108.5;41.0;41.18;58.82
24181;2878;93.0;51;29.02;7950.0;-6.25;-3.91;28.24;108.3;41.0;36.86;63.14
24195;2879;93.0;51;29.80;8170.0;-6.25;-3.91;28.63;108.0;41.0;36.86;63.14
24209;2879;94.0;51;30.59;8380.0;-6.25;-3.13;29.02;107.8;41.0;36.86;63.14
24221;2880;94.0;51;31.37;8600.0;-6.25;-3.13;29.02;107.6;41.0;36.86;63.14
24229;2880;94.0;51;32.16;8810.0;-6.25;-3.13;29.41;107.4;41.0;36.86;63.14
24240;2880;94.0;51;32.16;9030.0;-6.25;-3.13;29.80;107.1;41.5;36.86;63.14
24249;2881;94.0;51;32.16;9180.0;-6.25;-3.13;30.20;106.9;41.5;36.86;63.14
24261;2881;94.0;51;31.76;9330.0;-6.25;-3.13;30.20;106.7;41.5;36.86;63.14
24269;2881;95.0;51;31.76;9490.0;-5.47;-3.13;30.59;106.5;41.5;36.86;63.14
24279;2882;95.0;51;31.76;9640.0;-5.47;-3.13;30.59;106.3;41.5;36.86;63.14
24291;2882;95.0;51;31.76;9790.0;-5.47;-2.34;30.59;106.1;41.5;36.86;63.14
24301;2882;95.0;51;31.76;9940.0;-5.47;-2.34;30.98;105.9;41.5;78.82;21.18
24326;2883;95.0;51;31.76;10090.0;-4.69;-2.34;30.98;105.7;41.5;78.82;21.18
24339;2885;95.0;51;31.37;10240.0;-4.69;-2.34;30.98;105.6;41.5;78.82;21.18
24349;2888;94.0;51;31.37;10400.0;-4.69;-2.34;30.98;105.4;41.5;78.82;21.18
24361;2891;94.0;51;31.37;10550.0;-4.69;-2.34;30.98;105.2;41.5;78.82;21.18
24370;2893;93.0;51;30.59;10700.0;-3.91;-1.56;30.98;105.1;41.5;78.82;21.18
24381;2896;93.0;51;29.80;10620.0;-3.91;-1.56;31.37;104.9;41.5;78.82;21.18
24390;2899;92.0;51;29.02;10540.0;-3.91;-1.56;31.37;104.7;41.5;78.82;21.18
24400;2902;92.0;51;28.24;10460.0;-3.91;-1.56;31.37;104.5;41.5;78.82;21.18
24413;2904;91.0;51;27.45;10380.0;-3.13;-1.56;30.98;104.4;41.5;78.82;21.18
24430;2907;91.0;51;26.67;10300.0;-3.13;-0.78;30.98;104.3;41.5;78.82;21.18
24442;2910;90.0;51;25.88;10230.0;-3.13;-0.78;30.59;104.3;41.5;85.10;14.90
24465;2912;90.0;51;25.10;10150.0;-3.13;-0.78;30.20;104.3;41.5;85.10;14.90
24479;2914;89.0;51;24.31;10070.0;-3.13;-0.78;30.20;104.3;41.5;85.10;14.90
24490;2916;89.0;51;23.53;9990.0;-3.13;-0.78;29.80;104.3;41.5;85.10;14.90
24500;2918;89.0;51;22.75;9910.0;-2.34;-0.78;29.80;104.2;41.5;85.10;14.90
24511;2920;89.0;51;22.75;9830.0;-2.34;0.00;29.41;104.2;42.0;85.10;14.90
24521;2922;89.0;51;22.35;9620.0;-2.34;0.00;29.02;104.2;42.0;85.10;14.90
24539;2924;89.0;51;22.35;9420.0;-2.34;0.00;29.02;104.2;42.0;85.10;14.90
24552;2926;88.0;51;21.96;9210.0;-2.34;0.00;28.63;104.1;42.0;85.10;14.90
24571;2928;88.0;51;21.96;9010.0;-1.56;0.00;28.63;104.1;42.0;85.10;14.90
24581;2930;88.0;51;21.57;8800.0;-1.56;0.00;28.24;104.1;42.0;85.10;14.90
24599;2932;88.0;51;21.57;8600.0;-1.56;0.00;28.24;104.1;42.0;54.90;45.10
24613;2934;88.0;51;21.18;8390.0;-1.56;0.00;28.24;104.1;42.0;54.90;45.10
24631;2937;88.0;51;21.18;8190.0;-1.56;0.78;28.24;104.1;42.0;54.90;45.10
24639;2940;88.0;51;20.78;7980.0;-1.56;0.78;27.84;104.1;42.0;54.90;45.10
24650;2942;88.0;51;20.78;7780.0;-0.78;0.78;27.84;104.1;42.0;54.90;45.10
24662;2945;88.0;51;20.78;7570.0;-0.78;0.78;27.84;104.1;41.5;54.90;45.10
24680;2948;88.0;51;20.78;7510.0;-0.78;0.78;27.84;104.1;41.5;54.90;45.10
24689;2950;88.0;51;20.78;7460.0;-0.78;0.78;27.45;104.1;41.5;54.90;45.10
24700;2953;87.0;51;20.78;7400.0;-0.78;0.78;27.45;104.1;41.5;54.90;45.10
24711;2955;87.0;50;20.78;7340.0;-0.78;0.78;27.45;104.1;41.5;54.90;45.10
24720;2958;87.0;50;20.39;7280.0;-0.78;0.78;27.45;104.1;41.5;54.90;45.10
24731;2961;87.0;50;20.39;7230.0;-0.78;0.78;27.45;104.2;41.5;45.88;54.12
24745;2963;87.0;50;20.39;7170.0;-1.56;0.78;27.45;104.2;41.5;45.88;54.12
24762;2966;87.0;50;20.39;7110.0;-1.56;0.00;27.45;104.3;41.5;45.88;54.12
24780;2968;87.0;50;20.39;7050.0;-1.56;0.00;27.06;104.3;41.5;45.88;54.12
24790;2970;88.0;50;20.39;7000.0;-1.56;0.00;27.06;104.4;41.5;45.88;54.12
24800;2972;88.0;50;20.78;6940.0;-1.56;0.00;27.06;104.4;41.5;45.88;54.12
24812;2974;88.0;50;21.18;7120.0;-1.56;0.00;27.06;104.4;41.5;45.88;54.12
24831;2977;89.0;50;21.96;7310.0;-1.56;0.00;27.06;104.5;41.5;45.88;54.12
24840;2979;89.0;50;22.35;7490.0;-1.56;0.00;27.06;104.5;41.5;45.88;54.12
24850;2981;90.0;50;22.75;7670.0;-1.56;0.00;27.45;104.6;41.5;45.88;54.12
24861;2983;90.0;50;23.14;7860.0;-1.56;0.00;27.45;105.3;41.5;45.88;54.12
24870;2985;90.0;50;23.53;8040.0;-1.56;0.00;27.84;106.1;41.5;41.96;58.04
24885;2988;91.0;50;23.92;8230.0;-2.34;0.00;28.24;106.8;41.5;41.96;58.04
24901;2994;91.0;50;24.71;8410.0;-2.34;-0.78;28.63;107.6;41.5;41.96;58.04
24912;3000;92.0;50;25.10;8590.0;-2.34;-0.78;28.63;108.4;41.5;41.96;58.04
24929;3006;92.0;50;25.49;8780.0;-2.34;-0.78;29.02;109.1;41.5;41.96;58.04
24940;3012;93.0;50;27.06;8960.0;-2.34;-0.78;29.41;109.9;41.5;41.96;58.04
24951;3018;93.0;50;28.63;9290.0;-2.34;-0.78;29.80;110.6;41.5;41.96;58.04
24960;3024;94.0;50;30.20;9610.0;-2.34;-0.78;29.80;111.4;41.5;41.96;58.04
24971;3030;94.0;50;31.76;9940.0;-1.56;-0.78;30.20;112.1;41.5;41.96;58.04
24989;3036;95.0;50;33.33;10260.0;-1.56;-0.78;30.59;112.9;41.5;41.96;58.04
25000;3042;95.0;50;35.29;10590.0;-1.56;-0.78;30.98;113.4;41.5;41.96;58.04
25012;3048;96.0;50;36.86;10910.0;-1.56;-0.78;31.37;113.9;42.0;74.90;25.10
25034;3054;96.0;50;38.43;11240.0;-0.78;-0.78;31.76;114.4;42.5;74.90;25.10
25052;3053;97.0;50;40.00;11560.0;-0.78;0.00;32.16;114.9;42.5;74.90;25.10
25071;3052;97.0;50;41.57;11890.0;-0.78;0.00;32.55;115.3;43.0;74.90;25.10
25080;3051;97.0;50;43.14;12210.0;-0.78;0.00;32.94;115.8;43.5;74.90;25.10
25090;3050;98.0;50;43.53;12540.0;0.00;0.00;33.33;116.3;44.0;74.90;25.10
25101;3049;98.0;50;43.92;12600.0;0.00;0.00;33.73;116.8;44.5;74.90;25.10
25110;3048;98.0;50;44.71;12670.0;0.00;0.00;34.12;117.3;45.0;74.90;25.10
25120;3047;98.0;50;45.10;12730.0;0.00;0.00;34.51;117.8;45.0;74.90;25.10
25131;3046;98.0;50;45.49;12790.0;-0.78;0.00;34.51;118.3;45.5;74.90;25.10
25140;3045;98.0;50;45.88;12860.0;-0.78;0.00;34.90;117.6;46.0;74.90;25.10
25151;3044;99.0;50;46.27;12920.0;-0.78;0.00;34.90;116.9;46.5;85.10;14.90
25174;3043;99.0;50;46.67;12990.0;-0.78;0.00;34.90;116.1;47.5;85.10;14.90
25190;3047;99.0;50;47.45;13050.0;-0.78;-0.78;35.29;115.4;48.0;85.10;14.90
25199;3052;99.0;50;47.84;13110.0;-0.78;-0.78;35.29;114.7;48.5;85.10;14.90
25213;3056;99.0;50;48.24;13180.0;-1.56;-0.78;35.69;114.0;49.5;85.10;14.90
25232;3060;98.0;50;46.67;13240.0;-1.56;-0.78;35.69;113.3;50.0;85.10;14.90
25250;3064;98.0;50;45.10;13200.0;-1.56;-0.78;35.69;112.5;51.0;85.10;14.90
25259;3069;98.0;50;43.53;13170.0;-1.56;-0.78;36.08;111.8;51.5;85.10;14.90
25270;3073;98.0;50;41.96;13130.0;-0.78;-0.78;36.08;111.1;52.0;85.10;14.90
25279;3077;98.0;50;40.39;13100.0;-0.78;-0.78;35.69;110.4;53.0;85.10;14.90
25290;3082;98.0;50;38.43;13060.0;-0.78;-0.78;35.29;110.0;53.5;85.10;14.90
25301;3086;97.0;50;36.86;13030.0;0.00;-0.78;35.29;109.6;53.0;87.06;12.94
25315;3090;97.0;50;35.29;12990.0;0.00;-0.78;34.90;109.2;52.5;87.06;12.94
25331;3092;97.0;50;33.73;12960.0;0.78;0.00;34.51;108.8;52.0;87.06;12.94
25351;3094;97.0;50;32.16;12920.0;0.78;0.00;34.12;108.4;51.5;87.06;12.94
25361;3096;97.0;50;30.59;12890.0;0.78;0.00;33.73;108.0;51.0;87.06;12.94
25370;3097;96.0;50;30.20;12850.0;1.56;0.00;33.33;107.6;50.0;87.06;12.94
25380;3099;96.0;50;29.80;12840.0;1.56;0.00;33.33;107.2;49.5;87.06;12.94
25389;3101;96.0;50;29.41;12830.0;1.56;0.00;32.94;106.8;49.0;87.06;12.94
25400;3103;96.0;50;29.02;12820.0;1.56;0.00;32.55;106.4;48.5;87.06;12.94
25413;3105;96.0;50;28.63;12810.0;1.56;0.00;32.55;106.0;48.0;87.06;12.94
25432;3107;96.0;50;27.84;12800.0;1.56;0.00;32.94;105.9;47.5;87.06;12.94
25451;3109;95.0;50;27.45;12800.0;1.56;0.00;32.94;105.8;47.0;85.10;14.90
25465;3110;95.0;50;27.06;12790.0;2.34;0.00;33.33;105.8;47.0;85.10;14.90
25481;3112;95.0;50;26.67;12780.0;2.34;0.00;33.33;105.7;46.5;85.10;14.90
25490;3114;94.0;50;26.27;12770.0;2.34;0.00;33.73;105.6;46.5;85.10;14.90
25499;3116;94.0;50;25.88;12760.0;2.34;0.00;33.73;105.5;46.0;85.10;14.90
25513;3117;93.0;50;25.49;12750.0;2.34;0.00;34.12;105.5;46.0;85.10;14.90
25530;3119;92.0;50;24.71;12610.0;2.34;0.00;34.12;105.4;45.5;85.10;14.90
25541;3121;92.0;50;24.31;12470.0;2.34;0.00;34.51;105.3;45.5;85.10;14.90
25550;3123;91.0;50;23.92;12330.0;1.56;0.00;34.51;105.3;45.0;85.10;14.90
25561;3124;91.0;49;23.53;12190.0;1.56;0.00;34.12;105.2;45.0;85.10;14.90
25570;3126;90.0;49;22.75;12050.0;1.56;-0.78;33.33;105.2;44.5;85.10;14.90
25582;3128;89.0;49;22.35;11920.0;1.56;-0.78;32.94;105.2;44.5;85.10;14.90
25604;3130;89.0;49;21.96;11780.0;0.78;-0.78;32.55;105.2;44.5;85.10;14.90
25618;3133;88.0;49;21.57;11640.0;0.78;-0.78;32.16;105.3;44.0;85.10;14.90
25631;3135;88.0;49;20.78;11500.0;0.78;-0.78;31.37;105.3;44.0;85.10;14.90
25651;3138;89.0;49;20.39;11360.0;0.78;-0.78;30.98;105.3;44.0;85.10;14.90
25662;3141;89.0;49;20.78;11220.0;0.00;-1.56;30.59;105.3;44.0;85.10;14.90
25681;3144;89.0;49;21.57;11360.0;0.00;-1.56;30.20;105.3;44.0;85.10;14.90
25689;3147;89.0;49;21.96;11500.0;0.00;-1.56;29.41;105.4;44.0;85.10;14.90
25699;3150;90.0;49;22.35;11650.0;0.00;-1.56;29.02;105.4;43.5;85.10;14.90
25709;3153;90.0;49;22.75;11790.0;0.00;-1.56;29.41;105.4;43.5;85.10;14.90
25719;3156;90.0;49;23.53;11930.0;0.00;-1.56;29.80;105.5;43.5;85.10;14.90
25731;3159;90.0;49;23.92;12070.0;0.00;-1.56;30.59;105.5;43.5;81.18;18.82
25746;3162;91.0;49;24.31;12210.0;-0.78;-1.56;30.98;105.6;43.5;81.18;18.82
25759;3166;91.0;49;24.71;12350.0;-0.78;-2.34;31.37;105.7;43.5;81.18;18.82
25771;3171;91.0;49;25.49;12500.0;-0.78;-2.34;31.76;105.8;43.5;81.18;18.82
25789;3175;92.0;49;25.88;12640.0;-0.78;-2.34;32.16;105.8;43.5;81.18;18.82
25800;3179;92.0;49;25.88;12780.0;-0.78;-2.34;32.55;105.9;43.5;81.18;18.82
25813;3184;92.0;49;25.88;12710.0;-0.78;-2.34;33.33;106.0;43.5;81.18;18.82
25830;3188;93.0;49;26.27;12630.0;-0.78;-2.34;33.73;106.1;43.5;81.18;18.82
25841;3192;93.0;49;26.27;12560.0;-0.78;-2.34;34.12;106.1;43.5;81.18;18.82
25850;3197;94.0;49;26.27;12490.0;-1.56;-2.34;34.12;106.2;43.5;81.18;18.82
25861;3201;94.0;49;26.27;12420.0;-1.56;-2.34;33.73;106.2;43.5;81.18;18.82
25870;3205;94.0;49;26.27;12340.0;-1.56;-2.34;33.73;106.1;43.5;85.10;14.90
25885;3210;95.0;49;26.27;12270.0;-1.56;-2.34;33.73;106.1;43.5;85.10;14.90
25899;3208;95.0;49;26.67;12200.0;-1.56;-3.13;33.33;106.0;43.5;85.10;14.90
25912;3207;95.0;49;26.67;12130.0;-1.56;-3.13;33.33;106.0;43.5;85.10;14.90
25929;3206;94.0;49;26.67;12050.0;-2.34;-3.13;32.94;105.9;43.5;85.10;14.90
25937;3204;94.0;49;26.27;11980.0;-2.34;-3.13;32.94;105.9;43.0;85.10;14.90
25949;3203;93.0;49;25.88;11930.0;-2.34;-3.13;32.94;105.8;43.0;85.10;14.90
25961;3202;93.0;49;25.49;11890.0;-2.34;-3.13;32.55;105.8;43.0;85.10;14.90
25971;3200;92.0;49;25.10;11840.0;-2.34;-3.13;32.55;105.7;43.0;85.10;14.90
25980;3199;92.0;49;24.71;11790.0;-1.56;-3.13;32.16;105.7;43.0;85.10;14.90
25990;3198;91.0;49;24.31;11740.0;-1.56;-2.34;32.16;105.7;43.0;85.10;14.90
25999;3196;91.0;49;23.92;11700.0;-1.56;-2.34;31.76;105.6;43.0;85.10;14.90
26016;3195;90.0;49;23.53;11650.0;-1.56;-2.34;31.76;105.6;43.0;85.10;14.90
26031;3200;90.0;49;23.14;11600.0;-1.56;-2.34;31.37;105.6;43.0;85.10;14.90
26038;3205;90.0;49;22.75;11550.0;-1.56;-2.34;31.37;105.6;43.0;85.10;14.90
26049;3210;90.0;49;22.35;11510.0;-0.78;-2.34;30.98;105.6;43.0;85.10;14.90
26059;3214;90.0;49;22.35;11460.0;-0.78;-1.56;30.98;105.6;43.0;85.10;14.90
26068;3219;90.0;49;22.35;11450.0;-0.78;-1.56;30.59;105.6;43.0;85.10;14.90
26080;3224;90.0;49;22.35;11440.0;-0.78;-1.56;30.59;105.6;43.0;85.10;14.90
26091;3229;89.0;49;22.35;11430.0;-0.78;-1.56;30.20;105.6;43.0;85.10;14.90
26099;3234;89.0;49;22.35;11420.0;-0.78;-1.56;30.20;105.6;43.0;85.10;14.90
26111;3238;89.0;49;21.96;11410.0;-0.78;-1.56;30.20;105.6;43.0;85.10;14.90
26119;3243;89.0;49;21.96;11410.0;-0.78;-1.56;30.20;105.6;43.0;85.10;14.90
26134;3248;89.0;49;21.96;11400.0;-0.78;-1.56;30.20;105.6;43.0;85.10;14.90
26151;3248;89.0;49;21.96;11390.0;-0.78;-2.34;30.20;105.6;43.0;85.10;14.90
26169;3247;89.0;49;21.96;11380.0;-0.78;-2.34;30.20;105.6;43.0;85.10;14.90
26179;3246;89.0;49;21.96;11370.0;-0.78;-2.34;30.20;105.6;43.0;85.10;14.90
26191;3246;89.0;49;21.96;11360.0;-0.78;-2.34;30.20;105.6;42.5;85.10;14.90
26199;3245;89.0;49;21.96;11370.0;-0.78;-2.34;30.20;105.6;42.5;85.10;14.90
26211;3245;89.0;49;22.35;11380.0;-0.78;-2.34;30.20;105.6;42.5;85.10;14.90
26220;3244;88.0;49;22.35;11390.0;-0.78;-2.34;30.20;105.6;42.5;85.10;14.90
26231;3244;88.0;49;22.35;11400.0;-0.78;-2.34;30.20;105.6;42.5;85.10;14.90
26239;3243;88.0;49;22.35;11410.0;-0.78;-2.34;30.20;105.7;42.5;85.10;14.90
26251;3243;88.0;49;22.35;11410.0;-0.78;-2.34;30.20;105.9;42.5;85.10;14.90
26263;3242;88.0;49;22.35;11420.0;-0.78;-2.34;30.20;106.0;42.5;85.10;14.90
26280;3248;88.0;49;22.75;11430.0;-0.78;-1.56;30.20;106.1;42.5;85.10;14.90
26289;3253;89.0;49;22.75;11440.0;-0.78;-1.56;30.20;106.2;42.5;85.10;14.90
26301;3259;89.0;49;22.75;11450.0;-0.78;-1.56;30.20;106.3;42.5;85.10;14.90
26310;3264;90.0;49;23.53;11460.0;-0.78;-1.56;30.20;106.4;42.5;85.10;14.90
26318;3270;91.0;49;24.31;11630.0;-0.78;-1.56;30.20;106.5;42.5;85.10;14.90
26328;3275;92.0;49;25.10;11800.0;-0.78;-1.56;30.20;106.7;42.5;85.10;14.90
26339;3280;92.0;49;25.88;11960.0;-0.78;-1.56;30.20;106.8;42.5;85.10;14.90
26352;3286;93.0;49;26.67;12130.0;-0.78;-1.56;30.59;106.9;42.5;85.10;14.90
26369;3291;94.0;49;27.06;12300.0;-0.78;-1.56;30.98;106.9;42.5;85.10;14.90
26378;3297;95.0;49;27.84;12470.0;-0.78;-1.56;31.37;107.0;42.5;85.10;14.90
26395;3302;95.0;49;28.63;12640.0;-0.78;-1.56;31.76;107.0;42.5;85.10;14.90
26416;3304;96.0;49;29.41;12810.0;-0.78;-1.56;32.16;107.1;43.0;85.10;14.90
26431;3305;96.0;49;30.20;12970.0;-0.78;-1.56;32.94;107.1;43.0;85.10;14.90
26450;3307;96.0;49;30.98;13140.0;-0.78;-1.56;33.33;107.1;43.0;85.10;14.90
26461;3308;96.0;49;30.98;13310.0;-0.78;-1.56;33.73;107.2;43.0;85.10;14.90
26470;3310;96.0;49;30.98;13300.0;-0.78;-1.56;34.12;107.2;43.0;85.10;14.90
26480;3312;96.0;49;30.98;13300.0;-0.78;-1.56;34.51;107.3;43.0;85.10;14.90
26489;3313;95.0;49;30.98;13290.0;-0.78;-1.56;34.90;107.3;43.5;85.10;14.90
26499;3315;95.0;49;30.98;13280.0;-0.78;-1.56;34.90;107.3;43.5;85.10;14.90
26511;3316;95.0;49;30.59;13280.0;-0.78;-1.56;34.90;107.3;43.5;85.10;14.90
26519;3318;95.0;49;30.59;13270.0;-0.78;-1.56;34.90;107.3;43.5;85.10;14.90
26536;3319;95.0;49;30.59;13270.0;-1.56;-1.56;34.90;107.3;43.5;85.10;14.90
26551;3321;95.0;49;30.59;13260.0;-1.56;-2.34;34.90;107.3;43.5;85.10;14.90
26570;3322;95.0;49;30.59;13250.0;-1.56;-2.34;35.29;107.2;43.5;85.10;14.90
26580;3323;95.0;49;30.59;13250.0;-1.56;-2.34;35.29;107.2;43.5;85.10;14.90
26589;3325;95.0;49;30.20;13240.0;-1.56;-2.34;35.29;107.2;43.5;85.10;14.90
26600;3326;95.0;49;30.20;13260.0;-1.56;-2.34;35.29;107.2;43.5;85.10;14.90
26610;3328;95.0;49;29.80;13270.0;-1.56;-2.34;35.29;107.2;43.5;85.10;14.90
26619;3329;95.0;49;29.80;13290.0;-1.56;-2.34;35.29;107.1;43.5;85.10;14.90
26628;3331;95.0;48;29.41;13300.0;-1.56;-2.34;35.29;107.1;43.5;85.10;14.90
26638;3332;95.0;48;29.41;13320.0;-1.56;-2.34;35.29;107.1;43.5;85.10;14.90
26649;3333;95.0;48;29.02;13330.0;-1.56;-2.34;35.29;107.1;43.5;85.88;14.12
26664;3335;95.0;48;29.02;13350.0;-1.56;-2.34;35.29;107.1;43.5;85.88;14.12
26680;3338;95.0;48;28.63;13360.0;-1.56;-1.56;35.29;107.1;43.5;85.88;14.12
26691;3340;95.0;48;28.63;13380.0;-1.56;-1.56;34.90;107.1;43.5;85.88;14.12
26699;3343;95.0;48;28.24;13390.0;-1.56;-1.56;34.90;107.1;43.5;85.88;14.12
26711;3346;94.0;48;28.24;13410.0;-1.56;-1.56;34.90;107.1;43.5;85.88;14.12
26719;3348;94.0;48;27.84;13400.0;-1.56;-1.56;34.90;107.1;43.5;85.88;14.12
26729;3351;94.0;48;27.84;13390.0;-1.56;-1.56;34.90;107.1;43.5;85.88;14.12
26738;3354;94.0;48;27.84;13380.0;-1.56;-1.56;34.90;107.1;43.5;85.88;14.12
26751;3357;94.0;48;27.84;13370.0;-1.56;-1.56;34.90;107.1;43.5;85.88;14.12
26761;3359;94.0;48;27.45;13360.0;-1.56;-1.56;34.90;107.1;43.5;85.88;14.12
26779;3362;93.0;48;27.45;13360.0;-1.56;-1.56;34.90;107.1;43.5;85.88;14.12
26794;3365;93.0;48;27.45;13350.0;-1.56;-1.56;34.90;107.1;43.5;85.88;14.12
26810;3367;93.0;48;27.45;13340.0;-1.56;-2.34;34.90;107.1;43.5;85.88;14.12
26821;3370;93.0;48;27.06;13330.0;-1.56;-2.34;34.51;107.1;43.5;85.88;14.12
26829;3372;93.0;48;27.06;13320.0;-1.56;-2.34;34.51;107.1;43.5;85.88;14.12
26839;3375;93.0;48;27.06;13310.0;-1.56;-2.34;34.51;107.1;44.0;85.88;14.12
26850;3377;93.0;48;27.06;13250.0;-1.56;-2.34;34.51;107.1;44.0;85.88;14.12
26859;3379;93.0;48;26.67;13200.0;-1.56;-2.34;34.51;107.1;44.0;85.88;14.12
26869;3382;93.0;48;26.67;13140.0;-1.56;-2.34;34.51;107.1;44.0;85.88;14.12
26878;3384;93.0;48;26.67;13080.0;-1.56;-2.34;34.51;107.1;44.0;85.88;14.12
26890;3387;93.0;48;26.67;13020.0;-1.56;-2.34;34.51;107.2;44.0;85.88;14.12
26898;3389;93.0;48;26.67;12970.0;-1.56;-2.34;34.51;107.2;44.0;85.10;14.90
26915;3392;93.0;48;26.67;12910.0;-1.56;-2.34;34.51;107.2;44.0;85.10;14.90
26929;3396;93.0;48;26.27;12850.0;-1.56;-2.34;34.51;107.2;44.0;85.10;14.90
26939;3400;93.0;48;26.27;12790.0;-1.56;-2.34;34.12;107.2;44.0;85.10;14.90
26951;3404;93.0;48;26.27;12740.0;-1.56;-2.34;34.12;107.2;44.0;85.10;14.90
26960;3408;93.0;48;26.27;12680.0;-1.56;-2.34;34.12;107.2;44.5;85.10;14.90
26968;3412;93.0;48;26.27;12680.0;-1.56;-2.34;34.12;107.2;44.5;85.10;14.90
26978;3416;93.0;48;26.27;12690.0;-1.56;-2.34;34.12;107.3;44.5;85.10;14.90
26990;3420;93.0;48;26.27;12690.0;-1.56;-2.34;34.12;107.3;44.5;85.10;14.90
26999;3424;93.0;48;26.27;12690.0;-1.56;-2.34;34.12;107.3;44.5;85.10;14.90
27010;3428;93.0;48;25.88;12690.0;-1.56;-2.34;34.12;107.1;44.5;85.10;14.90
27021;3432;93.0;48;25.88;12700.0;-1.56;-2.34;33.73;107.0;44.5;85.10;14.90
27036;3436;93.0;48;25.88;12700.0;-1.56;-2.34;33.73;106.9;44.5;85.10;14.90
27051;3435;93.0;48;25.88;12700.0;-1.56;-3.13;33.73;106.8;44.5;85.10;14.90
27059;3434;92.0;48;25.88;12700.0;-1.56;-3.13;33.73;106.6;44.5;85.10;14.90
27069;3433;91.0;48;25.88;12710.0;-1.56;-3.13;33.73;106.5;44.5;85.10;14.90
27081;3432;90.0;48;25.49;12710.0;-1.56;-3.13;33.73;106.4;44.0;85.10;14.90
27089;3431;89.0;48;24.71;12520.0;-1.56;-3.13;33.33;106.2;44.0;85.10;14.90
27099;3430;88.0;48;24.31;12320.0;-1.56;-3.13;33.33;106.1;44.0;85.10;14.90
27111;3429;87.0;48;23.53;12130.0;-1.56;-3.13;33.33;106.0;44.0;85.10;14.90
27130;3428;86.0;48;23.14;11940.0;-1.56;-3.13;32.94;105.9;44.0;85.10;14.90
27139;3427;85.0;48;22.35;11750.0;-1.56;-3.13;32.55;106.0;44.0;85.10;14.90
27150;3426;84.0;48;21.96;11550.0;-1.56;-3.13;31.76;106.1;44.0;85.10;14.90
27165;3425;83.0;48;21.18;11360.0;-1.56;-3.13;31.37;106.3;44.0;85.10;14.90
27179;3431;82.0;48;20.78;11170.0;-1.56;-3.91;30.98;106.4;44.0;85.10;14.90
27188;3437;83.0;48;20.00;10980.0;-1.56;-3.91;30.59;106.5;44.0;85.10;14.90
27199;3443;84.0;48;19.61;10780.0;-1.56;-3.91;30.20;106.6;44.0;85.10;14.90
27211;3449;86.0;48;20.78;10590.0;-1.56;-3.91;29.80;106.8;43.5;85.10;14.90
27220;3455;87.0;48;21.96;10890.0;-1.56;-3.91;29.02;106.9;43.5;85.10;14.90
27230;3462;88.0;48;22.75;11200.0;-1.56;-3.91;28.63;107.0;43.5;85.10;14.90
27240;3468;89.0;48;23.92;11500.0;-1.56;-3.91;28.24;107.2;43.5;85.10;14.90
27249;3474;90.0;48;25.10;11800.0;-1.56;-3.91;29.41;107.3;43.5;85.10;14.90
27262;3480;91.0;48;26.27;12110.0;-1.56;-3.91;30.20;108.7;43.5;85.10;14.90
27279;3486;93.0;48;27.45;12410.0;-1.56;-3.91;31.37;110.2;43.5;81.96;18.04
27295;3492;94.0;48;28.63;12720.0;-1.56;-3.91;32.55;111.6;44.0;81.96;18.04
27312;3497;95.0;48;29.41;13020.0;-1.56;-3.91;33.73;113.1;44.0;81.96;18.04
27330;3503;96.0;48;30.59;13320.0;-1.56;-3.91;34.51;114.5;44.0;81.96;18.04
27341;3508;96.0;48;31.76;13630.0;-1.56;-3.91;35.69;116.0;44.0;81.96;18.04
27352;3513;97.0;48;34.12;13930.0;-1.56;-3.91;36.86;117.4;44.5;81.96;18.04
27370;3519;97.0;48;36.08;13980.0;-1.56;-3.91;38.04;118.9;44.5;81.96;18.04
27378;3524;98.0;48;38.43;14020.0;-1.56;-3.91;38.82;120.3;44.5;81.96;18.04
27390;3529;98.0;48;40.39;14070.0;-1.56;-3.91;40.00;121.8;44.5;81.96;18.04
27399;3535;99.0;48;42.75;14120.0;-2.34;-3.91;40.00;123.2;45.0;81.96;18.04
27414;3540;99.0;48;44.71;14170.0;-2.34;-4.69;40.00;123.3;45.0;81.96;18.04
27431;3545;100.0;48;47.06;14210.0;-2.34;-4.69;40.00;123.4;46.0;90.20;9.80
27445;3551;100.0;48;49.02;14260.0;-2.34;-4.69;40.00;123.5;46.5;90.20;9.80
27461;3549;101.0;48;51.37;14310.0;-2.34;-4.69;40.00;123.6;47.5;90.20;9.80
27479;3547;101.0;48;53.33;14360.0;-2.34;-4.69;40.00;123.7;48.0;90.20;9.80
27490;3545;101.0;48;55.69;14400.0;-3.13;-4.69;40.00;123.8;49.0;90.20;9.80
27501;3543;102.0;48;55.69;14450.0;-3.13;-5.47;40.00;123.9;49.5;90.20;9.80
27510;3541;102.0;48;55.29;14410.0;-3.13;-5.47;40.00;124.0;50.5;90.20;9.80
27518;3539;102.0;48;55.29;14380.0;-3.13;-5.47;40.00;124.1;51.0;90.20;9.80
27530;3537;102.0;48;55.29;14340.0;-2.34;-5.47;40.00;124.2;52.0;90.20;9.80
27539;3535;102.0;48;55.29;14300.0;-2.34;-4.69;40.39;124.3;52.5;90.20;9.80
27549;3533;102.0;48;54.90;14260.0;-1.56;-4.69;40.39;123.1;53.5;90.20;9.80
27561;3531;103.0;48;54.90;14230.0;-1.56;-4.69;40.78;121.9;53.5;90.20;9.80
27576;3529;103.0;48;54.90;14190.0;-0.78;-3.91;41.18;120.6;53.5;90.20;9.80
27589;3535;103.0;48;54.90;14150.0;-0.78;-3.91;41.18;119.4;54.0;90.20;9.80
27601;3540;103.0;48;54.51;14110.0;0.00;-3.13;41.57;118.2;54.0;90.20;9.80
27612;3545;102.0;48;54.51;14080.0;0.00;-3.13;41.57;117.0;54.0;90.20;9.80
27630;3550;102.0;48;52.55;14040.0;0.78;-3.13;41.96;115.8;54.0;90.20;9.80
27638;3555;102.0;48;50.20;14080.0;0.78;-2.34;42.35;114.6;54.0;90.20;9.80
27650;3560;101.0;48;48.24;14130.0;0.78;-2.34;42.35;113.4;54.0;90.20;9.80
27662;3566;101.0;48;46.27;14170.0;0.78;-2.34;42.75;112.1;54.5;90.20;9.80
27679;3571;100.0;48;44.31;14210.0;0.78;-2.34;42.35;110.9;54.5;90.20;9.80
27690;3576;100.0;48;41.96;14260.0;0.78;-2.34;42.35;110.8;54.5;90.20;9.80
27699;3581;100.0;48;40.00;14300.0;0.78;-2.34;41.96;110.6;54.5;90.20;9.80
27716;3586;99.0;48;38.04;14350.0;0.00;-2.34;41.57;110.5;54.5;90.20;9.80
27730;3587;99.0;48;36.08;14390.0;0.00;-3.13;41.57;110.4;54.0;90.20;9.80
27740;3587;98.0;48;33.73;14430.0;0.00;-3.13;41.18;110.2;54.0;90.20;9.80
27749;3587;98.0;48;31.76;14480.0;0.00;-3.13;41.18;110.1;54.0;90.20;9.80
27760;3587;97.0;48;31.37;14520.0;0.00;-3.13;40.78;109.9;54.0;90.20;9.80
27768;3587;97.0;48;30.59;14510.0;0.00;-3.13;40.39;109.8;54.0;90.20;9.80
27780;3587;96.0;48;30.20;14510.0;0.00;-3.13;40.39;109.7;54.0;90.20;9.80
27789;3587;96.0;48;29.80;14500.0;0.00;-3.13;40.00;109.5;53.5;90.20;9.80
27800;3588;95.0;48;29.02;14490.0;0.00;-3.13;40.00;109.4;53.5;90.20;9.80
27811;3588;95.0;48;28.63;14490.0;0.00;-3.13;39.61;109.4;53.5;90.20;9.80
27820;3588;94.0;48;27.84;14480.0;0.00;-3.13;39.61;109.4;53.5;90.20;9.80
27835;3588;94.0;48;27.45;14480.0;0.00;-3.13;39.22;109.3;53.0;90.20;9.80
27850;3592;93.0;48;27.06;14470.0;0.00;-3.91;39.22;109.3;53.0;90.20;9.80
27861;3597;93.0;48;26.27;14460.0;0.00;-3.91;38.82;109.3;53.0;90.20;9.80
27870;3601;93.0;48;25.88;14460.0;0.00;-3.91;38.82;109.3;53.0;90.20;9.80
27878;3605;92.0;48;25.88;14450.0;0.00;-3.91;38.43;109.3;52.5;90.20;9.80
27890;3609;92.0;48;25.88;14400.0;0.00;-3.91;38.43;109.3;52.5;90.20;9.80
27900;3614;92.0;48;25.49;14340.0;0.00;-3.91;38.04;109.3;52.5;90.20;9.80
27912;3618;92.0;48;25.49;14290.0;0.00;-3.91;38.04;109.2;52.5;90.20;9.80
27931;3622;92.0;47;25.49;14240.0;0.00;-3.91;38.04;109.2;52.0;90.20;9.80
27940;3627;92.0;47;25.49;14180.0;0.00;-3.91;38.04;109.3;52.0;90.20;9.80
27951;3631;91.0;47;25.49;14130.0;0.00;-3.91;38.04;109.3;52.0;90.20;9.80
27975;3635;91.0;47;25.49;14070.0;0.00;-3.91;38.04;109.4;52.0;90.20;9.80
27990;3637;91.0;47;25.10;14020.0;0.00;-4.69;38.04;109.5;51.5;90.20;9.80
28000;3639;91.0;47;25.10;13970.0;0.00;-4.69;37.65;109.5;51.5;90.20;9.80
28013;3642;92.0;47;25.10;13910.0;0.00;-4.69;37.65;109.6;51.5;90.20;9.80
28031;3644;92.0;47;25.49;13860.0;0.00;-4.69;37.65;109.6;51.5;90.20;9.80
28040;3646;92.0;47;26.27;13900.0;0.00;-4.69;37.65;109.7;51.5;90.20;9.80
28051;3648;93.0;47;26.67;13940.0;0.00;-4.69;37.65;109.8;51.5;90.20;9.80
28061;3650;93.0;47;27.06;13980.0;0.00;-4.69;37.65;109.8;51.0;90.20;9.80
28070;3652;94.0;47;27.45;14020.0;0.00;-4.69;38.43;109.9;51.0;90.20;9.80
28079;3654;94.0;47;28.24;14060.0;0.00;-4.69;39.61;110.8;51.0;90.20;9.80
28091;3656;94.0;47;28.63;14110.0;0.00;-4.69;40.39;111.7;51.0;90.20;9.80
28105;3659;95.0;47;29.02;14150.0;-0.78;-4.69;41.18;112.5;51.0;90.20;9.80
28121;3665;95.0;47;29.41;14190.0;-0.78;-3.91;41.96;113.4;51.0;90.20;9.80
28128;3671;96.0;47;30.20;14230.0;-0.78;-3.91;43.14;114.3;51.0;90.20;9.80
28140;3677;97.0;47;30.59;14270.0;-0.78;-3.91;43.92;115.2;51.0;90.20;9.80
28151;3683;98.0;47;32.94;14310.0;-0.78;-3.91;44.71;116.1;51.5;90.20;9.80
28169;3690;99.0;47;34.90;14290.0;-0.78;-3.91;45.49;117.0;51.5;90.20;9.80
28180;3696;100.0;47;37.25;14260.0;-0.78;-3.91;46.67;117.8;51.5;90.20;9.80
28189;3702;102.0;47;39.22;14240.0;-0.78;-3.91;47.45;118.7;51.5;90.20;9.80
28200;3708;103.0;47;41.57;14210.0;-1.56;-3.91;47.45;119.6;51.5;90.20;9.80
28212;3714;104.0;47;43.53;14190.0;-1.56;-3.91;47.06;120.8;51.5;90.20;9.80
28233;3720;105.0;47;45.88;14160.0;-1.56;-3.91;47.06;121.9;52.0;90.20;9.80
28256;3727;106.0;47;47.84;14140.0;-1.56;-3.91;46.67;123.1;52.0;90.20;9.80
28270;3728;107.0;47;50.20;14110.0;-1.56;-4.69;46.67;124.3;52.5;90.20;9.80
28278;3730;107.0;47;52.16;14090.0;-1.56;-4.69;46.27;125.4;53.0;90.20;9.80
28290;3731;108.0;47;54.51;14060.0;-2.34;-4.69;46.27;126.6;53.0;90.20;9.80
28304;3733;108.0;47;55.29;14040.0;-2.34;-4.69;45.88;127.8;53.5;90.20;9.80
28320;3735;108.0;47;55.69;14070.0;-2.34;-4.69;45.88;129.0;53.5;90.20;9.80
28331;3736;108.0;47;56.47;14100.0;-2.34;-4.69;45.49;130.1;54.0;90.20;9.80
28340;3738;109.0;47;57.25;14130.0;-1.56;-4.69;45.49;131.3;54.5;90.20;9.80
28351;3740;109.0;47;58.04;14160.0;-1.56;-3.91;45.88;132.5;54.5;90.20;9.80
28362;3741;109.0;47;58.43;14190.0;-1.56;-3.91;46.27;131.9;55.0;90.20;9.80
28379;3743;109.0;47;59.22;14230.0;-1.56;-3.91;46.67;131.4;55.5;90.20;9.80
28396;3744;110.0;47;60.00;14260.0;-0.78;-3.91;47.06;130.9;56.0;90.20;9.80
28413;3749;110.0;47;60.78;14290.0;-0.78;-3.13;47.45;130.4;56.5;90.20;9.80
28430;3755;110.0;47;61.18;14320.0;-0.78;-3.13;47.45;129.9;57.0;90.20;9.80
28439;3760;110.0;47;61.96;14350.0;-0.78;-3.13;47.84;129.3;57.5;90.20;9.80
28450;3765;110.0;47;61.18;14380.0;0.00;-3.13;48.24;128.8;57.5;90.20;9.80
28462;3770;110.0;47;60.39;14440.0;0.00;-2.34;48.63;128.3;58.0;90.20;9.80
28481;3775;110.0;47;59.22;14500.0;0.00;-2.34;49.02;127.8;58.5;90.20;9.80
28489;3780;111.0;47;58.43;14560.0;0.00;-2.34;49.41;127.2;59.0;90.20;9.80
28500;3785;111.0;46;57.65;14620.0;0.00;-2.34;49.41;126.7;59.5;90.20;9.80
28511;3790;111.0;46;56.86;14680.0;0.00;-3.13;49.02;125.7;60.0;90.20;9.80
28531;3795;111.0;46;56.08;14750.0;0.00;-3.13;49.02;124.7;60.0;90.20;9.80
28546;3800;111.0;46;55.29;14810.0;-0.78;-3.13;48.63;123.7;59.5;90.20;9.80
28561;3802;111.0;46;54.12;14870.0;-0.78;-3.13;48.63;122.8;59.5;90.20;9.80
28570;3803;111.0;46;53.33;14930.0;-0.78;-3.13;48.24;121.8;59.5;90.20;9.80
28580;3804;110.0;46;52.55;14990.0;-0.78;-3.13;48.24;120.8;59.5;90.20;9.80
28589;3806;110.0;46;50.59;15050.0;-0.78;-3.91;47.84;119.8;59.0;90.20;9.80
28601;3807;110.0;46;49.02;15020.0;-0.78;-3.91;47.84;118.8;59.0;90.20;9.80
28612;3808;109.0;46;47.06;15000.0;-0.78;-3.91;47.45;117.8;59.0;90.20;9.80
28631;3810;109.0;46;45.10;14970.0;-0.78;-3.91;47.45;116.8;59.0;90.20;9.80
28639;3811;108.0;46;43.14;14950.0;-0.78;-3.91;47.06;115.8;58.5;90.20;9.80
28651;3812;108.0;46;41.57;14920.0;-0.78;-3.91;47.06;115.4;58.5;90.20;9.80
28671;3814;108.0;46;39.61;14900.0;-0.78;-3.91;46.67;114.9;58.0;90.20;9.80
28686;3815;107.0;46;37.65;14870.0;-0.78;-3.91;46.27;114.5;58.0;90.20;9.80
28700;3819;107.0;46;35.69;14850.0;-0.78;-3.13;45.88;114.0;57.5;90.20;9.80
28710;3822;106.0;46;34.12;14820.0;-0.78;-3.13;45.88;113.5;57.5;90.20;9.80
28720;3826;105.0;46;32.16;14800.0;-0.78;-3.13;45.49;113.1;57.0;90.20;9.80
28732;3830;104.0;46;31.37;14770.0;-0.78;-3.13;45.10;112.6;57.0;90.20;9.80
28750;3833;103.0;46;30.59;14700.0;-0.78;-3.13;44.71;112.2;56.5;90.20;9.80
28762;3837;102.0;46;30.20;14620.0;-0.78;-3.13;44.71;111.7;56.5;90.20;9.80
28780;3841;100.0;46;29.41;14550.0;-0.78;-3.13;44.31;111.2;56.0;90.20;9.80
28789;3844;99.0;46;28.63;14480.0;-0.78;-3.13;43.92;110.8;56.0;90.20;9.80
28800;3848;98.0;46;27.84;14410.0;-0.78;-3.13;43.14;110.7;55.5;90.20;9.80
28812;3852;97.0;46;27.06;14330.0;-0.78;-3.13;42.75;110.7;55.5;90.20;9.80
28833;3855;96.0;46;26.27;14260.0;0.00;-3.13;41.96;110.7;55.0;90.20;9.80
28850;3859;95.0;46;25.88;14190.0;0.00;-3.13;41.57;110.6;55.0;90.20;9.80
28861;3863;95.0;46;25.10;14120.0;0.00;-3.13;40.78;110.6;54.5;90.20;9.80
28880;3866;94.0;46;24.31;14040.0;0.00;-3.13;40.39;110.6;54.5;90.20;9.80
28890;3870;94.0;46;24.31;13970.0;0.00;-3.13;39.61;110.5;54.0;90.20;9.80
28901;3873;93.0;46;23.92;13880.0;0.00;-3.13;39.22;110.5;54.0;90.20;9.80
28913;3877;93.0;46;23.92;13790.0;0.00;-3.13;38.43;110.5;53.5;90.20;9.80
28932;3881;92.0;46;23.92;13690.0;0.00;-3.13;38.04;110.4;53.5;90.20;9.80
28950;3884;92.0;46;23.92;13600.0;0.00;-3.13;38.04;110.4;53.0;90.20;9.80
28962;3888;91.0;46;23.53;13510.0;0.00;-3.91;37.65;110.4;53.0;90.20;9.80
28980;3891;91.0;46;23.53;13420.0;0.00;-3.91;37.65;110.3;53.0;89.02;10.98
28995;3895;90.0;46;23.53;13330.0;-0.78;-3.91;37.25;110.3;52.5;89.02;10.98
29012;3898;90.0;46;23.53;13240.0;-0.78;-3.91;37.25;110.2;52.5;89.02;10.98
29030;3902;90.0;46;23.14;13140.0;-0.78;-3.91;36.86;110.2;52.5;89.02;10.98
29041;3905;90.0;46;23.14;13050.0;-0.78;-3.91;36.86;110.1;52.5;89.02;10.98
29050;3909;90.0;46;23.14;12960.0;-0.78;-4.69;36.47;110.1;52.0;89.02;10.98
29063;3912;90.0;46;23.14;12990.0;-0.78;-4.69;36.47;110.0;52.0;89.02;10.98
29080;3916;90.0;46;23.14;13010.0;-0.78;-4.69;36.08;110.0;52.0;89.02;10.98
29089;3919;89.0;46;23.14;13040.0;-0.78;-4.69;36.08;109.9;52.0;89.02;10.98
29101;3923;89.0;46;23.14;13060.0;-0.78;-4.69;36.08;109.9;51.5;89.02;10.98
29120;3926;89.0;46;23.53;13090.0;-0.78;-4.69;36.08;109.8;51.5;89.02;10.98
29129;3930;89.0;46;23.53;13110.0;-0.78;-4.69;36.08;109.8;51.5;81.18;18.82
29145;3933;89.0;46;23.53;13140.0;-1.56;-4.69;36.08;109.8;51.5;81.18;18.82
29162;3937;89.0;46;23.53;13160.0;-1.56;-5.47;36.08;109.8;51.5;81.18;18.82
29181;3940;89.0;46;23.53;13190.0;-1.56;-5.47;36.08;109.7;51.5;81.18;18.82
29192;3943;89.0;46;23.53;13210.0;-1.56;-5.47;36.08;109.7;51.5;81.18;18.82
29213;3946;89.0;46;23.53;13240.0;-1.56;-5.47;36.08;109.7;51.5;81.18;18.82
29231;3949;89.0;46;23.53;13250.0;-1.56;-5.47;36.08;109.7;51.5;81.18;18.82
29240;3952;89.0;46;23.53;13250.0;-1.56;-5.47;36.08;109.6;51.5;81.18;18.82
29252;3955;89.0;46;23.53;13260.0;-1.56;-5.47;36.08;109.6;51.5;81.18;18.82
29269;3958;89.0;45;23.53;13270.0;-2.34;-5.47;36.08;109.6;51.5;81.18;18.82
29282;3962;89.0;45;23.53;13270.0;-2.34;-5.47;36.08;109.6;51.5;81.18;18.82
29304;3965;89.0;45;23.53;13280.0;-2.34;-5.47;35.69;109.6;51.5;85.10;14.90
29323;3968;89.0;45;23.53;13280.0;-2.34;-5.47;35.69;109.6;51.5;85.10;14.90
29340;3972;89.0;45;23.53;13290.0;-2.34;-6.25;35.69;109.6;51.5;85.10;14.90
29352;3976;89.0;45;23.53;13300.0;-2.34;-6.25;35.69;109.6;51.5;85.10;14.90
29372;3979;89.0;45;23.53;13300.0;-3.13;-6.25;35.69;109.6;51.5;85.10;14.90
29391;3983;89.0;45;23.53;13310.0;-3.13;-6.25;35.69;109.6;51.0;85.10;14.90
29403;3987;89.0;45;23.53;13270.0;-3.13;-6.25;35.29;109.6;51.0;85.10;14.90
29421;3991;89.0;45;23.92;13240.0;-3.13;-6.25;35.29;109.6;51.0;85.10;14.90
29429;3995;89.0;45;23.92;13200.0;-3.13;-6.25;35.29;109.6;51.0;85.10;14.90
29441;3999;89.0;45;23.92;13170.0;-3.13;-6.25;35.29;109.6;51.0;85.10;14.90
29451;4002;89.0;45;23.92;13130.0;-3.13;-6.25;35.29;109.5;51.0;85.10;14.90
29462;4006;89.0;45;23.92;13100.0;-3.13;-6.25;35.29;109.5;51.0;87.06;12.94
29483;4010;89.0;45;23.92;13060.0;-3.13;-6.25;35.29;109.4;51.0;87.06;12.94
29500;4012;89.0;45;24.31;13030.0;-3.13;-6.25;35.29;109.4;50.5;87.06;12.94
29509;4014;89.0;45;24.31;12990.0;-3.13;-6.25;35.29;109.3;50.5;87.06;12.94
29521;4015;89.0;45;24.31;12960.0;-3.13;-6.25;35.29;109.3;50.5;87.06;12.94
29531;4017;88.0;45;24.31;12920.0;-3.13;-6.25;35.29;109.2;50.5;87.06;12.94
29540;4019;88.0;45;24.31;12900.0;-3.13;-6.25;35.29;109.1;50.5;87.06;12.94
29552;4020;88.0;45;23.92;12880.0;-3.13;-6.25;35.29;109.1;50.5;87.06;12.94
29569;4022;88.0;45;23.92;12860.0;-3.13;-6.25;35.29;109.0;50.0;87.06;12.94
29581;4024;88.0;45;23.92;12840.0;-3.13;-6.25;35.29;109.0;50.0;87.06;12.94
29593;4026;88.0;45;23.92;12820.0;-3.13;-5.47;35.29;109.3;50.0;87.06;12.94
29609;4027;87.0;45;23.92;12810.0;-3.13;-5.47;35.29;109.6;50.0;87.06;12.94
29623;4029;87.0;45;23.92;12790.0;-3.91;-5.47;35.29;109.9;50.0;87.06;12.94
29640;4033;87.0;45;23.53;12770.0;-3.91;-5.47;35.29;110.2;50.0;87.06;12.94
29649;4037;88.0;45;23.53;12750.0;-3.91;-5.47;34.90;110.5;50.0;87.06;12.94
29661;4041;89.0;45;23.53;12730.0;-3.91;-5.47;34.90;110.8;50.0;87.06;12.94
29680;4044;90.0;45;24.71;12710.0;-3.91;-4.69;34.90;111.1;50.0;87.06;12.94
29691;4048;91.0;45;26.27;12920.0;-3.91;-4.69;34.90;111.4;50.0;87.06;12.94
29703;4052;92.0;45;27.45;13130.0;-3.91;-4.69;34.90;111.7;50.0;87.06;12.94
29718;4056;93.0;45;28.63;13340.0;-3.91;-4.69;34.90;112.0;50.0;87.06;12.94
29731;4060;94.0;45;30.20;13550.0;-3.91;-4.69;35.69;112.3;50.0;87.06;12.94
29739;4063;95.0;45;31.37;13760.0;-3.91;-4.69;36.47;112.6;50.0;87.06;12.94
29752;4067;96.0;45;32.94;13960.0;-3.91;-4.69;37.25;112.9;50.0;85.88;14.12
29773;4071;97.0;45;34.12;14170.0;-4.69;-4.69;38.04;113.2;50.0;85.88;14.12
29789;4073;98.0;45;35.29;14380.0;-4.69;-3.91;38.82;113.5;50.5;85.88;14.12
29803;4075;99.0;45;36.86;14590.0;-4.69;-3.91;39.22;113.8;50.5;85.88;14.12
29820;4077;99.0;45;38.04;14800.0;-4.69;-3.91;40.00;114.1;50.5;85.88;14.12
29830;4080;100.0;45;38.82;15010.0;-4.69;-3.91;40.78;114.4;50.5;85.88;14.12
29839;4082;100.0;45;39.61;14960.0;-4.69;-3.91;41.57;114.7;50.5;85.88;14.12
29849;4084;101.0;45;40.39;14900.0;-4.69;-3.91;42.35;115.0;50.5;85.88;14.12
29861;4086;101.0;45;41.18;14850.0;-4.69;-3.91;43.14;115.3;51.0;85.88;14.12
29880;4088;102.0;45;41.96;14800.0;-4.69;-3.91;43.53;115.6;51.0;85.88;14.12
29889;4090;102.0;45;42.75;14740.0;-4.69;-3.91;43.53;115.6;51.0;85.88;14.12
29902;4092;103.0;45;43.53;14690.0;-4.69;-3.91;43.92;115.5;51.0;90.20;9.80
29923;4094;103.0;45;44.31;14630.0;-4.69;-3.91;44.31;115.5;51.0;90.20;9.80
29938;4098;104.0;45;45.10;14580.0;-4.69;-4.69;44.71;115.4;51.0;90.20;9.80
29949;4101;104.0;45;45.88;14530.0;-4.69;-4.69;44.71;115.4;51.0;90.20;9.80
29960;4104;104.0;45;46.67;14470.0;-4.69;-4.69;45.10;115.4;51.0;90.20;9.80
29969;4107;105.0;45;46.27;14420.0;-4.69;-4.69;45.49;115.3;51.5;90.20;9.80
29981;4111;105.0;45;45.88;14440.0;-4.69;-4.69;45.88;115.3;51.5;90.20;9.80
29991;4114;105.0;45;45.49;14450.0;-4.69;-4.69;45.88;115.2;51.5;90.20;9.80
30003;4117;105.0;45;45.10;14470.0;-3.91;-4.69;46.27;115.2;51.5;90.20;9.80
30021;4121;105.0;45;44.71;14480.0;-3.91;-4.69;46.27;115.2;51.5;90.20;9.80
30029;4124;105.0;45;44.31;14500.0;-3.91;-3.91;45.88;115.0;51.5;90.20;9.80
30038;4127;106.0;45;43.92;14510.0;-3.91;-3.91;45.88;114.9;51.5;90.20;9.80
30055;4130;106.0;45;43.53;14530.0;-3.13;-3.91;45.88;114.8;51.5;90.20;9.80
30071;4133;106.0;45;43.14;14540.0;-3.13;-3.91;45.49;114.6;51.5;90.20;9.80
30084;4135;105.0;45;42.75;14560.0;-3.13;-3.91;45.49;114.5;51.5;90.20;9.80
30099;4137;105.0;45;42.35;14570.0;-3.13;-3.91;45.10;114.4;51.5;90.20;9.80
30111;4140;104.0;45;41.18;14590.0;-2.34;-3.13;45.10;114.2;51.5;90.20;9.80
30118;4142;103.0;45;40.39;14610.0;-2.34;-3.13;45.10;114.1;51.5;90.20;9.80
30131;4144;103.0;45;39.22;14620.0;-2.34;-3.13;44.71;114.0;51.5;90.20;9.80
30139;4147;102.0;45;38.04;14640.0;-2.34;-3.13;44.71;113.9;51.5;90.20;9.80
30149;4149;102.0;45;36.86;14660.0;-1.56;-3.13;44.31;113.7;51.5;90.20;9.80
30161;4151;101.0;45;36.08;14670.0;-1.56;-2.34;43.53;113.6;51.5;90.20;9.80
30179;4154;100.0;45;34.90;14690.0;-1.56;-2.34;43.14;113.5;51.5;90.20;9.80
30194;4156;100.0;45;33.73;14700.0;-1.56;-2.34;42.75;113.4;51.5;90.20;9.80
30211;4160;99.0;45;32.55;14720.0;-1.56;-2.34;42.35;113.3;51.5;90.20;9.80
30221;4164;99.0;45;31.76;14740.0;-1.56;-2.34;41.57;113.2;51.5;90.20;9.80
30229;4168;98.0;45;30.59;14750.0;-0.78;-2.34;41.18;113.1;51.5;90.20;9.80
30240;4172;98.0;45;30.20;14770.0;-0.78;-1.56;40.78;113.0;52.0;90.20;9.80
30250;4176;97.0;45;29.80;14760.0;-0.78;-1.56;40.39;112.9;52.0;90.20;9.80
30262;4179;97.0;45;29.80;14740.0;-0.78;-1.56;39.61;112.9;52.0;90.20;9.80
30278;4183;96.0;45;29.41;14730.0;-0.78;-1.56;39.22;112.8;52.0;90.20;9.80
30289;4187;96.0;45;29.02;14720.0;-0.78;-1.56;39.22;112.7;52.0;90.20;9.80
30303;4191;95.0;45;28.63;14710.0;-0.78;-1.56;39.22;112.7;52.0;90.20;9.80
30321;4195;95.0;45;28.24;14690.0;-0.78;-1.56;39.22;112.7;52.0;90.20;9.80
30335;4199;94.0;45;27.84;14680.0;-1.56;-1.56;39.22;112.6;52.0;90.20;9.80
30349;4201;94.0;45;27.84;14670.0;-1.56;-2.34;39.22;112.6;52.0;90.20;9.80
30359;4203;94.0;45;27.45;14660.0;-1.56;-2.34;38.82;112.6;52.0;90.20;9.80
30372;4205;94.0;45;27.06;14640.0;-1.56;-2.34;38.82;112.6;52.0;90.20;9.80
30389;4207;94.0;45;27.06;14630.0;-1.56;-2.34;38.82;112.6;52.5;90.20;9.80
30403;4209;94.0;45;27.06;14600.0;-1.56;-2.34;38.82;112.6;52.5;90.20;9.80
30421;4211;94.0;45;27.06;14580.0;-1.56;-2.34;38.82;112.6;52.5;90.20;9.80
30430;4213;93.0;45;27.06;14550.0;-1.56;-2.34;38.82;112.6;52.5;90.20;9.80
30440;4215;93.0;44;27.06;14530.0;-1.56;-2.34;38.82;112.6;52.5;90.20;9.80
30450;4217;93.0;44;27.06;14500.0;-1.56;-2.34;38.82;112.6;52.5;90.20;9.80
30462;4219;93.0;44;27.06;14480.0;-1.56;-2.34;38.82;112.6;52.5;90.20;9.80
30485;4221;93.0;44;27.06;14450.0;-1.56;-2.34;38.82;112.7;52.5;90.20;9.80
30500;4225;93.0;44;27.06;14430.0;-1.56;-2.34;38.82;112.7;52.5;90.20;9.80
30511;4228;93.0;44;27.06;14400.0;-1.56;-2.34;39.22;112.7;52.5;90.20;9.80
30521;4232;93.0;44;27.06;14380.0;-1.56;-2.34;39.22;112.7;52.5;90.20;9.80
30529;4236;93.0;44;27.06;14350.0;-1.56;-2.34;39.22;112.7;52.5;90.20;9.80
30541;4240;93.0;44;27.06;14360.0;-1.56;-2.34;39.22;112.7;52.5;90.20;9.80
30550;4243;93.0;44;27.06;14380.0;-1.56;-2.34;39.22;112.7;52.5;90.20;9.80
30560;4247;92.0;44;27.06;14390.0;-1.56;-2.34;39.22;112.7;52.5;90.20;9.80
30568;4251;92.0;44;27.06;14400.0;-1.56;-2.34;39.22;112.7;52.5;90.20;9.80
30579;4254;92.0;44;27.06;14410.0;-1.56;-2.34;39.22;112.7;52.5;90.20;9.80
30588;4258;92.0;44;27.06;14430.0;-1.56;-2.34;38.82;112.7;52.5;90.20;9.80
30605;4262;92.0;44;27.06;14440.0;-0.78;-2.34;38.82;112.7;52.5;90.20;9.80
30621;4264;92.0;44;27.06;14450.0;-0.78;-2.34;38.82;112.7;52.5;90.20;9.80
30641;4266;92.0;44;27.06;14460.0;-0.78;-2.34;38.82;112.7;52.5;90.20;9.80
30650;4268;92.0;44;27.06;14480.0;-0.78;-2.34;38.82;112.7;52.5;90.20;9.80
30661;4270;92.0;44;27.06;14490.0;-0.78;-2.34;38.82;112.7;52.0;90.20;9.80
30671;4272;92.0;44;27.06;14470.0;-0.78;-2.34;38.43;112.7;52.0;90.20;9.80
30680;4274;92.0;44;27.06;14450.0;-0.78;-2.34;38.43;112.7;52.0;90.20;9.80
30689;4277;92.0;44;27.06;14420.0;-0.78;-2.34;38.43;112.7;52.0;90.20;9.80
30700;4279;92.0;44;27.06;14400.0;-0.78;-2.34;38.43;112.7;52.0;90.20;9.80
30711;4281;92.0;44;27.06;14380.0;-0.78;-2.34;38.43;112.7;52.0;90.20;9.80
30720;4283;92.0;44;27.06;14360.0;-0.78;-2.34;38.43;112.7;52.0;90.20;9.80
30735;4285;92.0;44;27.06;14340.0;-0.78;-2.34;38.43;112.6;52.0;90.20;9.80
30752;4287;92.0;44;27.06;14320.0;-0.78;-1.56;38.43;112.6;52.0;90.20;9.80
30771;4288;92.0;44;27.06;14290.0;-0.78;-1.56;38.43;112.6;52.0;90.20;9.80
30780;4290;92.0;44;27.06;14270.0;-0.78;-1.56;38.43;112.5;52.0;90.20;9.80
30789;4291;91.0;44;27.06;14250.0;-0.78;-1.56;38.43;112.5;52.0;90.20;9.80
30800;4293;91.0;44;27.06;14240.0;-0.78;-1.56;38.43;112.5;52.0;90.20;9.80
30811;4294;91.0;44;26.67;14230.0;-0.78;-1.56;38.43;112.4;52.0;90.20;9.80
30819;4296;91.0;44;26.67;14220.0;-0.78;-1.56;38.43;112.4;52.0;90.20;9.80
30831;4297;91.0;44;26.67;14210.0;-0.78;-1.56;38.43;112.4;52.0;90.20;9.80
30840;4299;91.0;44;26.67;14200.0;-0.78;-1.56;38.43;112.3;52.0;90.20;9.80
30848;4300;90.0;44;26.67;14190.0;-0.78;-1.56;38.43;112.3;52.0;90.20;9.80
30864;4302;90.0;44;26.67;14180.0;-0.78;-1.56;38.43;112.3;52.0;90.20;9.80
30880;4304;90.0;44;26.27;14170.0;-0.78;-1.56;38.43;112.3;52.0;90.20;9.80
30889;4307;90.0;44;26.27;14160.0;-0.78;-1.56;38.04;112.2;52.0;90.20;9.80
30900;4309;90.0;44;26.27;14150.0;-0.78;-1.56;38.04;112.2;52.0;90.20;9.80
30911;4311;90.0;44;26.27;14140.0;-0.78;-1.56;38.04;112.2;52.5;90.20;9.80
30928;4314;90.0;44;26.27;14160.0;-0.78;-1.56;38.04;112.1;52.5;90.20;9.80
30938;4316;90.0;44;25.88;14180.0;-0.78;-1.56;38.04;112.1;52.5;90.20;9.80
30950;4318;89.0;44;25.88;14200.0;-0.78;-1.56;38.04;112.1;52.5;90.20;9.80
30959;4321;89.0;44;25.88;14220.0;-0.78;-1.56;38.04;112.1;52.5;90.20;9.80
30972;4323;89.0;44;25.88;14240.0;-0.78;-1.56;37.65;112.0;52.5;90.20;9.80
30989;4325;89.0;44;25.88;14250.0;-0.78;-1.56;37.65;111.9;52.5;90.20;9.80
31005;4328;89.0;44;25.88;14270.0;-0.78;-1.56;37.65;111.9;52.5;90.20;9.80
31019;4331;89.0;44;25.49;14290.0;-0.78;-1.56;37.65;111.8;52.5;90.20;9.80
31031;4335;89.0;44;25.49;14310.0;-0.78;-1.56;37.25;111.8;52.5;90.20;9.80
31040;4339;88.0;44;25.49;14330.0;-0.78;-1.56;37.25;111.7;52.5;90.20;9.80
31050;4343;88.0;44;25.49;14350.0;-0.78;-1.56;37.25;111.7;53.0;90.20;9.80
31059;4347;88.0;44;25.10;14280.0;-0.78;-1.56;37.25;111.6;53.0;90.20;9.80
31068;4351;88.0;44;25.10;14210.0;-0.78;-1.56;36.86;111.5;53.0;90.20;9.80
31078;4355;87.0;44;24.71;14140.0;-0.78;-1.56;36.86;111.5;53.0;90.20;9.80
31093;4358;87.0;44;24.71;14070.0;-0.78;-1.56;36.86;111.4;53.0;90.20;9.80
31110;4362;87.0;44;24.31;14000.0;-0.78;-1.56;36.47;111.3;53.0;90.20;9.80
31119;4366;87.0;44;24.31;13930.0;-0.78;-1.56;36.47;111.2;53.0;90.20;9.80
31136;4370;86.0;44;23.92;13860.0;-0.78;-1.56;36.08;111.1;53.0;90.20;9.80
31148;4371;86.0;44;23.92;13790.0;-0.78;-1.56;36.08;111.0;53.0;90.20;9.80
31161;4373;86.0;44;23.53;13720.0;-0.78;-1.56;35.69;110.8;53.0;90.20;9.80
31180;4374;85.0;44;23.53;13650.0;-0.78;-1.56;35.69;110.7;53.0;90.20;9.80
31189;4375;85.0;44;23.53;13580.0;-0.78;-1.56;35.29;110.6;52.5;90.20;9.80
31198;4377;85.0;44;23.53;13530.0;-0.78;-1.56;35.29;110.5;52.5;90.20;9.80
31212;4378;84.0;44;23.14;13480.0;-0.78;-1.56;34.90;110.4;52.5;90.20;9.80
31229;4379;84.0;44;23.14;13430.0;-0.78;-1.56;34.90;110.2;52.5;90.20;9.80
31240;4381;83.0;44;23.14;13380.0;-0.78;-1.56;34.90;110.1;52.5;90.20;9.80
31249;4382;83.0;44;23.14;13330.0;-0.78;-1.56;34.51;110.1;52.5;90.20;9.80
31261;4383;83.0;44;23.14;13280.0;-0.78;-1.56;34.51;110.1;52.5;87.06;12.94
31276;4385;82.0;44;23.14;13230.0;-0.78;-1.56;34.12;110.0;52.5;87.06;12.94
31288;4387;82.0;44;22.75;13180.0;-0.78;-1.56;34.12;110.0;52.5;87.06;12.94
31299;4390;82.0;44;22.75;13130.0;-0.78;-1.56;33.73;110.0;52.5;87.06;12.94
31311;4393;81.0;44;22.75;13080.0;-0.78;-1.56;33.73;110.0;52.5;87.06;12.94
31319;4395;81.0;44;22.75;13030.0;-0.78;-1.56;33.33;109.9;52.0;87.06;12.94
31330;4398;81.0;44;22.75;12960.0;-0.78;-1.56;33.33;109.9;52.0;87.06;12.94
31340;4401;81.0;44;22.35;12900.0;-0.78;-1.56;32.94;109.9;52.0;87.06;12.94
31349;4404;80.0;44;22.35;12830.0;-0.78;-1.56;32.94;109.9;52.0;87.06;12.94
31360;4406;80.0;44;22.35;12760.0;-1.56;-1.56;32.94;109.8;52.0;87.06;12.94
31369;4409;80.0;44;22.35;12700.0;-1.56;-1.56;32.55;109.8;52.0;87.06;12.94
31379;4412;80.0;44;22.35;12630.0;-1.56;-1.56;32.55;109.7;52.0;85.10;14.90
31396;4414;79.0;44;22.35;12570.0;-1.56;-1.56;32.16;109.6;51.5;85.10;14.90
31415;4415;79.0;44;21.96;12500.0;-1.56;-2.34;32.16;109.5;51.5;85.10;14.90
31429;4415;79.0;44;21.96;12430.0;-1.56;-2.34;31.76;109.5;51.5;85.10;14.90
31440;4415;78.0;44;21.96;12370.0;-2.34;-2.34;31.76;109.4;51.5;85.10;14.90
31451;4415;78.0;44;21.96;12300.0;-2.34;-2.34;31.37;109.3;51.0;85.10;14.90
31462;4416;78.0;44;21.96;12250.0;-2.34;-2.34;31.37;109.3;51.0;85.10;14.90
31479;4416;77.0;44;21.96;12190.0;-2.34;-2.34;30.98;109.2;51.0;85.10;14.90
31490;4416;77.0;44;21.96;12140.0;-2.34;-2.34;30.98;109.1;51.0;85.10;14.90
31499;4417;76.0;44;21.96;12090.0;-2.34;-2.34;30.98;109.0;50.5;85.10;14.90
31511;4417;76.0;44;21.57;12030.0;-2.34;-2.34;30.98;109.0;50.5;85.10;14.90
31519;4417;76.0;44;21.57;11980.0;-2.34;-2.34;30.59;109.0;50.5;85.10;14.90
31534;4417;75.0;44;21.57;11920.0;-2.34;-2.34;30.59;109.0;50.5;85.10;14.90
31550;4420;75.0;44;21.57;11870.0;-2.34;-3.13;30.59;108.9;50.0;85.10;14.90
31559;4423;75.0;44;21.57;11820.0;-2.34;-3.13;30.59;108.9;50.0;85.10;14.90
31569;4426;74.0;44;21.57;11760.0;-2.34;-3.13;30.59;108.9;50.0;85.10;14.90
31581;4429;74.0;44;21.57;11710.0;-2.34;-3.13;30.59;108.9;50.0;85.10;14.90
31590;4431;74.0;44;21.57;11700.0;-2.34;-3.13;30.20;108.8;50.0;85.10;14.90
31599;4434;74.0;44;21.18;11700.0;-2.34;-3.13;30.20;108.8;50.0;85.10;14.90
31611;4437;73.0;44;21.18;11690.0;-2.34;-3.13;30.20;108.8;49.5;85.10;14.90
31619;4440;73.0;44;21.18;11680.0;-2.34;-3.13;30.20;108.7;49.5;85.10;14.90
31630;4443;73.0;44;21.18;11680.0;-2.34;-3.13;29.80;108.7;49.5;85.10;14.90
31639;4445;73.0;44;21.18;11670.0;-2.34;-3.13;29.80;108.6;49.5;85.10;14.90
31657;4448;72.0;44;21.18;11670.0;-2.34;-3.13;29.80;108.5;49.5;85.10;14.90
31670;4449;72.0;44;20.78;11660.0;-2.34;-3.13;29.80;108.4;49.0;85.10;14.90
31678;4449;72.0;44;20.78;11650.0;-2.34;-3.13;29.41;108.3;49.0;85.10;14.90
31688;4450;71.0;44;20.78;11650.0;-2.34;-3.13;29.41;108.2;49.0;85.10;14.90
31700;4451;71.0;44;20.78;11640.0;-2.34;-3.13;29.41;108.2;49.0;85.10;14.90
31709;4451;70.0;44;20.39;11480.0;-2.34;-3.13;29.41;108.1;49.0;85.10;14.90
31720;4452;70.0;44;20.39;11320.0;-2.34;-3.13;29.02;108.0;49.0;85.10;14.90
31729;4452;69.0;44;20.39;11150.0;-2.34;-3.13;29.02;107.9;48.5;85.10;14.90
31739;4453;69.0;44;20.00;10990.0;-2.34;-3.13;29.02;107.8;48.5;85.10;14.90
31751;4454;68.0;44;20.00;10830.0;-2.34;-3.13;28.63;107.8;48.5;85.10;14.90
31760;4454;68.0;44;19.61;10670.0;-2.34;-3.13;28.63;107.7;48.5;83.92;16.08
31776;4455;67.0;44;19.61;10510.0;-2.34;-3.13;28.63;107.7;48.0;83.92;16.08
31791;4455;67.0;44;19.61;10350.0;-2.34;-3.13;28.24;107.6;48.0;83.92;16.08
31799;4456;67.0;44;19.22;10180.0;-2.34;-3.13;28.24;107.6;48.0;83.92;16.08
31812;4456;66.0;44;19.22;10020.0;-2.34;-3.13;27.84;107.5;47.5;83.92;16.08
31831;4457;66.0;44;19.22;9860.0;-2.34;-3.13;27.84;107.5;47.5;83.92;16.08
31850;4457;65.0;44;19.22;9800.0;-2.34;-3.13;27.84;107.4;47.0;83.92;16.08
31859;4458;65.0;44;19.22;9750.0;-2.34;-3.13;27.45;107.4;47.0;83.92;16.08
31868;4458;64.0;44;19.22;9690.0;-2.34;-3.13;27.45;107.3;47.0;83.92;16.08
31880;4459;64.0;43;19.22;9630.0;-2.34;-3.13;27.06;107.3;46.5;83.92;16.08
31890;4459;63.0;43;19.22;9580.0;-2.34;-3.13;27.06;107.3;46.5;83.92;16.08
31899;4459;63.0;43;19.22;9520.0;-2.34;-3.13;26.67;107.3;46.5;80.00;20.00
31914;4460;62.0;43;19.22;9470.0;-1.56;-3.13;26.67;107.3;46.5;80.00;20.00
31929;4461;62.0;43;19.22;9410.0;-1.56;-3.13;26.27;107.3;46.0;80.00;20.00
31940;4463;62.0;43;19.22;9350.0;-1.56;-3.13;26.27;107.3;46.0;80.00;20.00
31948;4464;62.0;43;19.22;9300.0;-1.56;-3.13;25.88;107.3;46.0;80.00;20.00
31960;4466;62.0;43;19.22;9240.0;-1.56;-3.13;25.88;107.3;46.0;80.00;20.00
31970;4467;62.0;43;19.22;9260.0;-1.56;-3.13;25.49;107.3;46.0;80.00;20.00
31979;4468;62.0;43;19.22;9280.0;-1.56;-3.13;25.49;107.3;46.0;80.00;20.00
31989;4470;62.0;43;19.22;9290.0;-1.56;-3.13;25.10;107.3;45.5;80.00;20.00
31999;4471;62.0;43;19.22;9310.0;-1.56;-3.13;25.10;107.3;45.5;80.00;20.00
32011;4473;62.0;43;19.61;9330.0;-1.56;-3.13;25.10;107.5;45.5;80.00;20.00
32020;4474;62.0;43;19.61;9350.0;-1.56;-3.13;25.10;107.7;45.5;80.00;20.00
32037;4475;62.0;43;19.61;9370.0;-0.78;-3.13;25.10;107.9;45.5;80.00;20.00
32050;4482;62.0;43;19.61;9390.0;-0.78;-2.34;25.10;108.1;45.5;80.00;20.00
32060;4488;63.0;43;19.61;9400.0;-0.78;-2.34;25.49;108.3;45.5;80.00;20.00
32070;4494;65.0;43;19.61;9420.0;-0.78;-2.34;25.49;108.5;45.5;80.00;20.00
32081;4500;66.0;43;20.00;9440.0;-0.78;-2.34;25.49;108.7;45.5;80.00;20.00
32099;4506;67.0;43;20.78;9710.0;-0.78;-2.34;25.49;108.9;45.5;80.00;20.00
32112;4512;69.0;43;21.18;9970.0;-0.78;-2.34;25.49;109.2;45.5;80.00;20.00
32131;4518;70.0;43;21.57;10240.0;-0.78;-2.34;25.49;109.4;45.5;80.00;20.00
32140;4525;72.0;43;21.96;10510.0;-0.78;-2.34;25.88;109.6;45.5;80.00;20.00
32149;4531;73.0;43;22.75;10770.0;-0.78;-2.34;26.27;109.7;45.5;80.00;20.00
32162;4537;74.0;43;23.14;11040.0;-0.78;-2.34;27.06;109.8;45.5;80.00;20.00
32183;4543;76.0;43;23.53;11300.0;-0.78;-2.34;27.45;109.8;45.5;80.00;20.00
32200;4541;77.0;43;23.92;11570.0;-0.78;-2.34;27.84;109.9;45.5;80.00;20.00
32213;4539;77.0;43;24.71;11840.0;-0.78;-2.34;28.24;110.0;45.5;80.00;20.00
32228;4536;77.0;43;25.10;12100.0;-0.78;-2.34;28.63;110.1;45.5;80.00;20.00
32240;4534;78.0;43;25.10;12370.0;-0.78;-2.34;29.02;110.2;46.0;80.00;20.00
32248;4532;78.0;43;25.10;12350.0;-0.78;-2.34;29.80;110.3;46.0;80.00;20.00
32259;4530;78.0;43;25.10;12320.0;-0.78;-2.34;30.20;110.4;46.0;80.00;20.00
32270;4528;78.0;43;25.10;12300.0;-0.78;-2.34;30.59;110.5;46.0;80.00;20.00
32281;4525;78.0;43;25.10;12280.0;-0.78;-2.34;30.98;110.6;46.0;80.00;20.00
32299;4523;78.0;43;25.49;12260.0;-0.78;-2.34;30.98;110.4;46.0;80.00;20.00
32310;4521;79.0;43;25.49;12230.0;-0.78;-2.34;31.37;110.2;46.0;85.10;14.90
32325;4519;79.0;43;25.49;12210.0;-1.56;-2.34;31.37;110.0;46.0;85.10;14.90
32340;4522;79.0;43;25.49;12190.0;-1.56;-2.34;31.76;109.9;46.5;85.10;14.90
32350;4526;78.0;43;25.49;12170.0;-1.56;-2.34;31.76;109.7;46.5;85.10;14.90
32359;4530;78.0;43;25.49;12140.0;-1.56;-2.34;32.16;109.5;46.5;85.10;14.90
32369;4533;77.0;43;25.10;12120.0;-1.56;-2.34;32.16;109.4;46.5;85.10;14.90
32381;4537;77.0;43;24.71;11980.0;-1.56;-2.34;32.55;109.2;46.5;85.10;14.90
32399;4541;76.0;43;24.31;11850.0;-1.56;-2.34;32.55;109.0;46.5;85.10;14.90
32414;4544;76.0;43;23.92;11710.0;-1.56;-2.34;32.94;108.9;47.0;85.10;14.90
32429;4548;75.0;43;23.53;11580.0;-1.56;-2.34;32.55;108.7;47.0;85.10;14.90
32440;4552;75.0;43;23.53;11440.0;-1.56;-2.34;32.55;108.5;47.0;85.10;14.90
32449;4555;74.0;43;23.14;11310.0;-1.56;-2.34;32.16;108.3;47.0;85.10;14.90
32464;4559;74.0;43;22.75;11170.0;-0.78;-2.34;31.76;108.1;47.0;85.10;14.90
32479;4557;73.0;43;22.35;11040.0;-0.78;-2.34;31.76;107.9;47.0;85.10;14.90
32490;4555;71.0;43;21.96;10900.0;-0.78;-2.34;31.37;107.7;47.0;85.10;14.90
32501;4553;69.0;43;21.57;10770.0;-0.78;-2.34;31.37;107.5;47.0;85.10;14.90
32512;4550;67.0;43;21.18;10630.0;-0.78;-2.34;30.98;107.3;46.5;85.10;14.90
32529;4548;65.0;43;20.39;10360.0;-0.78;-2.34;30.59;107.1;46.5;85.10;14.90
32541;4546;63.0;43;20.00;10080.0;-0.78;-2.34;30.59;106.9;46.5;85.10;14.90
32550;4544;61.0;43;19.61;9810.0;-0.78;-2.34;30.20;106.7;46.5;85.10;14.90
32560;4542;59.0;43;18.82;9540.0;0.00;-2.34;29.02;106.5;46.5;85.10;14.90
32570;4539;57.0;43;18.43;9270.0;0.00;-1.56;28.24;106.2;46.5;85.10;14.90
32580;4537;55.0;43;17.65;8990.0;0.00;-1.56;27.06;106.0;46.0;83.92;16.08
32593;4535;53.0;43;17.25;8720.0;0.00;-1.56;26.27;105.8;46.0;83.92;16.08
32613;4537;51.0;43;16.86;8450.0;0.00;-1.56;25.10;105.6;45.5;83.92;16.08
32630;4539;49.0;43;16.08;8180.0;0.00;-1.56;24.31;105.4;45.5;83.92;16.08
32641;4541;48.0;43;15.69;7900.0;0.78;-1.56;23.14;105.1;45.0;83.92;16.08
32650;4543;46.0;43;15.29;7630.0;0.78;-0.78;22.35;104.9;45.0;83.92;16.08
32662;4545;45.0;43;15.29;7610.0;0.78;-0.78;21.18;104.7;44.5;83.92;16.08
32679;4547;43.0;43;14.90;7590.0;0.78;-0.78;20.39;104.5;44.5;83.92;16.08
32690;4549;42.0;43;14.51;7580.0;1.56;-0.78;19.22;104.3;44.0;83.92;16.08
32702;4551;40.0;43;14.12;7560.0;1.56;0.00;18.82;104.1;44.0;83.92;16.08
32720;4553;39.0;43;14.12;7540.0;1.56;0.00;18.43;104.0;43.5;83.92;16.08
32729;4555;37.0;43;13.73;7520.0;1.56;0.00;18.04;103.9;43.5;65.10;34.90
32743;4557;36.0;43;13.33;7500.0;2.34;0.00;17.65;103.8;43.0;65.10;34.90
32761;4557;34.0;43;12.94;7480.0;2.34;0.78;17.25;103.7;43.0;65.10;34.90
32780;4557;34.0;43;12.94;7470.0;2.34;0.78;16.86;103.6;43.0;65.10;34.90
32790;4557;34.0;43;12.55;7450.0;2.34;0.78;16.47;103.5;42.5;65.10;34.90
32799;4557;34.0;43;12.55;7430.0;3.13;0.78;16.08;103.4;42.5;65.10;34.90
32812;4557;34.0;43;12.94;7450.0;3.13;1.56;15.69;103.3;42.0;65.10;34.90
32830;4557;34.0;43;12.94;7470.0;3.13;1.56;15.29;103.3;42.0;65.10;34.90
32842;4557;35.0;43;12.94;7500.0;2.34;1.56;14.90;103.2;42.0;65.10;34.90
32861;4557;35.0;43;13.33;7520.0;2.34;1.56;14.90;103.1;41.5;65.10;34.90
32881;4558;35.0;43;13.33;7540.0;2.34;1.56;14.90;103.1;41.5;65.10;34.90
32899;4558;35.0;43;13.73;7560.0;2.34;1.56;14.51;103.2;41.5;100.00;0.00
32916;4558;35.0;43;13.73;7580.0;1.56;1.56;14.51;103.2;41.5;100.00;0.00
32929;4558;35.0;43;13.73;7600.0;1.56;2.34;14.51;103.3;41.5;100.00;0.00
32942;4559;35.0;43;14.12;7630.0;1.56;2.34;14.51;103.3;41.5;100.00;0.00
32960;4560;36.0;43;14.12;7650.0;1.56;2.34;14.51;103.3;41.5;100.00;0.00
32969;4560;36.0;43;14.12;7670.0;0.78;2.34;14.51;103.4;41.5;100.00;0.00
32981;4561;36.0;43;14.12;7670.0;0.78;2.34;14.12;103.4;41.5;100.00;0.00
32990;4562;36.0;43;14.12;7670.0;0.78;2.34;14.12;103.5;41.5;100.00;0.00
33001;4562;37.0;43;14.12;7670.0;0.78;2.34;14.12;103.5;41.5;100.00;0.00
33013;4563;37.0;43;14.12;7670.0;0.78;2.34;14.12;103.6;41.5;100.00;0.00
33029;4564;37.0;43;14.51;7670.0;0.78;2.34;14.12;103.6;41.5;100.00;0.00
33039;4564;37.0;43;14.51;7670.0;0.78;2.34;14.12;103.6;41.5;100.00;0.00
33056;4565;38.0;43;14.51;7670.0;1.56;2.34;14.12;103.6;41.5;100.00;0.00
33070;4565;38.0;43;14.51;7670.0;1.56;1.56;14.12;103.6;41.5;100.00;0.00
33079;4565;38.0;43;14.51;7670.0;1.56;1.56;14.51;103.6;41.5;100.00;0.00
33091;4565;38.0;43;14.51;7670.0;1.56;1.56;14.51;103.6;41.5;100.00;0.00
33100;4565;39.0;43;14.51;7670.0;1.56;1.56;14.51;103.6;41.0;100.00;0.00
33110;4564;39.0;43;14.51;7660.0;1.56;1.56;14.51;103.6;41.0;100.00;0.00
33119;4564;39.0;43;14.90;7640.0;1.56;1.56;14.51;103.7;41.0;100.00;0.00
33130;4564;39.0;43;14.90;7630.0;1.56;1.56;14.51;103.7;41.0;100.00;0.00
33139;4564;39.0;43;14.90;7620.0;2.34;1.56;14.51;103.7;41.0;100.00;0.00
33151;4564;39.0;43;14.90;7610.0;2.34;2.34;14.51;103.7;41.0;100.00;0.00
33160;4564;40.0;43;14.90;7590.0;2.34;2.34;14.51;103.8;41.0;100.00;0.00
33175;4564;40.0;43;14.90;7580.0;2.34;2.34;14.51;103.8;41.0;100.00;0.00
33189;4565;40.0;43;15.29;7570.0;2.34;2.34;14.51;103.9;41.0;100.00;0.00
33200;4567;40.0;43;15.29;7560.0;2.34;2.34;14.51;103.9;41.0;100.00;0.00
33214;4568;41.0;43;15.29;7540.0;3.13;2.34;14.51;104.0;41.0;100.00;0.00
33231;4569;41.0;43;15.29;7530.0;3.13;3.13;14.51;104.0;41.0;100.00;0.00
33240;4571;41.0;43;15.69;7440.0;3.13;3.13;14.51;104.1;41.0;100.00;0.00
33252;4572;42.0;43;15.69;7350.0;3.13;3.13;14.51;104.1;41.0;100.00;0.00
33269;4574;42.0;43;15.69;7270.0;3.13;3.13;14.51;104.2;41.0;100.00;0.00
33281;4575;43.0;43;15.69;7180.0;3.13;3.13;14.51;104.2;41.0;100.00;0.00
33290;4576;43.0;43;16.08;7090.0;3.13;3.13;14.90;104.3;41.0;100.00;0.00
33303;4578;43.0;43;16.08;7000.0;3.13;3.13;14.90;104.3;41.0;60.00;40.00
33326;4579;44.0;43;16.08;6910.0;3.91;3.13;14.90;104.3;41.0;60.00;40.00
33342;4579;44.0;43;16.08;6820.0;3.91;3.13;15.29;104.3;41.0;60.00;40.00
33361;4579;44.0;43;16.47;6740.0;3.91;3.13;15.29;104.3;41.0;60.00;40.00
33380;4579;44.0;43;16.47;6650.0;3.91;3.13;15.69;104.3;41.0;60.00;40.00
33389;4578;44.0;43;16.47;6560.0;3.91;3.13;15.69;104.3;41.0;60.00;40.00
33401;4578;44.0;43;16.47;6620.0;3.91;3.13;15.69;104.3;41.0;60.00;40.00
33419;4578;44.0;43;16.47;6690.0;3.91;3.13;16.08;104.3;41.0;60.00;40.00
33431;4578;45.0;43;16.47;6750.0;3.91;3.13;16.08;104.4;41.0;60.00;40.00
33452;4577;45.0;43;16.47;6810.0;3.13;3.13;16.08;104.4;41.0;60.00;40.00
33471;4577;45.0;43;16.86;6870.0;3.13;3.13;16.08;104.4;41.0;60.00;40.00
33480;4577;45.0;43;16.86;6940.0;3.13;3.13;16.47;104.4;41.0;61.96;38.04
33494;4577;45.0;43;16.86;7000.0;3.13;3.13;16.47;104.5;41.0;61.96;38.04
33509;4577;45.0;43;16.86;7060.0;3.13;2.34;16.47;104.5;41.0;61.96;38.04
33521;4577;45.0;43;16.86;7120.0;3.13;2.34;16.47;104.5;41.0;61.96;38.04
33541;4577;46.0;43;16.86;7190.0;2.34;2.34;16.47;104.6;41.0;61.96;38.04
33550;4578;46.0;43;16.86;7250.0;2.34;2.34;16.47;104.6;40.5;61.96;38.04
33559;4578;46.0;43;17.25;7300.0;2.34;2.34;16.86;104.6;40.5;61.96;38.04
33572;4578;47.0;43;17.25;7360.0;2.34;2.34;16.86;104.7;40.5;61.96;38.04
33590;4578;47.0;43;17.25;7410.0;2.34;2.34;16.86;104.7;40.5;61.96;38.04
33600;4579;48.0;43;17.25;7460.0;2.34;2.34;16.86;104.8;40.5;61.96;38.04
33613;4579;48.0;43;17.65;7520.0;2.34;2.34;16.86;104.8;40.5;61.96;38.04
33631;4579;48.0;43;17.65;7570.0;2.34;2.34;17.25;104.8;40.5;63.92;36.08
33644;4579;49.0;43;17.65;7630.0;2.34;2.34;17.25;104.8;40.5;63.92;36.08
33661;4580;49.0;43;17.65;7680.0;2.34;2.34;17.25;104.8;40.5;63.92;36.08
33670;4582;49.0;43;18.04;7730.0;2.34;2.34;17.25;104.9;40.5;63.92;36.08
33683;4583;49.0;43;18.04;7790.0;2.34;2.34;17.25;104.9;40.5;63.92;36.08
33700;4584;49.0;43;18.04;7840.0;2.34;2.34;17.25;104.9;41.0;63.92;36.08
33712;4585;49.0;43;18.04;7820.0;2.34;2.34;17.65;104.9;41.0;63.92;36.08
33730;4587;49.0;43;18.04;7800.0;2.34;2.34;17.65;104.9;41.0;63.92;36.08
33741;4588;50.0;43;18.04;7770.0;2.34;2.34;17.65;105.0;41.0;63.92;36.08
33751;4589;50.0;43;18.04;7750.0;2.34;2.34;17.65;105.0;41.0;63.92;36.08
33760;4590;50.0;43;18.43;7730.0;2.34;2.34;17.65;105.0;41.0;63.92;36.08
33771;4592;50.0;43;18.43;7710.0;2.34;2.34;18.04;105.0;41.0;69.02;30.98
33785;4593;50.0;43;18.43;7690.0;1.56;2.34;18.04;105.0;41.0;69.02;30.98
33803;4593;50.0;43;18.43;7670.0;1.56;2.34;18.04;105.0;41.0;69.02;30.98
33819;4593;50.0;43;18.43;7640.0;1.56;2.34;18.04;105.0;41.0;69.02;30.98
33831;4593;50.0;43;18.43;7620.0;1.56;2.34;18.04;105.0;41.0;69.02;30.98
33850;4594;50.0;43;18.43;7600.0;1.56;2.34;18.04;105.0;41.0;69.02;30.98
33864;4594;50.0;43;18.43;7630.0;1.56;2.34;18.43;105.1;41.0;69.02;30.98
33879;4594;50.0;43;18.43;7670.0;1.56;2.34;18.43;105.1;41.0;69.02;30.98
33891;4594;51.0;43;18.43;7700.0;1.56;2.34;18.43;105.1;41.0;69.02;30.98
33910;4595;51.0;43;18.43;7740.0;1.56;2.34;18.43;105.1;41.0;69.02;30.98
33921;4595;51.0;43;18.43;7770.0;1.56;2.34;18.43;105.0;41.0;69.02;30.98
33930;4595;51.0;43;18.43;7810.0;1.56;2.34;18.43;104.9;41.0;72.16;27.84
33946;4595;51.0;43;18.43;7840.0;2.34;2.34;18.43;104.9;41.0;72.16;27.84
33963;4595;51.0;43;18.43;7880.0;2.34;2.34;18.43;104.8;41.0;72.16;27.84
33980;4594;50.0;43;18.43;7910.0;2.34;2.34;18.43;104.7;41.0;72.16;27.84
33992;4594;49.0;43;18.43;7950.0;2.34;2.34;18.43;104.7;41.0;72.16;27.84
34012;4594;48.0;43;18.04;7980.0;2.34;2.34;18.43;104.6;41.0;72.16;27.84
34032;4593;47.0;43;18.04;7850.0;2.34;2.34;18.43;104.5;41.0;72.16;27.84
34051;4593;46.0;43;17.65;7710.0;2.34;2.34;18.43;104.5;41.0;72.16;27.84
34071;4593;46.0;43;17.25;7580.0;2.34;2.34;18.43;104.4;41.0;72.16;27.84
34092;4592;45.0;43;17.25;7450.0;2.34;2.34;18.04;104.3;41.0;72.16;27.84
34112;4592;44.0;43;16.86;7320.0;2.34;2.34;18.04;104.2;41.0;72.16;27.84
34131;4592;43.0;43;16.86;7180.0;2.34;2.34;17.65;104.1;41.0;70.20;29.80
34153;4591;42.0;43;16.47;7050.0;2.34;2.34;17.65;104.1;41.0;70.20;29.80
34171;4593;41.0;43;16.08;6920.0;2.34;2.34;17.25;104.0;41.0;70.20;29.80
34181;4594;41.0;43;16.08;6790.0;2.34;2.34;17.25;103.9;41.0;70.20;29.80
34200;4596;40.0;43;15.69;6650.0;2.34;2.34;16.86;103.8;41.0;70.20;29.80
34211;4597;40.0;43;15.69;6520.0;2.34;2.34;16.86;103.7;40.5;70.20;29.80
34231;4598;39.0;43;15.29;6520.0;2.34;2.34;16.47;103.6;40.5;70.20;29.80
34251;4600;39.0;43;15.29;6510.0;2.34;2.34;16.47;103.5;40.5;70.20;29.80
34261;4601;38.0;43;15.29;6510.0;2.34;2.34;16.08;103.5;40.5;70.20;29.80
34280;4602;38.0;43;15.29;6510.0;2.34;2.34;15.69;103.4;40.5;70.20;29.80
34291;4604;37.0;43;14.90;6510.0;2.34;2.34;15.69;103.3;40.5;70.20;29.80
34301;4605;37.0;43;14.90;6500.0;2.34;2.34;15.29;103.2;40.5;65.10;34.90
34325;4607;36.0;43;14.90;6500.0;3.13;2.34;14.90;103.1;40.5;65.10;34.90
34341;4604;36.0;43;14.90;6500.0;3.13;3.13;14.90;103.1;40.5;65.10;34.90
34361;4602;36.0;43;14.51;6500.0;3.13;3.13;14.51;103.0;40.5;65.10;34.90
34368;4600;36.0;43;14.51;6490.0;3.13;3.13;14.51;102.9;40.5;65.10;34.90
34380;4597;35.0;43;14.51;6490.0;3.13;3.13;14.12;102.8;40.5;65.10;34.90
34389;4595;35.0;43;14.51;6560.0;3.13;3.13;13.73;102.8;40.5;65.10;34.90
34400;4592;35.0;43;14.51;6630.0;3.13;3.13;13.73;102.7;40.5;65.10;34.90
34414;4590;35.0;43;14.51;6700.0;2.34;3.13;13.33;102.6;40.5;65.10;34.90
34429;4588;35.0;43;14.51;6770.0;2.34;3.13;13.33;102.5;40.5;65.10;34.90
34439;4585;35.0;43;14.12;6840.0;2.34;2.34;13.33;102.6;40.5;65.10;34.90
34450;4583;34.0;43;14.12;6900.0;1.56;2.34;12.94;102.7;40.5;70.98;29.02
34465;4581;34.0;43;14.12;6970.0;1.56;2.34;12.94;102.8;40.5;70.98;29.02
34479;4584;34.0;43;14.12;7040.0;0.78;2.34;12.94;102.8;40.5;70.98;29.02
34492;4587;34.0;43;14.12;7110.0;0.78;2.34;12.94;102.9;40.5;70.98;29.02
34511;4590;35.0;43;14.12;7180.0;0.78;2.34;12.94;103.0;40.5;70.98;29.02
34519;4593;35.0;43;14.12;7250.0;0.00;1.56;12.94;103.0;40.5;70.98;29.02
34531;4597;36.0;43;14.51;7280.0;0.00;1.56;12.55;103.1;40.5;70.98;29.02
34550;4600;36.0;43;14.51;7310.0;0.00;1.56;12.55;103.2;40.5;70.98;29.02
34562;4603;37.0;43;14.51;7350.0;0.00;1.56;12.55;103.3;40.5;70.98;29.02
34579;4606;37.0;43;14.51;7380.0;0.00;1.56;12.55;103.3;40.5;70.98;29.02
34588;4609;38.0;43;14.90;7410.0;0.00;1.56;12.94;103.4;40.5;70.98;29.02
34598;4612;38.0;43;14.90;7440.0;0.00;1.56;12.94;103.4;40.5;100.00;0.00
34616;4616;39.0;43;14.90;7470.0;0.78;1.56;12.94;103.4;40.5;100.00;0.00
34628;4614;39.0;43;14.90;7500.0;0.78;2.34;12.94;103.4;40.5;100.00;0.00
34638;4612;39.0;43;15.29;7540.0;0.78;2.34;13.33;103.4;40.5;100.00;0.00
34648;4610;39.0;43;15.29;7570.0;0.78;2.34;13.33;103.4;40.5;100.00;0.00
34662;4608;39.0;43;15.29;7600.0;0.78;2.34;13.33;103.4;40.5;100.00;0.00
34680;4606;39.0;43;15.29;7530.0;0.78;2.34;13.33;103.4;40.5;100.00;0.00
34688;4604;39.0;43;15.29;7450.0;0.78;2.34;13.73;103.4;40.5;100.00;0.00
34698;4603;40.0;43;15.29;7380.0;0.78;2.34;13.73;103.4;40.5;100.00;0.00
34708;4601;40.0;43;15.29;7310.0;1.56;2.34;13.73;103.4;40.5;100.00;0.00
34719;4599;40.0;43;15.69;7240.0;1.56;2.34;13.73;103.5;40.5;100.00;0.00
34731;4597;40.0;43;15.69;7160.0;1.56;2.34;13.73;103.6;40.5;72.94;27.06
34744;4595;40.0;43;15.69;7090.0;1.56;2.34;13.73;103.6;40.5;72.94;27.06
34760;4598;40.0;43;15.69;7020.0;1.56;3.13;13.73;103.7;40.5;72.94;27.06
34768;4600;41.0;43;15.69;6950.0;1.56;3.13;14.12;103.8;40.5;72.94;27.06
34780;4602;41.0;43;15.69;6870.0;2.34;3.13;14.12;103.9;40.5;72.94;27.06
34789;4605;42.0;43;15.69;6800.0;2.34;3.13;14.12;103.9;40.5;72.94;27.06
34798;4607;43.0;43;16.08;6840.0;2.34;3.13;14.12;104.0;40.5;72.94;27.06
34812;4610;44.0;43;16.08;6890.0;2.34;3.13;14.12;104.1;40.5;72.94;27.06
34830;4612;44.0;43;16.47;6930.0;2.34;3.13;14.12;104.2;40.5;72.94;27.06
34839;4615;45.0;43;16.47;6980.0;2.34;3.13;14.12;104.3;40.5;72.94;27.06
34850;4617;46.0;43;16.86;7020.0;2.34;3.13;14.51;104.3;40.5;72.94;27.06
34861;4619;47.0;43;16.86;7070.0;2.34;3.13;14.51;104.3;40.5;65.10;34.90
34875;4622;47.0;43;17.25;7110.0;2.34;3.13;14.90;104.3;40.5;65.10;34.90
34890;4620;48.0;43;17.25;7160.0;2.34;3.13;14.90;104.4;40.5;65.10;34.90
34900;4619;48.0;43;17.65;7200.0;2.34;3.13;15.29;104.4;40.5;65.10;34.90
34912;4617;48.0;43;17.65;7250.0;2.34;3.13;15.29;104.4;40.5;65.10;34.90
34928;4615;48.0;43;17.65;7290.0;2.34;3.13;15.69;104.4;40.5;65.10;34.90
34939;4614;48.0;43;17.65;7320.0;2.34;3.13;15.69;104.4;40.5;65.10;34.90
34950;4612;48.0;43;17.65;7350.0;2.34;3.13;16.08;104.5;40.5;65.10;34.90
34962;4610;48.0;43;17.65;7380.0;2.34;3.13;16.08;104.5;40.5;65.10;34.90
34980;4609;48.0;43;17.65;7410.0;2.34;3.13;16.08;104.5;40.5;65.10;34.90
34989;4607;48.0;43;18.04;7440.0;2.34;3.13;16.47;104.6;40.5;65.10;34.90
35000;4605;48.0;43;18.04;7480.0;2.34;3.13;16.47;104.7;40.5;65.88;34.12
35015;4604;48.0;43;18.04;7510.0;1.56;3.13;16.47;104.7;40.5;65.88;34.12
35029;4606;48.0;43;18.04;7540.0;1.56;2.34;16.86;104.8;40.5;65.88;34.12
35043;4609;49.0;43;18.04;7570.0;1.56;2.34;16.86;104.9;40.5;65.88;34.12
35060;4611;49.0;43;18.04;7600.0;1.56;2.34;17.25;105.0;40.5;65.88;34.12
35069;4614;50.0;43;18.04;7630.0;1.56;2.34;17.25;105.0;40.5;65.88;34.12
35078;4616;51.0;43;18.43;7730.0;1.56;2.34;17.25;105.1;40.5;65.88;34.12
35088;4619;51.0;43;18.43;7820.0;1.56;2.34;17.65;105.2;40.5;65.88;34.12
35098;4621;52.0;43;18.43;7920.0;1.56;2.34;17.65;105.3;40.5;65.88;34.12
35112;4624;52.0;43;18.82;8010.0;1.56;2.34;17.65;105.3;40.5;65.88;34.12
35130;4626;53.0;43;18.82;8110.0;1.56;2.34;18.04;105.3;40.5;65.88;34.12
35138;4629;54.0;43;19.22;8200.0;1.56;2.34;18.04;105.3;40.5;70.98;29.02
35157;4631;54.0;43;19.22;8300.0;1.56;2.34;18.04;105.3;40.5;70.98;29.02
35169;4630;55.0;43;19.22;8390.0;1.56;2.34;18.43;105.3;40.5;70.98;29.02
35178;4628;55.0;43;19.61;8490.0;1.56;2.34;18.43;105.3;40.5;70.98;29.02
35190;4627;55.0;43;19.61;8580.0;1.56;2.34;18.82;105.3;40.5;70.98;29.02
35198;4625;55.0;43;19.61;8680.0;1.56;2.34;18.82;105.3;41.0;70.98;29.02
35210;4624;55.0;43;19.61;8650.0;1.56;2.34;18.82;105.4;41.0;70.98;29.02
35219;4622;55.0;43;19.22;8620.0;1.56;2.34;19.22;105.4;41.0;70.98;29.02
35228;4620;55.0;43;19.22;8600.0;1.56;2.34;19.22;105.4;41.0;70.98;29.02
35239;4619;55.0;43;19.22;8570.0;1.56;2.34;19.22;105.4;41.0;70.98;29.02
35250;4617;55.0;43;19.22;8540.0;1.56;2.34;19.22;105.3;41.0;70.98;29.02
35258;4616;55.0;43;19.22;8510.0;1.56;2.34;19.22;105.2;41.0;76.86;23.14
35276;4614;55.0;43;19.22;8480.0;2.34;2.34;19.22;105.1;41.0;76.86;23.14
35288;4615;55.0;43;18.82;8450.0;2.34;1.56;19.22;105.0;41.0;76.86;23.14
35302;4616;54.0;43;18.82;8430.0;2.34;1.56;19.61;104.9;41.0;76.86;23.14
35318;4616;53.0;43;18.82;8400.0;2.34;1.56;19.61;104.8;41.0;76.86;23.14
35328;4617;52.0;43;18.43;8370.0;2.34;1.56;19.61;104.7;41.0;76.86;23.14
35340;4617;51.0;43;18.43;8190.0;2.34;1.56;19.61;104.6;41.0;76.86;23.14
35349;4618;50.0;43;18.04;8010.0;2.34;1.56;19.61;104.6;41.0;76.86;23.14
35358;4618;49.0;43;18.04;7830.0;2.34;1.56;19.61;104.5;41.0;76.86;23.14
35369;4619;48.0;43;17.65;7650.0;2.34;1.56;19.22;104.4;41.0;76.86;23.14
35378;4619;47.0;43;17.65;7470.0;2.34;1.56;18.82;104.3;41.0;76.86;23.14
35390;4620;46.0;43;17.25;7280.0;2.34;1.56;18.43;104.1;41.0;65.10;34.90
35406;4621;45.0;43;17.25;7100.0;3.13;1.56;18.04;104.0;41.0;65.10;34.90
35418;4621;44.0;43;16.86;6920.0;3.13;0.78;17.65;103.9;41.0;65.10;34.90
35428;4622;43.0;43;16.86;6740.0;3.13;0.78;17.25;103.8;41.0;65.10;34.90
35438;4622;42.0;43;16.47;6560.0;3.13;0.78;16.86;103.7;41.0;65.10;34.90
35449;4622;42.0;43;16.47;6380.0;3.13;0.78;16.47;103.6;41.0;65.10;34.90
35463;4623;41.0;43;16.08;6390.0;3.13;0.78;16.08;103.4;41.0;65.10;34.90
35479;4623;40.0;43;16.08;6400.0;3.13;0.78;15.69;103.3;41.0;65.10;34.90
35490;4624;39.0;43;15.69;6410.0;3.13;0.78;15.29;103.2;41.0;65.10;34.90
35499;4624;38.0;43;15.69;6420.0;3.13;0.78;15.29;103.1;41.0;65.10;34.90
35511;4625;37.0;43;15.29;6430.0;3.13;1.56;14.90;103.1;41.0;65.10;34.90
35519;4625;37.0;43;15.29;6440.0;3.13;1.56;14.90;103.1;41.0;67.06;32.94
35535;4626;36.0;43;14.90;6450.0;3.13;1.56;14.51;103.0;41.0;67.06;32.94
35549;4626;35.0;43;14.90;6460.0;3.13;1.56;14.51;103.0;41.0;67.06;32.94
35560;4626;35.0;43;14.51;6470.0;3.13;1.56;14.12;103.0;41.0;67.06;32.94
35569;4626;35.0;43;14.51;6480.0;3.13;1.56;14.12;103.0;41.0;67.06;32.94
35578;4626;35.0;43;14.51;6490.0;3.13;2.34;13.73;102.9;40.5;67.06;32.94
35590;4626;35.0;43;14.51;6540.0;3.13;2.34;13.73;102.9;40.5;67.06;32.94
35599;4626;35.0;43;14.51;6580.0;3.13;2.34;13.33;102.9;40.5;67.06;32.94
35611;4626;35.0;43;14.51;6630.0;2.34;2.34;13.33;102.9;40.5;67.06;32.94
35628;4626;35.0;43;14.51;6680.0;2.34;2.34;13.33;102.8;40.5;67.06;32.94
35639;4626;35.0;43;14.51;6730.0;2.34;2.34;13.33;102.7;40.5;67.06;32.94
35650;4627;35.0;43;14.51;6770.0;2.34;2.34;13.33;102.6;40.5;100.00;0.00
35666;4627;35.0;43;14.51;6820.0;1.56;2.34;13.33;102.5;40.5;100.00;0.00
35680;4625;35.0;43;14.51;6870.0;1.56;2.34;13.33;102.4;40.5;100.00;0.00
35689;4624;34.0;43;14.51;6920.0;1.56;2.34;12.94;102.3;40.5;100.00;0.00
35699;4623;34.0;43;14.51;6960.0;1.56;2.34;12.94;102.2;40.5;100.00;0.00
35711;4621;33.0;43;14.12;7010.0;0.78;2.34;12.94;102.1;41.0;100.00;0.00
35720;4620;33.0;43;14.12;6960.0;0.78;2.34;12.94;102.0;41.0;100.00;0.00
35729;4619;32.0;43;13.73;6910.0;0.78;2.34;12.94;101.9;41.0;100.00;0.00
35740;4617;32.0;43;13.73;6860.0;0.78;2.34;12.94;101.7;41.0;100.00;0.00
35749;4616;31.0;43;13.33;6810.0;1.56;2.34;12.94;101.6;41.0;100.00;0.00
35759;4615;31.0;43;13.33;6760.0;1.56;3.13;12.55;101.7;41.0;100.00;0.00
35770;4613;30.0;43;12.94;6700.0;1.56;3.13;12.55;101.8;42.0;100.00;0.00
35787;4612;30.0;43;12.94;6650.0;1.56;3.13;12.16;101.9;42.5;100.00;0.00
35800;4613;29.0;43;12.55;6600.0;1.56;3.13;12.16;102.0;43.5;100.00;0.00
35812;4614;30.0;43;12.55;6550.0;1.56;3.13;11.76;102.0;44.5;100.00;0.00
35829;4615;31.0;43;12.16;6500.0;2.34;3.13;11.76;102.1;45.0;100.00;0.00
35838;4615;32.0;43;12.55;6450.0;2.34;3.91;11.37;102.2;46.0;100.00;0.00
35850;4616;33.0;43;12.94;6580.0;2.34;3.91;11.37;102.3;46.5;100.00;0.00
35859;4617;34.0;43;12.94;6710.0;2.34;3.91;10.98;102.4;47.5;100.00;0.00
35870;4618;35.0;43;13.33;6840.0;2.34;3.91;10.98;102.5;48.5;100.00;0.00
35878;4619;36.0;43;13.73;6970.0;2.34;3.91;11.37;102.5;49.0;100.00;0.00
35890;4620;37.0;43;14.12;7100.0;2.34;3.91;11.37;102.7;50.0;100.00;0.00
35899;4621;38.0;43;14.51;7230.0;2.34;3.91;11.76;102.9;49.5;100.00;0.00
35916;4622;39.0;43;14.90;7360.0;2.34;3.91;12.16;103.1;49.0;100.00;0.00
35930;4625;40.0;43;14.90;7490.0;2.34;3.91;12.55;103.3;48.5;100.00;0.00
35940;4629;41.0;43;15.29;7620.0;2.34;3.91;12.55;103.5;48.0;100.00;0.00
35948;4632;43.0;43;15.69;7750.0;2.34;3.91;12.94;103.7;47.5;100.00;0.00
35959;4636;44.0;43;16.08;7880.0;2.34;3.91;13.33;103.9;47.0;100.00;0.00
35970;4639;46.0;43;16.08;7900.0;2.34;3.91;13.73;104.1;46.5;100.00;0.00
35979;4642;47.0;43;16.47;7920.0;2.34;3.91;13.73;104.3;46.0;100.00;0.00
35990;4646;49.0;43;16.86;7940.0;2.34;3.91;14.12;104.4;45.5;100.00;0.00
35999;4649;50.0;43;17.25;7960.0;2.34;3.91;14.51;104.6;45.0;100.00;0.00
36011;4653;52.0;43;17.25;7980.0;2.34;3.91;14.90;104.8;44.5;100.00;0.00
36029;4656;53.0;43;17.65;7990.0;2.34;3.91;15.29;105.0;44.5;94.90;5.10
36048;4660;55.0;43;18.04;8010.0;2.34;3.91;15.69;105.1;44.0;94.90;5.10
36060;4661;56.0;43;18.43;8030.0;2.34;3.13;16.08;105.3;44.0;94.90;5.10
36070;4663;57.0;43;18.43;8050.0;2.34;3.13;16.47;105.4;44.0;94.90;5.10
36079;4664;57.0;43;18.82;8070.0;2.34;3.13;16.86;105.6;44.0;94.90;5.10
36089;4665;58.0;43;19.22;8090.0;2.34;3.13;17.25;105.7;43.5;94.90;5.10
36100;4667;59.0;43;19.61;8320.0;2.34;3.13;17.65;105.9;43.5;94.90;5.10
36112;4668;60.0;43;20.00;8540.0;2.34;3.13;18.04;106.0;43.5;94.90;5.10
36130;4669;60.0;43;20.39;8770.0;2.34;3.13;18.43;106.2;43.5;94.90;5.10
36139;4671;61.0;43;20.78;9000.0;2.34;3.13;18.82;106.3;43.0;94.90;5.10
36150;4672;62.0;43;21.57;9230.0;2.34;3.13;19.22;106.4;43.0;94.90;5.10
36161;4674;63.0;43;21.96;9450.0;2.34;3.13;19.22;106.5;43.0;70.98;29.02
36186;4675;63.0;43;22.35;9680.0;3.13;3.13;19.61;106.6;43.0;70.98;29.02
36200;4676;64.0;43;22.75;9910.0;3.13;3.13;20.00;106.7;43.0;70.98;29.02
36211;4677;64.0;43;23.14;10140.0;3.13;3.13;20.39;106.8;43.0;70.98;29.02
36220;4679;64.0;43;23.53;10360.0;3.13;3.13;20.78;106.9;43.0;70.98;29.02
36229;4680;65.0;43;23.53;10590.0;3.13;3.13;21.18;106.9;43.0;70.98;29.02
36239;4681;65.0;43;23.14;10570.0;3.13;3.13;21.18;107.0;43.0;70.98;29.02
36248;4682;65.0;43;23.14;10550.0;3.13;3.13;21.57;107.1;43.0;70.98;29.02
36261;4683;65.0;43;23.14;10530.0;3.13;3.13;21.96;107.2;43.0;70.98;29.02
36271;4685;65.0;43;22.75;10510.0;3.13;3.13;22.35;107.3;43.0;70.98;29.02
36280;4686;65.0;43;22.75;10490.0;3.13;2.34;22.35;107.0;43.0;70.98;29.02
36290;4687;66.0;43;22.35;10480.0;3.13;2.34;22.75;106.8;43.0;80.00;20.00
36307;4688;66.0;43;22.35;10460.0;2.34;2.34;22.75;106.5;43.0;80.00;20.00
36319;4682;66.0;43;22.35;10440.0;2.34;2.34;23.14;106.2;43.0;80.00;20.00
36330;4676;64.0;43;21.96;10420.0;2.34;2.34;23.14;106.0;43.0;80.00;20.00
36340;4669;62.0;43;21.96;10400.0;2.34;2.34;23.53;105.7;43.0;80.00;20.00
36351;4663;59.0;43;21.57;10380.0;2.34;1.56;23.53;105.4;42.5;80.00;20.00
36360;4657;57.0;43;20.78;10140.0;2.34;1.56;23.92;105.1;42.5;80.00;20.00
36370;4650;55.0;43;20.39;9910.0;2.34;1.56;23.92;104.9;42.5;80.00;20.00
36380;4644;53.0;43;19.61;9670.0;2.34;1.56;24.31;104.6;42.5;80.00;20.00
36391;4637;51.0;43;19.22;9430.0;2.34;1.56;23.53;104.3;42.5;80.00;20.00
36400;4631;49.0;43;18.43;9190.0;2.34;0.78;22.75;104.2;42.5;80.00;20.00
36414;4625;46.0;43;18.04;8960.0;2.34;0.78;21.96;104.1;42.5;78.04;21.96
36434;4618;44.0;43;17.25;8720.0;1.56;0.78;21.18;104.0;42.5;78.04;21.96
36451;4623;42.0;43;16.86;8480.0;1.56;0.78;20.39;103.9;42.0;78.04;21.96
36460;4627;41.0;43;16.08;8240.0;1.56;0.78;19.61;103.8;42.0;78.04;21.96
36469;4631;41.0;43;15.69;8010.0;1.56;0.78;18.82;103.7;42.0;78.04;21.96
36479;4635;40.0;43;15.69;7770.0;1.56;0.00;18.04;103.6;42.0;78.04;21.96
36490;4640;40.0;43;15.29;7680.0;1.56;0.00;17.25;103.4;42.0;78.04;21.96
36499;4644;39.0;43;15.29;7600.0;1.56;0.00;16.47;103.3;42.0;78.04;21.96
36511;4648;39.0;43;15.29;7510.0;2.34;0.00;15.69;103.2;41.5;78.04;21.96
36530;4652;38.0;43;15.29;7430.0;2.34;0.78;15.29;103.1;41.5;78.04;21.96
36540;4657;38.0;43;14.90;7340.0;2.34;0.78;15.29;103.1;41.5;78.04;21.96
36550;4661;37.0;43;14.90;7260.0;2.34;0.78;14.90;103.1;41.5;67.84;32.16
36564;4665;37.0;43;14.90;7170.0;3.13;0.78;14.90;103.1;41.5;67.84;32.16
36580;4663;36.0;43;14.90;7090.0;3.13;1.56;14.51;103.1;41.5;67.84;32.16
36591;4661;36.0;43;14.51;7000.0;3.13;1.56;14.51;103.1;41.5;67.84;32.16
36601;4659;36.0;43;14.51;6920.0;3.13;1.56;14.12;103.1;41.5;67.84;32.16
36610;4657;36.0;43;14.51;6830.0;3.91;1.56;14.12;103.1;41.0;67.84;32.16
36621;4655;36.0;43;14.51;6820.0;3.91;2.34;13.73;103.1;41.0;67.84;32.16
36630;4652;36.0;43;14.51;6820.0;3.91;2.34;13.73;103.1;41.0;67.84;32.16
36639;4650;36.0;43;14.51;6810.0;3.91;2.34;13.33;103.1;41.0;67.84;32.16
36650;4648;36.0;43;14.51;6810.0;3.13;2.34;13.33;103.1;41.0;67.84;32.16
36661;4646;36.0;43;14.90;6800.0;3.13;2.34;13.33;103.0;41.0;67.84;32.16
36670;4644;36.0;43;14.90;6800.0;3.13;2.34;13.33;103.0;41.0;70.98;29.02
36684;4642;36.0;43;14.90;6790.0;3.13;2.34;13.33;103.0;41.0;70.98;29.02
36700;4643;36.0;43;14.90;6790.0;3.13;3.13;13.33;103.0;41.0;70.98;29.02
36709;4645;36.0;43;14.90;6780.0;3.13;3.13;13.33;102.9;41.0;70.98;29.02
36720;4646;36.0;43;14.90;6780.0;2.34;3.13;13.33;102.9;41.0;70.98;29.02
36729;4648;36.0;43;14.90;6770.0;2.34;3.13;13.33;102.9;40.5;70.98;29.02
36739;4649;36.0;43;14.51;6810.0;2.34;3.13;13.33;102.9;40.5;70.98;29.02
36751;4650;36.0;43;14.51;6840.0;2.34;3.13;13.33;102.8;40.5;70.98;29.02
36759;4652;35.0;43;14.51;6880.0;2.34;3.13;13.33;102.8;40.5;70.98;29.02
36770;4653;35.0;43;14.12;6920.0;2.34;3.13;13.33;102.8;40.5;70.98;29.02
36779;4655;35.0;43;14.12;6960.0;2.34;3.13;13.33;102.7;40.5;70.98;29.02
36790;4656;35.0;43;13.73;6990.0;2.34;3.13;13.33;102.6;41.0;70.20;29.80
36804;4657;35.0;43;13.73;7030.0;1.56;3.13;13.33;102.4;41.5;70.20;29.80
36820;4656;35.0;43;13.73;7070.0;1.56;2.34;13.33;102.3;42.0;70.20;29.80
36830;4654;34.0;43;13.33;7110.0;1.56;2.34;12.94;102.2;42.5;70.20;29.80
36839;4652;34.0;43;13.33;7140.0;1.56;2.34;12.94;102.1;43.0;70.20;29.80
36850;4650;33.0;43;13.33;7180.0;1.56;2.34;12.94;102.0;43.5;70.20;29.80
36859;4648;32.0;43;12.94;7120.0;1.56;2.34;12.94;101.8;44.0;70.20;29.80
36869;4646;32.0;43;12.94;7050.0;1.56;2.34;12.94;101.7;44.5;70.20;29.80
36880;4645;31.0;43;12.94;6990.0;1.56;2.34;12.94;101.6;45.0;70.20;29.80
36891;4643;31.0;43;12.55;6930.0;1.56;2.34;12.55;101.5;45.5;70.20;29.80
36902;4641;30.0;43;12.55;6870.0;1.56;3.13;12.16;101.4;46.0;70.20;29.80
36921;4639;29.0;43;12.16;6800.0;1.56;3.13;11.76;101.3;47.5;100.00;0.00
36933;4637;29.0;43;12.16;6740.0;1.56;3.13;11.37;101.2;49.0;100.00;0.00
36950;4633;28.0;43;12.16;6680.0;1.56;3.13;10.98;101.1;51.0;100.00;0.00
36962;4629;28.0;43;11.76;6620.0;1.56;3.13;10.98;101.0;52.5;100.00;0.00
36979;4625;28.0;43;11.76;6550.0;1.56;3.13;10.59;100.9;54.0;100.00;0.00
36991;4621;28.0;43;11.76;6490.0;1.56;3.91;10.20;100.8;55.5;100.00;0.00
36999;4617;28.0;43;11.76;6410.0;1.56;3.91;9.80;100.7;57.0;100.00;0.00
37013;4613;28.0;43;11.37;6320.0;1.56;3.91;9.41;100.6;58.5;100.00;0.00
37029;4609;29.0;43;11.37;6240.0;2.34;3.91;9.02;100.5;60.5;100.00;0.00
37040;4605;29.0;43;11.37;6160.0;2.34;3.13;9.02;100.4;62.0;100.00;0.00
37049;4601;29.0;43;11.37;6080.0;2.34;3.13;8.63;100.3;63.5;100.00;0.00
37062;4597;29.0;43;11.37;5990.0;2.34;2.34;8.63;100.2;64.5;100.00;0.00
37084;4593;29.0;43;11.37;5910.0;3.13;2.34;8.63;100.2;65.0;100.00;0.00
37100;4593;29.0;43;10.98;5830.0;3.13;1.56;8.63;100.1;66.0;100.00;0.00
37111;4593;29.0;43;10.98;5750.0;3.13;1.56;8.24;100.0;67.0;100.00;0.00
37131;4592;28.0;43;10.98;5660.0;3.13;0.78;8.24;100.0;67.5;100.00;0.00
37140;4592;28.0;43;10.98;5580.0;3.91;0.78;8.24;99.9;68.5;100.00;0.00
37151;4592;27.0;43;10.59;5620.0;3.91;0.00;8.24;99.8;69.0;100.00;0.00
37160;4591;27.0;43;10.59;5660.0;3.91;0.00;7.84;99.7;70.0;100.00;0.00
37172;4591;26.0;43;10.59;5690.0;3.13;0.00;7.84;99.7;71.0;100.00;0.00
37189;4590;26.0;43;10.20;5730.0;3.13;0.00;7.84;99.6;71.5;100.00;0.00
37199;4590;25.0;43;10.20;5770.0;2.34;0.00;7.45;99.6;72.5;100.00;0.00
37211;4590;25.0;43;9.80;5810.0;2.34;0.00;7.45;99.6;74.0;100.00;0.00
37234;4589;24.0;43;9.80;5850.0;1.56;0.00;7.06;99.6;75.5;100.00;0.00
37251;4592;24.0;43;9.80;5890.0;1.56;0.00;7.06;99.5;77.0;100.00;0.00
37262;4595;24.0;43;9.41;5920.0;0.78;0.00;6.67;99.5;78.5;100.00;0.00
37279;4598;24.0;43;9.41;5960.0;0.78;0.00;6.67;99.5;80.0;100.00;0.00
37290;4601;24.0;43;9.41;6000.0;0.00;0.00;6.27;99.5;82.0;100.00;0.00
37301;4604;24.0;43;9.41;6180.0;0.00;0.00;6.27;99.5;83.5;100.00;0.00
37312;4606;24.0;43;9.41;6360.0;0.00;0.00;5.88;99.5;85.0;100.00;0.00
37331;4609;25.0;43;9.41;6540.0;0.00;0.00;5.88;99.5;86.5;100.00;0.00
37341;4612;25.0;43;9.41;6720.0;0.00;0.00;5.88;99.5;88.0;100.00;0.00
37350;4615;25.0;43;9.02;6900.0;0.00;0.00;5.88;99.5;89.5;100.00;0.00
37360;4618;25.0;43;9.02;7080.0;0.00;0.00;5.88;99.5;90.0;0.00;0.00
37374;4621;25.0;43;9.02;7260.0;0.00;0.00;5.88;99.5;90.0;0.00;0.00
37390;4615;25.0;43;9.02;7440.0;0.00;0.00;5.88;99.5;90.5;0.00;0.00
37402;4610;25.0;43;9.02;7620.0;0.00;0.00;5.49;99.5;91.0;0.00;0.00
37420;4605;25.0;43;9.02;7800.0;0.00;0.00;5.49;99.5;91.0;0.00;0.00
37429;4600;25.0;43;9.02;7980.0;0.00;0.00;5.49;99.4;91.5;0.00;0.00
37440;4595;25.0;43;9.02;7980.0;0.00;0.00;5.49;99.4;91.5;0.00;0.00
37449;4589;25.0;43;9.02;7990.0;0.00;0.00;5.49;99.4;92.0;0.00;0.00
37461;4584;25.0;43;9.02;7990.0;0.00;0.00;5.49;99.4;92.5;0.00;0.00
37471;4579;25.0;43;9.02;7990.0;0.00;0.00;5.49;99.4;92.5;0.00;0.00
37482;4574;25.0;43;9.02;8000.0;0.00;0.00;5.49;99.4;93.0;0.00;0.00
37498;4569;25.0;43;9.02;8000.0;0.00;0.00;5.49;99.4;93.0;0.00;0.00
37513;4563;25.0;43;9.02;8010.0;0.00;0.00;5.49;99.4;93.0;0.00;0.00
37531;4564;25.0;43;9.02;8010.0;0.00;0.00;5.49;99.4;93.0;0.00;0.00
37540;4564;25.0;43;9.02;8010.0;0.00;0.00;5.49;99.4;93.0;0.00;0.00
37550;4565;25.0;43;9.02;8020.0;0.00;0.00;5.49;99.4;93.0;0.00;0.00
37561;4565;25.0;43;9.02;8020.0;0.00;0.00;5.49;99.4;93.5;0.00;0.00
37579;4566;25.0;43;9.02;8020.0;0.00;0.00;5.49;99.4;93.5;0.00;0.00
37590;4566;25.0;43;9.02;8020.0;0.00;0.00;5.49;99.5;93.5;0.00;0.00
37599;4567;24.0;43;9.02;8020.0;0.00;0.00;5.49;99.5;93.5;0.00;0.00
37611;4567;24.0;43;9.02;8020.0;0.00;0.00;5.49;99.5;93.5;0.00;0.00
37620;4568;24.0;43;9.02;8020.0;0.00;0.00;5.49;99.5;93.5;0.00;0.00
37631;4568;24.0;43;9.02;8020.0;0.00;0.00;5.49;99.4;93.5;0.00;0.00
37646;4569;24.0;43;9.02;8020.0;0.00;0.00;5.49;99.4;93.5;0.00;0.00
37662;4567;24.0;43;9.02;8020.0;0.00;0.00;5.49;99.4;93.5;0.00;0.00
37679;4566;24.0;43;9.02;8020.0;0.00;0.00;5.88;99.4;93.5;0.00;0.00
37690;4565;24.0;43;9.02;8020.0;0.00;0.00;5.88;99.4;93.5;0.00;0.00
37699;4564;24.0;43;9.02;8020.0;0.00;0.00;5.88;99.4;94.0;0.00;0.00
37710;4563;24.0;43;9.02;8020.0;0.00;0.00;5.88;99.4;94.0;0.00;0.00
37719;4561;24.0;43;9.02;8020.0;0.00;0.00;5.88;99.4;94.0;0.00;0.00
37731;4560;25.0;43;9.02;8020.0;0.00;0.00;5.88;99.4;94.0;0.00;0.00
37739;4559;25.0;43;9.02;8020.0;0.00;0.00;5.88;99.4;94.0;0.00;0.00
37750;4558;25.0;43;9.02;8020.0;0.00;0.00;5.88;99.4;94.0;0.00;0.00
37762;4557;25.0;43;9.02;8020.0;0.00;0.00;5.88;99.4;94.0;0.00;0.00
37784;4555;25.0;43;9.02;8020.0;0.00;0.00;5.88;99.4;94.0;0.00;0.00
37797;4553;25.0;43;9.02;8020.0;0.00;0.00;5.88;99.4;94.0;0.00;0.00
37812;4550;25.0;43;9.02;8020.0;0.00;0.00;5.49;99.4;94.0;0.00;0.00
37828;4547;25.0;43;9.02;8020.0;0.00;0.00;5.49;99.4;94.0;0.00;0.00
37838;4545;25.0;43;9.02;8020.0;0.00;0.00;5.49;99.4;94.0;0.00;0.00
37851;4542;25.0;43;9.02;8020.0;0.00;0.00;5.49;99.4;94.0;0.00;0.00
37862;4540;25.0;43;9.02;8020.0;0.00;0.00;5.49;99.4;94.0;0.00;0.00
37878;4537;25.0;43;9.02;8020.0;0.00;0.00;5.49;99.4;94.0;0.00;0.00
37890;4534;25.0;43;9.02;8020.0;0.00;0.00;5.49;99.4;94.0;0.00;0.00
37899;4532;25.0;43;9.02;8020.0;0.00;0.00;5.49;99.4;94.0;0.00;0.00
37910;4529;25.0;43;9.02;8020.0;0.00;0.00;5.49;99.4;94.0;0.00;0.00
37924;4526;25.0;43;9.02;8020.0;0.00;0.00;5.49;99.4;94.0;0.00;0.00
37939;4525;25.0;43;9.02;8020.0;0.00;0.00;5.49;99.4;94.0;0.00;0.00
37948;4524;25.0;43;9.02;8020.0;0.00;0.00;5.49;99.4;94.0;0.00;0.00
37958;4523;25.0;43;9.02;8020.0;0.00;0.00;5.49;99.4;94.0;0.00;0.00
37970;4521;25.0;43;9.02;8020.0;0.00;0.00;5.49;99.4;94.5;0.00;0.00
37978;4520;25.0;43;9.02;8020.0;0.00;0.00;5.49;99.4;94.5;0.00;0.00
37989;4519;25.0;43;9.02;8030.0;0.00;0.00;5.49;99.4;94.5;0.00;0.00
37998;4517;24.0;43;9.02;8030.0;0.00;0.00;5.49;99.4;94.5;0.00;0.00
38009;4516;24.0;44;9.02;8030.0;0.00;0.00;5.49;99.4;94.5;0.00;0.00
38017;4515;24.0;44;8.63;8030.0;0.00;0.00;5.49;99.4;94.5;0.00;0.00
38030;4514;24.0;44;8.63;8040.0;0.00;0.00;5.49;99.4;94.5;0.00;0.00
38043;4512;24.0;44;8.63;8040.0;0.00;0.00;5.49;99.4;94.5;0.00;0.00
38059;4511;24.0;44;8.63;8040.0;0.00;0.00;5.49;99.4;94.5;0.00;0.00
38069;4510;24.0;44;8.63;8040.0;0.00;0.00;5.49;99.4;94.5;0.00;0.00
38078;4509;24.0;44;8.63;8050.0;0.00;0.00;5.49;99.4;94.5;0.00;0.00
38092;4508;24.0;44;8.63;8050.0;0.00;0.00;5.49;99.4;94.5;0.00;0.00
38111;4506;24.0;44;8.63;8050.0;0.00;0.00;5.49;99.4;94.5;0.00;0.00
38117;4505;24.0;44;8.63;8050.0;0.00;0.00;5.49;99.4;94.5;0.00;0.00
38130;4504;25.0;44;8.63;8050.0;0.00;0.00;5.49;99.4;94.5;0.00;0.00
38139;4503;25.0;44;8.63;8050.0;0.00;0.00;5.49;99.4;94.5;0.00;0.00
38149;4502;25.0;44;8.63;8050.0;0.00;0.00;5.49;99.4;94.5;0.00;0.00
38161;4501;25.0;44;8.63;8050.0;0.00;0.00;5.49;99.4;94.5;0.00;0.00
38175;4499;25.0;44;8.63;8050.0;0.00;0.00;5.49;99.4;94.5;0.00;0.00
38188;4496;25.0;44;8.63;8050.0;0.00;0.00;5.49;99.4;94.5;0.00;0.00
38199;4493;25.0;44;8.63;8050.0;0.00;0.00;5.49;99.4;94.5;0.00;0.00
38210;4490;25.0;44;8.63;8050.0;0.00;0.00;5.49;99.4;94.5;0.00;0.00
38220;4486;25.0;44;8.63;8050.0;0.00;0.00;5.49;99.4;95.0;0.00;0.00
38228;4483;25.0;44;8.63;8050.0;0.00;0.00;5.49;99.4;95.0;0.00;0.00
38240;4480;25.0;44;8.63;8050.0;0.00;0.00;5.49;99.4;95.0;0.00;0.00
38250;4476;25.0;44;8.63;8050.0;0.00;0.00;5.49;99.4;95.0;0.00;0.00
38262;4473;25.0;44;8.63;8050.0;0.00;0.00;5.49;99.4;95.0;0.00;0.00
38278;4470;25.0;44;8.63;8050.0;0.00;0.00;5.49;99.4;95.0;0.00;0.00
38289;4467;25.0;44;8.63;8050.0;0.00;0.00;5.49;99.4;95.0;0.00;0.00
38306;4463;25.0;44;8.63;8050.0;0.00;0.00;5.49;99.4;95.0;0.00;0.00
38319;4461;25.0;44;8.63;8050.0;0.00;0.00;5.49;99.4;95.0;0.00;0.00
38331;4459;25.0;44;8.63;8050.0;0.00;0.00;5.49;99.4;95.0;0.00;0.00
38339;4457;25.0;44;8.63;8050.0;0.00;0.00;5.49;99.4;95.0;0.00;0.00
38349;4454;25.0;44;8.63;8050.0;0.00;0.00;5.49;99.4;95.0;0.00;0.00
38360;4452;25.0;44;8.63;8050.0;0.00;0.00;5.49;99.4;95.0;0.00;0.00
38369;4450;25.0;44;8.63;8060.0;0.00;0.00;5.49;99.4;95.0;0.00;0.00
38377;4447;25.0;44;8.63;8060.0;0.00;0.00;5.49;99.4;95.0;0.00;0.00
38389;4445;25.0;44;8.63;8060.0;0.00;0.00;5.49;99.4;95.0;0.00;0.00
38401;4443;25.0;44;8.63;8070.0;0.00;0.00;5.49;99.4;95.0;0.00;0.00
38418;4441;25.0;44;8.63;8070.0;0.00;0.00;5.49;99.4;95.0;0.00;0.00
38433;4438;25.0;44;8.63;8080.0;0.00;0.00;5.49;99.4;95.0;0.00;0.00
38451;4437;25.0;44;8.63;8080.0;0.00;0.00;5.49;99.4;95.0;0.00;0.00
38470;4435;25.0;44;8.63;8080.0;0.00;0.00;5.49;99.4;95.0;0.00;0.00
38479;4433;25.0;44;8.63;8090.0;0.00;0.00;5.49;99.4;95.0;0.00;0.00
38489;4431;25.0;44;8.63;8090.0;0.00;0.00;5.49;99.4;95.0;0.00;0.00
38499;4429;25.0;44;8.63;8090.0;0.00;0.00;5.49;99.4;95.0;0.00;0.00
38510;4427;25.0;44;8.63;8090.0;0.00;0.00;5.49;99.4;95.0;0.00;0.00
38520;4426;25.0;44;8.63;8090.0;0.00;0.00;5.49;99.4;95.0;0.00;0.00
38529;4424;25.0;44;8.63;8090.0;0.00;0.00;5.49;99.4;95.0;0.00;0.00
38539;4422;25.0;44;8.63;8090.0;0.00;0.00;5.49;99.4;95.0;0.00;0.00
38548;4420;25.0;44;8.63;8090.0;0.00;0.00;5.49;99.4;95.0;0.00;0.00
38565;4418;25.0;44;8.63;8090.0;0.00;0.00;5.49;99.3;95.0;0.00;0.00
38579;4418;25.0;44;8.63;8090.0;0.00;0.00;5.49;99.3;95.0;0.00;0.00
38590;4418;25.0;44;8.63;8090.0;0.00;0.00;5.49;99.3;95.0;0.00;0.00
38599;4418;25.0;44;8.63;8090.0;0.00;0.00;5.49;99.3;95.0;0.00;0.00
38611;4418;25.0;44;8.63;8090.0;0.00;0.00;5.49;99.3;95.0;0.00;0.00
38620;4418;25.0;44;8.63;8090.0;0.00;0.00;5.49;99.3;95.0;0.00;0.00
38630;4417;25.0;44;8.63;8090.0;0.00;0.00;5.49;99.3;95.0;0.00;0.00
38639;4417;25.0;44;8.63;8090.0;0.00;0.00;5.49;99.3;95.0;0.00;0.00
38649;4417;25.0;44;8.63;8090.0;0.00;0.00;5.49;99.3;95.0;0.00;0.00
38661;4417;25.0;44;8.63;8090.0;0.00;0.00;5.49;99.3;95.0;0.00;0.00
38680;4417;25.0;44;8.63;8090.0;0.00;0.00;5.49;99.3;95.0;0.00;0.00
38695;4417;25.0;44;8.63;8090.0;0.00;0.00;5.49;99.3;95.0;0.00;0.00
38708;4415;25.0;44;8.63;8090.0;0.00;0.00;5.49;99.3;95.0;0.00;0.00
38717;4414;25.0;44;8.63;8090.0;0.00;0.00;5.49;99.3;95.0;0.00;0.00
38729;4413;25.0;44;8.63;8090.0;0.00;0.00;5.49;99.3;95.0;0.00;0.00
38739;4412;25.0;44;8.63;8090.0;0.00;0.00;5.49;99.3;95.0;0.00;0.00
38750;4411;25.0;44;8.63;8090.0;0.00;0.00;5.49;99.3;95.0;0.00;0.00
38758;4410;25.0;44;8.63;8090.0;0.00;0.00;5.49;99.3;95.0;0.00;0.00
38768;4409;24.0;44;8.63;8090.0;0.00;0.00;5.49;99.3;95.0;0.00;0.00
38779;4407;24.0;44;8.63;8090.0;0.00;0.00;5.49;99.3;95.0;0.00;0.00
38789;4406;24.0;44;8.24;8090.0;0.00;0.00;5.49;99.3;95.0;0.00;0.00
38799;4405;24.0;44;8.24;8090.0;0.00;0.00;5.49;99.3;95.0;0.00;0.00
38816;4404;24.0;44;8.24;8090.0;0.00;0.00;5.49;99.3;95.0;0.00;0.00
38830;4402;24.0;44;8.24;8090.0;0.00;0.00;5.49;99.3;95.0;0.00;0.00
38839;4399;24.0;44;8.24;8090.0;0.00;0.00;5.49;99.3;95.0;0.00;0.00
38849;4397;24.0;44;8.24;8090.0;0.00;0.00;5.49;99.3;95.0;0.00;0.00
38859;4395;24.0;44;8.24;8090.0;0.00;0.00;5.49;99.3;95.5;0.00;0.00
38869;4393;24.0;44;8.24;8090.0;0.00;0.00;5.49;99.3;95.5;0.00;0.00
38879;4390;24.0;44;8.24;8090.0;0.00;0.00;5.49;99.3;95.5;0.00;0.00
38891;4388;24.0;44;8.24;8090.0;0.00;0.00;5.49;99.3;95.5;0.00;0.00
38900;4386;24.0;44;8.24;8090.0;0.00;0.00;5.49;99.3;95.5;0.00;0.00
38910;4384;24.0;44;8.24;8090.0;0.00;0.00;5.49;99.3;95.5;0.00;0.00
38919;4381;24.0;44;8.24;8090.0;0.00;0.00;5.49;99.3;95.5;0.00;0.00
38935;4379;24.0;44;8.24;8090.0;0.00;0.00;5.49;99.3;95.5;0.00;0.00
38948;4379;24.0;44;8.24;8090.0;0.00;0.00;5.49;99.3;95.5;0.00;0.00
38959;4378;24.0;44;8.24;8090.0;0.00;0.00;5.49;99.3;95.5;0.00;0.00
38968;4378;24.0;44;8.24;8090.0;0.00;0.00;5.49;99.3;95.5;0.00;0.00
38979;4377;24.0;44;8.24;8090.0;0.00;0.00;5.49;99.3;95.5;0.00;0.00
38991;4377;24.0;44;8.24;8090.0;0.00;0.00;5.49;99.3;95.5;0.00;0.00
38999;4376;24.0;44;8.24;8100.0;0.00;0.00;5.49;99.3;95.5;0.00;0.00
39008;4376;24.0;44;8.24;8100.0;0.00;0.00;5.49;99.3;95.5;0.00;0.00
39018;4375;24.0;44;8.24;8100.0;0.00;0.00;5.49;99.3;95.5;0.00;0.00
39030;4375;24.0;44;8.24;8100.0;0.00;0.00;5.49;99.3;95.5;0.00;0.00
39040;4375;24.0;44;8.24;8110.0;0.00;0.00;5.49;99.3;95.5;0.00;0.00
39056;4374;24.0;44;8.24;8110.0;0.00;0.00;5.49;99.3;95.5;0.00;0.00
39068;4372;24.0;44;8.24;8110.0;0.00;0.00;5.49;99.3;95.5;0.00;0.00
39079;4371;24.0;44;8.24;8110.0;0.00;0.00;5.49;99.3;95.5;0.00;0.00
39090;4369;24.0;44;8.24;8120.0;0.00;0.00;5.49;99.3;95.5;0.00;0.00
39098;4368;24.0;44;8.24;8120.0;0.00;0.00;5.49;99.3;95.5;0.00;0.00
39112;4366;24.0;44;8.24;8120.0;0.00;0.00;5.49;99.3;95.5;0.00;0.00
39129;4364;24.0;44;8.24;8120.0;0.00;0.00;5.49;99.3;95.5;0.00;0.00
39138;4363;24.0;44;8.24;8120.0;0.00;0.00;5.49;99.3;95.5;0.00;0.00
39149;4361;24.0;44;8.24;8120.0;0.00;0.00;5.49;99.3;95.5;0.00;0.00
39158;4359;24.0;44;8.24;8120.0;0.00;0.00;5.49;99.3;95.5;0.00;0.00
39170;4358;24.0;44;8.24;8120.0;0.00;0.00;5.49;99.3;95.5;0.00;0.00
39185;4356;24.0;44;8.24;8120.0;0.00;0.00;5.49;99.3;95.5;0.00;0.00
39200;4354;24.0;44;8.24;8120.0;0.00;0.00;5.49;99.3;95.5;0.00;0.00
39208;4352;24.0;44;8.24;8120.0;0.00;0.00;5.49;99.3;95.5;0.00;0.00
39220;4350;24.0;44;8.24;8120.0;0.00;0.00;5.49;99.3;95.5;0.00;0.00
39230;4348;24.0;44;8.24;8120.0;0.00;0.00;5.49;99.3;95.5;0.00;0.00
39239;4346;24.0;44;8.24;8120.0;0.00;0.00;5.49;99.3;95.5;0.00;0.00
39250;4345;24.0;44;8.24;8120.0;0.00;0.00;5.49;99.3;95.5;0.00;0.00
39260;4343;24.0;44;8.24;8120.0;0.00;0.00;5.49;99.3;95.5;0.00;0.00
39270;4341;24.0;44;8.24;8120.0;0.00;0.00;5.49;99.3;95.5;0.00;0.00
39280;4339;24.0;44;8.24;8120.0;0.00;0.00;5.49;99.3;95.5;0.00;0.00
39289;4337;24.0;44;8.24;8120.0;0.00;0.00;5.49;99.3;95.5;0.00;0.00
39305;4335;24.0;44;8.24;8120.0;0.00;0.00;5.49;99.3;95.5;0.00;0.00
39319;4335;24.0;44;8.24;8120.0;0.00;0.00;5.49;99.3;95.5;0.00;0.00
39329;4335;24.0;44;8.24;8120.0;0.00;0.00;5.49;99.3;95.5;0.00;0.00
39339;4335;24.0;44;8.24;8120.0;0.00;0.00;5.49;99.3;95.5;0.00;0.00
39350;4335;24.0;44;8.24;8120.0;0.00;0.00;5.49;99.3;96.0;0.00;0.00
39360;4335;24.0;44;8.24;8120.0;0.00;0.00;5.49;99.3;96.0;0.00;0.00
39369;4335;24.0;44;8.24;8120.0;0.00;0.00;5.49;99.3;96.0;0.00;0.00
39379;4335;24.0;44;8.24;8120.0;0.00;0.00;5.49;99.3;96.0;0.00;0.00
39388;4335;24.0;44;8.24;8120.0;0.00;0.00;5.49;99.3;96.0;0.00;0.00
39400;4335;24.0;44;8.24;8120.0;0.00;0.00;5.49;99.3;96.0;0.00;0.00
39408;4335;24.0;44;8.24;8120.0;0.00;0.00;5.49;99.3;96.0;0.00;0.00
39426;4335;24.0;44;8.24;8120.0;0.00;0.00;5.49;99.3;96.0;0.00;0.00
39439;4333;24.0;44;8.24;8120.0;0.00;0.00;5.49;99.3;96.0;0.00;0.00
39448;4331;24.0;44;8.24;8120.0;0.00;0.00;5.49;99.3;96.0;0.00;0.00
39458;4329;24.0;44;8.24;8120.0;0.00;0.00;5.49;99.3;96.0;0.00;0.00
39469;4327;24.0;44;8.24;8120.0;0.00;0.00;5.49;99.3;95.5;0.00;0.00
39480;4324;24.0;44;8.24;8120.0;0.00;0.00;5.49;99.3;95.5;0.00;0.00
39490;4322;24.0;44;8.24;8120.0;0.00;0.00;5.49;99.3;95.5;0.00;0.00
39500;4320;24.0;44;8.24;8120.0;0.00;0.00;5.49;99.3;95.5;0.00;0.00
39511;4318;24.0;44;8.24;8120.0;0.00;0.00;5.49;99.3;95.5;0.00;0.00
39529;4316;24.0;44;8.24;8120.0;0.00;0.00;5.49;99.3;95.5;0.00;0.00
39538;4314;24.0;44;8.24;8120.0;0.00;0.00;5.49;99.3;95.5;0.00;0.00
39554;4312;24.0;44;8.24;8120.0;0.00;0.00;5.49;99.3;95.5;0.00;0.00
39569;4310;24.0;44;8.24;8120.0;0.00;0.00;5.49;99.3;95.5;0.00;0.00
39581;4308;24.0;44;8.24;8120.0;0.00;0.00;5.49;99.3;95.5;0.00;0.00
39590;4307;24.0;44;8.24;8120.0;0.00;0.00;5.49;99.3;95.5;0.00;0.00
39599;4305;24.0;44;8.24;8120.0;0.00;0.00;5.49;99.3;96.0;0.00;0.00
39611;4303;24.0;44;8.24;8120.0;0.00;0.00;5.49;99.3;96.0;0.00;0.00
39629;4301;24.0;44;8.24;8130.0;0.00;0.00;5.49;99.3;96.0;0.00;0.00
39640;4300;24.0;44;8.24;8130.0;0.00;0.00;5.49;99.3;96.0;0.00;0.00
39650;4298;24.0;44;8.24;8130.0;0.00;0.00;5.49;99.3;96.0;0.00;0.00
39661;4296;24.0;44;8.24;8140.0;0.00;0.00;5.49;99.3;96.0;0.00;0.00
39679;4294;24.0;44;8.24;8140.0;0.00;0.00;5.49;99.3;96.0;0.00;0.00
39694;4293;24.0;44;8.24;8150.0;0.00;0.00;5.49;99.3;96.0;0.00;0.00
39711;4291;24.0;44;8.24;8150.0;0.00;0.00;5.49;99.3;96.0;0.00;0.00
39729;4290;24.0;44;8.24;8150.0;0.00;0.00;5.49;99.3;96.0;0.00;0.00
39740;4289;24.0;44;8.24;8160.0;0.00;0.00;5.49;99.3;96.0;0.00;0.00
39749;4287;24.0;44;8.24;8160.0;0.00;0.00;5.49;99.3;96.0;0.00;0.00
39761;4286;24.0;44;8.24;8160.0;0.00;0.00;5.49;99.3;96.0;0.00;0.00
39770;4285;24.0;44;8.24;8160.0;0.00;0.00;5.49;99.3;96.0;0.00;0.00
39778;4283;24.0;44;8.24;8160.0;0.00;0.00;5.49;99.3;96.0;0.00;0.00
39789;4282;24.0;44;8.24;8160.0;0.00;0.00;5.49;99.3;96.0;0.00;0.00
39799;4281;24.0;44;7.84;8160.0;0.00;0.00;5.49;99.3;96.0;0.00;0.00
39811;4279;24.0;44;7.84;8160.0;0.00;0.00;5.49;99.3;96.0;0.00;0.00
39835;4278;24.0;44;7.84;8160.0;0.00;0.00;5.49;99.3;96.0;0.00;0.00
39849;4278;24.0;44;7.84;8160.0;0.00;0.00;5.49;99.3;96.0;0.00;0.00
39858;4278;24.0;44;7.84;8160.0;0.00;0.00;5.49;99.3;96.0;0.00;0.00
39870;4277;24.0;44;7.84;8160.0;0.00;0.00;5.49;99.2;96.0;0.00;0.00
39879;4277;24.0;44;7.84;8160.0;0.00;0.00;5.49;99.2;96.0;0.00;0.00
39891;4277;24.0;44;7.84;8160.0;0.00;0.00;5.49;99.2;96.0;0.00;0.00
39898;4277;24.0;44;7.84;8160.0;0.00;0.00;5.49;99.2;96.0;0.00;0.00
39910;4277;24.0;44;7.84;8160.0;0.00;0.00;5.49;99.2;96.0;0.00;0.00
39919;4277;24.0;45;7.84;8160.0;0.00;0.00;5.49;99.2;96.0;0.00;0.00
39929;4277;24.0;45;7.84;8160.0;0.00;0.00;5.49;99.2;96.0;0.00;0.00
39939;4277;24.0;45;7.84;8160.0;0.00;0.00;5.49;99.2;96.0;0.00;0.00
39954;4276;24.0;45;7.84;8160.0;0.00;0.00;5.49;99.2;96.0;0.00;0.00
39971;4274;24.0;45;7.84;8160.0;0.00;0.00;5.49;99.2;96.0;0.00;0.00
39988;4272;24.0;45;7.84;8160.0;0.00;0.00;5.49;99.2;96.0;0.00;0.00
39999;4270;24.0;45;7.84;8160.0;0.00;0.00;5.49;99.2;96.0;0.00;0.00
40009;4268;24.0;45;7.84;8160.0;0.00;0.00;5.49;99.2;96.0;0.00;0.00
40019;4266;24.0;45;7.84;8160.0;0.00;0.00;5.49;99.2;96.0;0.00;0.00
40029;4264;24.0;45;7.84;8160.0;0.00;0.00;5.49;99.2;96.0;0.00;0.00
40041;4262;24.0;45;7.84;8160.0;0.00;0.00;5.49;99.2;96.0;0.00;0.00
40050;4260;24.0;45;7.84;8160.0;0.00;0.00;5.49;99.2;96.0;0.00;0.00
40059;4258;24.0;45;7.84;8160.0;0.00;0.00;5.49;99.2;96.0;0.00;0.00
40069;4256;24.0;45;7.84;8160.0;0.00;0.00;5.49;99.2;96.0;0.00;0.00
40086;4254;24.0;45;7.84;8160.0;0.00;0.00;5.49;99.2;96.0;0.00;0.00
40100;4252;24.0;45;7.84;8160.0;0.00;0.00;5.49;99.2;96.0;0.00;0.00
40109;4251;24.0;45;7.84;8160.0;0.00;0.00;5.49;99.2;96.0;0.00;0.00
40120;4249;24.0;45;7.84;8160.0;0.00;0.00;5.49;99.2;96.0;0.00;0.00
40130;4248;24.0;45;7.84;8160.0;0.00;0.00;5.49;99.2;96.5;0.00;0.00
40139;4247;24.0;45;7.84;8160.0;0.00;0.00;5.49;99.2;96.5;0.00;0.00
40150;4245;24.0;45;7.84;8160.0;0.00;0.00;5.49;99.2;96.5;0.00;0.00
40162;4244;24.0;45;7.84;8160.0;0.00;0.00;5.49;99.2;96.5;0.00;0.00
40178;4242;24.0;45;7.84;8160.0;0.00;0.00;5.49;99.2;96.5;0.00;0.00
40189;4241;24.0;45;7.84;8160.0;0.00;0.00;5.49;99.2;96.5;0.00;0.00
40200;4240;24.0;45;7.84;8160.0;0.00;0.00;5.49;99.2;96.5;0.00;0.00
40217;4238;24.0;45;7.84;8160.0;0.00;0.00;5.49;99.2;96.5;0.00;0.00
40230;4238;24.0;45;7.84;8160.0;0.00;0.00;5.49;99.2;96.5;0.00;0.00
40240;4238;24.0;45;7.84;8160.0;0.00;0.00;5.49;99.2;96.5;0.00;0.00
40250;4238;24.0;45;7.84;8160.0;0.00;0.00;5.49;99.2;96.5;0.00;0.00
40259;4237;24.0;45;7.84;8160.0;0.00;0.00;5.49;99.2;96.0;0.00;0.00
40270;4237;24.0;45;7.84;8160.0;0.00;0.00;5.49;99.2;96.0;0.00;0.00
40279;4237;24.0;45;7.84;8160.0;0.00;0.00;5.49;99.2;96.0;0.00;0.00
40290;4237;24.0;45;7.84;8160.0;0.00;0.00;5.49;99.2;96.0;0.00;0.00
40302;4237;24.0;45;7.84;8160.0;0.00;0.00;5.49;99.2;96.0;0.00;0.00
40320;4237;24.0;45;7.84;8160.0;0.00;0.00;5.49;99.2;96.0;0.00;0.00
40328;4237;24.0;45;7.84;8160.0;0.00;0.00;5.49;99.2;96.0;0.00;0.00
40347;4236;24.0;45;7.84;8160.0;0.00;0.00;5.49;99.2;96.0;0.00;0.00
40359;4235;24.0;45;7.84;8160.0;0.00;0.00;5.49;99.2;96.0;0.00;0.00
40370;4234;24.0;45;7.84;8160.0;0.00;0.00;5.49;99.2;96.0;0.00;0.00
40381;4232;24.0;45;7.84;8160.0;0.00;0.00;5.49;99.2;96.0;0.00;0.00
40390;4231;24.0;45;7.84;8160.0;0.00;0.00;5.49;99.2;96.0;0.00;0.00
40402;4229;24.0;45;7.84;8160.0;0.00;0.00;5.49;99.2;96.0;0.00;0.00
40420;4228;24.0;45;7.84;8170.0;0.00;0.00;5.49;99.2;96.0;0.00;0.00
40430;4227;24.0;45;7.84;8170.0;0.00;0.00;5.49;99.2;96.0;0.00;0.00
40439;4225;24.0;45;7.84;8170.0;0.00;0.00;5.49;99.2;96.0;0.00;0.00
40450;4224;24.0;45;7.84;8170.0;0.00;0.00;5.49;99.2;96.0;0.00;0.00
40460;4223;24.0;45;7.84;8180.0;0.00;0.00;5.49;99.2;96.0;0.00;0.00
40476;4221;24.0;45;7.84;8180.0;0.00;0.00;5.49;99.2;96.0;0.00;0.00
40492;4219;24.0;45;7.84;8180.0;0.00;0.00;5.49;99.2;96.0;0.00;0.00
40510;4217;24.0;45;7.84;8180.0;0.00;0.00;5.49;99.2;96.0;0.00;0.00
40521;4216;24.0;45;7.84;8190.0;0.00;0.00;5.49;99.2;96.0;0.00;0.00
40540;4214;24.0;45;7.84;8190.0;0.00;0.00;5.49;99.2;96.5;0.00;0.00
40550;4212;24.0;45;7.84;8190.0;0.00;0.00;5.49;99.2;96.5;0.00;0.00
40558;4210;24.0;45;7.84;8190.0;0.00;0.00;5.49;99.2;96.5;0.00;0.00
40570;4208;24.0;45;7.84;8190.0;0.00;0.00;5.49;99.2;96.5;0.00;0.00
40580;4206;24.0;45;7.84;8190.0;0.00;0.00;5.49;99.2;96.5;0.00;0.00
40591;4205;24.0;45;7.84;8190.0;0.00;0.00;5.49;99.2;96.5;0.00;0.00
40612;4203;24.0;45;7.84;8190.0;0.00;0.00;5.49;99.2;96.5;0.00;0.00
40636;4201;24.0;45;7.84;8190.0;0.00;0.00;5.49;99.2;96.5;0.00;0.00
40651;4200;24.0;45;7.84;8190.0;0.00;0.00;5.49;99.2;96.5;0.00;0.00
40670;4199;24.0;45;7.84;8190.0;0.00;0.00;5.49;99.2;96.5;0.00;0.00
40680;4198;24.0;45;7.84;8190.0;0.00;0.00;5.49;99.2;96.5;0.00;0.00
40689;4196;24.0;45;7.84;8190.0;0.00;0.00;5.49;99.2;96.5;0.00;0.00
40703;4195;24.0;45;7.84;8190.0;0.00;0.00;5.49;99.2;96.5;0.00;0.00
40719;4194;24.0;45;7.84;8190.0;0.00;0.00;5.49;99.2;96.5;0.00;0.00
40730;4193;24.0;45;7.84;8190.0;0.00;0.00;5.49;99.2;96.5;0.00;0.00
40740;4192;24.0;45;7.84;8190.0;0.00;0.00;5.49;99.2;96.5;0.00;0.00
40750;4191;24.0;45;7.84;8190.0;0.00;0.00;5.49;99.2;96.5;0.00;0.00
40759;4190;24.0;45;7.84;8190.0;0.00;0.00;5.49;99.2;96.5;0.00;0.00
40773;4189;24.0;45;7.84;8190.0;0.00;0.00;5.49;99.2;96.5;0.00;0.00
40791;4187;24.0;45;7.84;8190.0;0.00;0.00;5.49;99.2;96.5;0.00;0.00
40802;4185;24.0;45;7.84;8190.0;0.00;0.00;5.49;99.2;96.5;0.00;0.00
40820;4182;24.0;45;7.84;8190.0;0.00;0.00;5.49;99.2;96.5;0.00;0.00
40831;4180;24.0;45;7.84;8190.0;0.00;0.00;5.49;99.2;96.5;0.00;0.00
40850;4178;24.0;45;7.84;8190.0;0.00;0.00;5.49;99.2;96.5;0.00;0.00
40860;4176;24.0;45;7.84;8190.0;0.00;0.00;5.49;99.2;96.5;0.00;0.00
40870;4174;24.0;45;7.84;8190.0;0.00;0.00;5.49;99.2;96.5;0.00;0.00
40879;4172;24.0;45;7.84;8190.0;0.00;0.00;5.49;99.2;96.5;0.00;0.00
40891;4170;24.0;45;7.45;8190.0;0.00;0.00;5.49;99.2;96.5;0.00;0.00
40912;4168;24.0;45;7.45;8190.0;0.00;0.00;5.49;99.2;96.5;0.00;0.00
40935;4166;24.0;45;7.45;8190.0;0.00;0.00;5.49;99.2;96.5;0.00;0.00
40949;4165;24.0;45;7.45;8190.0;0.00;0.00;5.49;99.2;96.5;0.00;0.00
40960;4164;24.0;45;7.45;8190.0;0.00;0.00;5.49;99.2;96.5;0.00;0.00
40969;4162;24.0;45;7.45;8190.0;0.00;0.00;5.49;99.2;96.5;0.00;0.00
40979;4161;24.0;45;7.45;8190.0;0.00;0.00;5.49;99.2;96.5;0.00;0.00
40990;4160;24.0;45;7.45;8190.0;0.00;0.00;5.49;99.2;96.5;0.00;0.00
41003;4158;24.0;45;7.45;8190.0;0.00;0.00;5.49;99.2;96.5;0.00;0.00
41019;4157;23.0;45;7.45;8190.0;0.00;0.00;5.49;99.2;96.5;0.00;0.00
41029;4156;23.0;45;7.45;8190.0;0.00;0.00;5.49;99.2;96.5;0.00;0.00
41040;4154;23.0;45;7.45;8190.0;0.00;0.00;5.49;99.2;96.5;0.00;0.00
41049;4153;23.0;45;7.45;8190.0;0.00;0.00;5.49;99.2;96.5;0.00;0.00
41063;4152;23.0;45;7.45;8190.0;0.00;0.00;5.49;99.2;96.5;0.00;0.00
41079;4150;23.0;45;7.45;8190.0;0.00;0.00;5.49;99.2;96.5;0.00;0.00
41092;4149;23.0;45;7.45;8190.0;0.00;0.00;5.49;99.2;96.5;0.00;0.00
41111;4148;23.0;45;7.45;8190.0;0.00;0.00;5.49;99.1;96.5;0.00;0.00
41121;4146;23.0;45;7.45;8190.0;0.00;0.00;5.49;99.1;96.5;0.00;0.00
41129;4145;23.0;45;7.45;8190.0;0.00;0.00;5.49;99.1;96.5;0.00;0.00
41140;4143;23.0;45;7.45;8190.0;0.00;0.00;5.49;99.1;96.5;0.00;0.00
41150;4142;23.0;45;7.45;8190.0;0.00;0.00;5.49;99.1;96.5;0.00;0.00
41161;4140;23.0;45;7.45;8190.0;0.00;0.00;5.49;99.1;96.5;0.00;0.00
41180;4139;23.0;45;7.45;8190.0;0.00;0.00;5.49;99.1;96.5;0.00;0.00
41203;4137;23.0;45;7.45;8190.0;0.00;0.00;5.49;99.1;96.5;0.00;0.00
41223;4136;23.0;45;7.45;8190.0;0.00;0.00;5.49;99.1;96.5;0.00;0.00
41240;4135;23.0;45;7.45;8190.0;0.00;0.00;5.49;99.1;96.5;0.00;0.00
41249;4134;23.0;45;7.45;8190.0;0.00;0.00;5.49;99.1;96.5;0.00;0.00
41259;4132;23.0;45;7.45;8190.0;0.00;0.00;5.49;99.1;96.5;0.00;0.00
41270;4131;23.0;45;7.45;8190.0;0.00;0.00;5.49;99.1;96.5;0.00;0.00
41279;4130;23.0;45;7.45;8190.0;0.00;0.00;5.49;99.1;96.5;0.00;0.00
41289;4129;23.0;45;7.45;8200.0;0.00;0.00;5.49;99.1;96.5;0.00;0.00
41303;4128;23.0;45;7.45;8200.0;0.00;0.00;5.49;99.1;96.5;0.00;0.00
41321;4127;23.0;45;7.45;8200.0;0.00;0.00;5.49;99.1;96.5;0.00;0.00
41340;4125;23.0;45;7.45;8210.0;0.00;0.00;5.49;99.1;96.5;0.00;0.00
41350;4124;23.0;45;7.45;8210.0;0.00;0.00;5.49;99.1;96.5;0.00;0.00
41364;4123;23.0;45;7.45;8220.0;0.00;0.00;5.49;99.1;96.5;0.00;0.00
41381;4122;23.0;45;7.45;8220.0;0.00;0.00;5.49;99.1;96.5;0.00;0.00
41389;4120;23.0;45;7.45;8220.0;0.00;0.00;5.49;99.1;96.5;0.00;0.00
41402;4119;23.0;45;7.45;8230.0;0.00;0.00;5.49;99.1;96.5;0.00;0.00
41420;4117;23.0;45;7.45;8230.0;0.00;0.00;5.49;99.1;96.5;0.00;0.00
41431;4116;23.0;45;7.45;8230.0;0.00;0.00;5.49;99.1;96.5;0.00;0.00
41439;4114;23.0;45;7.45;8230.0;0.00;0.00;5.49;99.1;96.5;0.00;0.00
41450;4113;23.0;45;7.45;8230.0;0.00;0.00;5.49;99.1;96.5;0.00;0.00
41461;4111;23.0;45;7.45;8230.0;0.00;0.00;5.49;99.1;96.5;0.00;0.00
41481;4110;23.0;45;7.45;8230.0;0.00;0.00;5.49;99.1;96.5;0.00;0.00
41504;4109;23.0;45;7.45;8230.0;0.00;0.00;5.49;99.1;96.5;0.00;0.00
41524;4107;23.0;45;7.45;8230.0;0.00;0.00;5.49;99.1;96.5;0.00;0.00
41539;4105;23.0;45;7.45;8230.0;0.00;0.00;5.49;99.1;96.5;0.00;0.00
41551;4103;23.0;45;7.45;8230.0;0.00;0.00;5.10;99.1;96.5;0.00;0.00
41560;4101;23.0;45;7.45;8230.0;0.00;0.00;5.10;99.1;96.5;0.00;0.00
41570;4099;23.0;45;7.45;8230.0;0.00;0.00;5.10;99.1;96.5;0.00;0.00
41579;4097;23.0;45;7.45;8230.0;0.00;0.00;5.10;99.1;96.5;0.00;0.00
41591;4095;23.0;45;7.45;8230.0;0.00;0.00;5.10;99.1;96.5;0.00;0.00
41612;4093;23.0;45;7.45;8230.0;0.00;0.00;5.10;99.1;96.5;0.00;0.00
41629;4091;23.0;45;7.45;8230.0;0.00;0.00;5.10;99.1;96.5;0.00;0.00
41637;4089;23.0;45;7.45;8230.0;0.00;0.00;5.10;99.1;96.5;0.00;0.00
41649;4087;23.0;45;7.45;8230.0;0.00;0.00;5.10;99.1;96.5;0.00;0.00
41664;4085;23.0;45;7.45;8230.0;0.00;0.00;5.10;99.1;96.5;0.00;0.00
41679;4084;23.0;45;7.45;8230.0;0.00;0.00;5.10;99.1;96.5;0.00;0.00
41691;4083;23.0;45;7.45;8230.0;0.00;0.00;5.10;99.1;96.5;0.00;0.00
41708;4083;23.0;45;7.45;8230.0;0.00;0.00;5.10;99.1;96.5;0.00;0.00
41720;4082;23.0;45;7.45;8230.0;0.00;0.00;5.10;99.1;96.5;0.00;0.00
41729;4082;23.0;45;7.45;8230.0;0.00;0.00;5.10;99.1;96.5;0.00;0.00
41739;4081;23.0;45;7.45;8230.0;0.00;0.00;5.10;99.1;96.5;0.00;0.00
41750;4080;23.0;45;7.45;8230.0;0.00;0.00;5.10;99.1;96.5;0.00;0.00
41760;4080;23.0;45;7.45;8230.0;0.00;0.00;5.10;99.1;96.5;0.00;0.00
41769;4079;23.0;45;7.45;8230.0;0.00;0.00;5.10;99.1;96.5;0.00;0.00
41781;4078;23.0;45;7.45;8230.0;0.00;0.00;5.10;99.1;96.5;0.00;0.00
41806;4078;23.0;45;7.45;8230.0;0.00;0.00;5.10;99.1;96.5;0.00;0.00
41819;4077;23.0;45;7.45;8230.0;0.00;0.00;5.10;99.1;96.5;0.00;0.00
41831;4075;23.0;45;7.45;8230.0;0.00;0.00;5.10;99.1;96.5;0.00;0.00
41850;4074;23.0;45;7.45;8230.0;0.00;0.00;5.10;99.1;96.5;0.00;0.00
41863;4073;23.0;45;7.45;8230.0;0.00;0.00;5.10;99.1;96.5;0.00;0.00
41880;4071;23.0;45;7.45;8230.0;0.00;0.00;5.10;99.1;96.5;0.00;0.00
41889;4070;23.0;45;7.45;8230.0;0.00;0.00;5.10;99.1;96.5;0.00;0.00
41902;4069;23.0;45;7.45;8230.0;0.00;0.00;5.10;99.1;96.5;0.00;0.00
41920;4068;23.0;45;7.45;8230.0;0.00;0.00;5.10;99.1;96.5;0.00;0.00
41930;4066;23.0;45;7.45;8230.0;0.00;0.00;5.10;99.1;96.5;0.00;0.00
41939;4065;23.0;45;7.45;8230.0;0.00;0.00;5.10;99.1;96.5;0.00;0.00
41953;4064;23.0;45;7.45;8230.0;0.00;0.00;5.10;99.1;96.5;0.00;0.00
41972;4062;23.0;45;7.45;8230.0;0.00;0.00;5.10;99.1;96.5;0.00;0.00
41989;4061;23.0;45;7.45;8230.0;0.00;0.00;5.10;99.1;96.5;0.00;0.00
42000;4059;23.0;45;7.45;8230.0;0.00;0.00;5.10;99.1;96.5;0.00;0.00
42009;4058;23.0;45;7.45;8230.0;0.00;0.00;5.10;99.1;97.0;0.00;0.00
42020;4056;23.0;45;7.45;8230.0;0.00;0.00;5.10;99.1;97.0;0.00;0.00
42029;4055;23.0;45;7.45;8230.0;0.00;0.00;5.10;99.1;97.0;0.00;0.00
42038;4053;23.0;45;7.45;8230.0;0.00;0.00;5.10;99.1;97.0;0.00;0.00
42050;4052;23.0;45;7.45;8230.0;0.00;0.00;5.10;99.1;97.0;0.00;0.00
42058;4050;23.0;45;7.06;8230.0;0.00;0.00;5.10;99.1;97.0;0.00;0.00
42069;4049;23.0;45;7.06;8230.0;0.00;0.00;5.10;99.1;97.0;0.00;0.00
42085;4047;23.0;45;7.06;8230.0;0.00;0.00;5.10;99.1;97.0;0.00;0.00
42101;4045;23.0;45;7.06;8230.0;0.00;0.00;5.10;99.1;97.0;0.00;0.00
42119;4043;23.0;45;7.06;8230.0;0.00;0.00;5.10;99.1;97.0;0.00;0.00
42131;4040;23.0;45;7.06;8230.0;0.00;0.00;5.10;99.1;97.0;0.00;0.00
42149;4038;23.0;45;7.06;8230.0;0.00;0.00;5.10;99.1;97.0;0.00;0.00
42160;4036;23.0;45;7.06;8230.0;0.00;0.00;5.10;99.1;97.0;0.00;0.00
42172;4034;23.0;45;7.06;8230.0;0.00;0.00;5.10;99.1;97.0;0.00;0.00
42188;4031;23.0;45;7.06;8230.0;0.00;0.00;5.10;99.1;97.0;0.00;0.00
42201;4029;23.0;45;7.06;8230.0;0.00;0.00;5.10;99.1;97.0;0.00;0.00
42219;4027;23.0;45;7.06;8230.0;0.00;0.00;5.10;99.1;97.0;0.00;0.00
42231;4025;23.0;45;7.06;8230.0;0.00;0.00;5.10;99.1;97.0;0.00;0.00
42256;4022;23.0;45;7.06;8230.0;0.00;0.00;5.10;99.1;97.0;0.00;0.00
42268;4022;23.0;45;7.06;8230.0;0.00;0.00;5.10;99.1;97.0;0.00;0.00
42279;4021;23.0;45;7.06;8230.0;0.00;0.00;5.10;99.1;97.0;0.00;0.00
42289;4020;23.0;45;7.06;8230.0;0.00;0.00;5.10;99.1;97.0;0.00;0.00
42302;4020;23.0;45;7.06;8230.0;0.00;0.00;5.10;99.1;97.0;0.00;0.00
42317;4019;23.0;45;7.06;8230.0;0.00;0.00;5.10;99.1;97.0;0.00;0.00
42329;4018;23.0;45;7.06;8240.0;0.00;0.00;5.10;99.1;97.0;0.00;0.00
42338;4018;23.0;45;7.06;8240.0;0.00;0.00;5.10;99.1;97.0;0.00;0.00
42349;4017;23.0;45;7.06;8240.0;0.00;0.00;5.10;99.1;97.0;0.00;0.00
42357;4016;23.0;45;7.06;8240.0;0.00;0.00;5.10;99.1;97.0;0.00;0.00
42368;4016;23.0;45;7.06;8250.0;0.00;0.00;5.10;99.1;97.0;0.00;0.00
42385;4015;23.0;45;7.06;8250.0;0.00;0.00;5.10;99.1;97.0;0.00;0.00
42404;4013;23.0;45;7.06;8250.0;0.00;0.00;5.10;99.1;97.0;0.00;0.00
42419;4012;23.0;45;7.06;8250.0;0.00;0.00;5.10;99.1;97.0;0.00;0.00
42430;4010;23.0;45;7.06;8260.0;0.00;0.00;5.10;99.0;97.0;0.00;0.00
42439;4009;23.0;45;7.06;8260.0;0.00;0.00;5.10;99.0;97.0;0.00;0.00
42449;4007;23.0;45;7.06;8260.0;0.00;0.00;5.10;99.0;97.0;0.00;0.00
42461;4006;23.0;45;7.06;8260.0;0.00;0.00;5.10;99.0;97.0;0.00;0.00
42478;4004;23.0;45;7.06;8260.0;0.00;0.00;5.10;99.0;97.0;0.00;0.00
42490;4003;23.0;45;7.06;8260.0;0.00;0.00;5.10;99.0;97.0;0.00;0.00
42501;4001;23.0;45;7.06;8260.0;0.00;0.00;5.10;99.0;97.0;0.00;0.00
42519;4000;23.0;45;7.06;8260.0;0.00;0.00;5.10;99.0;97.0;0.00;0.00
42535;3998;23.0;45;7.06;8260.0;0.00;0.00;5.10;99.0;97.0;0.00;0.00
42549;3996;23.0;45;7.06;8260.0;0.00;0.00;5.10;99.0;97.0;0.00;0.00
42561;3994;23.0;45;7.06;8260.0;0.00;0.00;5.10;99.0;97.0;0.00;0.00
42578;3992;23.0;45;7.06;8260.0;0.00;0.00;5.10;99.0;97.0;0.00;0.00
42588;3989;23.0;45;7.06;8260.0;0.00;0.00;5.10;99.0;97.0;0.00;0.00
42599;3987;23.0;45;7.06;8260.0;0.00;0.00;5.10;99.0;97.0;0.00;0.00
42610;3985;23.0;45;7.06;8260.0;0.00;0.00;5.10;99.0;97.0;0.00;0.00
42619;3982;23.0;45;7.06;8260.0;0.00;0.00;5.10;99.0;97.0;0.00;0.00
42630;3980;23.0;45;7.06;8260.0;0.00;0.00;5.10;99.0;97.0;0.00;0.00
42639;3978;23.0;45;7.06;8260.0;0.00;0.00;5.10;99.0;97.0;0.00;0.00
42648;3976;23.0;45;7.06;8260.0;0.00;0.00;5.10;99.0;97.0;0.00;0.00
42665;3973;23.0;45;7.06;8260.0;0.00;0.00;5.10;99.0;97.0;0.00;0.00
42680;3973;23.0;45;7.06;8260.0;0.00;0.00;5.10;99.0;97.0;0.00;0.00
42689;3973;23.0;45;7.06;8260.0;0.00;0.00;5.10;99.0;97.0;0.00;0.00
42701;3973;23.0;45;7.06;8260.0;0.00;0.00;5.10;99.0;97.0;0.00;0.00
42719;3972;23.0;45;7.06;8260.0;0.00;0.00;5.10;99.0;97.0;0.00;0.00
42728;3972;23.0;45;7.06;8260.0;0.00;0.00;5.10;99.0;97.0;0.00;0.00
42739;3972;23.0;45;7.06;8260.0;0.00;0.00;5.10;99.0;97.0;0.00;0.00
42748;3972;22.0;45;7.06;8260.0;0.00;0.00;5.10;99.0;97.0;0.00;0.00
42761;3971;22.0;45;7.06;8260.0;0.00;0.00;5.10;99.0;97.0;0.00;0.00
42779;3971;22.0;45;7.06;8260.0;0.00;0.00;5.10;99.0;97.0;0.00;0.00
42788;3971;22.0;45;7.06;8260.0;0.00;0.00;5.10;99.0;97.0;0.00;0.00
42806;3971;22.0;45;7.06;8260.0;0.00;0.00;5.10;99.0;97.0;0.00;0.00
42819;3969;22.0;45;7.06;8260.0;0.00;0.00;5.10;99.0;97.0;0.00;0.00
42828;3968;22.0;45;7.06;8260.0;0.00;0.00;5.10;99.0;97.0;0.00;0.00
42839;3967;22.0;45;7.06;8260.0;0.00;0.00;5.10;99.0;97.0;0.00;0.00
42848;3965;22.0;45;7.06;8260.0;0.00;0.00;5.10;99.0;97.0;0.00;0.00
42861;3964;22.0;45;7.06;8260.0;0.00;0.00;5.10;99.0;97.0;0.00;0.00
42870;3963;22.0;45;7.06;8260.0;0.00;0.00;5.10;99.0;97.0;0.00;0.00
42879;3962;22.0;45;7.06;8260.0;0.00;0.00;5.10;99.0;97.0;0.00;0.00
42888;3960;22.0;45;7.06;8260.0;0.00;0.00;5.10;99.0;97.0;0.00;0.00
42901;3959;22.0;45;7.06;8260.0;0.00;0.00;5.10;99.0;97.0;0.00;0.00
42918;3958;22.0;45;7.06;8260.0;0.00;0.00;5.10;99.0;97.0;0.00;0.00
42934;3956;22.0;45;7.06;8260.0;0.00;0.00;5.10;99.0;97.0;0.00;0.00
42949;3955;22.0;45;7.06;8260.0;0.00;0.00;5.10;99.0;97.0;0.00;0.00
42961;3953;22.0;45;7.06;8260.0;0.00;0.00;5.10;99.0;97.0;0.00;0.00
42978;3951;22.0;45;7.06;8260.0;0.00;0.00;5.10;99.0;97.0;0.00;0.00
42990;3950;22.0;45;7.06;8260.0;0.00;0.00;5.10;99.0;97.0;0.00;0.00
43001;3948;22.0;45;7.06;8260.0;0.00;0.00;5.10;99.0;97.0;0.00;0.00
43022;3946;22.0;45;7.06;8260.0;0.00;0.00;5.10;99.0;97.0;0.00;0.00
43040;3945;22.0;45;7.06;8260.0;0.00;0.00;5.10;99.0;97.0;0.00;0.00
43048;3943;22.0;45;7.06;8260.0;0.00;0.00;5.10;99.0;97.0;0.00;0.00
43061;3941;22.0;45;7.06;8260.0;0.00;0.00;5.10;99.0;97.0;0.00;0.00
43080;3940;22.0;45;7.06;8260.0;0.00;0.00;5.10;99.0;97.0;0.00;0.00
43096;3938;22.0;45;7.06;8260.0;0.00;0.00;5.10;99.0;97.0;0.00;0.00
43112;3936;22.0;45;7.06;8260.0;0.00;0.00;5.10;99.0;97.0;0.00;0.00
43128;3935;22.0;45;7.06;8260.0;0.00;0.00;5.10;99.0;97.0;0.00;0.00
43140;3933;22.0;45;7.06;8260.0;0.00;0.00;5.10;99.0;97.0;0.00;0.00
43149;3932;22.0;45;7.06;8260.0;0.00;0.00;5.10;99.0;97.0;0.00;0.00
43160;3930;22.0;45;7.06;8260.0;0.00;0.00;5.10;99.0;97.0;0.00;0.00
43168;3928;22.0;45;7.06;8260.0;0.00;0.00;5.10;99.0;97.0;0.00;0.00
43180;3927;22.0;45;7.06;8260.0;0.00;0.00;5.10;99.0;97.0;0.00;0.00
43188;3925;22.0;45;7.06;8260.0;0.00;0.00;5.10;99.0;97.0;0.00;0.00
43200;3923;22.0;45;7.06;8260.0;0.00;0.00;5.10;99.0;97.0;0.00;0.00
43212;3922;22.0;45;7.06;8260.0;0.00;0.00;5.10;99.0;97.0;0.00;0.00
43234;3920;22.0;45;7.06;8260.0;0.00;0.00;5.10;99.0;97.0;0.00;0.00
43250;3919;22.0;45;7.06;8260.0;0.00;0.00;5.10;99.0;97.0;0.00;0.00
43259;3917;22.0;45;7.06;8260.0;0.00;0.00;5.10;99.0;97.0;0.00;0.00
43270;3916;22.0;45;7.06;8260.0;0.00;0.00;5.10;99.0;97.0;0.00;0.00
43278;3915;22.0;45;7.06;8260.0;0.00;0.00;5.10;99.0;97.0;0.00;0.00
43290;3913;22.0;45;7.06;8260.0;0.00;0.00;5.10;99.0;97.0;0.00;0.00
43304;3912;22.0;45;7.06;8260.0;0.00;0.00;5.10;99.0;97.0;0.00;0.00
43319;3911;22.0;45;7.06;8260.0;0.00;0.00;5.10;99.0;97.0;0.00;0.00
43330;3909;22.0;45;7.06;8260.0;0.00;0.00;5.10;99.0;97.0;0.00;0.00
43340;3908;22.0;45;7.06;8260.0;0.00;0.00;5.10;99.0;97.0;0.00;0.00
43349;3906;22.0;45;7.06;8260.0;0.00;0.00;5.10;99.0;97.0;0.00;0.00
43365;3905;22.0;45;7.06;8260.0;0.00;0.00;5.10;99.0;97.0;0.00;0.00
43380;3904;22.0;45;7.06;8260.0;0.00;0.00;5.10;99.0;97.0;0.00;0.00
43388;3902;22.0;45;7.06;8260.0;0.00;0.00;5.10;99.0;97.0;0.00;0.00
43400;3901;22.0;45;7.06;8260.0;0.00;0.00;5.10;99.0;97.0;0.00;0.00
43413;3899;22.0;45;7.06;8260.0;0.00;0.00;5.10;99.0;97.0;0.00;0.00
43429;3898;22.0;45;7.06;8260.0;0.00;0.00;5.10;99.0;97.0;0.00;0.00
43438;3896;22.0;45;7.06;8260.0;0.00;0.00;5.10;99.0;97.0;0.00;0.00
43450;3894;22.0;45;7.06;8260.0;0.00;0.00;5.10;99.0;97.0;0.00;0.00
43461;3893;22.0;45;7.06;8260.0;0.00;0.00;5.10;99.0;97.0;0.00;0.00
43480;3891;22.0;45;7.06;8260.0;0.00;0.00;5.10;99.0;97.0;0.00;0.00
43490;3890;22.0;45;7.06;8260.0;0.00;0.00;5.10;99.0;97.0;0.00;0.00
43506;3888;22.0;45;7.06;8260.0;0.00;0.00;5.10;99.0;97.0;0.00;0.00
43520;3888;22.0;45;7.06;8260.0;0.00;0.00;5.10;99.0;97.0;0.00;0.00
43530;3887;22.0;45;7.06;8260.0;0.00;0.00;5.10;99.0;97.0;0.00;0.00
43540;3886;22.0;45;7.06;8260.0;0.00;0.00;5.10;99.0;97.0;0.00;0.00
43550;3885;22.0;45;7.06;8260.0;0.00;0.00;5.10;99.0;97.0;0.00;0.00
43559;3885;22.0;45;7.06;8260.0;0.00;0.00;5.10;99.0;97.0;0.00;0.00
43569;3884;22.0;45;7.06;8270.0;0.00;0.00;5.10;99.0;97.0;0.00;0.00
43580;3883;22.0;45;7.06;8270.0;0.00;0.00;5.10;99.0;97.0;0.00;0.00
43589;3882;22.0;46;7.06;8270.0;0.00;0.00;5.10;99.0;97.0;0.00;0.00
43601;3882;22.0;46;6.67;8280.0;0.00;0.00;5.10;99.0;97.0;0.00;0.00
43618;3881;22.0;46;6.67;8280.0;0.00;0.00;5.10;99.0;97.0;0.00;0.00
43634;3880;22.0;46;6.67;8290.0;0.00;0.00;5.10;99.0;97.0;0.00;0.00
43648;3878;22.0;46;6.67;8290.0;0.00;0.00;5.10;99.0;97.0;0.00;0.00
43660;3876;22.0;46;6.67;8290.0;0.00;0.00;5.10;99.0;97.0;0.00;0.00
43669;3875;22.0;46;6.67;8300.0;0.00;0.00;5.10;99.0;97.0;0.00;0.00
43678;3873;22.0;46;6.67;8300.0;0.00;0.00;5.10;99.0;97.0;0.00;0.00
43689;3871;22.0;46;6.67;8300.0;0.00;0.00;5.10;99.0;97.0;0.00;0.00
43701;3869;22.0;46;6.67;8300.0;0.00;0.00;5.10;98.9;97.0;0.00;0.00
43718;3867;22.0;46;6.67;8300.0;0.00;0.00;5.10;98.9;97.0;0.00;0.00
43730;3866;22.0;46;6.67;8300.0;0.00;0.00;5.10;98.9;97.0;0.00;0.00
43740;3864;22.0;46;6.67;8300.0;0.00;0.00;5.10;98.9;97.0;0.00;0.00
43749;3862;22.0;46;6.67;8300.0;0.00;0.00;5.10;98.9;97.0;0.00;0.00
43764;3860;22.0;46;6.67;8300.0;0.00;0.00;5.10;98.9;97.0;0.00;0.00
43778;3860;22.0;46;6.67;8300.0;0.00;0.00;5.10;98.9;97.0;0.00;0.00
43788;3860;22.0;46;6.67;8300.0;0.00;0.00;5.10;98.9;97.0;0.00;0.00
43802;3860;22.0;46;6.67;8300.0;0.00;0.00;5.10;99.0;97.0;0.00;0.00
43819;3860;22.0;46;6.67;8300.0;0.00;0.00;5.10;99.0;97.0;0.00;0.00
43831;3860;22.0;46;6.67;8300.0;0.00;0.00;5.10;99.0;97.0;0.00;0.00
43849;3860;22.0;46;6.67;8300.0;0.00;0.00;5.10;99.0;97.0;0.00;0.00
43860;3860;22.0;46;6.67;8300.0;0.00;0.00;5.10;99.0;97.0;0.00;0.00
43869;3860;22.0;46;6.67;8300.0;0.00;0.00;5.10;99.0;97.0;0.00;0.00
43881;3860;22.0;46;6.67;8300.0;0.00;0.00;5.10;99.0;97.0;0.00;0.00
43900;3860;22.0;46;6.67;8300.0;0.00;0.00;5.10;99.0;97.0;0.00;0.00
43914;3860;22.0;46;6.67;8300.0;0.00;0.00;5.10;98.9;97.0;0.00;0.00
43929;3858;22.0;46;6.67;8300.0;0.00;0.00;5.10;98.9;97.0;0.00;0.00
43940;3856;22.0;46;6.67;8300.0;0.00;0.00;5.10;98.9;97.0;0.00;0.00
43950;3854;22.0;46;6.67;8300.0;0.00;0.00;5.10;98.9;97.0;0.00;0.00
43959;3853;22.0;46;6.67;8300.0;0.00;0.00;5.10;98.9;97.0;0.00;0.00
43971;3851;22.0;46;6.67;8300.0;0.00;0.00;5.10;98.9;97.0;0.00;0.00
43988;3849;22.0;46;6.67;8300.0;0.00;0.00;5.10;98.9;97.0;0.00;0.00
44003;3848;22.0;46;6.67;8300.0;0.00;0.00;5.10;98.9;97.0;0.00;0.00
44020;3846;22.0;46;6.67;8300.0;0.00;0.00;5.10;98.9;97.0;0.00;0.00
44029;3844;22.0;46;6.67;8300.0;0.00;0.00;5.10;98.9;97.0;0.00;0.00
44038;3842;22.0;46;6.67;8300.0;0.00;0.00;5.10;98.9;97.0;0.00;0.00
44053;3841;22.0;46;6.67;8300.0;0.00;0.00;5.10;98.9;97.0;0.00;0.00
44070;3839;22.0;46;6.67;8300.0;0.00;0.00;5.10;98.9;97.0;0.00;0.00
44079;3837;22.0;46;6.67;8300.0;0.00;0.00;5.10;98.9;97.0;0.00;0.00
44090;3836;22.0;46;6.67;8300.0;0.00;0.00;5.10;98.9;97.0;0.00;0.00
44103;3834;22.0;46;6.67;8300.0;0.00;0.00;5.10;98.9;97.0;0.00;0.00
44120;3832;22.0;46;6.67;8300.0;0.00;0.00;5.10;98.9;97.0;0.00;0.00
44129;3831;22.0;46;6.67;8300.0;0.00;0.00;5.10;98.9;97.0;0.00;0.00
44138;3829;22.0;46;6.67;8300.0;0.00;0.00;5.10;98.9;97.0;0.00;0.00
44150;3828;22.0;46;6.67;8300.0;0.00;0.00;5.10;98.9;97.0;0.00;0.00
44162;3826;22.0;46;6.67;8300.0;0.00;0.00;5.10;98.9;97.0;0.00;0.00
44178;3824;22.0;46;6.67;8300.0;0.00;0.00;5.10;98.9;97.0;0.00;0.00
44194;3823;22.0;46;6.67;8300.0;0.00;0.00;5.10;98.9;97.0;0.00;0.00
44211;3821;22.0;46;6.67;8300.0;0.00;0.00;5.10;98.9;97.0;0.00;0.00
44230;3820;22.0;46;6.67;8300.0;0.00;0.00;5.10;98.9;97.0;0.00;0.00
44240;3818;22.0;46;6.67;8300.0;0.00;0.00;5.10;98.9;97.0;0.00;0.00
44249;3816;22.0;46;6.67;8300.0;0.00;0.00;5.10;98.9;97.0;0.00;0.00
44260;3815;22.0;46;6.67;8300.0;0.00;0.00;5.10;98.9;97.0;0.00;0.00
44271;3813;22.0;46;6.67;8300.0;0.00;0.00;5.10;98.9;97.0;0.00;0.00
44290;3812;22.0;46;6.67;8300.0;0.00;0.00;5.10;98.9;97.0;0.00;0.00
44304;3810;22.0;46;6.67;8300.0;0.00;0.00;5.10;98.9;97.0;0.00;0.00
44319;3809;22.0;46;6.67;8300.0;0.00;0.00;5.10;98.9;97.0;0.00;0.00
44330;3807;22.0;46;6.67;8300.0;0.00;0.00;5.10;98.9;97.0;0.00;0.00
44342;3806;22.0;46;6.67;8300.0;0.00;0.00;5.10;98.9;97.0;0.00;0.00
44360;3806;22.0;46;6.67;8300.0;0.00;0.00;5.10;98.9;97.0;0.00;0.00
44369;3806;22.0;46;6.67;8300.0;0.00;0.00;5.10;98.9;97.0;0.00;0.00
44379;3806;22.0;46;6.67;8300.0;0.00;0.00;5.10;98.9;97.0;0.00;0.00
44388;3806;22.0;46;6.67;8300.0;0.00;0.00;5.10;98.9;97.5;0.00;0.00
44400;3806;22.0;46;6.67;8300.0;0.00;0.00;5.10;98.9;97.5;0.00;0.00
44410;3805;22.0;46;6.67;8300.0;0.00;0.00;5.10;98.9;97.5;0.00;0.00
44429;3805;22.0;46;6.67;8300.0;0.00;0.00;5.10;98.9;97.5;0.00;0.00
44440;3805;22.0;46;6.67;8300.0;0.00;0.00;5.10;98.9;97.5;0.00;0.00
44450;3805;22.0;46;6.67;8300.0;0.00;0.00;5.10;98.9;97.5;0.00;0.00
44459;3805;22.0;46;6.67;8300.0;0.00;0.00;5.10;98.9;97.5;0.00;0.00
44474;3805;22.0;46;6.67;8300.0;0.00;0.00;5.10;98.9;97.5;0.00;0.00
44489;3804;22.0;46;6.67;8300.0;0.00;0.00;5.10;98.9;97.5;0.00;0.00
44500;3802;22.0;46;6.67;8300.0;0.00;0.00;5.10;98.9;97.5;0.00;0.00
44511;3800;22.0;46;6.67;8300.0;0.00;0.00;5.10;98.9;97.5;0.00;0.00
44528;3798;22.0;46;6.67;8300.0;0.00;0.00;5.10;98.9;97.5;0.00;0.00
44540;3797;22.0;46;6.67;8300.0;0.00;0.00;5.10;98.9;97.5;0.00;0.00
44550;3795;22.0;46;6.67;8300.0;0.00;0.00;5.10;98.9;97.5;0.00;0.00
44559;3793;22.0;46;6.67;8300.0;0.00;0.00;5.10;98.9;97.5;0.00;0.00
44571;3791;22.0;46;6.67;8300.0;0.00;0.00;5.10;98.9;97.5;0.00;0.00
44590;3790;22.0;46;6.67;8300.0;0.00;0.00;5.10;98.9;97.5;0.00;0.00
44602;3788;22.0;46;6.67;8300.0;0.00;0.00;5.10;98.9;97.5;0.00;0.00
44624;3786;22.0;46;6.67;8300.0;0.00;0.00;5.10;98.9;97.5;0.00;0.00
44641;3784;22.0;46;6.67;8300.0;0.00;0.00;5.10;98.9;97.5;0.00;0.00
44650;3783;22.0;46;6.67;8300.0;0.00;0.00;5.10;98.9;97.5;0.00;0.00
44660;3781;22.0;46;6.67;8300.0;0.00;0.00;5.10;98.9;97.5;0.00;0.00
44671;3779;22.0;46;6.67;8300.0;0.00;0.00;5.10;98.9;97.5;0.00;0.00
44690;3777;22.0;46;6.67;8300.0;0.00;0.00;5.10;98.9;97.5;0.00;0.00
44702;3776;22.0;46;6.67;8300.0;0.00;0.00;5.10;98.9;97.5;0.00;0.00
44720;3774;22.0;46;6.67;8300.0;0.00;0.00;5.10;98.9;97.5;0.00;0.00
44729;3772;22.0;46;6.67;8300.0;0.00;0.00;5.10;98.9;97.5;0.00;0.00
44740;3771;22.0;46;6.67;8300.0;0.00;0.00;5.10;98.9;97.5;0.00;0.00
44749;3769;22.0;46;6.67;8300.0;0.00;0.00;5.10;98.9;97.5;0.00;0.00
44763;3767;22.0;46;6.67;8300.0;0.00;0.00;5.10;98.9;97.5;0.00;0.00
44780;3766;22.0;46;6.67;8300.0;0.00;0.00;5.10;98.9;97.5;0.00;0.00
44790;3766;22.0;46;6.67;8300.0;0.00;0.00;5.10;98.9;97.5;0.00;0.00
44801;3765;22.0;46;6.67;8300.0;0.00;0.00;5.10;98.9;97.5;0.00;0.00
44820;3764;22.0;46;6.67;8300.0;0.00;0.00;5.10;98.9;97.5;0.00;0.00
44831;3763;22.0;46;6.67;8300.0;0.00;0.00;5.10;98.9;97.5;0.00;0.00
44840;3763;22.0;46;6.67;8310.0;0.00;0.00;5.10;98.9;97.5;0.00;0.00
44851;3762;22.0;46;6.67;8310.0;0.00;0.00;5.10;98.9;97.5;0.00;0.00
44871;3761;22.0;46;6.67;8310.0;0.00;0.00;5.10;98.9;97.5;0.00;0.00
44879;3760;22.0;46;6.67;8310.0;0.00;0.00;5.10;98.9;97.5;0.00;0.00
44890;3760;22.0;46;6.67;8320.0;0.00;0.00;5.10;98.9;97.5;0.00;0.00
44903;3759;22.0;46;6.67;8320.0;0.00;0.00;5.10;98.9;97.5;0.00;0.00
44920;3758;22.0;46;6.67;8320.0;0.00;0.00;5.10;98.9;97.5;0.00;0.00
44930;3756;22.0;46;6.67;8320.0;0.00;0.00;5.10;98.9;97.5;0.00;0.00
44940;3755;22.0;46;6.67;8330.0;0.00;0.00;5.10;98.9;97.5;0.00;0.00
44950;3754;22.0;46;6.67;8330.0;0.00;0.00;5.10;98.9;97.5;0.00;0.00
44959;3752;22.0;46;6.67;8330.0;0.00;0.00;5.10;98.9;97.5;0.00;0.00
44970;3751;22.0;46;6.67;8330.0;0.00;0.00;5.10;98.9;97.5;0.00;0.00
44980;3750;22.0;46;6.67;8330.0;0.00;0.00;5.10;98.9;97.5;0.00;0.00
44989;3748;22.0;46;6.67;8330.0;0.00;0.00;5.10;98.9;97.5;0.00;0.00
45001;3747;22.0;46;6.67;8330.0;0.00;0.00;5.10;98.9;97.5;0.00;0.00
45020;3746;22.0;46;6.67;8330.0;0.00;0.00;5.10;98.9;97.5;0.00;0.00
45034;3744;22.0;46;6.67;8330.0;0.00;0.00;5.10;98.9;97.5;0.00;0.00
45049;3743;22.0;46;6.67;8330.0;0.00;0.00;5.10;98.9;97.5;0.00;0.00
45060;3741;22.0;46;6.67;8330.0;0.00;0.00;5.10;98.9;97.5;0.00;0.00
45069;3739;22.0;46;6.67;8330.0;0.00;0.00;5.10;98.9;97.5;0.00;0.00
45080;3737;22.0;46;6.67;8330.0;0.00;0.00;5.10;98.9;97.5;0.00;0.00
45091;3736;22.0;46;6.67;8330.0;0.00;0.00;5.10;98.9;97.5;0.00;0.00
45110;3734;22.0;46;6.67;8330.0;0.00;0.00;5.10;98.9;97.5;0.00;0.00
45120;3732;22.0;46;6.67;8330.0;0.00;0.00;5.10;98.9;97.5;0.00;0.00
45129;3731;22.0;46;6.67;8330.0;0.00;0.00;5.10;98.9;97.5;0.00;0.00
45139;3729;22.0;46;6.67;8330.0;0.00;0.00;5.10;98.9;97.5;0.00;0.00
45150;3727;22.0;46;6.67;8330.0;0.00;0.00;5.10;98.9;97.5;0.00;0.00
45173;3725;22.0;46;6.67;8330.0;0.00;0.00;5.10;98.9;97.5;0.00;0.00
45189;3724;22.0;46;6.67;8330.0;0.00;0.00;5.10;98.9;97.5;0.00;0.00
45203;3723;22.0;46;6.67;8330.0;0.00;0.00;5.10;98.9;97.5;0.00;0.00
45218;3722;22.0;46;6.67;8330.0;0.00;0.00;5.10;98.9;97.5;0.00;0.00
45229;3720;22.0;46;6.67;8330.0;0.00;0.00;5.10;98.9;97.5;0.00;0.00
45239;3719;22.0;46;6.67;8330.0;0.00;0.00;5.10;98.9;97.5;0.00;0.00
45253;3718;22.0;46;6.67;8330.0;0.00;0.00;5.10;98.9;97.5;0.00;0.00
45271;3716;22.0;46;6.67;8330.0;0.00;0.00;5.10;98.9;97.5;0.00;0.00
45287;3715;22.0;46;6.67;8330.0;0.00;0.00;5.10;98.9;97.5;0.00;0.00
45303;3714;22.0;46;6.67;8330.0;0.00;0.00;5.10;98.9;97.5;0.00;0.00
45321;3713;22.0;46;6.67;8330.0;0.00;0.00;5.10;98.9;97.5;0.00;0.00
45334;3711;22.0;46;6.67;8330.0;0.00;0.00;5.10;98.9;97.5;0.00;0.00
45352;3711;22.0;46;6.67;8330.0;0.00;0.00;5.10;98.9;97.5;0.00;0.00
45371;3710;22.0;46;6.67;8330.0;0.00;0.00;5.10;98.9;97.5;0.00;0.00
45391;3709;22.0;46;6.67;8330.0;0.00;0.00;5.10;98.9;97.5;0.00;0.00
45415;3708;22.0;46;6.67;8330.0;0.00;0.00;5.10;98.9;97.5;0.00;0.00
45430;3707;22.0;46;6.67;8330.0;0.00;0.00;5.10;98.9;97.5;0.00;0.00
45441;3706;22.0;46;6.67;8330.0;0.00;0.00;5.10;98.9;97.5;0.00;0.00
45459;3705;22.0;46;6.67;8330.0;0.00;0.00;5.10;98.9;97.5;0.00;0.00
45470;3705;22.0;46;6.67;8330.0;0.00;0.00;5.10;98.9;97.5;0.00;0.00
45489;3704;22.0;46;6.67;8330.0;0.00;0.00;5.10;98.9;97.5;0.00;0.00
45503;3703;22.0;46;6.67;8330.0;0.00;0.00;5.10;98.9;97.5;0.00;0.00
45524;3702;22.0;46;6.67;8330.0;0.00;0.00;5.10;98.9;97.5;0.00;0.00
45540;3701;22.0;46;6.67;8330.0;0.00;0.00;5.10;98.9;97.5;0.00;0.00
45548;3699;22.0;46;6.67;8330.0;0.00;0.00;5.10;98.9;97.5;0.00;0.00
45560;3698;22.0;46;6.67;8330.0;0.00;0.00;5.10;98.9;97.5;0.00;0.00
45571;3696;22.0;46;6.67;8330.0;0.00;0.00;5.10;98.9;97.5;0.00;0.00
45591;3695;22.0;46;6.67;8330.0;0.00;0.00;5.10;98.9;97.5;0.00;0.00
45599;3693;22.0;46;6.67;8330.0;0.00;0.00;5.10;98.9;97.5;0.00;0.00
45608;3692;22.0;46;6.67;8330.0;0.00;0.00;5.10;98.9;97.5;0.00;0.00
45619;3690;22.0;46;6.67;8330.0;0.00;0.00;5.10;98.9;97.5;0.00;0.00
45628;3689;22.0;46;6.67;8330.0;0.00;0.00;5.10;98.9;97.5;0.00;0.00
45639;3687;22.0;46;6.67;8330.0;0.00;0.00;5.10;98.9;97.5;0.00;0.00
45655;3686;22.0;46;6.67;8330.0;0.00;0.00;5.10;98.9;97.5;0.00;0.00
45669;3684;22.0;46;6.67;8330.0;0.00;0.00;5.10;98.9;97.5;0.00;0.00
45677;3683;22.0;46;6.67;8330.0;0.00;0.00;5.10;98.9;97.5;0.00;0.00
45691;3681;22.0;46;6.67;8330.0;0.00;0.00;5.10;98.9;97.5;0.00;0.00
45699;3680;22.0;46;6.67;8330.0;0.00;0.00;5.10;98.9;97.5;0.00;0.00
45708;3678;22.0;46;6.67;8330.0;0.00;0.00;5.10;98.9;97.5;0.00;0.00
45718;3677;22.0;46;6.67;8330.0;0.00;0.00;5.10;98.9;97.5;0.00;0.00
45727;3676;22.0;46;6.67;8330.0;0.00;0.00;5.10;98.9;97.5;0.00;0.00
45738;3674;22.0;46;6.67;8330.0;0.00;0.00;5.10;98.9;97.5;0.00;0.00
45750;3673;22.0;46;6.67;8330.0;0.00;0.00;5.10;98.9;97.5;0.00;0.00
45759;3671;22.0;46;6.67;8330.0;0.00;0.00;5.10;98.9;97.5;0.00;0.00
45773;3670;22.0;46;6.67;8330.0;0.00;0.00;5.10;98.9;97.5;0.00;0.00
45788;3669;22.0;46;6.67;8330.0;0.00;0.00;5.10;98.9;97.5;0.00;0.00
45799;3669;22.0;46;6.67;8330.0;0.00;0.00;5.10;98.9;97.5;0.00;0.00
45812;3668;22.0;46;6.67;8330.0;0.00;0.00;5.10;98.9;97.5;0.00;0.00
45829;3668;22.0;46;6.67;8330.0;0.00;0.00;5.10;98.9;97.5;0.00;0.00
45838;3667;22.0;46;6.67;8330.0;0.00;0.00;5.10;98.9;97.5;0.00;0.00
45847;3667;22.0;46;6.67;8330.0;0.00;0.00;5.10;98.9;97.5;0.00;0.00
45858;3666;22.0;46;6.67;8330.0;0.00;0.00;5.10;98.9;97.5;0.00;0.00
45869;3666;22.0;46;6.67;8330.0;0.00;0.00;5.10;98.9;97.5;0.00;0.00
45878;3665;22.0;46;6.67;8330.0;0.00;0.00;5.10;98.9;97.5;0.00;0.00
45889;3665;22.0;46;6.67;8330.0;0.00;0.00;5.10;98.9;97.5;0.00;0.00
45904;3664;22.0;46;6.67;8330.0;0.00;0.00;5.10;98.9;97.5;0.00;0.00
45918;3664;22.0;46;6.67;8330.0;0.00;0.00;5.10;98.9;97.5;0.00;0.00
45929;3663;22.0;46;6.67;8330.0;0.00;0.00;5.10;98.9;97.5;0.00;0.00
45938;3663;22.0;46;6.67;8330.0;0.00;0.00;5.10;98.9;97.5;0.00;0.00
45950;3662;22.0;46;6.67;8330.0;0.00;0.00;5.10;98.9;97.5;0.00;0.00
45961;3662;22.0;46;6.67;8330.0;0.00;0.00;5.10;98.9;97.5;0.00;0.00
45970;3662;22.0;46;6.67;8330.0;0.00;0.00;5.10;98.9;97.5;0.00;0.00
45979;3661;22.0;46;6.67;8330.0;0.00;0.00;5.10;98.9;97.5;0.00;0.00
45988;3661;22.0;46;6.67;8330.0;0.00;0.00;5.10;98.9;97.5;0.00;0.00
45999;3660;22.0;46;6.67;8330.0;0.00;0.00;5.10;98.9;97.5;0.00;0.00
46009;3660;22.0;46;6.67;8330.0;0.00;0.00;5.10;98.9;97.5;0.00;0.00
46024;3659;22.0;46;6.67;8330.0;0.00;0.00;5.10;98.9;97.5;0.00;0.00
46038;3658;22.0;46;6.67;8330.0;0.00;0.00;5.10;98.9;97.5;0.00;0.00
46049;3656;22.0;46;6.67;8330.0;0.00;0.00;5.10;98.9;97.5;0.00;0.00
46059;3654;22.0;46;6.67;8330.0;0.00;0.00;5.10;98.9;97.5;0.00;0.00
46070;3653;22.0;46;6.67;8330.0;0.00;0.00;5.10;98.9;97.5;0.00;0.00
46079;3651;22.0;46;6.67;8330.0;0.00;0.00;5.10;98.9;97.5;0.00;0.00
46088;3649;22.0;46;6.67;8330.0;0.00;0.00;5.10;98.9;97.5;0.00;0.00
46097;3647;22.0;46;6.67;8330.0;0.00;0.00;5.10;98.9;97.5;0.00;0.00
46109;3646;22.0;46;6.67;8330.0;0.00;0.00;5.10;98.9;97.5;0.00;0.00
46118;3644;22.0;46;6.27;8330.0;0.00;0.00;5.10;98.9;97.5;0.00;0.00
46129;3642;22.0;46;6.27;8330.0;0.00;0.00;5.10;98.9;97.5;0.00;0.00
46144;3641;22.0;46;6.27;8330.0;0.00;0.00;5.10;98.9;97.5;0.00;0.00
46159;3639;22.0;46;6.27;8330.0;0.00;0.00;5.10;98.9;97.5;0.00;0.00
46169;3637;22.0;46;6.27;8330.0;0.00;0.00;5.10;98.9;97.5;0.00;0.00
46178;3635;22.0;46;6.27;8330.0;0.00;0.00;5.10;98.9;97.5;0.00;0.00
46190;3634;22.0;46;6.27;8330.0;0.00;0.00;5.10;98.9;97.5;0.00;0.00
46199;3632;22.0;46;6.27;8330.0;0.00;0.00;5.10;98.9;97.5;0.00;0.00
46207;3630;22.0;46;6.27;8340.0;0.00;0.00;5.10;98.9;97.5;0.00;0.00
46219;3629;22.0;46;6.27;8340.0;0.00;0.00;5.10;98.9;97.5;0.00;0.00
46229;3627;22.0;46;6.27;8340.0;0.00;0.00;5.10;98.9;97.5;0.00;0.00
46238;3625;22.0;46;6.27;8350.0;0.00;0.00;5.10;98.9;97.5;0.00;0.00
46247;3623;22.0;46;6.27;8350.0;0.00;0.00;5.10;98.9;97.5;0.00;0.00
46263;3622;22.0;46;6.27;8360.0;0.00;0.00;5.10;98.9;97.5;0.00;0.00
46278;3621;22.0;46;6.27;8360.0;0.00;0.00;5.10;98.9;97.5;0.00;0.00
46287;3621;22.0;46;6.27;8360.0;0.00;0.00;5.10;98.9;97.5;0.00;0.00
46302;3620;22.0;46;6.27;8370.0;0.00;0.00;5.10;98.9;97.5;0.00;0.00
46318;3620;22.0;46;6.27;8370.0;0.00;0.00;5.10;98.9;97.5;0.00;0.00
46329;3620;22.0;46;6.27;8370.0;0.00;0.00;5.10;98.9;97.5;0.00;0.00
46339;3619;22.0;46;6.27;8370.0;0.00;0.00;5.10;98.9;97.5;0.00;0.00
46347;3619;22.0;46;6.27;8370.0;0.00;0.00;5.10;98.9;97.5;0.00;0.00
46359;3619;22.0;46;6.27;8370.0;0.00;0.00;5.10;98.9;97.5;0.00;0.00
46369;3618;22.0;46;6.67;8370.0;0.00;0.00;5.10;98.9;97.5;0.00;0.00
46378;3618;22.0;46;6.67;8370.0;0.00;0.00;5.10;98.9;97.5;0.00;0.00
46395;3617;22.0;46;6.67;8370.0;0.00;0.00;5.10;98.9;97.5;0.00;0.00
46409;3616;22.0;46;6.67;8370.0;0.00;0.00;5.10;98.9;97.5;0.00;0.00
46419;3614;22.0;46;6.67;8370.0;0.00;0.00;5.10;98.9;97.5;0.00;0.00
46428;3613;22.0;46;6.67;8370.0;0.00;0.00;5.10;98.9;97.5;0.00;0.00
46437;3611;22.0;46;6.67;8370.0;0.00;0.00;5.10;98.9;97.5;0.00;0.00
46449;3610;22.0;46;6.67;8370.0;0.00;0.00;5.10;98.9;97.5;0.00;0.00
46459;3608;22.0;46;6.67;8370.0;0.00;0.00;5.10;98.9;97.5;0.00;0.00
46470;3607;22.0;46;6.67;8370.0;0.00;0.00;5.10;98.9;97.5;0.00;0.00
46479;3605;22.0;46;6.67;8370.0;0.00;0.00;5.10;98.9;97.5;0.00;0.00
46489;3603;22.0;46;6.27;8370.0;0.00;0.00;5.10;98.9;97.5;0.00;0.00
46498;3602;22.0;46;6.27;8370.0;0.00;0.00;5.10;98.9;97.5;0.00;0.00
46515;3600;22.0;46;6.27;8370.0;0.00;0.00;5.10;98.9;97.5;0.00;0.00
46529;3600;22.0;46;6.27;8370.0;0.00;0.00;5.10;98.9;97.5;0.00;0.00
46538;3600;22.0;46;6.27;8370.0;0.00;0.00;5.10;98.9;97.5;0.00;0.00
46548;3599;22.0;46;6.27;8370.0;0.00;0.00;5.10;98.9;97.5;0.00;0.00
46561;3599;22.0;46;6.27;8370.0;0.00;0.00;5.10;98.9;97.5;0.00;0.00
46579;3599;22.0;46;6.27;8370.0;0.00;0.00;5.10;98.9;97.5;0.00;0.00
46589;3598;22.0;46;6.27;8370.0;0.00;0.00;5.10;98.9;97.5;0.00;0.00
46599;3598;22.0;46;6.27;8370.0;0.00;0.00;5.10;98.9;97.5;0.00;0.00
46610;3598;22.0;46;6.27;8370.0;0.00;0.00;5.10;98.9;97.5;0.00;0.00
46618;3598;22.0;46;6.27;8370.0;0.00;0.00;5.10;98.9;97.5;0.00;0.00
46629;3597;22.0;46;6.27;8370.0;0.00;0.00;5.10;98.9;97.5;0.00;0.00
46646;3597;22.0;46;6.27;8370.0;0.00;0.00;5.10;98.9;97.5;0.00;0.00
46659;3595;22.0;46;6.27;8370.0;0.00;0.00;5.10;98.9;97.5;0.00;0.00
46668;3593;22.0;46;6.27;8370.0;0.00;0.00;5.10;98.9;97.5;0.00;0.00
46680;3590;22.0;46;6.27;8370.0;0.00;0.00;5.10;98.9;97.5;0.00;0.00
46689;3588;22.0;46;6.27;8370.0;0.00;0.00;5.10;98.9;97.5;0.00;0.00
46700;3586;22.0;46;6.27;8370.0;0.00;0.00;5.10;98.9;97.5;0.00;0.00
46708;3584;22.0;46;6.27;8370.0;0.00;0.00;5.10;98.9;97.5;0.00;0.00
46720;3582;22.0;46;6.27;8370.0;0.00;0.00;5.10;98.9;97.5;0.00;0.00
46729;3580;22.0;46;6.27;8370.0;0.00;0.00;5.10;98.9;97.5;0.00;0.00
46739;3577;22.0;46;6.27;8370.0;0.00;0.00;5.10;98.9;97.5;0.00;0.00
46748;3575;22.0;46;6.27;8370.0;0.00;0.00;5.10;98.9;97.5;0.00;0.00
46765;3573;22.0;46;6.27;8370.0;0.00;0.00;5.10;98.9;97.5;0.00;0.00
46780;3572;22.0;46;6.27;8370.0;0.00;0.00;5.10;98.9;97.5;0.00;0.00
46790;3571;22.0;46;6.27;8370.0;0.00;0.00;5.10;98.9;97.5;0.00;0.00
46800;3570;22.0;46;6.27;8370.0;0.00;0.00;5.10;98.9;97.5;0.00;0.00
46810;3569;22.0;46;6.27;8370.0;0.00;0.00;5.10;98.9;97.5;0.00;0.00
46818;3568;22.0;46;6.27;8370.0;0.00;0.00;5.10;98.9;97.5;0.00;0.00
46828;3567;22.0;46;6.27;8370.0;0.00;0.00;5.10;98.9;97.5;0.00;0.00
46840;3566;22.0;46;6.27;8370.0;0.00;0.00;5.10;98.9;97.5;0.00;0.00
46849;3565;22.0;46;6.27;8370.0;0.00;0.00;5.10;98.9;97.5;0.00;0.00
46858;3565;22.0;46;6.27;8370.0;0.00;0.00;5.10;98.9;97.5;0.00;0.00
46869;3564;22.0;46;6.27;8370.0;0.00;0.00;5.10;98.9;97.5;0.00;0.00
46885;3563;22.0;46;6.27;8370.0;0.00;0.00;5.10;98.9;97.5;0.00;0.00
46899;3563;22.0;46;6.27;8370.0;0.00;0.00;5.10;98.9;97.5;0.00;0.00
46908;3562;22.0;46;6.27;8370.0;0.00;0.00;5.10;98.9;97.5;0.00;0.00
46919;3562;22.0;46;6.27;8370.0;0.00;0.00;5.10;98.9;97.5;0.00;0.00
46928;3562;22.0;46;6.27;8370.0;0.00;0.00;5.10;98.9;97.5;0.00;0.00
46939;3562;22.0;46;6.27;8370.0;0.00;0.00;5.10;98.9;97.5;0.00;0.00
46950;3562;22.0;46;6.27;8370.0;0.00;0.00;5.10;98.9;97.5;0.00;0.00
46958;3562;22.0;46;6.27;8370.0;0.00;0.00;5.10;98.9;97.5;0.00;0.00
46969;3562;22.0;46;6.27;8370.0;0.00;0.00;5.10;98.9;97.5;0.00;0.00
46979;3562;22.0;46;6.27;8370.0;0.00;0.00;5.10;98.9;97.5;0.00;0.00
46988;3562;22.0;46;6.27;8370.0;0.00;0.00;5.10;98.9;97.5;0.00;0.00
47004;3562;22.0;46;6.27;8370.0;0.00;0.00;5.10;98.9;97.5;0.00;0.00
47019;3561;22.0;46;6.27;8370.0;0.00;0.00;5.10;98.9;97.5;0.00;0.00
47030;3560;22.0;46;6.27;8370.0;0.00;0.00;5.10;98.9;97.5;0.00;0.00
47039;3559;22.0;46;6.27;8370.0;0.00;0.00;5.10;98.9;97.5;0.00;0.00
47049;3558;22.0;46;6.27;8370.0;0.00;0.00;5.10;98.9;97.5;0.00;0.00
47059;3557;22.0;46;6.27;8370.0;0.00;0.00;5.10;98.9;97.5;0.00;0.00
47068;3556;22.0;46;6.27;8370.0;0.00;0.00;5.10;98.9;97.5;0.00;0.00
47080;3555;22.0;46;6.27;8370.0;0.00;0.00;5.10;98.9;97.5;0.00;0.00
47089;3554;22.0;46;6.27;8370.0;0.00;0.00;5.10;98.9;97.5;0.00;0.00
47098;3552;22.0;46;6.27;8370.0;0.00;0.00;5.10;98.9;97.5;0.00;0.00
47108;3551;22.0;46;6.27;8370.0;0.00;0.00;5.10;98.9;97.5;0.00;0.00
47125;3550;22.0;46;6.27;8370.0;0.00;0.00;5.10;98.9;97.5;0.00;0.00
47138;3550;22.0;46;6.27;8370.0;0.00;0.00;5.10;98.9;97.5;0.00;0.00
47149;3549;22.0;46;6.27;8370.0;0.00;0.00;5.10;98.9;97.5;0.00;0.00
47159;3548;22.0;46;6.27;8370.0;0.00;0.00;5.10;98.9;97.5;0.00;0.00
47170;3547;22.0;46;6.27;8370.0;0.00;0.00;5.10;98.9;98.0;0.00;0.00
47179;3547;22.0;46;6.27;8370.0;0.00;0.00;5.10;98.9;98.0;0.00;0.00
47190;3546;22.0;46;6.27;8370.0;0.00;0.00;5.10;98.9;98.0;0.00;0.00
47199;3545;22.0;46;6.27;8370.0;0.00;0.00;5.10;98.9;98.0;0.00;0.00
47208;3544;22.0;46;6.27;8370.0;0.00;0.00;5.10;98.9;98.0;0.00;0.00
47220;3544;22.0;46;6.27;8370.0;0.00;0.00;5.10;98.9;98.0;0.00;0.00
47229;3543;22.0;46;6.27;8370.0;0.00;0.00;5.10;98.9;98.0;0.00;0.00
47244;3542;22.0;46;6.27;8370.0;0.00;0.00;5.10;98.9;98.0;0.00;0.00
47260;3541;22.0;46;6.27;8370.0;0.00;0.00;5.10;98.9;98.0;0.00;0.00
47269;3539;22.0;46;6.27;8370.0;0.00;0.00;5.10;98.9;98.0;0.00;0.00
47279;3538;22.0;46;6.27;8370.0;0.00;0.00;5.10;98.9;98.0;0.00;0.00
47290;3537;22.0;46;6.27;8370.0;0.00;0.00;5.10;98.9;97.5;0.00;0.00
47299;3535;22.0;46;6.27;8370.0;0.00;0.00;5.10;98.9;97.5;0.00;0.00
47309;3534;22.0;46;6.27;8370.0;0.00;0.00;5.10;98.9;97.5;0.00;0.00
47320;3532;22.0;46;6.27;8370.0;0.00;0.00;5.10;98.9;97.5;0.00;0.00
47329;3531;22.0;46;6.27;8370.0;0.00;0.00;5.10;98.9;97.5;0.00;0.00
47340;3530;22.0;46;6.27;8370.0;0.00;0.00;5.10;98.9;97.5;0.00;0.00
47349;3528;22.0;46;6.27;8370.0;0.00;0.00;5.10;98.9;97.5;0.00;0.00
47364;3527;22.0;46;6.27;8370.0;0.00;0.00;5.10;98.9;97.5;0.00;0.00
47378;3526;22.0;46;6.27;8370.0;0.00;0.00;5.10;98.9;97.5;0.00;0.00
47389;3525;22.0;46;6.27;8370.0;0.00;0.00;5.10;98.9;97.5;0.00;0.00
47400;3524;22.0;46;6.27;8370.0;0.00;0.00;5.10;98.9;97.5;0.00;0.00
47409;3523;22.0;46;6.27;8370.0;0.00;0.00;5.10;98.9;98.0;0.00;0.00
47420;3522;22.0;46;6.27;8370.0;0.00;0.00;5.10;98.9;98.0;0.00;0.00
47428;3521;22.0;46;6.27;8370.0;0.00;0.00;5.10;98.9;98.0;0.00;0.00
47439;3520;22.0;46;6.27;8370.0;0.00;0.00;5.10;98.9;98.0;0.00;0.00
47450;3519;22.0;46;6.27;8370.0;0.00;0.00;5.10;98.9;98.0;0.00;0.00
47459;3518;22.0;46;6.27;8370.0;0.00;0.00;5.10;98.9;98.0;0.00;0.00
47469;3517;22.0;46;6.27;8370.0;0.00;0.00;5.10;98.9;98.0;0.00;0.00
47486;3516;22.0;46;6.27;8370.0;0.00;0.00;5.10;98.9;98.0;0.00;0.00
47498;3515;22.0;46;6.27;8370.0;0.00;0.00;5.10;98.9;98.0;0.00;0.00
47509;3515;22.0;46;6.27;8370.0;0.00;0.00;5.10;98.9;98.0;0.00;0.00
47519;3514;22.0;46;6.27;8370.0;0.00;0.00;5.10;98.9;98.0;0.00;0.00
47529;3513;22.0;46;6.27;8370.0;0.00;0.00;5.10;98.9;97.5;0.00;0.00
47539;3512;22.0;46;6.27;8370.0;0.00;0.00;5.10;98.9;97.5;0.00;0.00
47550;3512;22.0;46;6.27;8370.0;0.00;0.00;5.10;98.9;97.5;0.00;0.00
47559;3511;22.0;46;6.27;8370.0;0.00;0.00;5.10;98.9;97.5;0.00;0.00
47570;3510;22.0;46;6.27;8370.0;0.00;0.00;5.10;98.9;97.5;0.00;0.00
47579;3510;22.0;46;6.27;8370.0;0.00;0.00;5.10;98.9;97.5;0.00;0.00
47590;3509;22.0;46;6.27;8370.0;0.00;0.00;5.10;98.9;97.5;0.00;0.00
47607;3508;22.0;46;6.27;8370.0;0.00;0.00;5.10;98.9;97.5;0.00;0.00
47620;3507;22.0;46;6.27;8370.0;0.00;0.00;5.10;98.9;97.5;0.00;0.00
47630;3506;22.0;46;6.27;8370.0;0.00;0.00;5.10;98.9;97.5;0.00;0.00
47640;3505;22.0;46;6.27;8370.0;0.00;0.00;5.10;98.9;97.5;0.00;0.00
47648;3504;22.0;46;6.27;8370.0;0.00;0.00;5.10;98.9;97.5;0.00;0.00
47659;3503;22.0;46;6.27;8370.0;0.00;0.00;5.10;98.9;97.5;0.00;0.00
47668;3502;22.0;46;6.27;8370.0;0.00;0.00;5.10;98.9;97.5;0.00;0.00
47678;3501;22.0;46;6.27;8370.0;0.00;0.00;5.10;98.9;97.5;0.00;0.00
47689;3500;22.0;46;6.27;8370.0;0.00;0.00;5.10;98.9;97.5;0.00;0.00
47701;3499;22.0;46;6.27;8370.0;0.00;0.00;5.10;98.9;97.5;0.00;0.00
47719;3498;22.0;46;6.27;8370.0;0.00;0.00;5.10;98.9;97.5;0.00;0.00
47736;3497;22.0;46;6.27;8370.0;0.00;0.00;5.10;98.9;97.5;0.00;0.00
47750;3495;22.0;46;6.27;8370.0;0.00;0.00;5.10;98.9;97.5;0.00;0.00
47759;3493;22.0;46;6.27;8370.0;0.00;0.00;5.10;98.9;97.5;0.00;0.00
47768;3491;22.0;46;6.27;8370.0;0.00;0.00;5.10;98.9;97.5;0.00;0.00
47780;3490;22.0;46;6.27;8370.0;0.00;0.00;5.10;98.9;97.5;0.00;0.00
47789;3488;22.0;46;6.27;8370.0;0.00;0.00;5.10;98.9;97.5;0.00;0.00
47798;3486;22.0;46;6.27;8370.0;0.00;0.00;5.10;98.9;97.5;0.00;0.00
47809;3484;22.0;46;6.27;8370.0;0.00;0.00;5.10;98.9;97.5;0.00;0.00
47818;3482;22.0;46;6.27;8370.0;0.00;0.00;5.10;98.9;97.5;0.00;0.00
47829;3480;22.0;46;6.27;8370.0;0.00;0.00;5.10;98.9;97.5;0.00;0.00
47839;3478;22.0;46;6.27;8370.0;0.00;0.00;5.10;98.9;97.5;0.00;0.00
47854;3476;22.0;46;6.27;8370.0;0.00;0.00;5.10;98.9;97.5;0.00;0.00
47869;3476;22.0;46;6.27;8370.0;0.00;0.00;5.10;98.9;97.5;0.00;0.00
47880;3475;22.0;46;6.27;8370.0;0.00;0.00;5.10;98.9;97.5;0.00;0.00
47890;3474;22.0;46;6.27;8370.0;0.00;0.00;5.10;98.9;97.5;0.00;0.00
47900;3473;22.0;46;6.27;8370.0;0.00;0.00;5.10;98.9;97.5;0.00;0.00
47911;3473;22.0;46;6.27;8370.0;0.00;0.00;5.10;98.9;97.5;0.00;0.00
47920;3472;22.0;46;6.27;8370.0;0.00;0.00;5.10;98.9;97.5;0.00;0.00
47930;3471;22.0;46;6.27;8370.0;0.00;0.00;5.10;98.9;97.5;0.00;0.00
47939;3470;22.0;46;6.27;8370.0;0.00;0.00;5.10;98.9;97.5;0.00;0.00
47950;3470;22.0;46;6.27;8370.0;0.00;0.00;5.10;98.9;97.5;0.00;0.00
47959;3469;22.0;46;6.27;8370.0;0.00;0.00;5.10;98.9;97.5;0.00;0.00
47975;3468;22.0;46;6.27;8370.0;0.00;0.00;5.10;98.9;97.5;0.00;0.00
47990;3467;22.0;46;6.27;8370.0;0.00;0.00;5.10;98.9;97.5;0.00;0.00
48000;3466;22.0;46;6.27;8370.0;0.00;0.00;5.10;98.9;97.5;0.00;0.00
48009;3465;22.0;46;6.27;8370.0;0.00;0.00;5.10;98.9;97.5;0.00;0.00
48020;3464;22.0;46;6.27;8370.0;0.00;0.00;5.10;98.9;98.0;0.00;0.00
48028;3463;22.0;46;6.27;8370.0;0.00;0.00;5.10;98.9;98.0;0.00;0.00
48039;3462;22.0;46;6.27;8380.0;0.00;0.00;5.10;98.9;98.0;0.00;0.00
48050;3461;22.0;46;6.27;8380.0;0.00;0.00;5.10;98.9;98.0;0.00;0.00
48059;3460;22.0;46;6.27;8380.0;0.00;0.00;5.10;98.9;98.0;0.00;0.00
48068;3459;22.0;46;6.27;8380.0;0.00;0.00;5.10;98.9;98.0;0.00;0.00
48080;3457;22.0;46;6.27;8390.0;0.00;0.00;5.10;98.9;98.0;0.00;0.00
48096;3456;22.0;46;6.27;8390.0;0.00;0.00;5.10;98.9;98.0;0.00;0.00
48110;3456;22.0;46;6.27;8390.0;0.00;0.00;5.10;98.9;98.0;0.00;0.00
48119;3455;22.0;46;6.27;8390.0;0.00;0.00;4.71;98.9;98.0;0.00;0.00
48130;3454;22.0;46;6.27;8400.0;0.00;0.00;4.71;98.9;98.0;0.00;0.00
48140;3453;22.0;46;6.27;8400.0;0.00;0.00;4.71;98.9;97.5;0.00;0.00
48150;3452;22.0;46;6.27;8400.0;0.00;0.00;4.71;98.9;97.5;0.00;0.00
48159;3451;22.0;46;6.27;8400.0;0.00;0.00;4.71;98.9;97.5;0.00;0.00
48169;3450;21.0;46;6.27;8400.0;0.00;0.00;4.71;98.9;97.5;0.00;0.00
48178;3450;21.0;46;6.27;8400.0;0.00;0.00;4.71;98.9;97.5;0.00;0.00
48190;3449;21.0;46;6.27;8400.0;0.00;0.00;4.71;98.9;97.5;0.00;0.00
48199;3448;21.0;46;6.27;8400.0;0.00;0.00;4.71;98.9;97.5;0.00;0.00
48214;3447;21.0;46;6.27;8400.0;0.00;0.00;4.71;98.9;97.5;0.00;0.00
48231;3446;21.0;46;6.27;8400.0;0.00;0.00;4.71;98.9;97.5;0.00;0.00
48250;3446;21.0;46;6.27;8400.0;0.00;0.00;4.71;98.9;97.5;0.00;0.00
48270;3445;21.0;46;6.27;8400.0;0.00;0.00;4.71;98.9;97.5;0.00;0.00
48279;3445;21.0;46;6.27;8400.0;0.00;0.00;4.71;98.9;97.5;0.00;0.00
48289;3444;21.0;46;6.27;8400.0;0.00;0.00;4.71;98.9;97.5;0.00;0.00
48303;3443;21.0;46;6.27;8400.0;0.00;0.00;4.71;98.9;97.5;0.00;0.00
48320;3443;21.0;46;6.27;8400.0;0.00;0.00;4.71;98.9;97.5;0.00;0.00
48329;3442;21.0;46;6.27;8400.0;0.00;0.00;4.71;98.9;97.5;0.00;0.00
48340;3441;21.0;46;6.27;8400.0;0.00;0.00;4.71;98.9;97.5;0.00;0.00
48349;3441;21.0;46;6.27;8400.0;0.00;0.00;4.71;98.9;97.5;0.00;0.00
48363;3440;21.0;46;6.27;8400.0;0.00;0.00;4.71;98.9;97.5;0.00;0.00
48380;3439;21.0;46;6.27;8400.0;0.00;0.00;4.71;98.9;97.5;0.00;0.00
48390;3438;21.0;46;6.27;8400.0;0.00;0.00;4.71;98.9;97.5;0.00;0.00
48402;3436;21.0;46;6.27;8400.0;0.00;0.00;4.71;98.9;97.5;0.00;0.00
48419;3435;21.0;46;6.27;8400.0;0.00;0.00;4.71;98.9;97.5;0.00;0.00
48429;3434;21.0;46;6.27;8400.0;0.00;0.00;4.71;98.9;97.5;0.00;0.00
48439;3432;21.0;46;6.27;8400.0;0.00;0.00;4.71;98.9;97.5;0.00;0.00
48450;3431;21.0;46;6.27;8400.0;0.00;0.00;4.71;98.9;97.5;0.00;0.00
48461;3430;21.0;46;6.27;8400.0;0.00;0.00;4.71;98.9;97.5;0.00;0.00
48480;3429;21.0;46;5.88;8400.0;0.00;0.00;4.71;98.9;97.5;0.00;0.00
48490;3427;21.0;46;5.88;8400.0;0.00;0.00;4.71;98.9;97.5;0.00;0.00
48502;3426;21.0;46;5.88;8400.0;0.00;0.00;4.71;98.9;97.5;0.00;0.00
48519;3425;21.0;46;5.88;8400.0;0.00;0.00;4.71;98.9;97.5;0.00;0.00
48528;3423;21.0;46;5.88;8400.0;0.00;0.00;4.71;98.9;97.5;0.00;0.00
48540;3422;21.0;46;5.88;8400.0;0.00;0.00;4.71;98.9;97.5;0.00;0.00
48550;3420;21.0;46;5.88;8400.0;0.00;0.00;4.71;98.9;97.5;0.00;0.00
48561;3419;21.0;46;5.88;8400.0;0.00;0.00;4.71;98.9;97.5;0.00;0.00
48580;3418;21.0;46;5.88;8400.0;0.00;0.00;4.71;98.9;97.5;0.00;0.00
48590;3416;21.0;46;5.88;8400.0;0.00;0.00;4.71;98.9;97.5;0.00;0.00
48601;3415;21.0;46;5.88;8400.0;0.00;0.00;4.71;98.9;97.5;0.00;0.00
48621;3413;21.0;46;5.88;8400.0;0.00;0.00;4.71;98.9;97.5;0.00;0.00
48630;3412;21.0;46;5.88;8400.0;0.00;0.00;4.71;98.9;97.5;0.00;0.00
48643;3410;21.0;46;5.88;8400.0;0.00;0.00;4.71;98.9;97.5;0.00;0.00
48660;3410;21.0;46;5.88;8400.0;0.00;0.00;4.71;98.9;97.5;0.00;0.00
48669;3409;21.0;46;5.88;8400.0;0.00;0.00;4.71;98.9;97.5;0.00;0.00
48682;3408;21.0;46;5.88;8400.0;0.00;0.00;4.71;98.9;97.5;0.00;0.00
48702;3407;21.0;46;5.88;8400.0;0.00;0.00;4.71;98.9;98.0;0.00;0.00
48719;3406;21.0;46;5.88;8400.0;0.00;0.00;4.71;98.9;98.0;0.00;0.00
48730;3405;21.0;46;5.88;8400.0;0.00;0.00;4.71;98.9;98.0;0.00;0.00
48739;3404;22.0;46;5.88;8400.0;0.00;0.00;4.71;98.9;98.0;0.00;0.00
48750;3403;22.0;47;5.88;8400.0;0.00;0.00;4.71;98.9;98.0;0.00;0.00
48759;3403;22.0;47;5.88;8400.0;0.00;0.00;4.71;98.9;98.0;0.00;0.00
48768;3402;22.0;47;5.88;8400.0;0.00;0.00;4.71;98.9;98.0;0.00;0.00
48782;3401;22.0;47;5.88;8400.0;0.00;0.00;4.71;98.9;98.0;0.00;0.00
48803;3399;22.0;47;5.88;8400.0;0.00;0.00;4.71;98.9;98.0;0.00;0.00
48819;3397;22.0;47;5.88;8400.0;0.00;0.00;4.71;98.9;98.0;0.00;0.00
48829;3395;22.0;47;5.88;8400.0;0.00;0.00;4.71;98.9;98.0;0.00;0.00
48840;3393;22.0;47;5.88;8400.0;0.00;0.00;4.71;98.9;98.0;0.00;0.00
48851;3390;22.0;47;5.88;8400.0;0.00;0.00;4.71;98.9;98.0;0.00;0.00
48870;3388;22.0;47;5.88;8400.0;0.00;0.00;4.71;98.9;98.0;0.00;0.00
48878;3386;21.0;47;5.88;8400.0;0.00;0.00;4.71;98.9;98.0;0.00;0.00
48890;3384;21.0;47;5.88;8400.0;0.00;0.00;4.71;98.9;98.0;0.00;0.00
48902;3382;21.0;47;5.88;8400.0;0.00;0.00;4.71;98.9;98.0;0.00;0.00
48919;3380;21.0;47;5.88;8400.0;0.00;0.00;4.71;98.9;98.0;0.00;0.00
48934;3378;21.0;47;5.88;8400.0;0.00;0.00;4.71;98.9;98.0;0.00;0.00
48951;3377;21.0;47;5.88;8400.0;0.00;0.00;4.71;98.9;98.0;0.00;0.00
48972;3377;21.0;47;5.88;8400.0;0.00;0.00;4.71;98.9;98.0;0.00;0.00
48988;3377;21.0;47;5.88;8400.0;0.00;0.00;4.71;98.9;98.0;0.00;0.00
48999;3376;21.0;47;5.88;8400.0;0.00;0.00;4.71;98.9;97.5;0.00;0.00
49011;3376;21.0;47;5.88;8400.0;0.00;0.00;4.71;98.9;97.5;0.00;0.00
49028;3375;21.0;47;5.88;8400.0;0.00;0.00;4.71;98.9;97.5;0.00;0.00
49039;3375;22.0;47;5.88;8400.0;0.00;0.00;4.71;98.9;97.5;0.00;0.00
49050;3375;22.0;47;5.88;8400.0;0.00;0.00;4.71;98.9;97.5;0.00;0.00
49060;3374;22.0;47;5.88;8400.0;0.00;0.00;4.71;98.9;97.5;0.00;0.00
49069;3374;22.0;47;5.88;8400.0;0.00;0.00;4.71;98.9;97.5;0.00;0.00
49084;3373;22.0;47;5.88;8400.0;0.00;0.00;4.71;98.9;97.5;0.00;0.00
49097;3371;22.0;47;5.88;8400.0;0.00;0.00;4.71;98.9;97.5;0.00;0.00
49110;3369;22.0;47;5.88;8400.0;0.00;0.00;4.71;98.9;97.5;0.00;0.00
49121;3367;22.0;47;5.88;8400.0;0.00;0.00;4.71;98.9;97.5;0.00;0.00
49129;3365;22.0;47;5.88;8400.0;0.00;0.00;4.71;98.9;97.5;0.00;0.00
49138;3363;22.0;47;5.88;8400.0;0.00;0.00;4.71;98.9;97.5;0.00;0.00
49147;3362;22.0;47;5.88;8400.0;0.00;0.00;4.71;98.9;97.5;0.00;0.00
49160;3360;21.0;47;5.88;8400.0;0.00;0.00;4.71;98.9;97.5;0.00;0.00
49167;3358;21.0;47;5.88;8400.0;0.00;0.00;4.71;98.9;97.5;0.00;0.00
49179;3356;21.0;47;5.88;8400.0;0.00;0.00;4.71;98.9;97.5;0.00;0.00
49187;3354;21.0;47;5.88;8400.0;0.00;0.00;4.71;98.9;97.5;0.00;0.00
49203;3352;21.0;47;5.88;8400.0;0.00;0.00;4.71;98.9;97.5;0.00;0.00
49217;3352;21.0;47;5.88;8400.0;0.00;0.00;4.71;98.9;97.5;0.00;0.00
49228;3351;21.0;47;5.88;8400.0;0.00;0.00;4.71;98.9;97.5;0.00;0.00
49239;3351;21.0;47;5.88;8400.0;0.00;0.00;4.71;98.9;97.5;0.00;0.00
49250;3351;21.0;47;5.88;8400.0;0.00;0.00;4.71;98.9;97.5;0.00;0.00
49267;3351;21.0;47;5.88;8400.0;0.00;0.00;4.71;98.9;97.5;0.00;0.00
49279;3351;21.0;47;5.88;8400.0;0.00;0.00;4.71;98.9;97.5;0.00;0.00
49287;3351;22.0;47;5.88;8400.0;0.00;0.00;4.71;98.9;97.5;0.00;0.00
49298;3351;22.0;47;5.88;8400.0;0.00;0.00;4.71;98.9;97.5;0.00;0.00
49310;3351;22.0;47;5.88;8400.0;0.00;0.00;4.71;98.9;97.5;0.00;0.00
49318;3351;22.0;47;5.88;8400.0;0.00;0.00;4.71;98.9;97.5;0.00;0.00
49333;3351;22.0;47;5.88;8400.0;0.00;0.00;4.71;98.9;97.5;0.00;0.00
49347;3350;22.0;47;5.88;8400.0;0.00;0.00;4.71;98.9;97.5;0.00;0.00
49357;3349;22.0;47;5.88;8400.0;0.00;0.00;4.71;98.9;97.5;0.00;0.00
49368;3348;22.0;47;5.88;8400.0;0.00;0.00;4.71;98.9;97.5;0.00;0.00
49379;3347;22.0;47;5.88;8400.0;0.00;0.00;4.71;98.9;97.5;0.00;0.00
49388;3346;22.0;47;5.88;8400.0;0.00;0.00;4.71;98.9;97.5;0.00;0.00
49401;3345;22.0;47;5.88;8400.0;0.00;0.00;4.71;98.9;97.5;0.00;0.00
49417;3344;22.0;47;5.88;8400.0;0.00;0.00;4.71;98.9;97.5;0.00;0.00
49428;3343;22.0;47;5.88;8400.0;0.00;0.00;4.71;98.9;97.5;0.00;0.00
49439;3342;22.0;47;5.88;8400.0;0.00;0.00;4.71;98.9;97.5;0.00;0.00
49448;3342;22.0;47;5.88;8400.0;0.00;0.00;4.71;98.9;97.5;0.00;0.00
49466;3341;22.0;47;5.88;8400.0;0.00;0.00;4.71;98.9;97.5;0.00;0.00
49478;3340;22.0;47;5.88;8400.0;0.00;0.00;4.71;98.9;97.5;0.00;0.00
49488;3339;22.0;47;5.88;8400.0;0.00;0.00;4.71;98.9;97.5;0.00;0.00
49497;3337;22.0;47;5.88;8400.0;0.00;0.00;4.71;98.9;97.5;0.00;0.00
49508;3336;22.0;47;5.88;8400.0;0.00;0.00;4.71;98.9;98.0;0.00;0.00
49519;3335;22.0;47;5.88;8400.0;0.00;0.00;4.71;98.9;98.0;0.00;0.00
49528;3334;22.0;47;5.88;8400.0;0.00;0.00;4.71;98.9;98.0;0.00;0.00
49539;3333;22.0;47;5.88;8400.0;0.00;0.00;4.71;98.9;98.0;0.00;0.00
49549;3332;22.0;47;5.88;8400.0;0.00;0.00;4.71;98.9;98.0;0.00;0.00
49558;3331;22.0;47;5.88;8400.0;0.00;0.00;4.71;98.9;98.0;0.00;0.00
49567;3330;22.0;47;5.88;8400.0;0.00;0.00;4.71;98.9;98.0;0.00;0.00
49583;3329;22.0;47;5.88;8400.0;0.00;0.00;4.71;98.9;98.0;0.00;0.00
49599;3327;22.0;47;5.88;8400.0;0.00;0.00;4.71;98.9;98.0;0.00;0.00
49610;3325;22.0;47;5.88;8400.0;0.00;0.00;4.71;98.9;98.0;0.00;0.00
49619;3323;22.0;47;5.88;8400.0;0.00;0.00;4.71;98.9;98.0;0.00;0.00
49629;3322;22.0;47;5.88;8400.0;0.00;0.00;4.71;98.9;98.0;0.00;0.00
49638;3320;22.0;47;5.88;8400.0;0.00;0.00;4.71;98.9;98.0;0.00;0.00
49647;3318;22.0;47;5.88;8410.0;0.00;0.00;4.71;98.9;98.0;0.00;0.00
49659;3316;21.0;47;5.88;8410.0;0.00;0.00;4.71;98.9;98.0;0.00;0.00
49668;3314;21.0;47;5.88;8410.0;0.00;0.00;4.71;98.9;98.0;0.00;0.00
49680;3312;21.0;47;5.88;8420.0;0.00;0.00;4.71;98.9;98.0;0.00;0.00
49687;3310;21.0;47;5.88;8420.0;0.00;0.00;4.71;98.9;98.0;0.00;0.00
49705;3308;21.0;47;5.88;8430.0;0.00;0.00;4.71;98.9;98.0;0.00;0.00
49718;3308;21.0;47;5.88;8430.0;0.00;0.00;4.71;98.9;98.0;0.00;0.00
49727;3308;21.0;47;5.88;8430.0;0.00;0.00;4.71;98.9;98.0;0.00;0.00
49738;3308;21.0;47;5.88;8440.0;0.00;0.00;4.71;98.9;98.0;0.00;0.00
49749;3308;21.0;47;5.88;8440.0;0.00;0.00;4.71;98.9;97.5;0.00;0.00
49758;3308;21.0;47;5.88;8440.0;0.00;0.00;4.71;98.9;97.5;0.00;0.00
49767;3308;21.0;47;5.88;8440.0;0.00;0.00;4.71;98.9;97.5;0.00;0.00
49778;3308;21.0;47;5.88;8440.0;0.00;0.00;4.71;98.9;97.5;0.00;0.00
49788;3308;21.0;47;5.88;8440.0;0.00;0.00;4.71;98.9;97.5;0.00;0.00
49798;3308;21.0;47;5.88;8440.0;0.00;0.00;4.71;98.9;97.5;0.00;0.00
49807;3308;21.0;47;5.88;8440.0;0.00;0.00;4.71;98.9;97.5;0.00;0.00
49825;3308;21.0;47;5.88;8440.0;0.00;0.00;4.71;98.9;97.5;0.00;0.00
49838;3307;21.0;47;5.88;8440.0;0.00;0.00;4.71;98.9;97.5;0.00;0.00
49847;3306;21.0;47;5.88;8440.0;0.00;0.00;4.71;98.9;97.5;0.00;0.00
49858;3305;21.0;47;5.88;8440.0;0.00;0.00;4.71;98.9;97.5;0.00;0.00
49867;3304;21.0;47;5.88;8440.0;0.00;0.00;4.71;98.9;97.5;0.00;0.00
49879;3303;21.0;47;5.88;8440.0;0.00;0.00;4.71;98.9;97.5;0.00;0.00
49888;3301;21.0;47;5.88;8440.0;0.00;0.00;4.71;98.9;97.5;0.00;0.00
49897;3300;21.0;47;5.88;8440.0;0.00;0.00;4.71;98.9;97.5;0.00;0.00
49909;3299;21.0;47;5.88;8440.0;0.00;0.00;4.71;98.9;97.5;0.00;0.00
49918;3298;21.0;47;5.88;8440.0;0.00;0.00;4.71;98.9;97.5;0.00;0.00
49929;3297;21.0;47;5.88;8440.0;0.00;0.00;4.71;98.9;97.5;0.00;0.00
49945;3296;21.0;47;5.88;8440.0;0.00;0.00;4.71;98.9;97.5;0.00;0.00
49957;3295;21.0;47;5.88;8440.0;0.00;0.00;4.71;98.9;97.5;0.00;0.00
49968;3294;21.0;47;5.88;8440.0;0.00;0.00;4.71;98.9;97.5;0.00;0.00
49978;3294;21.0;47;5.88;8440.0;0.00;0.00;4.71;98.9;97.5;0.00;0.00
49990;3293;21.0;47;5.88;8440.0;0.00;0.00;4.71;98.9;97.5;0.00;0.00
49998;3292;21.0;47;5.88;8440.0;0.00;0.00;4.71;98.9;97.5;0.00;0.00
50010;3292;21.0;47;5.88;8440.0;0.00;0.00;4.71;98.9;97.5;0.00;0.00
50018;3291;21.0;47;5.88;8440.0;0.00;0.00;4.71;98.9;97.5;0.00;0.00
50027;3291;21.0;47;5.88;8440.0;0.00;0.00;4.71;98.9;97.5;0.00;0.00
50042;3290;21.0;47;5.88;8440.0;0.00;0.00;4.71;98.9;97.5;0.00;0.00
50059;3289;21.0;47;5.88;8440.0;0.00;0.00;4.71;98.9;97.5;0.00;0.00
50075;3289;21.0;47;5.88;8440.0;0.00;0.00;4.71;98.9;97.5;0.00;0.00
50088;3288;21.0;47;5.88;8440.0;0.00;0.00;4.71;98.9;97.5;0.00;0.00
50098;3286;21.0;47;5.88;8440.0;0.00;0.00;4.71;98.9;97.5;0.00;0.00
50109;3285;21.0;47;5.88;8440.0;0.00;0.00;4.71;98.9;97.5;0.00;0.00
50119;3284;21.0;47;5.88;8440.0;0.00;0.00;4.71;98.9;97.5;0.00;0.00
50127;3283;21.0;47;5.88;8440.0;0.00;0.00;4.71;98.9;97.5;0.00;0.00
50139;3282;21.0;47;5.88;8440.0;0.00;0.00;4.71;98.9;97.5;0.00;0.00
50149;3281;22.0;47;5.88;8440.0;0.00;0.00;4.71;98.9;97.5;0.00;0.00
50161;3280;22.0;47;5.88;8440.0;0.00;0.00;4.71;98.9;97.5;0.00;0.00
50178;3279;22.0;47;5.88;8440.0;0.00;0.00;4.71;98.9;97.5;0.00;0.00
50190;3277;22.0;47;5.88;8440.0;0.00;0.00;4.71;98.9;97.5;0.00;0.00
50203;3276;22.0;47;5.88;8440.0;0.00;0.00;4.71;98.9;97.5;0.00;0.00
50220;3276;22.0;47;5.88;8440.0;0.00;0.00;4.71;98.9;97.5;0.00;0.00
50229;3275;22.0;47;5.88;8440.0;0.00;0.00;4.71;98.9;97.5;0.00;0.00
50239;3274;22.0;47;5.88;8440.0;0.00;0.00;4.71;98.9;97.5;0.00;0.00
50248;3273;22.0;47;5.88;8440.0;0.00;0.00;4.71;98.9;98.0;0.00;0.00
50261;3273;22.0;47;5.88;8440.0;0.00;0.00;4.71;98.9;98.0;0.00;0.00
50278;3272;22.0;47;5.88;8440.0;0.00;0.00;4.71;98.9;98.0;0.00;0.00
50289;3271;21.0;47;5.88;8440.0;0.00;0.00;4.71;98.9;98.0;0.00;0.00
50299;3270;21.0;47;5.88;8440.0;0.00;0.00;4.71;98.9;98.0;0.00;0.00
50309;3270;21.0;47;5.88;8440.0;0.00;0.00;4.71;98.9;98.0;0.00;0.00
50318;3269;21.0;47;5.88;8440.0;0.00;0.00;4.71;98.9;98.0;0.00;0.00
50333;3268;21.0;47;5.88;8440.0;0.00;0.00;4.71;98.9;98.0;0.00;0.00
50349;3267;21.0;47;5.88;8440.0;0.00;0.00;4.71;98.9;98.0;0.00;0.00
50358;3266;21.0;47;5.88;8440.0;0.00;0.00;4.71;98.9;98.0;0.00;0.00
50369;3265;21.0;47;5.88;8440.0;0.00;0.00;4.71;98.9;98.0;0.00;0.00
50377;3264;21.0;47;5.88;8440.0;0.00;0.00;4.71;98.9;97.5;0.00;0.00
50389;3262;21.0;47;5.88;8440.0;0.00;0.00;4.71;98.9;97.5;0.00;0.00
50402;3261;21.0;47;5.88;8440.0;0.00;0.00;4.71;98.9;97.5;0.00;0.00
50417;3260;21.0;47;5.88;8440.0;0.00;0.00;4.71;98.9;97.5;0.00;0.00
50427;3259;21.0;47;5.88;8440.0;0.00;0.00;4.71;98.9;97.5;0.00;0.00
50437;3258;21.0;47;5.49;8440.0;0.00;0.00;4.71;98.9;97.5;0.00;0.00
50448;3257;21.0;47;5.49;8440.0;0.00;0.00;4.71;98.9;97.5;0.00;0.00
50465;3256;21.0;47;5.49;8440.0;0.00;0.00;4.71;98.9;97.5;0.00;0.00
50480;3254;21.0;47;5.49;8440.0;0.00;0.00;4.71;98.9;97.5;0.00;0.00
50490;3252;21.0;47;5.49;8440.0;0.00;0.00;4.71;98.9;97.5;0.00;0.00
50498;3250;21.0;47;5.49;8440.0;0.00;0.00;4.71;98.9;97.5;0.00;0.00
50510;3248;21.0;47;5.49;8440.0;0.00;0.00;4.71;98.9;97.5;0.00;0.00
50520;3246;21.0;47;5.49;8440.0;0.00;0.00;4.71;98.9;97.5;0.00;0.00
50528;3244;21.0;47;5.49;8440.0;0.00;0.00;4.71;98.9;97.5;0.00;0.00
50540;3243;21.0;47;5.49;8440.0;0.00;0.00;4.71;98.9;97.5;0.00;0.00
50548;3241;21.0;47;5.49;8440.0;0.00;0.00;4.71;98.9;97.5;0.00;0.00
50559;3239;21.0;47;5.88;8440.0;0.00;0.00;4.71;98.9;97.5;0.00;0.00
50570;3237;21.0;47;5.88;8440.0;0.00;0.00;4.71;98.9;97.5;0.00;0.00
50585;3235;21.0;47;5.88;8440.0;0.00;0.00;4.71;98.9;97.5;0.00;0.00
50602;3234;21.0;47;5.88;8440.0;0.00;0.00;4.71;98.9;97.5;0.00;0.00
50619;3234;21.0;47;5.88;8440.0;0.00;0.00;4.71;98.9;97.5;0.00;0.00
50630;3233;21.0;47;5.88;8440.0;0.00;0.00;4.71;98.9;97.5;0.00;0.00
50649;3232;21.0;47;5.88;8440.0;0.00;0.00;4.71;98.9;97.5;0.00;0.00
50664;3231;21.0;47;5.88;8440.0;0.00;0.00;4.71;98.9;97.5;0.00;0.00
50677;3231;21.0;47;5.88;8440.0;0.00;0.00;4.71;98.9;97.5;0.00;0.00
50689;3230;21.0;47;5.88;8440.0;0.00;0.00;4.71;98.9;97.5;0.00;0.00
50703;3229;21.0;47;5.88;8440.0;0.00;0.00;4.71;98.9;97.5;0.00;0.00
50719;3229;21.0;47;5.49;8440.0;0.00;0.00;4.71;98.9;97.5;0.00;0.00
50727;3228;21.0;47;5.49;8440.0;0.00;0.00;4.71;98.9;97.5;0.00;0.00
50745;3227;21.0;47;5.49;8440.0;0.00;0.00;4.71;98.9;97.5;0.00;0.00
50759;3226;21.0;47;5.49;8440.0;0.00;0.00;4.71;98.9;97.5;0.00;0.00
50768;3225;21.0;47;5.49;8440.0;0.00;0.00;4.71;98.9;97.5;0.00;0.00
50781;3225;21.0;47;5.49;8440.0;0.00;0.00;4.71;98.9;97.5;0.00;0.00
50803;3224;21.0;47;5.49;8440.0;0.00;0.00;4.71;98.9;97.5;0.00;0.00
50820;3223;21.0;47;5.49;8440.0;0.00;0.00;4.71;98.9;97.5;0.00;0.00
50829;3222;21.0;47;5.49;8440.0;0.00;0.00;4.71;98.9;97.5;0.00;0.00
50837;3221;21.0;47;5.49;8440.0;0.00;0.00;4.71;98.9;97.5;0.00;0.00
50850;3221;21.0;47;5.49;8440.0;0.00;0.00;4.71;98.9;97.5;0.00;0.00
50861;3220;21.0;47;5.49;8440.0;0.00;0.00;4.71;98.9;97.5;0.00;0.00
50880;3219;21.0;47;5.49;8440.0;0.00;0.00;4.71;98.9;97.5;0.00;0.00
50906;3218;21.0;47;5.49;8440.0;0.00;0.00;4.71;98.9;97.5;0.00;0.00
50920;3217;21.0;47;5.49;8440.0;0.00;0.00;4.71;98.9;97.5;0.00;0.00
50931;3216;21.0;47;5.49;8440.0;0.00;0.00;4.71;98.9;97.5;0.00;0.00
50948;3214;21.0;47;5.49;8440.0;0.00;0.00;4.71;98.9;97.5;0.00;0.00
50961;3213;21.0;47;5.49;8440.0;0.00;0.00;4.71;98.9;97.5;0.00;0.00
50979;3212;21.0;47;5.49;8440.0;0.00;0.00;4.71;98.9;97.5;0.00;0.00
50989;3211;21.0;47;5.49;8440.0;0.00;0.00;4.71;98.9;97.5;0.00;0.00
50998;3209;21.0;47;5.49;8440.0;0.00;0.00;4.71;98.9;97.5;0.00;0.00
51009;3208;21.0;47;5.49;8440.0;0.00;0.00;4.71;98.9;97.5;0.00;0.00
51019;3207;21.0;47;5.49;8440.0;0.00;0.00;4.71;98.9;97.5;0.00;0.00
51029;3206;21.0;47;5.49;8440.0;0.00;0.00;4.71;98.9;97.5;0.00;0.00
51045;3204;21.0;47;5.49;8440.0;0.00;0.00;4.71;98.9;97.5;0.00;0.00
51061;3203;21.0;47;5.49;8440.0;0.00;0.00;4.71;98.9;97.5;0.00;0.00
51079;3202;21.0;47;5.49;8440.0;0.00;0.00;4.71;98.9;97.5;0.00;0.00
51090;3200;21.0;47;5.49;8440.0;0.00;0.00;4.71;98.9;97.5;0.00;0.00
51102;3199;21.0;47;5.49;8440.0;0.00;0.00;4.71;98.9;98.0;0.00;0.00
51120;3197;21.0;47;5.49;8440.0;0.00;0.00;4.71;98.9;98.0;0.00;0.00
51129;3196;21.0;47;5.49;8440.0;0.00;0.00;4.71;98.9;98.0;0.00;0.00
51139;3195;21.0;47;5.49;8440.0;0.00;0.00;4.71;98.9;98.0;0.00;0.00
51148;3193;21.0;47;5.49;8440.0;0.00;0.00;4.71;98.9;98.0;0.00;0.00
51161;3192;21.0;47;5.49;8440.0;0.00;0.00;4.71;98.9;98.0;0.00;0.00
51179;3190;21.0;47;5.49;8440.0;0.00;0.00;4.71;98.9;98.0;0.00;0.00
51194;3189;21.0;47;5.49;8440.0;0.00;0.00;4.71;98.9;98.0;0.00;0.00
51208;3187;21.0;47;5.49;8440.0;0.00;0.00;4.71;98.9;98.0;0.00;0.00
51219;3186;21.0;47;5.49;8440.0;0.00;0.00;4.71;98.9;98.0;0.00;0.00
51229;3184;21.0;47;5.49;8440.0;0.00;0.00;4.71;98.9;98.0;0.00;0.00
51239;3183;21.0;47;5.49;8440.0;0.00;0.00;4.71;98.9;98.0;0.00;0.00
51249;3181;21.0;47;5.49;8440.0;0.00;0.00;4.71;98.9;98.0;0.00;0.00
51261;3179;21.0;47;5.49;8440.0;0.00;0.00;4.71;98.9;98.0;0.00;0.00
51279;3178;21.0;47;5.49;8440.0;0.00;0.00;4.71;98.9;98.0;0.00;0.00
51288;3176;21.0;47;5.49;8440.0;0.00;0.00;4.71;98.9;98.0;0.00;0.00
51303;3175;21.0;47;5.49;8440.0;0.00;0.00;4.71;98.9;98.0;0.00;0.00
51318;3173;21.0;47;5.49;8440.0;0.00;0.00;4.71;98.9;98.0;0.00;0.00
51336;3171;21.0;47;5.49;8440.0;0.00;0.00;4.71;98.9;98.0;0.00;0.00
51350;3171;21.0;47;5.49;8440.0;0.00;0.00;4.71;98.9;98.0;0.00;0.00
51361;3171;21.0;47;5.49;8440.0;0.00;0.00;4.71;98.9;98.0;0.00;0.00
51380;3171;21.0;47;5.49;8440.0;0.00;0.00;4.71;98.9;98.0;0.00;0.00
51388;3170;21.0;47;5.49;8440.0;0.00;0.00;4.71;98.9;97.5;0.00;0.00
51402;3170;21.0;47;5.49;8440.0;0.00;0.00;4.71;98.9;97.5;0.00;0.00
51419;3170;21.0;47;5.49;8440.0;0.00;0.00;4.71;98.9;97.5;0.00;0.00
51430;3170;21.0;47;5.49;8440.0;0.00;0.00;4.71;98.9;97.5;0.00;0.00
51438;3169;21.0;47;5.49;8440.0;0.00;0.00;4.71;98.9;97.5;0.00;0.00
51448;3169;21.0;47;5.49;8440.0;0.00;0.00;4.71;98.9;97.5;0.00;0.00
51460;3169;21.0;47;5.49;8440.0;0.00;0.00;4.71;98.9;97.5;0.00;0.00
51474;3169;21.0;47;5.49;8440.0;0.00;0.00;4.71;98.9;97.5;0.00;0.00
51489;3168;21.0;47;5.49;8440.0;0.00;0.00;4.71;98.9;97.5;0.00;0.00
51501;3167;21.0;47;5.49;8440.0;0.00;0.00;4.71;98.9;97.5;0.00;0.00
51519;3167;21.0;47;5.49;8440.0;0.00;0.00;4.71;98.9;97.5;0.00;0.00
51528;3166;21.0;47;5.49;8440.0;0.00;0.00;4.71;98.9;98.0;0.00;0.00
51540;3165;21.0;47;5.49;8440.0;0.00;0.00;4.71;98.9;98.0;0.00;0.00
51548;3164;21.0;47;5.49;8440.0;0.00;0.00;4.71;98.9;98.0;0.00;0.00
51560;3164;21.0;47;5.49;8440.0;0.00;0.00;4.71;98.9;98.0;0.00;0.00
51569;3163;21.0;47;5.49;8440.0;0.00;0.00;4.71;98.9;98.0;0.00;0.00
51578;3162;21.0;47;5.49;8440.0;0.00;0.00;4.71;98.9;98.0;0.00;0.00
51588;3162;21.0;47;5.49;8440.0;0.00;0.00;4.71;98.9;98.0;0.00;0.00
51604;3161;21.0;47;5.49;8440.0;0.00;0.00;4.71;98.9;98.0;0.00;0.00
51618;3159;21.0;47;5.49;8440.0;0.00;0.00;4.71;98.9;98.0;0.00;0.00
51629;3158;21.0;47;5.49;8440.0;0.00;0.00;4.71;98.9;98.0;0.00;0.00
51638;3156;21.0;47;5.49;8440.0;0.00;0.00;4.71;98.9;98.0;0.00;0.00
51650;3155;21.0;47;5.49;8440.0;0.00;0.00;4.71;98.9;98.0;0.00;0.00
51662;3153;21.0;47;5.49;8440.0;0.00;0.00;4.71;98.9;98.0;0.00;0.00
51678;3152;21.0;47;5.49;8440.0;0.00;0.00;4.71;98.9;98.0;0.00;0.00
51691;3150;21.0;47;5.49;8440.0;0.00;0.00;4.71;98.9;98.0;0.00;0.00
51708;3149;21.0;47;5.49;8440.0;0.00;0.00;4.71;98.9;98.0;0.00;0.00
51719;3147;21.0;47;5.49;8440.0;0.00;0.00;4.71;98.9;98.0;0.00;0.00
51728;3146;21.0;47;5.49;8440.0;0.00;0.00;4.71;98.9;98.0;0.00;0.00
51742;3144;21.0;47;5.49;8440.0;0.00;0.00;4.71;98.9;98.0;0.00;0.00
51761;3142;21.0;47;5.49;8440.0;0.00;0.00;4.71;98.9;98.0;0.00;0.00
51780;3141;21.0;47;5.49;8440.0;0.00;0.00;4.71;98.9;98.0;0.00;0.00
51788;3139;21.0;47;5.49;8440.0;0.00;0.00;4.71;98.9;98.0;0.00;0.00
51798;3137;21.0;47;5.49;8440.0;0.00;0.00;4.71;98.9;97.5;0.00;0.00
51810;3135;21.0;47;5.49;8440.0;0.00;0.00;4.71;98.9;97.5;0.00;0.00
51819;3133;21.0;47;5.49;8440.0;0.00;0.00;4.71;98.9;97.5;0.00;0.00
51830;3131;21.0;47;5.49;8440.0;0.00;0.00;4.71;98.9;97.5;0.00;0.00
51848;3129;21.0;47;5.49;8440.0;0.00;0.00;4.71;98.9;97.5;0.00;0.00
51861;3127;21.0;47;5.49;8440.0;0.00;0.00;4.71;98.9;97.5;0.00;0.00
51880;3125;21.0;47;5.49;8440.0;0.00;0.00;4.71;98.9;97.5;0.00;0.00
51904;3123;21.0;47;5.49;8440.0;0.00;0.00;4.71;98.9;97.5;0.00;0.00
51919;3122;21.0;47;5.49;8440.0;0.00;0.00;4.71;98.9;97.5;0.00;0.00
51929;3121;21.0;47;5.49;8440.0;0.00;0.00;4.71;98.9;97.5;0.00;0.00
51939;3120;21.0;47;5.49;8440.0;0.00;0.00;4.71;98.9;97.5;0.00;0.00
51951;3119;21.0;47;5.49;8440.0;0.00;0.00;4.71;98.9;97.5;0.00;0.00
51969;3118;21.0;47;5.49;8440.0;0.00;0.00;4.71;98.9;97.5;0.00;0.00
51981;3117;21.0;47;5.49;8440.0;0.00;0.00;4.71;98.9;97.5;0.00;0.00
52001;3116;21.0;47;5.49;8440.0;0.00;0.00;4.71;98.9;97.5;0.00;0.00
52018;3115;21.0;47;5.49;8440.0;0.00;0.00;4.71;98.9;97.5;0.00;0.00
52030;3114;21.0;47;5.49;8440.0;0.00;0.00;4.71;98.9;97.5;0.00;0.00
52039;3113;21.0;47;5.49;8440.0;0.00;0.00;4.71;98.9;97.5;0.00;0.00
52054;3112;21.0;47;5.49;8440.0;0.00;0.00;4.71;98.9;97.5;0.00;0.00
52070;3111;21.0;47;5.49;8440.0;0.00;0.00;4.71;98.9;97.5;0.00;0.00
52079;3110;21.0;47;5.49;8440.0;0.00;0.00;4.71;98.9;97.5;0.00;0.00
52089;3109;21.0;47;5.49;8440.0;0.00;0.00;4.71;98.9;97.5;0.00;0.00
52101;3107;21.0;47;5.49;8440.0;0.00;0.00;4.71;98.9;97.5;0.00;0.00
52120;3106;21.0;47;5.49;8440.0;0.00;0.00;4.71;98.9;97.5;0.00;0.00
52130;3105;21.0;47;5.49;8450.0;0.00;0.00;4.71;98.9;97.5;0.00;0.00
52139;3104;21.0;47;5.49;8450.0;0.00;0.00;4.71;98.9;97.5;0.00;0.00
52148;3102;21.0;47;5.49;8450.0;0.00;0.00;4.71;98.9;97.5;0.00;0.00
52161;3101;21.0;47;5.49;8450.0;0.00;0.00;4.71;98.9;97.5;0.00;0.00
52180;3100;21.0;47;5.49;8460.0;0.00;0.00;4.71;98.9;97.5;0.00;0.00
52192;3099;21.0;47;5.49;8460.0;0.00;0.00;4.71;98.9;97.5;0.00;0.00
52210;3098;21.0;47;5.49;8460.0;0.00;0.00;4.71;98.9;97.5;0.00;0.00
52220;3098;21.0;47;5.49;8460.0;0.00;0.00;4.71;98.9;97.5;0.00;0.00
52229;3098;21.0;47;5.49;8470.0;0.00;0.00;4.71;98.9;97.5;0.00;0.00
52240;3098;21.0;47;5.49;8470.0;0.00;0.00;4.71;98.9;98.0;0.00;0.00
52249;3098;21.0;47;5.49;8470.0;0.00;0.00;4.71;98.9;98.0;0.00;0.00
52260;3098;21.0;47;5.49;8470.0;0.00;0.00;4.71;98.9;98.0;0.00;0.00
52270;3098;21.0;47;5.49;8470.0;0.00;0.00;4.71;98.9;98.0;0.00;0.00
52281;3097;21.0;47;5.49;8470.0;0.00;0.00;4.71;98.9;98.0;0.00;0.00
52299;3097;21.0;47;5.49;8470.0;0.00;0.00;4.71;98.9;98.0;0.00;0.00
52310;3097;21.0;47;5.49;8470.0;0.00;0.00;4.71;98.9;98.0;0.00;0.00
52332;3097;21.0;47;5.49;8470.0;0.00;0.00;4.71;98.9;98.0;0.00;0.00
52350;3096;21.0;47;5.49;8470.0;0.00;0.00;4.71;98.9;98.0;0.00;0.00
52361;3094;21.0;47;5.49;8470.0;0.00;0.00;4.71;98.9;98.0;0.00;0.00
52381;3093;21.0;47;5.49;8470.0;0.00;0.00;4.71;98.9;98.0;0.00;0.00
52401;3092;21.0;47;5.49;8470.0;0.00;0.00;4.71;98.9;98.0;0.00;0.00
52419;3090;21.0;47;5.49;8470.0;0.00;0.00;4.71;98.9;98.0;0.00;0.00
52430;3089;21.0;47;5.49;8470.0;0.00;0.00;4.71;98.9;98.0;0.00;0.00
52439;3088;21.0;47;5.49;8470.0;0.00;0.00;4.71;98.9;98.0;0.00;0.00
52448;3087;21.0;47;5.49;8470.0;0.00;0.00;4.71;98.9;98.0;0.00;0.00
52462;3085;21.0;47;5.49;8470.0;0.00;0.00;4.71;98.9;98.0;0.00;0.00
52479;3084;21.0;47;5.49;8470.0;0.00;0.00;4.71;98.9;98.0;0.00;0.00
52494;3083;21.0;47;5.49;8470.0;0.00;0.00;4.71;98.9;98.0;0.00;0.00
52510;3082;21.0;47;5.49;8470.0;0.00;0.00;4.71;98.9;98.0;0.00;0.00
52518;3081;21.0;47;5.49;8470.0;0.00;0.00;4.71;98.9;98.0;0.00;0.00
52529;3079;21.0;47;5.49;8470.0;0.00;0.00;4.71;98.9;98.0;0.00;0.00
52540;3078;21.0;47;5.49;8470.0;0.00;0.00;4.71;98.9;98.0;0.00;0.00
52549;3077;21.0;47;5.49;8470.0;0.00;0.00;4.71;98.9;98.0;0.00;0.00
52560;3076;21.0;47;5.49;8470.0;0.00;0.00;4.71;98.9;98.0;0.00;0.00
52570;3075;22.0;47;5.49;8470.0;0.00;0.00;4.71;98.9;98.0;0.00;0.00
52581;3074;22.0;47;5.49;8470.0;0.00;0.00;4.71;98.9;98.0;0.00;0.00
52599;3073;22.0;47;5.49;8470.0;0.00;0.00;4.71;98.9;98.0;0.00;0.00
52610;3072;22.0;47;5.49;8470.0;0.00;0.00;4.71;98.9;98.0;0.00;0.00
52633;3071;22.0;47;5.49;8470.0;0.00;0.00;4.71;98.9;98.0;0.00;0.00
52648;3069;22.0;47;5.49;8470.0;0.00;0.00;4.71;98.9;98.0;0.00;0.00
52662;3067;22.0;47;5.49;8470.0;0.00;0.00;4.71;98.9;98.0;0.00;0.00
52679;3066;22.0;47;5.49;8470.0;0.00;0.00;4.71;98.9;98.0;0.00;0.00
52688;3064;22.0;47;5.49;8470.0;0.00;0.00;4.71;98.9;97.5;0.00;0.00
52697;3062;22.0;47;5.49;8470.0;0.00;0.00;4.71;98.9;97.5;0.00;0.00
52708;3060;22.0;47;5.49;8470.0;0.00;0.00;4.71;98.9;97.5;0.00;0.00
52720;3058;21.0;47;5.49;8470.0;0.00;0.00;4.71;98.9;97.5;0.00;0.00
52731;3056;21.0;47;5.49;8470.0;0.00;0.00;4.71;98.9;97.5;0.00;0.00
52751;3054;21.0;47;5.49;8470.0;0.00;0.00;4.71;98.9;97.5;0.00;0.00
52772;3052;21.0;47;5.49;8470.0;0.00;0.00;4.71;98.9;97.5;0.00;0.00
52794;3051;21.0;47;5.49;8470.0;0.00;0.00;4.71;98.9;97.5;0.00;0.00
52810;3050;21.0;47;5.49;8470.0;0.00;0.00;4.71;98.9;97.5;0.00;0.00
52818;3049;21.0;47;5.49;8470.0;0.00;0.00;4.71;98.9;97.5;0.00;0.00
52831;3049;21.0;47;5.49;8470.0;0.00;0.00;4.71;98.9;97.5;0.00;0.00
52847;3048;21.0;47;5.49;8470.0;0.00;0.00;4.71;98.9;98.0;0.00;0.00
52859;3048;21.0;47;5.49;8470.0;0.00;0.00;4.71;98.9;98.0;0.00;0.00
52868;3047;21.0;47;5.49;8470.0;0.00;0.00;4.71;98.9;98.0;0.00;0.00
52879;3046;21.0;47;5.49;8470.0;0.00;0.00;4.71;98.9;98.0;0.00;0.00
52887;3046;21.0;47;5.49;8470.0;0.00;0.00;4.71;98.9;98.0;0.00;0.00
52899;3045;21.0;47;5.49;8470.0;0.00;0.00;4.71;98.9;98.0;0.00;0.00
52909;3044;21.0;47;5.49;8470.0;0.00;0.00;4.71;98.9;98.0;0.00;0.00
52923;3044;21.0;47;5.49;8470.0;0.00;0.00;4.71;98.9;98.0;0.00;0.00
52938;3043;21.0;47;5.49;8470.0;0.00;0.00;4.71;98.9;98.0;0.00;0.00
52948;3042;21.0;47;5.49;8470.0;0.00;0.00;4.71;98.9;98.0;0.00;0.00
52957;3041;21.0;47;5.49;8470.0;0.00;0.00;4.71;98.9;98.0;0.00;0.00
52968;3040;21.0;47;5.49;8470.0;0.00;0.00;4.71;98.9;98.0;0.00;0.00
52980;3039;21.0;47;5.49;8470.0;0.00;0.00;4.71;98.9;98.0;0.00;0.00
52987;3038;21.0;47;5.49;8470.0;0.00;0.00;4.71;98.9;98.0;0.00;0.00
52997;3037;22.0;47;5.49;8470.0;0.00;0.00;4.71;98.9;98.0;0.00;0.00
53010;3036;22.0;47;5.49;8470.0;0.00;0.00;4.71;98.9;98.0;0.00;0.00
53020;3035;22.0;47;5.49;8470.0;0.00;0.00;4.71;98.9;98.0;0.00;0.00
53029;3034;22.0;47;5.49;8470.0;0.00;0.00;4.71;98.9;98.0;0.00;0.00
53044;3033;22.0;47;5.49;8470.0;0.00;0.00;4.71;98.9;98.0;0.00;0.00
53061;3032;22.0;47;5.49;8470.0;0.00;0.00;4.71;98.9;98.0;0.00;0.00
53079;3031;22.0;47;5.49;8470.0;0.00;0.00;5.10;98.9;98.0;0.00;0.00
53088;3030;22.0;47;5.49;8470.0;0.00;0.00;5.10;98.9;98.0;0.00;0.00
53098;3029;22.0;47;5.49;8470.0;0.00;0.00;5.10;98.9;98.0;0.00;0.00
53108;3028;22.0;47;5.49;8470.0;0.00;0.00;5.10;98.9;98.0;0.00;0.00
53117;3026;22.0;47;5.49;8470.0;0.00;0.00;5.10;98.9;98.0;0.00;0.00
53129;3025;22.0;47;5.49;8470.0;0.00;0.00;5.10;98.9;98.0;0.00;0.00
53137;3024;22.0;47;5.49;8470.0;0.00;0.00;5.10;98.9;98.0;0.00;0.00
53149;3023;22.0;47;5.49;8470.0;0.00;0.00;5.10;98.9;98.0;0.00;0.00
53157;3022;22.0;47;5.49;8470.0;0.00;0.00;5.10;98.9;98.0;0.00;0.00
53174;3021;22.0;47;5.49;8470.0;0.00;0.00;5.10;98.9;98.0;0.00;0.00
53187;3020;22.0;47;5.49;8470.0;0.00;0.00;5.10;98.9;98.0;0.00;0.00
53197;3020;22.0;47;5.49;8470.0;0.00;0.00;5.10;98.9;98.0;0.00;0.00
53211;3019;22.0;47;5.49;8470.0;0.00;0.00;5.10;98.9;98.0;0.00;0.00
53229;3019;22.0;47;5.49;8470.0;0.00;0.00;5.10;98.9;98.0;0.00;0.00
53238;3019;22.0;47;5.49;8470.0;0.00;0.00;5.10;98.9;98.0;0.00;0.00
53248;3018;22.0;47;5.49;8470.0;0.00;0.00;5.10;98.9;98.0;0.00;0.00
53260;3018;22.0;47;5.49;8470.0;0.00;0.00;5.10;98.9;98.0;0.00;0.00
53268;3018;22.0;47;5.49;8470.0;0.00;0.00;5.10;98.9;98.0;0.00;0.00
53277;3017;22.0;47;5.49;8470.0;0.00;0.00;5.10;98.9;98.0;0.00;0.00
53288;3017;22.0;47;5.49;8470.0;0.00;0.00;5.10;98.9;98.0;0.00;0.00
53303;3016;22.0;47;5.49;8470.0;0.00;0.00;5.10;98.9;98.0;0.00;0.00
53319;3015;22.0;47;5.49;8470.0;0.00;0.00;5.10;98.9;98.0;0.00;0.00
53329;3013;22.0;47;5.49;8470.0;0.00;0.00;5.10;98.9;98.0;0.00;0.00
53338;3011;22.0;47;5.49;8470.0;0.00;0.00;5.10;98.9;98.0;0.00;0.00
53348;3010;22.0;47;5.49;8470.0;0.00;0.00;5.10;98.9;98.0;0.00;0.00
53362;3008;22.0;47;5.49;8470.0;0.00;0.00;5.10;98.9;98.0;0.00;0.00
53377;3007;22.0;47;5.49;8470.0;0.00;0.00;5.10;98.9;98.0;0.00;0.00
53387;3005;21.0;47;5.49;8470.0;0.00;0.00;5.10;98.9;98.0;0.00;0.00
53404;3003;21.0;47;5.49;8470.0;0.00;0.00;5.10;98.9;98.0;0.00;0.00
53418;3002;21.0;47;5.49;8470.0;0.00;0.00;5.10;98.9;98.0;0.00;0.00
53428;3000;21.0;47;5.49;8470.0;0.00;0.00;5.10;98.9;98.0;0.00;0.00
53443;2998;21.0;47;5.49;8470.0;0.00;0.00;5.10;98.9;98.0;0.00;0.00
53462;2998;21.0;47;5.49;8470.0;0.00;0.00;5.10;98.9;98.0;0.00;0.00
53479;2997;21.0;47;5.49;8470.0;0.00;0.00;5.10;98.9;98.0;0.00;0.00
53490;2996;21.0;47;5.49;8470.0;0.00;0.00;5.10;98.9;98.0;0.00;0.00
53499;2995;21.0;47;5.49;8470.0;0.00;0.00;5.10;98.9;98.0;0.00;0.00
53508;2994;21.0;47;5.49;8470.0;0.00;0.00;5.10;98.9;98.0;0.00;0.00
53518;2993;21.0;47;5.49;8470.0;0.00;0.00;5.10;98.9;98.0;0.00;0.00
53530;2993;22.0;47;5.49;8470.0;0.00;0.00;5.10;98.9;98.0;0.00;0.00
53538;2992;22.0;47;5.49;8470.0;0.00;0.00;5.10;98.9;98.0;0.00;0.00
53549;2991;22.0;47;5.49;8470.0;0.00;0.00;5.10;98.9;98.0;0.00;0.00
53561;2990;22.0;47;5.49;8470.0;0.00;0.00;5.10;98.9;98.0;0.00;0.00
53584;2989;22.0;47;5.49;8470.0;0.00;0.00;5.10;98.9;98.0;0.00;0.00
53598;2989;22.0;47;5.49;8470.0;0.00;0.00;5.10;98.9;98.0;0.00;0.00
53610;2988;22.0;47;5.49;8470.0;0.00;0.00;5.10;98.9;98.0;0.00;0.00
53621;2987;22.0;47;5.49;8470.0;0.00;0.00;5.10;98.9;98.0;0.00;0.00
53637;2986;22.0;47;5.49;8470.0;0.00;0.00;5.10;98.9;97.5;0.00;0.00
53648;2985;22.0;47;5.49;8470.0;0.00;0.00;5.10;98.9;97.5;0.00;0.00
53657;2985;22.0;47;5.49;8470.0;0.00;0.00;5.10;98.9;97.5;0.00;0.00
53669;2984;22.0;47;5.49;8470.0;0.00;0.00;5.10;98.9;97.5;0.00;0.00
53677;2983;22.0;47;5.49;8470.0;0.00;0.00;5.10;98.9;97.5;0.00;0.00
53689;2982;22.0;47;5.49;8470.0;0.00;0.00;5.10;98.9;97.5;0.00;0.00
53698;2981;22.0;47;5.49;8470.0;0.00;0.00;5.10;98.9;97.5;0.00;0.00
53714;2981;22.0;47;5.49;8470.0;0.00;0.00;5.10;98.9;97.5;0.00;0.00
53728;2987;22.0;47;5.49;8470.0;0.00;0.00;5.10;98.9;97.5;0.00;0.00
53737;2992;22.0;47;5.49;8470.0;0.00;0.00;5.49;98.9;97.5;0.00;0.00
53747;2998;22.0;47;5.49;8470.0;0.00;0.00;5.49;98.9;97.5;0.00;0.00
53762;3004;22.0;47;5.49;8470.0;0.00;0.00;5.49;98.9;97.0;0.00;0.00
53779;3010;22.0;47;5.88;8470.0;0.00;0.00;5.49;98.9;97.0;0.00;0.00
53789;3016;22.0;47;5.88;8470.0;0.00;0.00;5.49;98.9;97.0;0.00;0.00
53800;3022;22.0;47;5.88;8470.0;0.00;0.00;5.49;98.9;97.0;0.00;0.00
53809;3028;22.0;47;5.88;8470.0;0.00;0.00;5.49;98.9;97.0;0.00;0.00
53818;3034;22.0;47;6.27;8470.0;0.00;0.00;5.49;98.9;97.0;0.00;0.00
53829;3040;22.0;47;6.27;8470.0;0.00;0.00;5.49;98.9;97.0;0.00;100.00
53845;3046;22.0;47;6.27;8470.0;0.00;0.00;5.49;98.9;96.5;0.00;100.00
53858;3044;22.0;47;6.27;8470.0;0.00;0.00;5.49;98.9;96.5;0.00;100.00
53868;3042;22.0;47;6.67;8470.0;0.00;0.00;5.88;98.9;96.0;0.00;100.00
53878;3040;22.0;47;6.67;8470.0;0.00;0.00;5.88;98.9;96.0;0.00;100.00
53887;3039;22.0;47;6.67;8470.0;0.00;0.00;5.88;98.9;95.5;0.00;100.00
53898;3037;22.0;47;6.67;8470.0;0.00;0.00;5.88;98.9;95.5;0.00;100.00
53910;3035;22.0;47;6.67;8470.0;0.00;0.00;5.88;98.9;95.0;0.00;100.00
53920;3033;23.0;47;6.67;8470.0;0.00;0.00;5.88;98.9;95.0;0.00;100.00
53929;3031;23.0;47;6.67;8470.0;0.00;0.00;5.88;98.9;94.5;0.00;100.00
53940;3030;23.0;47;6.67;8470.0;0.00;0.00;5.88;98.9;94.5;0.00;100.00
53949;3028;23.0;47;6.67;8470.0;0.00;0.00;5.88;98.9;94.5;0.00;100.00
53963;3026;23.0;47;6.67;8470.0;0.00;0.00;5.88;98.9;94.5;0.00;100.00
53978;3024;23.0;47;6.67;8470.0;0.00;0.00;5.88;98.9;94.5;0.00;100.00
53989;3023;23.0;47;6.67;8470.0;0.00;0.00;5.88;98.9;94.5;0.00;100.00
53998;3021;23.0;47;6.67;8470.0;0.00;0.00;5.88;98.9;94.5;0.00;100.00
54007;3019;23.0;47;6.67;8470.0;0.00;0.00;5.88;98.9;94.0;0.00;100.00
54020;3017;23.0;47;6.67;8470.0;0.00;0.00;5.88;98.9;94.0;0.00;100.00
54029;3016;23.0;47;6.67;8470.0;0.00;0.00;5.88;98.9;94.0;0.00;100.00
54039;3014;24.0;47;6.67;8470.0;0.00;0.00;5.88;98.9;94.0;0.00;100.00
54048;3012;24.0;47;6.67;8470.0;0.00;0.00;5.88;98.9;94.0;0.00;100.00
54057;3011;24.0;47;6.67;8470.0;0.00;0.00;5.88;98.9;94.0;0.00;100.00
54069;3009;24.0;47;6.67;8470.0;0.00;0.00;5.88;98.9;94.0;0.00;100.00
54085;3007;24.0;47;6.67;8470.0;0.00;0.00;5.88;98.9;94.0;0.00;100.00
54099;3008;24.0;47;6.67;8470.0;0.00;0.00;5.88;98.9;94.0;0.00;100.00
54110;3008;24.0;47;6.67;8470.0;0.00;0.00;5.88;98.9;94.0;0.00;100.00
54119;3009;24.0;47;6.67;8470.0;0.00;0.00;5.88;98.9;94.0;0.00;100.00
54135;3009;24.0;47;6.67;8470.0;0.00;0.00;5.88;98.9;93.5;0.00;100.00
54147;3009;24.0;47;6.67;8470.0;0.00;0.00;5.88;98.9;93.5;0.00;100.00
54159;3010;24.0;47;6.67;8470.0;0.00;0.00;5.88;98.9;93.5;0.00;100.00
54168;3010;24.0;47;6.67;8470.0;0.00;0.00;5.88;98.9;93.5;0.00;100.00
54178;3011;24.0;47;6.67;8470.0;0.00;0.00;5.88;98.9;93.5;0.00;100.00
54187;3011;24.0;47;6.67;8470.0;0.00;0.00;5.88;98.9;93.5;0.00;100.00
54200;3011;24.0;47;6.67;8470.0;0.00;0.00;5.88;98.9;93.5;0.00;100.00
54214;3012;24.0;47;6.67;8470.0;0.00;0.00;5.88;98.9;93.5;0.00;100.00
54229;3012;24.0;47;6.67;8470.0;0.00;0.00;5.88;98.9;93.5;0.00;100.00
54239;3012;24.0;47;6.67;8470.0;0.00;0.00;5.88;98.9;93.5;0.00;100.00
54248;3013;24.0;47;6.67;8470.0;0.00;0.00;5.88;98.9;93.5;0.00;100.00
54259;3013;24.0;47;6.67;8470.0;0.00;0.00;5.88;98.9;93.0;0.00;100.00
54267;3013;24.0;47;6.67;8470.0;0.00;0.00;5.88;98.9;93.0;0.00;100.00
54278;3014;24.0;47;6.67;8470.0;0.00;0.00;5.88;98.9;93.0;0.00;100.00
54288;3014;24.0;47;6.67;8470.0;0.00;0.00;5.88;98.9;93.0;0.00;100.00
54304;3014;24.0;47;6.67;8470.0;0.00;0.00;5.88;98.9;93.0;0.00;100.00
54321;3014;24.0;47;6.67;8470.0;0.00;0.00;5.88;98.9;93.0;0.00;100.00
54338;3015;24.0;47;6.67;8470.0;0.00;0.00;5.88;98.9;93.0;0.00;100.00
54354;3015;24.0;47;6.67;8470.0;0.78;0.00;5.88;98.9;93.0;0.00;100.00
54369;3014;24.0;47;6.67;8470.0;0.78;0.78;5.88;98.9;93.0;0.00;100.00
54378;3014;24.0;47;6.67;8470.0;0.78;0.78;5.88;98.9;93.0;0.00;100.00
54391;3013;24.0;47;6.67;8470.0;0.78;0.78;5.88;98.9;93.0;0.00;100.00
54409;3013;25.0;47;6.67;8470.0;0.78;0.78;5.88;98.9;93.0;0.00;100.00
54429;3012;25.0;47;7.06;8470.0;0.78;0.78;5.88;98.9;93.0;0.00;100.00
54438;3011;25.0;47;7.06;8470.0;0.78;0.78;5.88;98.9;93.0;0.00;100.00
54448;3011;25.0;47;7.06;8470.0;1.56;0.78;5.88;98.9;93.0;0.00;100.00
54459;3010;25.0;47;7.06;8470.0;1.56;0.78;5.88;98.9;93.0;0.00;100.00
54468;3010;25.0;47;7.45;8470.0;1.56;1.56;5.88;98.9;93.0;0.00;100.00
54479;3009;26.0;47;7.45;8470.0;1.56;1.56;5.88;98.9;93.0;0.00;100.00
54496;3009;26.0;47;7.45;8470.0;2.34;1.56;5.88;98.9;92.5;0.00;100.00
54509;3009;26.0;47;7.45;8470.0;2.34;1.56;5.88;98.9;92.5;0.00;100.00
54520;3008;26.0;47;7.84;8470.0;2.34;1.56;5.88;98.9;92.5;0.00;100.00
54529;3008;26.0;47;7.84;8470.0;2.34;1.56;5.88;98.9;92.0;0.00;100.00
54538;3008;26.0;47;7.84;8470.0;3.13;2.34;5.88;98.9;92.0;0.00;100.00
54550;3008;26.0;47;7.84;8470.0;3.13;2.34;5.88;98.9;91.5;0.00;100.00
54557;3008;26.0;47;7.84;8470.0;3.13;2.34;5.88;98.9;91.5;0.00;100.00
54569;3008;27.0;47;7.84;8470.0;3.91;2.34;5.88;98.9;91.5;0.00;100.00
54578;3008;27.0;47;7.84;8470.0;3.91;3.13;5.88;98.9;91.0;0.00;100.00
54589;3008;27.0;47;7.45;8470.0;3.91;3.13;5.88;98.9;91.0;0.00;100.00
54601;3008;27.0;47;7.45;8470.0;4.69;3.13;6.27;98.9;91.0;0.00;100.00
54625;3008;27.0;47;7.45;8470.0;4.69;3.91;6.27;98.9;91.0;0.00;100.00
54639;3009;27.0;47;7.45;8470.0;5.47;3.91;6.27;98.9;90.5;0.00;100.00
54650;3010;27.0;47;7.45;8470.0;5.47;4.69;6.27;98.9;90.5;0.00;100.00
54662;3012;27.0;47;7.45;8470.0;5.47;4.69;6.27;98.9;90.5;0.00;100.00
54678;3013;27.0;47;7.45;8470.0;6.25;4.69;6.27;98.9;90.5;0.00;100.00
54689;3014;27.0;47;7.45;8470.0;6.25;5.47;6.67;98.9;90.5;0.00;100.00
54699;3016;27.0;47;7.45;8470.0;6.25;5.47;6.67;98.9;90.5;0.00;100.00
54708;3017;27.0;47;7.45;8470.0;7.03;5.47;6.67;98.9;90.0;0.00;100.00
54721;3018;27.0;47;7.45;8470.0;7.03;6.25;6.67;98.9;90.0;0.00;100.00
54728;3020;27.0;47;7.45;8470.0;7.81;6.25;6.67;98.9;90.0;0.00;100.00
54740;3021;27.0;47;7.45;8470.0;7.81;7.03;6.67;98.9;90.0;0.00;100.00
54755;3022;27.0;47;7.45;8470.0;8.59;7.03;6.67;98.9;90.0;0.00;100.00
54770;3021;27.0;47;7.45;8470.0;8.59;7.81;6.67;98.9;90.0;0.00;100.00
54778;3020;27.0;47;7.45;8470.0;9.38;7.81;6.67;98.9;90.0;0.00;100.00
54790;3019;27.0;47;7.45;8470.0;9.38;8.59;6.67;98.9;90.0;0.00;100.00
54799;3018;27.0;47;7.45;8470.0;10.16;8.59;6.67;98.9;89.5;0.00;100.00
54810;3018;27.0;47;7.45;8470.0;10.16;9.38;6.67;98.9;89.5;0.00;100.00
54829;3017;27.0;47;7.45;8470.0;10.16;9.38;6.67;98.9;89.5;0.00;100.00
54839;3016;27.0;47;7.45;8470.0;10.94;9.38;6.67;98.9;89.5;0.00;100.00
54850;3015;27.0;47;7.45;8470.0;10.94;10.16;6.67;98.9;89.5;0.00;100.00
54859;3014;27.0;47;7.45;8470.0;10.94;10.16;6.67;98.9;89.5;0.00;100.00
54869;3013;27.0;47;7.45;8470.0;10.94;10.94;6.67;98.9;89.5;0.00;100.00
54885;3012;27.0;47;7.45;8470.0;11.72;10.94;6.67;98.9;89.5;0.00;100.00
54901;3009;27.0;47;7.45;8470.0;11.72;11.72;6.67;98.9;89.5;0.00;100.00
54920;3006;27.0;47;7.45;8470.0;11.72;11.72;6.27;98.9;89.5;0.00;100.00
54928;3004;27.0;47;7.45;8470.0;11.72;12.50;6.27;98.9;89.5;0.00;100.00
54940;3001;27.0;47;7.45;8470.0;12.50;12.50;6.27;98.9;89.0;0.00;100.00
54948;2998;27.0;47;7.45;8470.0;12.50;13.28;6.27;98.9;89.0;0.00;100.00
54961;2995;27.0;47;7.45;8470.0;12.50;13.28;6.27;98.9;89.0;0.00;100.00
54978;2992;26.0;47;7.45;8470.0;12.50;13.28;6.27;98.9;89.0;0.00;100.00
54989;2990;26.0;47;7.45;8470.0;13.28;13.28;6.27;98.9;89.0;0.00;100.00
55001;2987;26.0;47;7.06;8470.0;13.28;14.06;6.27;98.9;89.0;0.00;100.00
55021;2984;26.0;47;7.06;8470.0;13.28;14.06;6.27;98.9;89.0;0.00;100.00
55043;2981;26.0;47;7.06;8470.0;13.28;14.06;6.27;98.9;89.0;0.00;100.00
55058;2981;26.0;47;7.06;8470.0;13.28;14.06;6.27;98.9;89.0;0.00;100.00
55069;2981;26.0;47;7.06;8470.0;13.28;14.06;6.67;98.9;89.0;0.00;100.00
55080;2981;26.0;47;7.06;8470.0;14.06;14.06;6.67;98.9;89.0;0.00;100.00
55088;2982;26.0;47;7.06;8470.0;14.06;14.84;6.67;98.9;89.0;0.00;100.00
55099;2982;26.0;47;7.06;8470.0;14.06;14.84;6.67;98.9;89.0;0.00;100.00
55109;2982;26.0;47;7.06;8480.0;14.06;14.84;6.67;98.9;89.0;0.00;100.00
55120;2982;26.0;47;7.06;8480.0;14.06;14.84;6.67;98.9;89.0;0.00;100.00
55129;2982;26.0;47;7.06;8480.0;14.06;14.84;6.67;98.9;89.0;0.00;100.00
55140;2982;26.0;47;7.06;8480.0;14.06;14.84;6.67;98.9;89.0;0.00;100.00
55149;2982;26.0;47;7.06;8490.0;14.06;14.84;6.67;98.9;89.0;0.00;100.00
55165;2982;26.0;47;7.06;8490.0;13.28;14.84;6.67;98.9;89.0;0.00;100.00
55180;2983;26.0;47;7.06;8490.0;13.28;14.06;6.67;98.9;89.0;0.00;100.00
55189;2984;26.0;47;7.06;8490.0;13.28;14.06;6.67;98.9;89.0;0.00;100.00
55199;2985;26.0;47;7.06;8500.0;13.28;14.06;6.67;98.9;89.0;0.00;100.00
55208;2986;26.0;47;7.06;8500.0;13.28;14.06;6.67;98.9;89.0;0.00;100.00
55218;2987;26.0;47;7.06;8500.0;13.28;14.06;6.67;98.9;89.0;0.00;100.00
55228;2988;26.0;47;7.06;8500.0;13.28;14.06;6.67;98.9;89.0;0.00;100.00
55240;2989;27.0;47;7.06;8500.0;13.28;14.06;6.67;98.9;89.0;0.00;100.00
55249;2990;27.0;47;7.06;8500.0;13.28;14.06;6.67;98.9;89.0;0.00;100.00
55259;2991;27.0;47;7.06;8500.0;13.28;14.06;6.67;98.9;89.0;0.00;100.00
55271;2992;27.0;47;7.06;8500.0;13.28;14.06;6.67;98.9;89.0;0.00;100.00
55294;2993;27.0;47;7.06;8500.0;13.28;14.06;6.67;98.9;89.0;0.00;100.00
55309;2992;27.0;47;7.06;8500.0;13.28;14.06;6.67;98.9;89.0;0.00;100.00
55319;2990;27.0;47;7.06;8500.0;13.28;14.06;6.67;98.9;89.0;0.00;100.00
55328;2988;26.0;47;7.06;8500.0;13.28;14.06;6.67;98.9;89.0;0.00;100.00
55340;2987;26.0;47;7.06;8500.0;13.28;14.06;6.67;98.9;89.0;0.00;100.00
55349;2985;26.0;47;7.06;8500.0;13.28;14.06;6.67;98.9;89.0;0.00;100.00
55360;2984;26.0;47;7.06;8500.0;13.28;14.06;6.67;98.9;89.0;0.00;100.00
55368;2982;25.0;47;7.06;8500.0;13.28;14.06;6.67;98.9;89.0;0.00;100.00
55378;2980;25.0;47;7.06;8500.0;13.28;14.06;6.67;98.9;89.0;0.00;100.00
55389;2979;25.0;47;6.67;8500.0;13.28;14.06;6.67;98.9;89.0;0.00;100.00
55401;2977;25.0;47;6.67;8500.0;13.28;14.06;6.67;98.9;89.0;0.00;100.00
55426;2976;24.0;47;6.67;8500.0;14.06;14.06;6.67;98.9;89.0;0.00;100.00
55439;2974;24.0;47;6.67;8500.0;14.06;14.06;6.67;98.9;89.0;0.00;100.00
55449;2973;24.0;47;6.67;8500.0;14.06;14.06;6.27;98.9;89.0;0.00;100.00
55461;2971;24.0;47;6.67;8500.0;14.06;14.06;6.27;98.9;89.0;0.00;100.00
55469;2970;24.0;47;6.67;8500.0;14.06;14.06;6.27;98.9;89.5;0.00;100.00
55480;2969;24.0;47;6.67;8500.0;14.06;14.06;6.27;98.9;89.5;0.00;100.00
55490;2967;24.0;47;6.67;8500.0;14.06;14.06;6.27;98.9;89.5;0.00;100.00
55500;2966;24.0;47;6.67;8500.0;14.06;14.06;6.27;98.9;89.5;0.00;100.00
55509;2965;24.0;47;6.67;8500.0;14.06;14.06;6.27;98.9;89.5;0.00;100.00
55518;2963;24.0;47;6.67;8500.0;14.06;14.06;6.27;98.9;89.5;0.00;100.00
55529;2962;24.0;47;6.67;8500.0;14.06;14.06;6.27;98.9;89.5;0.00;100.00
55543;2960;24.0;47;6.67;8500.0;13.28;14.06;6.27;98.9;89.5;0.00;100.00
55560;2959;24.0;47;6.67;8500.0;13.28;13.28;6.27;98.9;89.5;0.00;100.00
55568;2957;24.0;47;6.67;8500.0;13.28;13.28;6.27;98.9;89.5;0.00;100.00
55580;2955;24.0;47;6.67;8500.0;13.28;13.28;6.27;98.9;89.5;0.00;100.00
55590;2953;24.0;47;6.67;8500.0;13.28;13.28;6.27;98.9;90.0;0.00;100.00
55599;2951;24.0;47;6.67;8500.0;13.28;13.28;6.27;98.9;90.0;0.00;100.00
55610;2949;24.0;47;6.67;8500.0;11.72;13.28;6.27;98.9;90.0;0.00;100.00
55618;2947;25.0;47;6.67;8500.0;10.94;11.72;6.27;98.9;90.0;0.00;100.00
55630;2945;25.0;47;6.67;8500.0;9.38;10.94;6.27;98.9;90.0;0.00;100.00
55641;2944;25.0;47;6.67;8500.0;8.59;9.38;6.27;98.9;90.0;0.00;100.00
55651;2942;25.0;47;6.67;8500.0;7.03;8.59;6.27;98.9;90.0;0.00;100.00
55675;2940;25.0;47;6.67;8500.0;6.25;7.03;6.27;98.9;90.0;0.00;100.00
55690;2936;25.0;47;6.67;8500.0;4.69;6.25;6.27;98.9;90.0;0.00;100.00
55701;2933;25.0;47;6.67;8500.0;3.91;4.69;6.27;98.9;90.0;0.00;100.00
55719;2929;25.0;47;6.67;8500.0;2.34;3.91;6.27;98.9;90.0;0.00;100.00
55731;2925;25.0;47;6.67;8500.0;1.56;2.34;6.27;98.9;90.0;0.00;100.00
55748;2921;25.0;47;6.67;8500.0;0.00;1.56;6.27;98.9;90.0;0.00;100.00
55761;2918;25.0;47;6.67;8500.0;0.00;0.00;6.27;98.9;90.0;0.00;100.00
55779;2914;25.0;47;6.67;8500.0;0.00;0.00;6.27;98.9;90.0;0.00;100.00
55789;2910;25.0;47;6.67;8500.0;0.00;0.00;6.27;98.9;90.0;0.00;100.00
55800;2907;25.0;47;6.67;8500.0;0.00;0.00;6.27;98.9;90.0;0.00;100.00
55810;2903;25.0;47;6.67;8500.0;0.00;0.00;6.27;98.9;90.0;0.00;100.00
55825;2899;25.0;47;6.67;8500.0;0.00;0.00;6.27;98.9;90.0;0.00;100.00
55840;2900;25.0;47;6.67;8500.0;0.00;0.00;6.27;98.9;90.5;0.00;100.00
55850;2900;25.0;47;6.67;8500.0;0.00;0.00;6.67;98.9;90.5;0.00;100.00
55858;2901;25.0;47;6.67;8500.0;0.00;0.00;6.67;98.9;90.5;0.00;100.00
55869;2901;25.0;47;6.67;8500.0;0.00;0.00;6.67;98.9;90.5;0.00;100.00
55878;2901;25.0;47;6.67;8500.0;0.00;0.00;6.67;98.9;90.5;0.00;100.00
55889;2902;25.0;47;6.27;8500.0;0.00;0.00;6.67;98.9;90.5;0.00;100.00
55899;2902;25.0;47;6.27;8500.0;0.00;0.00;6.67;98.9;91.0;0.00;100.00
55910;2903;25.0;47;6.27;8500.0;0.00;0.00;6.67;98.9;91.0;0.00;100.00
55921;2903;25.0;47;6.27;8500.0;0.00;0.00;6.67;98.9;91.0;0.00;100.00
55939;2903;25.0;47;6.27;8500.0;0.00;0.00;6.67;98.9;91.5;0.00;100.00
55953;2904;25.0;47;6.27;8500.0;0.00;0.00;6.67;98.9;92.0;0.00;100.00
55967;2903;25.0;47;5.88;8500.0;0.00;0.00;6.67;98.9;92.5;0.00;100.00
55979;2903;25.0;47;5.88;8500.0;0.00;0.00;6.27;98.9;93.0;0.00;100.00
55987;2902;25.0;47;5.88;8500.0;0.00;0.00;6.27;98.9;93.5;0.00;100.00
56000;2902;25.0;47;5.88;8500.0;0.00;0.00;6.27;98.9;93.5;0.00;100.00
56010;2901;25.0;47;5.88;8500.0;0.00;0.00;6.27;98.9;94.0;0.00;100.00
56019;2900;25.0;47;5.88;8500.0;0.00;0.00;6.27;98.9;94.5;0.00;100.00
56030;2900;24.0;47;5.88;8500.0;0.00;0.00;6.27;98.9;95.0;0.00;100.00
56039;2899;24.0;47;5.88;8500.0;0.00;0.00;6.27;98.9;95.5;0.00;100.00
56049;2899;24.0;47;5.49;8500.0;0.00;0.00;6.27;98.9;96.0;0.00;100.00
56058;2898;24.0;47;5.49;8500.0;0.00;0.00;6.27;98.9;96.0;0.00;0.00
56074;2897;24.0;47;5.49;8500.0;0.00;0.00;6.27;98.9;96.0;0.00;0.00
56089;2902;24.0;47;5.49;8500.0;0.00;0.00;6.27;98.9;96.0;0.00;0.00
56102;2906;24.0;47;5.49;8500.0;0.00;0.00;5.88;98.9;96.0;0.00;0.00
56121;2910;24.0;47;5.49;8500.0;0.00;0.00;5.88;98.9;96.0;0.00;0.00
56129;2914;24.0;47;5.49;8500.0;0.00;0.00;5.88;98.9;96.5;0.00;0.00
56140;2918;24.0;47;5.49;8500.0;0.00;0.00;5.88;98.9;96.5;0.00;0.00
56149;2923;24.0;47;5.88;8500.0;0.00;0.00;5.88;98.9;96.5;0.00;0.00
56159;2927;23.0;47;5.88;8500.0;0.00;0.00;5.88;98.9;96.5;0.00;0.00
56169;2931;23.0;47;5.88;8500.0;0.00;0.00;5.88;98.9;96.5;0.00;0.00
56178;2935;23.0;47;5.88;8500.0;0.00;0.00;5.88;98.9;96.5;0.00;0.00
56187;2939;23.0;47;5.88;8500.0;0.00;0.00;5.88;98.9;96.5;0.00;100.00
56203;2944;23.0;47;5.88;8500.0;0.00;0.00;5.88;98.9;96.0;0.00;100.00
56219;2944;23.0;47;6.27;8500.0;0.00;0.00;5.88;98.9;96.0;0.00;100.00
56228;2945;23.0;47;6.27;8500.0;0.00;0.00;5.88;98.9;96.0;0.00;100.00
56240;2946;23.0;47;6.27;8500.0;0.00;0.00;5.88;98.9;96.0;0.00;100.00
56250;2947;23.0;47;6.27;8500.0;0.00;0.00;5.88;98.9;95.5;0.00;100.00
56259;2948;23.0;47;6.27;8500.0;0.00;0.00;5.88;98.9;95.5;0.00;100.00
56270;2949;23.0;47;6.27;8500.0;0.00;0.00;5.88;98.9;95.5;0.00;100.00
56276;2950;24.0;47;6.27;8500.0;0.00;0.00;5.88;98.9;95.5;0.00;100.00
56288;2950;24.0;47;6.27;8500.0;0.00;0.00;5.88;98.9;95.0;0.00;100.00
56304;2951;24.0;47;6.67;8500.0;0.00;0.00;5.88;98.9;95.0;0.00;100.00
56320;2952;24.0;47;6.67;8500.0;0.00;0.00;5.88;98.9;94.5;0.00;100.00
56334;2953;24.0;47;6.67;8500.0;0.00;0.00;5.88;98.9;94.5;0.00;100.00
56349;2952;24.0;47;6.67;8500.0;0.00;0.00;5.88;98.9;94.0;0.00;100.00
56358;2952;24.0;47;6.67;8500.0;0.00;0.00;6.27;98.9;94.0;0.00;100.00
56367;2951;24.0;47;6.67;8500.0;0.00;0.00;6.27;98.9;93.5;0.00;100.00
56376;2951;25.0;47;6.67;8500.0;0.00;0.00;6.27;98.9;93.5;0.00;100.00
56389;2950;25.0;47;6.67;8500.0;0.00;0.00;6.27;98.9;93.0;0.00;100.00
56401;2950;25.0;47;6.67;8500.0;0.00;0.00;6.27;98.9;93.0;0.00;100.00
56418;2950;25.0;47;6.67;8500.0;0.00;0.00;6.27;98.9;92.5;0.00;100.00
56426;2949;25.0;47;6.67;8500.0;0.00;0.00;6.27;98.9;92.5;0.00;100.00
56437;2949;25.0;47;7.06;8500.0;0.00;0.00;6.27;98.9;92.0;0.00;100.00
56449;2948;26.0;47;7.06;8500.0;0.00;0.00;6.27;98.9;92.0;0.00;100.00
56464;2948;26.0;47;7.06;8500.0;0.00;0.00;6.27;98.9;91.5;0.00;100.00
56478;2947;26.0;47;7.06;8500.0;0.00;0.00;6.27;98.9;91.5;0.00;100.00
56488;2947;26.0;47;7.06;8500.0;0.00;0.00;6.67;98.9;91.5;0.00;100.00
56503;2947;27.0;47;7.06;8500.0;0.00;0.00;6.67;98.9;91.0;0.00;100.00
56516;2946;27.0;47;7.06;8500.0;0.00;0.00;6.67;98.9;91.0;0.00;100.00
56528;2946;27.0;47;7.06;8500.0;0.00;0.00;6.67;98.9;90.5;0.00;100.00
56538;2946;27.0;47;7.45;8500.0;0.00;0.00;6.67;98.9;90.5;0.00;100.00
56548;2945;28.0;47;7.45;8500.0;0.00;0.00;6.67;98.9;90.5;0.00;100.00
56557;2945;28.0;47;7.45;8500.0;0.00;0.00;6.67;98.9;90.0;0.00;100.00
56568;2945;28.0;47;7.45;8500.0;0.00;0.00;6.67;99.0;90.0;0.00;100.00
56578;2944;28.0;47;7.45;8500.0;0.00;0.00;6.67;99.0;89.0;0.00;100.00
56593;2944;29.0;47;7.45;8500.0;0.00;0.00;6.67;99.0;88.0;0.00;100.00
56608;2944;29.0;47;7.84;8500.0;0.00;0.00;6.67;99.1;87.0;0.00;100.00
56620;2945;29.0;47;7.84;8500.0;0.00;0.00;7.06;99.1;86.0;0.00;100.00
56628;2945;30.0;47;7.84;8500.0;0.00;0.00;7.06;99.2;85.0;0.00;100.00
56638;2945;30.0;47;7.84;8500.0;0.00;0.00;7.06;99.2;84.5;0.00;100.00
56648;2946;31.0;47;7.84;8500.0;0.00;0.00;7.06;99.2;83.5;0.00;100.00
56658;2946;31.0;47;8.24;8500.0;0.00;0.00;7.06;99.3;82.5;0.00;100.00
56668;2947;32.0;47;8.24;8500.0;0.00;0.00;7.06;99.3;81.5;0.00;100.00
56680;2947;32.0;47;8.24;8500.0;0.00;0.00;7.45;99.4;80.5;0.00;100.00
56688;2947;33.0;47;8.24;8500.0;0.00;0.00;7.45;99.4;79.5;0.00;100.00
56698;2948;33.0;47;8.24;8500.0;0.00;0.00;7.84;99.4;79.0;0.00;100.00
56714;2948;34.0;47;8.24;8500.0;0.00;0.00;7.84;99.4;78.5;0.00;100.00
56727;2948;34.0;47;8.63;8500.0;0.00;0.00;8.24;99.4;78.0;0.00;100.00
56738;2947;34.0;47;8.63;8500.0;0.00;0.00;8.24;99.4;77.5;0.00;100.00
56748;2947;34.0;47;8.63;8500.0;0.00;0.00;8.63;99.4;77.0;0.00;100.00
56759;2947;34.0;47;8.63;8500.0;0.00;0.00;8.63;99.4;76.0;0.00;100.00
56768;2946;34.0;47;8.63;8500.0;0.00;0.00;9.02;99.4;75.5;0.00;100.00
56777;2946;34.0;47;8.63;8500.0;0.78;0.00;9.02;99.4;75.0;0.00;100.00
56789;2945;34.0;47;8.63;8500.0;0.78;0.00;9.41;99.4;74.5;0.00;100.00
56798;2945;34.0;47;8.63;8500.0;1.56;0.78;9.41;99.4;74.0;0.00;100.00
56809;2945;34.0;47;8.63;8500.0;1.56;0.78;9.41;99.4;73.5;0.00;100.00
56819;2944;34.0;47;8.63;8500.0;2.34;1.56;9.41;99.4;73.5;0.00;100.00
56834;2944;34.0;47;8.63;8500.0;2.34;1.56;9.41;99.4;73.5;0.00;100.00
56848;2944;34.0;47;8.63;8500.0;3.13;2.34;9.41;99.4;73.5;0.00;100.00
56859;2944;34.0;47;8.63;8500.0;3.13;2.34;9.41;99.4;73.5;0.00;100.00
56868;2945;34.0;47;8.63;8500.0;3.91;3.13;9.41;99.4;73.5;0.00;100.00
56879;2945;34.0;47;8.63;8500.0;3.91;3.13;9.41;99.4;73.5;0.00;100.00
56889;2945;34.0;47;9.02;8500.0;4.69;3.91;9.41;99.5;73.5;0.00;100.00
56901;2946;34.0;47;9.02;8500.0;4.69;3.91;9.41;99.5;73.5;0.00;100.00
56920;2946;34.0;47;9.02;8500.0;5.47;3.91;9.41;99.5;73.5;0.00;100.00
56928;2946;34.0;47;9.02;8500.0;5.47;3.91;9.41;99.5;73.5;0.00;100.00
56937;2947;34.0;47;9.41;8500.0;5.47;3.91;9.41;99.5;73.5;0.00;100.00
56948;2947;34.0;47;9.41;8500.0;5.47;3.91;9.41;99.5;73.0;0.00;100.00
56963;2947;34.0;47;9.41;8500.0;6.25;3.91;9.41;99.6;72.5;0.00;100.00
56977;2949;34.0;47;9.41;8500.0;6.25;4.69;9.41;99.6;72.0;0.00;100.00
56988;2950;34.0;47;9.80;8500.0;6.25;4.69;9.80;99.6;71.5;0.00;100.00
56998;2951;35.0;47;9.80;8500.0;6.25;4.69;9.80;99.6;71.0;0.00;100.00
57008;2953;35.0;47;9.80;8500.0;7.03;4.69;9.80;99.6;70.5;0.00;100.00
57020;2954;35.0;47;9.80;8500.0;7.03;4.69;9.80;99.7;70.0;0.00;100.00
57028;2956;35.0;47;9.80;8500.0;7.03;4.69;9.80;99.7;69.5;0.00;100.00
57037;2957;36.0;47;9.80;8500.0;7.03;4.69;9.80;99.7;69.0;0.00;100.00
57048;2958;36.0;47;9.80;8500.0;7.81;4.69;9.80;99.7;68.5;0.00;100.00
57059;2960;36.0;47;9.41;8500.0;7.81;4.69;9.80;99.7;68.0;0.00;100.00
57069;2961;36.0;47;9.41;8500.0;7.81;4.69;9.80;99.7;68.0;0.00;100.00
57084;2963;37.0;47;9.41;8500.0;7.81;4.69;9.80;99.7;67.5;0.00;100.00
57099;2962;37.0;47;9.41;8500.0;7.81;4.69;9.80;99.7;67.5;0.00;100.00
57107;2961;37.0;47;9.41;8500.0;7.81;4.69;10.20;99.7;67.0;0.00;100.00
57117;2961;37.0;47;9.41;8500.0;8.59;4.69;10.20;99.7;67.0;0.00;100.00
57128;2960;37.0;47;9.41;8500.0;8.59;4.69;10.20;99.7;66.5;0.00;100.00
57138;2960;37.0;47;9.41;8500.0;8.59;4.69;10.20;99.7;66.5;0.00;100.00
57149;2959;37.0;47;9.41;8500.0;8.59;4.69;10.20;99.7;66.0;0.00;100.00
57157;2959;37.0;47;9.41;8500.0;9.38;4.69;10.20;99.7;66.0;0.00;100.00
57170;2958;37.0;47;9.41;8500.0;9.38;5.47;10.20;99.7;65.5;0.00;100.00
57179;2958;37.0;47;9.41;8500.0;9.38;5.47;10.20;99.7;65.5;0.00;100.00
57187;2957;37.0;47;9.41;8500.0;9.38;5.47;10.20;99.7;65.5;0.00;100.00
57204;2956;37.0;47;9.41;8500.0;10.16;6.25;10.20;99.7;65.5;0.00;100.00
57218;2956;37.0;47;9.41;8500.0;10.16;6.25;10.20;99.7;65.0;0.00;100.00
57227;2955;37.0;47;9.41;8500.0;10.16;7.03;10.20;99.7;65.0;0.00;100.00
57237;2954;37.0;47;9.41;8500.0;10.16;7.03;10.20;99.7;65.0;0.00;100.00
57248;2954;37.0;47;9.41;8500.0;10.94;7.03;10.20;99.7;65.0;0.00;100.00
57259;2953;37.0;47;9.41;8500.0;10.94;7.81;10.20;99.6;65.0;0.00;100.00
57268;2952;37.0;47;9.41;8500.0;10.94;7.81;10.20;99.6;65.0;0.00;100.00
57277;2951;36.0;47;9.41;8500.0;10.94;7.81;10.20;99.6;64.5;0.00;100.00
57288;2951;36.0;47;9.41;8500.0;10.94;8.59;10.20;99.6;64.5;0.00;100.00
57302;2950;36.0;47;9.02;8500.0;10.94;8.59;10.20;99.6;64.5;0.00;100.00
57322;2949;36.0;47;9.02;8500.0;10.94;8.59;10.20;99.6;64.5;0.00;100.00
57345;2949;36.0;47;9.02;8500.0;11.72;8.59;10.20;99.5;64.5;0.00;100.00
57359;2948;36.0;47;9.02;8500.0;11.72;9.38;10.20;99.5;64.5;0.00;100.00
57367;2948;36.0;47;9.02;8500.0;11.72;9.38;9.80;99.5;64.5;0.00;100.00
57377;2948;35.0;47;9.02;8500.0;11.72;9.38;9.80;99.5;64.5;0.00;100.00
57387;2948;35.0;47;9.02;8500.0;11.72;9.38;9.80;99.4;65.0;0.00;100.00
57399;2948;35.0;47;9.02;8500.0;11.72;10.16;9.80;99.4;65.0;0.00;100.00
57408;2948;35.0;47;9.02;8510.0;11.72;10.16;9.80;99.4;65.0;0.00;100.00
57428;2948;34.0;47;9.02;8510.0;11.72;10.16;9.80;99.4;65.0;0.00;100.00
57438;2947;34.0;47;9.02;8510.0;11.72;10.16;9.80;99.3;65.0;0.00;100.00
57450;2947;34.0;47;8.63;8520.0;11.72;10.16;9.80;99.3;65.0;0.00;100.00
57459;2947;34.0;47;8.63;8520.0;11.72;10.16;9.80;99.3;65.0;0.00;100.00
57474;2947;33.0;47;8.63;8530.0;10.94;10.16;9.80;99.3;65.5;0.00;100.00
57487;2947;33.0;47;8.63;8530.0;10.94;10.16;9.80;99.3;65.5;0.00;100.00
57501;2946;33.0;47;8.63;8530.0;10.94;10.16;9.41;99.3;65.5;0.00;100.00
57519;2946;33.0;47;8.63;8540.0;10.94;10.16;9.41;99.3;66.0;0.00;100.00
57527;2945;33.0;47;8.63;8540.0;10.94;10.16;9.41;99.3;66.0;0.00;100.00
57539;2945;33.0;47;8.63;8540.0;10.94;10.16;9.41;99.3;66.5;0.00;100.00
57550;2945;33.0;47;8.63;8540.0;10.94;10.16;9.41;99.3;66.5;0.00;100.00
57559;2944;32.0;47;8.63;8540.0;10.94;10.16;9.41;99.3;66.5;0.00;100.00
57569;2944;32.0;47;8.63;8540.0;10.16;10.16;9.41;99.3;67.0;0.00;100.00
57578;2944;32.0;47;8.24;8540.0;10.16;10.16;9.41;99.2;67.0;0.00;100.00
57588;2943;32.0;47;8.24;8540.0;10.16;10.16;9.41;99.2;67.5;0.00;100.00
57604;2943;32.0;47;8.24;8540.0;10.16;10.16;9.41;99.2;68.0;0.00;100.00
57620;2939;32.0;47;8.24;8540.0;10.16;9.38;9.41;99.1;68.5;0.00;100.00
57628;2936;31.0;47;8.24;8540.0;10.16;9.38;9.02;99.1;69.0;0.00;100.00
57640;2933;31.0;47;8.24;8540.0;9.38;9.38;9.02;99.1;69.5;0.00;100.00
57649;2929;30.0;47;8.24;8540.0;9.38;9.38;9.02;99.0;69.5;0.00;100.00
57659;2926;29.0;47;7.84;8540.0;9.38;9.38;9.02;99.0;70.0;0.00;100.00
57667;2922;29.0;47;7.84;8540.0;8.59;9.38;9.02;99.0;70.5;0.00;100.00
57680;2919;28.0;47;7.45;8540.0;7.81;8.59;9.02;98.9;71.0;0.00;100.00
57688;2916;28.0;47;7.45;8540.0;7.03;7.81;9.02;98.9;71.5;0.00;100.00
57702;2912;27.0;47;7.06;8540.0;6.25;7.03;8.63;98.9;72.0;0.00;100.00
57720;2909;26.0;47;7.06;8540.0;5.47;6.25;8.63;98.9;73.5;0.00;100.00
57743;2905;26.0;47;6.67;8540.0;3.91;5.47;8.63;98.9;75.0;0.00;100.00
57760;2901;25.0;47;6.67;8540.0;3.13;3.91;8.24;98.9;76.0;0.00;100.00
57768;2896;25.0;47;6.27;8540.0;2.34;3.13;8.24;98.9;77.5;0.00;100.00
57780;2892;25.0;47;6.27;8540.0;1.56;2.34;7.84;98.9;79.0;0.00;100.00
57800;2887;25.0;47;6.27;8540.0;0.78;1.56;7.84;98.9;80.5;0.00;100.00
57819;2882;25.0;47;6.27;8540.0;0.00;0.78;7.84;98.9;82.0;0.00;100.00
57828;2878;25.0;47;6.27;8540.0;0.00;0.00;7.45;98.9;83.5;0.00;100.00
57839;2873;25.0;47;6.27;8540.0;0.00;0.00;7.45;98.9;84.5;0.00;100.00
57849;2868;25.0;46;6.27;8540.0;0.00;0.00;7.45;98.9;86.0;0.00;100.00
57860;2864;25.0;46;6.27;8540.0;0.00;0.00;7.45;98.9;87.5;0.00;100.00
57877;2859;25.0;46;6.27;8540.0;0.00;0.00;7.45;98.9;87.5;0.00;100.00
57895;2855;25.0;46;6.27;8540.0;0.00;0.00;7.45;98.9;88.0;0.00;100.00
57909;2849;25.0;46;6.27;8540.0;0.00;0.00;7.45;98.9;88.0;0.00;100.00
57920;2844;25.0;46;6.27;8540.0;0.00;0.00;7.06;98.9;88.5;0.00;100.00
57928;2839;25.0;46;6.27;8540.0;0.00;0.00;7.06;98.9;88.5;0.00;100.00
57937;2834;25.0;46;6.27;8540.0;0.00;0.00;7.06;98.9;89.0;0.00;100.00
57948;2829;25.0;46;6.27;8540.0;0.00;0.00;7.06;98.9;89.0;0.00;100.00
57958;2824;25.0;46;5.88;8530.0;0.00;0.00;7.06;98.9;89.5;0.00;100.00
57969;2819;24.0;46;5.88;8530.0;0.00;0.00;7.06;98.9;89.5;0.00;100.00
57978;2814;24.0;46;5.88;8530.0;0.00;0.00;7.06;98.9;90.0;0.00;100.00
57988;2808;24.0;46;5.88;8520.0;0.00;0.00;7.06;98.9;90.0;0.00;100.00
58001;2803;24.0;46;5.88;8520.0;0.00;0.00;7.06;98.9;90.5;0.00;0.00
58024;2798;24.0;46;5.88;8510.0;0.00;0.00;7.06;98.9;91.0;0.00;0.00
58038;2794;24.0;46;5.49;8510.0;0.00;0.00;7.06;98.9;91.5;0.00;0.00
58047;2790;24.0;46;5.49;8510.0;0.00;0.00;7.06;98.9;92.0;0.00;0.00
58059;2787;24.0;46;5.49;8500.0;0.00;0.00;7.06;98.9;92.5;0.00;0.00
58067;2783;24.0;46;5.49;8500.0;0.00;0.00;7.06;98.9;93.5;0.00;0.00
58078;2779;24.0;46;5.49;8500.0;0.00;0.00;7.06;98.9;94.0;0.00;0.00
58090;2775;24.0;46;5.49;8510.0;0.00;0.00;7.06;98.9;94.5;0.00;0.00
58102;2771;23.0;46;5.49;8510.0;0.00;0.00;7.06;98.9;95.0;0.00;0.00
58121;2767;23.0;46;5.49;8510.0;0.00;0.00;7.06;98.9;95.5;0.00;0.00
58137;2763;23.0;46;5.49;8520.0;0.00;0.00;7.06;98.9;96.0;0.00;0.00
58148;2759;23.0;46;5.49;8520.0;0.00;0.00;7.06;98.9;96.0;0.00;0.00
58164;2756;23.0;46;5.49;8530.0;0.00;0.00;7.06;98.9;96.0;0.00;0.00
58179;2749;23.0;46;5.49;8530.0;0.00;0.00;7.06;98.9;96.0;0.00;0.00
58188;2743;23.0;46;5.49;8530.0;0.00;0.00;6.67;98.9;96.0;0.00;0.00
58202;2737;23.0;46;5.49;8540.0;0.00;0.00;6.67;98.9;96.0;0.00;0.00
58222;2731;23.0;46;5.49;8540.0;0.00;0.00;6.67;98.9;96.5;0.00;0.00
58237;2724;23.0;46;5.49;8540.0;0.00;0.00;6.67;98.9;96.5;0.00;0.00
58248;2718;23.0;46;5.49;8540.0;0.00;0.00;6.67;98.9;96.5;0.00;0.00
58261;2712;23.0;46;5.49;8540.0;0.00;0.00;6.67;98.9;96.5;0.00;0.00
58278;2706;23.0;46;5.49;8540.0;0.00;0.00;6.67;98.9;96.5;0.00;0.00
58289;2700;23.0;46;5.10;8540.0;0.00;0.00;6.67;98.9;96.5;0.00;0.00
58302;2693;23.0;46;5.10;8540.0;0.00;0.00;6.67;98.9;96.5;0.00;0.00
58324;2687;23.0;46;5.10;8540.0;0.00;0.00;6.67;98.9;96.5;0.00;0.00
58339;2682;23.0;46;5.10;8540.0;0.00;0.00;6.67;98.9;96.5;0.00;0.00
58350;2677;23.0;46;5.10;8540.0;0.00;0.00;7.06;98.9;96.5;0.00;0.00
58361;2672;23.0;46;5.10;8540.0;0.00;0.00;7.06;98.9;96.5;0.00;0.00
58378;2667;23.0;46;5.10;8540.0;0.00;0.00;7.06;98.9;97.0;0.00;0.00
58389;2662;23.0;46;5.10;8540.0;0.00;0.00;7.06;98.9;97.0;0.00;0.00
58400;2658;23.0;46;5.10;8540.0;0.00;0.00;7.06;98.9;97.0;0.00;0.00
58409;2653;22.0;46;5.10;8540.0;0.00;0.00;7.06;98.9;97.0;0.00;0.00
58429;2648;22.0;46;5.10;8540.0;0.00;0.00;7.06;98.9;97.0;0.00;0.00
58440;2643;22.0;46;5.10;8540.0;0.00;0.00;7.06;98.9;97.0;0.00;0.00
58449;2638;22.0;46;5.10;8540.0;0.00;0.00;7.06;98.9;97.0;0.00;0.00
58465;2633;22.0;46;5.10;8540.0;0.00;0.00;7.06;98.9;97.0;0.00;0.00
58479;2627;22.0;46;5.10;8540.0;0.00;0.00;7.06;98.9;97.0;0.00;0.00
58487;2621;22.0;46;5.10;8540.0;0.00;0.00;7.45;98.9;97.0;0.00;0.00
58502;2615;22.0;46;5.10;8540.0;0.00;0.00;7.45;98.9;97.0;0.00;0.00
58521;2609;22.0;46;5.10;8540.0;0.00;0.00;7.45;98.9;97.0;0.00;0.00
58539;2603;22.0;46;5.10;8540.0;0.00;0.00;7.45;98.9;97.0;0.00;0.00
58549;2597;22.0;46;5.10;8540.0;0.00;0.00;7.45;98.9;97.0;0.00;0.00
58559;2591;22.0;46;5.10;8540.0;0.00;0.00;7.45;98.9;97.0;0.00;0.00
58567;2585;22.0;46;5.10;8540.0;0.00;0.00;7.45;98.9;97.0;0.00;0.00
58579;2579;22.0;46;4.71;8540.0;0.00;0.00;7.45;98.9;97.0;0.00;0.00
58592;2573;22.0;46;4.71;8540.0;0.00;0.00;7.45;98.9;97.0;0.00;0.00
58616;2567;22.0;46;4.71;8540.0;0.00;0.00;7.45;98.9;97.0;0.00;0.00
58627;2562;22.0;46;4.71;8540.0;0.00;0.00;7.45;98.9;97.0;0.00;0.00
58640;2556;22.0;46;4.71;8540.0;0.00;0.00;7.84;98.9;97.0;0.00;0.00
58658;2550;22.0;46;4.71;8540.0;0.00;0.00;7.84;98.9;97.0;0.00;0.00
58668;2544;22.0;46;4.71;8540.0;0.00;0.00;7.84;98.9;97.5;0.00;0.00
58679;2539;22.0;46;4.71;8540.0;0.00;0.00;7.84;98.9;97.5;0.00;0.00
58689;2533;22.0;46;4.71;8540.0;0.00;0.00;7.84;98.9;97.5;0.00;0.00
58701;2527;22.0;46;4.71;8540.0;0.00;0.00;7.84;98.9;97.5;0.00;0.00
58721;2521;22.0;46;4.71;8540.0;0.00;0.00;7.84;98.9;97.5;0.00;0.00
58739;2516;22.0;46;4.71;8540.0;0.00;0.00;7.84;98.9;97.5;0.00;0.00
58749;2510;22.0;46;4.71;8540.0;0.00;0.00;7.84;98.9;97.5;0.00;0.00
58764;2504;22.0;46;4.71;8540.0;0.00;0.00;7.84;98.9;97.5;0.00;0.00
58781;2499;22.0;46;4.71;8540.0;0.00;0.00;7.84;98.9;97.5;0.00;0.00
58789;2495;22.0;46;4.71;8540.0;0.00;0.00;7.84;98.9;97.5;0.00;0.00
58800;2490;22.0;46;4.71;8540.0;0.00;0.00;7.84;98.9;97.5;0.00;0.00
58808;2485;22.0;46;4.71;8540.0;0.00;0.00;7.84;98.9;97.5;0.00;0.00
58821;2480;22.0;46;4.71;8540.0;0.00;0.00;7.84;98.9;97.5;0.00;0.00
58840;2476;22.0;46;4.71;8540.0;0.00;0.00;7.84;98.9;97.5;0.00;0.00
58848;2471;22.0;46;4.71;8540.0;0.00;0.00;7.84;98.9;97.5;0.00;0.00
58861;2466;22.0;46;4.71;8540.0;0.00;0.00;7.84;98.9;97.5;0.00;0.00
58869;2462;22.0;46;4.31;8540.0;0.00;0.00;7.84;98.9;97.5;0.00;0.00
58880;2457;22.0;46;4.31;8540.0;0.00;0.00;7.84;98.9;97.5;0.00;0.00
58905;2452;22.0;46;4.31;8540.0;0.00;0.00;7.84;98.9;97.5;0.00;0.00
58921;2446;22.0;46;4.31;8540.0;0.00;0.00;7.84;98.9;97.5;0.00;0.00
58939;2441;22.0;46;4.31;8540.0;0.00;0.00;8.24;98.9;97.5;0.00;0.00
58950;2435;22.0;46;4.31;8540.0;0.00;0.00;8.24;98.9;97.5;0.00;0.00
58962;2429;22.0;46;4.31;8540.0;0.00;0.00;8.24;98.9;97.5;0.00;0.00
58980;2424;22.0;46;4.31;8540.0;0.00;0.00;8.24;98.9;97.5;0.00;0.00
58989;2418;22.0;46;4.31;8540.0;0.00;0.00;8.24;98.9;97.5;0.00;0.00
59002;2412;22.0;46;4.31;8540.0;0.00;0.00;8.24;98.9;97.5;0.00;0.00
59021;2406;22.0;47;4.31;8540.0;0.00;0.00;8.24;98.9;97.5;0.00;0.00
59039;2401;22.0;47;4.31;8540.0;0.00;0.00;8.24;98.9;97.5;0.00;0.00
59048;2395;22.0;47;4.31;8540.0;0.00;0.00;8.24;98.9;97.5;0.00;0.00
59064;2389;22.0;47;4.31;8540.0;0.00;0.00;8.24;98.9;97.5;0.00;0.00
59079;2387;22.0;47;4.31;8540.0;0.00;0.00;8.24;98.9;97.5;0.00;0.00
59088;2385;22.0;47;4.31;8540.0;0.00;0.00;8.63;98.9;97.5;0.00;0.00
59101;2382;22.0;47;4.31;8540.0;0.00;0.00;8.63;98.9;97.5;0.00;0.00
59121;2380;23.0;47;4.31;8540.0;0.00;0.00;8.63;98.9;97.5;0.00;0.00
59139;2378;23.0;47;4.71;8540.0;0.00;0.00;8.63;98.9;97.5;0.00;0.00
59148;2375;23.0;47;4.71;8540.0;0.00;0.00;8.63;98.9;97.5;0.00;0.00
59160;2373;23.0;47;4.71;8540.0;0.00;0.00;8.63;98.9;97.5;0.00;0.00
59169;2370;23.0;47;4.71;8540.0;0.00;0.00;9.02;98.9;97.5;0.00;0.00
59179;2368;23.0;47;5.10;8540.0;0.00;0.00;9.02;98.9;97.5;0.00;0.00
59189;2366;24.0;47;5.10;8540.0;0.00;0.00;9.41;98.9;97.0;0.00;100.00
59205;2363;24.0;47;5.10;8540.0;0.00;0.00;9.41;98.9;96.5;0.00;100.00
59220;2361;24.0;47;5.10;8540.0;0.00;0.00;9.80;98.9;96.0;0.00;100.00
59238;2358;24.0;47;5.49;8540.0;0.00;0.00;9.80;98.9;95.5;0.00;100.00
59248;2356;24.0;47;5.49;8540.0;0.00;0.00;10.20;98.9;95.0;0.00;100.00
59262;2353;25.0;47;5.49;8540.0;0.00;0.00;10.20;98.9;94.5;0.00;100.00
59279;2351;25.0;47;5.49;8540.0;0.00;0.00;10.59;98.9;94.0;0.00;100.00
59289;2349;25.0;47;5.49;8540.0;0.00;0.00;10.59;98.9;93.5;0.00;100.00
59302;2346;25.0;47;5.49;8540.0;0.00;0.00;10.98;98.9;93.0;0.00;100.00
59321;2344;25.0;47;5.49;8540.0;0.00;0.00;10.98;98.9;92.5;0.00;100.00
59338;2341;25.0;47;5.49;8540.0;0.00;0.00;10.98;98.9;92.0;0.00;100.00
59350;2339;26.0;47;5.49;8540.0;0.00;0.00;11.37;98.9;92.0;0.00;100.00
59364;2336;26.0;47;5.49;8540.0;0.00;0.00;11.37;98.9;92.0;0.00;100.00
59378;2334;26.0;47;5.49;8540.0;0.00;0.00;11.37;98.9;91.5;0.00;100.00
59389;2333;26.0;47;5.49;8540.0;0.00;0.00;11.37;98.9;91.5;0.00;100.00
59401;2331;26.0;47;5.49;8540.0;0.00;0.00;11.37;98.9;91.5;0.00;100.00
59422;2329;26.0;47;5.49;8540.0;0.00;0.00;11.37;98.9;91.5;0.00;100.00
59440;2328;26.0;47;5.49;8540.0;0.00;0.00;11.76;98.9;91.5;0.00;100.00
59448;2326;26.0;47;5.88;8540.0;0.00;0.00;11.76;98.9;91.5;0.00;100.00
59462;2324;26.0;47;5.88;8540.0;0.00;0.00;11.76;98.9;91.0;0.00;100.00
59479;2323;26.0;47;5.88;8540.0;0.00;0.00;11.76;98.9;91.0;0.00;100.00
59492;2321;26.0;47;5.88;8540.0;0.00;0.00;12.16;98.9;91.0;0.00;100.00
59509;2319;26.0;47;5.88;8540.0;0.00;0.00;12.16;98.9;90.5;0.00;100.00
59524;2318;26.0;47;5.88;8540.0;0.00;0.00;12.16;98.9;89.5;0.00;100.00
59541;2322;26.0;47;6.27;8540.0;0.00;0.00;12.16;98.9;89.0;0.00;100.00
59558;2326;26.0;47;6.27;8540.0;0.00;0.00;12.55;98.9;88.0;0.00;100.00
59569;2331;27.0;47;6.27;8540.0;0.00;0.00;12.55;98.9;87.5;0.00;100.00
59580;2335;27.0;47;6.27;8540.0;0.00;0.00;12.55;98.9;86.5;0.00;100.00
59588;2340;27.0;47;6.27;8540.0;0.00;0.00;12.55;98.9;86.0;0.00;100.00
59598;2344;28.0;47;6.27;8540.0;0.00;0.00;12.94;98.9;85.0;0.00;100.00
59609;2348;28.0;47;6.27;8540.0;0.00;0.00;12.94;98.9;84.5;0.00;100.00
59618;2353;29.0;47;6.27;8540.0;0.00;0.00;12.94;98.9;83.5;0.00;100.00
59629;2357;29.0;47;6.67;8540.0;0.00;0.00;12.94;98.9;83.0;0.00;100.00
59639;2361;29.0;47;6.67;8540.0;0.00;0.00;13.33;98.9;83.0;0.00;100.00
59652;2366;30.0;47;6.67;8540.0;0.00;0.00;13.33;98.9;82.5;0.00;100.00
59670;2368;30.0;47;6.67;8540.0;0.00;0.00;13.33;98.9;82.5;0.00;100.00
59679;2370;30.0;47;6.67;8540.0;0.00;0.00;13.33;98.9;82.5;0.00;100.00
59690;2372;30.0;47;6.67;8540.0;0.00;0.00;13.33;98.9;82.0;0.00;100.00
59700;2374;30.0;47;6.67;8540.0;0.00;0.00;13.33;98.9;82.0;0.00;100.00
59719;2376;30.0;47;6.67;8540.0;0.00;0.00;13.73;98.9;81.5;0.00;100.00
59729;2378;30.0;47;6.67;8540.0;0.00;0.00;13.73;98.9;81.5;0.00;100.00
59740;2381;31.0;47;6.67;8540.0;0.00;0.00;13.73;98.9;81.5;0.00;100.00
59748;2383;31.0;47;6.67;8540.0;0.00;0.00;13.73;98.9;81.0;0.00;100.00
59759;2385;31.0;47;6.67;8540.0;0.00;0.00;13.73;98.9;81.0;0.00;100.00
59768;2387;31.0;47;6.67;8540.0;0.00;0.00;13.73;98.9;81.0;0.00;100.00
59784;2389;31.0;47;6.67;8540.0;0.00;0.00;13.73;98.9;81.0;0.00;100.00
59801;2382;31.0;47;6.67;8540.0;0.00;0.00;13.73;98.9;81.0;0.00;100.00
59818;2375;31.0;47;6.67;8540.0;0.00;0.00;13.33;98.9;81.0;0.00;100.00
59830;2368;31.0;47;6.67;8540.0;0.00;0.00;13.33;98.9;81.0;0.00;100.00
59840;2361;31.0;47;6.67;8540.0;0.00;0.00;13.33;98.9;80.5;0.00;100.00
59849;2354;31.0;47;6.67;8540.0;0.00;0.00;13.33;98.9;80.5;0.00;100.00
59859;2347;31.0;47;6.67;8540.0;0.00;0.00;13.33;98.9;80.5;0.00;100.00
59871;2341;32.0;47;6.67;8540.0;0.00;0.00;13.33;98.9;80.5;0.00;100.00
59890;2334;32.0;47;6.67;8540.0;0.00;0.00;13.33;98.9;80.5;0.00;100.00
59902;2327;32.0;47;7.06;8540.0;0.00;0.00;13.73;98.9;80.5;0.00;100.00
59918;2320;32.0;47;7.06;8540.0;0.00;0.00;13.73;98.9;80.5;0.00;100.00
59936;2313;32.0;47;7.06;8540.0;0.00;0.00;13.73;98.9;80.5;0.00;100.00
59951;2301;32.0;47;7.06;8540.0;0.00;0.00;13.73;98.9;80.5;0.00;100.00
59968;2289;32.0;47;7.06;8540.0;0.00;0.00;14.12;98.9;80.5;0.00;100.00
59979;2277;32.0;47;7.06;8540.0;0.00;0.00;14.12;98.9;80.5;0.00;100.00
59990;2265;31.0;47;7.06;8540.0;0.00;0.00;14.12;98.9;80.0;0.00;100.00
60000;2253;31.0;47;7.06;8540.0;0.00;0.00;14.12;98.9;80.0;0.00;100.00
60021;2241;31.0;47;6.67;8540.0;0.00;0.00;14.51;98.9;80.0;0.00;100.00
60040;2229;31.0;47;6.67;8540.0;0.00;0.00;14.51;98.9;80.0;0.00;100.00
60048;2217;31.0;47;6.67;8540.0;0.00;0.00;14.51;98.9;80.0;0.00;100.00
60057;2204;31.0;47;6.67;8540.0;0.00;0.00;14.51;99.0;80.0;0.00;100.00
60071;2192;30.0;47;6.67;8540.0;0.00;0.00;14.90;99.0;79.5;0.00;100.00
60093;2180;30.0;47;6.67;8540.0;0.00;0.00;14.90;99.1;79.0;0.00;100.00
60108;2161;30.0;47;6.27;8540.0;0.00;0.00;14.90;99.1;78.5;0.00;100.00
60119;2142;33.0;47;6.27;8540.0;0.00;0.00;14.90;99.2;78.0;0.00;100.00
60128;2123;35.0;47;6.27;8540.0;0.00;0.00;14.90;99.2;77.5;0.00;100.00
60140;2103;38.0;47;6.67;8540.0;0.00;0.00;14.90;99.3;76.5;0.00;100.00
60158;2084;40.0;47;7.06;8540.0;0.00;0.00;15.29;99.3;76.0;0.00;100.00
60167;2065;43.0;47;7.45;8540.0;0.78;0.00;15.29;99.4;75.5;0.00;100.00
60180;2046;45.0;47;7.84;8540.0;0.78;0.78;15.29;99.4;75.0;0.00;100.00
60188;2027;48.0;47;8.24;8540.0;1.56;0.78;17.65;99.5;74.5;0.00;100.00
60203;2007;50.0;47;8.63;8540.0;1.56;1.56;19.61;99.5;74.0;0.00;100.00
60219;1988;53.0;47;9.02;8540.0;2.34;1.56;21.96;99.6;73.0;0.00;100.00
60236;1969;55.0;47;9.41;8540.0;2.34;2.34;24.31;99.6;72.0;0.00;100.00
60250;1980;58.0;47;9.80;8540.0;3.13;2.34;26.27;99.7;71.5;0.00;100.00
60260;1991;59.0;47;10.20;8540.0;3.13;3.13;28.63;99.8;70.5;0.00;100.00
60266;2002;59.0;47;10.59;8540.0;3.91;3.13;30.59;99.8;69.5;0.00;100.00
60280;2013;60.0;47;10.59;8540.0;3.91;3.91;32.94;99.9;68.5;0.00;100.00
60288;2024;61.0;47;10.59;8540.0;4.69;3.91;35.29;99.9;67.5;0.00;100.00
60304;2035;61.0;47;10.59;8540.0;4.69;4.69;37.25;100.0;66.5;0.00;100.00
60321;2047;62.0;47;10.59;8540.0;4.69;4.69;39.61;100.1;66.0;0.00;100.00
60337;2058;62.0;47;10.59;8540.0;4.69;4.69;39.22;100.1;65.0;0.00;100.00
60348;2069;63.0;47;10.98;8540.0;4.69;4.69;38.82;100.1;64.0;0.00;100.00
60359;2080;64.0;47;10.98;8540.0;4.69;4.69;38.82;100.1;63.5;0.00;100.00
60373;2091;64.0;47;10.98;8540.0;3.91;4.69;38.43;100.1;62.5;0.00;100.00
60388;2095;65.0;47;10.98;8540.0;3.91;4.69;38.04;100.1;62.0;0.00;100.00
60400;2099;65.0;47;10.98;8540.0;3.91;4.69;37.65;100.1;61.5;0.00;100.00
60406;2102;65.0;47;10.98;8540.0;3.91;4.69;37.25;100.1;60.5;0.00;100.00
60427;2106;65.0;47;10.98;8540.0;3.91;4.69;36.86;100.1;60.0;0.00;100.00
60438;2110;65.0;47;10.59;8540.0;3.91;4.69;36.86;100.1;59.0;0.00;100.00
60450;2114;65.0;47;10.59;8540.0;3.91;4.69;36.47;100.1;58.5;0.00;100.00
60456;2118;65.0;47;10.59;8540.0;3.91;4.69;36.08;100.1;58.0;0.00;100.00
60468;2122;65.0;47;10.20;8540.0;3.91;4.69;35.29;100.0;57.0;0.00;100.00
60477;2126;65.0;47;10.20;8540.0;3.91;4.69;34.51;100.0;56.5;0.00;100.00
60489;2130;65.0;47;9.80;8540.0;3.91;4.69;34.12;99.9;56.0;0.00;100.00
60504;2133;65.0;47;9.80;8540.0;3.91;4.69;33.33;99.9;55.0;0.00;100.00
60520;2120;65.0;47;9.80;8540.0;3.91;4.69;32.55;99.9;54.5;0.00;100.00
60527;2107;65.0;47;9.41;8540.0;3.91;4.69;31.76;99.8;54.0;0.00;100.00
60538;2093;64.0;47;9.41;8540.0;3.91;4.69;30.98;99.8;53.5;0.00;100.00
60547;2080;64.0;47;9.41;8540.0;3.91;4.69;30.20;99.7;52.5;0.00;100.00
60560;2067;63.0;47;9.41;8540.0;3.91;4.69;29.80;99.6;52.0;0.00;100.00
60578;2054;63.0;47;9.41;8540.0;3.91;4.69;29.02;99.6;51.5;0.00;100.00
60588;2040;62.0;47;9.41;8540.0;3.13;4.69;28.24;99.5;51.0;0.00;100.00
60601;2027;62.0;47;9.41;8540.0;3.13;3.91;28.24;99.5;50.0;0.00;100.00
60620;2014;61.0;47;9.02;8540.0;3.13;3.91;28.24;99.5;49.5;0.00;100.00
60636;2000;61.0;47;9.02;8540.0;3.13;3.91;28.24;99.5;49.0;0.00;100.00
60654;1987;60.0;47;9.02;8540.0;2.34;3.91;28.24;99.5;48.5;0.00;100.00
60668;1989;60.0;47;9.02;8540.0;2.34;3.13;28.24;99.5;48.0;0.00;100.00
60677;1992;60.0;47;9.02;8540.0;2.34;3.13;28.24;99.5;47.5;0.00;100.00
60688;1994;59.0;47;9.02;8540.0;2.34;3.13;28.24;99.5;47.0;0.00;100.00
60702;1996;59.0;47;9.02;8540.0;1.56;3.13;28.24;99.5;46.5;0.00;100.00
60720;1999;59.0;47;9.02;8540.0;1.56;2.34;28.24;99.5;46.0;0.00;100.00
60740;2001;59.0;47;9.02;8540.0;1.56;2.34;28.24;99.5;45.5;0.00;100.00
60749;2004;58.0;47;9.02;8540.0;0.78;2.34;28.24;99.5;45.0;0.00;100.00
60761;2006;58.0;47;9.02;8540.0;0.78;1.56;28.24;99.5;44.5;0.00;100.00
60779;2008;58.0;47;8.63;8540.0;0.78;1.56;27.84;99.5;44.0;0.00;100.00
60788;2011;58.0;47;8.63;8540.0;0.78;1.56;27.84;99.5;44.0;0.00;100.00
60804;2013;57.0;47;8.63;8540.0;0.00;1.56;27.84;99.4;43.5;0.00;100.00
60820;2014;57.0;47;8.63;8540.0;0.00;0.78;27.84;99.4;43.5;0.00;100.00
60838;2014;57.0;47;8.63;8540.0;0.00;0.78;27.45;99.4;43.5;0.00;100.00
60848;2015;56.0;47;8.63;8540.0;0.00;0.78;27.45;99.4;43.5;0.00;100.00
60860;2016;56.0;47;8.63;8540.0;-0.78;0.78;27.45;99.3;43.0;0.00;100.00
60880;2017;56.0;47;8.63;8540.0;-0.78;0.00;27.45;99.3;43.0;0.00;100.00
60888;2017;56.0;47;8.63;8550.0;-0.78;0.00;27.06;99.3;43.0;0.00;100.00
60901;2018;55.0;47;8.63;8550.0;-0.78;0.00;27.06;99.3;43.0;0.00;100.00
60921;2019;55.0;47;8.63;8550.0;0.00;0.78;27.06;99.2;42.5;0.00;100.00
60940;2020;55.0;47;8.24;8550.0;0.00;0.78;26.67;99.3;42.5;0.00;100.00
60961;2020;55.0;47;8.24;8560.0;0.00;0.78;26.67;99.3;42.5;0.00;100.00
60986;2021;54.0;47;8.24;8560.0;0.00;0.78;26.67;99.3;42.5;0.00;100.00
61002;2022;54.0;47;8.24;8560.0;0.00;1.56;26.27;99.3;42.5;0.00;100.00
61022;2023;54.0;47;8.24;8560.0;0.00;1.56;26.27;99.3;42.5;0.00;100.00
61038;2024;54.0;47;8.24;8570.0;0.78;1.56;25.88;99.3;42.5;0.00;100.00
61048;2025;55.0;47;8.24;8570.0;0.78;1.56;25.88;99.4;43.0;0.00;100.00
61059;2026;55.0;47;8.63;8570.0;0.78;2.34;25.88;99.4;43.0;0.00;100.00
61068;2027;55.0;47;8.63;8570.0;0.78;2.34;25.49;99.4;43.0;0.00;100.00
61078;2028;55.0;47;8.63;8570.0;0.78;2.34;25.49;99.4;43.0;0.00;100.00
61087;2029;55.0;47;8.63;8570.0;0.78;2.34;25.88;99.4;43.0;0.00;100.00
61102;2030;55.0;47;9.02;8570.0;0.78;2.34;25.88;99.4;43.0;0.00;100.00
61119;2030;56.0;47;9.02;8570.0;0.78;2.34;26.27;99.5;43.0;0.00;100.00
61136;2031;56.0;47;9.02;8570.0;0.78;2.34;26.67;99.5;42.5;0.00;100.00
61148;2031;56.0;47;9.02;8570.0;0.78;2.34;26.67;99.5;42.5;0.00;100.00
61160;2031;56.0;47;9.41;8570.0;0.78;2.34;27.06;99.5;42.5;0.00;100.00
61171;2031;57.0;47;9.41;8570.0;0.78;2.34;27.06;99.5;42.0;0.00;100.00
61189;2031;57.0;47;9.41;8570.0;0.78;2.34;27.45;99.5;42.0;0.00;100.00
61201;2031;57.0;47;9.41;8570.0;0.78;2.34;27.84;99.6;41.5;0.00;100.00
61221;2030;57.0;47;9.41;8570.0;0.78;2.34;27.84;99.6;41.5;0.00;100.00
61240;2030;58.0;47;9.41;8570.0;0.78;2.34;28.24;99.6;41.5;0.00;100.00
61250;2030;58.0;47;9.41;8570.0;0.78;2.34;28.24;99.6;41.0;0.00;100.00
61260;2030;58.0;47;9.02;8570.0;0.78;2.34;28.24;99.6;41.0;0.00;100.00
61268;2030;58.0;47;9.02;8570.0;0.78;2.34;28.63;99.6;41.0;0.00;100.00
61284;2030;59.0;47;9.02;8570.0;1.56;2.34;28.63;99.6;41.0;0.00;100.00
61302;2029;59.0;47;9.02;8570.0;1.56;3.13;28.63;99.6;41.0;0.00;100.00
61320;2029;59.0;47;9.02;8570.0;1.56;3.13;28.63;99.6;41.0;0.00;100.00
61338;2028;58.0;47;9.02;8570.0;1.56;3.13;28.63;99.6;41.0;0.00;100.00
61347;2027;58.0;47;9.02;8570.0;1.56;3.13;28.63;99.5;40.5;0.00;100.00
61359;2027;58.0;47;8.63;8570.0;1.56;3.13;29.02;99.5;40.5;0.00;100.00
61368;2026;58.0;47;8.63;8570.0;1.56;3.13;29.02;99.5;40.5;0.00;100.00
61379;2026;57.0;47;8.63;8570.0;1.56;3.13;29.02;99.5;40.5;0.00;100.00
61387;2025;57.0;47;8.24;8570.0;1.56;3.13;29.02;99.5;40.5;0.00;100.00
61401;2025;57.0;47;8.24;8570.0;1.56;3.13;28.63;99.5;40.5;0.00;100.00
61421;2024;57.0;47;7.84;8570.0;1.56;3.13;28.63;99.5;40.5;0.00;100.00
61445;2024;56.0;47;7.84;8570.0;2.34;3.13;28.63;99.4;40.5;0.00;100.00
61462;2024;56.0;47;7.84;8570.0;2.34;3.13;28.24;99.4;40.5;0.00;100.00
61479;2025;56.0;47;7.45;8570.0;2.34;3.13;28.24;99.4;40.5;0.00;100.00
61488;2026;56.0;47;7.45;8570.0;2.34;3.13;27.84;99.4;40.5;0.00;100.00
61500;2027;56.0;47;7.45;8570.0;2.34;3.13;27.84;99.3;41.0;0.00;100.00
61508;2027;56.0;47;7.84;8570.0;2.34;3.13;27.84;99.3;41.0;0.00;100.00
61520;2028;56.0;47;7.84;8570.0;2.34;3.13;27.45;99.3;41.0;0.00;100.00
61527;2029;55.0;47;7.84;8570.0;2.34;3.13;27.45;99.3;41.0;0.00;100.00
61541;2030;55.0;47;8.24;8570.0;1.56;3.13;27.45;99.2;41.0;0.00;100.00
61560;2031;55.0;47;8.24;8570.0;1.56;2.34;27.06;99.3;41.0;0.00;100.00
61579;2031;55.0;47;8.63;8570.0;1.56;2.34;27.06;99.3;41.0;0.00;100.00
61594;2032;55.0;47;8.63;8570.0;1.56;2.34;26.67;99.3;41.0;0.00;100.00
61608;2033;55.0;47;8.63;8570.0;1.56;2.34;26.67;99.3;41.0;0.00;100.00
61620;2034;55.0;47;9.02;8570.0;1.56;2.34;26.27;99.3;41.0;0.00;100.00
61627;2035;55.0;47;9.02;8570.0;0.78;2.34;26.27;99.4;41.0;0.00;100.00
61639;2036;56.0;47;9.02;8570.0;0.78;1.56;25.88;99.4;40.5;0.00;100.00
61648;2037;56.0;47;9.02;8570.0;0.78;1.56;25.88;99.4;40.5;0.00;100.00
61660;2038;56.0;47;9.02;8570.0;0.78;1.56;25.49;99.4;40.5;0.00;100.00
61670;2038;56.0;47;9.02;8570.0;0.00;1.56;25.49;99.4;40.5;0.00;100.00
61677;2039;56.0;47;9.02;8570.0;0.00;0.78;25.49;99.5;40.5;0.00;100.00
61689;2040;56.0;47;8.63;8570.0;0.00;0.78;25.88;99.5;40.5;0.00;100.00
61702;2041;57.0;47;8.63;8570.0;0.00;0.78;25.88;99.5;40.5;0.00;100.00
61723;2042;57.0;47;8.63;8570.0;-0.78;0.78;25.88;99.5;40.5;0.00;100.00
61739;2044;57.0;47;8.63;8570.0;-0.78;0.00;26.27;99.5;40.5;0.00;100.00
61748;2045;57.0;47;8.63;8570.0;-0.78;0.00;26.27;99.5;40.5;0.00;100.00
61760;2047;57.0;47;8.63;8570.0;-0.78;0.00;26.67;99.5;40.5;0.00;100.00
61768;2049;57.0;47;8.63;8570.0;-1.56;0.00;26.67;99.5;40.0;0.00;100.00
61779;2050;57.0;47;8.63;8570.0;-1.56;-0.78;26.67;99.5;40.0;0.00;100.00
61788;2052;57.0;47;8.63;8570.0;-1.56;-0.78;27.06;99.5;40.0;0.00;100.00
61800;2054;57.0;47;8.63;8570.0;-1.56;-0.78;27.06;99.5;40.0;0.00;100.00
61808;2055;57.0;47;8.63;8570.0;-1.56;-0.78;27.06;99.5;40.0;0.00;100.00
61820;2057;57.0;47;9.02;8570.0;-1.56;-0.78;27.06;99.5;40.0;0.00;100.00
61829;2059;57.0;47;9.02;8570.0;-1.56;-0.78;27.06;99.5;40.0;0.00;100.00
61844;2060;57.0;47;9.02;8570.0;-2.34;-0.78;27.06;99.5;40.0;0.00;100.00
61860;2058;57.0;47;9.02;8570.0;-2.34;-1.56;27.06;99.5;40.0;0.00;100.00
61869;2056;57.0;47;9.02;8570.0;-2.34;-1.56;26.67;99.5;40.0;0.00;100.00
61878;2054;57.0;47;9.02;8570.0;-2.34;-1.56;26.67;99.5;40.0;0.00;100.00
61888;2052;57.0;47;9.02;8570.0;-2.34;-1.56;26.67;99.5;40.0;0.00;100.00
61900;2050;57.0;47;9.02;8570.0;-2.34;-1.56;26.67;99.5;40.0;0.00;100.00
61910;2048;57.0;47;9.02;8570.0;-2.34;-1.56;26.67;99.5;40.0;0.00;100.00
61921;2046;58.0;47;9.02;8570.0;-1.56;-1.56;26.67;99.5;40.0;0.00;100.00
61939;2044;58.0;47;9.02;8570.0;-1.56;-0.78;26.67;99.5;40.0;0.00;100.00
61949;2042;58.0;47;9.02;8570.0;-1.56;-0.78;26.67;99.5;40.0;0.00;100.00
61961;2040;58.0;47;9.02;8570.0;-1.56;-0.78;27.06;99.5;40.0;0.00;100.00
61984;2038;58.0;47;9.02;8570.0;-0.78;-0.78;27.06;99.5;40.0;0.00;100.00
62001;2036;58.0;47;9.02;8570.0;-0.78;0.00;27.06;99.5;40.0;0.00;100.00
62020;2033;58.0;47;9.02;8570.0;-0.78;0.00;27.06;99.5;40.0;0.00;100.00
62038;2030;58.0;47;9.02;8570.0;-0.78;0.00;27.06;99.5;40.0;0.00;100.00
62049;2028;58.0;47;9.02;8570.0;0.00;0.00;27.06;99.5;39.5;0.00;100.00
62060;2025;58.0;47;9.02;8570.0;0.00;0.78;27.45;99.5;39.5;0.00;100.00
62069;2023;58.0;47;9.02;8570.0;0.00;0.78;27.45;99.5;39.5;0.00;100.00
62079;2020;58.0;47;9.02;8570.0;0.78;0.78;27.45;99.5;39.5;0.00;100.00
62090;2018;58.0;47;9.02;8570.0;0.78;0.78;27.45;99.5;39.5;0.00;100.00
62101;2015;58.0;47;8.63;8570.0;0.78;1.56;27.84;99.5;39.5;0.00;100.00
62119;2012;58.0;47;8.63;8570.0;0.78;1.56;27.84;99.5;39.5;0.00;100.00
62134;2010;58.0;47;8.63;8570.0;1.56;1.56;28.24;99.5;39.5;0.00;100.00
62148;2001;58.0;47;8.63;8570.0;1.56;1.56;28.24;99.5;39.5;0.00;100.00
62160;1992;58.0;47;8.63;8570.0;1.56;1.56;28.63;99.5;39.5;0.00;100.00
62177;1984;58.0;47;8.63;8570.0;1.56;1.56;28.63;99.4;39.5;0.00;100.00
62187;1975;59.0;47;8.63;8570.0;2.34;2.34;29.02;99.4;39.5;0.00;100.00
62201;1966;59.0;47;8.63;8570.0;2.34;2.34;29.02;99.4;39.5;0.00;100.00
62219;1958;59.0;47;8.63;8570.0;2.34;2.34;29.41;99.4;39.5;0.00;100.00
62228;1949;59.0;47;8.63;8570.0;2.34;2.34;29.41;99.4;39.5;0.00;100.00
62239;1940;59.0;47;8.63;8570.0;2.34;2.34;29.80;99.4;39.5;0.00;100.00
62248;1932;59.0;47;8.24;8570.0;2.34;3.13;29.80;99.4;39.5;0.00;100.00
62261;1923;60.0;47;8.24;8570.0;2.34;3.13;30.20;99.4;39.5;0.00;100.00
62286;1914;60.0;47;8.24;8570.0;3.13;3.13;30.20;99.4;39.5;0.00;100.00
62303;1903;60.0;47;8.24;8570.0;3.13;3.13;30.59;99.3;39.5;0.00;100.00
62321;1892;60.0;47;8.24;8570.0;3.13;3.13;30.59;99.3;39.5;0.00;100.00
62338;1881;60.0;47;8.24;8570.0;3.13;3.13;30.98;99.3;39.5;0.00;100.00
62349;1869;60.0;47;8.24;8570.0;3.13;3.91;30.98;99.3;39.5;0.00;100.00
62361;1858;60.0;47;8.24;8570.0;3.13;3.91;31.37;99.3;39.5;0.00;100.00
62377;1847;60.0;47;8.24;8570.0;3.13;3.91;31.37;99.3;39.5;0.00;100.00
62387;1836;60.0;47;8.24;8570.0;3.13;3.91;31.76;99.3;39.5;0.00;100.00
62401;1824;60.0;47;8.24;8570.0;3.13;3.91;31.76;99.2;39.5;0.00;100.00
62421;1813;60.0;47;8.24;8570.0;3.13;3.91;32.16;99.2;39.5;0.00;100.00
62438;1802;60.0;47;8.24;8570.0;3.13;3.91;32.16;99.2;39.5;0.00;100.00
62454;1791;60.0;47;8.24;8570.0;2.34;3.91;32.16;99.2;39.5;0.00;100.00
62470;1786;60.0;47;8.24;8570.0;2.34;3.13;32.16;99.2;39.5;0.00;100.00
62490;1781;60.0;47;8.24;8570.0;2.34;3.13;32.55;99.1;39.5;0.00;100.00
62501;1776;60.0;47;8.24;8570.0;2.34;3.13;32.55;99.1;39.5;0.00;100.00
62522;1771;59.0;47;7.84;8570.0;2.34;3.13;32.55;99.1;39.5;0.00;100.00
62539;1766;59.0;47;7.84;8570.0;2.34;3.13;32.55;99.1;39.5;0.00;100.00
62547;1760;59.0;47;7.45;8570.0;2.34;3.13;32.94;99.1;39.5;0.00;100.00
62561;1755;59.0;47;7.45;8570.0;2.34;3.13;32.94;99.1;39.5;0.00;100.00
62577;1750;59.0;47;7.06;8570.0;2.34;3.13;32.94;99.0;39.5;0.00;100.00
62588;1745;59.0;47;7.06;8570.0;2.34;3.13;32.55;99.0;39.5;0.00;100.00
62601;1740;58.0;47;6.67;8570.0;2.34;3.13;32.55;99.0;40.5;0.00;100.00
62623;1735;58.0;47;6.67;8570.0;2.34;3.13;32.55;99.0;41.0;0.00;100.00
62638;1733;58.0;47;6.27;8570.0;2.34;2.34;32.16;99.0;42.0;0.00;100.00
62650;1732;57.0;47;6.27;8570.0;2.34;2.34;32.16;99.0;42.5;0.00;100.00
62661;1730;57.0;47;5.88;8570.0;2.34;2.34;31.76;99.0;43.5;0.00;100.00
62679;1728;56.0;47;5.88;8570.0;2.34;2.34;31.76;99.0;44.0;0.00;100.00
62687;1726;55.0;47;5.88;8570.0;2.34;2.34;31.76;98.9;45.0;0.00;100.00
62701;1724;54.0;47;5.88;8570.0;2.34;2.34;31.37;98.9;45.5;0.00;100.00
62722;1723;54.0;47;5.88;8570.0;1.56;2.34;31.37;98.9;46.5;0.00;100.00
62739;1721;53.0;47;5.88;8570.0;1.56;2.34;30.98;98.9;47.0;0.00;100.00
62749;1719;52.0;47;6.27;8570.0;1.56;2.34;30.59;98.9;48.0;0.00;100.00
62761;1717;51.0;47;6.27;8570.0;1.56;2.34;30.20;98.9;48.5;0.00;100.00
62783;1715;51.0;47;6.27;8570.0;0.78;2.34;29.80;98.9;49.0;0.00;100.00
62801;1716;50.0;47;6.27;8570.0;0.78;2.34;29.41;98.9;49.0;0.00;100.00
62820;1716;50.0;47;6.27;8570.0;0.78;2.34;28.63;98.9;49.5;0.00;100.00
62829;1716;50.0;47;6.27;8570.0;0.78;2.34;28.24;98.9;50.0;0.00;100.00
62838;1716;50.0;47;6.27;8570.0;0.00;2.34;27.84;98.9;50.5;0.00;100.00
62849;1717;50.0;47;6.27;8570.0;0.00;2.34;27.45;98.9;51.0;0.00;100.00
62860;1717;50.0;47;6.27;8570.0;0.00;2.34;27.06;98.9;51.5;0.00;100.00
62878;1717;49.0;47;6.27;8570.0;-0.78;2.34;26.67;98.9;51.5;0.00;100.00
62890;1718;49.0;47;6.27;8570.0;-0.78;1.56;26.67;98.9;52.0;0.00;100.00
62909;1718;49.0;47;6.27;8570.0;-0.78;1.56;26.27;98.9;52.5;0.00;100.00
62922;1718;49.0;47;6.27;8570.0;-1.56;0.78;26.27;98.9;52.5;0.00;100.00
62946;1718;49.0;47;6.27;8570.0;-1.56;0.78;26.27;98.9;52.5;0.00;100.00
62960;1720;49.0;47;6.27;8570.0;-2.34;0.00;26.27;98.9;53.0;0.00;100.00
62968;1721;49.0;47;6.27;8570.0;-2.34;0.00;25.88;98.9;53.0;0.00;100.00
62977;1722;49.0;47;6.27;8570.0;-2.34;-0.78;25.88;98.9;53.0;0.00;100.00
62988;1723;49.0;47;6.27;8570.0;-3.13;-0.78;25.88;98.9;53.0;0.00;100.00
63000;1724;49.0;47;6.27;8570.0;-3.13;-1.56;25.88;98.9;53.0;0.00;100.00
63009;1725;49.0;47;6.27;8570.0;-3.13;-1.56;25.49;98.9;53.0;0.00;100.00
63022;1727;48.0;47;6.27;8570.0;-3.13;-1.56;25.49;98.9;53.5;0.00;100.00
63039;1728;48.0;47;6.27;8570.0;-3.13;-2.34;25.49;98.9;53.5;0.00;100.00
63049;1729;48.0;47;6.27;8570.0;-3.13;-2.34;25.49;98.9;53.5;0.00;100.00
63061;1730;48.0;47;6.27;8570.0;-3.13;-2.34;25.49;98.9;53.5;0.00;100.00
63082;1731;48.0;47;6.27;8570.0;-3.91;-2.34;25.49;98.9;53.5;0.00;100.00
63101;1731;48.0;47;6.27;8570.0;-3.91;-3.13;25.49;98.9;53.5;0.00;100.00
63120;1731;48.0;47;6.27;8570.0;-3.91;-3.13;25.10;98.9;53.5;0.00;100.00
63129;1731;48.0;47;6.27;8570.0;-3.91;-3.13;25.10;98.9;53.5;0.00;100.00
63140;1730;48.0;47;6.27;8570.0;-3.91;-3.13;25.10;98.9;54.0;0.00;100.00
63149;1730;48.0;47;6.27;8570.0;-3.91;-3.91;25.10;98.9;54.0;0.00;100.00
63158;1730;48.0;47;6.27;8570.0;-3.91;-3.91;25.10;98.9;54.0;0.00;100.00
63170;1730;48.0;47;6.27;8570.0;-3.91;-3.91;25.10;98.9;54.0;0.00;100.00
63181;1730;48.0;47;6.27;8570.0;-3.91;-3.91;25.10;98.9;54.0;0.00;100.00
63200;1729;48.0;47;6.27;8570.0;-3.91;-3.91;25.10;98.9;54.0;0.00;100.00
63209;1729;48.0;47;6.27;8570.0;-3.91;-3.91;25.10;98.9;54.0;0.00;100.00
63223;1729;48.0;47;6.27;8570.0;-3.13;-3.91;25.10;98.9;54.0;0.00;100.00
63239;1728;48.0;47;6.27;8570.0;-3.13;-3.91;25.10;98.9;54.0;0.00;100.00
63249;1727;48.0;47;6.27;8570.0;-3.13;-3.91;25.49;98.9;54.0;0.00;100.00
63261;1725;48.0;47;6.27;8570.0;-3.13;-3.91;25.49;98.9;54.0;0.00;100.00
63278;1724;48.0;47;6.27;8570.0;-3.13;-3.91;25.49;98.9;54.5;0.00;100.00
63290;1723;48.0;47;6.27;8570.0;-3.13;-3.91;25.49;98.9;54.5;0.00;100.00
63304;1722;48.0;47;6.27;8570.0;-3.13;-3.91;25.49;98.9;54.5;0.00;100.00
63322;1721;47.0;47;6.27;8570.0;-3.13;-3.91;25.49;98.9;54.5;0.00;100.00
63338;1719;47.0;47;6.27;8570.0;-3.13;-3.91;25.49;98.9;54.5;0.00;100.00
63350;1718;47.0;47;6.27;8570.0;-3.13;-3.91;25.49;98.9;54.5;0.00;100.00
63362;1717;47.0;47;6.27;8570.0;-3.13;-3.91;25.49;98.9;54.5;0.00;100.00
63383;1716;47.0;47;6.27;8570.0;-3.91;-3.91;25.49;98.9;54.5;0.00;100.00
63401;1715;47.0;47;6.27;8570.0;-3.91;-3.91;25.49;98.9;54.5;0.00;100.00
63421;1715;47.0;47;6.27;8570.0;-3.91;-3.91;25.88;98.9;54.5;0.00;100.00
63440;1714;47.0;47;6.27;8570.0;-3.91;-3.91;25.88;98.9;54.5;0.00;100.00
63449;1713;47.0;47;6.27;8570.0;-3.91;-3.91;25.88;98.9;54.5;0.00;100.00
63461;1713;47.0;47;6.27;8570.0;-3.91;-3.91;25.88;98.9;54.5;0.00;100.00
63479;1712;47.0;47;6.27;8570.0;-3.91;-3.91;25.88;98.9;54.5;0.00;100.00
63488;1711;47.0;47;6.27;8570.0;-3.91;-3.91;25.88;98.9;54.5;0.00;100.00
63501;1711;47.0;47;6.27;8570.0;-3.91;-3.91;25.88;98.9;54.5;0.00;100.00
63520;1710;47.0;47;6.27;8570.0;-3.91;-3.91;25.88;98.9;54.5;0.00;100.00
63539;1709;47.0;47;6.27;8570.0;-3.91;-3.91;25.88;98.9;54.5;0.00;100.00
63554;1709;47.0;47;6.27;8570.0;-3.91;-3.91;25.88;98.9;54.5;0.00;100.00
63568;1707;47.0;47;6.27;8570.0;-3.91;-3.91;25.88;98.9;54.5;0.00;100.00
63578;1705;47.0;47;6.27;8570.0;-3.91;-3.91;25.88;98.9;54.5;0.00;100.00
63590;1702;47.0;47;6.27;8570.0;-3.91;-3.91;25.88;98.9;54.5;0.00;100.00
63602;1700;47.0;47;6.27;8570.0;-3.91;-3.91;25.88;98.9;55.0;0.00;100.00
63620;1698;47.0;47;6.27;8570.0;-3.91;-3.91;25.88;98.9;55.0;0.00;100.00
63638;1696;47.0;47;6.27;8570.0;-3.91;-3.91;25.88;98.9;55.0;0.00;100.00
63651;1694;47.0;47;6.27;8570.0;-3.13;-3.91;25.88;98.9;55.0;0.00;100.00
63670;1692;47.0;47;6.27;8570.0;-3.13;-3.13;25.88;98.9;55.0;0.00;100.00
63688;1690;47.0;47;5.88;8570.0;-2.34;-3.13;25.88;98.9;55.0;0.00;100.00
63701;1688;47.0;47;5.88;8570.0;-2.34;-2.34;25.88;98.9;55.5;0.00;100.00
63724;1686;47.0;47;5.88;8570.0;-1.56;-2.34;25.88;98.9;56.0;0.00;100.00
63739;1687;47.0;47;5.88;8570.0;-1.56;-1.56;25.88;98.9;56.5;0.00;100.00
63750;1689;46.0;47;5.88;8570.0;-0.78;-1.56;25.49;98.9;57.0;0.00;100.00
63759;1690;45.0;47;5.88;8570.0;-0.78;-0.78;25.49;98.9;57.5;0.00;100.00
63768;1691;44.0;47;5.49;8570.0;0.00;-0.78;25.49;98.9;57.5;0.00;100.00
63779;1693;43.0;47;5.49;8570.0;0.00;0.00;25.49;98.9;58.0;0.00;100.00
63789;1694;42.0;47;5.10;8570.0;0.00;0.00;25.49;98.9;58.5;0.00;100.00
63800;1695;42.0;47;4.71;8570.0;0.00;0.00;25.49;98.9;59.0;0.00;100.00
63820;1697;41.0;47;4.71;8570.0;0.00;0.00;25.10;98.9;59.5;0.00;100.00
63831;1698;40.0;47;4.31;8570.0;0.00;0.00;24.71;98.9;60.0;0.00;100.00
63849;1699;39.0;47;4.31;8570.0;0.00;0.00;24.31;98.9;61.0;0.00;100.00
63863;1701;38.0;47;3.92;8570.0;0.00;0.00;23.92;98.9;62.5;0.00;100.00
63880;1695;37.0;47;3.53;8570.0;0.00;0.00;23.53;98.9;63.5;0.00;100.00
63888;1689;36.0;47;3.53;8570.0;0.00;0.00;22.75;98.9;65.0;0.00;100.00
63903;1684;35.0;47;3.14;8570.0;0.00;0.00;22.35;98.9;66.0;0.00;100.00
63919;1678;34.0;47;3.14;8570.0;0.00;0.00;21.96;98.9;67.5;0.00;100.00
63930;1673;33.0;47;3.14;8570.0;0.00;0.00;21.57;98.9;68.5;0.00;100.00
63939;1667;32.0;47;2.75;8570.0;0.00;0.00;21.18;98.9;70.0;0.00;100.00
63950;1662;32.0;47;2.75;8570.0;0.00;0.00;20.78;98.9;71.0;0.00;100.00
63968;1656;31.0;47;2.75;8570.0;0.00;0.00;20.39;98.9;72.5;0.00;100.00
63978;1651;30.0;47;2.75;8570.0;0.00;0.00;20.00;98.9;73.5;0.00;100.00
63988;1645;29.0;47;2.75;8570.0;0.00;0.00;19.61;98.9;74.5;0.00;100.00
64003;1639;28.0;47;2.75;8570.0;0.00;0.00;19.22;98.9;75.5;0.00;100.00
64019;1635;27.0;47;2.35;8570.0;0.00;0.00;18.82;98.9;76.0;0.00;100.00
64029;1630;27.0;47;2.35;8570.0;0.00;0.00;18.82;98.9;77.0;0.00;100.00
64039;1625;27.0;47;2.35;8570.0;0.00;0.00;18.43;98.9;78.0;0.00;100.00
64048;1620;26.0;47;2.35;8570.0;0.00;0.00;18.04;98.9;79.0;0.00;100.00
64060;1616;26.0;47;2.75;8570.0;0.00;0.00;17.65;98.9;80.0;0.00;100.00
64080;1611;26.0;47;2.75;8570.0;0.00;0.00;17.25;98.9;81.0;0.00;100.00
64089;1606;26.0;47;2.75;8570.0;0.00;0.00;16.86;98.9;81.5;0.00;100.00
64102;1601;26.0;47;2.75;8570.0;0.00;0.00;16.86;98.9;82.5;0.00;100.00
64119;1596;26.0;47;3.14;8570.0;0.00;0.00;16.86;98.9;83.5;0.00;100.00
64129;1592;25.0;47;3.14;8570.0;0.00;0.00;16.86;98.9;83.5;0.00;100.00
64144;1587;25.0;47;3.14;8570.0;0.00;0.00;16.86;98.9;84.0;0.00;100.00
64162;1580;25.0;47;3.14;8570.0;0.00;0.00;16.86;98.9;84.0;0.00;100.00
64180;1574;25.0;47;3.53;8570.0;0.00;0.00;17.25;98.9;84.0;0.00;100.00
64188;1568;25.0;47;3.53;8570.0;0.00;0.00;17.25;98.9;84.0;0.00;100.00
64203;1561;25.0;47;3.53;8570.0;0.00;0.00;17.25;98.9;84.5;0.00;100.00
64220;1555;25.0;47;3.53;8570.0;0.00;0.00;17.25;98.9;84.5;0.00;100.00
64228;1549;25.0;47;3.53;8570.0;0.00;0.00;17.25;98.9;84.5;0.00;100.00
64240;1542;26.0;47;3.53;8570.0;0.00;0.00;17.25;98.9;84.5;0.00;100.00
64247;1536;26.0;47;3.53;8570.0;0.00;0.00;17.25;98.9;85.0;0.00;100.00
64260;1529;26.0;47;3.92;8570.0;0.00;0.00;17.25;98.9;85.0;0.00;100.00
64279;1523;26.0;47;3.92;8570.0;0.00;0.00;17.65;98.9;85.0;0.00;100.00
64294;1517;26.0;47;3.92;8570.0;0.00;0.00;17.65;98.9;85.0;0.00;100.00
64310;1509;26.0;47;3.92;8570.0;0.00;0.00;17.65;98.9;85.0;0.00;100.00
64327;1502;26.0;47;3.92;8570.0;0.00;0.00;17.65;98.9;85.0;0.00;100.00
64338;1495;26.0;47;3.92;8570.0;0.00;0.00;17.65;98.9;85.0;0.00;100.00
64347;1487;26.0;47;3.92;8570.0;0.00;0.00;17.65;98.9;85.5;0.00;100.00
64359;1480;26.0;47;3.92;8570.0;0.00;0.00;18.04;98.9;85.5;0.00;100.00
64367;1473;26.0;47;3.92;8580.0;0.00;0.00;18.04;98.9;85.5;0.00;100.00
64380;1465;27.0;47;3.92;8580.0;0.00;0.00;18.04;98.9;85.5;0.00;100.00
64403;1458;27.0;47;3.92;8580.0;0.00;0.00;18.04;98.9;85.5;0.00;100.00
64420;1451;27.0;47;3.53;8590.0;0.00;0.00;18.04;98.9;85.5;0.00;100.00
64439;1443;27.0;47;3.53;8590.0;0.00;0.00;18.04;98.9;85.5;0.00;100.00
64453;1436;27.0;47;3.53;8600.0;0.00;0.00;18.04;98.9;85.5;0.00;100.00
64469;1429;27.0;47;3.53;8600.0;0.00;0.00;18.04;98.9;85.5;0.00;100.00
64479;1422;27.0;47;3.53;8600.0;0.00;0.00;18.43;98.9;85.5;0.00;100.00
64489;1415;28.0;47;3.53;8610.0;0.00;0.00;18.43;98.9;85.5;0.00;100.00
64501;1408;28.0;47;3.53;8610.0;0.00;0.00;18.43;98.9;86.0;0.00;100.00
64519;1402;28.0;47;3.92;8610.0;0.00;0.00;18.43;98.9;86.0;0.00;100.00
64528;1395;28.0;47;3.92;8610.0;0.00;0.00;18.43;98.9;86.0;0.00;100.00
64537;1388;29.0;47;4.31;8610.0;0.00;0.00;18.43;98.9;86.0;0.00;100.00
64548;1381;29.0;48;4.31;8610.0;0.00;0.00;18.43;98.9;86.0;0.00;100.00
64560;1374;29.0;48;4.71;8610.0;0.00;0.00;18.82;98.9;86.0;0.00;100.00
64568;1367;29.0;48;4.71;8610.0;0.00;0.00;18.82;98.9;84.5;0.00;100.00
64582;1360;30.0;48;5.10;8610.0;0.00;0.00;18.82;98.9;83.5;0.00;100.00
64602;1358;30.0;48;5.10;8610.0;0.00;0.00;19.22;98.9;82.0;0.00;100.00
64619;1356;31.0;48;5.49;8610.0;0.00;0.00;19.22;98.9;81.0;0.00;100.00
64629;1353;32.0;48;5.49;8610.0;0.00;0.00;19.61;98.9;79.5;0.00;100.00
64638;1351;32.0;48;5.49;8610.0;0.00;0.00;19.61;98.9;78.5;0.00;100.00
64647;1348;33.0;48;5.49;8610.0;0.00;0.00;19.61;98.9;77.0;0.00;100.00
64662;1346;34.0;48;5.49;8610.0;0.00;0.00;20.00;98.9;76.0;0.00;100.00
64677;1343;35.0;48;5.49;8610.0;0.00;0.00;20.00;98.9;74.5;0.00;100.00
64689;1341;36.0;48;5.49;8610.0;0.00;0.00;20.78;98.9;73.5;0.00;100.00
64703;1338;37.0;48;5.49;8610.0;0.00;0.00;21.57;98.9;72.0;0.00;100.00
64721;1336;37.0;48;5.49;8610.0;0.00;0.00;22.35;98.9;71.5;0.00;100.00
64744;1334;38.0;48;5.49;8610.0;0.00;0.00;23.14;98.9;70.5;0.00;100.00
64758;1331;39.0;48;5.49;8610.0;0.00;0.00;23.92;98.9;70.0;0.00;100.00
64768;1329;39.0;48;5.49;8610.0;0.00;0.00;25.10;98.9;69.5;0.00;100.00
64778;1326;39.0;48;5.49;8610.0;0.00;0.00;25.88;98.9;68.5;0.00;100.00
64788;1324;39.0;48;5.49;8610.0;0.00;0.00;26.67;98.9;68.0;0.00;100.00
64803;1322;39.0;48;5.10;8610.0;0.00;0.00;27.45;98.9;67.0;0.00;100.00
64821;1319;39.0;48;5.10;8610.0;0.00;0.00;28.24;98.9;66.5;0.00;100.00
64836;1317;40.0;48;5.10;8610.0;0.00;0.00;29.02;98.9;66.0;0.00;100.00
64847;1315;40.0;48;4.71;8610.0;0.00;0.00;29.02;98.9;65.0;0.00;100.00
64860;1312;40.0;48;4.71;8610.0;0.00;0.00;28.63;98.9;64.5;0.00;100.00
64877;1310;40.0;48;4.31;8610.0;0.00;0.00;28.63;98.9;65.0;0.00;100.00
64896;1307;40.0;48;4.31;8610.0;0.00;0.00;28.24;98.9;65.5;0.00;100.00
64908;1306;40.0;48;4.31;8610.0;0.00;0.00;28.24;98.9;65.5;0.00;100.00
64920;1305;39.0;48;3.92;8610.0;0.00;0.00;27.84;98.9;66.0;0.00;100.00
64936;1303;38.0;48;3.92;8610.0;0.00;0.00;27.84;98.9;66.5;0.00;100.00
64949;1302;37.0;48;3.92;8610.0;0.00;0.00;27.45;98.9;67.0;0.00;100.00
64961;1301;36.0;48;3.53;8610.0;0.00;0.00;27.45;98.9;67.5;0.00;100.00
64977;1299;35.0;48;3.53;8610.0;0.00;0.00;27.06;98.9;68.0;0.00;100.00
64987;1298;35.0;48;3.53;8610.0;0.00;0.00;27.06;98.9;68.0;0.00;100.00
65002;1297;34.0;48;3.14;8610.0;0.00;0.00;26.67;98.9;68.5;0.00;100.00
65020;1296;33.0;48;3.14;8610.0;0.00;0.00;25.88;98.9;69.0;0.00;100.00
65028;1294;32.0;48;2.75;8610.0;0.00;0.00;25.49;98.9;70.0;0.00;100.00
65044;1293;31.0;48;2.75;8610.0;0.00;0.00;25.10;98.9;71.5;0.00;100.00
65060;1296;30.0;48;2.75;8610.0;0.00;0.00;24.31;98.9;72.5;0.00;100.00
65068;1299;30.0;48;2.35;8610.0;0.00;0.00;23.92;98.9;74.0;0.00;100.00
65077;1302;29.0;48;2.35;8610.0;0.00;0.00;23.14;98.9;75.0;0.00;100.00
65089;1305;29.0;48;2.35;8610.0;0.00;0.00;22.75;98.9;76.5;0.00;100.00
65100;1309;29.0;48;2.75;8610.0;0.00;0.00;22.35;98.9;77.5;0.00;100.00
65109;1312;29.0;48;2.75;8610.0;0.00;0.00;21.57;98.9;79.0;0.00;100.00
65121;1315;28.0;48;2.75;8610.0;0.00;0.00;21.18;98.9;80.0;0.00;100.00
65138;1318;28.0;48;2.75;8610.0;0.00;0.00;21.18;98.9;81.5;0.00;100.00
65147;1321;28.0;48;3.14;8610.0;0.00;0.00;20.78;98.9;82.5;0.00;100.00
65159;1324;28.0;48;3.14;8610.0;0.00;0.00;20.78;98.9;82.5;0.00;100.00
65174;1327;27.0;48;3.14;8610.0;0.00;0.00;20.78;98.9;83.0;0.00;100.00
65189;1324;27.0;48;3.14;8610.0;0.00;0.00;20.39;98.9;83.0;0.00;100.00
65200;1321;27.0;48;3.53;8610.0;0.00;0.00;20.39;98.9;83.5;0.00;100.00
65208;1317;27.0;48;3.53;8610.0;0.00;0.00;20.00;98.9;83.5;0.00;100.00
65219;1314;27.0;48;3.53;8610.0;0.00;0.00;20.00;98.9;84.0;0.00;100.00
65228;1311;27.0;48;3.53;8610.0;0.00;0.00;20.00;98.9;84.0;0.00;100.00
65238;1307;27.0;48;3.53;8610.0;0.00;0.00;19.61;98.9;84.5;0.00;100.00
65247;1304;28.0;48;3.53;8610.0;0.00;0.00;19.61;98.9;84.5;0.00;100.00
65261;1301;28.0;48;3.53;8610.0;0.00;0.00;19.61;98.9;85.0;0.00;100.00
65278;1298;28.0;48;3.14;8610.0;0.00;0.00;19.22;98.9;85.0;0.00;100.00
65287;1294;28.0;48;3.14;8610.0;0.00;0.00;19.22;98.9;85.5;0.00;100.00
65304;1291;28.0;48;3.14;8610.0;0.00;0.00;19.22;98.9;86.5;0.00;100.00
65320;1293;28.0;48;3.14;8610.0;0.00;0.00;19.22;98.9;87.0;0.00;100.00
65329;1295;28.0;48;3.14;8610.0;0.00;0.00;18.82;98.9;87.5;0.00;100.00
65340;1297;27.0;48;3.14;8610.0;0.00;0.00;18.82;98.9;88.5;0.00;100.00
65361;1300;27.0;48;3.14;8610.0;0.00;0.00;18.82;98.9;89.0;0.00;100.00
65378;1302;27.0;48;3.14;8610.0;0.00;0.00;18.82;98.9;90.0;0.00;100.00
65387;1304;26.0;48;2.75;8610.0;0.00;0.00;18.43;98.9;90.5;0.00;100.00
65402;1306;26.0;48;2.75;8610.0;0.00;0.00;18.43;98.9;91.0;0.00;100.00
65421;1308;25.0;48;2.75;8610.0;0.00;0.00;18.04;98.9;92.0;0.00;100.00
65438;1310;25.0;48;2.75;8610.0;0.00;0.00;18.04;98.9;92.5;0.00;100.00
65447;1312;25.0;48;2.75;8610.0;0.00;0.00;17.65;98.9;93.0;0.00;100.00
65463;1315;24.0;48;2.75;8610.0;0.00;0.00;17.65;98.9;93.0;0.00;100.00
65478;1314;24.0;48;2.35;8610.0;0.00;0.00;17.25;98.9;93.5;0.00;100.00
65487;1314;24.0;48;2.35;8610.0;0.00;0.00;17.25;98.9;94.0;0.00;100.00
65500;1314;24.0;48;2.35;8610.0;0.00;0.00;16.86;98.9;94.5;0.00;100.00
65510;1314;23.0;48;2.35;8610.0;0.00;0.00;16.86;98.9;94.5;0.00;100.00
65522;1314;23.0;48;2.35;8610.0;0.00;0.00;16.47;98.9;95.0;0.00;100.00
65538;1314;23.0;48;2.35;8610.0;0.00;0.00;16.47;98.9;95.5;0.00;100.00
65549;1313;23.0;48;2.35;8610.0;0.00;0.00;16.08;98.9;96.0;0.00;100.00
65561;1313;23.0;48;2.35;8610.0;0.00;0.00;15.69;98.9;96.0;0.00;100.00
65580;1313;23.0;48;2.35;8610.0;0.00;0.00;15.69;98.9;96.5;0.00;100.00
65588;1313;22.0;48;2.35;8610.0;0.00;0.00;15.29;98.9;96.5;0.00;0.00
65603;1313;22.0;48;2.35;8610.0;0.00;0.00;15.29;98.9;96.5;0.00;0.00
65621;1312;22.0;48;2.35;8610.0;0.00;0.00;14.90;98.9;96.5;0.00;0.00
65639;1311;22.0;48;2.35;8610.0;0.00;0.00;14.90;98.9;96.5;0.00;0.00
65649;1310;22.0;48;2.35;8610.0;0.00;0.00;14.51;98.9;96.5;0.00;0.00
65661;1310;22.0;48;2.35;8610.0;0.00;0.00;14.51;98.9;97.0;0.00;0.00
65679;1309;22.0;48;2.35;8610.0;0.00;0.00;14.12;98.9;97.0;0.00;0.00
65688;1308;22.0;48;2.35;8610.0;0.00;0.00;14.12;98.9;97.0;0.00;0.00
65701;1307;22.0;48;2.35;8610.0;0.00;0.00;13.73;98.9;97.0;0.00;0.00
65720;1307;22.0;48;2.35;8610.0;0.00;0.00;13.73;98.9;97.0;0.00;0.00
65729;1306;22.0;48;2.35;8610.0;0.00;0.00;13.73;98.9;97.0;0.00;0.00
65737;1305;22.0;48;2.35;8610.0;0.00;0.00;13.33;98.9;97.0;0.00;0.00
65754;1304;22.0;48;2.35;8610.0;0.00;0.00;13.33;98.9;97.0;0.00;0.00
65769;1304;22.0;48;2.35;8610.0;0.00;0.00;13.33;98.9;97.0;0.00;0.00
65779;1304;22.0;48;2.35;8610.0;0.00;0.00;13.33;98.9;97.0;0.00;0.00
65789;1304;22.0;48;2.35;8610.0;0.00;0.00;13.33;98.9;97.0;0.00;0.00
65800;1304;22.0;48;2.35;8610.0;0.00;0.00;13.33;98.9;97.0;0.00;0.00
65820;1303;22.0;48;2.35;8610.0;0.00;0.00;12.94;98.9;97.0;0.00;0.00
65838;1303;22.0;48;2.35;8610.0;0.00;0.00;12.94;98.9;97.0;0.00;0.00
65847;1303;22.0;48;2.35;8610.0;0.00;0.00;12.94;98.9;97.0;0.00;0.00
65861;1303;22.0;48;2.35;8610.0;0.00;0.00;12.94;98.9;97.0;0.00;0.00
65879;1303;22.0;48;2.35;8610.0;0.00;0.00;12.94;98.9;97.0;0.00;0.00
65889;1302;22.0;48;2.35;8610.0;0.00;0.00;12.94;98.9;97.0;0.00;0.00
65905;1302;22.0;48;2.35;8610.0;0.00;0.00;12.94;98.9;97.0;0.00;0.00
65921;1302;22.0;48;2.35;8610.0;0.00;0.00;12.94;98.9;97.0;0.00;0.00
65939;1302;22.0;48;2.35;8610.0;0.00;0.00;12.94;98.9;97.0;0.00;0.00
65949;1302;22.0;48;2.35;8610.0;0.00;0.00;12.94;98.9;97.0;0.00;0.00
65961;1301;22.0;48;2.35;8610.0;0.00;0.00;12.94;98.9;97.0;0.00;0.00
65978;1301;22.0;48;2.35;8610.0;0.00;0.00;12.94;98.9;97.0;0.00;0.00
65988;1301;22.0;48;2.35;8610.0;0.00;0.00;12.94;98.9;97.0;0.00;0.00
66001;1301;22.0;48;2.35;8610.0;0.00;0.00;12.94;98.9;97.0;0.00;0.00
66020;1301;22.0;48;2.35;8610.0;0.00;0.00;12.94;98.9;97.0;0.00;0.00
66037;1301;22.0;48;1.96;8610.0;0.00;0.00;12.94;98.9;97.0;0.00;0.00
66050;1301;22.0;48;1.96;8610.0;0.00;0.00;12.94;98.9;97.0;0.00;0.00
66074;1300;22.0;48;1.96;8610.0;0.00;0.00;12.94;98.9;97.0;0.00;0.00
66088;1300;22.0;48;1.96;8610.0;0.00;0.00;12.94;98.9;97.0;0.00;0.00
66101;1299;22.0;48;1.96;8610.0;0.00;0.00;13.33;98.9;97.0;0.00;0.00
66121;1298;22.0;48;1.96;8610.0;0.00;0.00;13.33;98.9;97.0;0.00;0.00
66138;1297;22.0;48;1.96;8610.0;0.00;0.00;13.33;98.9;97.5;0.00;0.00
66147;1297;22.0;48;1.96;8610.0;0.00;0.00;13.33;98.9;97.5;0.00;0.00
66159;1296;22.0;48;1.96;8610.0;0.00;0.00;13.33;98.9;97.5;0.00;0.00
66167;1295;22.0;48;1.96;8610.0;0.00;0.00;13.33;98.9;97.5;0.00;0.00
66179;1294;22.0;48;1.96;8610.0;0.00;0.00;13.33;98.9;97.5;0.00;0.00
66188;1293;22.0;48;2.35;8610.0;0.00;0.00;13.33;98.9;97.5;0.00;0.00
66201;1293;22.0;48;2.35;8610.0;0.00;0.00;13.33;98.9;97.5;0.00;0.00
66225;1292;22.0;48;2.35;8610.0;0.00;0.00;13.33;98.9;97.5;0.00;0.00
66239;1292;22.0;48;2.35;8610.0;0.00;0.00;13.33;98.9;97.5;0.00;0.00
66249;1291;22.0;48;2.35;8610.0;0.00;0.00;12.94;98.9;97.5;0.00;0.00
66259;1291;22.0;48;2.35;8610.0;0.00;0.00;12.94;98.9;97.5;0.00;0.00
66268;1291;22.0;48;2.35;8610.0;0.00;0.00;12.94;98.9;97.5;0.00;0.00
66279;1291;22.0;48;2.35;8610.0;0.00;0.00;12.94;98.9;97.5;0.00;0.00
66288;1291;22.0;48;2.35;8610.0;0.00;0.00;12.94;98.9;97.5;0.00;0.00
66303;1290;22.0;48;2.35;8610.0;0.00;0.00;12.94;98.9;97.5;0.00;0.00
66320;1290;22.0;48;2.35;8610.0;0.00;0.00;12.94;98.9;97.5;0.00;0.00
66329;1290;22.0;48;2.35;8610.0;0.00;0.00;12.94;98.9;97.5;0.00;0.00
66338;1290;22.0;48;2.35;8610.0;0.00;0.00;12.94;98.9;97.5;0.00;0.00
66354;1290;22.0;48;2.35;8610.0;0.00;0.00;12.94;98.9;97.5;0.00;0.00
66370;1289;22.0;48;2.35;8610.0;0.00;0.00;12.94;98.9;97.5;0.00;0.00
66378;1289;22.0;48;2.35;8610.0;0.00;0.00;12.94;98.9;97.5;0.00;0.00
66392;1288;22.0;48;2.35;8610.0;0.00;0.00;12.94;98.9;97.5;0.00;0.00
66409;1288;22.0;48;2.35;8610.0;0.00;0.00;12.94;98.9;97.5;0.00;0.00
66428;1287;22.0;48;2.35;8610.0;0.00;0.00;12.94;98.9;97.5;0.00;0.00
66439;1287;22.0;48;2.35;8610.0;0.00;0.00;12.94;98.9;97.5;0.00;0.00
66448;1287;22.0;48;2.35;8610.0;0.00;0.00;12.94;98.9;97.5;0.00;0.00
66461;1286;22.0;48;2.35;8610.0;0.00;0.00;12.94;98.9;97.5;0.00;0.00
66479;1286;22.0;48;2.35;8610.0;0.00;0.00;12.94;98.9;97.5;0.00;0.00
66489;1285;22.0;48;2.35;8610.0;0.00;0.00;12.94;98.9;97.5;0.00;0.00
66503;1285;22.0;48;2.35;8610.0;0.00;0.00;12.94;98.9;97.5;0.00;0.00
66520;1285;22.0;48;2.35;8610.0;0.00;0.00;12.94;98.9;97.5;0.00;0.00
66529;1285;22.0;48;2.35;8610.0;0.00;0.00;12.94;98.9;97.5;0.00;0.00
66539;1285;22.0;48;2.35;8610.0;0.00;0.00;12.94;98.9;97.5;0.00;0.00
66547;1285;21.0;48;2.35;8610.0;0.00;0.00;12.94;98.9;97.5;0.00;0.00
66559;1285;21.0;48;2.35;8610.0;0.00;0.00;12.94;98.9;97.5;0.00;0.00
66569;1285;21.0;48;2.35;8610.0;0.00;0.00;12.94;98.9;97.5;0.00;0.00
66578;1285;21.0;48;2.35;8610.0;0.00;0.00;12.94;98.9;97.5;0.00;0.00
66589;1285;21.0;48;2.35;8610.0;0.00;0.00;12.55;98.9;97.5;0.00;0.00
66601;1285;21.0;48;2.35;8610.0;0.00;0.00;12.55;98.9;97.5;0.00;0.00
66619;1285;20.0;48;2.35;8610.0;0.00;0.00;12.16;98.9;97.5;0.00;0.00
66635;1285;20.0;48;2.35;8610.0;0.00;0.00;11.76;98.9;97.5;0.00;0.00
66650;1285;20.0;48;2.35;8610.0;0.00;0.00;11.37;98.9;97.5;0.00;0.00
66661;1284;20.0;48;2.35;8610.0;0.00;0.00;11.37;98.9;97.5;0.00;0.00
66679;1284;20.0;48;2.35;8610.0;0.00;0.00;10.98;98.9;97.5;0.00;0.00
66688;1283;20.0;48;2.35;8610.0;0.00;0.00;10.59;98.9;97.5;0.00;0.00
66701;1283;20.0;48;2.35;8610.0;0.00;0.00;10.20;98.9;97.5;0.00;0.00
66718;1282;20.0;48;2.35;8610.0;0.00;0.00;10.20;98.9;97.5;0.00;0.00
66729;1281;21.0;48;2.35;8610.0;0.00;0.00;9.80;98.9;97.5;0.00;0.00
66738;1281;21.0;48;2.35;8610.0;0.00;0.00;10.20;98.9;97.5;0.00;0.00
66748;1280;21.0;48;2.35;8610.0;0.00;0.00;10.59;98.9;97.5;0.00;0.00
66762;1280;21.0;48;2.35;8610.0;0.00;0.00;10.59;98.9;97.5;0.00;0.00
66785;1279;21.0;48;2.35;8610.0;0.00;0.00;10.98;98.9;97.5;0.00;0.00
66801;1279;21.0;48;2.35;8610.0;0.00;0.00;11.37;98.9;97.5;0.00;0.00
66818;1279;21.0;48;2.35;8610.0;0.00;0.00;11.76;98.9;97.5;0.00;0.00
66829;1278;21.0;48;2.35;8610.0;0.00;0.00;12.16;98.9;97.5;0.00;0.00
66839;1278;21.0;48;2.35;8610.0;0.00;0.00;12.55;98.9;97.5;0.00;0.00
66847;1278;21.0;48;2.35;8610.0;0.00;0.00;12.55;98.9;97.5;0.00;0.00
66859;1278;21.0;48;2.35;8610.0;0.00;0.00;12.94;98.9;97.5;0.00;0.00
66867;1277;22.0;48;2.35;8610.0;0.00;0.00;13.33;98.9;97.5;0.00;0.00
66875;1277;22.0;48;2.35;8610.0;0.00;0.00;13.33;98.9;97.5;0.00;0.00
66888;1277;22.0;48;2.35;8610.0;0.00;0.00;13.33;98.9;97.5;0.00;0.00
66900;1277;22.0;48;2.35;8610.0;0.00;0.00;13.33;98.9;97.5;0.00;0.00
66925;1276;22.0;48;2.35;8610.0;0.00;0.00;13.33;98.9;97.5;0.00;0.00
66939;1276;22.0;48;2.35;8610.0;0.00;0.00;13.33;98.9;97.5;0.00;0.00
66949;1276;22.0;48;2.35;8610.0;0.00;0.00;12.94;98.9;97.5;0.00;0.00
66962;1275;22.0;48;2.35;8610.0;0.00;0.00;12.94;98.9;97.5;0.00;0.00
66980;1275;22.0;48;2.35;8610.0;0.00;0.00;12.94;98.9;97.5;0.00;0.00
66986;1275;22.0;48;2.35;8610.0;0.00;0.00;12.94;98.9;97.5;0.00;0.00
67000;1274;22.0;48;2.75;8610.0;0.00;0.00;12.94;98.9;97.5;0.00;0.00
67009;1274;21.0;48;2.75;8610.0;0.00;0.00;12.94;98.9;97.5;0.00;0.00
67021;1274;21.0;48;2.75;8610.0;0.00;0.00;12.55;98.9;97.5;0.00;0.00
67039;1273;21.0;48;2.75;8610.0;0.00;0.00;11.76;98.9;97.5;0.00;0.00
67050;1273;21.0;48;2.75;8610.0;0.00;0.00;11.37;98.9;97.5;0.00;0.00
67073;1273;21.0;48;2.75;8610.0;0.00;0.00;10.98;98.9;97.5;0.00;0.00
67090;1272;21.0;48;3.14;8610.0;0.00;0.00;10.59;98.9;97.5;0.00;0.00
67102;1272;21.0;48;3.14;8610.0;0.00;0.00;9.80;98.9;97.5;0.00;0.00
67123;1272;21.0;48;3.14;8610.0;0.00;0.00;9.41;98.9;97.5;0.00;0.00
67136;1271;21.0;48;3.14;8610.0;0.00;0.00;9.02;98.9;98.0;0.00;0.00
67149;1271;21.0;48;3.14;8610.0;0.00;0.00;8.63;98.9;98.0;0.00;0.00
67162;1271;21.0;48;2.75;8610.0;0.00;0.00;7.84;98.9;98.0;0.00;0.00
67175;1270;22.0;48;2.75;8610.0;0.00;0.00;7.45;98.9;98.0;0.00;0.00
67189;1270;22.0;48;2.75;8610.0;0.00;0.00;7.84;98.9;98.0;0.00;0.00
67200;1270;22.0;48;2.75;8610.0;0.00;0.00;8.63;98.9;98.0;0.00;0.00
67208;1269;22.0;48;2.75;8610.0;0.00;0.00;9.02;98.9;98.0;0.00;0.00
67224;1269;22.0;48;2.75;8610.0;0.00;0.00;9.80;98.9;98.0;0.00;0.00
67239;1269;22.0;48;2.35;8610.0;0.00;0.00;10.20;98.9;98.0;0.00;0.00
67246;1268;22.0;48;2.35;8610.0;0.00;0.00;10.98;98.9;98.0;0.00;0.00
67261;1267;22.0;48;2.35;8610.0;0.00;0.00;11.37;98.9;98.0;0.00;0.00
67279;1267;22.0;48;2.35;8610.0;0.00;0.00;12.16;98.9;98.0;0.00;0.00
67287;1266;22.0;48;2.35;8610.0;0.00;0.00;12.55;98.9;98.0;0.00;0.00
67301;1266;22.0;48;2.35;8610.0;0.00;0.00;13.33;98.9;98.0;0.00;0.00
67321;1265;22.0;48;2.35;8610.0;0.00;0.00;13.73;98.9;98.0;0.00;0.00
67339;1265;22.0;49;2.35;8610.0;0.00;0.00;13.73;98.9;98.0;0.00;0.00
67350;1264;22.0;49;2.35;8610.0;0.00;0.00;13.73;98.9;98.0;0.00;0.00
67358;1263;22.0;49;2.35;8610.0;0.00;0.00;13.73;98.9;98.0;0.00;0.00
67372;1263;22.0;49;2.35;8610.0;0.00;0.00;13.73;98.9;98.0;0.00;0.00
67387;1262;22.0;49;2.35;8610.0;0.00;0.00;13.73;98.9;98.0;0.00;0.00
67402;1262;22.0;49;2.35;8610.0;0.00;0.00;13.33;98.9;98.0;0.00;0.00
67422;1261;22.0;49;2.35;8610.0;0.00;0.00;13.33;98.9;98.0;0.00;0.00
67440;1261;22.0;49;2.35;8610.0;0.00;0.00;13.33;98.9;98.0;0.00;0.00
67449;1260;22.0;49;2.35;8610.0;0.00;0.00;13.33;98.9;98.0;0.00;0.00
67463;1260;22.0;49;2.35;8610.0;0.00;0.00;13.33;98.9;98.0;0.00;0.00
67477;1259;22.0;49;2.35;8610.0;0.00;0.00;13.33;98.9;98.0;0.00;0.00
67490;1259;22.0;49;2.35;8610.0;0.00;0.00;13.33;98.9;98.0;0.00;0.00
67501;1258;22.0;49;2.35;8610.0;0.00;0.00;13.33;98.9;98.0;0.00;0.00
67518;1257;22.0;49;2.35;8610.0;0.00;0.00;13.33;98.9;98.0;0.00;0.00
67534;1257;22.0;49;2.35;8610.0;0.00;0.00;13.33;98.9;98.0;0.00;0.00
67547;1257;22.0;49;2.35;8610.0;0.00;0.00;13.33;98.9;98.0;0.00;0.00
67558;1257;22.0;49;2.35;8610.0;0.00;0.00;12.94;98.9;98.0;0.00;0.00
67568;1257;22.0;49;2.35;8610.0;0.00;0.00;12.94;98.9;98.0;0.00;0.00
67577;1257;22.0;49;2.35;8610.0;0.00;0.00;12.94;98.9;98.0;0.00;0.00
67587;1256;22.0;49;2.35;8610.0;0.00;0.00;12.94;98.9;98.0;0.00;0.00
67601;1256;22.0;49;2.35;8610.0;0.00;0.00;12.94;98.9;98.0;0.00;0.00
67618;1256;22.0;49;2.35;8610.0;0.00;0.00;12.94;98.9;98.0;0.00;0.00
67628;1256;22.0;49;2.35;8610.0;0.00;0.00;12.94;98.9;98.0;0.00;0.00
67637;1256;22.0;49;2.35;8610.0;0.00;0.00;12.94;98.9;98.0;0.00;0.00
67647;1256;22.0;49;2.35;8610.0;0.00;0.00;12.94;98.9;98.0;0.00;0.00
67664;1256;22.0;49;2.35;8610.0;0.00;0.00;12.94;98.9;98.0;0.00;0.00
67679;1255;22.0;49;2.35;8610.0;0.00;0.00;12.94;98.9;98.0;0.00;0.00
67687;1255;22.0;49;2.35;8610.0;0.00;0.00;12.94;98.9;98.0;0.00;0.00
67702;1254;22.0;49;2.35;8610.0;0.00;0.00;12.94;98.9;98.0;0.00;0.00
67717;1253;22.0;49;2.35;8610.0;0.00;0.00;12.94;98.9;98.0;0.00;0.00
67727;1253;22.0;49;2.35;8610.0;0.00;0.00;12.94;98.9;98.0;0.00;0.00
67736;1252;22.0;49;2.35;8610.0;0.00;0.00;12.94;98.9;98.0;0.00;0.00
67748;1252;22.0;49;2.35;8610.0;0.00;0.00;12.94;98.9;98.0;0.00;0.00
67759;1251;22.0;49;2.35;8610.0;0.00;0.00;12.94;98.9;98.0;0.00;0.00
67768;1250;22.0;49;2.35;8610.0;0.00;0.00;12.94;98.9;98.0;0.00;0.00
67779;1250;22.0;49;2.35;8610.0;0.00;0.00;12.94;98.9;98.0;0.00;0.00
67795;1249;22.0;49;2.35;8610.0;0.00;0.00;12.94;98.9;98.0;0.00;0.00
67811;1248;22.0;49;2.35;8610.0;0.00;0.00;12.94;98.9;98.0;0.00;0.00
67827;1248;22.0;49;2.35;8610.0;0.00;0.00;12.94;98.9;98.0;0.00;0.00
67836;1247;22.0;49;2.35;8610.0;0.00;0.00;12.94;98.9;98.0;0.00;0.00
67847;1246;22.0;49;2.35;8610.0;0.00;0.00;12.94;98.9;98.0;0.00;0.00
67861;1246;22.0;49;2.35;8610.0;0.00;0.00;12.94;98.9;98.0;0.00;0.00
67877;1245;22.0;49;2.35;8610.0;0.00;0.00;12.94;98.9;98.0;0.00;0.00
67888;1245;22.0;49;2.35;8610.0;0.00;0.00;12.94;98.9;98.0;0.00;0.00
67900;1244;22.0;49;2.35;8610.0;0.00;0.00;12.94;98.9;98.0;0.00;0.00
67907;1243;22.0;49;2.35;8610.0;0.00;0.00;12.94;98.9;98.0;0.00;0.00
67918;1243;22.0;49;2.35;8610.0;0.00;0.00;12.94;98.9;98.0;0.00;0.00
67934;1242;22.0;49;2.35;8610.0;0.00;0.00;12.94;98.9;98.0;0.00;0.00
67948;1242;22.0;49;2.35;8610.0;0.00;0.00;12.94;98.9;98.0;0.00;0.00
67960;1242;22.0;49;2.35;8610.0;0.00;0.00;12.94;98.9;98.0;0.00;0.00
67966;1242;22.0;49;2.35;8610.0;0.00;0.00;12.94;98.9;98.0;0.00;0.00
67977;1242;22.0;49;2.35;8610.0;0.00;0.00;12.94;98.9;98.0;0.00;0.00
67986;1241;22.0;49;2.35;8610.0;0.00;0.00;12.94;98.9;98.0;0.00;0.00
68000;1241;22.0;49;2.35;8610.0;0.00;0.00;12.94;98.9;98.0;0.00;0.00
68018;1241;22.0;49;2.35;8610.0;0.00;0.00;12.94;98.9;98.0;0.00;0.00
68028;1241;22.0;49;2.35;8610.0;0.00;0.00;12.94;98.9;98.0;0.00;0.00
68037;1241;22.0;49;1.96;8610.0;0.00;0.00;12.94;98.9;98.0;0.00;0.00
68047;1241;22.0;49;1.96;8610.0;0.00;0.00;12.94;98.9;98.0;0.00;0.00
68064;1241;22.0;49;1.96;8610.0;0.00;0.00;12.94;98.9;98.0;0.00;0.00
68077;1241;22.0;49;1.96;8610.0;0.00;0.00;12.94;98.9;98.0;0.00;0.00
68087;1241;22.0;49;1.96;8610.0;0.00;0.00;12.94;98.9;98.0;0.00;0.00
68102;1241;22.0;49;1.96;8610.0;0.00;0.00;12.94;98.9;98.0;0.00;0.00
68119;1241;22.0;49;1.96;8610.0;0.00;0.00;12.94;98.9;98.0;0.00;0.00
68129;1241;22.0;49;1.96;8610.0;0.00;0.00;12.94;98.9;98.0;0.00;0.00
68138;1241;22.0;49;1.96;8610.0;0.00;0.00;12.94;98.9;98.0;0.00;0.00
68146;1241;21.0;49;1.96;8610.0;0.00;0.00;12.94;98.9;98.0;0.00;0.00
68160;1241;21.0;49;1.96;8610.0;0.00;0.00;12.94;98.9;98.0;0.00;0.00
68179;1241;21.0;49;1.96;8610.0;0.00;0.00;12.94;98.9;98.0;0.00;0.00
68187;1242;21.0;49;1.96;8610.0;0.00;0.00;12.94;98.9;98.0;0.00;0.00
68205;1242;21.0;49;1.96;8610.0;0.00;0.00;12.94;98.9;98.0;0.00;0.00
68219;1241;21.0;49;1.96;8610.0;0.00;0.00;12.94;98.9;98.0;0.00;0.00
68228;1240;21.0;49;1.96;8610.0;0.00;0.00;12.94;98.9;98.0;0.00;0.00
68237;1239;21.0;49;1.96;8610.0;0.00;0.00;12.94;98.9;98.0;0.00;0.00
68247;1238;21.0;49;1.96;8610.0;0.00;0.00;12.94;98.9;98.0;0.00;0.00
68260;1237;21.0;49;1.96;8610.0;0.00;0.00;12.94;98.9;98.0;0.00;0.00
68268;1237;21.0;49;1.96;8610.0;0.00;0.00;12.94;98.9;98.0;0.00;0.00
68282;1236;22.0;49;1.96;8610.0;0.00;0.00;12.94;98.9;98.0;0.00;0.00
68302;1235;22.0;49;1.96;8610.0;0.00;0.00;12.94;98.9;98.0;0.00;0.00
68319;1234;22.0;49;1.96;8610.0;0.00;0.00;12.94;98.9;98.0;0.00;0.00
68328;1233;22.0;49;1.96;8610.0;0.00;0.00;12.94;98.9;98.0;0.00;0.00
68343;1232;22.0;49;1.96;8610.0;0.00;0.00;12.94;98.9;98.0;0.00;0.00
68359;1233;22.0;49;1.96;8610.0;0.00;0.00;12.94;98.9;98.0;0.00;0.00
68369;1233;22.0;49;1.96;8610.0;0.00;0.00;12.94;98.9;98.0;0.00;0.00
68376;1233;22.0;49;1.96;8610.0;0.00;0.00;12.94;98.9;98.0;0.00;0.00
68388;1233;22.0;49;1.96;8610.0;0.00;0.00;12.94;98.9;98.0;0.00;0.00
68401;1234;22.0;49;1.96;8610.0;0.00;0.00;12.94;98.9;98.0;0.00;0.00
68418;1234;22.0;49;1.96;8610.0;0.00;0.00;12.94;98.9;98.0;0.00;0.00
68427;1234;21.0;49;1.96;8610.0;0.00;0.00;12.94;98.9;98.0;0.00;0.00
68438;1234;21.0;49;1.96;8610.0;0.00;0.00;12.94;98.9;98.0;0.00;0.00
68447;1234;21.0;49;1.96;8610.0;0.00;0.00;12.94;98.9;98.0;0.00;0.00
68460;1235;21.0;49;1.96;8610.0;0.00;0.00;12.94;98.9;98.0;0.00;0.00
68484;1235;21.0;49;1.96;8610.0;0.00;0.00;12.94;98.9;98.0;0.00;0.00
68501;1235;21.0;49;1.96;8610.0;0.00;0.00;12.94;98.9;98.0;0.00;0.00
68520;1234;21.0;49;1.96;8610.0;0.00;0.00;12.94;98.9;98.0;0.00;0.00
68538;1234;21.0;49;1.96;8610.0;0.00;0.00;12.94;98.9;98.0;0.00;0.00
68547;1234;21.0;49;1.96;8610.0;0.00;0.00;12.94;98.9;98.0;0.00;0.00
68560;1233;21.0;49;1.96;8610.0;0.00;0.00;12.94;98.9;98.0;0.00;0.00
68569;1233;21.0;49;1.96;8610.0;0.00;0.00;12.94;98.9;98.0;0.00;0.00
68582;1232;22.0;49;1.96;8610.0;0.00;0.00;12.94;98.9;98.0;0.00;0.00
68601;1232;22.0;49;1.96;8610.0;0.00;0.00;12.94;98.9;98.0;0.00;0.00
68620;1232;22.0;49;1.96;8610.0;0.00;0.00;12.94;98.9;98.0;0.00;0.00
68637;1231;22.0;49;1.96;8610.0;0.00;0.00;12.94;98.9;98.0;0.00;0.00
68652;1231;22.0;49;1.96;8610.0;0.00;0.00;12.94;98.9;98.0;0.00;0.00
68667;1232;22.0;49;1.96;8610.0;0.00;0.00;12.94;98.9;98.0;0.00;0.00
68679;1233;22.0;49;1.96;8610.0;0.00;0.00;12.94;98.9;98.0;0.00;0.00
68687;1234;22.0;49;1.96;8610.0;0.00;0.00;12.94;98.9;98.0;0.00;0.00
68702;1235;22.0;49;1.96;8610.0;0.00;0.00;12.94;98.9;98.0;0.00;0.00
68720;1236;22.0;49;1.96;8610.0;0.00;0.00;12.94;98.9;98.0;0.00;0.00
68738;1237;22.0;49;1.96;8610.0;0.00;0.00;12.94;98.9;98.0;0.00;0.00
68747;1238;22.0;49;1.96;8610.0;0.00;0.00;12.94;98.9;98.0;0.00;0.00
68760;1239;22.0;49;1.96;8610.0;0.00;0.00;12.94;98.9;98.0;0.00;0.00
68768;1240;22.0;49;1.96;8610.0;0.00;0.00;12.94;98.9;98.0;0.00;0.00
68780;1240;22.0;49;1.96;8610.0;0.00;0.00;12.94;98.9;98.0;0.00;0.00
68794;1241;22.0;49;1.96;8610.0;0.00;0.00;12.94;98.9;98.0;0.00;0.00
68808;1240;22.0;49;1.96;8610.0;0.00;0.00;12.94;98.9;98.0;0.00;0.00
68820;1238;22.0;49;1.96;8610.0;0.00;0.00;12.94;98.9;98.0;0.00;0.00
68828;1236;22.0;49;1.96;8610.0;0.00;0.00;12.94;98.9;98.0;0.00;0.00
68838;1235;22.0;49;1.96;8610.0;0.00;0.00;12.94;98.9;98.0;0.00;0.00
68848;1233;22.0;49;1.96;8610.0;0.00;0.00;12.94;98.9;98.0;0.00;0.00
68860;1232;22.0;49;1.96;8610.0;0.00;0.00;12.94;98.9;98.0;0.00;0.00
68868;1230;22.0;49;1.96;8610.0;0.00;0.00;12.94;98.9;98.0;0.00;0.00
68880;1228;22.0;49;1.96;8610.0;0.00;0.00;12.94;98.9;98.0;0.00;0.00
68900;1227;22.0;49;1.96;8610.0;0.00;0.00;12.94;98.9;98.0;0.00;0.00
68921;1225;22.0;49;1.96;8610.0;0.00;0.00;12.94;98.9;98.0;0.00;0.00
68944;1223;22.0;49;1.96;8610.0;0.00;0.00;12.94;98.9;98.0;0.00;0.00
68960;1224;22.0;49;1.96;8610.0;0.00;0.00;12.94;98.9;98.0;0.00;0.00
68979;1224;22.0;49;1.96;8610.0;0.00;0.00;12.94;98.9;98.0;0.00;0.00
68988;1224;22.0;49;1.96;8610.0;0.00;0.00;12.94;98.9;98.0;0.00;0.00
69000;1225;22.0;49;1.96;8610.0;0.00;0.00;12.94;98.9;98.0;0.00;0.00
69018;1225;22.0;49;1.96;8610.0;0.00;0.00;12.94;98.9;98.0;0.00;0.00
69027;1225;22.0;49;1.96;8610.0;0.00;0.00;12.94;98.9;98.0;0.00;0.00
69038;1226;22.0;49;1.96;8610.0;0.00;0.00;12.94;98.9;98.0;0.00;0.00
69049;1226;22.0;49;1.96;8610.0;0.00;0.00;12.94;98.9;98.0;0.00;0.00
69060;1226;22.0;49;1.96;8610.0;0.00;0.00;12.94;98.9;98.0;0.00;0.00
69082;1227;22.0;49;1.96;8610.0;0.00;0.00;12.94;98.9;98.0;0.00;0.00
69104;1227;22.0;49;1.96;8610.0;0.00;0.00;12.94;98.9;98.0;0.00;0.00
69120;1226;22.0;49;1.96;8610.0;0.00;0.00;12.94;98.9;98.0;0.00;0.00
69128;1226;22.0;49;1.96;8610.0;0.00;0.00;12.94;98.9;98.0;0.00;0.00
69138;1225;22.0;49;1.96;8610.0;0.00;0.00;12.94;98.9;98.0;0.00;0.00
69149;1224;22.0;49;1.96;8610.0;0.00;0.00;12.94;98.9;98.0;0.00;0.00
69159;1223;22.0;49;1.96;8610.0;0.00;0.00;12.94;98.9;98.0;0.00;0.00
69167;1223;22.0;49;1.96;8610.0;0.00;0.00;12.94;98.9;98.0;0.00;0.00
69180;1222;21.0;49;1.96;8610.0;0.00;0.00;12.94;98.9;98.0;0.00;0.00
69188;1221;21.0;49;1.96;8610.0;0.00;0.00;12.94;98.9;98.0;0.00;0.00
69199;1220;21.0;49;1.96;8610.0;0.00;0.00;12.94;98.9;98.0;0.00;0.00
69208;1220;21.0;49;1.96;8610.0;0.00;0.00;12.94;98.9;98.0;0.00;0.00
69223;1219;21.0;49;1.96;8610.0;0.00;0.00;12.94;98.9;98.0;0.00;0.00
69236;1219;21.0;49;1.96;8610.0;0.00;0.00;12.94;98.9;98.0;0.00;0.00
69249;1220;21.0;49;1.96;8610.0;0.00;0.00;12.94;98.9;98.0;0.00;0.00
69260;1221;21.0;49;1.96;8610.0;0.00;0.00;12.94;98.9;98.0;0.00;0.00
69268;1221;21.0;49;1.96;8610.0;0.00;0.00;12.94;98.9;98.0;0.00;0.00
69280;1222;21.0;49;1.96;8610.0;0.00;0.00;12.94;98.9;98.0;0.00;0.00
69288;1223;21.0;49;1.96;8610.0;0.00;0.00;12.94;98.9;98.0;0.00;0.00
69303;1223;21.0;49;1.96;8610.0;0.00;0.00;12.94;98.9;98.0;0.00;0.00
69321;1224;21.0;49;1.96;8610.0;0.00;0.00;12.94;98.9;98.0;0.00;0.00
69338;1224;21.0;49;1.96;8610.0;0.00;0.00;12.94;98.9;98.0;0.00;0.00
69347;1225;21.0;49;1.96;8610.0;0.00;0.00;12.94;98.9;98.0;0.00;0.00
69364;1226;21.0;49;1.96;8610.0;0.00;0.00;12.94;98.9;98.0;0.00;0.00
69380;1224;21.0;49;1.96;8610.0;0.00;0.00;12.94;98.9;98.0;0.00;0.00
69402;1223;21.0;49;1.96;8610.0;0.00;0.00;12.94;98.9;98.0;0.00;0.00
69420;1222;21.0;49;1.96;8610.0;0.00;0.00;12.94;98.9;98.0;0.00;0.00
69437;1221;21.0;49;1.96;8610.0;0.00;0.00;12.94;98.9;98.0;0.00;0.00
69449;1220;21.0;49;1.96;8610.0;0.00;0.00;12.94;98.9;98.0;0.00;0.00
69460;1219;21.0;49;1.96;8610.0;0.00;0.00;12.94;98.9;98.0;0.00;0.00
69481;1218;22.0;49;1.96;8610.0;0.00;0.00;12.94;98.9;98.0;0.00;0.00
69500;1216;22.0;49;1.96;8610.0;0.00;0.00;12.94;98.9;98.0;0.00;0.00
69508;1215;22.0;49;1.96;8610.0;0.00;0.00;12.94;98.9;98.0;0.00;0.00
69520;1214;22.0;49;1.96;8610.0;0.00;0.00;12.94;98.9;98.0;0.00;0.00
69545;1213;22.0;49;1.96;8610.0;0.00;0.00;12.94;98.9;98.0;0.00;0.00
69560;1213;22.0;49;1.96;8610.0;0.00;0.00;12.94;98.9;98.0;0.00;0.00
69568;1213;22.0;49;1.96;8610.0;0.00;0.00;12.94;98.9;98.0;0.00;0.00
69580;1213;22.0;49;1.96;8610.0;0.00;0.00;12.94;98.9;98.0;0.00;0.00
69589;1213;22.0;49;1.96;8610.0;0.00;0.00;12.94;98.9;98.0;0.00;0.00
69599;1213;22.0;49;1.96;8610.0;0.00;0.00;12.94;98.9;98.0;0.00;0.00
69609;1213;22.0;49;1.96;8610.0;0.00;0.00;12.94;98.9;98.0;0.00;0.00
69620;1213;21.0;49;1.96;8610.0;0.00;0.00;12.94;98.9;98.0;0.00;0.00
69629;1213;21.0;49;1.96;8610.0;0.00;0.00;12.94;98.9;98.0;0.00;0.00
69638;1213;21.0;49;1.96;8610.0;0.00;0.00;12.94;98.9;98.0;0.00;0.00
69648;1213;21.0;49;1.96;8610.0;0.00;0.00;12.94;98.9;98.0;0.00;0.00
69665;1213;21.0;49;1.96;8610.0;0.00;0.00;12.94;98.9;98.0;0.00;0.00
69681;1213;21.0;49;1.96;8610.0;0.00;0.00;12.94;98.9;98.0;0.00;0.00
69699;1212;21.0;49;1.96;8610.0;0.00;0.00;12.94;98.9;98.0;0.00;0.00
69709;1212;21.0;49;1.96;8610.0;0.00;0.00;12.94;98.9;98.0;0.00;0.00
69719;1212;21.0;49;1.96;8610.0;0.00;0.00;12.94;98.9;98.0;0.00;0.00
69728;1211;21.0;49;1.96;8610.0;0.00;0.00;12.94;98.9;98.0;0.00;0.00
69738;1211;21.0;49;1.96;8620.0;0.00;0.00;12.94;98.9;98.0;0.00;0.00
69748;1210;21.0;49;1.96;8620.0;0.00;0.00;12.94;98.9;98.0;0.00;0.00
69760;1210;21.0;49;1.96;8620.0;0.00;0.00;12.94;98.9;98.0;0.00;0.00
69768;1209;21.0;49;1.96;8620.0;0.00;0.00;12.94;98.9;98.0;0.00;0.00
69781;1209;21.0;49;1.96;8630.0;0.00;0.00;12.94;98.9;98.0;0.00;0.00
69805;1208;21.0;49;1.96;8630.0;0.00;0.00;12.94;98.9;98.0;0.00;0.00
69820;1208;21.0;49;1.96;8630.0;0.00;0.00;12.94;98.9;98.0;0.00;0.00
69828;1207;21.0;49;1.96;8630.0;0.00;0.00;12.94;98.9;98.0;0.00;0.00
69839;1206;21.0;49;1.96;8640.0;0.00;0.00;12.94;98.9;98.0;0.00;0.00
69850;1205;21.0;49;1.96;8640.0;0.00;0.00;12.94;98.9;98.0;0.00;0.00
69861;1205;21.0;49;1.96;8640.0;0.00;0.00;12.94;98.9;98.0;0.00;0.00
69883;1204;21.0;49;1.96;8630.0;0.00;0.00;12.94;98.9;98.0;0.00;0.00
69900;1203;21.0;49;1.96;8630.0;0.00;0.00;12.94;98.9;98.0;0.00;0.00
69920;1203;21.0;49;1.96;8630.0;0.00;0.00;12.94;98.9;98.0;0.00;0.00
69928;1202;21.0;49;1.96;8630.0;0.00;0.00;12.94;98.9;98.0;0.00;0.00
69938;1201;21.0;49;1.96;8620.0;0.00;0.00;12.94;98.9;98.0;0.00;0.00
69954;1200;21.0;49;1.96;8620.0;0.00;0.00;12.94;98.9;98.0;0.00;0.00
69968;1200;21.0;49;1.96;8620.0;0.00;0.00;12.94;98.9;98.0;0.00;0.00
69977;1199;21.0;49;1.96;8620.0;0.00;0.00;12.94;98.9;98.0;0.00;0.00
69989;1199;21.0;49;1.96;8610.0;0.00;0.00;12.94;98.9;98.0;0.00;0.00
70001;1198;21.0;49;1.96;8610.0;0.00;0.00;12.94;98.9;98.0;0.00;0.00
70019;1198;21.0;49;1.96;8610.0;0.00;0.00;12.94;98.9;98.0;0.00;0.00
70028;1197;21.0;49;1.96;8610.0;0.00;0.00;12.94;98.9;98.0;0.00;0.00
70037;1197;22.0;49;1.96;8610.0;0.00;0.00;12.94;98.9;98.0;0.00;0.00
70049;1196;22.0;49;1.96;8610.0;0.00;0.00;12.94;98.9;98.0;0.00;0.00
70060;1196;22.0;49;1.96;8610.0;0.00;0.00;12.94;98.9;98.0;0.00;0.00
70077;1195;22.0;49;1.96;8610.0;0.00;0.00;12.94;98.9;98.0;0.00;0.00
70095;1195;22.0;49;1.96;8610.0;0.00;0.00;12.94;98.9;98.0;0.00;0.00
70110;1194;22.0;49;1.96;8610.0;0.00;0.00;12.94;98.9;98.0;0.00;0.00
70121;1193;22.0;49;1.96;8610.0;0.00;0.00;12.94;98.9;98.0;0.00;0.00
70139;1192;22.0;49;1.96;8610.0;0.00;0.00;12.94;98.9;98.0;0.00;0.00
70147;1191;22.0;49;1.96;8610.0;0.00;0.00;12.94;98.9;98.0;0.00;0.00
70160;1190;22.0;49;1.96;8610.0;0.00;0.00;12.94;98.9;98.0;0.00;0.00
70168;1189;22.0;49;1.96;8610.0;0.00;0.00;12.94;98.9;98.0;0.00;0.00
70177;1188;21.0;49;1.96;8610.0;0.00;0.00;12.94;98.9;98.0;0.00;0.00
70189;1187;21.0;49;1.96;8610.0;0.00;0.00;12.94;98.9;98.0;0.00;0.00
70201;1186;21.0;49;1.96;8610.0;0.00;0.00;12.94;98.9;98.0;0.00;0.00
70220;1185;21.0;49;1.96;8610.0;0.00;0.00;12.94;98.9;98.0;0.00;0.00
70245;1184;21.0;49;1.96;8610.0;0.00;0.00;12.94;98.9;98.0;0.00;0.00
70261;1183;21.0;49;1.96;8610.0;0.00;0.00;12.94;98.9;98.0;0.00;0.00
70279;1183;21.0;49;1.96;8610.0;0.00;0.00;12.94;98.9;98.0;0.00;0.00
70289;1182;21.0;49;1.96;8610.0;0.00;0.00;12.94;98.9;98.0;0.00;0.00
70303;1181;21.0;49;1.96;8610.0;0.00;0.00;12.94;98.9;98.0;0.00;0.00
70320;1180;21.0;49;1.96;8610.0;0.00;0.00;12.94;98.9;98.0;0.00;0.00
70337;1180;21.0;49;1.96;8610.0;0.00;0.00;12.94;98.9;98.0;0.00;0.00
70349;1179;22.0;49;1.96;8610.0;0.00;0.00;12.94;98.9;98.0;0.00;0.00
70361;1178;22.0;50;1.96;8610.0;0.00;0.00;12.94;98.9;98.0;0.00;0.00
70379;1177;22.0;50;1.96;8610.0;0.00;0.00;12.94;98.9;98.0;0.00;0.00
70388;1177;22.0;50;1.96;8610.0;0.00;0.00;12.94;98.9;98.0;0.00;0.00
70405;1176;22.0;50;1.96;8610.0;0.00;0.00;12.94;98.9;98.0;0.00;0.00
70421;1175;22.0;50;1.96;8610.0;0.00;0.00;12.94;98.9;98.0;0.00;0.00
70438;1174;22.0;50;1.96;8610.0;0.00;0.00;13.33;98.9;98.0;0.00;0.00
70447;1173;22.0;50;1.96;8610.0;0.00;0.00;13.33;98.9;98.0;0.00;0.00
70458;1172;22.0;50;1.96;8610.0;0.00;0.00;13.33;98.9;98.0;0.00;0.00
70469;1171;22.0;50;1.96;8610.0;0.00;0.00;13.33;98.9;98.0;0.00;0.00
70478;1170;22.0;50;1.96;8620.0;0.00;0.00;13.33;98.9;98.0;0.00;0.00
70487;1169;21.0;50;1.96;8620.0;0.00;0.00;13.33;98.9;98.0;0.00;0.00
70499;1168;21.0;50;1.96;8620.0;0.00;0.00;13.33;98.9;98.0;0.00;0.00
70509;1167;21.0;50;1.96;8620.0;0.00;0.00;13.33;98.9;98.0;0.00;0.00
70520;1166;21.0;50;1.96;8630.0;0.00;0.00;13.33;98.9;98.0;0.00;0.00
70545;1165;21.0;50;1.96;8630.0;0.00;0.00;13.33;98.9;98.0;0.00;0.00
70559;1164;21.0;50;1.96;8630.0;0.00;0.00;13.33;98.9;98.0;0.00;0.00
70568;1164;21.0;50;1.96;8630.0;0.00;0.00;13.33;98.9;98.0;0.00;0.00
70577;1163;21.0;50;1.96;8640.0;0.00;0.00;13.33;98.9;98.0;0.00;0.00
70588;1162;21.0;50;1.96;8640.0;0.00;0.00;13.33;98.9;98.0;0.00;0.00
70600;1161;21.0;50;1.96;8640.0;0.00;0.00;13.33;98.9;98.0;0.00;0.00
70621;1160;21.0;50;1.96;8640.0;0.00;0.00;13.33;98.9;98.0;0.00;0.00
70638;1160;21.0;50;1.96;8640.0;0.00;0.00;13.33;98.9;98.0;0.00;0.00
70647;1159;21.0;50;1.96;8640.0;0.00;0.00;13.33;98.9;98.0;0.00;0.00
70659;1158;21.0;50;1.96;8640.0;0.00;0.00;13.33;98.9;98.0;0.00;0.00
70667;1157;21.0;50;1.96;8640.0;0.00;0.00;13.33;98.9;98.0;0.00;0.00
70682;1156;21.0;50;1.96;8640.0;0.00;0.00;13.33;98.9;98.0;0.00;0.00
70699;1155;21.0;50;1.96;8640.0;0.00;0.00;13.33;98.9;98.0;0.00;0.00
70705;1154;21.0;50;1.96;8640.0;0.00;0.00;13.33;98.9;98.0;0.00;0.00
70719;1153;21.0;50;1.96;8640.0;0.00;0.00;13.33;98.9;98.0;0.00;0.00
70727;1152;21.0;50;1.96;8640.0;0.00;0.00;13.33;98.9;98.0;0.00;0.00
70737;1151;21.0;50;1.96;8640.0;0.00;0.00;13.33;98.9;98.0;0.00;0.00
70749;1150;21.0;50;1.96;8640.0;0.00;0.00;13.33;98.9;98.0;0.00;0.00
70759;1148;21.0;50;1.96;8640.0;0.00;0.00;13.33;98.9;98.0;0.00;0.00
70769;1147;21.0;50;1.96;8640.0;0.00;0.00;13.33;98.9;98.0;0.00;0.00
70778;1146;21.0;50;1.96;8640.0;0.00;0.00;13.33;98.9;98.0;0.00;0.00
70785;1145;21.0;50;1.96;8640.0;0.00;0.00;13.33;98.9;98.0;0.00;0.00
70803;1144;21.0;50;1.96;8640.0;0.00;0.00;13.33;98.9;98.0;0.00;0.00
70819;1143;21.0;50;1.96;8640.0;0.00;0.00;13.33;98.9;98.0;0.00;0.00
70830;1142;21.0;50;1.96;8640.0;0.00;0.00;13.33;98.9;98.0;0.00;0.00
70846;1142;21.0;50;1.96;8640.0;0.00;0.00;13.33;98.9;98.0;0.00;0.00
70857;1141;21.0;50;1.96;8640.0;0.00;0.00;13.33;98.9;98.0;0.00;0.00
70867;1140;21.0;50;1.96;8640.0;0.00;0.00;13.33;98.9;98.0;0.00;0.00
70878;1139;21.0;50;1.96;8640.0;0.00;0.00;13.33;98.9;98.0;0.00;0.00
70889;1139;21.0;50;1.96;8640.0;0.00;0.00;13.33;98.9;98.0;0.00;0.00
70901;1138;21.0;50;1.96;8640.0;0.00;0.00;13.33;98.9;98.0;0.00;0.00
70919;1137;21.0;50;1.96;8640.0;0.00;0.00;13.33;98.9;98.0;0.00;0.00
70926;1136;21.0;50;1.96;8640.0;0.00;0.00;13.33;98.9;98.0;0.00;0.00
70943;1136;21.0;50;1.96;8640.0;0.00;0.00;13.33;98.9;98.0;0.00;0.00
70959;1134;21.0;50;1.96;8640.0;0.00;0.00;13.33;98.9;98.0;0.00;0.00
70969;1133;21.0;50;1.96;8640.0;0.00;0.00;13.33;98.9;98.0;0.00;0.00
70978;1131;21.0;50;1.96;8640.0;0.00;0.00;13.33;98.9;98.0;0.00;0.00
70987;1130;21.0;50;1.96;8640.0;0.00;0.00;13.33;98.9;98.0;0.00;0.00
70999;1128;21.0;50;1.96;8640.0;0.00;0.00;13.33;98.9;98.0;0.00;0.00
71008;1127;21.0;50;1.96;8640.0;0.00;0.00;13.33;98.9;98.0;0.00;0.00
71015;1125;22.0;50;1.96;8640.0;0.00;0.00;13.33;98.9;98.0;0.00;0.00
71030;1124;22.0;50;1.96;8640.0;0.00;0.00;13.33;98.9;98.0;0.00;0.00
71041;1122;22.0;50;1.96;8640.0;0.00;0.00;13.33;98.9;98.0;0.00;0.00
71061;1121;22.0;50;1.96;8640.0;0.00;0.00;13.33;98.9;98.0;0.00;0.00
71083;1119;22.0;50;1.96;8640.0;0.00;0.00;13.33;98.9;98.0;0.00;0.00
71101;1118;22.0;50;1.96;8640.0;0.00;0.00;13.33;98.9;98.0;0.00;0.00
71118;1116;22.0;50;1.96;8640.0;0.00;0.00;13.33;98.9;98.0;0.00;0.00
71130;1114;22.0;50;1.96;8640.0;0.00;0.00;13.33;98.9;98.0;0.00;0.00
71148;1112;22.0;50;1.96;8640.0;0.00;0.00;13.33;98.9;98.0;0.00;0.00
71158;1110;22.0;50;1.96;8640.0;0.00;0.00;13.33;98.9;98.0;0.00;0.00
71167;1108;22.0;50;1.96;8640.0;0.00;0.00;13.33;98.9;98.0;0.00;0.00
71176;1107;22.0;50;1.96;8640.0;0.00;0.00;13.33;98.9;98.0;0.00;0.00
71187;1105;22.0;50;1.96;8640.0;0.00;0.00;13.33;98.9;98.0;0.00;0.00
71201;1103;22.0;50;1.96;8640.0;0.00;0.00;13.33;98.9;98.0;0.00;0.00
71220;1101;22.0;50;1.96;8640.0;0.00;0.00;13.33;98.9;98.0;0.00;0.00
71243;1099;22.0;50;1.96;8640.0;0.00;0.00;13.33;98.9;98.0;0.00;0.00
71258;1098;22.0;50;1.96;8640.0;0.00;0.00;13.33;98.9;98.0;0.00;0.00
71266;1096;22.0;50;1.96;8640.0;0.00;0.00;13.33;98.9;98.0;0.00;0.00
71278;1095;22.0;50;1.96;8640.0;0.00;0.00;13.33;98.9;98.0;0.00;0.00
71287;1093;22.0;50;1.96;8640.0;0.00;0.00;13.33;98.9;98.0;0.00;0.00
71302;1092;22.0;50;1.96;8640.0;0.00;0.00;13.33;98.9;98.0;0.00;0.00
71319;1090;22.0;50;1.96;8640.0;0.00;0.00;13.33;98.9;98.0;0.00;0.00
71328;1089;22.0;50;1.96;8640.0;0.00;0.00;13.33;98.9;98.0;0.00;0.00
71339;1087;22.0;50;1.96;8640.0;0.00;0.00;13.33;98.9;98.0;0.00;0.00
71348;1086;22.0;50;1.57;8640.0;0.00;0.00;13.33;98.9;98.0;0.00;0.00
71357;1084;22.0;50;1.57;8640.0;0.00;0.00;13.33;98.9;98.0;0.00;0.00
71374;1083;22.0;50;1.57;8640.0;0.00;0.00;13.33;98.9;98.0;0.00;0.00
71387;1082;22.0;50;1.57;8640.0;0.00;0.00;13.33;98.9;98.0;0.00;0.00
71401;1081;22.0;50;1.57;8640.0;0.00;0.00;13.73;98.9;98.0;0.00;0.00
71419;1080;22.0;50;1.57;8640.0;0.00;0.00;13.73;98.9;98.0;0.00;0.00
71430;1079;22.0;50;1.57;8640.0;0.00;0.00;13.73;98.9;98.0;0.00;0.00
71447;1078;22.0;50;1.57;8640.0;0.00;0.00;13.73;98.9;98.0;0.00;0.00
71459;1076;22.0;50;1.57;8640.0;0.00;0.00;13.73;98.9;98.0;0.00;0.00
71467;1075;22.0;50;1.57;8640.0;0.00;0.00;13.73;98.9;98.0;0.00;0.00
71478;1074;22.0;50;1.57;8640.0;0.00;0.00;13.73;98.9;98.0;0.00;0.00
71487;1073;22.0;50;1.57;8640.0;0.00;0.00;13.73;98.9;98.0;0.00;0.00
71502;1072;22.0;50;1.57;8640.0;0.00;0.00;13.73;98.9;98.0;0.00;0.00
71524;1071;22.0;50;1.57;8640.0;0.00;0.00;13.73;98.9;98.0;0.00;0.00
71537;1070;22.0;50;1.57;8640.0;0.00;0.00;13.73;98.9;98.0;0.00;0.00
71546;1070;22.0;50;1.57;8640.0;0.00;0.00;13.73;98.9;98.0;0.00;0.00
71560;1069;22.0;50;1.57;8640.0;0.00;0.00;13.73;98.9;98.0;0.00;0.00
71577;1068;22.0;50;1.57;8640.0;0.00;0.00;13.73;98.9;98.0;0.00;0.00
71588;1068;22.0;50;1.57;8640.0;0.00;0.00;13.73;98.9;98.0;0.00;0.00
71600;1067;22.0;50;1.57;8640.0;0.00;0.00;13.73;98.9;98.0;0.00;0.00
71619;1066;22.0;50;1.57;8640.0;0.00;0.00;13.73;98.9;98.0;0.00;0.00
71630;1065;22.0;50;1.57;8640.0;0.00;0.00;13.73;98.9;98.0;0.00;0.00
71648;1065;22.0;50;1.57;8640.0;0.00;0.00;13.73;98.9;98.0;0.00;0.00
71657;1064;22.0;50;1.57;8640.0;0.00;0.00;13.73;98.9;98.0;0.00;0.00
71673;1063;22.0;50;1.57;8640.0;0.00;0.00;13.73;98.9;98.0;0.00;0.00
71687;1061;22.0;50;1.57;8640.0;0.00;0.00;13.73;98.9;98.0;0.00;0.00
71701;1059;22.0;50;1.57;8640.0;0.00;0.00;13.73;98.9;98.0;0.00;0.00
71719;1057;22.0;50;1.57;8640.0;0.00;0.00;13.73;98.9;98.0;0.00;0.00
71730;1054;22.0;50;1.57;8640.0;0.00;0.00;13.73;98.9;98.0;0.00;0.00
71748;1052;22.0;50;1.57;8640.0;0.00;0.00;13.73;98.9;98.0;0.00;0.00
71759;1050;22.0;50;1.57;8640.0;0.00;0.00;13.73;98.9;98.0;0.00;0.00
71768;1048;22.0;50;1.57;8640.0;0.00;0.00;13.73;98.9;98.0;0.00;0.00
71780;1046;22.0;50;1.57;8640.0;0.00;0.00;13.73;98.9;98.0;0.00;0.00
71787;1043;22.0;50;1.57;8640.0;0.00;0.00;13.73;98.9;98.0;0.00;0.00
71801;1041;22.0;50;1.57;8640.0;0.00;0.00;13.73;98.9;98.0;0.00;0.00
71825;1039;22.0;50;1.57;8640.0;0.00;0.00;13.73;98.9;98.0;0.00;0.00
71838;1035;22.0;50;1.57;8640.0;0.00;0.00;13.73;98.9;98.0;0.00;0.00
71846;1030;22.0;50;1.57;8640.0;0.00;0.00;13.73;98.9;98.0;0.00;0.00
71859;1026;22.0;50;1.57;8640.0;0.00;0.00;13.73;98.9;98.0;0.00;0.00
71867;1022;22.0;50;1.57;8640.0;0.00;0.00;13.73;98.9;98.0;0.00;0.00
71879;1017;22.0;50;1.57;8640.0;0.00;0.00;13.73;98.9;98.0;0.00;0.00
71888;1013;22.0;50;1.57;8640.0;0.00;0.00;13.73;98.9;98.0;0.00;0.00
71901;1008;22.0;50;1.57;8640.0;0.00;0.00;13.73;98.9;98.0;0.00;0.00
71920;1004;22.0;50;1.57;8640.0;0.00;0.00;13.73;98.9;98.0;0.00;0.00
71938;1000;22.0;50;1.57;8640.0;0.00;0.00;13.73;98.9;98.0;0.00;0.00
71946;995;22.0;50;1.57;8640.0;0.00;0.00;13.73;98.9;98.0;0.00;0.00
71964;991;22.0;50;1.57;8640.0;0.00;0.00;13.73;98.9;98.0;0.00;0.00
71979;988;22.0;50;1.57;8640.0;0.00;0.00;13.73;98.9;98.0;0.00;0.00
71987;986;22.0;50;1.57;8640.0;0.00;0.00;13.73;98.9;98.0;0.00;0.00
72002;983;22.0;50;1.57;8640.0;0.00;0.00;13.73;98.9;98.0;0.00;0.00
72017;980;22.0;50;1.57;8640.0;0.00;0.00;13.73;98.9;98.0;0.00;0.00
72026;977;22.0;50;1.57;8640.0;0.00;0.00;13.73;98.9;98.0;0.00;0.00
72038;974;22.0;50;1.57;8640.0;0.00;0.00;13.73;98.9;98.0;0.00;0.00
72046;972;21.0;50;1.57;8640.0;0.00;0.00;13.73;98.9;98.0;0.00;0.00
72058;969;21.0;50;1.57;8640.0;0.00;0.00;13.73;98.9;98.0;0.00;0.00
72066;966;21.0;50;1.57;8640.0;0.00;0.00;13.73;98.9;98.0;0.00;0.00
72077;963;21.0;50;1.57;8640.0;0.00;0.00;13.73;98.9;98.0;0.00;0.00
72094;960;21.0;50;1.57;8640.0;0.00;0.00;13.73;98.9;98.0;0.00;0.00
72106;958;21.0;50;1.57;8640.0;0.00;0.00;13.73;98.9;98.0;0.00;0.00
72119;956;21.0;50;1.57;8640.0;0.00;0.00;14.12;98.9;98.0;0.00;0.00
72127;954;21.0;50;1.57;8640.0;0.00;0.00;14.12;98.9;98.0;0.00;0.00
72137;952;21.0;50;1.57;8640.0;0.00;0.00;14.12;98.9;98.0;0.00;0.00
72148;950;21.0;50;1.57;8640.0;0.00;0.00;14.12;98.9;98.0;0.00;0.00
72159;948;21.0;50;1.57;8640.0;0.00;0.00;14.12;98.9;98.0;0.00;0.00
72168;946;21.0;50;1.57;8640.0;0.00;0.00;14.12;98.9;98.0;0.00;0.00
72177;944;21.0;50;1.57;8640.0;0.00;0.00;14.12;98.9;98.0;0.00;0.00
72188;942;21.0;50;1.18;8640.0;0.00;0.00;14.12;98.9;98.0;0.00;0.00
72201;939;21.0;50;1.18;8640.0;0.00;0.00;14.12;98.9;98.0;0.00;0.00
72225;937;21.0;50;1.18;8640.0;0.00;0.00;14.12;98.9;98.0;0.00;0.00
72238;934;21.0;50;1.18;8640.0;0.00;0.00;14.12;98.9;98.0;0.00;0.00
72247;931;21.0;50;1.18;8640.0;0.00;0.00;14.12;98.9;98.0;0.00;0.00
72259;928;21.0;50;1.18;8640.0;0.00;0.00;14.12;98.9;98.0;0.00;0.00
72268;925;21.0;50;1.18;8640.0;0.00;0.00;14.12;98.9;98.0;0.00;0.00
72280;922;21.0;50;1.18;8640.0;0.00;0.00;14.12;98.9;98.0;0.00;0.00
72301;919;21.0;50;1.18;8640.0;0.00;0.00;14.12;98.9;98.0;0.00;0.00
72321;916;21.0;50;1.18;8640.0;0.00;0.00;14.12;98.9;98.0;0.00;0.00
72339;912;21.0;50;1.18;8640.0;0.00;0.00;14.12;98.9;98.0;0.00;0.00
72348;909;21.0;50;1.18;8640.0;0.00;0.00;14.12;98.9;98.0;0.00;0.00
72360;906;21.0;50;1.18;8640.0;0.00;0.00;14.12;98.9;98.0;0.00;0.00
72382;903;21.0;50;1.18;8640.0;0.00;0.00;14.12;98.9;98.0;0.00;0.00
72401;902;21.0;50;1.18;8640.0;0.00;0.00;14.12;98.9;98.0;0.00;0.00
72420;901;21.0;50;1.18;8640.0;0.00;0.00;14.12;98.9;98.0;0.00;0.00
72437;900;21.0;50;1.18;8640.0;0.00;0.00;14.12;98.9;98.0;0.00;0.00
72448;898;21.0;50;1.18;8640.0;0.00;0.00;14.12;98.9;98.0;0.00;0.00
72459;897;21.0;50;1.18;8640.0;0.00;0.00;14.12;98.9;98.0;0.00;0.00
72467;896;21.0;50;1.18;8640.0;0.00;0.00;14.12;98.9;98.0;0.00;0.00
72478;895;21.0;50;1.18;8640.0;0.00;0.00;14.12;98.9;98.0;0.00;0.00
72486;894;21.0;50;1.18;8640.0;0.00;0.00;14.12;98.9;98.0;0.00;0.00
72502;892;21.0;50;1.18;8640.0;0.00;0.00;14.12;98.9;98.0;0.00;0.00
72520;891;21.0;50;1.18;8640.0;0.00;0.00;14.12;98.9;98.0;0.00;0.00
72535;890;21.0;50;1.18;8640.0;0.00;0.00;14.12;98.9;98.0;0.00;0.00
72547;892;21.0;50;1.18;8640.0;0.00;0.00;14.12;98.9;98.0;0.00;0.00
72559;894;21.0;50;1.18;8640.0;0.00;0.00;14.51;98.9;98.0;0.00;0.00
72568;896;21.0;50;1.18;8640.0;0.00;0.00;14.51;98.9;98.0;0.00;0.00
72576;897;21.0;50;1.18;8640.0;0.00;0.00;14.51;98.9;98.0;0.00;0.00
72587;899;21.0;50;1.18;8640.0;0.00;0.00;14.51;98.9;98.0;0.00;0.00
72599;901;21.0;50;1.18;8640.0;0.00;0.00;14.51;98.9;98.0;0.00;0.00
72608;903;22.0;50;1.18;8640.0;0.00;0.00;14.51;98.9;98.0;0.00;0.00
72620;905;22.0;50;1.18;8640.0;0.00;0.00;14.51;98.9;98.0;0.00;0.00
72638;907;22.0;50;1.18;8640.0;0.00;0.00;14.51;98.9;98.0;0.00;0.00
72646;909;22.0;50;1.18;8640.0;0.00;0.00;14.51;98.9;98.0;0.00;0.00
72662;910;22.0;50;1.18;8640.0;0.00;0.00;14.51;98.9;98.0;0.00;0.00
72681;916;22.0;50;1.18;8640.0;0.00;0.00;14.51;98.9;98.0;0.00;0.00
72699;922;22.0;50;1.18;8640.0;0.00;0.00;14.12;98.9;98.0;0.00;0.00
72709;927;22.0;50;1.18;8640.0;0.00;0.00;14.12;98.9;98.0;0.00;0.00
72718;933;22.0;50;1.18;8640.0;0.00;0.00;14.12;98.9;98.0;0.00;0.00
72726;938;22.0;50;1.18;8640.0;0.00;0.00;14.12;98.9;98.0;0.00;0.00
72737;944;22.0;50;1.18;8640.0;0.00;0.00;14.12;98.9;98.0;0.00;0.00
72750;950;21.0;50;1.18;8640.0;0.00;0.00;14.12;98.9;98.0;0.00;0.00
72758;955;21.0;50;1.18;8640.0;0.00;0.00;14.12;98.9;98.0;0.00;0.00
72767;961;21.0;50;1.57;8640.0;0.00;0.00;14.12;98.9;98.0;0.00;0.00
72778;967;21.0;50;1.57;8640.0;0.00;0.00;14.12;98.9;98.0;0.00;0.00
72795;972;21.0;50;1.57;8640.0;0.00;0.00;14.12;98.9;98.0;0.00;0.00
72808;975;21.0;50;1.57;8640.0;0.00;0.00;14.12;98.9;98.0;0.00;0.00
72818;978;21.0;50;1.57;8640.0;0.00;0.00;14.12;98.9;98.0;0.00;0.00
72828;981;21.0;50;1.57;8640.0;0.00;0.00;14.12;98.9;98.0;0.00;0.00
72838;983;21.0;50;1.57;8640.0;0.00;0.00;14.12;98.9;98.0;0.00;0.00
72848;986;21.0;50;1.57;8640.0;0.00;0.00;14.12;98.9;98.0;0.00;0.00
72857;989;21.0;50;1.57;8640.0;0.00;0.00;14.12;98.9;98.0;0.00;0.00
72868;992;22.0;50;1.57;8640.0;0.00;0.00;14.12;98.9;98.0;0.00;0.00
72877;995;22.0;50;1.57;8640.0;0.00;0.00;14.12;98.9;98.0;0.00;0.00
72888;998;22.0;50;1.57;8640.0;0.00;0.00;14.12;98.9;98.0;0.00;0.00
72900;1001;22.0;50;1.57;8640.0;0.00;0.00;14.12;98.9;98.0;0.00;0.00
72922;1003;22.0;50;1.57;8640.0;0.00;0.00;14.12;98.9;98.0;0.00;0.00
72939;1002;22.0;50;1.57;8640.0;0.00;0.00;14.12;98.9;98.0;0.00;0.00
72947;1001;22.0;50;1.57;8640.0;0.00;0.00;13.73;98.9;98.0;0.00;0.00
72959;1000;22.0;50;1.57;8640.0;0.00;0.00;13.73;98.9;98.0;0.00;0.00
72968;999;22.0;50;1.57;8640.0;0.00;0.00;13.73;98.9;98.0;0.00;0.00
72978;998;22.0;50;1.57;8640.0;0.00;0.00;13.73;98.9;98.0;0.00;0.00
72988;998;22.0;50;1.57;8640.0;0.00;0.00;13.73;98.9;98.0;0.00;0.00
73000;997;22.0;50;1.57;8640.0;0.00;0.00;13.73;98.9;98.0;0.00;0.00
73019;996;22.0;50;1.57;8640.0;0.00;0.00;13.73;98.9;98.0;0.00;0.00
73028;995;22.0;50;1.57;8640.0;0.00;0.00;13.73;98.9;98.0;0.00;0.00
73039;994;22.0;50;1.57;8640.0;0.00;0.00;13.73;98.9;98.0;0.00;0.00
73054;993;22.0;50;1.57;8640.0;0.00;0.00;13.73;98.9;98.0;0.00;0.00
73069;991;22.0;50;1.57;8640.0;0.00;0.00;13.73;98.9;98.0;0.00;0.00
73077;989;22.0;50;1.57;8640.0;0.00;0.00;13.73;98.9;98.0;0.00;0.00
73090;986;22.0;50;1.57;8640.0;0.00;0.00;13.73;98.9;98.0;0.00;0.00
73101;984;22.0;50;1.57;8640.0;0.00;0.00;13.73;98.9;98.0;0.00;0.00
73118;982;22.0;50;1.57;8640.0;0.00;0.00;13.73;98.9;98.0;0.00;0.00
73127;980;22.0;50;1.57;8640.0;0.00;0.00;13.73;98.9;98.0;0.00;0.00
73137;978;22.0;50;1.57;8640.0;0.00;0.00;13.73;98.9;98.0;0.00;0.00
73149;976;22.0;50;1.57;8640.0;0.00;0.00;13.73;98.9;98.0;0.00;0.00
73158;974;22.0;50;1.57;8640.0;0.00;0.00;13.73;98.9;98.0;0.00;0.00
73169;972;22.0;50;1.57;8640.0;0.00;0.00;13.73;98.9;98.0;0.00;0.00
73184;970;22.0;50;1.57;8640.0;0.00;0.00;13.73;98.9;98.0;0.00;0.00
73201;971;22.0;50;1.57;8640.0;0.00;0.00;13.73;98.9;98.0;0.00;0.00
73218;971;22.0;50;1.57;8640.0;0.00;0.00;14.12;98.9;98.0;0.00;0.00
73228;972;22.0;50;1.57;8640.0;0.00;0.00;14.12;98.9;98.0;0.00;0.00
73239;972;22.0;50;1.57;8640.0;0.00;0.00;14.12;98.9;98.0;0.00;0.00
73247;973;22.0;50;1.57;8640.0;0.00;0.00;14.12;98.9;98.0;0.00;0.00
73258;973;22.0;50;1.57;8640.0;0.00;0.00;14.12;98.9;98.0;0.00;0.00
73268;973;23.0;50;1.57;8640.0;0.00;0.00;14.12;98.9;98.0;0.00;0.00
73279;974;23.0;50;1.57;8640.0;0.00;0.00;14.12;98.9;98.0;0.00;0.00
73288;974;23.0;50;1.57;8640.0;0.00;0.00;14.12;98.9;98.0;0.00;0.00
73302;975;23.0;50;1.57;8640.0;0.00;0.00;14.12;98.9;98.0;0.00;0.00
73324;975;23.0;50;1.57;8640.0;0.00;0.00;14.12;98.9;98.0;0.00;0.00
73338;976;23.0;50;1.57;8640.0;0.00;0.00;14.12;98.9;98.0;0.00;0.00
73347;976;23.0;50;1.57;8640.0;0.00;0.00;14.12;98.9;98.0;0.00;0.00
73359;977;23.0;50;1.57;8640.0;0.00;0.00;14.12;98.9;98.0;0.00;0.00
73368;977;23.0;50;1.57;8640.0;0.00;0.00;14.12;98.9;98.0;0.00;0.00
73379;978;23.0;50;1.57;8640.0;0.00;0.00;14.12;98.9;98.0;0.00;0.00
73388;978;23.0;50;1.57;8640.0;0.00;0.00;14.12;98.9;98.0;0.00;0.00
73399;979;23.0;50;1.57;8640.0;0.00;0.00;14.12;98.9;98.0;0.00;0.00
73410;979;23.0;50;1.57;8640.0;0.00;0.00;14.12;98.9;98.0;0.00;0.00
73428;979;23.0;50;1.57;8640.0;0.00;0.00;14.12;98.9;98.0;0.00;0.00
73438;980;23.0;50;1.57;8640.0;0.00;0.00;14.12;98.9;98.0;0.00;0.00
73454;980;23.0;50;1.57;8640.0;0.00;0.00;14.12;98.9;98.0;0.00;0.00
73468;978;23.0;50;1.57;8640.0;0.00;0.00;14.12;98.9;98.0;0.00;0.00
73477;975;23.0;50;1.57;8640.0;0.00;0.00;13.73;98.9;98.0;0.00;0.00
73488;973;23.0;50;1.57;8640.0;0.00;0.00;13.73;98.9;98.0;0.00;0.00
73499;970;23.0;50;1.57;8640.0;0.00;0.00;13.73;98.9;98.0;0.00;0.00
73508;968;23.0;50;1.57;8640.0;0.00;0.00;13.73;98.9;98.0;0.00;0.00
73517;965;23.0;50;1.57;8640.0;0.00;0.00;13.73;98.9;98.0;0.00;0.00
73527;963;23.0;50;1.57;8640.0;0.00;0.00;13.73;98.9;98.0;0.00;0.00
73537;960;23.0;50;1.57;8640.0;0.00;0.00;13.73;98.9;98.0;0.00;0.00
73549;958;23.0;50;1.57;8640.0;0.00;0.00;13.73;98.9;98.0;0.00;0.00
73559;955;23.0;50;1.57;8640.0;0.00;0.00;13.73;98.9;98.0;0.00;0.00
73574;953;23.0;50;1.57;8640.0;0.00;0.00;13.73;98.9;98.0;0.00;0.00
73588;949;23.0;50;1.57;8640.0;0.00;0.00;13.73;98.9;98.0;0.00;0.00
73600;945;23.0;50;1.57;8640.0;0.00;0.00;14.12;98.9;98.0;0.00;0.00
73619;941;23.0;50;1.57;8640.0;0.00;0.00;14.12;98.9;98.0;0.00;0.00
73628;937;23.0;50;1.57;8640.0;0.00;0.00;14.12;98.9;98.0;0.00;0.00
73638;933;23.0;50;1.57;8640.0;0.00;0.00;14.12;98.9;98.0;0.00;0.00
73647;929;23.0;50;1.57;8640.0;0.00;0.00;14.12;98.9;98.0;0.00;0.00
73658;925;23.0;50;1.57;8640.0;0.00;0.00;14.12;98.9;98.0;0.00;0.00
73667;921;23.0;50;1.57;8640.0;0.00;0.00;14.12;98.9;98.0;0.00;0.00
73680;917;23.0;50;1.57;8640.0;0.00;0.00;14.12;98.9;98.0;0.00;0.00
73700;913;23.0;50;1.57;8640.0;0.00;0.00;14.12;98.9;98.0;0.00;0.00
73724;909;23.0;50;1.57;8640.0;0.00;0.00;14.12;98.9;98.0;0.00;0.00
73739;910;23.0;50;1.57;8640.0;0.00;0.00;14.12;98.9;98.0;0.00;0.00
73749;911;23.0;50;1.57;8640.0;0.00;0.00;14.51;98.9;98.0;0.00;0.00
73758;913;23.0;50;1.57;8640.0;0.00;0.00;14.51;98.9;98.0;0.00;0.00
73768;914;23.0;50;1.57;8640.0;0.00;0.00;14.51;98.9;98.0;0.00;0.00
73777;915;23.0;50;1.57;8640.0;0.00;0.00;14.51;98.9;98.0;0.00;0.00
73788;917;23.0;50;1.57;8640.0;0.00;0.00;14.51;98.9;98.0;0.00;0.00
73801;918;23.0;50;1.57;8640.0;0.00;0.00;14.51;98.9;98.0;0.00;0.00
73817;919;23.0;50;1.57;8640.0;0.00;0.00;14.51;98.9;98.0;0.00;0.00
73829;920;23.0;50;1.57;8640.0;0.00;0.00;14.51;98.9;98.0;0.00;0.00
73837;922;23.0;50;1.57;8640.0;0.00;0.00;14.51;98.9;98.0;0.00;0.00
73853;923;23.0;50;1.57;8640.0;0.00;0.00;14.51;98.9;98.0;0.00;0.00
73867;931;23.0;50;1.57;8640.0;0.00;0.00;14.51;98.9;98.0;0.00;0.00
73879;939;23.0;50;1.57;8640.0;0.00;0.00;14.12;98.9;98.0;0.00;0.00
73890;947;23.0;50;1.57;8640.0;0.00;0.00;14.12;98.9;98.0;0.00;0.00
73901;955;23.0;50;1.57;8640.0;0.00;0.00;14.12;98.9;98.0;0.00;0.00
73919;962;23.0;50;1.57;8640.0;0.00;0.00;14.12;98.9;98.0;0.00;0.00
73929;970;23.0;50;1.57;8640.0;0.00;0.00;14.12;98.9;98.0;0.00;0.00
73938;978;22.0;50;1.57;8640.0;0.00;0.00;14.12;98.9;98.0;0.00;0.00
73947;986;22.0;50;1.57;8640.0;0.00;0.00;14.12;98.9;98.0;0.00;0.00
73958;994;22.0;50;1.57;8640.0;0.00;0.00;14.12;98.9;98.0;0.00;0.00
73970;1002;22.0;50;1.57;8640.0;0.00;0.00;14.12;98.9;98.0;0.00;0.00
73995;1010;22.0;50;1.57;8640.0;0.00;0.00;14.12;98.9;98.0;0.00;0.00
74007;1010;22.0;50;1.57;8640.0;0.00;0.00;14.12;98.9;98.0;0.00;0.00
74018;1009;22.0;50;1.57;8640.0;0.00;0.00;13.73;98.9;98.0;0.00;0.00
74027;1009;22.0;50;1.57;8640.0;0.00;0.00;13.73;98.9;98.0;0.00;0.00
74037;1009;22.0;50;1.57;8640.0;0.00;0.00;13.73;98.9;98.0;0.00;0.00
74048;1009;22.0;50;1.57;8640.0;0.00;0.00;13.73;98.9;98.0;0.00;0.00
74060;1009;22.0;50;1.57;8640.0;0.00;0.00;13.73;98.9;98.0;0.00;0.00
74079;1008;23.0;50;1.57;8640.0;0.00;0.00;13.73;98.9;98.0;0.00;0.00
74088;1008;23.0;50;1.57;8640.0;0.00;0.00;13.73;98.9;98.0;0.00;0.00
74100;1008;23.0;50;1.96;8640.0;0.00;0.00;13.73;98.9;98.0;0.00;0.00
74119;1008;23.0;50;1.96;8640.0;0.00;0.00;13.73;98.9;98.0;0.00;0.00
74134;1008;23.0;50;1.96;8640.0;0.00;0.00;13.73;98.9;98.0;0.00;0.00
74148;1003;23.0;50;1.96;8640.0;0.00;0.00;13.73;98.9;98.0;0.00;0.00
74157;998;23.0;50;1.96;8640.0;0.00;0.00;13.73;98.9;98.0;0.00;0.00
74168;993;23.0;50;1.96;8640.0;0.00;0.00;13.73;98.9;98.0;0.00;0.00
74179;988;23.0;50;1.96;8640.0;0.00;0.00;13.73;98.9;98.0;0.00;0.00
74189;983;23.0;50;1.96;8640.0;0.00;0.00;13.73;98.9;98.0;0.00;0.00
74199;977;23.0;50;1.96;8640.0;0.00;0.00;13.73;98.9;98.0;0.00;0.00
74208;972;23.0;50;1.96;8640.0;0.00;0.00;13.73;98.9;98.0;0.00;0.00
74217;967;23.0;51;1.96;8640.0;0.00;0.00;13.73;98.9;98.0;0.00;0.00
74229;962;23.0;51;1.57;8640.0;0.00;0.00;13.73;98.9;98.0;0.00;0.00
74240;957;23.0;51;1.57;8640.0;0.00;0.00;13.73;98.9;98.0;0.00;0.00
74264;952;23.0;51;1.57;8640.0;0.00;0.00;13.73;98.9;98.0;0.00;0.00
74277;948;23.0;51;1.57;8640.0;0.00;0.00;13.73;98.9;98.0;0.00;0.00
74289;943;23.0;51;1.57;8640.0;0.00;0.00;14.12;98.9;98.0;0.00;0.00
74302;938;23.0;51;1.57;8640.0;0.00;0.00;14.12;98.9;98.0;0.00;0.00
74319;934;23.0;51;1.57;8640.0;0.00;0.00;14.12;98.9;98.0;0.00;0.00
74328;929;23.0;51;1.57;8640.0;0.00;0.00;14.12;98.9;98.0;0.00;0.00
74339;924;23.0;51;1.57;8640.0;0.00;0.00;14.12;98.9;98.0;0.00;0.00
74349;919;23.0;51;1.57;8640.0;0.00;0.00;14.12;98.9;98.0;0.00;0.00
74359;915;23.0;51;1.57;8640.0;0.00;0.00;14.12;98.9;98.0;0.00;0.00
74379;910;23.0;51;1.57;8640.0;0.00;0.00;14.12;98.9;98.0;0.00;0.00
74389;905;23.0;51;1.57;8640.0;0.00;0.00;14.12;98.9;98.0;0.00;0.00
74403;901;23.0;51;1.57;8640.0;0.00;0.00;14.12;98.9;98.0;0.00;0.00
74418;894;23.0;51;1.57;8640.0;0.00;0.00;14.12;98.9;98.0;0.00;0.00
74430;887;23.0;51;1.57;8640.0;0.00;0.00;14.51;98.9;98.0;0.00;0.00
74449;880;23.0;51;1.57;8640.0;0.00;0.00;14.51;98.9;98.0;0.00;0.00
74460;873;24.0;51;1.57;8640.0;0.00;0.00;14.51;98.9;98.0;0.00;0.00
74479;866;24.0;51;1.57;8640.0;0.00;0.00;14.51;98.9;98.0;0.00;0.00
74488;859;24.0;51;1.57;8640.0;0.00;0.00;14.51;98.9;98.0;0.00;0.00
74502;852;24.0;51;1.57;8640.0;0.00;0.00;14.51;98.9;98.0;0.00;0.00
74519;845;24.0;51;1.57;8640.0;0.00;0.00;14.51;98.9;98.0;0.00;0.00
74527;838;24.0;51;1.96;8640.0;0.00;0.00;14.90;98.9;98.0;0.00;0.00
74539;831;25.0;51;1.96;8640.0;0.00;0.00;14.90;98.9;98.0;0.00;0.00
74553;824;25.0;51;1.96;8640.0;0.00;0.00;14.90;98.9;98.0;0.00;0.00
74569;826;25.0;51;1.96;8640.0;0.00;0.00;15.29;98.9;98.0;0.00;0.00
74578;828;25.0;51;1.96;8640.0;0.00;0.00;15.29;98.9;98.0;0.00;0.00
74589;829;25.0;51;1.96;8640.0;0.00;0.00;15.69;98.9;98.0;0.00;0.00
74601;831;25.0;51;1.96;8640.0;0.00;0.00;15.69;98.9;98.0;0.00;0.00
74617;833;25.0;51;1.96;8640.0;0.00;0.00;15.69;98.9;98.0;0.00;0.00
74629;834;25.0;51;1.96;8640.0;0.00;0.00;16.08;98.9;98.0;0.00;0.00
74639;836;26.0;51;1.96;8640.0;0.00;0.00;16.08;98.9;98.0;0.00;0.00
74648;838;26.0;51;1.96;8640.0;0.00;0.00;16.08;98.9;98.0;0.00;0.00
74659;840;26.0;51;1.96;8640.0;0.00;0.00;16.47;98.9;98.0;0.00;0.00
74669;841;26.0;51;1.96;8640.0;0.00;0.00;16.47;98.9;98.0;0.00;100.00
74685;843;26.0;51;1.96;8640.0;0.00;0.00;16.47;98.9;98.0;0.00;100.00
74699;847;26.0;51;1.96;8640.0;0.00;0.00;16.47;98.9;98.0;0.00;100.00
74707;852;26.0;51;1.96;8640.0;0.00;0.00;16.86;98.9;98.0;0.00;100.00
74719;856;26.0;51;1.96;8640.0;0.00;0.00;16.86;98.9;98.0;0.00;100.00
74729;860;27.0;51;1.96;8640.0;0.00;0.00;16.86;98.9;98.0;0.00;100.00
74739;864;27.0;51;1.96;8640.0;0.00;0.00;16.86;98.9;98.0;0.00;100.00
74749;869;27.0;51;1.96;8640.0;0.00;0.00;17.25;98.9;98.0;0.00;100.00
74758;873;27.0;51;1.96;8640.0;0.00;0.00;17.25;98.9;98.0;0.00;100.00
74770;877;27.0;51;1.96;8640.0;0.00;0.00;17.65;98.9;98.0;0.00;100.00
74789;881;27.0;51;2.35;8640.0;0.00;0.00;17.65;98.9;98.0;0.00;100.00
74801;886;28.0;51;2.35;8640.0;0.00;0.00;18.04;98.9;98.0;0.00;100.00
74821;890;28.0;51;2.35;8640.0;0.00;0.00;18.04;98.9;98.0;0.00;100.00
74840;892;28.0;51;2.35;8640.0;0.00;0.00;18.43;98.9;98.0;0.00;100.00
74849;894;28.0;51;2.35;8640.0;0.00;0.00;18.43;98.9;98.0;0.00;100.00
74860;897;28.0;51;2.35;8640.0;0.00;0.00;18.82;98.9;98.0;0.00;100.00
74868;899;28.0;51;2.35;8640.0;0.00;0.00;18.82;98.9;98.0;0.00;100.00
74877;901;28.0;51;2.35;8640.0;0.00;0.00;19.22;98.9;98.0;0.00;100.00
74889;904;28.0;51;2.35;8640.0;0.00;0.00;19.22;98.9;98.0;0.00;100.00
74900;906;29.0;51;2.35;8640.0;0.00;0.00;19.61;98.9;98.0;0.00;100.00
74917;908;29.0;51;2.35;8640.0;0.00;0.00;19.61;98.9;98.0;0.00;100.00
74929;911;29.0;51;2.35;8640.0;0.00;0.00;19.61;98.9;98.0;0.00;100.00
74939;913;29.0;51;2.35;8640.0;0.00;0.00;19.61;98.9;98.0;0.00;100.00
74953;915;29.0;51;2.35;8640.0;0.00;0.00;19.61;98.9;98.0;0.00;100.00
74970;915;29.0;51;2.35;8640.0;0.00;0.00;19.61;98.9;98.0;0.00;100.00
74988;914;29.0;51;2.35;8640.0;0.00;0.00;20.00;98.9;98.0;0.00;100.00
75000;914;29.0;51;2.35;8640.0;0.00;0.00;20.00;98.9;98.0;0.00;100.00
75008;913;29.0;51;2.35;8640.0;0.00;0.00;20.00;98.9;98.0;0.00;100.00
75019;913;29.0;51;2.35;8640.0;0.00;0.00;20.00;98.9;98.0;0.00;100.00
75028;912;29.0;51;2.35;8640.0;0.00;0.00;20.00;98.9;98.0;0.00;100.00
75039;912;30.0;51;2.35;8640.0;0.00;0.00;20.00;98.9;98.0;0.00;100.00
75050;911;30.0;51;2.35;8640.0;0.00;0.00;20.00;98.9;98.0;0.00;100.00
75067;911;30.0;51;2.75;8640.0;0.00;0.00;20.00;98.9;98.0;0.00;100.00
75077;911;30.0;51;2.75;8640.0;0.00;0.00;20.00;98.9;98.0;0.00;100.00
75094;910;30.0;51;2.75;8640.0;0.00;0.00;20.00;98.9;98.0;0.00;100.00
75109;910;30.0;51;2.75;8640.0;0.00;0.00;20.00;98.9;98.0;0.00;100.00
75119;909;30.0;51;2.75;8640.0;0.00;0.00;20.39;98.9;98.0;0.00;100.00
75128;909;31.0;51;2.75;8640.0;0.00;0.00;20.39;98.9;98.0;0.00;100.00
75139;908;31.0;51;2.75;8640.0;0.00;0.00;20.39;98.9;98.0;0.00;100.00
75149;908;31.0;51;3.14;8640.0;0.00;0.00;20.39;98.9;98.0;0.00;100.00
75160;907;31.0;51;3.14;8640.0;0.00;0.00;20.39;98.9;98.0;0.00;100.00
75168;906;32.0;51;3.14;8640.0;0.00;0.00;20.39;98.9;98.0;0.00;100.00
75179;906;32.0;51;3.53;8640.0;0.00;0.00;20.78;98.9;98.0;0.00;100.00
75190;905;32.0;51;3.53;8640.0;0.00;0.00;21.57;98.9;98.0;0.00;100.00
75210;905;32.0;51;3.92;8640.0;0.00;0.00;21.96;98.9;98.0;0.00;100.00
75234;904;33.0;51;3.92;8640.0;0.00;0.00;22.35;98.9;98.0;0.00;100.00
75246;904;33.0;51;3.92;8640.0;0.00;0.00;22.75;98.9;98.0;0.00;100.00
75257;904;34.0;51;4.31;8640.0;0.00;0.00;23.53;98.9;98.0;0.00;100.00
75268;903;34.0;51;4.31;8640.0;0.00;0.00;23.92;98.9;98.0;0.00;100.00
75277;903;35.0;51;4.31;8640.0;0.00;0.00;24.31;98.9;98.0;0.00;100.00
75290;903;36.0;51;4.31;8640.0;0.00;0.00;24.71;98.9;98.0;0.00;100.00
75310;902;36.0;51;4.31;8640.0;0.00;0.00;25.49;98.9;98.0;0.00;100.00
75320;902;37.0;51;4.31;8640.0;0.00;0.00;25.88;98.9;98.0;0.00;100.00
75339;902;37.0;51;4.31;8640.0;0.00;0.00;26.27;98.9;98.0;0.00;100.00
75350;901;38.0;51;4.71;8640.0;0.00;0.00;26.67;98.9;98.0;0.00;100.00
75359;901;39.0;51;4.71;8640.0;0.00;0.00;27.06;98.9;98.0;0.00;100.00
75373;901;39.0;51;4.71;8640.0;0.00;0.00;27.45;98.9;98.0;0.00;100.00
75390;903;40.0;51;4.71;8640.0;0.00;0.00;27.84;98.9;98.0;0.00;100.00
75402;905;40.0;51;4.71;8640.0;0.00;0.00;27.84;98.9;98.0;0.00;100.00
75419;908;41.0;51;4.71;8640.0;0.00;0.00;28.24;98.9;98.0;0.00;100.00
75428;910;41.0;51;4.71;8640.0;0.00;0.00;28.63;98.9;98.0;0.00;100.00
75438;913;41.0;51;4.71;8640.0;0.00;0.00;29.02;98.9;98.0;0.00;100.00
75448;915;41.0;51;4.71;8640.0;0.00;0.00;29.41;98.9;98.0;0.00;100.00
75458;917;42.0;51;4.71;8640.0;0.00;0.00;29.80;98.9;98.0;0.00;100.00
75469;920;42.0;51;4.71;8640.0;0.00;0.00;30.20;98.9;98.0;0.00;100.00
75476;922;42.0;51;4.31;8640.0;0.00;0.00;30.20;98.9;98.0;0.00;100.00
75488;925;42.0;51;4.31;8640.0;0.00;0.00;30.59;98.9;98.0;0.00;100.00
75503;927;43.0;51;4.31;8640.0;0.00;0.00;30.98;98.9;98.0;0.00;100.00
75518;927;43.0;51;4.31;8640.0;0.00;0.00;30.98;98.9;98.0;0.00;100.00
75528;927;43.0;51;4.31;8640.0;0.00;0.00;31.37;98.9;98.0;0.00;100.00
75538;927;43.0;51;4.31;8640.0;0.00;0.00;31.37;98.9;98.0;0.00;100.00
75546;927;43.0;51;4.31;8640.0;0.00;0.00;31.76;98.9;98.0;0.00;100.00
75559;927;43.0;51;4.31;8640.0;0.00;0.00;32.16;98.9;98.0;0.00;100.00
75567;927;43.0;51;4.31;8640.0;0.00;0.00;32.16;98.9;98.0;0.00;100.00
75578;927;44.0;51;4.31;8640.0;0.00;0.00;32.55;98.9;98.0;0.00;100.00
75588;927;44.0;51;4.31;8640.0;0.00;0.00;32.55;98.9;98.0;0.00;100.00
75601;927;44.0;51;3.92;8640.0;0.00;0.00;32.55;98.9;98.0;0.00;100.00
75618;927;44.0;51;3.92;8640.0;0.00;0.00;32.94;98.9;98.0;0.00;100.00
75632;927;44.0;51;3.92;8640.0;0.00;0.00;32.94;98.9;98.0;0.00;100.00
75648;926;44.0;51;3.92;8640.0;0.00;0.00;32.94;98.9;98.0;0.00;100.00
75657;925;44.0;51;3.92;8640.0;0.00;0.00;32.94;98.9;98.0;0.00;100.00
75666;924;44.0;51;3.92;8640.0;0.00;0.00;32.94;98.9;98.0;0.00;100.00
75677;924;44.0;51;3.92;8640.0;0.00;0.00;32.94;98.9;97.5;0.00;100.00
75688;923;44.0;51;3.92;8640.0;0.00;0.00;33.33;98.9;97.5;0.00;100.00
75701;922;44.0;51;3.92;8640.0;0.00;0.00;33.33;98.9;97.5;0.00;100.00
75717;921;44.0;51;3.92;8640.0;0.00;0.00;33.33;98.9;97.5;0.00;100.00
75729;920;44.0;51;3.92;8640.0;0.00;0.00;33.33;98.9;97.5;0.00;100.00
75738;920;44.0;51;4.31;8640.0;0.00;0.00;33.33;98.9;97.5;0.00;100.00
75747;919;44.0;51;4.31;8640.0;0.00;0.00;33.33;98.9;97.5;0.00;100.00
75763;918;44.0;51;4.31;8640.0;0.00;0.00;33.33;98.9;97.5;0.00;100.00
75776;920;44.0;51;4.31;8640.0;0.00;0.00;33.33;98.9;97.5;0.00;100.00
75787;922;44.0;51;4.31;8640.0;0.00;0.00;33.33;98.9;97.5;0.00;100.00
75800;924;44.0;51;4.31;8640.0;0.00;0.00;33.33;98.9;97.5;0.00;100.00
75808;926;44.0;51;4.31;8640.0;0.00;0.00;33.33;98.9;97.5;0.00;100.00
75817;928;44.0;51;4.31;8640.0;0.00;0.00;33.33;98.9;97.5;0.00;100.00
75826;930;44.0;51;4.31;8640.0;0.00;0.00;33.33;98.9;97.5;0.00;100.00
75836;931;45.0;51;4.31;8640.0;0.00;0.00;33.33;98.9;97.5;0.00;100.00
75846;933;45.0;51;4.31;8640.0;0.00;0.00;33.33;98.9;97.5;0.00;100.00
75857;935;45.0;51;4.31;8640.0;0.00;0.00;33.33;98.9;97.5;0.00;100.00
75868;937;45.0;51;4.31;8640.0;0.00;0.00;33.73;98.9;97.5;0.00;100.00
75885;939;45.0;51;4.31;8640.0;0.00;0.00;33.73;98.9;97.5;0.00;100.00
75901;941;45.0;51;4.31;8640.0;0.00;0.00;33.73;98.9;97.5;0.00;100.00
75918;943;45.0;51;4.31;8640.0;0.00;0.00;33.73;98.9;97.5;0.00;100.00
75926;945;45.0;51;4.31;8640.0;0.00;0.00;33.73;98.9;97.5;0.00;100.00
75936;947;45.0;51;4.31;8640.0;0.00;0.00;33.73;98.9;97.0;0.00;100.00
75947;949;45.0;51;4.31;8640.0;0.00;0.00;34.12;98.9;97.0;0.00;100.00
75958;951;45.0;51;4.31;8640.0;0.00;0.00;34.12;98.9;97.0;0.00;100.00
75968;953;45.0;51;4.31;8640.0;0.00;0.00;34.12;98.9;97.0;0.00;100.00
75976;955;45.0;51;4.31;8640.0;0.00;0.00;34.12;98.9;97.0;0.00;100.00
75988;957;45.0;51;4.31;8640.0;0.00;0.00;34.12;98.9;97.0;0.00;100.00
76000;959;45.0;51;4.31;8640.0;0.00;0.00;34.12;98.9;97.0;0.00;100.00
76023;961;45.0;51;4.31;8640.0;0.00;0.00;34.12;98.9;96.5;0.00;100.00
76038;962;45.0;51;4.31;8640.0;0.00;0.00;34.12;98.9;96.5;0.00;100.00
76047;962;45.0;51;4.31;8640.0;0.00;0.00;34.12;98.9;96.0;0.00;100.00
76059;963;45.0;51;4.31;8640.0;0.00;0.00;34.12;98.9;96.0;0.00;100.00
76067;963;45.0;51;4.31;8640.0;0.00;0.00;34.12;98.9;95.5;0.00;100.00
76079;964;45.0;51;4.31;8640.0;0.00;0.00;34.12;98.9;95.5;0.00;100.00
76086;964;45.0;51;4.31;8640.0;0.00;0.00;34.12;98.9;95.0;0.00;100.00
76101;965;45.0;51;4.31;8640.0;0.00;0.00;34.12;98.9;95.0;0.00;100.00
76118;965;45.0;51;4.31;8640.0;0.00;0.00;34.12;98.9;94.5;0.00;100.00
76126;965;45.0;51;4.31;8640.0;0.00;0.00;34.12;98.9;94.5;0.00;100.00
76137;966;45.0;51;4.31;8640.0;0.00;0.00;33.73;98.9;94.5;0.00;100.00
76154;966;45.0;51;4.31;8640.0;0.00;0.00;33.73;98.9;94.5;0.00;100.00
76169;967;45.0;51;4.31;8640.0;0.00;0.00;33.73;98.9;94.5;0.00;100.00
76178;968;45.0;51;4.31;8640.0;0.00;0.00;33.73;98.9;94.5;0.00;100.00
76187;970;45.0;51;4.31;8640.0;0.00;0.00;33.73;98.9;94.5;0.00;100.00
76199;971;45.0;51;4.31;8640.0;0.00;0.00;33.73;98.9;94.0;0.00;100.00
76209;972;45.0;51;4.31;8640.0;0.00;0.00;33.33;98.9;94.0;0.00;100.00
76219;973;45.0;51;4.31;8640.0;0.00;0.00;33.33;98.9;94.0;0.00;100.00
76228;974;44.0;51;4.31;8640.0;0.00;0.00;33.33;98.9;94.0;0.00;100.00
76237;975;44.0;51;4.31;8640.0;0.00;0.00;33.33;98.9;94.0;0.00;100.00
76249;976;44.0;51;3.92;8640.0;0.00;0.00;33.33;98.9;94.0;0.00;100.00
76260;977;44.0;51;3.92;8640.0;0.00;0.00;33.33;98.9;94.0;0.00;100.00
76284;978;44.0;51;3.92;8640.0;0.00;0.00;33.33;98.9;94.0;0.00;100.00
76302;978;44.0;51;3.92;8640.0;0.00;0.00;33.33;98.9;94.0;0.00;100.00
76321;978;44.0;51;3.92;8640.0;0.00;0.00;32.94;98.9;94.0;0.00;100.00
76337;978;43.0;51;3.92;8640.0;0.00;0.00;32.94;98.9;94.0;0.00;100.00
76348;979;43.0;51;3.92;8640.0;0.00;0.00;32.94;98.9;93.5;0.00;100.00
76357;979;43.0;51;3.92;8640.0;0.00;0.00;32.94;98.9;93.5;0.00;100.00
76366;979;43.0;51;3.92;8640.0;0.00;0.00;32.94;98.9;93.5;0.00;100.00
76376;979;42.0;51;3.92;8640.0;0.00;0.00;32.94;98.9;93.5;0.00;100.00
76388;979;42.0;51;3.92;8640.0;0.00;0.00;32.55;98.9;93.5;0.00;100.00
76402;979;42.0;51;3.92;8640.0;0.00;0.00;32.55;98.9;93.5;0.00;100.00
76419;979;42.0;51;3.92;8640.0;0.00;0.00;32.16;98.9;93.5;0.00;100.00
76432;980;41.0;51;3.92;8640.0;0.78;0.00;32.16;98.9;93.5;0.00;100.00
76447;979;41.0;51;3.92;8640.0;0.78;0.78;31.76;98.9;93.5;0.00;100.00
76456;978;41.0;51;3.92;8640.0;0.78;0.78;31.76;98.9;93.5;0.00;100.00
76468;977;41.0;51;3.92;8640.0;0.78;0.78;31.37;98.9;93.5;0.00;100.00
76478;976;41.0;51;3.92;8640.0;0.78;0.78;31.37;98.9;93.0;0.00;100.00
76487;975;41.0;51;3.92;8640.0;0.78;0.78;30.98;98.9;93.0;0.00;100.00
76500;974;41.0;51;3.92;8640.0;0.78;0.78;30.98;98.9;93.0;0.00;100.00
76518;973;41.0;51;3.92;8640.0;0.78;0.78;30.59;98.9;93.0;0.00;100.00
76528;972;41.0;50;3.92;8640.0;0.78;0.78;30.59;98.9;93.0;0.00;100.00
76536;971;41.0;50;3.53;8640.0;0.78;0.78;30.59;98.9;93.0;0.00;100.00
76547;970;41.0;50;3.53;8640.0;0.78;0.78;30.20;98.9;93.0;0.00;100.00
76564;969;41.0;50;3.53;8640.0;0.78;0.78;30.20;98.9;93.0;0.00;100.00
76577;969;41.0;50;3.53;8640.0;0.78;0.78;30.20;98.9;93.0;0.00;100.00
76588;970;41.0;50;3.53;8640.0;0.78;0.78;30.20;98.9;93.0;0.00;100.00
76599;971;40.0;50;3.53;8640.0;0.78;0.78;30.20;98.9;93.0;0.00;100.00
76608;971;40.0;50;3.53;8640.0;0.78;0.78;30.20;98.9;93.0;0.00;100.00
76617;972;40.0;50;3.53;8640.0;0.78;0.78;29.80;98.9;93.0;0.00;100.00
76627;972;40.0;50;3.53;8640.0;0.78;0.78;29.80;98.9;93.0;0.00;100.00
76638;973;39.0;50;3.53;8640.0;0.78;0.78;29.80;98.9;93.0;0.00;100.00
76648;973;39.0;50;3.53;8640.0;0.00;0.78;29.80;98.9;93.0;0.00;100.00
76660;974;39.0;50;3.14;8640.0;0.00;0.78;29.80;98.9;93.0;0.00;100.00
76676;974;39.0;50;3.14;8640.0;0.00;0.78;29.41;98.9;93.0;0.00;100.00
76694;975;38.0;50;3.14;8640.0;0.00;0.78;29.41;98.9;93.0;0.00;100.00
76709;973;38.0;50;3.14;8640.0;0.00;0.00;29.41;98.9;93.5;0.00;100.00
76718;972;38.0;50;3.14;8640.0;0.00;0.00;29.41;98.9;93.5;0.00;100.00
76728;970;37.0;50;3.14;8640.0;-0.78;0.00;29.41;98.9;93.5;0.00;100.00
76737;969;37.0;50;3.14;8640.0;-0.78;0.00;29.41;98.9;93.5;0.00;100.00
76748;967;36.0;50;3.14;8640.0;-0.78;0.00;29.02;98.9;93.5;0.00;100.00
76760;966;36.0;50;3.14;8640.0;-0.78;0.00;29.02;98.9;93.5;0.00;100.00
76768;965;35.0;50;3.14;8640.0;-0.78;0.00;29.02;98.9;94.0;0.00;100.00
76780;963;35.0;50;3.14;8640.0;-0.78;0.00;28.63;98.9;94.0;0.00;100.00
76788;962;34.0;50;3.14;8640.0;-0.78;-0.78;28.24;98.9;94.0;0.00;100.00
76800;960;34.0;50;3.14;8640.0;-0.78;-0.78;28.24;98.9;94.0;0.00;100.00
76825;959;33.0;50;3.14;8640.0;-1.56;-0.78;27.84;98.9;94.0;0.00;100.00
76838;958;33.0;50;3.14;8640.0;-1.56;-0.78;27.45;98.9;94.5;0.00;100.00
76847;958;33.0;50;3.14;8640.0;-1.56;-0.78;27.06;98.9;94.5;0.00;100.00
76858;958;33.0;50;3.14;8640.0;-1.56;-0.78;26.67;98.9;94.5;0.00;100.00
76868;958;34.0;50;3.14;8640.0;-1.56;-1.56;26.27;98.9;94.5;0.00;100.00
76876;957;34.0;50;3.14;8640.0;-1.56;-1.56;26.27;98.9;94.5;0.00;100.00
76888;957;34.0;50;3.14;8650.0;-1.56;-1.56;25.88;98.9;94.5;0.00;100.00
76902;957;34.0;50;3.14;8650.0;-1.56;-1.56;25.49;98.9;95.0;0.00;100.00
76918;957;34.0;50;3.14;8650.0;-1.56;-1.56;25.49;98.9;95.0;0.00;100.00
76927;956;34.0;50;3.53;8660.0;-1.56;-1.56;25.49;98.9;95.0;0.00;100.00
76938;956;35.0;50;3.53;8660.0;-1.56;-1.56;25.49;98.9;95.0;0.00;100.00
76953;956;35.0;50;3.53;8670.0;-1.56;-1.56;25.49;98.9;95.0;0.00;100.00
76968;956;35.0;50;3.53;8670.0;-1.56;-1.56;25.49;98.9;95.0;0.00;100.00
76978;956;35.0;50;3.53;8670.0;-1.56;-1.56;25.49;98.9;95.0;0.00;100.00
76987;956;35.0;50;3.53;8680.0;-1.56;-1.56;25.49;98.9;95.0;0.00;100.00
77000;956;35.0;50;3.53;8680.0;-1.56;-1.56;25.49;98.9;95.5;0.00;100.00
77017;956;35.0;50;3.53;8680.0;-1.56;-1.56;25.49;98.9;95.5;0.00;100.00
77028;955;35.0;50;3.53;8670.0;-1.56;-1.56;25.49;98.9;95.5;0.00;100.00
77039;955;35.0;50;3.53;8670.0;-1.56;-1.56;25.49;98.9;95.5;0.00;100.00
77050;955;35.0;50;3.53;8670.0;-1.56;-1.56;25.49;98.9;95.5;0.00;100.00
77059;955;35.0;50;3.53;8660.0;-1.56;-1.56;25.49;98.9;95.5;0.00;100.00
77068;955;35.0;50;3.53;8660.0;-1.56;-1.56;25.49;98.9;95.5;0.00;100.00
77084;955;35.0;50;3.53;8650.0;-1.56;-1.56;25.49;98.9;95.5;0.00;100.00
77101;955;35.0;50;3.53;8650.0;-1.56;-2.34;25.49;98.9;95.5;0.00;100.00
77118;955;35.0;50;3.53;8650.0;-1.56;-2.34;25.88;98.9;95.5;0.00;100.00
77128;955;35.0;50;3.53;8640.0;-1.56;-2.34;25.88;98.9;95.5;0.00;100.00
77138;954;36.0;50;3.53;8640.0;-1.56;-2.34;25.88;98.9;96.0;0.00;100.00
77148;954;36.0;50;3.53;8640.0;-1.56;-2.34;25.88;98.9;96.0;0.00;100.00
77157;954;36.0;50;3.53;8640.0;-1.56;-2.34;25.88;98.9;96.0;0.00;100.00
77167;954;36.0;50;3.53;8640.0;-1.56;-2.34;25.88;98.9;96.0;0.00;100.00
77179;953;36.0;50;3.53;8640.0;-1.56;-2.34;25.88;98.9;96.0;0.00;100.00
77188;953;36.0;50;3.53;8640.0;-1.56;-3.13;25.88;98.9;96.0;0.00;100.00
77199;953;37.0;50;3.53;8640.0;-1.56;-3.13;26.27;98.9;96.0;0.00;100.00
77213;953;37.0;50;3.53;8640.0;-2.34;-3.13;26.27;98.9;96.0;0.00;100.00
77228;950;37.0;50;3.53;8640.0;-2.34;-3.13;26.27;98.9;96.0;0.00;100.00
77239;948;37.0;50;3.53;8640.0;-2.34;-3.13;26.27;98.9;96.0;0.00;100.00
77248;945;37.0;50;3.53;8640.0;-2.34;-3.13;26.27;98.9;96.0;0.00;100.00
77259;943;37.0;50;3.53;8640.0;-2.34;-3.91;26.27;98.9;96.0;0.00;100.00
77268;940;37.0;50;3.53;8640.0;-2.34;-3.91;26.67;98.9;96.0;0.00;100.00
77277;937;37.0;50;3.53;8640.0;-2.34;-3.91;26.67;98.9;96.0;0.00;100.00
77288;935;36.0;50;3.53;8640.0;-2.34;-3.91;26.67;98.9;96.0;0.00;100.00
77304;932;36.0;50;3.53;8640.0;-3.13;-3.91;26.67;98.9;96.0;0.00;100.00
77318;930;36.0;50;3.14;8640.0;-3.13;-4.69;26.67;98.9;96.0;0.00;100.00
77327;927;36.0;50;3.14;8640.0;-3.13;-4.69;26.67;98.9;96.0;0.00;100.00
77345;925;36.0;50;3.14;8640.0;-3.13;-4.69;26.67;98.9;96.0;0.00;100.00
77359;923;36.0;50;3.14;8640.0;-3.13;-4.69;26.67;98.9;96.0;0.00;100.00
77368;921;36.0;50;3.14;8640.0;-3.13;-4.69;26.67;98.9;96.0;0.00;100.00
77379;919;36.0;50;3.14;8640.0;-3.91;-4.69;26.67;98.9;96.0;0.00;100.00
77388;918;36.0;50;3.14;8640.0;-3.91;-5.47;26.67;98.9;96.5;0.00;100.00
77399;916;36.0;50;3.14;8640.0;-3.91;-5.47;26.67;98.9;96.5;0.00;100.00
77408;914;36.0;50;3.14;8650.0;-3.91;-5.47;26.67;98.9;96.5;0.00;100.00
77427;912;37.0;50;3.14;8650.0;-3.91;-5.47;26.67;98.9;96.5;0.00;100.00
77439;911;37.0;50;3.14;8650.0;-3.91;-5.47;26.67;98.9;96.5;0.00;100.00
77449;909;37.0;50;3.14;8660.0;-3.91;-5.47;26.67;98.9;96.5;0.00;100.00
77459;907;37.0;50;3.14;8660.0;-3.91;-5.47;26.67;98.9;96.5;0.00;100.00
77484;905;37.0;50;3.14;8670.0;-3.91;-5.47;26.67;98.9;96.5;0.00;100.00
77500;905;37.0;50;3.14;8670.0;-3.91;-4.69;26.67;98.9;96.5;0.00;100.00
77519;904;37.0;50;3.14;8670.0;-3.91;-4.69;26.67;98.9;96.5;0.00;100.00
77528;904;37.0;50;3.14;8680.0;-3.91;-4.69;26.67;98.9;96.5;0.00;100.00
77537;903;37.0;50;3.14;8680.0;-3.91;-4.69;26.67;98.9;96.5;0.00;100.00
77548;903;37.0;50;3.14;8680.0;-3.91;-4.69;26.67;98.9;96.5;0.00;100.00
77557;902;37.0;50;3.14;8680.0;-3.91;-4.69;26.67;98.9;96.5;0.00;100.00
77569;902;36.0;50;3.14;8680.0;-3.91;-4.69;26.67;98.9;96.5;0.00;100.00
77577;901;36.0;50;3.14;8680.0;-3.91;-4.69;26.67;98.9;96.5;0.00;100.00
77589;901;36.0;50;3.14;8680.0;-3.91;-4.69;26.67;98.9;96.5;0.00;100.00
77599;900;36.0;50;3.14;8680.0;-3.91;-4.69;26.67;98.9;96.5;0.00;100.00
77615;900;36.0;50;3.14;8680.0;-3.13;-4.69;26.67;98.9;96.5;0.00;100.00
77629;900;36.0;50;3.14;8680.0;-3.13;-3.91;26.67;98.9;96.5;0.00;100.00
77639;900;36.0;50;3.14;8680.0;-3.13;-3.91;27.06;98.9;96.5;0.00;100.00
77647;900;36.0;50;3.14;8680.0;-3.13;-3.91;27.06;98.9;96.5;0.00;100.00
77659;900;36.0;50;3.14;8680.0;-3.13;-3.91;27.06;98.9;97.0;0.00;100.00
77669;900;36.0;50;3.14;8680.0;-3.13;-3.91;27.06;98.9;97.0;0.00;100.00
77678;900;36.0;50;3.14;8680.0;-3.13;-3.91;27.06;98.9;97.0;0.00;100.00
77689;900;36.0;50;3.14;8680.0;-3.13;-3.91;27.06;98.9;97.0;0.00;100.00
77700;900;36.0;50;3.14;8680.0;-3.13;-3.91;27.06;98.9;97.0;0.00;100.00
77717;900;36.0;50;3.14;8680.0;-3.13;-3.91;27.06;98.9;97.0;0.00;100.00
77729;901;36.0;50;3.14;8680.0;-3.13;-3.91;27.06;98.9;97.0;0.00;100.00
77744;901;36.0;50;3.14;8680.0;-2.34;-3.91;27.06;98.9;97.0;0.00;100.00
77758;901;36.0;50;3.14;8680.0;-2.34;-3.13;27.06;98.9;97.0;0.00;100.00
77770;901;36.0;50;3.14;8680.0;-2.34;-3.13;27.06;98.9;97.0;0.00;100.00
77787;901;36.0;50;3.14;8680.0;-2.34;-3.13;27.06;98.9;97.0;0.00;100.00
77799;902;36.0;50;3.14;8680.0;-2.34;-3.13;27.06;98.9;97.0;0.00;100.00
77808;902;36.0;50;3.14;8680.0;-2.34;-3.13;27.06;98.9;97.0;0.00;100.00
77819;902;36.0;50;3.14;8680.0;-2.34;-3.13;27.06;98.9;97.0;0.00;100.00
77829;902;37.0;50;3.14;8680.0;-2.34;-3.13;27.06;98.9;97.0;0.00;100.00
77835;902;37.0;50;3.14;8680.0;-2.34;-3.13;27.06;98.9;97.0;0.00;100.00
77847;903;37.0;50;3.14;8680.0;-2.34;-3.13;27.06;98.9;97.0;0.00;100.00
77857;903;37.0;50;3.14;8680.0;-2.34;-3.13;27.06;98.9;97.0;0.00;100.00
77873;903;37.0;50;3.14;8680.0;-1.56;-3.13;27.06;98.9;97.0;0.00;100.00
77888;903;37.0;50;3.14;8680.0;-1.56;-2.34;27.06;98.9;97.0;0.00;100.00
77900;903;37.0;50;3.14;8680.0;-1.56;-2.34;27.06;98.9;97.0;0.00;100.00
77908;904;37.0;50;3.14;8680.0;-1.56;-2.34;27.06;98.9;97.0;0.00;100.00
77918;904;37.0;50;3.14;8680.0;-1.56;-2.34;27.06;98.9;97.0;0.00;100.00
77927;904;37.0;50;3.14;8680.0;-1.56;-2.34;27.06;98.9;97.0;0.00;100.00
77939;904;37.0;50;3.14;8680.0;-1.56;-2.34;27.06;98.9;97.0;0.00;100.00
77948;904;36.0;50;3.14;8680.0;-1.56;-2.34;27.06;98.9;97.0;0.00;100.00
77957;904;36.0;50;3.14;8680.0;-1.56;-2.34;27.06;98.9;97.0;0.00;100.00
77969;905;36.0;50;3.14;8680.0;-1.56;-2.34;27.06;98.9;97.0;0.00;100.00
77978;905;36.0;50;3.14;8680.0;-1.56;-2.34;27.06;98.9;97.0;0.00;100.00
77996;905;36.0;50;3.14;8680.0;-1.56;-2.34;27.06;98.9;97.0;0.00;100.00
78007;905;36.0;50;3.14;8680.0;-1.56;-2.34;27.06;98.9;97.0;0.00;100.00
78019;906;36.0;50;3.14;8680.0;-1.56;-2.34;26.67;98.9;97.0;0.00;100.00
78028;906;36.0;50;3.14;8680.0;-1.56;-2.34;26.67;98.9;97.0;0.00;100.00
78037;906;36.0;50;3.14;8680.0;-1.56;-2.34;26.67;98.9;97.0;0.00;100.00
78048;907;36.0;50;3.14;8680.0;-1.56;-2.34;26.67;98.9;97.0;0.00;100.00
78059;907;36.0;50;3.14;8680.0;-1.56;-2.34;26.67;98.9;97.0;0.00;100.00
78068;907;35.0;50;3.14;8680.0;-1.56;-2.34;26.67;98.9;97.0;0.00;100.00
78080;908;35.0;50;3.14;8680.0;-1.56;-2.34;26.67;98.9;97.0;0.00;100.00
78088;908;35.0;50;3.14;8680.0;-1.56;-2.34;26.67;98.9;97.0;0.00;100.00
78100;909;35.0;50;3.14;8680.0;-1.56;-2.34;26.67;98.9;97.0;0.00;100.00
78125;909;35.0;50;3.14;8680.0;-0.78;-2.34;26.67;98.9;97.0;0.00;100.00
78137;909;35.0;50;3.14;8680.0;-0.78;-1.56;26.67;98.9;97.0;0.00;100.00
78148;908;35.0;50;3.14;8680.0;-0.78;-1.56;26.27;98.9;97.0;0.00;100.00
78156;908;35.0;50;3.14;8680.0;-0.78;-1.56;26.27;98.9;97.0;0.00;100.00
78168;908;35.0;50;3.14;8680.0;-0.78;-1.56;26.27;98.9;97.5;0.00;100.00
78178;908;35.0;50;3.14;8680.0;-0.78;-1.56;26.27;98.9;97.5;0.00;100.00
78189;907;35.0;50;3.14;8680.0;-0.78;-1.56;26.27;98.9;97.5;0.00;100.00
78202;907;36.0;50;3.14;8680.0;-0.78;-1.56;26.27;98.9;97.5;0.00;100.00
78220;907;36.0;50;3.14;8680.0;-0.78;-1.56;26.27;98.9;97.5;0.00;100.00
78236;907;36.0;50;3.14;8680.0;-0.78;-1.56;26.27;98.9;97.5;0.00;100.00
78247;906;36.0;50;3.14;8680.0;-0.78;-1.56;26.27;98.9;97.5;0.00;100.00
78265;906;36.0;50;3.14;8680.0;0.00;-1.56;26.27;98.9;97.5;0.00;100.00
78278;906;36.0;50;3.14;8680.0;0.00;-1.56;26.27;98.9;97.5;0.00;100.00
78288;905;36.0;50;3.14;8680.0;0.00;-1.56;26.27;98.9;97.5;0.00;100.00
78302;905;36.0;50;3.14;8680.0;0.00;-1.56;26.27;98.9;97.5;0.00;100.00
78319;905;36.0;50;3.14;8680.0;0.00;-1.56;26.27;98.9;97.5;0.00;100.00
78330;905;36.0;50;3.14;8680.0;0.00;-1.56;26.27;98.9;97.5;0.00;100.00
78348;904;36.0;50;3.14;8680.0;0.00;-1.56;26.27;98.9;97.5;0.00;100.00
78360;904;36.0;50;3.14;8680.0;0.00;-1.56;26.27;98.9;97.5;0.00;100.00
78378;904;36.0;50;3.14;8680.0;0.00;-1.56;26.27;98.9;97.5;0.00;100.00
78389;903;36.0;50;3.14;8680.0;0.00;-1.56;26.27;98.9;97.5;0.00;100.00
78402;903;36.0;50;3.14;8680.0;0.00;-1.56;26.27;98.9;97.5;0.00;100.00
78424;903;36.0;50;3.14;8680.0;0.00;-1.56;26.27;98.9;97.5;0.00;100.00
78437;902;36.0;50;3.14;8680.0;0.00;-1.56;26.27;98.9;97.5;0.00;100.00
78446;901;36.0;50;3.14;8680.0;0.00;-1.56;26.27;98.9;97.5;0.00;100.00
78457;900;36.0;50;3.14;8680.0;0.00;-1.56;26.27;98.9;97.5;0.00;100.00
78468;899;36.0;50;3.14;8680.0;0.00;-1.56;26.27;98.9;97.5;0.00;100.00
78477;898;36.0;50;3.14;8680.0;0.00;-1.56;26.27;98.9;97.5;0.00;100.00
78487;897;36.0;50;3.14;8680.0;0.00;-1.56;26.27;98.9;97.5;0.00;100.00
78499;896;35.0;50;3.14;8680.0;0.00;-1.56;26.27;98.9;97.5;0.00;100.00
78508;895;35.0;50;3.14;8680.0;0.00;-1.56;26.27;98.9;97.5;0.00;100.00
78518;894;35.0;50;3.14;8680.0;0.00;-1.56;26.27;98.9;97.5;0.00;100.00
78526;894;35.0;50;3.14;8680.0;0.00;-1.56;26.27;98.9;97.5;0.00;100.00
78543;893;35.0;50;3.14;8680.0;0.00;-1.56;26.27;98.9;97.5;0.00;100.00
78557;892;35.0;50;3.14;8680.0;0.00;-2.34;26.27;98.9;97.5;0.00;100.00
78567;892;35.0;50;3.14;8680.0;0.00;-2.34;26.67;98.9;97.5;0.00;100.00
78579;891;35.0;50;3.14;8680.0;0.00;-2.34;26.67;98.9;97.5;0.00;100.00
78588;891;35.0;50;3.14;8680.0;0.00;-2.34;26.67;98.9;97.5;0.00;100.00
78601;890;35.0;50;3.14;8680.0;0.00;-2.34;26.67;98.9;97.5;0.00;100.00
78617;889;35.0;50;3.14;8680.0;0.00;-2.34;26.67;98.9;97.5;0.00;100.00
78626;889;36.0;50;3.14;8680.0;0.00;-2.34;26.67;98.9;97.5;0.00;100.00
78637;888;36.0;50;3.14;8680.0;0.00;-2.34;26.67;98.9;97.5;0.00;100.00
78649;888;36.0;50;3.14;8680.0;0.00;-2.34;26.67;98.9;97.5;0.00;100.00
78657;887;36.0;50;3.14;8680.0;0.00;-2.34;26.67;98.9;97.5;0.00;100.00
78674;887;36.0;50;3.14;8680.0;-0.78;-2.34;26.67;98.9;97.5;0.00;100.00
78687;886;36.0;50;3.14;8680.0;-0.78;-2.34;26.67;98.9;97.5;0.00;100.00
78702;885;36.0;50;3.14;8680.0;-0.78;-2.34;27.06;98.9;97.5;0.00;100.00
78716;884;36.0;50;3.14;8680.0;-0.78;-2.34;27.06;98.9;97.5;0.00;100.00
78727;883;36.0;50;3.14;8680.0;-0.78;-2.34;27.06;98.9;97.5;0.00;100.00
78735;882;36.0;50;3.14;8680.0;-0.78;-2.34;27.06;98.9;97.5;0.00;100.00
78747;881;36.0;50;3.14;8680.0;-0.78;-2.34;27.06;98.9;97.5;0.00;100.00
78756;880;37.0;50;3.14;8680.0;-0.78;-2.34;27.06;98.9;97.5;0.00;100.00
78767;879;37.0;50;3.14;8680.0;-0.78;-2.34;27.06;98.9;97.5;0.00;100.00
78778;878;37.0;50;3.14;8680.0;-0.78;-2.34;27.06;98.9;97.5;0.00;100.00
78787;877;37.0;50;3.14;8680.0;-0.78;-2.34;27.06;98.9;97.5;0.00;100.00
78804;876;37.0;50;3.14;8680.0;-0.78;-2.34;27.06;98.9;97.5;0.00;100.00
78818;875;37.0;50;3.14;8680.0;-0.78;-2.34;27.06;98.9;97.5;0.00;100.00
78827;873;37.0;50;3.14;8680.0;-0.78;-2.34;27.45;98.9;97.5;0.00;100.00
78837;872;37.0;50;3.14;8680.0;-0.78;-2.34;27.45;98.9;97.5;0.00;100.00
78847;871;37.0;50;3.14;8680.0;-0.78;-2.34;27.45;98.9;97.5;0.00;100.00
78858;870;37.0;50;3.14;8680.0;-0.78;-2.34;27.45;98.9;97.5;0.00;100.00
78866;868;37.0;50;3.14;8680.0;-0.78;-2.34;27.45;98.9;97.5;0.00;100.00
78875;867;37.0;50;3.14;8680.0;-0.78;-2.34;27.45;98.9;97.5;0.00;100.00
78885;866;37.0;50;3.14;8680.0;-0.78;-2.34;27.45;98.9;97.5;0.00;100.00
78901;864;37.0;50;3.14;8680.0;-0.78;-2.34;27.45;98.9;97.5;0.00;100.00
78918;863;37.0;50;3.14;8680.0;-0.78;-2.34;27.45;98.9;97.5;0.00;100.00
78933;862;37.0;50;3.14;8680.0;-0.78;-2.34;27.45;98.9;97.5;0.00;100.00
78947;861;37.0;50;3.14;8680.0;-0.78;-2.34;27.45;98.9;97.5;0.00;100.00
78956;861;37.0;50;3.14;8680.0;-0.78;-2.34;27.84;98.9;97.5;0.00;100.00
78968;860;37.0;50;3.14;8680.0;-0.78;-2.34;27.84;98.9;97.5;0.00;100.00
78977;859;37.0;50;3.14;8680.0;-0.78;-2.34;27.84;98.9;97.5;0.00;100.00
78990;859;37.0;50;3.14;8680.0;-0.78;-2.34;27.84;98.9;97.5;0.00;100.00
79002;858;37.0;50;3.14;8680.0;-0.78;-2.34;27.84;98.9;97.5;0.00;100.00
79017;858;38.0;50;3.14;8680.0;-0.78;-2.34;27.84;98.9;97.5;0.00;100.00
79026;857;38.0;50;3.14;8680.0;-0.78;-2.34;27.84;98.9;97.5;0.00;100.00
79038;856;38.0;50;3.14;8680.0;-0.78;-2.34;27.84;98.9;97.5;0.00;100.00
79048;856;38.0;50;3.14;8680.0;-0.78;-2.34;27.84;98.9;97.5;0.00;100.00
79062;855;38.0;50;3.14;8680.0;-0.78;-2.34;27.84;98.9;97.5;0.00;100.00
79078;855;38.0;50;3.14;8680.0;-0.78;-2.34;27.84;98.9;97.5;0.00;100.00
79087;855;38.0;50;3.14;8680.0;-0.78;-2.34;27.84;98.9;97.5;0.00;100.00
79100;854;38.0;50;3.14;8680.0;-0.78;-2.34;27.84;98.9;97.5;0.00;100.00
79108;854;38.0;50;3.14;8680.0;-0.78;-2.34;27.84;98.9;97.5;0.00;100.00
79117;854;38.0;50;3.14;8680.0;-0.78;-2.34;27.84;98.9;97.5;0.00;100.00
79126;853;38.0;50;3.14;8680.0;-0.78;-2.34;27.84;98.9;97.5;0.00;100.00
79138;853;37.0;50;3.14;8680.0;-0.78;-2.34;27.84;98.9;97.5;0.00;100.00
79146;853;37.0;50;3.14;8680.0;-0.78;-2.34;27.84;98.9;97.5;0.00;100.00
79157;852;37.0;50;3.14;8680.0;-0.78;-2.34;27.84;98.9;97.5;0.00;100.00
79166;852;37.0;50;3.14;8680.0;-0.78;-2.34;27.84;98.9;97.5;0.00;100.00
79182;852;37.0;50;3.14;8680.0;-0.78;-2.34;27.84;98.9;97.5;0.00;100.00
79201;851;37.0;50;3.14;8680.0;-0.78;-1.56;27.84;98.9;97.5;0.00;100.00
79218;850;37.0;50;3.14;8680.0;-0.78;-1.56;28.24;98.9;97.5;0.00;100.00
79227;848;37.0;50;3.14;8680.0;-0.78;-1.56;28.24;98.9;97.5;0.00;100.00
79236;847;37.0;50;3.14;8680.0;-0.78;-1.56;28.24;98.9;97.5;0.00;100.00
79248;846;37.0;50;3.14;8680.0;-0.78;-1.56;28.24;98.9;97.5;0.00;100.00
79256;845;37.0;50;3.14;8680.0;-0.78;-1.56;28.24;98.9;97.5;0.00;100.00
79267;844;38.0;50;3.14;8680.0;-0.78;-1.56;28.24;98.9;97.5;0.00;100.00
79276;843;38.0;50;3.14;8680.0;-0.78;-1.56;28.24;98.9;97.5;0.00;100.00
79287;842;38.0;50;3.14;8680.0;-0.78;-1.56;28.24;98.9;97.5;0.00;100.00
79301;841;38.0;50;3.14;8680.0;-0.78;-1.56;28.24;98.9;97.5;0.00;100.00
79323;839;38.0;50;3.14;8680.0;-0.78;-1.56;28.24;98.9;97.5;0.00;100.00
79338;839;38.0;50;3.14;8680.0;-0.78;-1.56;28.24;98.9;97.5;0.00;100.00
79347;838;38.0;50;3.14;8680.0;-0.78;-1.56;28.63;98.9;97.5;0.00;100.00
79356;838;38.0;50;3.14;8680.0;-0.78;-1.56;28.63;98.9;97.5;0.00;100.00
79366;837;38.0;50;3.14;8680.0;-0.78;-1.56;28.63;98.9;97.5;0.00;100.00
79377;836;38.0;50;3.14;8680.0;-0.78;-1.56;28.63;98.9;97.5;0.00;100.00
79388;836;38.0;50;3.14;8680.0;-0.78;-1.56;28.63;98.9;97.5;0.00;100.00
79402;835;37.0;50;3.14;8680.0;-0.78;-1.56;28.63;98.9;97.5;0.00;100.00
79417;835;37.0;50;3.14;8680.0;-0.78;-1.56;28.63;98.9;97.5;0.00;100.00
79427;834;37.0;50;3.14;8680.0;-0.78;-1.56;28.63;98.9;97.5;0.00;100.00
79436;833;37.0;50;3.14;8680.0;-0.78;-1.56;28.63;98.9;97.5;0.00;100.00
79453;833;37.0;50;3.14;8680.0;-0.78;-1.56;28.63;98.9;97.5;0.00;100.00
79467;832;37.0;50;3.14;8680.0;-0.78;-1.56;28.63;98.9;97.5;0.00;100.00
79477;832;37.0;50;3.14;8680.0;-0.78;-1.56;28.63;98.9;97.5;0.00;100.00
79487;831;37.0;50;3.14;8680.0;-0.78;-1.56;28.63;98.9;97.5;0.00;100.00
79501;830;37.0;50;3.14;8680.0;-0.78;-1.56;28.63;98.9;97.5;0.00;100.00
79516;830;37.0;50;3.14;8680.0;-0.78;-1.56;28.63;98.9;97.5;0.00;100.00
79527;829;37.0;50;3.14;8680.0;-0.78;-1.56;28.63;98.9;97.5;0.00;100.00
79539;828;37.0;50;3.14;8680.0;-0.78;-1.56;28.63;98.9;97.5;0.00;100.00
79546;828;37.0;50;3.14;8680.0;-0.78;-1.56;28.63;98.9;97.5;0.00;100.00
79558;827;37.0;50;2.75;8680.0;-0.78;-1.56;28.63;98.9;97.5;0.00;100.00
79566;826;37.0;50;2.75;8680.0;-0.78;-1.56;28.63;98.9;97.5;0.00;100.00
79583;826;37.0;50;2.75;8680.0;-0.78;-1.56;28.63;98.9;97.5;0.00;100.00
79601;825;37.0;50;2.75;8680.0;-0.78;-1.56;28.63;98.9;97.5;0.00;100.00
79616;824;37.0;50;2.75;8680.0;-0.78;-1.56;28.63;98.9;97.5;0.00;100.00
79628;823;37.0;50;2.75;8680.0;-0.78;-1.56;28.63;98.9;97.5;0.00;100.00
79639;822;37.0;50;2.75;8680.0;-0.78;-1.56;28.63;98.9;97.5;0.00;100.00
79648;821;37.0;50;2.75;8680.0;-0.78;-1.56;28.63;98.9;97.5;0.00;100.00
79658;820;37.0;50;2.75;8680.0;-0.78;-1.56;28.63;98.9;97.5;0.00;100.00
79666;819;37.0;50;2.75;8680.0;-0.78;-1.56;28.63;98.9;97.5;0.00;100.00
79676;818;37.0;50;2.75;8680.0;-0.78;-1.56;28.63;98.9;97.5;0.00;100.00
79687;817;37.0;50;2.75;8680.0;-0.78;-1.56;28.63;98.9;97.5;0.00;100.00
79700;816;37.0;50;2.75;8680.0;-0.78;-1.56;28.63;98.9;97.5;0.00;100.00
79724;815;37.0;50;2.75;8680.0;0.00;-1.56;28.63;98.9;97.5;0.00;100.00
79738;814;37.0;50;2.75;8680.0;0.00;-0.78;28.63;98.9;97.5;0.00;100.00
79747;813;37.0;50;2.75;8680.0;0.00;-0.78;28.63;98.9;97.5;0.00;100.00
79758;812;37.0;50;2.75;8680.0;0.00;-0.78;28.63;98.9;97.5;0.00;100.00
79767;811;37.0;50;2.75;8680.0;0.00;-0.78;28.63;98.9;97.5;0.00;100.00
79777;810;37.0;50;2.75;8680.0;0.00;-0.78;28.63;98.9;97.5;0.00;100.00
79786;808;37.0;50;2.75;8680.0;0.00;-0.78;28.63;98.9;97.5;0.00;100.00
79801;807;38.0;50;2.75;8680.0;0.00;-0.78;28.63;98.9;97.5;0.00;100.00
79818;806;38.0;50;2.75;8680.0;0.00;-0.78;28.63;98.9;97.5;0.00;100.00
79826;805;38.0;50;2.75;8680.0;0.00;-0.78;28.63;98.9;97.5;0.00;100.00
79839;804;38.0;50;2.75;8680.0;0.00;-0.78;28.63;98.9;97.5;0.00;100.00
79856;803;38.0;50;2.75;8680.0;-0.78;-0.78;28.63;98.9;97.5;0.00;100.00
79867;803;38.0;50;2.75;8680.0;-0.78;-1.56;28.63;98.9;97.5;0.00;100.00
79877;803;38.0;50;2.75;8680.0;-0.78;-1.56;28.63;98.9;97.5;0.00;100.00
79887;803;38.0;50;2.75;8680.0;-0.78;-1.56;28.63;98.9;97.5;0.00;100.00
79902;804;38.0;50;2.75;8680.0;-0.78;-1.56;28.63;98.9;97.5;0.00;100.00
79917;804;38.0;50;2.75;8680.0;-0.78;-1.56;28.63;98.9;97.5;0.00;100.00
79928;804;38.0;50;2.75;8680.0;-0.78;-1.56;28.63;98.9;97.5;0.00;100.00
79936;804;37.0;50;2.75;8680.0;-0.78;-1.56;28.63;98.9;97.5;0.00;100.00
79947;805;37.0;50;2.75;8680.0;-1.56;-2.34;28.63;98.9;97.5;0.00;100.00
79959;805;37.0;50;3.14;8680.0;-1.56;-2.34;28.63;98.9;97.5;0.00;100.00
79968;805;37.0;50;3.14;8680.0;-1.56;-2.34;28.63;98.9;97.5;0.00;100.00
79982;805;37.0;50;3.14;8680.0;-1.56;-2.34;28.63;98.9;97.5;0.00;100.00
80001;806;37.0;50;3.14;8680.0;-1.56;-3.13;28.63;98.9;97.5;0.00;100.00
80020;806;37.0;50;3.14;8680.0;-1.56;-3.13;28.63;98.9;97.5;0.00;100.00
80038;807;37.0;50;3.14;8680.0;-2.34;-3.13;28.63;98.9;97.5;0.00;100.00
80046;807;37.0;50;3.14;8680.0;-2.34;-3.13;28.63;98.9;97.5;0.00;100.00
80057;808;37.0;50;3.14;8680.0;-2.34;-3.91;28.63;98.9;97.5;0.00;100.00
80066;809;37.0;50;3.14;8680.0;-2.34;-3.91;28.63;98.9;97.5;0.00;100.00
80078;809;37.0;50;3.14;8680.0;-2.34;-3.91;28.63;98.9;97.5;0.00;100.00
80088;810;37.0;50;3.14;8680.0;-3.13;-3.91;28.63;98.9;97.5;0.00;100.00
80100;810;37.0;50;2.75;8680.0;-3.13;-4.69;28.63;98.9;97.5;0.00;100.00
80118;811;37.0;50;2.75;8680.0;-3.13;-4.69;28.63;98.9;97.5;0.00;100.00
80132;811;37.0;50;2.75;8680.0;-3.13;-4.69;28.63;98.9;97.5;0.00;100.00
80147;811;37.0;50;2.75;8680.0;-3.13;-4.69;28.63;98.9;97.5;0.00;100.00
80158;810;37.0;50;2.75;8680.0;-3.13;-4.69;28.63;98.9;97.5;0.00;100.00
80167;810;37.0;50;2.75;8680.0;-3.91;-4.69;28.63;98.9;97.5;0.00;100.00
80176;809;37.0;50;2.75;8680.0;-3.91;-5.47;28.63;98.9;97.5;0.00;100.00
80187;809;37.0;50;2.75;8680.0;-3.91;-5.47;28.63;98.9;97.5;0.00;100.00
80200;808;37.0;50;2.75;8680.0;-3.91;-5.47;28.63;98.9;97.5;0.00;100.00
80206;808;38.0;50;2.75;8680.0;-3.91;-5.47;28.63;98.9;97.5;0.00;100.00
80218;807;38.0;50;2.75;8680.0;-3.91;-5.47;28.63;98.9;97.5;0.00;100.00
80227;806;38.0;50;2.75;8680.0;-3.91;-5.47;28.63;98.9;97.5;0.00;100.00
80239;806;38.0;50;2.75;8680.0;-3.91;-5.47;28.63;98.9;97.5;0.00;100.00
80255;805;38.0;50;2.75;8680.0;-4.69;-5.47;28.63;98.9;97.5;0.00;100.00
80268;803;38.0;50;2.75;8680.0;-4.69;-6.25;28.63;98.9;97.5;0.00;100.00
80277;801;38.0;50;2.75;8680.0;-4.69;-6.25;28.63;98.9;97.5;0.00;100.00
80290;798;38.0;50;2.75;8680.0;-4.69;-6.25;28.63;98.9;97.5;0.00;100.00
80302;796;38.0;50;2.75;8680.0;-4.69;-6.25;28.63;98.9;97.5;0.00;100.00
80316;794;38.0;50;2.75;8680.0;-4.69;-6.25;28.63;98.9;97.5;0.00;100.00
80327;791;38.0;50;2.75;8680.0;-4.69;-6.25;28.63;98.9;97.5;0.00;100.00
80338;789;37.0;50;2.75;8680.0;-4.69;-6.25;28.63;98.9;97.5;0.00;100.00
80346;787;37.0;50;2.75;8680.0;-4.69;-6.25;28.63;98.9;97.5;0.00;100.00
80358;785;37.0;50;2.75;8680.0;-4.69;-6.25;28.63;98.9;97.5;0.00;100.00
80368;782;37.0;50;2.75;8680.0;-4.69;-6.25;28.63;98.9;97.5;0.00;100.00
80384;780;37.0;50;2.75;8680.0;-3.91;-6.25;28.63;98.9;97.5;0.00;100.00
80400;780;37.0;50;2.75;8680.0;-3.91;-5.47;28.63;98.9;97.5;0.00;100.00
80417;779;37.0;50;2.75;8680.0;-3.91;-5.47;29.02;98.9;97.5;0.00;100.00
80427;779;37.0;50;2.75;8680.0;-3.91;-5.47;29.02;98.9;97.5;0.00;100.00
80437;779;37.0;50;2.75;8680.0;-3.91;-5.47;29.02;98.9;97.5;0.00;100.00
80447;778;37.0;50;2.75;8680.0;-3.91;-5.47;29.02;98.9;97.5;0.00;100.00
80458;778;37.0;50;2.75;8680.0;-3.91;-5.47;29.02;98.9;97.5;0.00;100.00
80468;777;38.0;50;2.75;8680.0;-3.91;-5.47;29.02;98.9;97.5;0.00;100.00
80477;777;38.0;50;2.75;8680.0;-3.91;-5.47;29.02;98.9;97.5;0.00;100.00
80487;777;38.0;50;2.75;8680.0;-3.91;-4.69;29.02;98.9;97.5;0.00;100.00
80501;776;38.0;50;2.75;8680.0;-3.91;-4.69;29.02;98.9;97.5;0.00;100.00
80522;776;38.0;50;2.75;8680.0;-3.91;-4.69;29.02;98.9;97.5;0.00;100.00
80539;774;38.0;50;2.75;8680.0;-3.91;-4.69;29.02;98.9;97.5;0.00;100.00
80548;773;38.0;50;2.75;8680.0;-3.91;-4.69;29.41;98.9;97.5;0.00;100.00
80557;771;38.0;50;2.75;8680.0;-3.91;-4.69;29.41;98.9;97.5;0.00;100.00
80567;769;38.0;50;2.75;8680.0;-3.91;-3.91;29.41;98.9;97.5;0.00;100.00
80578;768;38.0;50;2.75;8680.0;-3.91;-3.91;29.41;98.9;97.5;0.00;100.00
80587;766;38.0;50;2.75;8680.0;-3.91;-3.91;29.41;98.9;97.5;0.00;100.00
80601;764;39.0;50;2.75;8680.0;-3.91;-3.91;29.41;98.9;97.5;0.00;100.00
80617;763;39.0;50;2.75;8680.0;-3.91;-3.91;29.41;98.9;97.5;0.00;100.00
80628;761;39.0;50;2.75;8680.0;-3.91;-3.91;29.41;98.9;97.5;0.00;100.00
80638;759;39.0;50;2.75;8680.0;-3.91;-3.91;29.41;98.9;97.5;0.00;100.00
80654;758;39.0;50;2.75;8680.0;-3.91;-3.91;29.41;98.9;97.5;0.00;100.00
80670;757;39.0;50;2.75;8680.0;-3.91;-3.13;29.41;98.9;97.5;0.00;100.00
80689;756;39.0;50;2.75;8680.0;-3.91;-3.13;29.80;98.9;97.5;0.00;100.00
80700;755;39.0;50;2.75;8680.0;-3.91;-3.13;29.80;98.9;97.5;0.00;100.00
80718;754;39.0;50;2.75;8680.0;-3.91;-3.13;29.80;98.9;97.5;0.00;100.00
80728;754;39.0;50;2.75;8680.0;-3.91;-3.13;29.80;98.9;97.5;0.00;100.00
80738;753;39.0;50;2.75;8680.0;-3.91;-3.13;29.80;98.9;97.5;0.00;100.00
80747;752;39.0;50;2.75;8680.0;-3.91;-3.13;29.80;98.9;97.5;0.00;100.00
80757;751;39.0;50;2.75;8680.0;-3.91;-3.13;29.80;98.9;97.5;0.00;100.00
80768;750;39.0;50;2.75;8680.0;-3.91;-3.13;29.80;98.9;97.5;0.00;100.00
80777;750;39.0;50;2.75;8680.0;-3.91;-3.13;29.80;98.9;97.5;0.00;100.00
80794;749;39.0;50;2.75;8680.0;-3.13;-3.13;29.80;98.9;97.5;0.00;100.00
80807;749;39.0;50;2.75;8680.0;-3.13;-3.13;29.80;98.9;97.5;0.00;100.00
80816;749;39.0;50;2.75;8680.0;-3.13;-3.13;30.20;98.9;97.5;0.00;100.00
80827;750;39.0;50;2.75;8680.0;-3.13;-3.13;30.20;98.9;97.5;0.00;100.00
80839;750;39.0;50;2.75;8680.0;-3.13;-3.13;30.20;98.9;97.5;0.00;100.00
80848;750;39.0;50;2.75;8680.0;-3.13;-3.13;30.20;98.9;97.5;0.00;100.00
80858;750;39.0;50;2.75;8680.0;-3.13;-3.13;30.20;98.9;97.5;0.00;100.00
80868;751;39.0;50;2.75;8680.0;-3.13;-3.13;30.20;98.9;97.5;0.00;100.00
80878;751;39.0;50;2.75;8680.0;-3.13;-3.13;30.20;98.9;97.5;0.00;100.00
80887;751;39.0;50;2.75;8680.0;-3.13;-3.13;30.20;98.9;97.5;0.00;100.00
80899;751;39.0;50;2.75;8680.0;-3.13;-3.13;30.20;98.9;97.5;0.00;100.00
80913;752;39.0;50;2.75;8680.0;-2.34;-3.13;30.20;98.9;97.5;0.00;100.00
80928;750;39.0;50;2.75;8680.0;-2.34;-3.13;30.20;98.9;97.5;0.00;100.00
80939;749;39.0;50;2.75;8680.0;-2.34;-3.13;30.59;98.9;97.5;0.00;100.00
80948;747;39.0;50;2.75;8680.0;-2.34;-3.13;30.59;98.9;97.5;0.00;100.00
80957;746;39.0;50;2.75;8680.0;-2.34;-3.13;30.59;98.9;97.5;0.00;100.00
80968;744;39.0;50;2.75;8680.0;-2.34;-3.13;30.59;98.9;97.5;0.00;100.00
80979;743;39.0;50;2.75;8680.0;-2.34;-3.13;30.59;98.9;97.5;0.00;100.00
80988;742;38.0;50;2.75;8680.0;-2.34;-3.13;30.59;98.9;97.5;0.00;100.00
81001;740;38.0;50;2.75;8680.0;-2.34;-3.13;30.59;98.9;97.5;0.00;100.00
81021;739;38.0;50;2.75;8680.0;-2.34;-2.34;30.59;98.9;97.5;0.00;100.00
81037;737;38.0;50;2.75;8680.0;-2.34;-2.34;30.59;98.9;97.5;0.00;100.00
81054;736;38.0;50;2.75;8680.0;-1.56;-2.34;30.59;98.9;97.5;0.00;100.00
81068;733;38.0;50;2.75;8680.0;-1.56;-2.34;30.59;98.9;97.5;0.00;100.00
81076;729;38.0;50;2.75;8680.0;-1.56;-2.34;30.59;98.9;97.5;0.00;100.00
81088;726;38.0;50;2.75;8680.0;-1.56;-2.34;30.59;98.9;97.5;0.00;100.00
81100;723;38.0;50;2.75;8680.0;-1.56;-1.56;30.59;98.9;97.5;0.00;100.00
81117;720;38.0;50;2.75;8680.0;-1.56;-1.56;30.59;98.9;97.5;0.00;100.00
81128;717;38.0;50;2.75;8680.0;-1.56;-1.56;30.59;98.9;97.5;0.00;100.00
81137;713;39.0;50;2.75;8680.0;-1.56;-1.56;30.59;98.9;97.5;0.00;100.00
81147;710;39.0;50;2.75;8680.0;-0.78;-1.56;30.59;98.9;97.5;0.00;100.00
81161;707;39.0;50;2.75;8680.0;-0.78;-0.78;30.59;98.9;97.5;0.00;100.00
81176;704;39.0;50;2.75;8680.0;-0.78;-0.78;30.59;98.9;97.5;0.00;100.00
81193;700;39.0;50;2.75;8680.0;-0.78;-0.78;30.59;98.9;97.5;0.00;100.00
81208;698;39.0;50;2.75;8680.0;-0.78;-0.78;30.59;98.9;97.5;0.00;100.00
81216;697;39.0;50;2.75;8680.0;-0.78;-0.78;30.98;98.9;97.5;0.00;100.00
81228;695;39.0;50;2.75;8680.0;0.00;-0.78;30.98;98.9;97.5;0.00;100.00
81237;693;39.0;50;2.75;8680.0;0.00;0.00;30.98;98.9;97.5;0.00;100.00
81249;691;39.0;50;2.75;8680.0;0.00;0.00;30.98;98.9;97.5;0.00;100.00
81260;689;39.0;50;2.75;8680.0;0.00;0.00;30.98;98.9;97.5;0.00;100.00
81277;687;40.0;50;2.75;8680.0;0.00;0.00;30.98;98.9;97.5;0.00;100.00
81289;685;40.0;50;2.75;8680.0;0.00;0.00;30.98;98.9;97.5;0.00;100.00
81301;683;40.0;50;2.75;8680.0;0.00;0.00;31.37;98.9;97.5;0.00;100.00
81316;681;40.0;50;2.75;8680.0;0.00;0.00;31.37;98.9;97.5;0.00;100.00
81333;679;40.0;50;2.75;8680.0;0.78;0.00;31.37;98.9;97.5;0.00;100.00
81346;679;40.0;50;2.75;8680.0;0.78;0.78;31.37;98.9;97.5;0.00;100.00
81359;678;40.0;50;2.75;8680.0;0.78;0.78;31.76;98.9;97.5;0.00;100.00
81368;677;40.0;50;2.75;8680.0;0.78;0.78;31.76;98.9;97.5;0.00;100.00
81376;676;41.0;50;2.75;8680.0;0.78;0.78;31.76;98.9;97.5;0.00;100.00
81389;675;41.0;50;2.75;8680.0;0.78;0.78;31.76;98.9;97.5;0.00;100.00
81401;674;41.0;50;2.75;8680.0;0.78;0.78;32.16;98.9;97.5;0.00;100.00
81418;673;41.0;50;2.75;8680.0;0.78;0.78;32.16;98.9;97.5;0.00;100.00
81426;672;41.0;50;2.75;8680.0;1.56;0.78;32.16;98.9;97.5;0.00;100.00
81437;672;41.0;50;2.75;8680.0;1.56;0.78;32.16;98.9;97.5;0.00;100.00
81448;671;42.0;50;2.75;8680.0;1.56;0.78;32.16;98.9;97.5;0.00;100.00
81463;670;42.0;50;2.75;8680.0;1.56;0.78;32.16;98.9;97.5;0.00;100.00
81480;670;42.0;50;2.75;8680.0;1.56;1.56;32.16;98.9;97.5;0.00;100.00
81500;669;42.0;50;2.75;8680.0;1.56;1.56;32.55;98.9;97.5;0.00;100.00
81517;669;42.0;50;2.75;8680.0;2.34;1.56;32.55;98.9;97.5;0.00;100.00
81526;668;42.0;50;2.75;8680.0;2.34;1.56;32.55;98.9;97.5;0.00;100.00
81537;668;42.0;50;2.75;8680.0;2.34;1.56;32.55;98.9;97.5;0.00;100.00
81547;668;42.0;50;2.75;8680.0;2.34;1.56;32.55;98.9;97.5;0.00;100.00
81555;667;42.0;50;2.75;8680.0;2.34;1.56;32.55;98.9;97.5;0.00;100.00
81568;667;42.0;50;2.75;8680.0;2.34;1.56;32.55;98.9;97.5;0.00;100.00
81577;667;42.0;50;3.14;8680.0;2.34;1.56;32.55;98.9;97.5;0.00;100.00
81587;666;42.0;50;3.14;8680.0;2.34;1.56;32.55;98.9;97.5;0.00;100.00
81604;666;42.0;50;3.14;8680.0;2.34;1.56;32.55;98.9;97.5;0.00;100.00
81617;665;42.0;50;3.14;8680.0;2.34;1.56;32.55;98.9;97.5;0.00;100.00
81628;664;42.0;50;3.14;8680.0;2.34;1.56;32.94;98.9;97.5;0.00;100.00
81637;663;43.0;50;3.14;8680.0;2.34;1.56;32.94;98.9;97.5;0.00;100.00
81646;662;43.0;50;3.14;8680.0;2.34;1.56;32.94;98.9;97.5;0.00;100.00
81658;661;43.0;50;3.53;8680.0;2.34;1.56;32.94;98.9;97.5;0.00;100.00
81666;660;44.0;50;3.53;8680.0;2.34;1.56;32.94;98.9;97.5;0.00;100.00
81676;659;44.0;50;3.53;8680.0;2.34;1.56;32.94;98.9;97.5;0.00;100.00
81688;658;45.0;50;3.53;8680.0;2.34;1.56;33.33;98.9;97.5;0.00;100.00
81700;656;45.0;50;3.92;8680.0;2.34;1.56;34.12;98.9;97.5;0.00;100.00
81718;655;45.0;50;3.92;8680.0;2.34;1.56;34.51;98.9;97.5;0.00;100.00
81735;654;46.0;50;3.92;8680.0;2.34;1.56;35.29;98.9;97.5;0.00;100.00
81749;653;46.0;50;3.92;8680.0;2.34;1.56;35.69;98.9;97.5;0.00;100.00
81757;652;46.0;50;4.31;8680.0;2.34;1.56;36.47;98.9;97.5;0.00;100.00
81769;651;47.0;50;4.31;8680.0;2.34;1.56;36.86;98.9;97.5;0.00;100.00
81777;650;47.0;50;4.31;8680.0;2.34;1.56;37.65;98.9;97.5;0.00;100.00
81788;649;48.0;50;4.31;8680.0;2.34;1.56;38.04;98.9;97.5;0.00;100.00
81800;648;48.0;50;3.92;8680.0;2.34;1.56;38.82;98.9;97.5;0.00;100.00
81819;646;49.0;50;3.92;8680.0;2.34;1.56;39.22;98.9;97.5;0.00;100.00
81837;645;49.0;50;3.92;8680.0;2.34;1.56;39.22;98.9;97.5;0.00;100.00
81849;644;50.0;50;3.92;8680.0;2.34;1.56;39.61;98.9;97.5;0.00;100.00
81858;643;50.0;50;3.92;8680.0;2.34;1.56;39.61;98.9;97.5;0.00;100.00
81873;642;51.0;50;3.92;8680.0;2.34;1.56;39.61;98.9;97.5;0.00;100.00
81887;643;51.0;50;3.53;8680.0;2.34;1.56;40.00;98.9;97.5;0.00;100.00
81899;644;51.0;50;3.53;8680.0;2.34;1.56;40.00;98.9;97.5;0.00;100.00
81908;644;51.0;50;3.53;8680.0;2.34;1.56;40.39;98.9;97.5;0.00;100.00
81919;645;51.0;50;3.53;8680.0;2.34;1.56;40.39;98.9;97.5;0.00;100.00
81927;646;51.0;50;3.14;8680.0;2.34;1.56;40.39;98.9;97.5;0.00;100.00
81940;647;51.0;50;3.14;8690.0;2.34;1.56;40.78;98.9;97.5;0.00;100.00
81955;648;51.0;50;3.14;8690.0;2.34;1.56;40.78;98.9;97.5;0.00;100.00
81969;649;51.0;50;2.75;8690.0;2.34;1.56;40.78;98.9;97.5;0.00;100.00
81977;649;51.0;50;2.75;8690.0;2.34;1.56;41.18;98.9;97.5;0.00;100.00
81985;650;51.0;50;2.35;8700.0;2.34;1.56;41.18;98.9;97.5;0.00;100.00
82002;651;51.0;50;2.35;8700.0;3.13;1.56;41.57;98.9;97.5;0.00;100.00
82016;653;51.0;50;2.35;8700.0;3.13;1.56;41.57;98.9;97.5;0.00;100.00
82030;655;51.0;50;1.96;8700.0;3.13;1.56;41.96;98.9;97.5;0.00;100.00
82047;657;50.0;50;1.96;8710.0;3.13;1.56;41.96;98.9;97.5;0.00;100.00
82060;659;50.0;50;1.96;8710.0;3.13;1.56;42.35;98.9;97.5;0.00;100.00
82077;662;49.0;50;1.96;8710.0;3.13;1.56;42.35;98.9;97.5;0.00;100.00
82085;664;49.0;50;1.96;8700.0;3.13;1.56;42.75;98.9;97.5;0.00;100.00
82100;666;48.0;50;1.96;8700.0;3.13;1.56;42.75;98.9;97.5;0.00;100.00
82115;668;48.0;50;1.96;8700.0;3.91;1.56;42.35;98.9;97.5;0.00;100.00
82126;670;47.0;50;2.35;8700.0;3.91;2.34;41.96;98.9;97.5;0.00;100.00
82137;672;47.0;50;2.35;8690.0;3.91;2.34;41.96;98.9;97.5;0.00;100.00
82154;674;46.0;50;2.35;8690.0;3.91;2.34;41.57;98.9;97.5;0.00;100.00
82165;677;46.0;50;2.35;8690.0;3.91;2.34;41.18;98.9;97.5;0.00;100.00
82179;679;46.0;50;2.35;8690.0;3.91;2.34;40.78;98.9;97.5;0.00;100.00
82188;682;46.0;50;2.35;8680.0;4.69;2.34;40.39;98.9;97.5;0.00;100.00
82199;684;45.0;50;2.35;8680.0;4.69;3.13;40.00;98.9;97.5;0.00;100.00
82210;687;45.0;50;2.35;8680.0;4.69;3.13;40.00;98.9;97.5;0.00;100.00
82227;689;45.0;50;2.35;8680.0;4.69;3.13;39.61;98.9;97.5;0.00;100.00
82239;692;45.0;50;2.35;8680.0;4.69;3.13;39.22;98.9;97.5;0.00;100.00
82247;694;45.0;50;2.35;8680.0;5.47;3.13;38.82;98.9;97.5;0.00;100.00
82256;697;45.0;50;1.96;8680.0;5.47;3.13;38.82;98.9;97.5;0.00;100.00
82269;700;44.0;50;1.96;8680.0;5.47;3.13;38.43;98.9;97.5;0.00;100.00
82282;702;44.0;50;1.96;8680.0;5.47;3.13;38.04;98.9;97.5;0.00;100.00
82302;704;44.0;50;1.96;8680.0;5.47;3.91;38.04;98.9;97.5;0.00;100.00
82317;705;44.0;50;1.96;8680.0;5.47;3.91;37.65;98.9;97.5;0.00;100.00
82328;706;43.0;50;1.96;8680.0;6.25;3.91;37.65;98.9;97.5;0.00;100.00
82337;708;43.0;50;1.96;8680.0;6.25;3.91;37.25;98.9;97.5;0.00;100.00
82347;709;43.0;50;1.96;8680.0;6.25;3.91;36.86;98.9;97.5;0.00;100.00
82356;710;42.0;50;1.96;8680.0;6.25;3.91;36.86;98.9;97.5;0.00;100.00
82367;712;42.0;50;1.96;8680.0;6.25;3.91;36.47;98.9;97.5;0.00;100.00
82378;713;41.0;50;1.96;8680.0;6.25;3.91;36.08;98.9;97.5;0.00;100.00
82389;715;41.0;50;2.35;8680.0;6.25;3.91;35.69;98.9;97.5;0.00;100.00
82400;716;41.0;50;2.35;8680.0;6.25;3.91;34.90;98.9;97.5;0.00;100.00
82422;717;40.0;50;2.35;8680.0;7.03;3.91;34.51;98.9;97.5;0.00;100.00
82437;718;40.0;50;2.35;8680.0;7.03;3.13;34.12;98.9;97.5;0.00;100.00
82448;719;40.0;50;2.35;8680.0;7.03;3.13;33.73;98.9;97.5;0.00;100.00
82456;720;40.0;50;2.35;8680.0;7.03;3.13;33.33;98.9;97.5;0.00;100.00
82467;721;39.0;50;2.35;8680.0;7.03;3.13;32.94;98.9;97.5;0.00;100.00
82478;722;39.0;50;2.35;8680.0;7.03;3.13;32.16;98.9;97.5;0.00;100.00
82488;723;39.0;50;2.35;8680.0;7.03;3.13;31.76;98.9;97.5;0.00;100.00
82500;724;39.0;50;2.35;8680.0;7.03;3.13;31.37;98.9;97.5;0.00;100.00
82519;725;39.0;50;2.35;8680.0;7.03;2.34;31.37;98.9;97.5;0.00;100.00
82527;726;39.0;50;2.35;8680.0;7.03;2.34;30.98;98.9;97.5;0.00;100.00
82536;726;38.0;50;2.35;8680.0;7.03;2.34;30.98;98.9;97.5;0.00;100.00
82552;727;38.0;50;2.35;8680.0;6.25;2.34;30.98;98.9;97.5;0.00;100.00
82567;727;38.0;50;2.35;8680.0;6.25;1.56;30.98;98.9;97.5;0.00;100.00
82575;727;38.0;50;2.35;8680.0;6.25;1.56;30.59;98.9;97.5;0.00;100.00
82587;727;38.0;50;2.35;8680.0;6.25;1.56;30.59;98.9;97.5;0.00;100.00
82601;727;38.0;50;2.35;8680.0;6.25;1.56;30.59;98.9;97.5;0.00;100.00
82617;727;38.0;50;2.35;8680.0;6.25;0.78;30.59;98.9;97.5;0.00;100.00
82625;727;38.0;50;2.35;8680.0;6.25;0.78;30.20;98.9;97.5;0.00;100.00
82636;727;37.0;50;2.35;8680.0;5.47;0.78;30.20;98.9;97.5;0.00;100.00
82647;727;37.0;50;2.35;8680.0;5.47;0.00;30.20;98.9;97.5;0.00;100.00
82657;727;37.0;50;2.35;8680.0;5.47;0.00;29.80;98.9;97.5;0.00;100.00
82665;727;37.0;50;2.35;8680.0;5.47;0.00;29.80;98.9;97.5;0.00;100.00
82683;727;37.0;50;2.35;8680.0;4.69;0.00;29.80;98.9;97.5;0.00;100.00
82701;728;37.0;50;2.35;8680.0;4.69;-0.78;29.80;98.9;97.5;0.00;100.00
82715;728;37.0;50;2.35;8680.0;4.69;-0.78;29.41;98.9;97.5;0.00;100.00
82727;729;37.0;50;2.35;8680.0;4.69;-0.78;29.41;98.9;97.5;0.00;100.00
82738;729;37.0;50;2.35;8680.0;3.91;-0.78;29.41;98.9;97.5;0.00;100.00
82747;730;37.0;50;2.35;8680.0;3.91;-1.56;29.41;98.9;97.5;0.00;100.00
82756;730;37.0;50;2.35;8680.0;3.91;-1.56;29.02;98.9;97.5;0.00;100.00
82768;731;37.0;50;2.35;8680.0;3.13;-1.56;29.02;98.9;97.5;0.00;100.00
82777;731;37.0;50;2.35;8680.0;3.13;-2.34;29.02;98.9;97.5;0.00;100.00
82785;731;37.0;50;2.35;8680.0;3.13;-2.34;28.63;98.9;97.5;0.00;100.00
82802;732;37.0;50;2.35;8680.0;3.13;-2.34;28.63;98.9;97.5;0.00;100.00
82823;732;37.0;50;2.35;8680.0;2.34;-2.34;28.63;98.9;97.5;0.00;100.00
82838;732;37.0;50;2.35;8680.0;2.34;-3.13;28.63;98.9;97.5;0.00;100.00
82847;731;37.0;50;2.35;8680.0;2.34;-3.13;28.24;98.9;97.5;0.00;100.00
82856;730;37.0;50;2.35;8680.0;2.34;-3.13;28.24;98.9;97.5;0.00;100.00
82867;730;37.0;50;2.35;8680.0;1.56;-3.13;28.24;98.9;97.5;0.00;100.00
82876;729;37.0;50;2.35;8680.0;1.56;-3.91;28.24;98.9;97.5;0.00;100.00
82888;728;37.0;50;2.35;8690.0;1.56;-3.91;27.84;98.9;97.5;0.00;100.00
82901;728;37.0;50;2.35;8690.0;0.78;-3.91;27.84;98.9;97.5;0.00;100.00
82917;727;37.0;50;2.35;8690.0;0.78;-3.91;27.84;98.9;97.5;0.00;100.00
82926;726;37.0;50;2.35;8690.0;0.78;-4.69;27.84;98.9;97.5;0.00;100.00
82938;726;37.0;50;2.35;8700.0;0.78;-4.69;27.84;98.9;97.5;0.00;100.00
82953;725;37.0;50;2.35;8700.0;0.00;-4.69;27.84;98.9;97.5;0.00;100.00
82966;725;37.0;50;2.35;8700.0;0.00;-4.69;27.84;98.9;97.5;0.00;100.00
82977;724;37.0;50;2.35;8700.0;0.00;-4.69;27.84;98.9;97.5;0.00;100.00
82986;723;37.0;50;2.35;8710.0;0.00;-4.69;27.84;98.9;97.5;0.00;100.00
83001;723;37.0;50;2.35;8710.0;-0.78;-5.47;27.84;98.9;97.5;0.00;100.00
83016;722;37.0;50;2.35;8710.0;-0.78;-5.47;27.84;98.9;97.5;0.00;100.00
83028;722;37.0;50;2.35;8700.0;-0.78;-5.47;27.84;98.9;97.5;0.00;100.00
83036;721;37.0;50;2.35;8700.0;-0.78;-5.47;27.84;98.9;97.5;0.00;100.00
83047;720;37.0;50;2.35;8700.0;-1.56;-5.47;27.84;98.9;97.5;0.00;100.00
83056;720;37.0;50;2.35;8700.0;-1.56;-5.47;27.84;98.9;97.5;0.00;100.00
83066;719;37.0;50;2.35;8690.0;-1.56;-5.47;27.84;98.9;97.5;0.00;100.00
83082;719;37.0;50;2.35;8690.0;-1.56;-5.47;27.84;98.9;97.5;0.00;100.00
83100;715;37.0;50;2.35;8690.0;-1.56;-6.25;27.84;98.9;97.5;0.00;100.00
83118;712;37.0;50;2.35;8690.0;-1.56;-6.25;27.84;98.9;97.5;0.00;100.00
83128;708;37.0;50;2.35;8680.0;-2.34;-6.25;27.84;98.9;97.5;0.00;100.00
83136;705;37.0;50;2.35;8680.0;-2.34;-6.25;27.84;98.9;97.5;0.00;100.00
83147;701;37.0;50;2.35;8680.0;-2.34;-6.25;27.84;98.9;97.5;0.00;100.00
83158;698;37.0;50;2.35;8690.0;-2.34;-6.25;27.84;98.9;97.5;0.00;100.00
83166;695;37.0;50;2.35;8690.0;-3.13;-6.25;27.84;98.9;97.5;0.00;100.00
83177;691;37.0;50;2.35;8690.0;-3.13;-6.25;27.84;98.9;97.5;0.00;100.00
83186;688;37.0;50;2.75;8690.0;-3.13;-6.25;27.84;98.9;97.5;0.00;100.00
83201;684;37.0;50;2.75;8700.0;-3.13;-6.25;28.24;98.9;97.5;0.00;100.00
83223;681;37.0;50;2.75;8700.0;-3.91;-6.25;28.24;98.9;97.5;0.00;100.00
83237;676;37.0;50;2.75;8700.0;-3.91;-7.03;28.24;98.9;97.5;0.00;100.00
83246;670;37.0;50;2.75;8700.0;-3.91;-7.03;28.24;98.9;97.5;0.00;100.00
83257;665;38.0;50;2.75;8710.0;-3.91;-7.03;28.24;98.9;97.5;0.00;100.00
83266;660;38.0;50;2.75;8710.0;-4.69;-7.03;28.24;98.9;97.5;0.00;100.00
83277;654;39.0;50;3.14;8710.0;-4.69;-7.03;28.63;98.9;97.5;0.00;100.00
83287;649;39.0;50;3.14;8710.0;-4.69;-7.03;28.63;98.9;97.5;0.00;100.00
83302;644;40.0;50;3.14;8710.0;-5.47;-7.03;28.63;98.9;97.5;0.00;100.00
83317;638;40.0;50;3.14;8710.0;-5.47;-7.03;29.02;98.9;97.5;0.00;100.00
83329;633;41.0;50;3.53;8710.0;-5.47;-7.03;29.02;98.9;97.5;0.00;100.00
83337;628;41.0;50;3.53;8710.0;-5.47;-7.03;29.41;98.9;97.5;0.00;100.00
83352;622;42.0;50;3.53;8710.0;-6.25;-7.03;29.80;98.9;97.5;0.00;100.00
83369;618;42.0;50;3.53;8710.0;-6.25;-7.03;30.20;98.9;97.5;0.00;100.00
83377;614;44.0;50;3.92;8710.0;-6.25;-7.03;30.20;98.9;97.5;0.00;100.00
83386;609;45.0;50;3.92;8710.0;-6.25;-7.03;30.59;98.9;97.5;0.00;100.00
83402;605;47.0;50;3.92;8710.0;-7.03;-7.03;30.98;98.9;97.5;0.00;100.00
83417;601;49.0;50;4.31;8710.0;-7.03;-7.03;31.37;98.9;97.5;0.00;100.00
83428;596;50.0;50;4.31;8710.0;-7.03;-7.03;31.37;98.9;97.5;0.00;100.00
83437;592;52.0;50;4.31;8710.0;-7.03;-7.03;31.76;98.9;97.5;0.00;100.00
83448;588;53.0;50;4.31;8710.0;-6.25;-7.03;32.94;98.9;97.5;0.00;100.00
83457;583;55.0;50;4.71;8710.0;-6.25;-6.25;34.12;98.9;97.5;0.00;100.00
83466;579;57.0;50;4.71;8710.0;-6.25;-6.25;35.29;98.9;97.5;0.00;100.00
83483;575;58.0;50;4.71;8710.0;-6.25;-6.25;36.47;98.9;97.5;0.00;100.00
83500;574;60.0;50;4.71;8710.0;-6.25;-6.25;37.65;98.9;97.5;0.00;100.00
83518;574;60.0;50;5.10;8710.0;-6.25;-6.25;39.22;98.9;97.5;0.00;100.00
83526;574;60.0;50;5.10;8710.0;-5.47;-6.25;40.39;98.9;97.5;0.00;100.00
83538;574;60.0;50;5.10;8710.0;-5.47;-5.47;41.57;98.9;97.5;0.00;100.00
83547;573;60.0;50;4.71;8710.0;-5.47;-5.47;42.75;98.9;97.5;0.00;100.00
83557;573;60.0;50;4.71;8710.0;-5.47;-5.47;43.92;98.9;97.5;0.00;100.00
83566;573;61.0;50;4.71;8710.0;-5.47;-5.47;45.10;98.9;97.5;0.00;100.00
83578;573;61.0;51;4.31;8710.0;-5.47;-5.47;45.88;98.9;97.5;0.00;100.00
83586;573;61.0;51;4.31;8710.0;-5.47;-5.47;46.67;98.9;97.5;0.00;100.00
83598;572;61.0;51;3.92;8710.0;-5.47;-5.47;47.45;98.9;97.5;0.00;100.00
83612;572;61.0;51;3.92;8710.0;-6.25;-5.47;48.24;98.9;97.5;0.00;100.00
83629;575;61.0;51;3.92;8710.0;-6.25;-5.47;49.02;98.9;97.5;0.00;100.00
83638;577;61.0;51;3.53;8710.0;-6.25;-5.47;49.41;98.9;97.5;0.00;100.00
83646;579;61.0;51;3.53;8710.0;-6.25;-5.47;50.20;98.9;97.5;0.00;100.00
83658;582;61.0;51;3.53;8710.0;-6.25;-5.47;50.98;98.9;97.5;0.00;100.00
83669;584;61.0;51;3.53;8710.0;-6.25;-5.47;51.76;98.9;97.5;0.00;100.00
83677;587;61.0;51;3.53;8710.0;-6.25;-5.47;52.55;98.9;97.5;0.00;100.00
83686;589;61.0;51;3.53;8710.0;-6.25;-5.47;53.33;98.9;97.5;0.00;100.00
83700;592;61.0;51;3.53;8710.0;-6.25;-5.47;53.33;98.9;97.5;0.00;100.00
83717;594;61.0;51;3.14;8710.0;-6.25;-5.47;52.94;98.9;97.5;0.00;100.00
83729;596;61.0;51;3.14;8710.0;-6.25;-5.47;52.94;98.9;97.5;0.00;100.00
83744;599;61.0;51;3.14;8710.0;-5.47;-5.47;52.94;98.9;97.5;0.00;100.00
83758;598;61.0;51;3.14;8710.0;-5.47;-4.69;52.94;98.9;97.5;0.00;100.00
83767;597;61.0;51;3.14;8710.0;-5.47;-4.69;52.55;98.9;97.5;0.00;100.00
83777;596;61.0;51;3.14;8710.0;-5.47;-4.69;52.55;98.9;97.5;0.00;100.00
83786;594;60.0;51;3.14;8710.0;-5.47;-4.69;52.55;98.9;97.5;0.00;100.00
83798;593;60.0;51;3.14;8710.0;-5.47;-4.69;52.55;98.9;97.5;0.00;100.00
83809;592;60.0;51;3.14;8710.0;-5.47;-4.69;52.16;98.9;97.5;0.00;100.00
83817;591;60.0;51;3.14;8710.0;-4.69;-4.69;52.16;98.9;97.5;0.00;100.00
83827;590;60.0;51;3.14;8710.0;-4.69;-3.91;52.16;98.9;97.5;0.00;100.00
83838;589;60.0;51;3.14;8710.0;-4.69;-3.91;52.16;98.9;97.5;0.00;100.00
83847;588;59.0;51;3.14;8710.0;-3.91;-3.91;51.76;98.9;97.5;0.00;100.00
83863;587;59.0;51;3.14;8710.0;-3.91;-3.91;51.76;98.9;97.5;0.00;100.00
83876;589;59.0;51;3.14;8710.0;-3.13;-3.13;51.76;98.9;97.5;0.00;100.00
83887;591;59.0;51;3.14;8710.0;-3.13;-3.13;51.76;98.9;97.5;0.00;100.00
83900;593;59.0;51;3.14;8710.0;-3.13;-3.13;51.76;98.9;97.5;0.00;100.00
83917;595;59.0;51;3.14;8710.0;-2.34;-3.13;51.76;98.9;97.5;0.00;100.00
83928;597;59.0;51;3.14;8710.0;-2.34;-2.34;51.37;98.9;97.5;0.00;100.00
83937;599;59.0;51;3.14;8700.0;-2.34;-2.34;51.37;98.9;97.5;0.00;100.00
83946;601;58.0;51;3.14;8700.0;-1.56;-2.34;51.37;98.9;97.5;0.00;100.00
83958;603;58.0;51;3.14;8700.0;-1.56;-1.56;51.37;98.9;97.5;0.00;100.00
83966;605;58.0;51;3.14;8700.0;-1.56;-1.56;50.98;98.9;97.5;0.00;100.00
83977;607;58.0;51;3.14;8690.0;-0.78;-1.56;50.98;98.9;97.5;0.00;100.00
83994;609;58.0;51;3.14;8690.0;-0.78;-1.56;50.98;98.9;97.5;0.00;100.00
84008;610;58.0;51;3.14;8690.0;0.00;-0.78;50.98;98.9;97.5;0.00;100.00
84017;610;58.0;51;3.14;8690.0;0.00;-0.78;50.59;98.9;97.5;0.00;100.00
84026;611;58.0;51;3.14;8680.0;0.00;-0.78;50.59;98.9;97.5;0.00;100.00
84037;612;57.0;51;3.14;8680.0;0.78;-0.78;50.59;98.9;97.5;0.00;100.00
84049;613;57.0;51;3.14;8680.0;0.78;0.00;50.59;98.9;97.5;0.00;100.00
84057;614;57.0;51;3.14;8690.0;1.56;0.00;50.20;98.9;97.5;0.00;100.00
84069;614;57.0;51;3.14;8690.0;1.56;0.00;50.20;98.9;97.5;0.00;100.00
84077;615;57.0;51;3.14;8690.0;2.34;0.78;50.20;98.9;97.5;0.00;100.00
84087;616;57.0;51;3.14;8690.0;3.13;0.78;49.80;98.9;97.5;0.00;100.00
84102;617;56.0;51;3.14;8700.0;3.13;0.78;49.80;98.9;97.5;0.00;100.00
84122;618;56.0;51;3.14;8700.0;3.91;1.56;49.41;98.9;97.5;0.00;100.00
84136;618;56.0;51;3.14;8700.0;3.91;1.56;49.41;98.9;97.5;0.00;100.00
84149;618;56.0;51;3.14;8700.0;4.69;2.34;49.02;98.9;97.5;0.00;100.00
84157;617;56.0;51;3.14;8710.0;5.47;2.34;49.02;98.9;97.5;0.00;100.00
84168;617;56.0;51;3.14;8710.0;5.47;2.34;48.63;98.9;97.5;0.00;100.00
84179;617;56.0;51;3.14;8710.0;6.25;3.13;48.63;98.9;97.5;0.00;100.00
84188;617;56.0;51;3.14;8710.0;6.25;3.13;48.24;98.9;97.5;0.00;100.00
84199;617;55.0;51;3.14;8710.0;6.25;3.13;48.24;98.9;97.5;0.00;100.00
84209;617;55.0;51;3.14;8710.0;6.25;3.13;48.24;98.9;97.5;0.00;100.00
84217;617;55.0;51;3.14;8710.0;6.25;3.13;47.84;98.9;97.5;0.00;100.00
84229;617;55.0;51;3.14;8710.0;6.25;3.13;47.84;98.9;97.5;0.00;100.00
84245;617;55.0;51;3.14;8710.0;7.03;3.13;47.84;98.9;97.5;0.00;100.00
84259;618;55.0;51;3.14;8710.0;7.03;3.91;47.84;98.9;97.5;0.00;100.00
84266;619;55.0;51;3.14;8710.0;7.03;3.91;47.45;98.9;97.5;0.00;100.00
84278;620;55.0;51;3.14;8710.0;7.03;3.91;47.45;98.9;97.5;0.00;100.00
84287;621;55.0;51;3.14;8710.0;7.03;3.91;47.45;98.9;97.5;0.00;100.00
84300;622;55.0;51;3.14;8710.0;7.03;3.91;47.45;98.9;97.5;0.00;100.00
84316;622;55.0;51;3.14;8710.0;7.03;3.91;47.06;98.9;97.5;0.00;100.00
84328;623;54.0;51;3.14;8710.0;7.03;3.91;47.06;98.9;97.5;0.00;100.00
84337;624;54.0;51;3.14;8710.0;6.25;3.91;47.06;98.9;97.5;0.00;100.00
84348;625;54.0;51;3.14;8710.0;6.25;3.91;47.06;98.9;97.5;0.00;100.00
84357;626;54.0;51;3.14;8710.0;6.25;3.91;46.67;98.9;97.5;0.00;100.00
84374;627;54.0;51;3.14;8710.0;6.25;3.91;46.67;98.9;97.5;0.00;100.00
84386;627;54.0;51;3.14;8710.0;6.25;3.13;46.67;98.9;97.5;0.00;100.00
84401;627;54.0;51;3.14;8710.0;6.25;3.13;46.67;98.9;97.5;0.00;100.00
84417;627;54.0;51;3.14;8710.0;5.47;3.13;46.67;98.9;97.5;0.00;100.00
84428;627;54.0;51;3.14;8710.0;5.47;3.13;46.67;98.9;97.5;0.00;100.00
84437;627;54.0;51;3.14;8710.0;5.47;3.13;46.27;98.9;97.5;0.00;100.00
84448;627;54.0;51;3.14;8710.0;5.47;3.13;46.27;98.9;97.5;0.00;100.00
84456;627;54.0;51;3.14;8710.0;5.47;3.13;46.27;98.9;97.5;0.00;100.00
84468;627;54.0;51;3.14;8710.0;5.47;3.13;46.27;98.9;97.5;0.00;100.00
84476;627;54.0;51;3.53;8710.0;5.47;3.13;46.27;98.9;97.5;0.00;100.00
84487;628;54.0;51;3.53;8710.0;5.47;3.13;46.27;98.9;97.5;0.00;100.00
84503;628;54.0;51;3.53;8710.0;4.69;3.13;46.27;98.9;97.5;0.00;100.00
84518;628;54.0;51;3.53;8710.0;4.69;2.34;46.27;98.9;97.5;0.00;100.00
84526;629;54.0;51;3.53;8710.0;4.69;2.34;45.88;98.9;97.5;0.00;100.00
84538;630;54.0;51;3.53;8710.0;4.69;2.34;45.88;98.9;97.5;0.00;100.00
84548;630;54.0;51;3.53;8710.0;4.69;2.34;45.88;98.9;97.5;0.00;100.00
84558;631;54.0;51;3.53;8710.0;4.69;2.34;45.88;98.9;97.5;0.00;100.00
84568;632;54.0;51;3.53;8710.0;4.69;2.34;45.88;98.9;97.5;0.00;100.00
84577;632;54.0;51;3.53;8710.0;4.69;2.34;45.88;98.9;97.5;0.00;100.00
84587;633;54.0;51;3.53;8710.0;4.69;2.34;45.88;98.9;97.5;0.00;100.00
84600;634;54.0;51;3.53;8710.0;4.69;2.34;45.88;98.9;97.5;0.00;100.00
84617;634;54.0;51;3.53;8710.0;4.69;2.34;45.49;98.9;97.5;0.00;100.00
84634;635;54.0;51;3.53;8710.0;4.69;2.34;45.49;98.9;97.5;0.00;100.00
84646;635;54.0;51;3.53;8710.0;4.69;1.56;45.49;98.9;97.5;0.00;100.00
84658;634;54.0;51;3.53;8710.0;4.69;1.56;45.49;98.9;97.5;0.00;100.00
84669;634;54.0;51;3.53;8710.0;4.69;1.56;45.49;98.9;97.5;0.00;100.00
84689;634;54.0;51;3.53;8710.0;4.69;1.56;45.49;98.9;97.5;0.00;100.00
84701;633;54.0;51;3.53;8710.0;4.69;1.56;45.10;98.9;97.5;0.00;100.00
84716;633;54.0;51;3.53;8710.0;4.69;1.56;45.10;98.9;97.5;0.00;100.00
84727;633;55.0;51;3.53;8710.0;4.69;1.56;45.10;98.9;97.5;0.00;100.00
84738;633;55.0;51;3.53;8710.0;4.69;1.56;45.10;98.9;97.5;0.00;100.00
84749;632;55.0;51;3.53;8710.0;4.69;1.56;45.10;98.9;97.5;0.00;100.00
84757;632;55.0;51;3.53;8710.0;4.69;1.56;45.10;98.9;97.5;0.00;100.00
84774;632;55.0;51;3.53;8710.0;3.91;1.56;45.10;98.9;97.5;0.00;100.00
84788;631;55.0;51;3.53;8710.0;3.91;1.56;45.10;98.9;97.5;0.00;100.00
84801;631;55.0;51;3.53;8710.0;3.91;1.56;45.49;98.9;97.5;0.00;100.00
84819;631;55.0;51;3.53;8710.0;3.91;1.56;45.49;98.9;97.5;0.00;100.00
84828;630;55.0;51;3.53;8710.0;3.91;1.56;45.49;98.9;97.5;0.00;100.00
84838;630;55.0;51;3.53;8710.0;3.91;1.56;45.49;98.9;97.5;0.00;100.00
84849;629;55.0;51;3.53;8710.0;3.91;1.56;45.49;98.9;97.5;0.00;100.00
84858;629;56.0;51;3.53;8710.0;3.91;1.56;45.49;98.9;97.5;0.00;100.00
84869;629;56.0;51;3.53;8710.0;3.91;1.56;45.49;98.9;97.5;0.00;100.00
84877;628;56.0;51;3.53;8710.0;3.91;1.56;45.88;98.9;97.5;0.00;100.00
84889;628;56.0;51;3.53;8710.0;3.91;1.56;45.88;98.9;97.5;0.00;100.00
84905;628;56.0;51;3.53;8710.0;3.13;1.56;45.88;98.9;97.5;0.00;100.00
84919;628;56.0;51;3.53;8710.0;3.13;1.56;46.27;98.9;97.5;0.00;100.00
84939;628;56.0;51;3.53;8710.0;3.13;1.56;46.27;98.9;97.5;0.00;100.00
84947;628;56.0;51;3.53;8710.0;3.13;1.56;46.67;98.9;97.5;0.00;100.00
84957;628;56.0;51;3.53;8710.0;3.13;1.56;46.67;98.9;97.5;0.00;100.00
84969;628;56.0;51;3.53;8710.0;3.13;1.56;46.67;98.9;97.5;0.00;100.00
84978;628;56.0;51;3.53;8710.0;3.13;1.56;47.06;98.9;97.5;0.00;100.00
84988;628;56.0;51;3.53;8710.0;3.13;1.56;47.06;98.9;97.5;0.00;100.00
85001;628;56.0;51;3.53;8710.0;3.13;1.56;47.06;98.9;97.5;0.00;100.00
85018;628;56.0;51;3.53;8710.0;3.13;1.56;47.06;98.9;97.5;0.00;100.00
85028;628;56.0;51;3.53;8710.0;3.13;1.56;47.06;98.9;97.5;0.00;100.00
85044;628;56.0;51;3.53;8710.0;3.13;1.56;47.06;98.9;97.5;0.00;100.00
85056;628;56.0;51;3.53;8710.0;3.13;0.78;47.06;98.9;97.5;0.00;100.00
85068;627;56.0;51;3.53;8710.0;3.13;0.78;47.06;98.9;97.5;0.00;100.00
85077;627;56.0;51;3.53;8710.0;3.13;0.78;47.06;98.9;97.5;0.00;100.00
85087;627;56.0;51;3.53;8710.0;3.13;0.78;47.06;98.9;97.5;0.00;100.00
85099;627;56.0;51;3.53;8710.0;3.13;0.78;47.06;98.9;97.5;0.00;100.00
85118;627;56.0;51;3.53;8710.0;3.13;0.78;47.06;98.9;97.5;0.00;100.00
85128;626;55.0;51;3.53;8710.0;3.13;0.78;47.06;98.9;97.5;0.00;100.00
85134;626;55.0;51;3.53;8710.0;3.13;0.78;47.06;98.9;97.5;0.00;100.00
85148;626;55.0;51;3.14;8710.0;3.13;0.78;47.06;98.9;97.5;0.00;100.00
85156;626;55.0;51;3.14;8710.0;3.13;0.78;46.67;98.9;97.5;0.00;100.00
85174;625;55.0;51;3.14;8710.0;2.34;0.78;46.67;98.9;97.5;0.00;100.00
85187;626;55.0;51;3.14;8710.0;2.34;0.78;46.67;98.9;97.5;0.00;100.00
85201;626;55.0;51;3.14;8710.0;2.34;0.78;46.67;98.9;97.5;0.00;100.00
85215;627;54.0;51;3.14;8710.0;2.34;0.78;46.67;98.9;97.5;0.00;100.00
85225;627;54.0;51;2.75;8710.0;2.34;0.78;46.67;98.9;98.0;0.00;100.00
85238;628;53.0;51;2.75;8710.0;2.34;0.78;46.27;98.9;98.0;0.00;100.00
85247;628;53.0;51;2.35;8710.0;2.34;0.78;46.27;98.9;98.0;0.00;100.00
85256;629;52.0;51;2.35;8710.0;2.34;0.78;46.27;98.9;98.0;0.00;100.00
85266;629;52.0;51;1.96;8710.0;2.34;0.78;45.88;98.9;98.0;0.00;100.00
85275;630;51.0;51;1.96;8710.0;2.34;0.78;45.88;98.9;98.0;0.00;100.00
85288;630;51.0;51;1.57;8710.0;2.34;0.78;45.49;98.9;98.0;0.00;100.00
85303;631;50.0;51;1.57;8710.0;3.13;0.78;45.10;98.9;98.0;0.00;100.00
85319;631;50.0;51;1.18;8710.0;3.13;1.56;45.10;98.9;98.0;0.00;100.00
85326;631;49.0;51;1.18;8710.0;3.13;1.56;44.71;98.9;98.0;0.00;100.00
85334;631;48.0;51;0.78;8710.0;3.13;1.56;44.71;98.9;98.0;0.00;100.00
85349;631;47.0;51;0.78;8710.0;3.13;1.56;44.31;98.9;97.5;0.00;100.00
85358;631;46.0;51;0.78;8710.0;3.13;1.56;43.92;98.9;97.5;0.00;100.00
85367;631;45.0;51;0.78;8710.0;3.13;1.56;43.92;98.9;97.5;0.00;100.00
85376;631;45.0;51;0.78;8710.0;3.13;1.56;43.53;98.9;97.5;0.00;100.00
85385;631;44.0;51;0.78;8710.0;3.91;1.56;42.75;98.9;97.5;0.00;100.00
85400;631;43.0;51;1.18;8710.0;3.91;1.56;41.96;98.9;97.5;0.00;100.00
85416;631;42.0;51;1.18;8710.0;3.91;1.56;40.78;98.9;97.5;0.00;100.00
85434;631;41.0;51;1.18;8710.0;3.91;1.56;40.00;98.9;97.5;0.00;100.00
85446;630;40.0;51;1.18;8710.0;3.91;1.56;39.22;98.9;97.5;0.00;100.00
85457;629;40.0;51;1.18;8710.0;3.91;1.56;38.43;98.9;97.5;0.00;100.00
85466;628;40.0;51;1.18;8710.0;4.69;1.56;37.65;98.9;97.5;0.00;100.00
85478;627;40.0;51;1.18;8710.0;4.69;1.56;36.86;98.9;98.0;0.00;100.00
85487;627;40.0;51;1.18;8710.0;4.69;1.56;35.69;98.9;98.0;0.00;100.00
85499;626;40.0;51;1.57;8710.0;4.69;1.56;34.90;98.9;98.0;0.00;100.00
85507;625;39.0;51;1.57;8710.0;4.69;1.56;34.12;98.9;98.0;0.00;100.00
85518;624;39.0;51;1.57;8710.0;4.69;1.56;34.12;98.9;98.0;0.00;100.00
85527;623;39.0;51;1.57;8710.0;4.69;1.56;33.73;98.9;98.0;0.00;100.00
85537;622;39.0;51;1.57;8710.0;4.69;1.56;33.73;98.9;98.0;0.00;100.00
85553;621;39.0;51;1.57;8710.0;4.69;1.56;33.73;98.9;98.0;0.00;100.00
85566;622;39.0;51;1.96;8710.0;4.69;1.56;33.33;98.9;98.0;0.00;100.00
85577;622;39.0;51;1.96;8710.0;4.69;1.56;33.33;98.9;98.0;0.00;100.00
85589;623;39.0;51;1.96;8710.0;4.69;1.56;32.94;98.9;98.0;0.00;100.00
85600;623;39.0;51;1.96;8710.0;4.69;1.56;32.94;98.9;98.0;0.00;100.00
85617;624;39.0;51;1.96;8710.0;4.69;1.56;32.94;98.9;98.0;0.00;100.00
85627;624;39.0;51;1.96;8710.0;4.69;1.56;32.55;98.9;98.0;0.00;100.00
85639;624;39.0;51;1.96;8710.0;4.69;1.56;32.55;98.9;98.0;0.00;100.00
85646;625;39.0;50;1.96;8710.0;4.69;1.56;32.55;98.9;98.0;0.00;100.00
85656;625;39.0;50;2.35;8710.0;4.69;1.56;32.16;98.9;98.0;0.00;100.00
85668;626;39.0;50;2.35;8710.0;4.69;1.56;32.16;98.9;98.0;0.00;100.00
85684;626;39.0;50;2.35;8710.0;4.69;1.56;32.16;98.9;98.0;0.00;100.00
85701;625;39.0;50;2.35;8710.0;4.69;0.78;32.16;98.9;98.0;0.00;100.00
85719;625;39.0;50;2.35;8710.0;4.69;0.78;31.76;98.9;98.0;0.00;100.00
85726;624;39.0;50;2.35;8710.0;4.69;0.78;31.76;98.9;98.0;0.00;100.00
85737;623;39.0;50;2.35;8710.0;4.69;0.78;31.76;98.9;98.0;0.00;100.00
85748;622;39.0;50;2.35;8710.0;4.69;0.78;31.76;98.9;98.0;0.00;100.00
85756;622;39.0;50;2.35;8710.0;4.69;0.78;31.37;98.9;98.0;0.00;100.00
85767;621;40.0;50;2.35;8710.0;4.69;0.78;31.37;98.9;98.0;0.00;100.00
85776;620;40.0;50;2.35;8710.0;3.91;0.00;31.37;98.9;98.0;0.00;100.00
85787;619;40.0;50;2.35;8710.0;3.91;0.00;31.37;98.9;98.0;0.00;100.00
85801;619;40.0;50;2.35;8710.0;3.91;0.00;30.98;98.9;98.0;0.00;100.00
85823;618;40.0;50;2.35;8710.0;3.91;0.00;30.98;98.9;98.0;0.00;100.00
85835;618;40.0;50;2.35;8710.0;3.91;-0.78;30.98;98.9;98.0;0.00;100.00
85850;618;40.0;50;2.35;8710.0;3.91;-0.78;30.98;98.9;98.0;0.00;100.00
85867;618;40.0;50;2.35;8710.0;3.13;-0.78;30.98;98.9;98.0;0.00;100.00
85876;618;40.0;50;2.35;8710.0;3.13;-0.78;30.98;98.9;97.5;0.00;100.00
85887;618;40.0;50;2.35;8710.0;3.13;-1.56;30.59;98.9;97.5;0.00;100.00
85900;618;40.0;50;2.35;8710.0;3.13;-1.56;30.59;98.9;97.5;0.00;100.00
85917;618;40.0;50;2.35;8710.0;2.34;-1.56;30.59;98.9;97.5;0.00;100.00
85929;618;40.0;50;2.35;8710.0;2.34;-2.34;30.59;98.9;97.5;0.00;100.00
85935;618;40.0;50;2.35;8710.0;2.34;-2.34;30.59;98.9;97.5;0.00;100.00
85946;618;40.0;50;2.35;8710.0;1.56;-3.13;30.59;98.9;97.5;0.00;100.00
85964;618;40.0;50;2.35;8710.0;1.56;-3.13;30.59;98.9;97.5;0.00;100.00
85978;618;40.0;50;2.35;8710.0;0.78;-3.91;30.59;98.9;97.5;0.00;100.00
85987;618;40.0;50;2.35;8710.0;0.78;-3.91;30.59;98.9;97.5;0.00;100.00
86001;618;40.0;50;2.35;8710.0;0.78;-4.69;30.59;98.9;97.5;0.00;100.00
86016;618;40.0;50;2.35;8710.0;0.00;-4.69;30.59;98.9;98.0;0.00;100.00
86027;619;40.0;50;2.35;8710.0;0.00;-5.47;30.59;98.9;98.0;0.00;100.00
86036;619;40.0;50;2.35;8710.0;-0.78;-5.47;30.59;98.9;98.0;0.00;100.00
86045;619;41.0;50;2.35;8710.0;-0.78;-6.25;30.59;98.9;98.0;0.00;100.00
86059;619;41.0;50;2.35;8710.0;-1.56;-6.25;30.59;98.9;98.0;0.00;100.00
86067;619;41.0;50;2.35;8710.0;-1.56;-7.03;30.59;98.9;98.0;0.00;100.00
86076;619;41.0;50;2.35;8710.0;-2.34;-7.03;30.59;98.9;98.0;0.00;100.00
86092;619;41.0;50;2.35;8710.0;-2.34;-7.81;30.59;98.9;98.0;0.00;100.00
86109;620;41.0;50;2.35;8710.0;-3.13;-7.81;30.59;98.9;98.0;0.00;100.00
86118;621;41.0;50;2.35;8710.0;-3.13;-8.59;30.59;98.9;98.0;0.00;100.00
86126;621;41.0;50;2.35;8710.0;-3.91;-8.59;30.59;98.9;98.0;0.00;100.00
86137;622;41.0;50;2.35;8710.0;-3.91;-9.38;30.59;98.9;98.0;0.00;100.00
86145;622;41.0;50;2.35;8710.0;-4.69;-9.38;30.59;98.9;98.0;0.00;100.00
86155;623;41.0;50;2.35;8710.0;-4.69;-10.16;30.59;98.9;98.0;0.00;100.00
86167;624;40.0;50;2.35;8710.0;-5.47;-10.16;30.59;98.9;98.0;0.00;100.00
86176;624;40.0;50;2.35;8710.0;-5.47;-10.94;30.59;98.9;98.0;0.00;100.00
86185;625;40.0;50;2.35;8710.0;-6.25;-10.94;30.59;98.9;98.0;0.00;100.00
86200;625;40.0;50;2.35;8710.0;-6.25;-10.94;30.59;98.9;98.0;0.00;100.00
86226;626;40.0;50;2.35;8710.0;-7.03;-11.72;30.59;98.9;98.0;0.00;100.00
86235;626;40.0;50;2.35;8710.0;-7.03;-11.72;30.59;98.9;98.0;0.00;100.00
86246;626;40.0;50;2.35;8710.0;-7.81;-12.50;30.59;98.9;98.0;0.00;100.00
86256;625;40.0;50;2.35;8710.0;-7.81;-12.50;30.59;98.9;98.0;0.00;100.00
86265;625;40.0;50;2.35;8710.0;-8.59;-12.50;30.59;98.9;97.5;0.00;100.00
86277;625;40.0;50;2.35;8710.0;-8.59;-13.28;30.59;98.9;97.5;0.00;100.00
86285;625;40.0;50;2.35;8710.0;-8.59;-13.28;30.59;98.9;97.5;0.00;100.00
86299;625;40.0;50;2.35;8710.0;-9.38;-13.28;30.59;98.9;97.5;0.00;100.00
86307;625;40.0;50;2.35;8710.0;-9.38;-13.28;30.59;98.9;97.5;0.00;100.00
86318;625;40.0;50;1.96;8710.0;-9.38;-14.06;30.59;98.9;97.5;0.00;100.00
86327;625;40.0;50;1.96;8710.0;-9.38;-14.06;30.59;98.9;97.5;0.00;100.00
86344;624;40.0;50;1.96;8710.0;-10.16;-14.06;30.59;98.9;97.5;0.00;100.00
86356;624;40.0;50;1.96;8710.0;-10.16;-14.06;30.59;98.9;97.5;0.00;100.00
86367;623;40.0;50;1.96;8710.0;-10.16;-14.06;30.20;98.9;97.5;0.00;100.00
86376;623;40.0;50;1.96;8710.0;-10.16;-14.06;30.20;98.9;97.5;0.00;100.00
86385;622;40.0;50;1.96;8710.0;-10.94;-14.84;30.20;98.9;97.5;0.00;100.00
86401;621;40.0;50;1.96;8710.0;-10.94;-14.84;30.20;98.9;97.5;0.00;100.00
86417;621;40.0;50;1.96;8710.0;-10.94;-14.84;30.20;98.9;97.5;0.00;100.00
86429;620;39.0;50;1.96;8710.0;-10.94;-14.84;30.20;98.9;97.5;0.00;100.00
86436;619;39.0;51;1.96;8710.0;-10.94;-14.84;30.20;98.9;97.5;0.00;100.00
86447;619;39.0;51;2.35;8710.0;-10.94;-14.84;30.20;98.9;97.5;0.00;100.00
86456;618;39.0;51;2.35;8710.0;-10.94;-14.84;30.20;98.9;97.5;0.00;100.00
86473;618;39.0;51;2.35;8710.0;-11.72;-14.84;30.20;98.9;97.5;0.00;100.00
86485;617;39.0;51;2.35;8710.0;-11.72;-14.84;30.20;98.9;97.5;0.00;100.00
86501;617;39.0;51;2.35;8710.0;-11.72;-14.84;29.80;98.9;97.5;0.00;100.00
86516;617;39.0;51;2.35;8710.0;-11.72;-14.84;29.80;98.9;97.5;0.00;100.00
86527;616;39.0;51;2.35;8710.0;-11.72;-14.84;29.80;98.9;98.0;0.00;100.00
86536;616;39.0;51;2.35;8710.0;-11.72;-14.84;29.80;98.9;98.0;0.00;100.00
86545;616;39.0;51;2.35;8710.0;-11.72;-14.84;29.80;98.9;98.0;0.00;100.00
86557;615;39.0;51;2.35;8710.0;-11.72;-14.84;29.80;98.9;98.0;0.00;100.00
86569;615;39.0;51;2.35;8710.0;-11.72;-14.84;29.80;98.9;98.0;0.00;100.00
86578;615;39.0;51;2.35;8710.0;-11.72;-14.06;29.80;98.9;98.0;0.00;100.00
86586;614;39.0;51;2.35;8710.0;-11.72;-14.06;29.80;98.9;98.0;0.00;100.00
86601;614;39.0;51;2.35;8710.0;-10.94;-14.06;29.80;98.9;98.0;0.00;100.00
86617;613;39.0;51;2.35;8710.0;-10.94;-14.06;29.80;98.9;98.0;0.00;100.00
86625;613;39.0;51;2.35;8710.0;-10.94;-14.06;29.80;98.9;98.0;0.00;100.00
86636;612;39.0;51;2.35;8710.0;-10.94;-14.06;29.80;98.9;98.0;0.00;100.00
86648;611;39.0;51;2.35;8710.0;-10.94;-13.28;29.80;98.9;98.0;0.00;100.00
86657;610;39.0;51;2.35;8710.0;-10.94;-13.28;29.80;98.9;98.0;0.00;100.00
86667;610;39.0;51;2.35;8710.0;-10.94;-13.28;29.80;98.9;98.0;0.00;100.00
86675;609;39.0;51;2.35;8710.0;-10.94;-13.28;29.80;98.9;98.0;0.00;100.00
86687;608;39.0;51;2.35;8710.0;-10.94;-13.28;29.80;98.9;98.0;0.00;100.00
86700;608;39.0;51;2.35;8710.0;-10.94;-12.50;29.80;98.9;98.0;0.00;100.00
86716;607;39.0;51;2.35;8710.0;-10.94;-12.50;29.80;98.9;98.0;0.00;100.00
86732;606;39.0;51;2.35;8710.0;-10.16;-12.50;29.80;98.9;98.0;0.00;100.00
86747;605;39.0;51;2.35;8710.0;-10.16;-12.50;29.80;98.9;98.0;0.00;100.00
86758;605;39.0;51;2.35;8710.0;-10.16;-12.50;30.20;98.9;98.0;0.00;100.00
86767;604;39.0;51;2.35;8710.0;-10.16;-12.50;30.20;98.9;98.0;0.00;100.00
86777;603;39.0;51;2.35;8710.0;-10.16;-11.72;30.20;98.9;97.5;0.00;100.00
86786;603;39.0;51;2.35;8710.0;-10.16;-11.72;30.20;98.9;97.5;0.00;100.00
86802;602;39.0;51;2.35;8710.0;-10.16;-11.72;30.20;98.9;97.5;0.00;100.00
86817;601;40.0;51;2.35;8710.0;-10.16;-11.72;30.20;98.9;97.5;0.00;100.00
86827;601;40.0;51;2.35;8710.0;-10.16;-11.72;30.20;98.9;97.5;0.00;100.00
86836;600;40.0;51;2.35;8710.0;-10.16;-11.72;30.20;98.9;97.5;0.00;100.00
86848;599;40.0;51;2.35;8710.0;-10.16;-11.72;30.20;98.9;97.5;0.00;100.00
86863;599;40.0;51;2.35;8710.0;-10.16;-11.72;30.20;98.9;97.5;0.00;100.00
86878;598;40.0;51;2.35;8710.0;-10.16;-10.94;30.20;98.9;97.5;0.00;100.00
86886;597;40.0;51;2.35;8710.0;-10.16;-10.94;30.20;98.9;97.5;0.00;100.00
86902;596;40.0;51;2.35;8710.0;-10.16;-10.94;30.20;98.9;97.5;0.00;100.00
86916;596;40.0;51;2.35;8710.0;-10.16;-10.94;30.20;98.9;97.5;0.00;100.00
86927;595;40.0;51;2.35;8710.0;-10.16;-10.94;30.20;98.9;97.5;0.00;100.00
86937;594;40.0;51;2.35;8710.0;-10.16;-10.94;30.20;98.9;97.5;0.00;100.00
86948;594;40.0;51;2.35;8710.0;-10.16;-10.94;30.20;98.9;97.5;0.00;100.00
86958;593;40.0;51;2.35;8710.0;-10.16;-10.94;30.20;98.9;97.5;0.00;100.00
86967;592;40.0;51;2.35;8710.0;-10.16;-10.94;30.20;98.9;97.5;0.00;100.00
86978;591;40.0;51;2.35;8710.0;-10.16;-10.94;30.59;98.9;97.5;0.00;100.00
86993;591;40.0;51;2.35;8710.0;-9.38;-10.94;30.59;98.9;97.5;0.00;100.00
87009;590;40.0;51;2.35;8710.0;-9.38;-10.16;30.59;98.9;97.5;0.00;100.00
87018;589;40.0;51;2.35;8710.0;-9.38;-10.16;30.59;98.9;97.5;0.00;100.00
87026;589;40.0;51;2.35;8710.0;-9.38;-10.16;30.59;98.9;97.5;0.00;100.00
87038;588;40.0;51;2.35;8710.0;-9.38;-10.16;30.59;98.9;98.0;0.00;100.00
87047;588;40.0;51;2.35;8710.0;-9.38;-10.16;30.98;98.9;98.0;0.00;100.00
87057;587;40.0;51;2.35;8710.0;-9.38;-10.16;30.98;98.9;98.0;0.00;100.00
87066;587;41.0;51;2.35;8710.0;-9.38;-10.16;30.98;98.9;98.0;0.00;100.00
87077;586;41.0;51;2.35;8710.0;-9.38;-10.16;30.98;98.9;98.0;0.00;100.00
87085;586;41.0;51;2.35;8710.0;-9.38;-10.16;31.37;98.9;98.0;0.00;100.00
87102;585;41.0;51;2.35;8710.0;-9.38;-10.16;31.37;98.9;98.0;0.00;100.00
87123;584;41.0;51;2.35;8710.0;-9.38;-10.16;31.37;98.9;98.0;0.00;100.00
87138;584;41.0;51;2.35;8710.0;-9.38;-10.16;31.37;98.9;98.0;0.00;100.00
87148;585;41.0;51;2.35;8710.0;-9.38;-10.16;31.76;98.9;98.0;0.00;100.00
87156;585;41.0;51;2.35;8710.0;-9.38;-10.16;31.76;98.9;98.0;0.00;100.00
87166;585;41.0;51;2.35;8710.0;-9.38;-10.16;31.76;98.9;98.0;0.00;100.00
87176;585;41.0;51;2.35;8710.0;-9.38;-10.16;31.76;98.9;98.0;0.00;100.00
87186;585;41.0;51;2.35;8710.0;-9.38;-10.16;32.16;98.9;98.0;0.00;100.00
87202;585;41.0;51;2.35;8710.0;-9.38;-10.16;32.16;98.9;98.0;0.00;100.00
87216;585;41.0;51;2.35;8710.0;-9.38;-10.16;32.16;98.9;98.0;0.00;100.00
87228;585;41.0;51;2.35;8710.0;-9.38;-10.16;32.16;98.9;98.0;0.00;100.00
87237;586;41.0;51;2.35;8710.0;-9.38;-10.16;32.16;98.9;98.0;0.00;100.00
87254;586;41.0;51;2.35;8710.0;-9.38;-10.16;32.16;98.9;98.0;0.00;100.00
87267;586;41.0;51;2.35;8710.0;-9.38;-9.38;32.16;98.9;98.0;0.00;100.00
87276;586;41.0;51;2.35;8710.0;-9.38;-9.38;32.55;98.9;98.0;0.00;100.00
87287;586;41.0;51;2.35;8710.0;-9.38;-9.38;32.55;98.9;98.0;0.00;100.00
87302;586;41.0;51;2.35;8710.0;-9.38;-9.38;32.55;98.9;98.0;0.00;100.00
87318;586;41.0;51;2.35;8710.0;-9.38;-9.38;32.55;98.9;98.0;0.00;100.00
87327;586;41.0;51;2.35;8710.0;-9.38;-9.38;32.55;98.9;98.0;0.00;100.00
87337;586;42.0;51;2.35;8710.0;-9.38;-9.38;32.55;98.9;98.0;0.00;100.00
87346;587;42.0;51;2.35;8710.0;-9.38;-9.38;32.55;98.9;98.0;0.00;100.00
87357;587;42.0;51;2.35;8710.0;-9.38;-9.38;32.55;98.9;98.0;0.00;100.00
87366;587;42.0;51;2.35;8710.0;-9.38;-9.38;32.55;98.9;98.0;0.00;100.00
87382;587;42.0;51;2.35;8710.0;-8.59;-9.38;32.55;98.9;98.0;0.00;100.00
87401;587;42.0;51;2.35;8710.0;-8.59;-8.59;32.55;98.9;98.0;0.00;100.00
87416;587;42.0;51;2.35;8710.0;-8.59;-8.59;32.55;98.9;98.0;0.00;100.00
87428;588;42.0;51;2.35;8710.0;-8.59;-8.59;32.55;98.9;98.0;0.00;100.00
87437;588;42.0;51;2.35;8710.0;-8.59;-8.59;32.55;98.9;98.0;0.00;100.00
87448;588;42.0;51;2.35;8710.0;-8.59;-8.59;32.55;98.9;98.0;0.00;100.00
87457;588;42.0;51;2.35;8710.0;-8.59;-8.59;32.55;98.9;98.0;0.00;100.00
87468;589;43.0;51;2.35;8710.0;-8.59;-8.59;32.55;98.9;98.0;0.00;100.00
87478;589;43.0;51;2.35;8710.0;-7.81;-8.59;32.55;98.9;98.0;0.00;100.00
87486;589;43.0;51;2.35;8710.0;-7.81;-7.81;32.55;98.9;98.0;0.00;100.00
87499;589;43.0;51;2.35;8710.0;-7.81;-7.81;32.55;98.9;98.0;0.00;100.00
87515;590;43.0;51;2.35;8710.0;-7.81;-7.81;32.55;98.9;98.0;0.00;100.00
87528;590;43.0;51;2.35;8710.0;-7.81;-7.81;32.55;98.9;98.0;0.00;100.00
87538;590;43.0;51;2.35;8710.0;-7.81;-7.81;32.94;98.9;98.0;0.00;100.00
87546;591;43.0;51;2.35;8710.0;-7.03;-7.81;32.94;98.9;98.0;0.00;100.00
87557;591;43.0;51;2.35;8710.0;-7.03;-7.03;32.94;98.9;98.0;0.00;100.00
87568;591;43.0;51;2.35;8710.0;-7.03;-7.03;32.94;98.9;98.0;0.00;100.00
87576;592;43.0;51;2.35;8710.0;-7.03;-7.03;32.94;98.9;98.0;0.00;100.00
87587;592;43.0;51;2.35;8710.0;-6.25;-7.03;32.94;98.9;98.0;0.00;100.00
87600;592;43.0;51;2.35;8710.0;-6.25;-7.03;32.94;98.9;98.0;0.00;100.00
87616;593;43.0;51;2.35;8710.0;-6.25;-6.25;32.94;98.9;98.0;0.00;100.00
87628;593;43.0;51;2.35;8710.0;-6.25;-6.25;32.94;98.9;98.0;0.00;100.00
87643;593;43.0;51;2.35;8710.0;-5.47;-6.25;32.94;98.9;98.0;0.00;100.00
87656;593;43.0;51;2.35;8710.0;-5.47;-6.25;32.94;98.9;98.0;0.00;100.00
87669;593;43.0;51;2.35;8710.0;-5.47;-6.25;32.94;98.9;98.0;0.00;100.00
87677;593;43.0;51;2.35;8710.0;-5.47;-6.25;32.94;98.9;98.0;0.00;100.00
87687;593;43.0;51;2.35;8710.0;-4.69;-5.47;32.94;98.9;98.0;0.00;100.00
87698;593;43.0;51;2.35;8710.0;-4.69;-5.47;32.94;98.9;98.0;0.00;100.00
87707;593;43.0;51;2.35;8710.0;-4.69;-5.47;32.94;98.9;98.0;0.00;100.00
87716;593;42.0;51;2.35;8710.0;-4.69;-5.47;32.94;98.9;98.0;0.00;100.00
87726;593;42.0;51;2.35;8710.0;-3.91;-5.47;32.94;98.9;98.0;0.00;100.00
87738;593;42.0;51;2.35;8710.0;-3.91;-5.47;32.94;98.9;98.0;0.00;100.00
87748;593;42.0;51;2.35;8710.0;-3.91;-5.47;32.94;98.9;98.0;0.00;100.00
87764;593;42.0;51;2.35;8710.0;-3.91;-5.47;32.94;98.9;98.0;0.00;100.00
87779;593;42.0;51;2.35;8710.0;-3.91;-4.69;32.94;98.9;98.0;0.00;100.00
87787;593;42.0;51;2.35;8710.0;-3.91;-4.69;32.55;98.9;98.0;0.00;100.00
87799;594;42.0;51;2.35;8710.0;-3.13;-4.69;32.55;98.9;98.0;0.00;100.00
87808;594;42.0;51;2.35;8710.0;-3.13;-4.69;32.55;98.9;98.0;0.00;100.00
87816;594;42.0;51;2.35;8710.0;-3.13;-4.69;32.55;98.9;98.0;0.00;100.00
87827;594;42.0;51;2.35;8720.0;-3.13;-4.69;32.55;98.9;98.0;0.00;100.00
87837;595;42.0;51;2.35;8720.0;-3.13;-4.69;32.55;98.9;98.0;0.00;100.00
87849;595;42.0;51;2.35;8720.0;-3.13;-4.69;32.55;98.9;98.0;0.00;100.00
87856;595;42.0;51;2.35;8730.0;-3.13;-4.69;32.55;98.9;98.0;0.00;100.00
87868;595;42.0;51;2.35;8730.0;-3.13;-4.69;32.55;98.9;98.0;0.00;100.00
87884;596;42.0;51;2.35;8740.0;-2.34;-4.69;32.55;98.9;98.0;0.00;100.00
87900;596;42.0;51;2.35;8740.0;-2.34;-3.91;32.55;98.9;98.0;0.00;100.00
87917;596;42.0;51;2.35;8740.0;-2.34;-3.91;32.55;98.9;98.0;0.00;100.00
87928;597;42.0;51;2.35;8750.0;-2.34;-3.91;32.55;98.9;98.0;0.00;100.00
87937;597;42.0;51;2.35;8750.0;-2.34;-3.91;32.55;98.9;97.5;0.00;100.00
87948;597;42.0;51;2.35;8750.0;-2.34;-3.91;32.55;98.9;97.5;0.00;100.00
87957;598;42.0;51;2.35;8740.0;-2.34;-3.91;32.55;98.9;97.5;0.00;100.00
87968;598;42.0;51;2.35;8740.0;-2.34;-3.91;32.55;98.9;97.5;0.00;100.00
87979;599;42.0;51;2.35;8740.0;-2.34;-3.91;32.55;98.9;97.5;0.00;100.00
87987;599;42.0;51;2.35;8730.0;-2.34;-3.91;32.55;98.9;97.5;0.00;100.00
88000;599;42.0;51;2.35;8730.0;-2.34;-3.91;32.55;98.9;97.5;0.00;100.00
88024;600;42.0;51;2.35;8720.0;-1.56;-3.91;32.55;98.9;97.5;0.00;100.00
88037;600;42.0;51;2.35;8720.0;-1.56;-3.91;32.55;98.9;97.5;0.00;100.00
88048;600;42.0;51;2.35;8720.0;-1.56;-3.91;32.16;98.9;97.5;0.00;100.00
88057;600;42.0;51;2.35;8710.0;-1.56;-3.91;32.16;98.9;97.5;0.00;100.00
88066;600;42.0;51;2.35;8710.0;-1.56;-3.91;32.16;98.9;98.0;0.00;100.00
88077;600;42.0;51;2.35;8710.0;-1.56;-3.91;32.16;98.9;98.0;0.00;100.00
88089;600;42.0;51;2.35;8710.0;-1.56;-3.91;32.16;98.9;98.0;0.00;100.00
88100;600;42.0;51;2.35;8710.0;-1.56;-3.91;32.16;98.9;98.0;0.00;100.00
88117;600;42.0;51;2.35;8710.0;-1.56;-3.91;32.16;98.9;98.0;0.00;100.00
88126;600;42.0;51;2.35;8710.0;-1.56;-3.91;32.16;98.9;98.0;0.00;100.00
88137;600;42.0;51;2.35;8710.0;-1.56;-3.91;32.16;98.9;98.0;0.00;100.00
88154;600;42.0;51;2.35;8710.0;-0.78;-3.91;32.16;98.9;98.0;0.00;100.00
88167;600;42.0;51;2.35;8710.0;-0.78;-3.91;32.16;98.9;98.0;0.00;100.00
88178;600;42.0;51;2.35;8710.0;-0.78;-3.91;32.16;98.9;98.0;0.00;100.00
88187;600;42.0;51;2.35;8710.0;-0.78;-3.91;32.16;98.9;98.0;0.00;100.00
88202;600;42.0;51;2.35;8710.0;-0.78;-3.91;32.16;98.9;98.0;0.00;100.00
88217;600;42.0;51;2.35;8710.0;-0.78;-3.91;32.16;98.9;98.0;0.00;100.00
88226;601;42.0;51;2.35;8710.0;-0.78;-3.91;32.16;98.9;98.0;0.00;100.00
88238;601;41.0;51;2.35;8710.0;-0.78;-3.91;32.16;98.9;98.0;0.00;100.00
88247;601;41.0;51;2.35;8710.0;-0.78;-3.91;32.16;98.9;98.0;0.00;100.00
88258;601;41.0;51;2.35;8710.0;-0.78;-3.91;32.16;98.9;98.0;0.00;100.00
88268;601;41.0;51;2.35;8710.0;-0.78;-3.91;32.16;98.9;98.0;0.00;100.00
88284;601;41.0;51;2.35;8710.0;-0.78;-3.91;32.16;98.9;98.0;0.00;100.00
88300;602;41.0;51;2.35;8710.0;-0.78;-3.91;32.16;98.9;98.0;0.00;100.00
88317;602;41.0;51;2.35;8710.0;-0.78;-3.91;31.76;98.9;98.0;0.00;100.00
88329;602;41.0;51;2.35;8710.0;-0.78;-3.91;31.76;98.9;98.0;0.00;100.00
88337;602;41.0;51;2.35;8710.0;-0.78;-3.91;31.76;98.9;97.5;0.00;100.00
88348;602;41.0;51;2.35;8710.0;-0.78;-3.91;31.76;98.9;97.5;0.00;100.00
88357;602;41.0;51;2.35;8720.0;-0.78;-3.91;31.76;98.9;97.5;0.00;100.00
88368;602;41.0;51;2.35;8720.0;-0.78;-3.91;31.76;98.9;97.5;0.00;100.00
88378;603;41.0;51;2.35;8720.0;-0.78;-3.91;31.76;98.9;97.5;0.00;100.00
88387;603;41.0;51;2.35;8730.0;-0.78;-3.91;31.76;98.9;97.5;0.00;100.00
88400;603;41.0;51;2.35;8730.0;-0.78;-3.91;31.76;98.9;97.5;0.00;100.00
88423;603;41.0;51;2.35;8740.0;0.00;-3.91;31.76;98.9;97.5;0.00;100.00
88438;603;41.0;51;2.35;8740.0;0.00;-3.13;31.76;98.9;97.5;0.00;100.00
88449;603;41.0;51;2.35;8740.0;0.00;-3.13;31.76;98.9;97.5;0.00;100.00
88457;603;41.0;51;2.35;8750.0;0.00;-3.13;31.76;98.9;97.5;0.00;100.00
88469;602;41.0;51;2.35;8750.0;0.00;-3.13;31.76;98.9;98.0;0.00;100.00
88478;602;41.0;51;2.35;8750.0;0.00;-3.13;31.76;98.9;98.0;0.00;100.00
88488;602;41.0;51;2.35;8740.0;0.00;-3.13;31.76;98.9;98.0;0.00;100.00
88500;602;41.0;51;2.35;8740.0;0.00;-3.13;31.76;98.9;98.0;0.00;100.00
88516;601;41.0;51;2.35;8740.0;0.00;-3.13;31.76;98.9;98.0;0.00;100.00
88528;601;41.0;51;2.35;8730.0;0.00;-3.13;31.76;98.9;98.0;0.00;100.00
88538;601;41.0;51;2.35;8730.0;0.00;-3.13;31.76;98.9;98.0;0.00;100.00
88554;601;41.0;51;2.35;8720.0;0.78;-3.13;31.76;98.9;98.0;0.00;100.00
88569;601;41.0;51;2.35;8720.0;0.78;-3.13;31.76;98.9;98.0;0.00;100.00
88578;601;41.0;51;2.35;8720.0;0.78;-3.13;31.76;98.9;98.0;0.00;100.00
88588;600;41.0;51;2.35;8710.0;0.78;-3.13;31.76;98.9;98.0;0.00;100.00
88601;600;41.0;51;2.35;8710.0;0.78;-3.13;31.76;98.9;98.0;0.00;100.00
88619;600;41.0;51;2.35;8710.0;0.78;-3.13;31.76;98.9;98.0;0.00;100.00
88628;600;41.0;51;2.35;8720.0;0.78;-3.13;31.76;98.9;98.0;0.00;100.00
88637;600;40.0;51;2.35;8720.0;0.78;-3.13;31.76;98.9;98.0;0.00;100.00
88646;599;40.0;51;2.35;8720.0;0.78;-3.13;31.76;98.9;98.0;0.00;100.00
88658;599;40.0;51;2.35;8730.0;0.78;-3.13;31.76;98.9;98.0;0.00;100.00
88667;599;40.0;51;2.35;8730.0;0.78;-3.13;31.76;98.9;98.0;0.00;100.00
88684;599;40.0;51;2.35;8740.0;0.78;-3.13;31.76;98.9;98.0;0.00;100.00
88701;599;40.0;51;2.35;8740.0;0.78;-3.13;31.76;98.9;98.0;0.00;100.00
88718;599;40.0;51;2.35;8740.0;0.78;-3.13;31.76;98.9;98.0;0.00;100.00
88727;599;40.0;51;2.35;8750.0;0.78;-3.13;31.76;98.9;98.0;0.00;100.00
88736;599;40.0;51;2.35;8750.0;0.78;-3.13;31.76;98.9;98.0;0.00;100.00
88747;599;40.0;51;2.35;8750.0;0.78;-3.13;31.76;98.9;98.0;0.00;100.00
88758;599;40.0;51;2.35;8750.0;0.78;-3.13;31.76;98.9;98.0;0.00;100.00
88767;599;41.0;51;2.35;8750.0;0.78;-3.13;31.76;98.9;98.0;0.00;100.00
88778;599;41.0;51;2.35;8750.0;0.78;-3.13;31.76;98.9;98.0;0.00;100.00
88787;598;41.0;51;2.35;8750.0;0.78;-3.13;31.76;98.9;98.0;0.00;100.00
88799;598;41.0;51;2.35;8750.0;0.78;-3.13;31.76;98.9;98.0;0.00;100.00
88813;598;41.0;51;2.35;8750.0;0.78;-3.13;31.76;98.9;98.0;0.00;100.00
88827;598;41.0;51;2.35;8750.0;0.78;-3.13;31.76;98.9;98.0;0.00;100.00
88838;598;41.0;51;2.35;8750.0;0.78;-3.13;31.76;98.9;98.0;0.00;100.00
88846;598;41.0;51;2.35;8750.0;0.78;-3.13;31.76;98.9;98.0;0.00;100.00
88857;598;41.0;51;2.35;8750.0;0.78;-3.13;31.76;98.9;98.0;0.00;100.00
88868;597;41.0;51;2.35;8750.0;0.78;-3.13;31.76;98.9;98.0;0.00;100.00
88877;597;41.0;51;2.35;8750.0;0.78;-3.13;31.76;98.9;98.0;0.00;100.00
88889;597;41.0;51;2.35;8750.0;0.78;-3.13;31.76;98.9;98.0;0.00;100.00
88901;597;41.0;51;2.35;8750.0;0.78;-3.13;31.76;98.9;98.0;0.00;100.00
88915;597;41.0;51;2.35;8750.0;0.78;-3.13;31.76;98.9;98.0;0.00;100.00
88929;597;41.0;51;2.35;8750.0;0.78;-3.13;31.76;98.9;98.0;0.00;100.00
88944;596;41.0;51;2.35;8750.0;0.78;-3.13;31.76;98.9;98.0;0.00;100.00
88956;596;41.0;51;2.35;8750.0;0.78;-3.13;31.76;98.9;98.0;0.00;100.00
88967;596;41.0;51;2.35;8750.0;0.78;-3.13;31.76;98.9;98.0;0.00;100.00
88976;596;41.0;51;2.35;8750.0;0.78;-3.13;31.76;98.9;98.0;0.00;100.00
88987;596;41.0;51;2.35;8750.0;0.78;-3.13;31.76;98.9;98.0;0.00;100.00
89001;596;41.0;51;2.35;8750.0;0.78;-3.13;31.76;98.9;98.0;0.00;100.00
89017;596;41.0;51;2.35;8750.0;0.78;-3.13;31.76;98.9;98.0;0.00;100.00
89028;596;41.0;51;2.35;8750.0;0.78;-3.13;31.76;98.9;98.0;0.00;100.00
89038;596;41.0;51;2.35;8750.0;0.78;-3.13;31.76;98.9;98.0;0.00;100.00
89047;596;41.0;51;2.35;8750.0;0.78;-3.13;31.76;98.9;98.0;0.00;100.00
89057;596;41.0;51;2.35;8750.0;0.78;-3.13;31.76;98.9;98.0;0.00;100.00
