time(ms);RPM(1/min);MAP(kPa);IAT2(°C);TP_REL(%);FRP(kPa);SHRTFT1(%);SHRTFT2(%);LOAD(%);TCBP_DSD(kPa);WGATE_PRES(kPa);FUELSYS_A_PCTB1(%);FUELSYS_B_PCTB1(%)
0;616;-;-;-;-;-;-;-;-;-;-;-
0;616;61.0;-;-;-;-;-;-;-;-;-;-
10;617;61.0;53;-;-;-;-;-;-;-;-;-
24;617;61.0;53;3.92;-;-;-;-;-;-;-;-
41;618;61.0;53;3.92;10000.0;-;-;-;-;-;-;-
52;618;61.0;53;3.92;10000.0;2.34;-;-;-;-;-;-
60;619;61.0;53;3.92;10000.0;2.34;-0.78;-;-;-;-;-
68;619;62.0;53;3.92;10000.0;2.34;-0.78;51.37;-;-;-;-
82;620;62.0;53;3.92;10000.0;1.56;-0.78;51.37;98.9;-;-;-
91;620;62.0;53;3.53;10000.0;1.56;-0.78;51.37;98.9;98.0;-;-
100;621;62.0;53;3.53;10000.0;1.56;-0.78;51.37;98.9;98.0;0.00;100.00
117;621;62.0;53;3.53;10000.0;1.56;-0.78;51.37;98.9;98.0;0.00;100.00
132;621;62.0;53;3.53;10000.0;1.56;-0.78;51.37;98.9;98.0;0.00;100.00
141;621;62.0;53;3.53;10000.0;1.56;-0.78;51.37;98.9;98.0;0.00;100.00
150;621;62.0;53;3.53;10000.0;0.78;-0.78;51.37;98.9;98.0;0.00;100.00
161;621;62.0;53;3.53;10000.0;0.78;-0.78;51.37;98.9;98.0;0.00;100.00
170;621;62.0;53;3.53;10000.0;0.78;-0.78;51.37;98.9;98.0;0.00;100.00
181;621;62.0;53;3.53;10010.0;0.78;-0.78;51.37;98.9;98.0;0.00;100.00
190;621;61.0;53;3.53;10010.0;0.78;-0.78;51.37;98.9;98.0;0.00;100.00
201;621;61.0;53;3.53;10010.0;0.78;-0.78;51.37;98.9;98.0;0.00;100.00
213;621;61.0;53;3.53;10020.0;0.78;-0.78;51.37;98.9;98.0;0.00;100.00
229;621;61.0;53;3.53;10020.0;0.78;-0.78;51.37;98.9;98.0;0.00;100.00
248;621;61.0;53;3.53;10030.0;0.78;-0.78;51.37;98.9;98.0;0.00;100.00
260;621;61.0;53;3.53;10030.0;0.78;-1.56;51.37;98.9;98.0;0.00;100.00
268;621;61.0;53;3.53;10030.0;0.78;-1.56;51.37;98.9;98.0;0.00;100.00
278;620;61.0;53;3.53;10040.0;0.78;-1.56;51.37;98.9;98.0;0.00;100.00
291;620;61.0;53;3.53;10040.0;0.78;-1.56;51.37;98.9;98.0;0.00;100.00
299;620;61.0;53;3.53;10040.0;0.78;-1.56;51.37;98.9;98.0;0.00;100.00
308;619;61.0;53;3.53;10040.0;0.78;-1.56;51.37;98.9;98.0;0.00;100.00
321;619;62.0;53;3.53;10040.0;0.78;-1.56;51.37;98.9;98.0;0.00;100.00
330;619;62.0;53;3.53;10040.0;0.78;-1.56;51.37;98.9;98.0;0.00;100.00
340;619;62.0;53;3.53;10040.0;0.78;-1.56;51.37;98.9;98.0;0.00;100.00
349;618;62.0;53;3.53;10040.0;0.78;-1.56;51.37;98.9;98.0;0.00;100.00
369;618;62.0;53;3.53;10040.0;0.78;-1.56;51.37;98.9;98.0;0.00;100.00
380;618;62.0;53;3.53;10040.0;0.78;-2.34;51.37;98.9;98.0;0.00;100.00
389;618;62.0;53;3.53;10040.0;0.78;-2.34;51.37;98.9;98.0;0.00;100.00
401;618;62.0;53;3.53;10040.0;0.78;-2.34;51.37;98.9;98.0;0.00;100.00
410;619;62.0;53;3.53;10040.0;0.78;-2.34;51.37;98.9;98.0;0.00;100.00
421;619;62.0;53;3.53;10040.0;0.78;-2.34;51.37;98.9;98.0;0.00;100.00
429;619;62.0;53;3.53;10030.0;0.78;-2.34;51.37;98.9;98.0;0.00;100.00
442;619;61.0;53;3.53;10030.0;0.78;-2.34;51.37;98.9;98.0;0.00;100.00
452;619;61.0;53;3.53;10030.0;0.78;-2.34;51.37;98.9;98.0;0.00;100.00
460;620;61.0;53;3.53;10020.0;0.78;-2.34;51.37;98.9;98.0;0.00;100.00
469;620;61.0;53;3.53;10020.0;0.78;-2.34;51.37;98.9;98.0;0.00;100.00
485;620;61.0;53;3.53;10010.0;0.78;-2.34;51.37;98.9;98.0;0.00;100.00
501;620;61.0;53;3.53;10010.0;0.78;-1.56;51.37;98.9;98.0;0.00;100.00
510;619;61.0;53;3.53;10010.0;0.78;-1.56;51.37;98.9;98.0;0.00;100.00
522;619;61.0;53;3.53;10000.0;0.78;-1.56;51.37;98.9;98.0;0.00;100.00
531;619;61.0;53;3.53;10000.0;0.78;-1.56;51.37;98.9;98.0;0.00;100.00
540;619;61.0;53;3.53;10000.0;0.78;-1.56;51.37;98.9;98.0;0.00;100.00
549;618;61.0;53;3.53;10000.0;0.78;-1.56;51.37;98.9;98.0;0.00;100.00
558;618;60.0;53;3.53;10000.0;0.78;-1.56;51.37;98.9;98.0;0.00;100.00
568;618;60.0;53;3.53;10000.0;0.78;-1.56;51.37;98.9;98.0;0.00;100.00
582;618;60.0;53;3.53;10000.0;0.78;-1.56;51.37;98.9;98.0;0.00;100.00
589;617;60.0;53;3.53;10000.0;0.78;-1.56;51.37;98.9;98.0;0.00;100.00
608;617;60.0;53;3.53;10000.0;0.78;-1.56;51.37;98.9;98.0;0.00;100.00
622;618;60.0;53;3.53;10000.0;0.78;-1.56;51.37;98.9;98.0;0.00;100.00
630;618;60.0;53;3.53;10000.0;0.78;-1.56;51.76;98.9;98.0;0.00;100.00
639;619;60.0;53;3.53;10000.0;0.78;-1.56;51.76;98.9;98.0;0.00;100.00
650;619;60.0;53;3.53;10000.0;0.78;-1.56;51.76;98.9;98.0;0.00;100.00
661;620;60.0;53;3.53;10000.0;0.78;-1.56;51.76;98.9;98.0;0.00;100.00
670;620;60.0;53;3.53;10010.0;0.78;-1.56;51.76;98.9;98.0;0.00;100.00
680;621;60.0;53;3.53;10010.0;0.78;-1.56;51.76;98.9;98.0;0.00;100.00
689;621;60.0;53;3.53;10010.0;0.78;-1.56;51.76;98.9;98.0;0.00;100.00
699;622;60.0;53;3.53;10020.0;0.78;-1.56;51.76;98.9;98.0;0.00;100.00
709;622;60.0;53;3.53;10020.0;0.78;-1.56;51.76;98.9;98.0;0.00;100.00
727;623;60.0;53;3.53;10030.0;0.78;-1.56;51.76;98.9;98.0;0.00;100.00
743;623;60.0;53;3.53;10030.0;0.78;-1.56;51.76;98.9;98.0;0.00;100.00
762;623;60.0;53;3.53;10030.0;0.78;-1.56;51.37;98.9;98.0;0.00;100.00
768;623;60.0;53;3.53;10040.0;0.78;-1.56;51.37;98.9;98.0;0.00;100.00
780;623;60.0;53;3.53;10040.0;0.78;-1.56;51.37;98.9;98.0;0.00;100.00
790;623;60.0;53;3.53;10040.0;0.78;-1.56;51.37;98.9;98.0;0.00;100.00
801;623;60.0;53;3.53;10030.0;0.78;-1.56;51.37;98.9;98.0;0.00;100.00
810;623;61.0;53;3.53;10030.0;0.78;-1.56;51.37;98.9;98.0;0.00;100.00
822;623;61.0;53;3.53;10030.0;0.78;-1.56;51.37;98.9;98.0;0.00;100.00
830;623;61.0;53;3.53;10020.0;0.78;-1.56;51.37;98.9;98.0;0.00;100.00
839;623;61.0;53;3.53;10020.0;0.78;-1.56;51.37;98.9;98.0;0.00;100.00
859;623;61.0;53;3.53;10010.0;0.78;-1.56;51.37;98.9;98.0;0.00;100.00
871;624;61.0;53;3.53;10010.0;0.78;-1.56;51.37;98.9;98.0;0.00;100.00
878;624;61.0;53;3.53;10010.0;0.78;-1.56;51.37;98.9;98.0;0.00;100.00
890;624;61.0;53;3.53;10000.0;0.78;-1.56;51.37;98.9;98.0;0.00;100.00
900;625;61.0;53;3.53;10000.0;0.78;-1.56;51.37;98.9;98.0;0.00;100.00
910;625;61.0;53;3.53;10000.0;0.78;-1.56;51.37;98.9;98.0;0.00;100.00
924;626;61.0;53;3.53;10010.0;0.78;-1.56;51.37;98.9;98.0;0.00;100.00
940;626;61.0;53;3.53;10010.0;0.78;-1.56;51.37;98.9;98.0;0.00;100.00
949;627;61.0;53;3.53;10010.0;0.78;-1.56;51.37;98.9;98.0;0.00;100.00
962;627;61.0;53;3.53;10020.0;0.78;-1.56;51.37;98.9;98.0;0.00;100.00
971;627;61.0;53;3.53;10020.0;0.78;-1.56;51.37;98.9;98.0;0.00;100.00
986;628;61.0;53;3.53;10030.0;0.00;-1.56;51.37;98.9;98.0;0.00;100.00
1000;628;61.0;53;3.53;10030.0;0.00;-2.34;51.37;98.9;98.0;0.00;100.00
1010;628;61.0;53;3.53;10030.0;0.00;-2.34;50.98;98.9;98.0;0.00;100.00
1023;628;61.0;53;3.53;10040.0;0.00;-2.34;50.98;98.9;98.0;0.00;100.00
1031;629;61.0;53;3.53;10040.0;0.00;-2.34;50.98;98.9;97.5;0.00;100.00
1039;629;61.0;53;3.53;10040.0;0.00;-2.34;50.98;98.9;97.5;0.00;100.00
1050;629;61.0;53;3.53;10030.0;0.00;-2.34;50.98;98.9;97.5;0.00;100.00
1059;629;60.0;53;3.53;10030.0;0.00;-2.34;50.98;98.9;97.5;0.00;100.00
1069;630;60.0;53;3.53;10030.0;0.00;-2.34;50.98;98.9;97.5;0.00;100.00
1079;630;60.0;53;3.53;10020.0;0.00;-2.34;50.98;98.9;97.5;0.00;100.00
1090;630;60.0;53;3.53;10020.0;0.00;-2.34;50.98;98.9;97.5;0.00;100.00
1106;630;60.0;53;3.53;10010.0;0.00;-2.34;50.98;98.9;97.5;0.00;100.00
1121;631;60.0;53;3.53;10010.0;0.00;-2.34;50.98;98.9;97.5;0.00;100.00
1130;631;60.0;53;3.53;10010.0;0.00;-2.34;50.98;98.9;97.5;0.00;100.00
1141;631;60.0;53;3.53;10000.0;0.00;-2.34;50.98;98.9;97.5;0.00;100.00
1149;632;60.0;53;3.53;10000.0;0.00;-2.34;50.98;98.9;97.5;0.00;100.00
1161;632;60.0;53;3.53;10000.0;0.00;-2.34;50.98;98.9;97.5;0.00;100.00
1169;633;60.0;53;3.53;10010.0;0.00;-2.34;50.98;98.9;97.5;0.00;100.00
1179;633;60.0;53;3.53;10010.0;0.00;-2.34;50.98;98.9;97.5;0.00;100.00
1190;633;60.0;53;3.53;10010.0;0.00;-2.34;50.98;98.9;97.5;0.00;100.00
1198;634;60.0;53;3.53;10020.0;0.00;-2.34;50.98;98.9;97.5;0.00;100.00
1211;634;60.0;53;3.53;10020.0;0.00;-2.34;50.59;98.9;97.5;0.00;100.00
1227;635;60.0;53;3.53;10030.0;0.00;-2.34;50.59;98.9;97.5;0.00;100.00
1240;634;60.0;53;3.53;10030.0;0.00;-1.56;50.59;98.9;97.5;0.00;100.00
1251;634;60.0;53;3.53;10030.0;0.00;-1.56;50.59;98.9;97.5;0.00;100.00
1260;634;60.0;53;3.53;10040.0;0.00;-1.56;50.59;98.9;97.5;0.00;100.00
1270;634;59.0;53;3.53;10040.0;0.00;-1.56;50.59;98.9;98.0;0.00;100.00
1279;633;59.0;53;3.53;10040.0;0.00;-1.56;50.20;98.9;98.0;0.00;100.00
1291;633;59.0;53;3.53;10040.0;0.00;-1.56;50.20;98.9;98.0;0.00;100.00
1301;633;59.0;53;3.53;10040.0;0.00;-1.56;50.20;98.9;98.0;0.00;100.00
1311;633;59.0;53;3.53;10040.0;0.00;-1.56;50.20;98.9;98.0;0.00;100.00
1323;633;59.0;53;3.53;10040.0;0.00;-1.56;50.20;98.9;98.0;0.00;100.00
1330;632;58.0;53;3.53;10040.0;0.00;-1.56;50.20;98.9;98.0;0.00;100.00
1345;632;58.0;53;3.53;10040.0;0.00;-1.56;50.20;98.9;98.0;0.00;100.00
1360;632;58.0;53;3.53;10040.0;0.00;-1.56;50.20;98.9;98.0;0.00;100.00
1369;632;58.0;53;3.53;10040.0;0.00;-1.56;49.80;98.9;98.0;0.00;100.00
1381;631;58.0;53;3.53;10040.0;0.00;-1.56;49.80;98.9;98.0;0.00;100.00
1390;631;58.0;53;3.53;10040.0;0.00;-1.56;49.80;98.9;98.0;0.00;100.00
1399;631;58.0;53;3.53;10040.0;0.00;-1.56;49.80;98.9;98.0;0.00;100.00
1410;630;58.0;53;3.53;10040.0;0.00;-1.56;49.80;98.9;98.0;0.00;100.00
1422;630;58.0;53;3.53;10040.0;0.00;-1.56;49.80;98.9;98.0;0.00;100.00
1431;630;58.0;53;3.53;10040.0;0.00;-1.56;49.80;98.9;98.0;0.00;100.00
1440;630;58.0;53;3.53;10040.0;0.00;-1.56;49.80;98.9;98.0;0.00;100.00
1451;629;58.0;53;3.53;10040.0;0.00;-1.56;49.80;98.9;98.0;0.00;100.00
1466;629;58.0;53;3.53;10040.0;-0.78;-1.56;49.80;98.9;98.0;0.00;100.00
1479;629;58.0;53;3.53;10040.0;-0.78;-1.56;49.80;98.9;98.0;0.00;100.00
1489;628;58.0;53;3.53;10040.0;-0.78;-1.56;50.20;98.9;98.0;0.00;100.00
1501;628;58.0;53;3.53;10040.0;-0.78;-1.56;50.20;98.9;98.0;0.00;100.00
1511;627;59.0;53;3.53;10040.0;-0.78;-1.56;50.20;98.9;98.0;0.00;100.00
1523;627;59.0;53;3.53;10040.0;-0.78;-1.56;50.20;98.9;98.0;0.00;100.00
1530;627;59.0;53;3.53;10040.0;-0.78;-1.56;50.20;98.9;98.0;0.00;100.00
1540;626;59.0;53;3.53;10040.0;-0.78;-1.56;50.20;98.9;98.0;0.00;100.00
1551;626;59.0;53;3.53;10040.0;-0.78;-1.56;50.20;98.9;98.0;0.00;100.00
1561;625;59.0;53;3.92;10040.0;-0.78;-1.56;50.20;98.9;98.0;0.00;100.00
1570;625;60.0;53;3.92;10040.0;-0.78;-1.56;50.20;98.9;98.0;0.00;100.00
1586;625;60.0;53;3.92;10040.0;-0.78;-1.56;50.20;98.9;98.0;0.00;100.00
1599;624;60.0;53;3.92;10040.0;-0.78;-1.56;50.20;98.9;98.0;0.00;100.00
1609;624;60.0;53;3.92;10040.0;-0.78;-1.56;50.20;98.9;98.0;0.00;100.00
1622;624;60.0;53;3.92;10040.0;-0.78;-1.56;50.20;98.9;98.0;0.00;100.00
1631;624;60.0;53;3.92;10040.0;-0.78;-1.56;50.20;98.9;98.0;0.00;100.00
1640;624;60.0;53;3.92;10040.0;-0.78;-1.56;50.20;98.9;98.0;0.00;100.00
1651;623;60.0;53;3.92;10040.0;-0.78;-1.56;50.20;98.9;98.0;0.00;100.00
1660;623;61.0;53;3.92;10040.0;-0.78;-1.56;50.20;98.9;98.0;0.00;100.00
1671;623;61.0;53;3.92;10040.0;-0.78;-1.56;50.20;98.9;98.0;0.00;100.00
1678;623;61.0;53;3.92;10040.0;-0.78;-1.56;50.20;98.9;98.0;0.00;100.00
1690;623;61.0;53;3.92;10040.0;-0.78;-1.56;50.20;98.9;98.0;0.00;100.00
1706;622;61.0;53;3.92;10040.0;-0.78;-1.56;50.20;98.9;98.0;0.00;100.00
1722;622;61.0;53;3.92;10040.0;-0.78;-1.56;50.20;98.9;98.0;0.00;100.00
1730;622;61.0;53;3.92;10040.0;-0.78;-1.56;50.59;98.9;98.0;0.00;100.00
1750;622;61.0;53;3.92;10040.0;-0.78;-1.56;50.59;98.9;98.0;0.00;100.00
1761;622;61.0;53;3.92;10040.0;-0.78;-1.56;50.59;98.9;98.0;0.00;100.00
1769;621;61.0;53;3.92;10040.0;-0.78;-1.56;50.59;98.9;98.0;0.00;100.00
1782;621;61.0;53;3.92;10040.0;-0.78;-1.56;50.59;98.9;98.0;0.00;100.00
1790;621;61.0;53;3.92;10040.0;-0.78;-1.56;50.59;98.9;98.0;0.00;100.00
1799;621;61.0;53;3.92;10040.0;-0.78;-1.56;50.59;98.9;98.0;0.00;100.00
1811;621;61.0;53;3.53;10040.0;-0.78;-1.56;50.59;98.9;98.0;0.00;100.00
1822;621;61.0;53;3.53;10040.0;-0.78;-1.56;50.98;98.9;98.0;0.00;100.00
1837;620;61.0;53;3.53;10040.0;-0.78;-1.56;50.98;98.9;98.0;0.00;100.00
1849;620;61.0;53;3.53;10040.0;-0.78;-1.56;50.98;98.9;98.0;0.00;100.00
1860;620;61.0;53;3.53;10040.0;-0.78;-1.56;50.98;98.9;98.0;0.00;100.00
1870;620;61.0;53;3.53;10040.0;-0.78;-1.56;50.98;98.9;98.0;0.00;100.00
1879;620;61.0;53;3.53;10040.0;-0.78;-1.56;50.98;98.9;98.0;0.00;100.00
1890;620;61.0;53;3.53;10040.0;-0.78;-1.56;51.37;98.9;98.0;0.00;100.00
1901;619;61.0;53;3.53;10040.0;-0.78;-1.56;51.37;98.9;98.0;0.00;100.00
1910;619;60.0;53;3.53;10040.0;-0.78;-1.56;51.37;98.9;98.0;0.00;100.00
1919;619;60.0;53;3.53;10040.0;-0.78;-1.56;51.37;98.9;98.0;0.00;100.00
1931;619;60.0;53;3.92;10040.0;-0.78;-1.56;51.37;98.9;98.0;0.00;100.00
1940;619;60.0;53;3.92;10040.0;-0.78;-1.56;51.37;98.9;98.0;0.00;100.00
1958;619;60.0;53;3.92;10040.0;0.00;-1.56;51.37;98.9;98.0;0.00;100.00
1971;619;60.0;53;3.92;10040.0;0.00;-1.56;51.37;98.9;98.0;0.00;100.00
1980;619;60.0;53;3.92;10040.0;0.00;-1.56;51.76;98.9;98.0;0.00;100.00
1991;619;60.0;53;3.92;10040.0;0.00;-1.56;51.76;98.9;98.0;0.00;100.00
2000;619;60.0;53;3.92;10040.0;0.00;-1.56;51.76;98.9;97.5;0.00;100.00
2010;619;60.0;53;3.92;10040.0;0.00;-1.56;51.76;98.9;97.5;0.00;100.00
2020;619;60.0;53;3.92;10040.0;0.00;-1.56;51.76;98.9;97.5;0.00;100.00
2030;619;61.0;53;3.92;10040.0;0.00;-1.56;51.76;98.9;97.5;0.00;100.00
2041;619;61.0;53;3.92;10040.0;0.00;-1.56;51.76;98.9;97.5;0.00;100.00
2051;619;61.0;53;3.53;10040.0;0.00;-1.56;51.76;98.9;97.5;0.00;100.00
2060;619;61.0;53;3.53;10040.0;0.00;-1.56;51.76;98.9;97.5;0.00;100.00
2079;619;61.0;53;3.53;10040.0;0.78;-1.56;51.76;98.9;97.5;0.00;100.00
2090;619;61.0;53;3.53;10040.0;0.78;-1.56;51.76;98.9;97.5;0.00;100.00
2100;618;61.0;53;3.53;10040.0;0.78;-1.56;51.76;98.9;97.5;0.00;100.00
2109;618;61.0;53;3.53;10040.0;0.78;-1.56;51.76;98.9;97.5;0.00;100.00
2122;618;61.0;53;3.53;10040.0;0.78;-1.56;51.76;98.9;97.5;0.00;100.00
2131;618;61.0;53;3.53;10040.0;0.78;-1.56;51.76;98.9;97.5;0.00;100.00
2142;618;61.0;53;3.53;10040.0;0.78;-1.56;51.76;98.9;97.5;0.00;100.00
2149;617;62.0;53;3.53;10040.0;0.78;-1.56;51.76;98.9;97.5;0.00;100.00
2159;617;62.0;53;3.53;10040.0;0.78;-1.56;51.76;98.9;97.5;0.00;100.00
2170;617;62.0;53;3.53;10040.0;0.78;-1.56;51.76;98.9;97.5;0.00;100.00
2179;617;62.0;53;3.53;10040.0;0.78;-1.56;51.76;98.9;97.5;0.00;100.00
2196;616;62.0;53;3.53;10040.0;1.56;-1.56;51.76;98.9;97.5;0.00;100.00
2210;616;62.0;53;3.53;10040.0;1.56;-1.56;51.76;98.9;97.5;0.00;100.00
2219;616;62.0;53;3.53;10040.0;1.56;-1.56;51.76;98.9;97.5;0.00;100.00
2231;616;62.0;53;3.53;10040.0;1.56;-1.56;51.76;98.9;97.5;0.00;100.00
2239;616;62.0;53;3.53;10040.0;1.56;-1.56;51.76;98.9;98.0;0.00;100.00
2249;616;62.0;53;3.53;10040.0;1.56;-1.56;51.76;98.9;98.0;0.00;100.00
2261;616;62.0;53;3.53;10040.0;1.56;-1.56;51.76;98.9;98.0;0.00;100.00
2269;616;61.0;53;3.53;10040.0;1.56;-1.56;51.76;98.9;98.0;0.00;100.00
2279;616;61.0;53;3.53;10040.0;1.56;-1.56;51.76;98.9;98.0;0.00;100.00
2292;616;61.0;53;3.53;10040.0;1.56;-1.56;51.76;98.9;98.0;0.00;100.00
2300;616;61.0;53;3.53;10040.0;1.56;-1.56;51.76;98.9;98.0;0.00;100.00
2321;616;61.0;53;3.53;10040.0;2.34;-1.56;51.76;98.9;98.0;0.00;100.00
2332;616;61.0;53;3.53;10040.0;2.34;-1.56;51.76;98.9;98.0;0.00;100.00
2340;616;61.0;53;3.53;10040.0;2.34;-1.56;51.76;98.9;98.0;0.00;100.00
2351;616;61.0;53;3.53;10040.0;2.34;-1.56;51.76;98.9;98.0;0.00;100.00
2362;616;61.0;53;3.53;10040.0;2.34;-1.56;51.76;98.9;97.5;0.00;100.00
2369;616;61.0;53;3.53;10040.0;2.34;-1.56;51.76;98.9;97.5;0.00;100.00
2381;616;61.0;53;3.53;10040.0;2.34;-1.56;51.76;98.9;97.5;0.00;100.00
2391;616;60.0;53;3.53;10040.0;2.34;-1.56;51.76;98.9;97.5;0.00;100.00
2401;616;60.0;53;3.53;10040.0;2.34;-1.56;51.76;98.9;97.5;0.00;100.00
2409;616;60.0;53;3.53;10040.0;2.34;-1.56;51.76;98.9;97.5;0.00;100.00
2422;616;60.0;53;3.53;10040.0;2.34;-1.56;51.76;98.9;97.5;0.00;100.00
2439;616;60.0;53;3.53;10040.0;2.34;-1.56;51.76;98.9;97.5;0.00;100.00
2450;617;60.0;53;3.53;10040.0;2.34;-1.56;51.76;98.9;97.5;0.00;100.00
2459;617;60.0;53;3.53;10040.0;2.34;-1.56;51.76;98.9;97.5;0.00;100.00
2471;617;60.0;53;3.53;10040.0;2.34;-1.56;51.76;98.9;97.5;0.00;100.00
2482;617;60.0;53;3.53;10040.0;2.34;-1.56;51.76;98.9;98.0;0.00;100.00
2491;617;60.0;53;3.53;10040.0;2.34;-1.56;51.76;98.9;98.0;0.00;100.00
2502;617;60.0;53;3.53;10040.0;2.34;-1.56;51.76;98.9;98.0;0.00;100.00
2510;617;61.0;53;3.53;10040.0;2.34;-1.56;51.76;98.9;98.0;0.00;100.00
2520;617;61.0;53;3.53;10040.0;2.34;-1.56;51.76;98.9;98.0;0.00;100.00
2533;618;61.0;53;3.53;10040.0;2.34;-1.56;51.76;98.9;98.0;0.00;100.00
2540;618;61.0;53;3.53;10040.0;2.34;-1.56;51.76;98.9;98.0;0.00;100.00
2559;618;61.0;53;3.53;10040.0;1.56;-1.56;51.76;98.9;98.0;0.00;100.00
2571;618;61.0;53;3.53;10040.0;1.56;-0.78;51.76;98.9;98.0;0.00;100.00
2583;617;61.0;53;3.53;10040.0;1.56;-0.78;51.37;98.9;98.0;0.00;100.00
2599;617;61.0;53;3.53;10040.0;1.56;-0.78;51.37;98.9;98.0;0.00;100.00
2611;617;61.0;53;3.53;10040.0;1.56;-0.78;51.37;98.9;98.0;0.00;100.00
2622;617;61.0;53;3.53;10040.0;1.56;-0.78;51.37;98.9;98.0;0.00;100.00
2630;617;61.0;53;3.53;10040.0;1.56;-0.78;51.37;98.9;98.0;0.00;100.00
2639;616;61.0;53;3.53;10040.0;1.56;-0.78;51.37;98.9;98.0;0.00;100.00
2652;616;61.0;53;3.53;10040.0;0.78;-0.78;51.37;98.9;98.0;0.00;100.00
2660;616;61.0;53;3.53;10040.0;0.78;-0.78;51.37;98.9;98.0;0.00;100.00
2671;616;61.0;53;3.53;10040.0;0.78;-0.78;51.37;98.9;98.0;0.00;100.00
2687;616;61.0;53;3.53;10040.0;0.78;-0.78;51.37;98.9;98.0;0.00;100.00
2700;615;61.0;53;3.53;10040.0;0.78;-0.78;51.37;98.9;98.0;0.00;100.00
2710;614;61.0;53;3.53;10040.0;0.78;-0.78;51.37;98.9;98.0;0.00;100.00
2723;613;61.0;53;3.53;10040.0;0.00;-0.78;51.37;98.9;98.0;0.00;100.00
2739;613;61.0;53;3.53;10040.0;0.00;-0.78;51.37;98.9;98.0;0.00;100.00
2751;612;61.0;53;3.53;10040.0;0.00;-0.78;51.37;98.9;98.0;0.00;100.00
2759;611;61.0;53;3.53;10040.0;0.00;-0.78;51.37;98.9;98.0;0.00;100.00
2771;610;61.0;53;3.53;10040.0;0.00;-0.78;51.37;98.9;98.0;0.00;100.00
2781;610;61.0;53;3.53;10040.0;0.00;-0.78;51.37;98.9;98.0;0.00;100.00
2790;609;61.0;53;3.53;10040.0;0.00;-0.78;51.37;98.9;98.0;0.00;100.00
2799;608;61.0;53;3.53;10040.0;0.00;-0.78;51.37;98.9;98.0;0.00;100.00
2818;607;61.0;53;3.53;10040.0;0.00;-0.78;51.37;98.9;98.0;0.00;100.00
2832;607;61.0;53;3.53;10040.0;0.00;0.00;51.37;98.9;98.0;0.00;100.00
2842;607;62.0;53;3.53;10040.0;0.00;0.00;51.76;98.9;98.0;0.00;100.00
2862;606;63.0;53;3.53;10040.0;0.00;0.00;51.76;98.9;98.0;0.00;100.00
2871;606;64.0;53;3.92;10040.0;0.00;0.00;51.76;98.9;98.0;0.00;100.00
2880;605;65.0;53;4.31;10040.0;0.00;0.00;51.76;98.9;98.0;0.00;100.00
2891;605;66.0;53;4.71;10040.0;0.00;0.00;51.76;98.9;98.0;0.00;100.00
2900;604;66.0;53;5.10;10040.0;0.00;0.00;51.76;98.9;98.0;0.00;100.00
2911;604;67.0;53;5.49;10040.0;0.00;0.00;53.33;98.9;98.0;0.00;100.00
2921;603;68.0;53;5.49;10040.0;0.00;0.00;54.90;98.9;98.0;0.00;100.00
2931;603;69.0;53;5.88;10040.0;0.00;0.00;56.08;98.9;98.0;0.00;100.00
2947;603;70.0;53;6.27;10040.0;0.00;0.00;57.65;98.9;98.0;0.00;100.00
2961;605;71.0;53;6.67;10040.0;0.00;-0.78;59.22;98.9;98.0;0.00;100.00
2969;607;72.0;53;7.06;10040.0;0.00;-0.78;60.78;98.9;98.0;0.00;100.00
2981;609;72.0;53;7.45;10040.0;0.00;-0.78;62.35;98.9;98.0;0.00;100.00
2991;612;73.0;53;7.45;10040.0;0.00;-0.78;63.92;98.9;98.0;0.00;100.00
3002;614;73.0;53;7.06;10040.0;0.00;-0.78;65.10;98.9;98.0;0.00;100.00
3011;616;74.0;53;7.06;10040.0;0.00;-0.78;66.67;98.9;98.0;0.00;100.00
3021;618;74.0;53;6.67;10040.0;0.00;-0.78;68.24;98.9;98.0;0.00;100.00
3029;620;75.0;53;6.67;10040.0;0.00;-0.78;68.63;98.9;98.0;0.00;100.00
3042;623;75.0;53;6.27;10040.0;0.00;-0.78;69.02;98.9;98.0;0.00;100.00
3051;625;76.0;53;6.27;10040.0;0.00;-0.78;69.02;98.9;98.0;0.00;100.00
3065;627;76.0;53;5.88;10040.0;0.00;-0.78;69.41;98.9;98.0;0.00;100.00
3080;635;77.0;53;5.88;10040.0;0.00;-0.78;69.80;98.9;98.0;0.00;100.00
3092;642;77.0;53;5.49;10040.0;0.00;-0.78;70.20;98.9;98.0;0.00;100.00
3100;649;77.0;53;5.49;10040.0;0.00;-0.78;70.59;98.9;98.0;0.00;100.00
3112;657;77.0;53;5.49;10040.0;0.00;-0.78;70.98;98.9;98.0;0.00;100.00
3121;664;77.0;53;5.49;10040.0;0.00;-0.78;70.98;98.9;98.0;0.00;100.00
3131;671;77.0;53;5.49;10040.0;0.00;-0.78;71.37;98.9;98.0;0.00;100.00
3141;679;77.0;53;5.49;10040.0;0.00;-0.78;71.76;98.9;98.0;0.00;100.00
3150;686;77.0;53;5.49;10040.0;0.00;-0.78;71.76;98.9;98.0;0.00;100.00
3162;694;77.0;53;5.49;10040.0;0.00;-0.78;71.37;98.9;98.0;0.00;100.00
3171;701;77.0;53;5.49;10040.0;0.00;-0.78;71.37;98.9;98.0;0.00;100.00
3187;708;77.0;53;5.49;10040.0;0.00;-0.78;71.37;98.9;98.0;0.00;100.00
3202;715;77.0;53;5.49;10040.0;0.00;-1.56;70.98;98.9;98.0;0.00;100.00
3212;721;77.0;53;5.49;10040.0;0.00;-1.56;70.98;98.9;98.0;0.00;100.00
3220;728;76.0;53;5.49;10040.0;0.00;-1.56;70.59;98.9;98.0;0.00;100.00
3231;734;76.0;53;5.49;10040.0;0.00;-1.56;70.59;98.9;98.0;0.00;100.00
3241;741;76.0;53;5.49;10040.0;0.00;-1.56;70.59;98.9;98.0;0.00;100.00
3250;748;75.0;53;5.49;10040.0;0.00;-1.56;70.20;98.9;98.0;0.00;100.00
3261;754;75.0;53;5.49;10040.0;0.00;-1.56;70.20;98.9;98.0;0.00;100.00
3270;761;74.0;53;5.49;10040.0;0.00;-1.56;69.80;98.9;98.0;0.00;100.00
3282;767;74.0;53;5.49;10040.0;0.00;-1.56;69.80;98.9;98.0;0.00;100.00
3291;774;74.0;53;5.49;10040.0;0.00;-1.56;69.41;98.9;98.0;0.00;100.00
3308;780;73.0;53;5.49;10040.0;0.78;-1.56;69.02;98.9;98.0;0.00;100.00
3322;785;73.0;53;5.49;10040.0;0.78;-0.78;68.63;98.9;98.0;0.00;100.00
3330;790;73.0;53;5.49;10040.0;0.78;-0.78;68.63;98.9;98.0;0.00;100.00
3342;795;73.0;53;5.49;10040.0;0.78;-0.78;68.24;98.9;98.0;0.00;100.00
3350;801;73.0;53;5.49;10040.0;0.78;-0.78;67.84;98.9;98.0;0.00;100.00
3362;806;73.0;53;5.49;10040.0;0.78;-0.78;67.45;98.9;98.0;0.00;100.00
3368;811;73.0;53;5.88;10040.0;0.78;-0.78;67.45;98.9;98.0;0.00;100.00
3381;816;72.0;53;5.88;10040.0;0.78;-0.78;67.06;98.9;98.0;0.00;100.00
3391;821;72.0;53;5.88;10040.0;1.56;-0.78;66.67;98.9;98.0;0.00;100.00
3400;826;72.0;53;5.88;10040.0;1.56;-0.78;65.88;98.9;98.0;0.00;100.00
3409;831;72.0;53;5.88;10040.0;1.56;-0.78;65.49;98.9;98.0;0.00;100.00
3426;836;72.0;53;5.88;10040.0;1.56;-0.78;65.10;98.9;98.0;0.00;100.00
3440;840;72.0;53;6.27;10040.0;1.56;0.00;64.31;98.9;98.0;0.00;100.00
3452;843;72.0;53;6.27;10040.0;1.56;0.00;63.92;98.9;98.0;0.00;100.00
3460;846;72.0;53;6.27;10040.0;2.34;0.00;63.14;98.9;98.0;0.00;100.00
3471;850;72.0;53;6.27;10040.0;2.34;0.00;62.75;98.9;98.0;0.00;100.00
3481;853;72.0;53;6.27;10040.0;2.34;0.00;62.35;98.9;98.0;0.00;100.00
3491;856;72.0;53;6.27;10040.0;2.34;0.00;61.57;98.9;98.0;0.00;100.00
3501;860;73.0;53;6.27;10040.0;1.56;0.00;61.18;98.9;98.0;0.00;100.00
3510;863;73.0;53;6.27;10040.0;1.56;0.00;61.18;98.9;98.0;0.00;100.00
3521;866;73.0;53;6.27;10040.0;1.56;0.00;60.78;98.9;98.0;0.00;100.00
3532;870;73.0;53;6.27;10040.0;1.56;0.00;60.78;98.9;98.0;0.00;100.00
3557;873;73.0;53;6.27;10040.0;0.78;0.00;60.78;98.9;98.0;0.00;100.00
3569;875;73.0;53;6.27;10040.0;0.78;0.00;60.39;98.9;98.0;0.00;100.00
3581;877;73.0;53;6.27;10040.0;0.78;0.00;60.39;98.9;98.0;0.00;100.00
3591;879;73.0;53;6.27;10040.0;0.78;0.00;60.00;98.9;98.0;0.00;100.00
3600;880;73.0;53;6.27;10040.0;0.00;0.00;60.00;98.9;98.0;0.00;100.00
3612;882;73.0;53;6.27;10040.0;0.00;0.00;60.00;98.9;98.0;0.00;100.00
3621;884;73.0;53;6.27;10040.0;0.00;0.00;59.61;98.9;98.0;0.00;100.00
3628;886;72.0;53;6.27;10040.0;0.00;0.00;59.61;98.9;98.0;0.00;100.00
3641;887;72.0;53;6.27;10040.0;0.00;0.00;59.61;98.9;98.0;0.00;100.00
3649;889;72.0;53;6.67;10040.0;0.00;0.00;59.61;98.9;98.0;0.00;100.00
3659;891;72.0;53;6.67;10040.0;0.00;0.00;59.61;98.9;98.0;0.00;100.00
3676;893;72.0;53;6.67;10040.0;-0.78;0.00;59.61;98.9;98.0;0.00;100.00
3693;896;72.0;53;6.67;10040.0;-0.78;0.00;59.61;98.9;98.0;0.00;100.00
3712;900;72.0;53;6.67;10040.0;-0.78;0.00;59.22;98.9;98.0;0.00;100.00
3720;903;72.0;53;6.67;10040.0;-0.78;0.00;59.22;98.9;98.0;0.00;100.00
3729;907;72.0;53;6.67;10040.0;-0.78;0.00;59.22;98.9;97.5;0.00;100.00
3751;910;72.0;53;6.67;10040.0;-0.78;0.00;59.22;98.9;97.5;0.00;100.00
3759;914;72.0;53;6.67;10040.0;-0.78;0.00;59.22;98.9;97.5;0.00;100.00
3769;918;72.0;53;6.67;10040.0;-0.78;0.00;59.22;98.9;97.5;0.00;100.00
3778;921;72.0;53;6.67;10040.0;-0.78;0.00;59.22;98.9;97.5;0.00;100.00
3791;925;72.0;53;6.67;10040.0;-0.78;0.00;59.22;98.9;97.5;0.00;100.00
3800;928;72.0;53;6.67;10040.0;-0.78;0.00;59.22;98.9;97.5;0.00;100.00
3817;932;72.0;53;6.67;10040.0;-0.78;0.00;59.22;98.9;97.5;0.00;100.00
3832;933;72.0;53;6.67;10040.0;-0.78;0.78;59.22;98.9;97.5;0.00;100.00
3841;935;72.0;53;6.67;10040.0;-0.78;0.78;59.22;98.9;97.5;0.00;100.00
3850;936;72.0;53;6.67;10040.0;-0.78;0.78;59.22;98.9;97.5;0.00;100.00
3859;938;72.0;53;6.67;10040.0;-0.78;0.78;59.22;98.9;97.0;0.00;100.00
3871;939;72.0;53;7.06;10040.0;-0.78;0.78;59.22;98.9;97.0;0.00;100.00
3879;941;72.0;53;7.06;10040.0;-0.78;0.78;59.22;98.9;97.0;0.00;100.00
3888;943;72.0;53;7.06;10040.0;-0.78;0.78;59.22;98.9;97.0;0.00;100.00
3899;944;72.0;53;7.06;10040.0;-0.78;0.78;59.22;98.9;97.0;0.00;100.00
3908;946;72.0;53;7.45;10040.0;-0.78;0.78;59.22;98.9;97.0;0.00;100.00
3921;947;72.0;53;7.45;10040.0;-0.78;0.78;59.61;98.9;96.5;0.00;100.00
3937;949;72.0;53;7.45;10040.0;-1.56;0.78;59.61;98.9;96.0;0.00;100.00
3951;952;72.0;53;7.45;10040.0;-1.56;0.78;59.61;98.9;96.0;0.00;100.00
3960;954;72.0;53;7.84;10040.0;-1.56;0.78;59.61;98.9;95.5;0.00;100.00
3971;957;72.0;53;7.84;10040.0;-1.56;0.78;59.61;98.9;95.0;0.00;100.00
3981;960;73.0;53;7.84;10040.0;-1.56;0.78;59.61;98.9;94.5;0.00;100.00
3992;963;73.0;53;7.84;10040.0;-1.56;0.78;60.00;98.9;94.0;0.00;100.00
4000;966;73.0;53;7.84;10040.0;-1.56;0.78;60.00;98.9;93.5;0.00;100.00
4012;968;73.0;53;7.84;10040.0;-1.56;0.78;60.00;98.9;93.5;0.00;100.00
4032;971;73.0;53;7.84;10040.0;-1.56;0.78;60.00;98.9;93.0;0.00;100.00
4042;974;73.0;53;7.84;10040.0;-1.56;0.78;60.39;98.9;92.5;0.00;100.00
4051;977;74.0;53;7.84;10040.0;-1.56;0.78;60.39;98.9;92.0;0.00;100.00
4066;980;74.0;53;7.84;10040.0;-1.56;0.78;60.78;98.9;91.5;0.00;100.00
4082;983;74.0;53;7.84;10040.0;-1.56;1.56;60.78;98.9;91.0;0.00;100.00
4090;987;74.0;53;7.84;10040.0;-1.56;1.56;61.18;98.9;90.5;0.00;100.00
4101;991;75.0;53;7.84;10040.0;-1.56;1.56;61.18;98.9;90.0;0.00;100.00
4110;994;75.0;53;7.84;10040.0;-1.56;1.56;61.57;98.9;90.0;0.00;100.00
4121;998;75.0;53;7.84;10040.0;-1.56;1.56;61.57;98.9;89.5;0.00;100.00
4130;1002;76.0;53;7.84;10040.0;-1.56;1.56;61.96;98.9;89.0;0.00;100.00
4141;1005;76.0;53;7.84;10040.0;-1.56;1.56;61.96;98.9;88.5;0.00;100.00
4150;1009;77.0;53;7.84;10040.0;-1.56;1.56;61.96;98.9;88.0;0.00;100.00
4161;1013;77.0;53;8.24;10040.0;-1.56;1.56;61.96;98.9;87.5;0.00;100.00
4168;1016;77.0;53;8.24;10040.0;-1.56;1.56;61.96;98.9;86.5;0.00;100.00
4185;1020;78.0;53;8.24;10040.0;-0.78;1.56;61.96;98.9;86.0;0.00;100.00
4200;1024;78.0;53;8.24;10040.0;-0.78;1.56;61.96;99.0;85.0;0.00;100.00
4211;1027;79.0;53;8.24;10040.0;-0.78;1.56;62.35;99.0;84.0;0.00;100.00
4220;1030;79.0;53;8.24;10040.0;-0.78;1.56;62.35;99.0;83.5;0.00;100.00
4232;1034;80.0;53;8.63;10040.0;-0.78;1.56;62.35;99.0;82.5;0.00;100.00
4241;1037;81.0;53;9.02;10040.0;-0.78;1.56;62.35;99.1;82.0;0.00;100.00
4250;1041;82.0;53;9.02;10050.0;-0.78;1.56;62.35;99.1;81.0;0.00;100.00
4261;1044;82.0;53;9.41;10050.0;-0.78;1.56;62.35;99.1;80.0;0.00;100.00
4270;1048;83.0;53;9.80;10050.0;0.00;1.56;62.35;99.1;79.5;0.00;100.00
4282;1051;84.0;53;10.20;10050.0;0.00;1.56;62.75;99.2;78.5;0.00;100.00
4291;1055;85.0;53;10.59;10060.0;0.00;1.56;62.75;99.2;78.0;0.00;100.00
4307;1058;85.0;53;10.98;10060.0;0.00;1.56;62.75;99.2;77.0;0.00;100.00
4321;1066;86.0;53;10.98;10060.0;0.00;2.34;62.75;99.2;76.5;0.00;100.00
4330;1074;86.0;53;11.37;10060.0;0.00;2.34;63.14;99.2;75.5;0.00;100.00
4341;1083;85.0;53;11.76;10070.0;0.78;2.34;63.14;99.2;75.0;0.00;100.00
4348;1091;85.0;53;11.76;10070.0;0.78;2.34;63.14;99.3;74.0;0.00;100.00
4359;1099;84.0;53;11.76;10070.0;0.78;2.34;63.14;99.3;73.5;0.00;100.00
4368;1107;84.0;53;11.37;10060.0;0.78;2.34;63.53;99.3;72.5;0.00;100.00
4382;1115;83.0;53;11.37;10060.0;0.78;2.34;63.53;99.3;72.0;0.00;100.00
4392;1123;83.0;53;11.37;10060.0;0.78;2.34;62.75;99.3;71.0;0.00;100.00
4401;1131;82.0;53;11.37;10060.0;0.78;2.34;62.35;99.3;70.5;0.00;100.00
4412;1139;82.0;53;11.37;10050.0;0.78;2.34;61.57;99.3;70.0;0.00;100.00
4435;1148;81.0;53;11.37;10050.0;0.78;2.34;61.18;99.3;69.5;0.00;100.00
4450;1155;81.0;53;10.98;10050.0;0.78;2.34;60.39;99.3;69.0;0.00;100.00
4461;1163;81.0;53;10.98;10050.0;0.78;2.34;60.00;99.3;68.5;0.00;100.00
4473;1170;80.0;53;10.98;10040.0;0.78;2.34;59.22;99.3;68.0;0.00;100.00
4488;1178;80.0;53;10.98;10040.0;0.78;2.34;58.82;99.3;67.0;0.00;100.00
4502;1186;80.0;53;10.98;10040.0;0.78;2.34;58.04;99.3;66.5;0.00;100.00
4511;1193;80.0;53;10.59;10050.0;0.78;2.34;57.65;99.3;66.0;0.00;100.00
4522;1201;79.0;53;10.59;10050.0;0.78;2.34;56.86;99.4;65.5;0.00;100.00
4531;1208;79.0;53;10.59;10050.0;0.78;2.34;56.47;99.4;65.0;0.00;100.00
4540;1216;79.0;53;10.59;10050.0;0.78;2.34;56.08;99.4;64.5;0.00;100.00
4550;1224;79.0;53;10.59;10060.0;0.78;2.34;56.08;99.4;64.0;0.00;100.00
4566;1231;78.0;53;10.59;10060.0;0.78;2.34;55.69;99.4;63.0;0.00;100.00
4583;1234;78.0;53;10.20;10060.0;0.78;2.34;55.29;99.4;62.5;0.00;100.00
4601;1238;78.0;53;10.20;10060.0;0.78;2.34;54.90;99.4;62.0;0.00;100.00
4611;1241;78.0;53;10.20;10070.0;0.78;2.34;54.51;99.4;61.0;0.00;100.00
4623;1244;78.0;53;10.20;10070.0;0.78;2.34;54.12;99.4;60.5;0.00;100.00
4640;1248;78.0;53;10.20;10070.0;0.78;2.34;54.12;99.4;59.5;0.00;100.00
4652;1251;78.0;53;10.20;10060.0;0.78;2.34;53.73;99.4;59.0;0.00;100.00
4662;1254;78.0;53;10.20;10060.0;1.56;2.34;53.33;99.4;58.5;0.00;100.00
4681;1257;78.0;53;10.20;10060.0;1.56;2.34;53.33;99.4;57.5;0.00;100.00
4693;1261;78.0;53;10.20;10060.0;1.56;2.34;53.33;99.4;57.0;0.00;100.00
4709;1264;78.0;53;10.20;10050.0;1.56;2.34;52.94;99.4;56.5;0.00;100.00
4727;1267;78.0;53;10.20;10050.0;2.34;2.34;52.94;99.4;56.0;0.00;100.00
4741;1269;78.0;53;10.20;10050.0;2.34;3.13;52.94;99.4;55.5;0.00;100.00
4750;1270;78.0;53;10.20;10050.0;2.34;3.13;52.94;99.4;55.0;0.00;100.00
4764;1272;78.0;53;10.20;10040.0;2.34;3.13;52.94;99.4;54.5;0.00;100.00
4779;1273;78.0;53;10.20;10040.0;3.13;3.13;52.94;99.4;54.0;0.00;100.00
4792;1275;78.0;53;9.80;10040.0;3.13;3.13;52.55;99.4;53.5;0.00;100.00
4812;1276;78.0;53;9.80;10050.0;3.13;3.13;52.55;99.4;53.0;0.00;100.00
4822;1278;77.0;53;9.80;10050.0;3.13;3.13;52.55;99.4;52.5;0.00;100.00
4831;1279;77.0;52;9.41;10050.0;3.13;3.13;52.55;99.4;52.0;0.00;100.00
4842;1281;77.0;52;9.41;10050.0;3.13;3.13;52.55;99.4;51.5;0.00;100.00
4851;1282;77.0;52;9.02;10060.0;3.13;3.13;52.16;99.4;51.0;0.00;100.00
4866;1284;77.0;52;9.02;10060.0;3.91;3.13;52.16;99.4;51.0;0.00;100.00
4882;1284;77.0;52;9.02;10060.0;3.91;3.91;52.16;99.4;50.5;0.00;100.00
4900;1283;77.0;52;8.63;10060.0;3.91;3.91;52.16;99.3;50.0;0.00;100.00
4911;1283;76.0;52;8.63;10070.0;3.91;3.91;52.16;99.3;49.5;0.00;100.00
4922;1283;76.0;52;8.63;10070.0;3.91;3.91;52.16;99.3;49.5;0.00;100.00
4931;1282;76.0;52;8.63;10070.0;3.91;3.91;51.76;99.3;49.0;0.00;100.00
4942;1282;75.0;52;8.63;10070.0;3.13;3.91;51.76;99.2;48.5;0.00;100.00
4952;1282;75.0;52;8.63;10070.0;3.13;3.91;51.76;99.2;48.0;0.00;100.00
4961;1281;74.0;52;8.63;10070.0;2.34;3.13;51.37;99.2;48.0;0.00;100.00
4972;1281;74.0;52;8.63;10070.0;2.34;3.13;50.98;99.2;47.5;0.00;100.00
4983;1281;74.0;52;8.63;10070.0;1.56;3.13;50.20;99.2;47.0;0.00;100.00
5007;1280;73.0;52;8.63;10070.0;1.56;2.34;49.80;99.1;47.0;0.00;100.00
5023;1278;73.0;52;8.63;10070.0;0.78;2.34;49.41;99.1;46.5;0.00;100.00
5042;1277;73.0;52;8.63;10070.0;0.78;1.56;49.02;99.1;46.5;0.00;100.00
5060;1275;73.0;52;8.63;10070.0;0.00;1.56;48.63;99.1;46.0;0.00;100.00
5069;1273;73.0;52;8.63;10070.0;0.00;1.56;48.24;99.1;46.0;0.00;100.00
5082;1271;73.0;52;8.63;10070.0;-0.78;0.78;47.45;99.1;45.5;0.00;100.00
5099;1269;73.0;52;8.63;10080.0;-1.56;0.78;47.06;99.0;45.5;0.00;100.00
5112;1267;73.0;52;8.63;10080.0;-1.56;0.78;46.67;99.0;45.0;0.00;100.00
5120;1265;73.0;52;8.63;10080.0;-2.34;0.00;46.67;99.0;45.0;0.00;100.00
5132;1263;73.0;52;8.24;10090.0;-2.34;0.00;47.06;99.0;44.5;0.00;100.00
5141;1261;73.0;52;8.24;10090.0;-3.13;0.00;47.06;99.0;44.5;0.00;100.00
5156;1259;73.0;52;8.24;10100.0;-3.13;-0.78;47.06;99.0;44.5;0.00;100.00
5170;1259;73.0;52;8.24;10100.0;-3.91;-0.78;47.06;99.0;44.5;0.00;100.00
5180;1258;73.0;52;8.24;10100.0;-3.91;-1.56;47.45;99.0;44.5;0.00;100.00
5190;1258;73.0;52;8.24;10110.0;-4.69;-1.56;47.45;99.0;44.5;0.00;100.00
5199;1257;74.0;52;8.24;10110.0;-4.69;-1.56;47.45;99.0;44.5;0.00;100.00
5212;1257;74.0;52;8.24;10110.0;-5.47;-2.34;47.45;99.0;44.5;0.00;100.00
5222;1257;74.0;52;8.24;10100.0;-5.47;-2.34;47.84;99.0;44.5;0.00;100.00
5231;1256;74.0;52;8.24;10100.0;-5.47;-2.34;47.84;99.0;44.5;0.00;100.00
5242;1256;74.0;52;8.24;10100.0;-6.25;-2.34;47.84;99.0;44.5;0.00;100.00
5251;1255;74.0;52;8.24;10090.0;-6.25;-2.34;48.24;99.0;44.5;0.00;100.00
5260;1255;75.0;52;8.24;10090.0;-6.25;-2.34;48.24;99.0;44.5;0.00;100.00
5277;1254;75.0;52;8.24;10080.0;-6.25;-2.34;48.24;99.0;44.5;0.00;100.00
5290;1254;75.0;52;8.24;10080.0;-6.25;-3.13;48.63;99.1;44.0;0.00;100.00
5300;1254;75.0;52;8.24;10080.0;-6.25;-3.13;48.63;99.1;44.0;0.00;100.00
5310;1253;75.0;52;8.24;10070.0;-7.03;-3.13;49.02;99.1;44.0;0.00;100.00
5322;1253;76.0;52;8.24;10070.0;-7.03;-3.13;49.02;99.1;44.0;0.00;100.00
5331;1253;76.0;52;8.63;10070.0;-7.03;-3.13;49.02;99.1;44.0;0.00;100.00
5340;1253;76.0;52;8.63;10070.0;-7.03;-3.13;49.41;99.1;44.0;0.00;100.00
5348;1253;76.0;52;8.63;10070.0;-6.25;-3.13;49.41;99.2;43.5;0.00;100.00
5360;1252;76.0;52;9.02;10070.0;-6.25;-3.13;49.80;99.2;43.5;0.00;100.00
5369;1252;76.0;52;9.02;10070.0;-6.25;-3.13;50.20;99.2;43.5;0.00;100.00
5381;1252;77.0;52;9.41;10070.0;-6.25;-3.13;50.98;99.2;43.5;0.00;100.00
5395;1252;77.0;52;9.41;10070.0;-5.47;-3.13;51.37;99.2;43.0;0.00;100.00
5409;1254;77.0;52;9.41;10070.0;-5.47;-2.34;51.76;99.2;43.0;0.00;100.00
5422;1256;77.0;52;9.80;10070.0;-5.47;-2.34;52.16;99.2;43.0;0.00;100.00
5429;1258;78.0;52;9.80;10070.0;-5.47;-2.34;52.55;99.2;42.5;0.00;100.00
5440;1261;78.0;52;9.80;10070.0;-4.69;-2.34;52.94;99.3;42.5;0.00;100.00
5449;1263;78.0;52;9.80;10070.0;-4.69;-2.34;53.73;99.3;42.0;0.00;100.00
5460;1265;79.0;52;10.20;10070.0;-4.69;-2.34;54.12;99.3;42.0;0.00;100.00
5469;1267;79.0;52;10.20;10070.0;-4.69;-2.34;54.51;99.3;42.0;0.00;100.00
5482;1270;80.0;52;10.20;10070.0;-4.69;-2.34;54.90;99.3;41.5;0.00;100.00
5491;1272;80.0;52;10.20;10070.0;-4.69;-2.34;55.29;99.3;41.5;0.00;100.00
5499;1274;80.0;52;10.20;10070.0;-4.69;-2.34;55.69;99.3;41.5;0.00;100.00
5515;1276;81.0;52;10.20;10070.0;-3.91;-2.34;56.08;99.3;41.5;0.00;100.00
5531;1281;81.0;52;10.59;10070.0;-3.91;-1.56;56.47;99.3;41.5;0.00;100.00
5540;1286;81.0;52;10.59;10070.0;-3.91;-1.56;57.25;99.4;41.5;0.00;100.00
5549;1291;81.0;52;10.59;10070.0;-3.91;-1.56;57.65;99.4;41.5;0.00;100.00
5560;1296;82.0;52;10.59;10070.0;-3.91;-1.56;58.04;99.4;41.0;0.00;100.00
5571;1301;82.0;52;10.59;10070.0;-3.91;-1.56;58.43;99.4;41.0;0.00;100.00
5581;1306;82.0;52;10.59;10070.0;-3.91;-1.56;58.82;99.4;41.0;0.00;100.00
5590;1310;82.0;52;10.59;10070.0;-3.91;-1.56;59.22;99.4;41.0;0.00;100.00
5601;1315;82.0;52;10.59;10070.0;-3.13;-1.56;59.22;99.4;41.0;0.00;100.00
5609;1320;82.0;52;10.98;10070.0;-3.13;-1.56;59.22;99.4;41.0;0.00;100.00
5622;1325;83.0;52;10.98;10070.0;-3.13;-1.56;59.61;99.5;41.0;0.00;100.00
5639;1330;83.0;52;10.98;10070.0;-3.13;-1.56;59.61;99.5;41.0;0.00;100.00
5650;1334;83.0;52;10.98;10070.0;-3.13;-0.78;59.61;99.5;41.0;0.00;100.00
5662;1339;83.0;52;10.98;10070.0;-3.13;-0.78;59.61;99.5;41.0;0.00;100.00
5671;1343;83.0;52;10.98;10070.0;-2.34;-0.78;59.61;99.5;41.0;0.00;100.00
5680;1348;83.0;52;10.98;10070.0;-2.34;-0.78;59.61;99.5;40.5;0.00;100.00
5691;1352;83.0;52;10.98;10070.0;-2.34;-0.78;60.00;99.6;40.5;0.00;100.00
5700;1357;83.0;52;11.37;10070.0;-2.34;-0.78;60.00;99.6;40.5;0.00;100.00
5709;1362;84.0;52;11.37;10070.0;-2.34;-0.78;60.00;99.6;40.5;0.00;100.00
5722;1366;84.0;52;11.37;10070.0;-2.34;-0.78;60.00;99.6;40.5;0.00;100.00
5731;1371;84.0;52;11.37;10070.0;-2.34;-0.78;60.00;99.6;40.5;0.00;100.00
5749;1375;84.0;52;11.37;10070.0;-2.34;-0.78;60.00;99.7;40.5;0.00;100.00
5765;1380;84.0;52;11.37;10070.0;-3.13;-0.78;60.00;99.7;40.5;0.00;100.00
5780;1383;84.0;52;11.76;10070.0;-3.13;-1.56;60.00;99.7;40.5;0.00;100.00
5791;1387;84.0;52;11.76;10070.0;-3.13;-1.56;60.00;99.7;40.5;0.00;100.00
5799;1390;84.0;52;11.76;10070.0;-3.13;-1.56;60.00;99.8;40.5;0.00;100.00
5811;1394;85.0;52;12.16;10070.0;-3.13;-1.56;60.00;99.8;40.5;0.00;100.00
5822;1397;85.0;52;12.16;10070.0;-3.13;-1.56;60.00;99.8;40.5;0.00;100.00
5831;1401;85.0;52;12.55;10070.0;-3.13;-1.56;60.00;99.8;40.5;0.00;100.00
5840;1405;85.0;52;12.94;10070.0;-3.13;-1.56;60.00;99.9;40.5;0.00;100.00
5851;1408;85.0;52;12.94;10070.0;-3.13;-1.56;60.39;99.9;40.5;0.00;100.00
5860;1412;85.0;52;13.33;10070.0;-3.13;-2.34;60.39;99.9;40.5;0.00;100.00
5869;1415;86.0;52;13.33;10070.0;-3.13;-2.34;60.78;99.9;40.5;0.00;100.00
5885;1419;86.0;52;13.73;10070.0;-3.91;-2.34;61.18;99.9;40.5;0.00;100.00
5899;1424;86.0;52;14.12;10070.0;-3.91;-2.34;61.57;99.9;40.5;0.00;100.00
5909;1429;86.0;52;14.12;10070.0;-3.91;-2.34;61.57;99.9;40.5;0.00;100.00
5920;1434;86.0;52;14.51;10070.0;-3.91;-2.34;61.96;99.9;40.5;0.00;100.00
5930;1440;86.0;52;14.51;10070.0;-3.91;-3.13;62.35;99.9;40.5;0.00;100.00
5942;1445;86.0;52;14.12;10070.0;-3.91;-3.13;62.75;99.9;40.5;0.00;100.00
5950;1450;86.0;52;14.12;10070.0;-3.91;-3.13;62.75;100.0;40.5;0.00;100.00
5960;1455;87.0;52;14.12;10070.0;-3.91;-3.13;63.14;100.0;40.5;0.00;100.00
5970;1460;87.0;52;13.73;10070.0;-3.91;-3.13;63.14;100.0;40.5;0.00;100.00
5980;1466;87.0;52;13.73;10070.0;-3.91;-3.13;62.75;100.0;40.5;0.00;100.00
5989;1471;87.0;52;13.33;10070.0;-3.91;-3.13;62.75;100.0;40.5;0.00;100.00
6005;1476;87.0;52;13.33;10070.0;-4.69;-3.13;62.75;100.0;40.5;0.00;100.00
6024;1479;87.0;52;13.33;10070.0;-4.69;-3.91;62.35;100.0;40.5;0.00;100.00
6040;1483;87.0;52;12.94;10070.0;-4.69;-3.91;62.35;100.0;40.5;0.00;100.00
6049;1486;87.0;52;12.94;10070.0;-4.69;-3.91;61.96;100.0;40.5;0.00;100.00
6061;1490;86.0;52;12.94;10070.0;-4.69;-3.91;61.96;100.0;40.5;0.00;100.00
6070;1493;86.0;52;12.94;10070.0;-4.69;-3.91;61.96;100.0;40.5;0.00;100.00
6081;1497;86.0;52;12.94;10070.0;-4.69;-3.91;61.57;100.0;40.5;0.00;100.00
6089;1500;86.0;52;12.94;10070.0;-4.69;-3.91;61.57;100.0;40.5;0.00;100.00
6100;1504;86.0;52;12.94;10070.0;-4.69;-3.91;60.78;100.0;40.5;0.00;100.00
6112;1507;86.0;52;12.94;10070.0;-4.69;-3.91;60.39;100.0;40.5;0.00;100.00
6119;1511;85.0;52;12.94;10070.0;-4.69;-3.91;59.61;100.0;40.5;0.00;100.00
6137;1514;85.0;52;12.94;10070.0;-3.91;-3.91;59.22;100.0;40.5;0.00;100.00
6151;1516;85.0;52;12.94;10070.0;-3.91;-3.91;58.43;100.1;40.5;0.00;100.00
6160;1517;85.0;52;12.94;10070.0;-3.91;-3.91;58.04;100.1;40.5;0.00;100.00
6171;1519;85.0;52;12.94;10070.0;-3.91;-3.91;57.25;100.1;40.5;0.00;100.00
6180;1520;85.0;52;12.94;10070.0;-3.91;-3.91;56.86;100.1;40.5;0.00;100.00
6192;1522;85.0;52;12.94;10070.0;-3.91;-3.91;56.08;100.1;40.5;0.00;100.00
6201;1524;85.0;52;12.94;10070.0;-3.91;-3.91;55.69;100.1;40.5;0.00;100.00
6209;1525;85.0;52;12.94;10070.0;-3.91;-3.91;54.90;100.1;40.5;0.00;100.00
6220;1527;85.0;52;12.94;10070.0;-3.91;-3.91;54.90;100.1;40.5;0.00;100.00
6231;1528;85.0;52;12.94;10070.0;-3.91;-3.91;54.90;100.1;40.5;0.00;100.00
6240;1530;85.0;52;12.94;10070.0;-3.91;-3.91;54.90;100.1;40.5;0.00;100.00
6260;1532;85.0;52;12.94;10070.0;-4.69;-3.91;54.90;100.1;40.5;0.00;100.00
6269;1534;85.0;52;12.94;10070.0;-4.69;-3.13;54.90;100.1;40.5;0.00;100.00
6279;1536;85.0;52;12.94;10070.0;-4.69;-3.13;54.51;100.1;40.5;0.00;100.00
6291;1539;85.0;52;12.94;10070.0;-4.69;-3.13;54.51;100.1;40.5;0.00;100.00
6300;1541;85.0;52;12.94;10070.0;-4.69;-3.13;54.51;100.1;40.5;0.00;100.00
6309;1543;85.0;52;12.94;10070.0;-4.69;-3.13;54.51;100.1;40.5;0.00;100.00
6323;1546;85.0;52;12.94;10070.0;-4.69;-3.13;54.51;100.1;40.5;0.00;100.00
6341;1548;84.0;52;12.94;10070.0;-4.69;-3.13;54.51;100.1;40.5;0.00;100.00
6350;1551;84.0;52;12.94;10070.0;-4.69;-3.13;54.51;100.1;40.5;0.00;100.00
6364;1553;84.0;52;12.94;10070.0;-4.69;-3.13;54.12;100.1;40.5;0.00;100.00
6379;1555;84.0;52;12.94;10070.0;-4.69;-3.13;54.12;100.1;40.5;0.00;100.00
6397;1558;84.0;52;12.94;10070.0;-3.91;-3.13;54.12;100.2;40.5;0.00;100.00
6413;1563;84.0;52;12.94;10070.0;-3.91;-3.13;54.12;100.2;40.5;0.00;100.00
6429;1568;84.0;52;12.94;10070.0;-3.91;-3.13;53.73;100.2;40.5;0.00;100.00
6439;1573;84.0;52;12.94;10070.0;-3.91;-3.13;53.73;100.2;40.5;0.00;100.00
6451;1578;85.0;52;13.33;10070.0;-3.91;-3.13;53.73;100.2;40.5;0.00;100.00
6460;1583;85.0;52;13.33;10070.0;-3.91;-3.13;53.73;100.3;40.5;0.00;100.00
6471;1588;85.0;52;13.73;10070.0;-3.91;-3.13;53.33;100.3;40.5;0.00;100.00
6481;1593;85.0;52;14.12;10070.0;-3.91;-3.13;53.33;100.3;40.5;0.00;100.00
6489;1599;85.0;52;14.12;10070.0;-3.91;-3.13;53.73;100.3;40.5;0.00;100.00
6502;1604;85.0;52;14.51;10070.0;-3.91;-3.13;54.51;101.7;40.5;0.00;100.00
6511;1609;86.0;52;14.51;10070.0;-3.91;-3.13;54.90;103.0;42.0;0.00;100.00
6527;1614;86.0;52;14.90;10070.0;-3.91;-3.13;55.29;104.3;44.0;0.00;100.00
6541;1621;86.0;52;15.29;10070.0;-3.91;-2.34;56.08;105.7;45.5;0.00;100.00
6550;1628;87.0;52;15.29;10070.0;-3.91;-2.34;56.47;107.0;47.5;0.00;100.00
6561;1636;87.0;52;15.69;10070.0;-3.91;-2.34;57.25;108.4;49.0;0.00;100.00
6570;1643;88.0;52;16.47;10070.0;-3.91;-2.34;57.65;109.7;51.0;0.00;100.00
6580;1650;89.0;52;16.86;10070.0;-3.91;-2.34;58.04;111.0;52.5;0.00;100.00
6589;1658;90.0;52;17.65;10070.0;-3.91;-2.34;58.82;112.4;54.5;0.00;100.00
6601;1665;90.0;52;18.43;10070.0;-3.91;-2.34;59.22;113.7;56.0;0.00;100.00
6622;1672;91.0;52;19.22;10070.0;-3.91;-2.34;59.22;115.1;58.0;0.00;100.00
6630;1679;92.0;52;19.61;10070.0;-3.91;-2.34;59.22;116.2;59.5;0.00;100.00
6641;1687;93.0;52;20.39;10070.0;-3.91;-2.34;58.82;117.4;61.0;0.00;100.00
6659;1694;93.0;52;21.18;10070.0;-3.13;-2.34;58.82;118.6;62.5;0.00;100.00
6670;1702;94.0;52;21.96;10070.0;-3.13;-1.56;58.82;119.8;64.0;0.00;100.00
6679;1711;94.0;52;22.35;10070.0;-3.13;-1.56;58.82;121.0;65.5;0.00;100.00
6691;1720;94.0;52;23.14;10070.0;-3.13;-1.56;58.82;122.2;67.0;0.00;100.00
6699;1728;94.0;52;23.14;10070.0;-3.13;-1.56;58.82;123.3;69.0;0.00;100.00
6710;1737;94.0;52;23.53;10070.0;-3.13;-1.56;58.43;124.5;70.5;0.00;100.00
6721;1745;94.0;52;23.53;10070.0;-3.13;-1.56;58.43;125.7;72.0;0.00;100.00
6732;1754;94.0;52;23.53;10070.0;-3.13;-1.56;58.43;126.9;73.5;0.00;100.00
6751;1763;94.0;52;23.92;10070.0;-3.13;-1.56;58.04;128.1;75.0;0.00;100.00
6761;1771;94.0;52;23.92;10070.0;-3.13;-1.56;57.65;129.9;76.5;0.00;100.00
6771;1780;94.0;52;24.31;10070.0;-3.13;-1.56;56.86;131.6;78.0;0.00;100.00
6786;1788;94.0;52;24.31;10070.0;-2.34;-1.56;56.47;133.4;79.5;0.00;100.00
6799;1794;94.0;52;24.31;10070.0;-2.34;-1.56;56.08;135.2;81.5;0.00;100.00
6809;1800;94.0;52;24.71;10070.0;-2.34;-1.56;55.69;136.9;83.0;0.00;100.00
6819;1806;93.0;52;24.71;10070.0;-2.34;-1.56;55.29;138.7;84.5;0.00;100.00
6830;1812;93.0;52;24.31;10070.0;-2.34;-1.56;54.90;140.5;86.0;0.00;100.00
6841;1817;93.0;52;23.53;10070.0;-2.34;-1.56;54.12;142.2;87.5;0.00;100.00
6850;1823;93.0;52;23.14;10070.0;-2.34;-1.56;53.73;144.0;89.0;0.00;100.00
6863;1829;92.0;52;22.35;10070.0;-2.34;-1.56;53.33;145.8;91.0;0.00;100.00
6880;1835;92.0;52;21.96;10070.0;-2.34;-1.56;52.94;147.5;92.5;0.00;100.00
6892;1841;92.0;52;21.18;10070.0;-2.34;-1.56;52.55;147.8;94.0;0.00;100.00
6901;1846;92.0;52;20.78;10070.0;-2.34;-1.56;51.76;148.1;94.0;0.00;100.00
6921;1852;91.0;52;20.00;10070.0;-1.56;-1.56;51.37;148.4;94.5;0.00;100.00
6930;1854;91.0;52;19.61;10070.0;-1.56;-1.56;50.98;148.7;94.5;0.00;100.00
6940;1857;91.0;52;18.82;10070.0;-1.56;-1.56;50.59;149.0;95.0;0.00;100.00
6949;1859;90.0;52;18.43;10070.0;-1.56;-1.56;50.20;149.3;95.0;0.00;100.00
6961;1862;90.0;52;18.04;10070.0;-1.56;-1.56;49.80;149.6;95.5;0.00;100.00
6970;1864;89.0;52;17.65;10070.0;-1.56;-1.56;49.02;149.9;95.5;0.00;100.00
6981;1866;89.0;52;17.65;10070.0;-1.56;-1.56;48.63;150.2;96.0;0.00;100.00
6990;1869;88.0;52;17.25;10070.0;-1.56;-1.56;48.24;150.5;96.0;0.00;100.00
7001;1871;88.0;51;16.86;10070.0;-1.56;-1.56;47.45;150.8;96.5;0.00;100.00
7010;1873;87.0;51;16.47;10070.0;-1.56;-1.56;46.67;150.8;96.5;0.00;100.00
7019;1876;87.0;51;16.08;10070.0;-1.56;-1.56;45.88;150.8;96.5;0.00;100.00
7037;1878;86.0;51;15.69;10070.0;-2.34;-1.56;45.10;150.8;96.5;0.00;100.00
7051;1879;86.0;51;15.69;10070.0;-2.34;-0.78;44.31;150.8;96.5;0.00;100.00
7061;1880;86.0;51;15.29;10070.0;-2.34;-0.78;43.92;150.8;96.5;0.00;100.00
7071;1881;86.0;51;14.90;10070.0;-2.34;-0.78;43.14;150.8;96.5;0.00;100.00
7081;1882;85.0;51;14.90;10070.0;-2.34;-0.78;42.35;150.8;96.5;0.00;100.00
7092;1883;85.0;51;14.90;10070.0;-2.34;-0.78;41.57;150.8;96.5;0.00;100.00
7100;1884;85.0;51;14.90;10070.0;-2.34;-0.78;40.78;150.8;96.5;0.00;100.00
7112;1885;85.0;51;14.90;10070.0;-3.13;-0.78;40.00;150.8;96.5;0.00;100.00
7120;1886;85.0;51;14.90;10070.0;-3.13;-0.78;40.00;150.8;96.5;0.00;100.00
7129;1887;85.0;51;14.51;10070.0;-3.13;-1.56;40.00;150.8;96.5;0.00;100.00
7141;1888;84.0;51;14.51;10070.0;-3.13;-1.56;40.00;150.8;96.5;0.00;100.00
7155;1889;84.0;51;14.51;10070.0;-3.91;-1.56;40.00;150.8;96.5;0.00;100.00
7169;1889;84.0;51;14.51;10070.0;-3.91;-1.56;40.00;150.8;96.5;0.00;100.00
7180;1890;84.0;51;14.51;10070.0;-3.91;-1.56;39.61;150.8;96.5;0.00;100.00
7190;1891;84.0;51;14.51;10070.0;-3.91;-1.56;39.61;150.8;96.5;0.00;100.00
7201;1892;84.0;51;14.51;10070.0;-4.69;-2.34;39.61;150.8;97.0;0.00;100.00
7211;1892;84.0;51;14.51;10070.0;-4.69;-2.34;39.61;150.9;97.0;0.00;100.00
7221;1893;84.0;51;14.51;10070.0;-4.69;-2.34;39.61;150.9;97.0;0.00;100.00
7230;1894;84.0;51;14.51;10070.0;-4.69;-2.34;39.61;150.9;97.0;0.00;100.00
7241;1895;84.0;51;14.51;10070.0;-5.47;-3.13;39.61;150.9;97.0;0.00;100.00
7251;1896;84.0;51;14.51;10070.0;-5.47;-3.13;40.00;150.9;97.0;0.00;100.00
7262;1896;84.0;51;14.51;10070.0;-5.47;-3.13;40.00;150.8;97.0;0.00;100.00
7288;1897;84.0;51;14.51;10070.0;-5.47;-3.13;40.00;150.8;97.0;0.00;100.00
7301;1888;84.0;51;14.51;10070.0;-5.47;-3.91;40.39;150.8;97.0;0.00;100.00
7311;1879;84.0;51;14.51;10070.0;-5.47;-3.91;40.39;150.8;97.0;0.00;100.00
7321;1871;85.0;51;14.51;10070.0;-6.25;-3.91;40.78;150.8;97.0;0.00;100.00
7329;1862;85.0;51;14.51;10070.0;-6.25;-3.91;40.78;150.8;97.0;0.00;100.00
7340;1853;85.0;51;14.51;10070.0;-6.25;-4.69;40.78;150.7;97.0;0.00;100.00
7352;1844;85.0;51;14.90;10080.0;-6.25;-4.69;41.18;150.7;97.0;0.00;100.00
7362;1835;86.0;51;14.90;10080.0;-6.25;-4.69;41.18;150.7;97.0;0.00;100.00
7381;1826;86.0;51;14.90;10080.0;-6.25;-4.69;41.57;150.7;97.0;0.00;100.00
7392;1818;86.0;51;14.90;10090.0;-6.25;-4.69;41.96;150.6;97.0;0.00;100.00
7402;1809;86.0;51;14.90;10090.0;-6.25;-4.69;41.96;150.6;97.0;0.00;100.00
7422;1800;87.0;51;14.90;10100.0;-6.25;-4.69;42.35;150.5;97.0;0.00;100.00
7431;1782;87.0;51;15.29;10100.0;-6.25;-5.47;42.75;150.5;97.0;0.00;100.00
7440;1764;88.0;51;15.29;10100.0;-6.25;-5.47;43.14;150.4;97.0;0.00;100.00
7452;1746;89.0;51;15.29;10110.0;-6.25;-5.47;43.53;150.3;97.0;0.00;100.00
7461;1729;89.0;51;15.69;10110.0;-6.25;-5.47;43.92;150.3;97.5;0.00;100.00
7471;1711;90.0;51;16.47;10110.0;-6.25;-5.47;43.92;150.2;97.5;0.00;100.00
7480;1693;91.0;51;16.86;10100.0;-6.25;-5.47;44.31;150.2;97.5;0.00;100.00
7492;1675;92.0;51;17.25;10100.0;-6.25;-5.47;44.71;150.1;97.5;0.00;100.00
7501;1657;93.0;51;17.65;10100.0;-5.47;-5.47;46.67;150.0;97.5;0.00;100.00
7510;1640;94.0;51;18.43;10090.0;-5.47;-5.47;48.63;150.0;97.5;0.00;100.00
7521;1622;94.0;51;18.82;10090.0;-5.47;-5.47;50.59;149.9;97.5;0.00;100.00
7537;1604;95.0;51;19.22;10080.0;-5.47;-5.47;52.55;149.9;97.5;0.00;100.00
7551;1592;96.0;51;19.61;10080.0;-5.47;-4.69;54.51;149.8;97.5;0.00;100.00
7562;1581;96.0;51;20.39;10080.0;-5.47;-4.69;56.86;149.8;97.5;0.00;100.00
7571;1570;97.0;51;20.78;10070.0;-4.69;-4.69;58.82;149.7;97.5;0.00;100.00
7581;1558;97.0;51;21.18;10070.0;-4.69;-4.69;60.78;149.6;97.5;0.00;100.00
7592;1547;97.0;51;21.18;10070.0;-4.69;-4.69;62.75;149.6;97.5;0.00;100.00
7600;1536;97.0;51;21.57;10070.0;-4.69;-4.69;64.71;149.5;97.5;0.00;100.00
7611;1524;98.0;51;21.96;10070.0;-4.69;-4.69;66.67;149.5;97.5;0.00;100.00
7622;1513;98.0;51;21.96;10070.0;-3.91;-4.69;66.67;149.4;97.5;0.00;100.00
7631;1501;98.0;51;22.35;10070.0;-3.91;-4.69;67.06;149.4;97.5;0.00;100.00
7642;1490;98.0;51;22.35;10070.0;-3.91;-4.69;67.06;149.4;97.5;0.00;100.00
7657;1479;99.0;51;22.75;10070.0;-3.91;-4.69;67.06;149.4;97.5;0.00;100.00
7671;1481;99.0;51;23.14;10070.0;-3.91;-3.91;67.45;149.4;97.5;0.00;100.00
7680;1484;99.0;51;23.14;10070.0;-3.91;-3.91;67.45;149.4;97.5;0.00;100.00
7691;1486;99.0;51;23.53;10070.0;-3.13;-3.91;67.84;149.4;97.5;0.00;100.00
7702;1489;100.0;51;23.53;10070.0;-3.13;-3.91;67.84;149.4;97.5;0.00;100.00
7711;1491;100.0;51;23.92;10030.0;-3.13;-3.91;67.84;149.3;97.5;0.00;100.00
7722;1494;100.0;51;23.92;9980.0;-3.13;-3.91;68.24;149.3;97.5;0.00;100.00
7730;1496;100.0;51;24.31;9940.0;-3.13;-3.91;68.24;149.3;97.5;0.00;100.00
7751;1499;100.0;51;24.31;9890.0;-2.34;-3.13;68.24;149.3;97.5;0.00;100.00
7762;1501;100.0;51;24.71;9850.0;-2.34;-3.13;68.63;149.3;97.5;0.00;100.00
7771;1504;101.0;51;24.71;9800.0;-2.34;-3.13;68.63;149.4;97.5;0.00;100.00
7787;1506;101.0;51;25.10;9760.0;-2.34;-3.13;68.63;149.4;97.5;0.00;100.00
7801;1514;101.0;51;25.10;9710.0;-2.34;-2.34;69.02;149.4;97.5;0.00;100.00
7810;1521;101.0;51;25.49;9670.0;-2.34;-2.34;69.02;149.5;97.5;0.00;100.00
7821;1529;100.0;51;25.49;9620.0;-1.56;-2.34;69.41;149.5;97.5;0.00;100.00
7830;1536;100.0;51;25.10;9580.0;-1.56;-2.34;69.41;149.5;97.5;0.00;100.00
7841;1543;100.0;51;24.31;9520.0;-1.56;-1.56;69.41;149.6;97.5;0.00;100.00
7851;1551;100.0;51;23.92;9460.0;-1.56;-1.56;69.80;149.6;97.5;0.00;100.00
7862;1558;99.0;51;23.53;9400.0;-1.56;-1.56;69.80;149.6;97.5;0.00;100.00
7872;1565;99.0;51;23.14;9340.0;-1.56;-1.56;69.41;149.7;97.5;0.00;100.00
7880;1573;99.0;51;22.35;9280.0;-1.56;-1.56;68.63;149.0;97.5;0.00;100.00
7891;1580;99.0;51;21.96;9220.0;-1.56;-1.56;68.24;148.4;97.5;40.00;60.00
7908;1588;98.0;51;21.57;9160.0;-0.78;-1.56;67.45;147.8;97.5;40.00;60.00
7920;1589;98.0;51;21.18;9100.0;-0.78;-1.56;67.06;147.2;97.5;40.00;60.00
7931;1591;98.0;51;20.39;9040.0;-0.78;-1.56;66.27;146.6;97.5;40.00;60.00
7940;1593;97.0;51;20.00;8980.0;-0.78;-1.56;65.88;145.9;97.5;40.00;60.00
7952;1595;97.0;51;19.61;8920.0;-0.78;-1.56;65.10;145.3;97.5;40.00;60.00
7960;1597;97.0;51;19.22;8830.0;-0.78;-1.56;64.71;144.7;97.5;40.00;60.00
7970;1599;96.0;51;19.22;8740.0;-0.78;-1.56;63.92;144.1;97.5;40.00;60.00
7981;1601;96.0;51;18.82;8640.0;-0.78;-1.56;63.53;143.4;97.5;40.00;60.00
7992;1602;95.0;51;18.43;8550.0;-0.78;-1.56;63.14;142.8;97.5;40.00;60.00
8002;1604;95.0;51;18.04;8460.0;-0.78;-1.56;62.75;141.5;97.5;40.00;60.00
8009;1606;95.0;51;17.65;8370.0;-0.78;-1.56;61.96;140.2;97.5;61.96;38.04
8028;1608;94.0;51;17.25;8280.0;-1.56;-1.56;61.57;139.0;97.5;61.96;38.04
8041;1607;94.0;51;17.25;8190.0;-1.56;-2.34;61.18;137.7;97.5;61.96;38.04
8052;1606;94.0;51;16.86;8090.0;-1.56;-2.34;60.78;136.4;97.5;61.96;38.04
8062;1605;94.0;51;16.47;8000.0;-1.56;-2.34;60.39;135.1;97.5;61.96;38.04
8071;1604;94.0;51;16.47;7910.0;-1.56;-2.34;60.00;133.8;97.5;61.96;38.04
8081;1603;94.0;51;16.08;7820.0;-1.56;-2.34;59.22;132.5;97.5;61.96;38.04
8092;1603;94.0;51;16.08;7740.0;-1.56;-2.34;58.82;131.3;97.5;61.96;38.04
8101;1602;93.0;51;16.08;7650.0;-1.56;-2.34;58.43;130.0;97.5;61.96;38.04
8110;1601;93.0;51;16.08;7570.0;-1.56;-2.34;58.43;128.7;97.5;61.96;38.04
8120;1600;93.0;51;15.69;7480.0;-1.56;-2.34;58.04;127.8;97.5;61.96;38.04
8130;1599;93.0;51;15.69;7400.0;-1.56;-2.34;58.04;127.0;97.5;56.86;43.14
8147;1598;93.0;51;15.69;7310.0;-2.34;-2.34;58.04;126.1;97.5;56.86;43.14
8162;1597;93.0;51;15.69;7230.0;-2.34;-3.13;58.04;125.3;97.5;56.86;43.14
8172;1595;93.0;51;15.29;7140.0;-2.34;-3.13;57.65;124.4;97.5;56.86;43.14
8182;1594;93.0;51;15.29;7060.0;-2.34;-3.13;57.65;123.6;97.5;56.86;43.14
8191;1592;93.0;51;15.29;6970.0;-2.34;-3.13;57.65;122.7;97.5;56.86;43.14
8202;1591;93.0;51;15.29;6910.0;-2.34;-3.13;57.65;121.9;97.5;56.86;43.14
8212;1589;93.0;51;15.69;6840.0;-2.34;-3.13;57.25;121.0;97.5;56.86;43.14
8231;1588;94.0;51;15.69;6780.0;-2.34;-3.13;57.25;120.1;97.5;56.86;43.14
8240;1586;94.0;51;15.69;6720.0;-3.13;-3.13;57.25;119.3;97.5;56.86;43.14
8252;1585;94.0;51;15.69;6660.0;-3.13;-3.13;57.25;118.2;97.5;56.86;43.14
8260;1583;94.0;51;15.69;6590.0;-3.13;-3.13;57.25;117.1;97.0;41.96;58.04
8277;1582;94.0;51;15.69;6530.0;-3.13;-3.13;57.25;116.0;96.5;41.96;58.04
8292;1582;94.0;51;16.08;6470.0;-3.13;-3.13;57.25;114.9;96.0;41.96;58.04
8301;1582;94.0;51;16.08;6410.0;-3.13;-3.13;56.86;113.8;95.5;41.96;58.04
8312;1582;94.0;51;16.08;6340.0;-3.91;-3.13;56.86;112.7;95.0;41.96;58.04
8321;1582;93.0;51;16.08;6280.0;-3.91;-3.13;56.86;111.6;95.0;41.96;58.04
8330;1582;93.0;51;16.08;6230.0;-3.91;-3.13;56.86;110.5;94.5;41.96;58.04
8341;1582;93.0;51;15.69;6190.0;-3.91;-3.13;56.86;109.4;94.0;41.96;58.04
8350;1582;93.0;51;15.69;6140.0;-3.91;-3.13;56.86;108.3;93.5;41.96;58.04
8362;1583;93.0;51;15.69;6090.0;-3.91;-3.13;56.86;107.2;93.0;41.96;58.04
8371;1583;93.0;51;15.69;6040.0;-3.91;-3.13;56.86;107.3;92.5;41.96;58.04
8381;1583;92.0;51;15.69;6000.0;-3.91;-3.13;56.47;107.4;91.5;34.12;65.88
8398;1583;92.0;51;15.69;5950.0;-3.91;-3.13;56.47;107.5;90.0;34.12;65.88
8410;1582;92.0;51;15.29;5900.0;-3.91;-3.91;56.47;107.6;89.0;34.12;65.88
8421;1582;92.0;51;15.29;5850.0;-3.91;-3.91;56.47;107.7;88.0;34.12;65.88
8431;1581;92.0;51;15.29;5810.0;-3.91;-3.91;56.47;107.8;86.5;34.12;65.88
8442;1581;93.0;51;15.29;5760.0;-3.91;-3.91;56.47;107.9;85.5;34.12;65.88
8451;1580;93.0;51;15.29;5710.0;-3.91;-3.91;56.08;108.0;84.0;34.12;65.88
8462;1580;93.0;51;15.29;5650.0;-3.91;-3.91;56.08;108.1;83.0;34.12;65.88
8471;1579;93.0;51;15.29;5600.0;-3.91;-3.91;56.08;108.2;82.0;34.12;65.88
8480;1579;93.0;51;15.29;5540.0;-3.91;-3.91;56.08;108.3;80.5;34.12;65.88
8490;1578;93.0;51;15.29;5490.0;-3.91;-3.91;55.69;108.2;79.5;34.12;65.88
8501;1578;94.0;51;15.29;5430.0;-3.91;-3.91;55.69;108.2;79.5;32.16;67.84
8516;1577;94.0;51;15.29;5380.0;-3.91;-3.91;55.69;108.2;79.5;32.16;67.84
8528;1578;94.0;51;15.29;5320.0;-3.91;-4.69;55.69;108.2;79.0;32.16;67.84
8541;1579;94.0;51;15.29;5270.0;-3.91;-4.69;55.29;108.2;79.0;32.16;67.84
8552;1580;94.0;51;15.29;5210.0;-3.91;-4.69;55.29;108.1;79.0;32.16;67.84
8561;1581;94.0;51;15.29;5160.0;-3.91;-4.69;55.29;108.1;79.0;32.16;67.84
8572;1581;94.0;51;15.29;5120.0;-3.91;-4.69;55.29;108.1;79.0;32.16;67.84
8581;1582;94.0;51;15.29;5080.0;-3.91;-4.69;54.90;108.1;79.0;32.16;67.84
8593;1583;93.0;51;15.29;5040.0;-3.91;-4.69;54.90;108.1;78.5;32.16;67.84
8611;1584;93.0;51;15.29;5000.0;-3.91;-4.69;54.90;108.1;78.5;32.16;67.84
8621;1585;93.0;51;15.69;4960.0;-3.91;-4.69;54.90;108.3;78.5;32.16;67.84
8630;1586;93.0;51;15.69;4910.0;-3.91;-4.69;54.90;108.6;78.5;32.16;67.84
8644;1587;93.0;51;15.69;4870.0;-3.91;-4.69;54.90;108.8;78.5;32.16;67.84
8661;1584;93.0;51;15.69;4830.0;-3.91;-4.69;54.90;109.1;79.0;32.16;67.84
8671;1582;93.0;51;15.69;4790.0;-3.91;-4.69;54.90;109.3;79.0;32.16;67.84
8682;1580;93.0;51;15.69;4750.0;-3.91;-4.69;54.90;109.6;79.0;32.16;67.84
8692;1578;94.0;51;15.69;4710.0;-3.91;-4.69;54.90;109.8;79.0;32.16;67.84
8702;1576;94.0;51;15.69;4710.0;-3.91;-4.69;54.90;110.1;79.0;32.16;67.84
8713;1574;94.0;51;16.08;4710.0;-3.91;-4.69;54.90;110.3;79.0;32.16;67.84
8732;1572;94.0;51;16.08;4710.0;-3.91;-4.69;54.90;110.6;79.5;32.16;67.84
8751;1569;94.0;51;16.08;4710.0;-3.91;-4.69;55.29;110.9;79.5;32.16;67.84
8762;1567;94.0;51;16.08;4710.0;-3.91;-4.69;55.29;111.0;79.5;32.16;67.84
8771;1565;95.0;51;16.08;4710.0;-3.91;-4.69;55.69;111.2;80.0;30.20;69.80
8785;1563;95.0;51;16.08;4710.0;-3.91;-4.69;56.08;111.3;80.5;30.20;69.80
8802;1559;95.0;51;16.47;4710.0;-3.91;-3.91;56.47;111.5;81.0;30.20;69.80
8811;1555;95.0;51;16.47;4710.0;-3.91;-3.91;56.47;111.6;81.5;30.20;69.80
8822;1552;95.0;51;16.47;4710.0;-3.91;-3.91;56.86;111.8;82.0;30.20;69.80
8828;1548;96.0;51;16.47;4710.0;-3.91;-3.91;57.25;111.9;82.5;30.20;69.80
8842;1544;96.0;51;16.86;4720.0;-3.91;-3.91;57.65;112.1;83.0;30.20;69.80
8851;1540;96.0;51;16.86;4720.0;-3.91;-3.91;57.65;112.2;83.5;30.20;69.80
8859;1536;96.0;51;16.86;4730.0;-3.91;-3.91;58.04;112.4;84.0;30.20;69.80
8870;1533;96.0;50;17.25;4740.0;-3.91;-3.91;58.43;112.5;84.5;30.20;69.80
8879;1529;96.0;50;17.25;4740.0;-3.91;-3.91;58.43;112.7;85.0;30.20;69.80
8891;1525;97.0;50;17.65;4750.0;-3.91;-3.91;58.82;112.9;86.0;29.02;70.98
8906;1521;97.0;50;17.65;4750.0;-3.91;-3.91;58.82;113.1;87.0;29.02;70.98
8920;1522;97.0;50;17.65;4760.0;-3.91;-3.91;59.22;113.3;88.0;29.02;70.98
8932;1523;97.0;50;18.04;4770.0;-3.91;-3.91;59.22;113.5;89.0;29.02;70.98
8949;1524;98.0;50;18.04;4770.0;-3.91;-3.91;59.61;113.7;90.0;29.02;70.98
8960;1525;98.0;50;18.43;4780.0;-3.91;-3.91;59.61;113.9;91.0;29.02;70.98
8971;1525;98.0;50;18.43;4870.0;-3.91;-3.91;60.00;114.1;92.0;29.02;70.98
8980;1526;98.0;50;18.82;4960.0;-3.91;-3.91;60.00;114.3;93.0;29.02;70.98
8990;1527;99.0;50;19.22;5050.0;-3.91;-3.91;60.39;114.5;94.0;29.02;70.98
8999;1528;99.0;50;19.22;5140.0;-3.91;-3.91;60.78;114.7;95.0;29.02;70.98
9012;1529;99.0;50;19.61;5230.0;-3.91;-3.91;61.18;114.7;96.0;29.02;70.98
9022;1530;99.0;50;19.61;5310.0;-3.91;-3.91;61.96;114.8;96.0;47.84;52.16
9039;1530;100.0;50;20.00;5400.0;-3.91;-3.91;62.35;114.9;96.0;47.84;52.16
9050;1534;100.0;50;20.39;5490.0;-3.91;-3.13;62.75;115.0;96.0;47.84;52.16
9058;1537;100.0;50;20.39;5580.0;-3.91;-3.13;63.14;115.1;96.0;47.84;52.16
9071;1540;100.0;50;20.78;5670.0;-3.91;-3.13;63.53;115.1;96.0;47.84;52.16
9078;1544;100.0;50;20.78;5760.0;-3.91;-3.13;63.92;115.2;96.5;47.84;52.16
9089;1547;100.0;50;20.78;5940.0;-3.91;-3.13;64.71;115.3;96.5;47.84;52.16
9100;1550;100.0;50;21.18;6130.0;-3.91;-3.13;65.10;115.4;96.5;47.84;52.16
9109;1553;101.0;50;21.18;6310.0;-3.91;-3.13;65.49;115.5;96.5;47.84;52.16
9122;1557;101.0;50;21.18;6490.0;-3.91;-3.13;65.49;115.5;96.5;47.84;52.16
9128;1560;101.0;50;21.18;6670.0;-3.91;-3.13;65.88;115.7;96.5;47.84;52.16
9140;1563;101.0;50;21.18;6860.0;-3.91;-3.13;65.88;115.8;96.5;63.92;36.08
9154;1567;101.0;50;21.18;7040.0;-3.13;-3.13;65.88;115.9;96.5;63.92;36.08
9169;1570;101.0;50;21.57;7220.0;-3.13;-2.34;65.88;116.1;96.5;63.92;36.08
9181;1573;101.0;50;21.57;7400.0;-3.13;-2.34;66.27;116.2;96.5;63.92;36.08
9190;1576;101.0;50;21.57;7590.0;-3.13;-2.34;66.27;116.4;96.5;63.92;36.08
9198;1579;101.0;50;21.96;7770.0;-3.13;-2.34;66.27;116.5;97.0;63.92;36.08
9211;1582;101.0;50;21.96;7900.0;-3.13;-2.34;66.27;116.6;97.0;63.92;36.08
9223;1585;101.0;50;22.35;8020.0;-3.13;-2.34;66.67;116.8;97.0;63.92;36.08
9240;1588;102.0;50;22.35;8150.0;-3.13;-2.34;66.67;116.9;97.0;63.92;36.08
9250;1592;102.0;50;22.75;8280.0;-3.13;-1.56;66.67;117.0;97.0;63.92;36.08
9261;1595;102.0;50;22.75;8410.0;-3.13;-1.56;67.06;117.2;97.0;63.92;36.08
9270;1598;102.0;50;23.14;8530.0;-3.13;-1.56;67.06;117.4;97.0;72.94;27.06
9286;1601;102.0;50;23.14;8660.0;-2.34;-1.56;67.06;117.6;97.0;72.94;27.06
9301;1606;102.0;50;23.53;8790.0;-2.34;-0.78;67.06;117.8;97.0;72.94;27.06
9310;1611;102.0;50;23.53;8920.0;-2.34;-0.78;67.45;118.0;97.0;72.94;27.06
9321;1616;103.0;50;23.92;9040.0;-2.34;-0.78;67.45;118.2;97.0;72.94;27.06
9330;1621;103.0;50;24.31;9170.0;-2.34;-0.78;67.45;118.4;97.0;72.94;27.06
9340;1626;103.0;50;24.71;9410.0;-2.34;0.00;67.45;118.6;97.0;72.94;27.06
9350;1631;103.0;50;25.49;9650.0;-2.34;0.00;67.84;118.9;97.0;72.94;27.06
9363;1636;104.0;50;25.88;9890.0;-2.34;0.00;67.84;119.0;97.0;72.94;27.06
9378;1641;104.0;50;26.27;10130.0;-2.34;0.00;67.84;119.3;97.0;72.94;27.06
9390;1645;104.0;50;26.67;10370.0;-2.34;0.78;67.84;119.2;97.0;72.94;27.06
9400;1650;104.0;50;27.06;10610.0;-2.34;0.78;67.84;119.2;97.0;85.88;14.12
9422;1655;105.0;50;27.45;10850.0;-2.34;0.78;67.84;119.1;97.0;85.88;14.12
9429;1658;105.0;50;28.24;11090.0;-2.34;0.78;67.84;119.1;97.0;85.88;14.12
9441;1660;105.0;50;28.63;11330.0;-2.34;0.78;68.24;119.1;97.0;85.88;14.12
9449;1662;105.0;50;29.02;11570.0;-2.34;0.78;68.24;119.0;97.0;85.88;14.12
9461;1664;105.0;50;28.63;11810.0;-2.34;1.56;68.24;119.0;96.5;85.88;14.12
9471;1666;105.0;50;28.63;11810.0;-2.34;1.56;68.24;118.9;96.5;85.88;14.12
9479;1669;105.0;50;28.24;11800.0;-2.34;1.56;68.24;118.9;96.5;85.88;14.12
9490;1671;106.0;50;28.24;11800.0;-2.34;1.56;68.24;118.9;96.5;85.88;14.12
9501;1673;106.0;50;27.84;11800.0;-2.34;1.56;67.84;118.8;96.5;85.88;14.12
9509;1675;106.0;50;27.84;11790.0;-2.34;1.56;67.84;118.8;96.5;85.88;14.12
9520;1677;106.0;50;27.45;11790.0;-2.34;1.56;67.45;118.8;96.5;87.84;12.16
9538;1680;106.0;50;27.45;11780.0;-2.34;1.56;67.06;118.9;96.0;87.84;12.16
9551;1677;106.0;50;27.06;11780.0;-2.34;0.78;67.06;118.9;96.0;87.84;12.16
9560;1675;106.0;50;27.06;11780.0;-2.34;0.78;66.67;118.9;95.5;87.84;12.16
9570;1672;106.0;50;26.67;11770.0;-2.34;0.78;66.67;118.9;95.5;87.84;12.16
9579;1670;106.0;50;26.27;11770.0;-2.34;0.78;66.27;118.9;95.0;87.84;12.16
9591;1667;106.0;50;26.27;11770.0;-2.34;0.78;65.88;118.9;95.0;87.84;12.16
9600;1664;106.0;50;25.88;11780.0;-2.34;0.78;65.88;118.9;94.5;87.84;12.16
9612;1662;106.0;50;25.88;11780.0;-1.56;0.78;65.49;118.9;94.5;87.84;12.16
9623;1659;106.0;50;25.49;11780.0;-1.56;0.78;65.88;118.9;94.0;87.84;12.16
9630;1657;106.0;50;25.49;11790.0;-1.56;0.78;65.88;119.0;94.0;87.84;12.16
9641;1654;106.0;50;25.10;11790.0;-1.56;0.78;66.27;119.0;94.0;87.84;12.16
9656;1652;106.0;50;25.10;11800.0;-0.78;0.78;66.27;119.0;94.0;87.84;12.16
9669;1648;106.0;50;24.71;11800.0;-0.78;1.56;66.67;119.1;94.0;87.84;12.16
9680;1645;106.0;50;24.71;11800.0;-0.78;1.56;66.67;119.1;94.0;87.84;12.16
9689;1641;106.0;50;24.31;11810.0;-0.78;1.56;67.06;119.1;94.0;87.84;12.16
9701;1638;106.0;50;24.31;11810.0;0.00;1.56;67.06;119.2;93.5;87.84;12.16
9709;1634;106.0;50;24.31;11820.0;0.00;1.56;67.45;119.2;93.5;87.84;12.16
9721;1630;106.0;50;23.92;11820.0;0.00;1.56;67.45;119.2;93.5;87.84;12.16
9730;1627;106.0;50;23.92;11830.0;0.00;1.56;67.84;119.3;93.5;87.84;12.16
9751;1623;106.0;50;23.92;11840.0;0.00;1.56;67.84;119.3;93.5;87.84;12.16
9761;1620;106.0;50;23.92;11840.0;0.00;2.34;68.24;119.3;93.5;87.84;12.16
9770;1616;106.0;50;23.92;11850.0;0.00;2.34;68.24;119.4;93.5;89.02;10.98
9787;1612;106.0;50;23.92;11850.0;0.78;2.34;68.63;119.4;93.5;89.02;10.98
9800;1610;106.0;50;23.53;11860.0;0.78;2.34;68.63;119.5;93.5;89.02;10.98
9810;1607;106.0;50;23.53;11870.0;0.78;2.34;69.02;119.5;93.5;89.02;10.98
9820;1605;106.0;50;23.53;11870.0;0.78;2.34;69.02;119.6;93.5;89.02;10.98
9831;1602;106.0;50;23.53;11880.0;0.78;3.13;69.41;119.6;94.0;89.02;10.98
9840;1600;106.0;50;23.53;11890.0;0.78;3.13;69.41;119.7;94.0;89.02;10.98
9849;1597;106.0;50;23.53;11900.0;0.78;3.13;69.80;119.7;94.0;89.02;10.98
9860;1594;107.0;50;23.53;11910.0;0.78;3.13;69.80;119.8;94.0;89.02;10.98
9869;1592;107.0;50;23.53;11920.0;0.78;3.13;69.80;119.8;94.0;89.02;10.98
9879;1589;107.0;50;23.14;11930.0;0.78;3.13;70.20;119.9;94.0;89.02;10.98
9892;1587;107.0;50;23.14;11930.0;0.78;3.13;70.20;119.9;94.0;89.02;10.98
9906;1584;107.0;50;23.14;11940.0;1.56;3.13;70.59;120.0;94.0;89.02;10.98
9923;1579;107.0;50;23.14;11950.0;1.56;3.91;70.59;120.0;94.5;89.02;10.98
9940;1574;107.0;50;23.14;11960.0;1.56;3.91;70.98;120.0;94.5;89.02;10.98
9950;1569;107.0;50;23.14;11970.0;1.56;3.91;70.98;120.1;94.5;89.02;10.98
9960;1564;107.0;50;23.14;11980.0;1.56;3.91;71.37;120.1;94.5;89.02;10.98
9970;1559;107.0;50;23.14;11990.0;1.56;3.91;71.37;120.2;94.5;89.02;10.98
9980;1554;107.0;50;23.53;12010.0;1.56;3.91;71.76;120.2;94.5;89.02;10.98
9991;1549;108.0;50;23.53;12020.0;1.56;3.91;71.76;120.3;95.0;89.02;10.98
9999;1544;108.0;50;23.53;12030.0;1.56;3.91;72.16;120.3;95.0;89.02;10.98
10011;1539;108.0;50;23.53;12040.0;1.56;3.91;72.94;120.4;95.0;89.02;10.98
10020;1534;108.0;50;23.53;12060.0;1.56;3.91;73.33;120.4;95.0;90.20;9.80
10039;1529;108.0;50;23.53;12070.0;2.34;3.91;74.12;120.5;95.0;90.20;9.80
10050;1525;108.0;50;23.92;12080.0;2.34;3.91;74.51;120.5;95.5;90.20;9.80
10060;1521;108.0;50;23.92;12090.0;2.34;3.91;75.29;120.6;95.5;90.20;9.80
10069;1517;108.0;50;23.92;12110.0;2.34;3.91;75.69;120.6;95.5;90.20;9.80
10079;1513;108.0;50;23.92;12120.0;2.34;3.91;76.47;120.7;95.5;90.20;9.80
10091;1509;108.0;50;23.92;12140.0;2.34;3.91;76.86;120.7;95.5;90.20;9.80
10100;1505;108.0;50;23.92;12160.0;2.34;3.91;77.65;120.8;95.5;90.20;9.80
10110;1501;109.0;50;23.92;12180.0;2.34;3.91;78.04;120.8;96.0;90.20;9.80
10120;1497;109.0;50;23.92;12200.0;2.34;3.91;78.04;120.9;96.0;90.20;9.80
10129;1493;109.0;50;24.31;12220.0;2.34;3.91;78.04;120.9;96.0;90.20;9.80
10140;1489;109.0;50;24.31;12230.0;2.34;3.91;78.43;120.9;96.0;90.20;9.80
10160;1485;109.0;50;24.31;12250.0;3.13;3.91;78.43;120.9;96.0;90.20;9.80
10172;1489;109.0;50;24.31;12270.0;3.13;3.91;78.43;120.9;96.0;90.20;9.80
10180;1492;109.0;50;24.31;12290.0;3.13;3.91;78.43;120.9;96.0;90.20;9.80
10190;1495;109.0;50;24.31;12310.0;3.13;3.91;78.43;120.9;96.0;90.20;9.80
10199;1499;109.0;50;24.31;12330.0;3.13;3.91;78.43;120.9;96.0;90.20;9.80
10211;1502;109.0;50;24.31;12340.0;3.13;3.91;78.82;120.9;96.0;90.20;9.80
10222;1506;109.0;50;24.31;12360.0;3.13;3.91;78.82;120.9;96.0;90.20;9.80
10232;1509;109.0;50;24.31;12370.0;3.13;3.91;78.82;120.9;96.0;90.20;9.80
10241;1513;109.0;49;24.31;12380.0;3.13;3.91;78.43;120.9;96.0;90.20;9.80
10249;1516;109.0;49;23.92;12390.0;3.13;3.91;78.43;120.9;96.0;90.20;9.80
10259;1520;109.0;49;23.92;12410.0;3.13;3.91;78.04;120.9;96.0;90.20;9.80
10276;1523;109.0;49;23.92;12420.0;3.13;3.91;78.04;120.8;96.0;90.20;9.80
10292;1525;109.0;49;23.92;12430.0;3.13;3.91;77.65;120.8;96.0;90.20;9.80
10302;1526;109.0;49;23.92;12440.0;3.13;3.91;77.65;120.8;96.0;90.20;9.80
10310;1528;109.0;49;23.92;12460.0;3.13;3.91;77.25;120.7;96.0;90.20;9.80
10321;1529;109.0;49;23.92;12470.0;3.13;3.91;77.25;120.7;96.5;90.20;9.80
10331;1531;109.0;49;23.92;12400.0;3.13;3.91;76.86;120.7;96.5;90.20;9.80
10339;1532;109.0;49;23.53;12320.0;3.13;3.91;76.86;120.6;96.5;90.20;9.80
10351;1533;109.0;49;23.53;12250.0;3.13;3.91;76.47;120.6;96.5;90.20;9.80
10360;1535;109.0;49;23.53;12180.0;3.13;3.91;76.47;120.5;96.5;90.20;9.80
10370;1536;109.0;49;23.53;12110.0;3.13;3.91;76.47;120.5;96.5;90.20;9.80
10381;1538;109.0;49;23.53;12030.0;3.13;3.91;76.08;120.5;96.5;90.20;9.80
10401;1539;109.0;49;23.53;11960.0;2.34;3.91;76.08;120.5;96.5;90.20;9.80
10411;1543;109.0;49;23.14;11890.0;2.34;4.69;76.08;120.5;96.5;90.20;9.80
10420;1546;109.0;49;23.14;11820.0;2.34;4.69;76.08;120.4;96.5;90.20;9.80
10430;1550;109.0;49;23.14;11740.0;2.34;4.69;76.08;120.4;96.5;90.20;9.80
10439;1553;109.0;49;23.14;11670.0;2.34;4.69;76.08;120.4;96.5;90.20;9.80
10451;1557;109.0;49;22.75;11740.0;2.34;4.69;75.69;120.4;96.5;90.20;9.80
10462;1560;109.0;49;22.75;11820.0;2.34;4.69;75.69;120.4;96.5;90.20;9.80
10470;1564;108.0;49;22.75;11890.0;2.34;4.69;75.69;120.3;96.5;90.20;9.80
10480;1567;108.0;49;22.75;11960.0;2.34;4.69;75.29;120.3;96.5;90.20;9.80
10491;1570;108.0;49;22.35;12030.0;2.34;4.69;75.29;120.3;96.5;90.20;9.80
10500;1574;108.0;49;22.35;12110.0;2.34;4.69;74.90;120.3;96.5;90.20;9.80
10522;1577;108.0;49;22.35;12180.0;3.13;4.69;74.90;120.3;96.5;90.20;9.80
10530;1579;108.0;49;22.35;12250.0;3.13;5.47;74.51;120.3;96.0;90.20;9.80
10539;1581;108.0;49;21.96;12320.0;3.13;5.47;74.51;120.3;96.0;90.20;9.80
10551;1583;108.0;49;21.96;12400.0;3.13;5.47;74.12;120.3;96.0;90.20;9.80
10559;1585;108.0;49;21.96;12470.0;3.13;5.47;74.12;120.3;96.0;90.20;9.80
10571;1587;108.0;49;21.96;12500.0;3.13;5.47;73.73;120.3;96.0;90.20;9.80
10580;1589;108.0;49;21.96;12540.0;3.13;5.47;73.73;120.3;96.0;90.20;9.80
10591;1591;108.0;49;21.96;12570.0;3.13;5.47;73.33;120.3;95.5;90.20;9.80
10600;1593;108.0;49;21.96;12610.0;3.13;5.47;72.94;120.3;95.5;90.20;9.80
10609;1595;108.0;49;21.96;12640.0;3.13;5.47;72.94;120.3;95.5;90.20;9.80
10620;1596;108.0;49;21.96;12680.0;3.13;5.47;72.55;120.3;95.5;90.20;9.80
10639;1598;108.0;49;21.96;12710.0;3.13;5.47;72.16;120.2;95.5;90.20;9.80
10649;1602;108.0;49;21.96;12750.0;3.13;5.47;72.16;120.2;95.0;90.20;9.80
10660;1605;108.0;49;21.96;12780.0;3.13;5.47;71.76;120.2;95.0;90.20;9.80
10669;1608;108.0;49;21.96;12820.0;3.13;5.47;71.76;120.2;95.0;90.20;9.80
10681;1611;108.0;49;21.96;12850.0;3.13;5.47;71.37;120.2;95.0;90.20;9.80
10690;1614;108.0;49;21.96;12840.0;3.13;5.47;70.98;120.2;95.0;90.20;9.80
10701;1617;108.0;49;21.96;12840.0;3.13;5.47;70.98;120.2;95.0;90.20;9.80
10710;1620;108.0;49;21.96;12830.0;3.13;5.47;70.59;120.2;94.5;90.20;9.80
10720;1623;108.0;49;21.96;12820.0;3.13;5.47;70.20;120.2;94.5;90.20;9.80
10730;1627;108.0;49;21.57;12820.0;3.13;5.47;70.20;119.8;94.5;90.20;9.80
10750;1630;108.0;49;21.57;12810.0;3.13;5.47;69.80;119.5;94.0;90.20;9.80
10767;1633;108.0;49;21.57;12810.0;3.13;5.47;69.80;119.2;93.5;90.20;9.80
10780;1635;108.0;49;21.57;12800.0;3.13;5.47;69.41;118.8;93.0;90.20;9.80
10792;1638;107.0;49;21.57;12790.0;3.13;5.47;69.41;118.5;92.5;90.20;9.80
10800;1640;107.0;49;21.57;12790.0;3.13;5.47;69.02;118.1;92.0;90.20;9.80
10809;1643;106.0;49;21.18;12780.0;3.13;5.47;69.02;117.8;91.5;90.20;9.80
10823;1645;105.0;49;20.78;12650.0;3.13;5.47;68.63;117.5;91.0;90.20;9.80
10841;1647;104.0;49;20.39;12510.0;3.13;5.47;68.63;117.1;90.5;90.20;9.80
10852;1650;104.0;49;20.00;12380.0;3.13;5.47;68.24;116.8;90.0;90.20;9.80
10860;1652;103.0;49;19.61;12250.0;3.13;5.47;67.84;116.4;89.5;90.20;9.80
10870;1655;102.0;49;18.82;12120.0;3.13;5.47;67.06;116.3;89.0;90.20;9.80
10879;1657;101.0;49;18.43;11980.0;3.13;5.47;66.67;116.3;88.5;90.20;9.80
10900;1659;101.0;49;18.04;11850.0;3.13;5.47;66.27;116.2;88.5;90.20;9.80
10911;1662;100.0;49;17.65;11720.0;3.13;5.47;65.88;116.1;88.0;90.20;9.80
10920;1664;100.0;49;17.25;11590.0;3.13;5.47;65.10;116.0;88.0;90.20;9.80
10931;1667;99.0;49;16.86;11450.0;3.13;5.47;64.71;115.9;87.5;90.20;9.80
10940;1669;99.0;49;16.86;11320.0;3.13;5.47;64.31;115.8;87.5;90.20;9.80
10951;1671;99.0;49;16.47;11310.0;3.13;5.47;63.92;115.7;87.0;90.20;9.80
10959;1674;99.0;49;16.47;11290.0;3.13;5.47;63.14;115.6;87.0;90.20;9.80
10971;1676;98.0;49;16.47;11280.0;3.13;5.47;62.75;115.5;86.5;90.20;9.80
10980;1679;98.0;49;16.47;11270.0;3.13;5.47;62.75;115.4;86.5;90.20;9.80
10991;1681;98.0;49;16.08;11260.0;3.13;5.47;62.35;114.9;86.0;90.20;9.80
10999;1683;98.0;49;16.08;11240.0;3.13;5.47;62.35;114.4;85.5;83.92;16.08
11017;1686;97.0;49;16.08;11230.0;3.13;5.47;62.35;114.0;85.0;83.92;16.08
11032;1688;97.0;49;16.08;11220.0;3.13;5.47;61.96;113.5;84.5;83.92;16.08
11041;1690;97.0;49;15.69;11210.0;3.13;5.47;61.96;113.0;84.0;83.92;16.08
11049;1692;96.0;49;15.69;11190.0;3.13;5.47;61.57;112.5;83.5;83.92;16.08
11059;1694;96.0;49;15.69;11180.0;3.13;5.47;61.57;112.0;82.5;83.92;16.08
11070;1697;96.0;49;15.29;11020.0;3.13;5.47;61.57;111.5;82.0;83.92;16.08
11080;1699;95.0;49;15.29;10860.0;3.13;5.47;61.18;111.0;81.5;83.92;16.08
11089;1701;95.0;49;15.29;10700.0;3.13;5.47;61.18;110.5;81.0;83.92;16.08
11101;1703;94.0;49;14.90;10540.0;3.13;5.47;60.39;110.0;80.5;83.92;16.08
11110;1705;94.0;49;14.90;10380.0;3.13;5.47;59.61;109.8;80.0;83.92;16.08
11119;1707;94.0;49;14.51;10210.0;3.13;5.47;59.22;109.5;79.0;80.00;20.00
11139;1709;93.0;49;14.51;10050.0;3.13;5.47;58.43;109.2;78.0;80.00;20.00
11151;1711;93.0;49;14.51;9890.0;3.13;5.47;57.65;109.0;77.0;80.00;20.00
11162;1712;93.0;49;14.12;9730.0;3.13;5.47;56.86;108.7;76.0;80.00;20.00
11171;1713;93.0;49;14.12;9570.0;3.13;5.47;56.08;108.5;75.0;80.00;20.00
11181;1715;92.0;49;14.12;9410.0;3.13;5.47;55.29;108.2;73.5;80.00;20.00
11192;1716;92.0;49;14.12;9320.0;3.13;5.47;54.90;107.9;72.5;80.00;20.00
11211;1717;92.0;49;14.12;9230.0;3.13;5.47;54.12;107.7;71.5;80.00;20.00
11219;1718;92.0;49;14.12;9130.0;3.13;5.47;53.33;107.4;70.5;80.00;20.00
11230;1720;92.0;48;14.12;9040.0;3.13;4.69;53.33;107.2;69.5;80.00;20.00
11241;1721;92.0;48;14.51;8950.0;3.13;4.69;52.94;107.1;68.5;80.00;20.00
11249;1722;91.0;48;14.51;8860.0;3.13;4.69;52.94;107.1;68.0;72.94;27.06
11268;1724;91.0;48;14.51;8770.0;2.34;4.69;52.94;107.0;68.0;72.94;27.06
11280;1727;91.0;48;14.51;8680.0;2.34;3.91;52.94;107.0;67.5;72.94;27.06
11291;1731;91.0;48;14.51;8580.0;2.34;3.91;52.55;107.0;67.0;72.94;27.06
11300;1734;91.0;48;14.51;8490.0;2.34;3.91;52.55;106.9;67.0;72.94;27.06
11310;1737;91.0;48;14.51;8400.0;2.34;3.91;52.55;106.9;66.5;72.94;27.06
11321;1741;91.0;48;14.51;8430.0;2.34;3.13;52.55;106.9;66.5;72.94;27.06
11332;1744;91.0;48;14.51;8460.0;2.34;3.13;52.16;106.8;66.0;72.94;27.06
11341;1748;92.0;48;14.51;8500.0;2.34;3.13;52.16;106.8;65.5;72.94;27.06
11351;1751;92.0;48;14.51;8530.0;1.56;2.34;52.16;106.7;65.5;72.94;27.06
11361;1755;92.0;48;14.90;8560.0;1.56;2.34;52.16;106.8;65.0;72.94;27.06
11370;1758;92.0;48;14.90;8590.0;1.56;2.34;52.16;106.9;64.5;70.20;29.80
11387;1762;92.0;48;14.90;8620.0;1.56;2.34;52.16;107.0;64.5;70.20;29.80
11401;1763;92.0;48;14.90;8650.0;1.56;1.56;52.16;107.1;64.0;70.20;29.80
11411;1764;92.0;48;14.90;8690.0;1.56;1.56;52.16;107.2;64.0;70.20;29.80
11420;1765;92.0;48;14.90;8720.0;0.78;1.56;52.16;107.2;63.5;70.20;29.80
11430;1766;92.0;48;14.90;8750.0;0.78;1.56;52.16;107.3;63.5;70.20;29.80
11440;1767;92.0;48;14.90;8670.0;0.78;0.78;52.16;107.4;63.0;70.20;29.80
11451;1768;92.0;48;14.90;8600.0;0.78;0.78;52.16;107.5;63.0;70.20;29.80
11461;1769;92.0;48;14.90;8520.0;0.78;0.78;52.16;107.6;62.5;70.20;29.80
11471;1770;92.0;48;14.90;8440.0;0.00;0.78;52.16;107.7;62.5;70.20;29.80
11480;1771;92.0;48;15.29;8370.0;0.00;0.00;51.76;107.6;62.0;70.20;29.80
11491;1772;92.0;48;15.29;8290.0;0.00;0.00;51.76;107.5;62.0;70.20;29.80
11507;1773;92.0;48;15.29;8220.0;0.00;0.00;51.76;107.4;62.0;70.20;29.80
11522;1775;92.0;48;15.29;8140.0;0.00;0.00;51.76;107.3;62.0;70.20;29.80
11531;1778;92.0;48;15.29;8060.0;0.00;0.00;51.37;107.2;62.0;70.20;29.80
11540;1781;92.0;48;15.29;7990.0;-0.78;0.00;51.37;107.1;62.0;70.20;29.80
11550;1784;92.0;48;15.29;7910.0;-0.78;-0.78;51.37;107.0;61.5;70.20;29.80
11562;1787;92.0;48;15.29;7890.0;-0.78;-0.78;51.37;106.9;61.5;70.20;29.80
11571;1789;92.0;48;15.29;7870.0;-0.78;-0.78;50.98;106.8;61.5;70.20;29.80
11582;1792;91.0;48;15.29;7850.0;-0.78;-0.78;50.98;106.7;61.5;70.20;29.80
11591;1795;91.0;48;15.29;7830.0;-0.78;-0.78;50.98;106.6;61.5;70.20;29.80
11600;1798;91.0;48;15.69;7810.0;-0.78;-0.78;50.59;106.6;61.5;70.20;29.80
11610;1801;91.0;48;15.69;7800.0;-0.78;-0.78;50.59;106.6;61.5;70.20;29.80
11626;1803;91.0;48;15.69;7780.0;-1.56;-0.78;50.59;106.6;61.0;70.20;29.80
11639;1805;91.0;48;15.69;7760.0;-1.56;-1.56;50.59;106.7;61.0;70.20;29.80
11652;1806;91.0;48;15.69;7740.0;-1.56;-1.56;50.20;106.7;61.0;70.20;29.80
11661;1807;91.0;48;15.69;7720.0;-1.56;-1.56;50.20;106.7;61.0;70.20;29.80
11671;1808;91.0;48;15.69;7700.0;-1.56;-1.56;50.20;106.7;60.5;70.20;29.80
11680;1809;91.0;48;15.69;7680.0;-1.56;-1.56;50.20;106.7;60.5;70.20;29.80
11692;1811;91.0;48;15.69;7660.0;-1.56;-1.56;49.80;106.7;60.5;70.20;29.80
11701;1812;92.0;48;15.69;7630.0;-1.56;-1.56;49.80;106.8;60.5;70.20;29.80
11712;1813;92.0;48;15.69;7610.0;-1.56;-1.56;49.80;106.8;60.0;70.20;29.80
11731;1814;92.0;48;16.08;7590.0;-1.56;-1.56;49.80;106.7;60.0;70.20;29.80
11752;1815;92.0;48;16.08;7570.0;-1.56;-1.56;49.80;106.6;60.0;67.06;32.94
11766;1817;92.0;48;16.08;7550.0;-0.78;-1.56;49.80;106.6;59.5;67.06;32.94
11781;1820;92.0;48;16.08;7530.0;-0.78;-1.56;49.80;106.5;59.5;67.06;32.94
11794;1822;92.0;48;16.08;7500.0;-0.78;-1.56;49.41;106.5;59.5;67.06;32.94
11812;1825;92.0;48;16.08;7480.0;-0.78;-1.56;49.41;106.4;59.5;67.06;32.94
11821;1828;92.0;48;16.08;7460.0;-0.78;-1.56;49.41;106.4;59.0;67.06;32.94
11830;1831;92.0;48;16.08;7480.0;-0.78;-1.56;49.41;106.3;59.0;67.06;32.94
11842;1834;92.0;48;16.08;7490.0;-0.78;-1.56;49.41;106.2;59.0;67.06;32.94
11850;1837;92.0;48;16.08;7510.0;-0.78;-1.56;49.41;106.2;59.0;67.06;32.94
11861;1840;92.0;48;16.08;7520.0;-0.78;-1.56;49.41;106.1;58.5;67.06;32.94
11870;1843;92.0;48;16.47;7540.0;-0.78;-1.56;49.41;106.0;58.5;67.06;32.94
11881;1845;92.0;48;16.47;7550.0;-0.78;-1.56;49.02;105.9;58.5;65.10;34.90
11898;1848;92.0;48;16.47;7570.0;-0.78;-1.56;49.02;105.8;58.0;65.10;34.90
11912;1850;92.0;48;16.47;7580.0;-0.78;-1.56;49.02;105.7;58.0;65.10;34.90
11920;1852;92.0;48;16.47;7600.0;-0.78;-1.56;49.02;105.6;57.5;65.10;34.90
11931;1853;92.0;48;16.47;7610.0;-0.78;-1.56;49.02;105.4;57.5;65.10;34.90
11942;1855;91.0;48;16.47;7630.0;-0.78;-1.56;49.02;105.3;57.0;65.10;34.90
11950;1857;91.0;48;16.47;7530.0;-0.78;-1.56;48.63;105.2;57.0;65.10;34.90
11962;1858;91.0;48;16.47;7430.0;-0.78;-1.56;48.63;105.1;56.5;65.10;34.90
11971;1860;91.0;48;16.47;7330.0;-0.78;-1.56;48.63;105.0;56.5;65.10;34.90
11981;1862;91.0;48;16.47;7230.0;-0.78;-1.56;48.24;104.9;56.0;65.10;34.90
11990;1863;91.0;48;16.08;7130.0;-0.78;-1.56;48.24;104.7;56.0;65.10;34.90
12001;1865;90.0;48;16.08;7020.0;-0.78;-1.56;47.84;104.5;55.5;61.18;38.82
12016;1867;90.0;48;16.08;6920.0;-0.78;-1.56;47.45;104.3;55.0;61.18;38.82
12032;1868;90.0;48;16.08;6820.0;-0.78;-1.56;47.45;104.1;54.5;61.18;38.82
12043;1870;90.0;48;16.08;6720.0;-0.78;-1.56;47.06;103.9;54.0;61.18;38.82
12060;1871;90.0;48;16.08;6620.0;-0.78;-1.56;47.06;103.7;53.5;61.18;38.82
12070;1873;90.0;48;16.08;6520.0;-0.78;-1.56;46.67;103.5;53.5;61.18;38.82
12081;1874;90.0;48;16.08;6470.0;-0.78;-1.56;46.27;103.3;53.0;61.18;38.82
12091;1876;90.0;48;16.08;6420.0;-0.78;-1.56;46.27;103.0;52.5;61.18;38.82
12100;1877;89.0;48;16.08;6370.0;-0.78;-1.56;45.88;102.8;52.0;61.18;38.82
12111;1879;89.0;48;16.08;6320.0;-0.78;-1.56;45.88;102.6;51.5;61.18;38.82
12120;1881;89.0;48;15.69;6270.0;-0.78;-1.56;45.49;102.6;51.0;61.18;38.82
12132;1882;89.0;48;15.69;6220.0;-0.78;-1.56;45.49;102.5;50.5;50.20;49.80
12158;1884;89.0;48;15.69;6170.0;-1.56;-1.56;45.49;102.4;50.0;50.20;49.80
12170;1886;89.0;48;15.69;6120.0;-1.56;-2.34;45.49;102.3;50.0;50.20;49.80
12182;1888;89.0;48;15.69;6070.0;-1.56;-2.34;45.10;102.2;49.5;50.20;49.80
12191;1891;89.0;48;15.69;6020.0;-1.56;-2.34;45.10;102.2;49.0;50.20;49.80
12201;1893;89.0;48;15.69;5970.0;-1.56;-2.34;45.10;102.1;48.5;50.20;49.80
12210;1895;89.0;48;15.69;5960.0;-1.56;-2.34;45.10;102.0;48.0;50.20;49.80
12221;1898;89.0;48;15.69;5950.0;-1.56;-2.34;44.71;101.9;47.5;50.20;49.80
12230;1900;89.0;48;15.69;5940.0;-1.56;-2.34;44.71;101.9;47.5;50.20;49.80
12242;1903;89.0;48;15.69;5930.0;-1.56;-2.34;44.71;101.8;47.0;50.20;49.80
12250;1905;89.0;48;15.29;5920.0;-1.56;-3.13;44.31;101.8;46.5;50.20;49.80
12260;1907;89.0;48;15.29;5910.0;-1.56;-3.13;44.31;101.8;46.5;41.96;58.04
12280;1910;89.0;48;15.29;5900.0;-2.34;-3.13;44.31;101.8;46.0;41.96;58.04
12291;1911;89.0;48;15.29;5890.0;-2.34;-3.13;44.31;101.8;46.0;41.96;58.04
12300;1912;89.0;48;15.29;5880.0;-2.34;-3.13;43.92;101.8;45.5;41.96;58.04
12311;1913;89.0;48;15.29;5870.0;-2.34;-3.13;43.92;101.8;45.5;41.96;58.04
12320;1914;88.0;48;15.29;5860.0;-2.34;-3.91;43.92;101.7;45.0;41.96;58.04
12331;1916;88.0;48;15.29;5850.0;-2.34;-3.91;43.92;101.7;45.0;41.96;58.04
12343;1917;88.0;48;15.29;5850.0;-2.34;-3.91;43.53;101.7;44.5;41.96;58.04
12361;1918;88.0;48;15.29;5840.0;-2.34;-3.91;43.53;101.7;44.5;41.96;58.04
12371;1919;88.0;48;15.29;5830.0;-3.13;-3.91;43.53;101.7;44.0;41.96;58.04
12381;1920;88.0;48;15.29;5830.0;-3.13;-4.69;43.14;101.7;44.0;41.96;58.04
12391;1921;87.0;48;15.29;5820.0;-3.13;-4.69;43.14;101.7;44.0;36.08;63.92
12407;1923;87.0;48;15.29;5820.0;-3.13;-4.69;43.14;101.7;43.5;36.08;63.92
12421;1925;87.0;48;15.29;5810.0;-3.13;-4.69;43.14;101.7;43.5;36.08;63.92
12430;1926;87.0;48;15.29;5800.0;-3.13;-4.69;42.75;101.7;43.5;36.08;63.92
12442;1928;87.0;48;15.29;5800.0;-3.91;-4.69;42.75;101.7;43.5;36.08;63.92
12451;1930;87.0;48;15.29;5790.0;-3.91;-5.47;42.75;101.7;43.0;36.08;63.92
12460;1932;87.0;48;15.29;5780.0;-3.91;-5.47;42.75;101.6;43.0;36.08;63.92
12471;1934;87.0;48;14.90;5780.0;-3.91;-5.47;42.35;101.6;43.0;36.08;63.92
12482;1936;87.0;48;14.90;5770.0;-3.91;-5.47;42.35;101.6;43.0;36.08;63.92
12492;1938;87.0;48;14.90;5760.0;-4.69;-5.47;42.35;101.6;42.5;36.08;63.92
12511;1940;87.0;48;14.90;5760.0;-4.69;-5.47;41.96;101.6;42.5;36.08;63.92
12520;1942;87.0;48;14.90;5750.0;-4.69;-5.47;41.96;101.6;42.5;34.90;65.10
12541;1944;87.0;48;14.90;5750.0;-4.69;-5.47;41.57;101.6;42.5;34.90;65.10
12553;1945;87.0;48;14.51;5740.0;-4.69;-5.47;41.57;101.6;42.5;34.90;65.10
12572;1947;87.0;48;14.51;5730.0;-4.69;-5.47;41.18;101.6;42.5;34.90;65.10
12583;1949;87.0;48;14.51;5730.0;-5.47;-5.47;41.18;101.6;42.5;34.90;65.10
12600;1950;86.0;48;14.51;5720.0;-5.47;-5.47;40.78;101.6;42.0;34.90;65.10
12611;1952;86.0;48;14.51;5740.0;-5.47;-5.47;40.78;101.5;42.0;34.90;65.10
12620;1954;86.0;48;14.51;5760.0;-5.47;-5.47;40.39;101.5;42.0;34.90;65.10
12631;1955;86.0;48;14.51;5780.0;-5.47;-5.47;40.39;101.5;42.0;34.90;65.10
12641;1957;86.0;48;14.51;5800.0;-5.47;-5.47;40.39;101.5;42.0;34.90;65.10
12650;1959;86.0;48;14.51;5820.0;-5.47;-5.47;40.00;101.5;42.0;34.90;65.10
12661;1960;85.0;48;14.51;5830.0;-5.47;-5.47;40.00;101.5;42.0;36.86;63.14
12676;1962;85.0;48;14.51;5850.0;-6.25;-5.47;40.00;101.5;42.0;36.86;63.14
12692;1964;85.0;48;14.51;5870.0;-6.25;-6.25;40.00;101.5;42.0;36.86;63.14
12711;1967;85.0;48;14.51;5890.0;-6.25;-6.25;39.61;101.5;42.0;36.86;63.14
12721;1969;85.0;48;14.51;5910.0;-6.25;-6.25;39.61;101.5;42.0;36.86;63.14
12731;1971;85.0;48;14.51;5930.0;-6.25;-6.25;39.61;101.5;41.5;36.86;63.14
12752;1974;85.0;48;14.51;5940.0;-6.25;-6.25;39.61;101.5;41.5;36.86;63.14
12762;1976;85.0;48;14.51;5950.0;-6.25;-6.25;39.22;101.5;41.5;36.86;63.14
12771;1978;85.0;48;14.51;5960.0;-6.25;-6.25;39.22;101.5;41.5;36.86;63.14
12782;1981;85.0;48;14.51;5970.0;-6.25;-6.25;39.22;101.5;41.5;36.86;63.14
12791;1983;85.0;48;14.90;5980.0;-6.25;-6.25;39.22;101.5;41.5;36.86;63.14
12802;1986;85.0;48;14.90;5980.0;-6.25;-6.25;39.22;101.5;41.5;38.82;61.18
12816;1988;85.0;48;14.90;5990.0;-7.03;-6.25;39.22;101.5;41.5;38.82;61.18
12830;1990;85.0;48;14.90;6000.0;-7.03;-6.25;39.22;101.5;41.5;38.82;61.18
12842;1992;85.0;48;14.90;6010.0;-7.03;-6.25;39.61;101.5;41.5;38.82;61.18
12853;1993;85.0;48;14.90;6020.0;-7.03;-6.25;39.61;101.5;41.5;38.82;61.18
12872;1995;85.0;48;14.90;6030.0;-7.03;-6.25;39.61;101.5;41.0;38.82;61.18
12883;1997;85.0;48;14.90;6010.0;-7.03;-6.25;39.61;101.5;41.0;38.82;61.18
12903;1999;85.0;48;14.90;6000.0;-7.03;-6.25;39.61;101.5;41.0;38.82;61.18
12921;2001;86.0;48;14.90;5980.0;-7.03;-6.25;39.61;101.5;41.0;38.82;61.18
12932;2002;86.0;48;14.90;5970.0;-7.03;-6.25;39.61;101.5;41.0;38.82;61.18
12951;2004;86.0;48;15.29;5950.0;-7.03;-6.25;39.61;101.5;41.0;38.82;61.18
12962;2006;86.0;48;15.29;5940.0;-7.03;-6.25;40.00;101.5;41.0;40.00;60.00
12977;2008;86.0;48;15.29;5920.0;-6.25;-6.25;40.00;101.5;41.0;40.00;60.00
12993;2010;86.0;48;15.29;5910.0;-6.25;-5.47;40.00;101.5;41.0;40.00;60.00
13013;2013;86.0;48;15.29;5890.0;-6.25;-5.47;40.00;101.5;41.0;40.00;60.00
13032;2016;86.0;48;15.29;5880.0;-6.25;-5.47;40.00;101.5;41.0;40.00;60.00
13051;2018;86.0;48;15.29;5860.0;-6.25;-5.47;40.00;101.5;41.0;40.00;60.00
13063;2021;86.0;48;15.29;5860.0;-6.25;-5.47;40.39;101.5;41.0;40.00;60.00
13083;2023;86.0;48;15.29;5870.0;-6.25;-5.47;40.39;101.5;41.0;40.00;60.00
13100;2026;87.0;48;15.29;5870.0;-6.25;-5.47;40.39;101.6;41.0;40.00;60.00
13112;2028;87.0;48;15.29;5870.0;-6.25;-5.47;40.39;101.6;41.0;40.00;60.00
13123;2031;87.0;48;15.69;5880.0;-6.25;-5.47;40.39;101.6;41.0;40.00;60.00
13141;2033;87.0;48;15.69;5880.0;-6.25;-5.47;40.39;101.6;41.0;40.00;60.00
13160;2036;87.0;48;15.69;5890.0;-5.47;-5.47;40.39;101.6;41.0;40.00;60.00
13170;2037;87.0;48;15.69;5890.0;-5.47;-4.69;40.39;101.6;41.0;40.00;60.00
13181;2038;87.0;48;15.69;5890.0;-5.47;-4.69;40.39;101.6;41.0;40.00;60.00
13190;2039;87.0;48;15.69;5900.0;-5.47;-4.69;40.39;101.6;41.0;40.00;60.00
13201;2041;87.0;48;15.69;5900.0;-5.47;-4.69;40.39;101.6;41.0;40.00;60.00
13210;2042;87.0;48;15.69;5900.0;-5.47;-4.69;40.39;101.6;41.0;40.00;60.00
13221;2043;87.0;48;15.69;5890.0;-5.47;-4.69;40.39;101.6;41.0;40.00;60.00
13230;2044;87.0;48;15.69;5890.0;-5.47;-4.69;40.39;101.6;41.0;40.00;60.00
13239;2045;87.0;49;15.69;5890.0;-5.47;-4.69;40.39;101.6;41.0;40.00;60.00
13250;2047;87.0;49;15.69;5880.0;-5.47;-4.69;40.39;101.6;41.0;40.00;60.00
13259;2048;87.0;49;15.69;5880.0;-5.47;-4.69;40.39;101.6;41.0;38.82;61.18
13276;2049;87.0;49;15.69;5870.0;-4.69;-4.69;40.39;101.6;41.0;38.82;61.18
13290;2050;87.0;49;15.69;5870.0;-4.69;-4.69;40.39;101.6;41.0;38.82;61.18
13302;2051;87.0;49;15.69;5870.0;-4.69;-4.69;40.39;101.6;41.0;38.82;61.18
13310;2052;87.0;49;15.69;5860.0;-4.69;-4.69;40.39;101.6;41.0;38.82;61.18
13322;2054;87.0;49;15.69;5860.0;-4.69;-4.69;40.39;101.6;40.5;38.82;61.18
13333;2055;87.0;49;15.69;5890.0;-4.69;-4.69;40.39;101.6;40.5;38.82;61.18
13350;2056;87.0;49;15.69;5910.0;-4.69;-4.69;40.39;101.6;40.5;38.82;61.18
13362;2057;86.0;49;15.69;5940.0;-4.69;-4.69;40.39;101.6;40.5;38.82;61.18
13370;2058;86.0;49;15.69;5960.0;-4.69;-4.69;40.39;101.6;40.5;38.82;61.18
13382;2059;86.0;49;16.08;5990.0;-4.69;-4.69;40.39;101.6;40.5;38.82;61.18
13390;2060;86.0;49;16.08;6010.0;-4.69;-4.69;40.39;101.6;40.5;40.00;60.00
13405;2062;86.0;49;16.08;6040.0;-4.69;-4.69;40.39;101.6;40.5;40.00;60.00
13422;2063;86.0;49;16.08;6060.0;-4.69;-4.69;40.39;101.6;40.5;40.00;60.00
13430;2065;86.0;49;16.08;6090.0;-4.69;-4.69;40.39;101.6;40.5;40.00;60.00
13439;2066;86.0;49;16.08;6110.0;-4.69;-4.69;40.39;101.6;40.5;40.00;60.00
13450;2068;86.0;49;16.08;6140.0;-4.69;-4.69;40.39;101.6;41.0;40.00;60.00
13459;2070;86.0;49;16.08;6140.0;-4.69;-4.69;40.39;101.6;41.0;40.00;60.00
13470;2071;86.0;49;16.08;6140.0;-4.69;-4.69;40.39;101.6;41.0;40.00;60.00
13481;2073;87.0;49;16.08;6140.0;-4.69;-4.69;40.39;101.6;41.0;40.00;60.00
13491;2075;87.0;49;16.08;6140.0;-4.69;-4.69;40.39;101.6;41.0;40.00;60.00
13502;2076;87.0;49;16.08;6140.0;-4.69;-4.69;40.00;101.6;41.0;40.00;60.00
13510;2078;87.0;49;16.08;6140.0;-4.69;-4.69;40.00;101.6;41.0;38.82;61.18
13525;2079;87.0;49;16.08;6140.0;-4.69;-4.69;40.00;101.6;41.0;38.82;61.18
13539;2080;87.0;49;16.08;6140.0;-4.69;-3.91;40.00;101.6;41.0;38.82;61.18
13548;2080;87.0;49;16.08;6140.0;-4.69;-3.91;39.61;101.6;41.0;38.82;61.18
13560;2081;87.0;49;16.08;6140.0;-4.69;-3.91;39.61;101.6;41.0;38.82;61.18
13571;2081;87.0;49;16.08;6140.0;-4.69;-3.91;39.61;101.6;40.5;38.82;61.18
13580;2082;87.0;49;16.08;6140.0;-4.69;-3.91;39.61;101.6;40.5;38.82;61.18
13592;2083;87.0;49;16.08;6130.0;-4.69;-3.91;39.22;101.6;40.5;38.82;61.18
13600;2083;86.0;49;16.08;6130.0;-4.69;-3.91;39.22;101.6;40.5;38.82;61.18
13612;2084;86.0;49;16.08;6130.0;-4.69;-3.91;39.22;101.6;40.5;38.82;61.18
13623;2084;86.0;49;16.08;6120.0;-4.69;-3.91;39.22;101.6;40.5;38.82;61.18
13640;2085;86.0;49;16.08;6120.0;-4.69;-3.91;39.22;101.6;40.5;38.82;61.18
13657;2085;86.0;49;16.08;6110.0;-4.69;-3.91;39.22;101.6;40.5;38.82;61.18
13670;2088;86.0;49;16.08;6110.0;-4.69;-4.69;39.22;101.6;40.5;38.82;61.18
13681;2090;86.0;49;16.08;6110.0;-4.69;-4.69;39.22;101.6;40.5;38.82;61.18
13690;2092;86.0;49;16.08;6100.0;-4.69;-4.69;39.22;101.7;40.5;38.82;61.18
13700;2095;86.0;49;16.08;6100.0;-4.69;-4.69;39.22;101.7;41.0;38.82;61.18
13709;2097;86.0;49;16.08;6090.0;-4.69;-4.69;39.22;101.7;41.0;38.82;61.18
13723;2100;86.0;49;16.08;6080.0;-4.69;-4.69;39.22;101.7;41.0;38.82;61.18
13743;2102;86.0;49;16.08;6060.0;-4.69;-4.69;39.22;101.7;41.0;38.82;61.18
13760;2104;86.0;49;16.08;6050.0;-4.69;-4.69;39.22;101.7;41.0;38.82;61.18
13769;2107;86.0;49;16.08;6040.0;-4.69;-4.69;39.22;101.7;41.0;38.82;61.18
13781;2109;86.0;49;16.08;6030.0;-4.69;-4.69;38.82;101.7;41.0;40.00;60.00
13796;2112;86.0;49;16.08;6020.0;-3.91;-4.69;38.82;101.7;41.0;40.00;60.00
13810;2113;86.0;49;16.08;6010.0;-3.91;-4.69;38.82;101.7;41.0;40.00;60.00
13821;2114;86.0;49;16.08;5990.0;-3.91;-4.69;38.82;101.7;41.0;40.00;60.00
13830;2115;86.0;49;16.08;5980.0;-3.91;-4.69;38.82;101.7;41.0;40.00;60.00
13841;2116;86.0;49;16.08;5970.0;-3.91;-4.69;38.82;101.7;41.0;40.00;60.00
13850;2117;86.0;49;16.08;5970.0;-3.91;-4.69;38.43;101.7;41.0;40.00;60.00
13859;2118;86.0;49;16.08;5970.0;-3.91;-4.69;38.43;101.7;41.0;40.00;60.00
13870;2120;87.0;49;16.08;5970.0;-3.91;-4.69;38.43;101.7;41.0;40.00;60.00
13879;2121;87.0;49;16.08;5970.0;-3.91;-4.69;38.43;101.7;41.0;40.00;60.00
13890;2122;87.0;49;16.47;5970.0;-3.91;-3.91;38.43;101.7;41.0;40.00;60.00
13900;2123;87.0;49;16.47;5970.0;-3.91;-3.91;38.43;101.7;41.0;41.18;58.82
13920;2124;87.0;49;16.47;5970.0;-3.91;-3.91;38.43;101.7;41.0;41.18;58.82
13930;2126;87.0;49;16.47;5970.0;-3.91;-3.91;38.43;101.8;41.0;41.18;58.82
13939;2127;87.0;49;16.47;5970.0;-3.91;-3.91;38.04;101.8;41.0;41.18;58.82
13950;2128;87.0;49;16.47;5970.0;-3.91;-3.91;38.04;101.8;41.0;41.18;58.82
13960;2130;88.0;49;16.47;5970.0;-3.91;-3.13;38.04;101.8;40.5;41.18;58.82
13970;2131;88.0;49;16.86;5990.0;-3.91;-3.13;38.04;101.8;40.5;41.18;58.82
13979;2133;88.0;49;16.86;6010.0;-3.91;-3.13;38.04;101.8;40.5;41.18;58.82
13991;2134;88.0;49;17.25;6020.0;-3.91;-3.13;38.04;101.9;40.5;41.18;58.82
14000;2136;88.0;49;17.25;6040.0;-3.91;-3.13;38.43;101.9;40.5;41.18;58.82
14010;2137;88.0;49;17.65;6060.0;-3.91;-3.13;38.82;103.2;40.5;41.18;58.82
14019;2138;89.0;49;17.65;6080.0;-3.91;-3.13;39.22;104.5;42.0;40.00;60.00
14038;2140;89.0;49;18.04;6100.0;-3.13;-3.13;39.61;105.9;43.0;40.00;60.00
14051;2145;89.0;49;18.04;6120.0;-3.13;-3.13;40.00;107.2;44.5;40.00;60.00
14063;2151;90.0;49;18.43;6130.0;-3.13;-3.13;40.00;108.5;46.0;40.00;60.00
14080;2156;90.0;49;18.43;6150.0;-3.13;-3.13;40.39;109.8;47.5;40.00;60.00
14090;2161;91.0;49;20.00;6170.0;-3.13;-3.13;40.78;111.2;48.5;40.00;60.00
14101;2167;92.0;49;21.57;6230.0;-3.13;-3.13;41.18;112.5;50.0;40.00;60.00
14109;2172;93.0;49;23.14;6280.0;-3.13;-3.13;41.57;113.8;51.5;40.00;60.00
14123;2177;93.0;49;24.71;6340.0;-3.13;-3.13;41.96;115.1;53.0;40.00;60.00
14141;2183;94.0;49;26.27;6400.0;-3.13;-3.13;41.96;116.5;54.0;40.00;60.00
14151;2188;95.0;49;28.24;6460.0;-3.13;-3.13;42.35;116.0;55.5;40.00;60.00
14159;2193;96.0;49;29.80;6510.0;-3.13;-3.13;42.35;115.5;56.5;36.86;63.14
14175;2199;96.0;49;31.37;6570.0;-3.13;-3.13;42.35;115.0;57.0;36.86;63.14
14189;2200;97.0;49;32.94;6630.0;-3.13;-3.13;42.35;114.5;58.0;36.86;63.14
14200;2201;97.0;49;34.51;6690.0;-3.13;-3.13;42.75;114.1;59.0;36.86;63.14
14209;2202;97.0;49;36.08;6740.0;-3.13;-3.13;42.75;113.6;59.5;36.86;63.14
14221;2204;97.0;49;36.08;6800.0;-3.13;-3.13;42.75;113.1;60.5;36.86;63.14
14231;2205;97.0;49;36.08;6890.0;-3.13;-3.13;42.75;112.6;61.0;36.86;63.14
14239;2206;97.0;49;36.08;6970.0;-3.13;-3.13;43.14;112.1;62.0;36.86;63.14
14250;2207;97.0;49;36.08;7060.0;-3.13;-3.13;43.14;111.6;63.0;36.86;63.14
14261;2209;97.0;49;36.08;7140.0;-3.13;-3.13;43.14;111.2;63.5;36.86;63.14
14270;2210;97.0;49;36.47;7230.0;-3.13;-3.13;43.14;111.3;64.5;36.86;63.14
14279;2211;97.0;49;36.47;7310.0;-3.13;-3.13;43.14;111.5;64.5;43.14;56.86
14298;2212;97.0;49;36.47;7400.0;-3.13;-3.13;43.14;111.6;64.5;43.14;56.86
14309;2211;97.0;49;36.47;7480.0;-3.13;-3.13;43.14;111.8;64.5;43.14;56.86
14320;2210;97.0;49;36.47;7570.0;-3.13;-3.13;42.75;111.9;64.5;43.14;56.86
14329;2209;97.0;49;36.47;7650.0;-3.13;-3.13;42.75;112.1;64.5;43.14;56.86
14341;2208;97.0;49;36.08;7740.0;-3.13;-3.13;42.75;112.2;64.0;43.14;56.86
14350;2207;97.0;49;36.08;8080.0;-3.13;-3.13;42.75;112.4;64.0;43.14;56.86
14361;2206;97.0;49;35.69;8420.0;-3.13;-3.13;42.75;112.5;64.0;43.14;56.86
14373;2205;98.0;49;35.69;8770.0;-2.34;-3.13;42.75;112.7;64.0;43.14;56.86
14389;2204;98.0;49;35.29;9110.0;-2.34;-2.34;42.75;112.8;64.0;43.14;56.86
14402;2203;98.0;49;35.29;9450.0;-2.34;-2.34;42.75;112.6;64.0;43.14;56.86
14420;2202;98.0;49;34.90;9790.0;-1.56;-2.34;42.75;112.4;64.0;83.92;16.08
14438;2201;98.0;49;34.90;10130.0;-1.56;-1.56;42.75;112.1;64.0;83.92;16.08
14450;2204;98.0;49;34.51;10470.0;-0.78;-1.56;42.75;111.9;63.5;83.92;16.08
14461;2208;98.0;49;34.51;10820.0;-0.78;-0.78;42.75;111.7;63.5;83.92;16.08
14470;2211;97.0;49;34.12;11160.0;-0.78;-0.78;42.75;111.5;63.5;83.92;16.08
14480;2214;97.0;49;32.94;11500.0;0.00;-0.78;42.75;111.3;63.5;83.92;16.08
14489;2217;97.0;49;32.16;11510.0;0.00;0.00;42.75;111.1;63.5;83.92;16.08
14501;2220;97.0;49;30.98;11520.0;0.00;0.00;42.75;110.8;63.5;83.92;16.08
14510;2223;96.0;49;30.20;11530.0;0.00;0.00;42.75;110.6;63.0;83.92;16.08
14521;2226;96.0;49;29.02;11540.0;0.00;0.78;42.75;110.4;63.0;83.92;16.08
14530;2229;96.0;49;28.24;11550.0;0.00;0.78;42.35;110.2;63.0;83.92;16.08
14545;2232;96.0;49;27.06;11550.0;0.00;0.78;42.35;110.0;62.5;85.10;14.90
14567;2235;95.0;49;26.27;11560.0;0.00;0.78;42.35;109.9;62.5;85.10;14.90
14579;2237;95.0;49;25.10;11570.0;0.00;1.56;42.35;109.7;62.0;85.10;14.90
14591;2239;95.0;49;24.31;11580.0;0.00;1.56;41.96;109.5;62.0;85.10;14.90
14599;2241;95.0;49;23.14;11590.0;0.00;1.56;41.96;109.3;61.5;85.10;14.90
14611;2243;95.0;49;23.14;11600.0;0.00;1.56;41.96;109.1;61.5;85.10;14.90
14619;2245;95.0;49;22.75;11620.0;0.00;2.34;41.96;108.9;61.0;85.10;14.90
14631;2247;95.0;49;22.75;11640.0;0.00;2.34;41.57;108.8;61.0;85.10;14.90
14640;2249;94.0;49;22.75;11660.0;0.00;2.34;41.57;108.6;60.5;85.10;14.90
14651;2251;94.0;49;22.75;11680.0;0.78;2.34;41.57;108.4;60.5;85.10;14.90
14660;2253;94.0;49;22.35;11700.0;0.78;2.34;41.57;108.2;60.0;85.10;14.90
14669;2255;94.0;49;22.35;11710.0;0.78;2.34;41.57;108.0;59.5;85.10;14.90
14688;2257;94.0;49;22.35;11730.0;0.78;2.34;41.57;107.9;59.0;85.10;14.90
14700;2259;94.0;49;22.35;11750.0;0.78;3.13;41.57;107.7;58.5;85.10;14.90
14711;2262;94.0;49;21.96;11770.0;0.78;3.13;41.57;107.5;58.0;85.10;14.90
14723;2264;94.0;49;21.96;11790.0;1.56;3.13;41.57;107.3;57.5;85.10;14.90
14741;2267;94.0;49;21.96;11810.0;1.56;3.13;41.57;107.2;56.5;85.10;14.90
14749;2269;94.0;49;21.96;11770.0;1.56;3.13;41.57;107.0;56.0;85.10;14.90
14762;2271;94.0;49;21.57;11730.0;1.56;3.13;41.57;106.8;55.5;85.10;14.90
14770;2274;93.0;49;21.57;11690.0;1.56;3.13;41.57;106.6;55.0;85.10;14.90
14779;2276;93.0;49;21.57;11650.0;0.78;3.13;41.18;106.5;54.5;85.10;14.90
14789;2279;93.0;49;21.57;11610.0;0.78;2.34;41.18;106.4;54.0;85.10;14.90
14801;2281;93.0;49;21.57;11560.0;0.78;2.34;40.78;106.4;53.5;85.10;14.90
14816;2284;93.0;49;21.57;11520.0;0.78;2.34;40.78;106.4;53.5;85.10;14.90
14831;2286;93.0;49;21.18;11480.0;0.78;2.34;40.39;106.3;53.0;85.10;14.90
14841;2288;93.0;49;21.18;11440.0;0.78;2.34;40.39;106.3;53.0;85.10;14.90
14852;2290;93.0;49;21.18;11400.0;0.00;2.34;40.00;106.3;52.5;85.10;14.90
14860;2292;93.0;49;21.18;11360.0;0.00;1.56;40.00;106.2;52.5;85.10;14.90
14870;2294;93.0;49;21.18;11300.0;0.00;1.56;39.61;106.2;52.0;85.10;14.90
14881;2296;93.0;49;21.18;11240.0;0.00;1.56;39.61;106.1;52.0;85.10;14.90
14890;2299;94.0;49;21.18;11180.0;0.00;1.56;39.22;106.1;51.5;85.10;14.90
14900;2301;94.0;49;21.18;11120.0;0.00;1.56;38.82;106.1;51.5;85.10;14.90
14909;2303;94.0;49;20.78;11060.0;0.00;0.78;38.82;106.1;51.0;85.10;14.90
14920;2305;94.0;49;20.78;11000.0;0.00;0.78;38.43;106.1;51.0;85.10;14.90
14938;2307;94.0;49;20.78;10940.0;-0.78;0.78;38.43;106.1;50.5;85.10;14.90
14950;2309;94.0;49;20.78;10880.0;-0.78;0.78;38.04;106.1;50.5;85.10;14.90
14961;2310;94.0;49;20.78;10820.0;-0.78;0.78;38.04;106.0;50.5;85.10;14.90
14970;2312;94.0;49;20.78;10760.0;-0.78;0.78;37.65;106.0;50.0;85.10;14.90
14979;2313;94.0;49;20.78;10700.0;-0.78;0.00;37.65;106.0;50.0;85.10;14.90
14989;2315;94.0;49;20.78;10630.0;-0.78;0.00;37.25;106.0;49.5;85.10;14.90
15001;2316;94.0;49;20.78;10550.0;-0.78;0.00;37.25;106.0;49.5;85.10;14.90
15010;2318;93.0;49;20.78;10480.0;-0.78;0.00;36.86;106.0;49.5;85.10;14.90
15021;2319;93.0;49;20.78;10410.0;-0.78;0.00;36.86;106.0;49.0;85.10;14.90
15032;2321;93.0;49;20.78;10340.0;-0.78;0.00;36.86;105.8;49.0;85.10;14.90
15051;2322;93.0;49;20.78;10260.0;-0.78;0.00;36.86;105.6;49.0;81.18;18.82
15067;2324;93.0;49;20.78;10190.0;-0.78;0.00;36.86;105.4;48.5;81.18;18.82
15080;2325;93.0;49;20.78;10120.0;-0.78;-0.78;36.86;105.1;48.5;81.18;18.82
15089;2327;93.0;49;20.78;10050.0;-0.78;-0.78;36.47;104.9;48.5;81.18;18.82
15100;2328;93.0;49;20.78;9970.0;-0.78;-0.78;36.47;104.7;48.5;81.18;18.82
15110;2329;92.0;49;20.78;9900.0;-0.78;-0.78;36.47;104.5;48.0;81.18;18.82
15119;2331;92.0;49;20.39;9810.0;-0.78;-0.78;36.47;104.3;48.0;81.18;18.82
15131;2332;92.0;49;20.39;9720.0;-0.78;-0.78;36.47;104.1;48.0;81.18;18.82
15140;2334;92.0;49;20.00;9630.0;-0.78;-0.78;36.47;103.9;48.0;81.18;18.82
15152;2335;92.0;49;20.00;9540.0;-0.78;-0.78;36.47;103.6;47.5;81.18;18.82
15160;2336;92.0;49;19.61;9450.0;-0.78;-0.78;36.08;103.6;47.5;81.18;18.82
15171;2338;91.0;49;19.61;9370.0;-0.78;-0.78;36.08;103.5;47.0;76.86;23.14
15187;2339;91.0;49;19.22;9280.0;0.00;-0.78;36.08;103.4;47.0;76.86;23.14
15200;2340;91.0;49;19.22;9190.0;0.00;-0.78;36.08;103.4;46.5;76.86;23.14
15211;2341;91.0;49;18.82;9100.0;0.00;-0.78;35.69;103.3;46.5;76.86;23.14
15220;2342;91.0;49;18.82;9010.0;0.00;-0.78;35.69;103.3;46.0;76.86;23.14
15230;2343;90.0;49;18.82;8920.0;0.00;-0.78;35.69;103.2;46.0;76.86;23.14
15239;2344;90.0;49;18.82;8800.0;0.00;-0.78;35.69;103.1;45.5;76.86;23.14
15250;2345;90.0;49;18.43;8680.0;0.00;-0.78;35.29;103.1;45.5;76.86;23.14
15262;2346;90.0;49;18.43;8560.0;0.00;-0.78;35.29;103.0;45.0;76.86;23.14
15270;2347;90.0;48;18.43;8440.0;0.00;-0.78;34.90;102.9;45.0;76.86;23.14
15282;2348;90.0;48;18.43;8320.0;0.00;-0.78;34.90;102.9;44.5;76.86;23.14
15291;2349;89.0;48;18.43;8200.0;0.00;-0.78;34.51;102.9;44.5;70.20;29.80
15306;2350;89.0;48;18.43;8080.0;-0.78;-0.78;34.12;102.9;44.0;70.20;29.80
15324;2354;89.0;48;18.04;7960.0;-0.78;-0.78;34.12;102.9;44.0;70.20;29.80
15341;2357;89.0;48;18.04;7840.0;-0.78;-0.78;33.73;102.9;44.0;70.20;29.80
15350;2361;89.0;48;18.04;7720.0;-0.78;-0.78;33.73;102.9;43.5;70.20;29.80
15359;2365;89.0;48;18.04;7600.0;-0.78;-0.78;33.33;102.9;43.5;70.20;29.80
15369;2368;89.0;48;18.04;7510.0;-0.78;-0.78;32.94;102.9;43.0;70.20;29.80
15381;2372;89.0;48;18.04;7420.0;-0.78;-0.78;32.94;102.9;43.0;70.20;29.80
15390;2376;89.0;48;18.04;7340.0;-0.78;-0.78;32.55;102.9;43.0;70.20;29.80
15400;2379;89.0;48;18.04;7250.0;-0.78;-0.78;32.55;102.9;42.5;70.20;29.80
15412;2383;89.0;48;17.65;7160.0;-0.78;-0.78;32.16;102.9;42.5;70.20;29.80
15422;2387;89.0;48;17.65;7070.0;-0.78;-0.78;32.16;102.9;42.5;41.18;58.82
15442;2390;89.0;48;17.65;6980.0;-0.78;-0.78;32.16;102.9;42.5;41.18;58.82
15451;2391;89.0;48;17.65;6890.0;-0.78;-1.56;32.16;102.9;42.5;41.18;58.82
15462;2392;89.0;48;17.65;6810.0;-0.78;-1.56;31.76;102.9;42.5;41.18;58.82
15471;2393;89.0;48;17.65;6720.0;-0.78;-1.56;31.76;102.9;42.5;41.18;58.82
15482;2394;89.0;48;17.65;6630.0;-0.78;-1.56;31.76;102.8;42.5;41.18;58.82
15491;2395;89.0;48;17.65;6600.0;-0.78;-1.56;31.76;102.8;42.5;41.18;58.82
15503;2396;89.0;48;17.65;6580.0;-0.78;-1.56;31.37;102.8;42.5;41.18;58.82
15522;2397;88.0;48;17.65;6550.0;-0.78;-1.56;31.37;102.8;42.5;41.18;58.82
15531;2398;88.0;48;17.65;6530.0;-1.56;-1.56;31.37;102.8;42.5;41.18;58.82
15551;2399;88.0;48;18.04;6500.0;-1.56;-2.34;31.37;103.3;42.5;41.18;58.82
15561;2400;88.0;48;18.04;6480.0;-1.56;-2.34;31.37;103.8;43.0;36.86;63.14
15577;2401;88.0;48;18.04;6450.0;-1.56;-2.34;31.37;104.2;44.0;36.86;63.14
15591;2406;88.0;48;18.04;6430.0;-1.56;-2.34;31.37;104.7;44.5;36.86;63.14
15599;2411;89.0;48;18.04;6400.0;-1.56;-2.34;30.98;105.1;45.5;36.86;63.14
15611;2417;89.0;48;18.04;6380.0;-2.34;-2.34;30.98;105.6;46.0;36.86;63.14
15620;2422;90.0;48;18.82;6350.0;-2.34;-3.13;30.98;106.0;47.0;36.86;63.14
15632;2427;91.0;48;19.22;6520.0;-2.34;-3.13;30.98;106.5;47.5;36.86;63.14
15652;2432;92.0;48;20.00;6700.0;-2.34;-3.13;30.98;107.0;48.5;36.86;63.14
15661;2438;92.0;48;20.78;6870.0;-2.34;-3.13;30.98;107.4;49.0;36.86;63.14
15672;2443;93.0;48;21.57;7040.0;-3.13;-3.13;31.37;107.9;50.0;36.86;63.14
15689;2448;94.0;48;21.96;7220.0;-3.13;-3.13;31.37;107.9;50.5;36.86;63.14
15699;2453;95.0;48;22.75;7390.0;-3.13;-3.13;31.76;108.0;50.0;54.12;45.88
15719;2459;95.0;48;23.53;7570.0;-3.13;-3.13;32.16;108.1;49.5;54.12;45.88
15731;2457;96.0;48;24.31;7740.0;-3.13;-3.91;32.16;108.1;49.5;54.12;45.88
15751;2455;96.0;48;24.71;7910.0;-3.13;-3.91;32.55;108.2;49.0;54.12;45.88
15760;2453;95.0;48;25.49;8090.0;-3.91;-3.91;32.55;108.2;48.5;54.12;45.88
15772;2451;95.0;48;25.10;8260.0;-3.91;-3.91;32.94;108.3;48.0;54.12;45.88
15780;2449;95.0;48;25.10;8410.0;-3.91;-3.91;33.33;108.3;47.5;54.12;45.88
15790;2447;94.0;48;24.71;8560.0;-3.91;-3.91;33.33;108.4;47.0;54.12;45.88
15801;2445;94.0;48;24.31;8720.0;-3.91;-3.91;33.73;108.4;47.0;54.12;45.88
15811;2443;93.0;49;24.31;8870.0;-3.91;-3.91;33.73;108.5;46.5;54.12;45.88
15821;2441;93.0;49;23.92;9020.0;-3.91;-3.13;34.12;108.7;46.0;54.12;45.88
15830;2439;93.0;49;23.92;9170.0;-3.91;-3.13;34.12;108.8;46.0;74.90;25.10
15847;2437;92.0;49;23.53;9320.0;-3.91;-3.13;34.12;109.0;46.0;74.90;25.10
15860;2441;92.0;49;23.14;9470.0;-3.91;-3.13;34.51;109.1;46.0;74.90;25.10
15872;2445;92.0;49;23.14;9630.0;-3.91;-3.13;34.51;109.3;46.0;74.90;25.10
15890;2449;92.0;49;22.75;9780.0;-3.91;-3.13;34.90;109.5;46.0;74.90;25.10
15900;2453;93.0;49;23.14;9930.0;-3.91;-2.34;34.90;109.6;46.0;74.90;25.10
15911;2457;93.0;49;23.14;10080.0;-3.91;-2.34;34.90;109.8;46.0;74.90;25.10
15922;2461;93.0;49;23.53;10220.0;-3.91;-2.34;35.29;110.0;46.0;74.90;25.10
15932;2465;93.0;49;23.53;10370.0;-3.13;-2.34;35.29;110.1;46.0;74.90;25.10
15950;2469;93.0;48;23.92;10510.0;-3.13;-1.56;35.29;110.3;46.0;74.90;25.10
15962;2473;93.0;48;23.92;10660.0;-3.13;-1.56;35.29;110.4;46.0;74.90;25.10
15971;2477;94.0;48;24.31;10800.0;-3.13;-1.56;35.69;110.5;46.5;83.92;16.08
15984;2481;94.0;48;24.31;10950.0;-2.34;-1.56;35.69;110.5;46.5;83.92;16.08
16001;2484;94.0;48;24.71;11090.0;-2.34;-0.78;35.69;110.6;47.0;83.92;16.08
16011;2487;94.0;48;24.71;11240.0;-2.34;-0.78;35.69;110.7;47.5;83.92;16.08
16022;2490;94.0;48;25.10;11380.0;-2.34;-0.78;35.69;110.8;48.0;83.92;16.08
16031;2493;95.0;48;25.10;11530.0;-1.56;-0.78;35.69;110.9;48.0;83.92;16.08
16040;2497;95.0;48;25.10;11540.0;-1.56;0.00;36.08;111.0;48.5;83.92;16.08
16051;2500;95.0;48;25.49;11560.0;-1.56;0.00;36.08;111.1;49.0;83.92;16.08
16061;2503;95.0;48;25.49;11570.0;-1.56;0.00;36.08;111.1;49.5;83.92;16.08
16070;2506;95.0;48;25.49;11580.0;-1.56;0.00;36.08;111.2;49.5;83.92;16.08
16081;2509;95.0;48;25.49;11590.0;-1.56;0.00;36.08;110.9;50.0;83.92;16.08
16090;2512;96.0;48;25.49;11610.0;-1.56;0.00;35.69;110.6;50.0;85.10;14.90
16105;2515;96.0;48;25.49;11620.0;-1.56;0.00;35.69;110.3;49.5;85.10;14.90
16120;2513;96.0;48;25.88;11630.0;-1.56;0.00;35.69;109.9;49.5;85.10;14.90
16131;2510;96.0;48;25.88;11640.0;-1.56;0.00;35.69;109.6;49.5;85.10;14.90
16140;2508;96.0;48;25.88;11660.0;-1.56;0.00;35.69;109.3;49.5;85.10;14.90
16152;2505;95.0;48;25.49;11670.0;-1.56;0.00;35.69;109.0;49.0;85.10;14.90
16162;2503;95.0;48;25.10;11570.0;-1.56;0.00;35.29;108.6;49.0;85.10;14.90
16171;2500;95.0;48;24.71;11470.0;-1.56;0.00;35.29;108.3;49.0;85.10;14.90
16182;2497;95.0;48;24.31;11370.0;-1.56;0.00;35.29;108.0;49.0;85.10;14.90
16202;2495;95.0;48;23.92;11270.0;-1.56;0.00;34.90;107.6;48.5;85.10;14.90
16210;2492;95.0;48;23.92;11170.0;-1.56;0.00;34.90;107.3;48.5;85.10;14.90
16220;2490;94.0;48;23.53;11060.0;-1.56;0.00;34.51;106.9;48.5;83.14;16.86
16238;2487;94.0;48;23.14;10960.0;-1.56;0.00;34.51;106.5;48.0;83.14;16.86
16251;2490;94.0;48;22.75;10860.0;-1.56;0.00;34.12;106.1;48.0;83.14;16.86
16261;2493;94.0;48;22.35;10760.0;-1.56;0.00;34.12;105.7;48.0;83.14;16.86
16271;2496;93.0;48;21.96;10660.0;-1.56;0.00;33.73;105.4;48.0;83.14;16.86
16280;2499;93.0;48;21.96;10560.0;-1.56;0.00;33.73;105.0;47.5;83.14;16.86
16292;2502;93.0;48;21.57;10370.0;-1.56;0.00;33.33;104.6;47.5;83.14;16.86
16302;2505;93.0;48;21.57;10170.0;-1.56;0.00;33.33;104.2;47.5;83.14;16.86
16310;2508;92.0;48;21.57;9980.0;-1.56;0.00;32.94;103.8;47.5;83.14;16.86
16321;2511;92.0;48;21.18;9790.0;-1.56;0.00;32.94;103.5;47.0;83.14;16.86
16330;2514;92.0;48;21.18;9600.0;-1.56;0.00;32.55;103.4;47.0;83.14;16.86
16341;2517;92.0;48;20.78;9400.0;-1.56;0.00;32.55;103.4;46.5;72.94;27.06
16356;2520;91.0;48;20.78;9210.0;-0.78;0.00;32.16;103.4;46.5;72.94;27.06
16373;2522;91.0;48;20.78;9020.0;-0.78;0.78;32.16;103.4;46.0;72.94;27.06
16391;2523;91.0;48;20.39;8830.0;-0.78;0.78;31.76;103.4;45.5;72.94;27.06
16403;2525;91.0;48;20.39;8630.0;-0.78;0.78;31.76;103.4;45.5;72.94;27.06
16421;2527;91.0;48;20.39;8440.0;-0.78;0.78;31.37;103.3;45.0;72.94;27.06
16431;2528;91.0;48;20.00;8300.0;-0.78;0.78;31.37;103.3;45.0;72.94;27.06
16440;2530;91.0;48;20.00;8160.0;-0.78;0.78;30.98;103.3;44.5;72.94;27.06
16452;2531;90.0;48;20.00;8020.0;-0.78;0.78;30.98;103.3;44.0;72.94;27.06
16461;2533;90.0;48;20.00;7880.0;-0.78;0.78;30.98;103.3;44.0;72.94;27.06
16471;2535;90.0;48;19.61;7740.0;-0.78;0.78;30.59;103.2;43.5;72.94;27.06
16482;2536;90.0;48;19.61;7600.0;-0.78;0.78;30.59;103.2;43.5;60.00;40.00
16504;2538;90.0;48;19.61;7460.0;-1.56;0.78;30.59;103.2;43.0;60.00;40.00
16520;2541;90.0;48;19.61;7320.0;-1.56;0.00;30.59;103.2;43.0;60.00;40.00
16531;2543;90.0;48;19.22;7180.0;-1.56;0.00;30.20;103.1;43.0;60.00;40.00
16541;2546;89.0;48;19.22;7040.0;-1.56;0.00;30.20;103.1;43.0;60.00;40.00
16553;2549;89.0;48;18.82;6900.0;-1.56;0.00;30.20;103.1;42.5;60.00;40.00
16571;2552;88.0;48;18.82;6870.0;-1.56;0.00;30.20;103.1;42.5;60.00;40.00
16583;2555;88.0;48;18.43;6840.0;-1.56;0.00;29.80;103.0;42.5;60.00;40.00
16600;2557;87.0;48;18.04;6820.0;-1.56;0.00;29.80;103.0;42.5;60.00;40.00
16610;2560;87.0;48;18.04;6790.0;-1.56;0.00;29.41;103.0;42.0;60.00;40.00
16621;2563;86.0;48;17.65;6760.0;-1.56;0.00;29.41;103.6;42.0;60.00;40.00
16632;2566;86.0;48;17.65;6730.0;-1.56;0.00;29.02;104.2;42.0;45.88;54.12
16655;2569;85.0;48;17.25;6700.0;-1.56;0.00;28.63;104.8;42.0;45.88;54.12
16672;2569;85.0;48;16.86;6670.0;-1.56;-0.78;28.24;105.4;42.0;45.88;54.12
16682;2569;86.0;48;16.86;6650.0;-1.56;-0.78;28.24;106.0;42.0;45.88;54.12
16691;2570;86.0;48;16.47;6620.0;-1.56;-0.78;27.84;106.6;42.0;45.88;54.12
16701;2570;87.0;48;16.86;6590.0;-1.56;-0.78;27.45;107.2;42.0;45.88;54.12
16712;2570;87.0;48;17.65;6590.0;-1.56;-0.78;27.06;107.8;42.0;45.88;54.12
16722;2570;88.0;48;18.04;6580.0;-1.56;-0.78;27.06;108.4;42.0;45.88;54.12
16742;2571;88.0;48;18.82;6580.0;-2.34;-0.78;26.67;109.0;42.0;45.88;54.12
16752;2571;89.0;48;19.22;6580.0;-2.34;-0.78;27.06;109.6;42.0;45.88;54.12
16770;2571;89.0;48;20.00;6580.0;-2.34;-1.56;27.06;109.9;42.0;45.88;54.12
16782;2572;90.0;48;20.39;6570.0;-2.34;-1.56;27.45;110.1;42.5;38.82;61.18
16798;2572;90.0;48;21.18;6570.0;-3.13;-1.56;27.84;110.4;43.0;38.82;61.18
16812;2580;91.0;48;21.57;6570.0;-3.13;-1.56;28.24;110.6;43.5;38.82;61.18
16831;2589;92.0;48;22.35;6570.0;-3.13;-1.56;28.24;110.8;44.0;38.82;61.18
16841;2598;92.0;48;22.75;6560.0;-3.13;-1.56;28.63;111.1;44.5;38.82;61.18
16850;2606;93.0;48;24.31;6560.0;-3.91;-2.34;29.02;111.3;44.5;38.82;61.18
16860;2615;94.0;48;25.49;6880.0;-3.91;-2.34;29.41;111.6;45.0;38.82;61.18
16873;2624;94.0;48;27.06;7210.0;-3.91;-2.34;29.41;111.8;45.5;38.82;61.18
16892;2632;95.0;48;28.63;7530.0;-4.69;-2.34;29.80;112.0;46.0;38.82;61.18
16902;2641;95.0;48;29.80;7850.0;-4.69;-2.34;30.20;112.3;46.5;38.82;61.18
16920;2649;96.0;48;31.37;8170.0;-4.69;-3.13;30.59;115.5;47.0;38.82;61.18
16933;2658;97.0;48;32.55;8500.0;-4.69;-3.13;30.59;118.7;48.5;45.10;54.90
16956;2667;97.0;48;34.12;8820.0;-5.47;-3.13;30.98;121.9;50.5;45.10;54.90
16970;2663;98.0;48;35.69;9140.0;-5.47;-3.13;31.37;125.0;52.0;45.10;54.90
16982;2658;98.0;48;36.86;9460.0;-5.47;-3.13;31.76;128.2;53.5;45.10;54.90
17000;2654;99.0;48;38.43;9790.0;-5.47;-3.13;32.16;131.4;55.0;45.10;54.90
17010;2650;99.0;48;39.61;10110.0;-6.25;-3.91;32.55;134.6;57.0;45.10;54.90
17022;2646;99.0;48;40.78;10250.0;-6.25;-3.91;32.55;137.8;58.5;45.10;54.90
17032;2642;99.0;48;42.35;10380.0;-6.25;-3.91;32.94;141.0;60.0;45.10;54.90
17052;2638;100.0;48;43.53;10520.0;-5.47;-3.91;33.33;144.2;61.5;45.10;54.90
17061;2634;100.0;48;44.71;10650.0;-5.47;-3.91;33.33;147.4;63.5;45.10;54.90
17069;2630;100.0;48;45.88;10790.0;-5.47;-3.13;33.73;149.3;65.0;45.10;54.90
17080;2626;100.0;48;47.06;10920.0;-5.47;-3.13;33.73;151.3;67.0;70.98;29.02
17097;2622;101.0;48;48.24;11060.0;-4.69;-3.13;33.73;153.3;68.5;70.98;29.02
17112;2629;101.0;48;49.80;11190.0;-4.69;-3.13;34.12;155.3;70.5;70.98;29.02
17132;2635;101.0;48;50.98;11330.0;-4.69;-3.13;34.12;157.3;72.0;70.98;29.02
17149;2642;102.0;48;52.16;11460.0;-4.69;-3.13;34.51;159.3;74.0;70.98;29.02
17162;2649;102.0;48;52.55;11600.0;-3.91;-2.34;34.51;161.3;75.5;70.98;29.02
17171;2655;102.0;48;53.33;11730.0;-3.91;-2.34;34.51;163.3;77.5;70.98;29.02
17179;2662;103.0;48;53.73;11850.0;-3.13;-2.34;34.90;165.2;79.0;70.98;29.02
17191;2668;103.0;48;54.12;11980.0;-3.13;-2.34;34.90;167.2;81.0;70.98;29.02
17200;2675;104.0;48;54.51;12110.0;-2.34;-1.56;35.29;169.2;82.5;70.98;29.02
17209;2682;104.0;48;55.29;12230.0;-2.34;-1.56;35.29;170.6;84.5;70.98;29.02
17223;2688;104.0;48;55.69;12360.0;-1.56;-1.56;35.69;172.0;85.5;85.10;14.90
17246;2695;105.0;48;56.08;12480.0;-1.56;-0.78;36.08;173.5;86.5;85.10;14.90
17263;2697;105.0;48;56.47;12610.0;-0.78;-0.78;36.47;174.9;87.5;85.10;14.90
17281;2699;105.0;48;57.25;12740.0;-0.78;0.00;36.47;176.3;88.5;85.10;14.90
17290;2701;106.0;48;57.65;12860.0;0.00;0.00;36.86;177.7;89.5;85.10;14.90
17299;2703;106.0;48;57.65;12990.0;0.00;0.00;37.25;179.1;90.5;85.10;14.90
17309;2705;106.0;48;57.65;13180.0;0.78;0.78;37.65;180.6;91.5;85.10;14.90
17322;2707;107.0;48;57.65;13380.0;0.78;0.78;37.65;182.0;92.5;85.10;14.90
17339;2709;107.0;48;57.65;13570.0;0.78;0.78;38.04;183.4;93.5;85.10;14.90
17352;2711;108.0;48;57.65;13760.0;0.78;0.78;38.43;184.8;94.5;85.10;14.90
17361;2713;108.0;48;58.04;13950.0;0.78;0.78;38.82;185.8;95.5;85.10;14.90
17370;2714;108.0;48;58.04;14150.0;0.78;0.78;39.61;186.8;95.5;85.88;14.12
17387;2716;109.0;48;58.04;14340.0;1.56;0.78;40.00;187.8;95.5;85.88;14.12
17400;2718;109.0;48;58.04;14530.0;1.56;1.56;40.39;188.8;96.0;85.88;14.12
17410;2720;110.0;48;58.04;14720.0;1.56;1.56;40.78;189.7;96.0;85.88;14.12
17422;2722;110.0;48;58.04;14920.0;1.56;1.56;41.18;190.7;96.0;85.88;14.12
17431;2724;111.0;48;58.43;15110.0;1.56;1.56;41.57;191.7;96.0;85.88;14.12
17440;2725;112.0;48;58.82;15130.0;1.56;1.56;42.35;192.7;96.0;85.88;14.12
17448;2727;112.0;48;58.82;15150.0;1.56;1.56;42.75;193.7;96.0;85.88;14.12
17462;2729;113.0;48;59.22;15170.0;1.56;1.56;43.14;194.6;96.5;85.88;14.12
17479;2731;113.0;48;59.61;15190.0;0.78;0.78;43.92;195.6;96.5;85.88;14.12
17492;2733;114.0;48;60.00;15210.0;0.78;0.78;44.31;196.3;96.5;85.88;14.12
17500;2735;115.0;48;60.39;15220.0;0.78;0.78;45.10;197.0;96.5;90.20;9.80
17522;2736;115.0;48;60.78;15240.0;0.78;0.78;45.88;197.7;96.5;90.20;9.80
17531;2738;116.0;48;60.78;15260.0;0.78;0.00;46.67;198.4;96.5;90.20;9.80
17543;2740;117.0;48;61.18;15280.0;0.78;0.00;47.06;199.1;96.5;90.20;9.80
17560;2741;118.0;48;61.57;15300.0;0.00;0.00;47.84;199.8;96.5;90.20;9.80
17568;2743;119.0;48;61.96;15320.0;0.00;0.00;48.63;200.5;96.5;90.20;9.80
17581;2745;120.0;48;62.35;15440.0;0.00;-0.78;49.41;201.1;96.5;90.20;9.80
17590;2746;121.0;48;62.35;15550.0;0.00;-0.78;49.80;201.8;96.5;90.20;9.80
17603;2748;121.0;48;62.75;15670.0;0.78;-0.78;50.59;202.5;96.5;90.20;9.80
17621;2750;122.0;48;63.14;15790.0;0.78;0.00;50.98;203.2;96.5;90.20;9.80
17631;2752;123.0;48;63.53;15910.0;0.78;0.00;51.37;205.1;96.5;90.20;9.80
17639;2753;124.0;48;63.92;16020.0;0.78;0.00;51.76;207.0;96.5;90.20;9.80
17661;2755;125.0;48;64.31;16140.0;1.56;0.00;52.16;209.0;96.5;90.20;9.80
17669;2759;126.0;48;64.31;16260.0;1.56;0.78;52.55;210.9;96.5;90.20;9.80
17680;2763;127.0;48;64.71;16380.0;1.56;0.78;52.94;212.8;96.5;90.20;9.80
17691;2768;128.0;48;65.10;16490.0;1.56;0.78;53.33;214.7;96.5;90.20;9.80
17700;2772;129.0;48;65.49;16610.0;2.34;0.78;53.73;216.6;96.5;90.20;9.80
17711;2776;130.0;48;65.88;16920.0;2.34;1.56;54.12;218.5;96.5;90.20;9.80
17720;2781;131.0;48;66.27;17240.0;2.34;1.56;54.51;220.5;96.5;90.20;9.80
17730;2785;132.0;48;66.67;17550.0;2.34;1.56;54.90;222.4;96.5;90.20;9.80
17750;2789;133.0;48;67.06;17860.0;2.34;1.56;55.29;224.3;96.5;90.20;9.80
17759;2793;134.0;48;67.45;18180.0;2.34;1.56;56.08;223.6;96.5;90.20;9.80
17771;2798;135.0;48;67.84;18490.0;2.34;1.56;56.47;222.8;96.5;90.20;9.80
17786;2802;136.0;48;68.24;18810.0;3.13;1.56;56.86;222.1;96.5;90.20;9.80
17800;2806;137.0;48;68.63;19120.0;3.13;2.34;57.25;221.4;96.5;90.20;9.80
17810;2811;138.0;48;69.02;19430.0;3.13;2.34;58.04;220.6;96.5;90.20;9.80
17821;2815;139.0;48;69.41;19750.0;3.13;2.34;58.43;219.9;96.5;90.20;9.80
17831;2820;140.0;48;69.41;20060.0;3.13;2.34;58.82;219.2;96.5;90.20;9.80
17840;2824;141.0;48;69.80;20080.0;3.13;2.34;59.22;218.4;96.5;90.20;9.80
17851;2829;142.0;48;69.80;20090.0;3.13;2.34;60.00;217.7;96.5;90.20;9.80
17859;2833;144.0;48;69.80;20110.0;3.13;2.34;60.39;217.0;96.5;90.20;9.80
17871;2838;145.0;48;69.80;20120.0;3.13;2.34;60.78;216.2;96.5;90.20;9.80
17880;2842;146.0;48;70.20;20140.0;3.13;2.34;61.57;215.7;96.5;90.20;9.80
17890;2847;147.0;48;70.20;20150.0;3.13;2.34;61.96;215.2;96.0;90.20;9.80
17907;2851;148.0;48;70.20;20170.0;3.91;2.34;62.35;214.7;95.5;90.20;9.80
17919;2856;149.0;48;70.20;20180.0;3.91;3.13;62.75;214.2;95.5;90.20;9.80
17931;2861;150.0;48;70.59;20200.0;3.91;3.13;63.53;213.8;95.0;90.20;9.80
17939;2866;151.0;48;70.59;20210.0;3.91;3.13;63.92;213.3;94.5;90.20;9.80
17951;2871;152.0;48;70.59;20230.0;3.91;3.13;64.31;212.8;94.0;90.20;9.80
17960;2876;153.0;48;70.59;20290.0;3.91;3.13;64.71;212.3;93.5;90.20;9.80
17970;2881;154.0;48;70.98;20340.0;3.91;3.13;65.49;211.8;93.0;90.20;9.80
17982;2885;156.0;48;70.98;20400.0;3.91;3.13;65.88;211.3;93.0;90.20;9.80
17991;2890;157.0;48;70.98;20460.0;3.91;3.13;67.06;210.8;92.5;90.20;9.80
18000;2895;158.0;48;70.98;20520.0;3.91;2.34;67.84;210.4;92.0;90.20;9.80
18010;2900;159.0;48;70.98;20570.0;3.91;2.34;69.02;210.1;91.0;90.20;9.80
18026;2905;160.0;48;70.98;20630.0;3.13;2.34;70.20;209.8;90.5;90.20;9.80
18040;2909;161.0;48;71.37;20690.0;3.13;2.34;71.37;209.4;89.5;90.20;9.80
18050;2914;162.0;48;71.37;20750.0;3.13;2.34;72.16;209.1;89.0;90.20;9.80
18059;2918;164.0;48;71.37;20800.0;3.13;2.34;73.33;208.8;88.0;90.20;9.80
18070;2923;165.0;48;71.37;20860.0;3.13;1.56;74.51;208.4;87.5;90.20;9.80
18081;2927;166.0;48;71.76;20820.0;3.13;1.56;75.69;208.1;86.5;90.20;9.80
18090;2932;168.0;48;71.76;20780.0;3.13;1.56;76.47;207.8;86.0;90.20;9.80
18100;2936;169.0;48;71.76;20750.0;3.13;1.56;77.65;207.5;85.0;90.20;9.80
18109;2941;171.0;48;72.16;20710.0;3.13;1.56;78.04;207.1;84.5;90.20;9.80
18121;2945;172.0;48;72.16;20670.0;3.13;1.56;78.82;207.3;83.5;90.20;9.80
18131;2950;173.0;48;72.55;20630.0;3.13;1.56;79.22;207.5;83.5;90.20;9.80
18146;2954;175.0;48;72.55;20590.0;2.34;1.56;80.00;207.8;83.0;90.20;9.80
18160;2958;176.0;48;72.55;20550.0;2.34;0.78;80.39;208.0;83.0;90.20;9.80
18169;2962;177.0;48;72.94;20520.0;2.34;0.78;81.18;208.2;82.5;90.20;9.80
18181;2965;179.0;48;72.94;20480.0;2.34;0.78;81.57;208.4;82.5;90.20;9.80
18189;2969;180.0;48;72.94;20440.0;2.34;0.78;82.35;208.6;82.0;90.20;9.80
18201;2973;181.0;48;73.33;20450.0;2.34;0.78;82.75;208.8;82.0;90.20;9.80
18212;2977;183.0;48;73.33;20450.0;2.34;0.78;83.53;209.0;81.5;90.20;9.80
18221;2980;184.0;48;73.33;20460.0;2.34;0.78;83.92;209.2;81.5;90.20;9.80
18230;2984;186.0;48;73.73;20470.0;1.56;0.78;84.31;209.4;81.0;90.20;9.80
18240;2988;187.0;48;73.73;20470.0;1.56;0.00;85.10;209.6;81.0;90.20;9.80
18249;2992;188.0;48;74.12;20480.0;1.56;0.00;85.49;209.8;81.0;90.20;9.80
18266;2995;190.0;48;74.12;20480.0;1.56;0.00;85.88;210.0;81.0;90.20;9.80
18281;3002;191.0;48;74.12;20490.0;1.56;0.00;86.27;210.2;80.5;90.20;9.80
18290;3009;192.0;48;74.51;20500.0;1.56;0.00;87.06;210.3;80.5;90.20;9.80
18299;3016;193.0;48;74.51;20500.0;0.78;0.00;87.45;210.5;80.5;90.20;9.80
18309;3023;194.0;48;72.16;20510.0;0.78;-0.78;87.84;210.7;80.5;90.20;9.80
18323;3029;195.0;48;70.20;20490.0;0.78;-0.78;88.24;210.9;80.5;90.20;9.80
18341;3036;196.0;48;67.84;20480.0;0.78;-0.78;89.02;211.1;80.5;90.20;9.80
18350;3043;196.0;48;65.49;20460.0;0.78;-0.78;89.41;211.3;80.0;90.20;9.80
18361;3050;197.0;48;63.53;20440.0;0.78;-0.78;89.41;211.5;80.0;90.20;9.80
18370;3057;198.0;48;61.18;20430.0;0.78;-1.56;89.80;211.5;80.0;90.20;9.80
18380;3064;199.0;48;59.22;20410.0;0.78;-1.56;89.80;211.6;80.0;90.20;9.80
18395;3070;200.0;48;56.86;20400.0;0.00;-1.56;89.80;211.6;80.0;90.20;9.80
18411;3076;201.0;48;54.51;20380.0;0.00;-1.56;90.20;211.7;80.0;90.20;9.80
18420;3082;202.0;48;52.55;20360.0;0.00;-1.56;90.20;211.8;80.0;90.20;9.80
18430;3088;202.0;48;50.20;20350.0;0.00;-1.56;90.59;211.8;80.0;90.20;9.80
18440;3094;203.0;48;49.41;20330.0;0.00;-2.34;90.59;211.9;79.5;90.20;9.80
18450;3100;203.0;48;48.24;20370.0;0.00;-2.34;90.59;212.0;79.5;90.20;9.80
18460;3106;204.0;48;47.45;20420.0;0.00;-2.34;90.98;212.0;79.5;90.20;9.80
18470;3112;204.0;48;46.67;20460.0;0.00;-2.34;90.98;212.1;79.5;90.20;9.80
18480;3118;205.0;48;45.49;20510.0;0.00;-2.34;91.37;212.2;79.5;90.20;9.80
18490;3124;205.0;48;44.71;20550.0;0.00;-2.34;92.16;212.2;79.5;90.20;9.80
18501;3130;206.0;48;43.53;20600.0;0.00;-2.34;92.55;212.2;79.0;90.20;9.80
18516;3136;206.0;48;42.75;20640.0;0.78;-2.34;92.94;212.2;78.0;90.20;9.80
18530;3140;207.0;48;41.96;20690.0;0.78;-2.34;93.73;212.2;77.5;90.20;9.80
18539;3145;207.0;48;40.78;20730.0;0.78;-2.34;94.12;212.2;77.0;90.20;9.80
18550;3150;207.0;48;40.00;20780.0;0.78;-2.34;94.90;212.2;76.5;90.20;9.80
18560;3154;207.0;48;39.61;20820.0;0.78;-2.34;95.29;212.3;75.5;90.20;9.80
18569;3159;207.0;48;39.22;20800.0;0.78;-2.34;95.69;212.3;75.0;90.20;9.80
18580;3164;207.0;48;38.82;20780.0;0.78;-2.34;96.47;212.3;74.5;90.20;9.80
18591;3169;208.0;48;38.43;20760.0;0.78;-2.34;96.86;212.3;74.0;90.20;9.80
18601;3173;208.0;48;38.04;20740.0;0.78;-2.34;96.47;212.3;73.0;90.20;9.80
18610;3178;208.0;48;37.25;20720.0;0.78;-2.34;95.69;212.2;72.5;90.20;9.80
18621;3183;208.0;48;36.86;20710.0;0.78;-2.34;95.29;212.1;72.5;90.20;9.80
18642;3187;208.0;48;36.47;20690.0;1.56;-2.34;94.90;212.1;72.5;90.20;9.80
18661;3194;208.0;48;36.08;20670.0;1.56;-1.56;94.12;212.0;73.0;90.20;9.80
18672;3200;208.0;48;35.69;20650.0;1.56;-1.56;93.73;211.9;73.0;90.20;9.80
18680;3206;208.0;48;35.29;20630.0;1.56;-1.56;92.94;211.9;73.0;90.20;9.80
18690;3212;207.0;48;35.29;20610.0;1.56;-1.56;92.55;211.8;73.0;90.20;9.80
18699;3218;207.0;48;34.90;20620.0;1.56;-1.56;92.16;211.7;73.0;90.20;9.80
18710;3224;207.0;48;34.90;20620.0;1.56;-1.56;91.37;211.6;73.0;90.20;9.80
18719;3230;207.0;48;34.90;20630.0;1.56;-1.56;90.98;211.6;73.5;90.20;9.80
18732;3236;207.0;47;34.51;20640.0;1.56;-1.56;90.98;211.5;73.5;90.20;9.80
18752;3243;207.0;47;34.51;20640.0;1.56;-1.56;91.37;211.3;73.5;90.20;9.80
18761;3249;206.0;47;34.12;20650.0;1.56;-1.56;91.37;211.2;73.5;90.20;9.80
18779;3255;206.0;47;34.12;20650.0;1.56;-1.56;91.37;211.0;73.0;90.20;9.80
18790;3264;206.0;47;34.12;20660.0;1.56;-0.78;91.76;210.9;73.0;90.20;9.80
18801;3273;206.0;47;33.73;20670.0;1.56;-0.78;91.76;210.7;73.0;90.20;9.80
18811;3282;206.0;47;33.73;20670.0;1.56;-0.78;92.16;210.6;72.5;90.20;9.80
18820;3292;206.0;47;34.12;20680.0;1.56;-0.78;92.16;210.4;72.5;90.20;9.80
18831;3301;206.0;47;34.12;20650.0;1.56;-0.78;92.16;210.3;72.0;90.20;9.80
18840;3310;206.0;47;34.51;20630.0;1.56;-0.78;92.55;210.1;72.0;90.20;9.80
18851;3319;205.0;47;34.51;20600.0;1.56;-0.78;92.55;210.0;72.0;90.20;9.80
18859;3329;205.0;47;34.90;20580.0;1.56;-0.78;92.55;209.8;71.5;90.20;9.80
18870;3338;205.0;47;34.90;20550.0;1.56;-0.78;92.55;209.9;71.5;90.20;9.80
18881;3347;205.0;47;35.29;20530.0;1.56;-0.78;92.55;209.9;71.5;90.20;9.80
18897;3356;205.0;47;35.29;20500.0;1.56;-0.78;92.55;210.0;71.5;90.20;9.80
18910;3357;205.0;47;35.69;20480.0;1.56;-0.78;92.55;210.1;71.5;90.20;9.80
18921;3357;205.0;47;35.69;20450.0;1.56;-0.78;92.16;210.1;71.5;90.20;9.80
18932;3358;204.0;47;36.08;20430.0;1.56;-0.78;92.16;210.2;71.5;90.20;9.80
18951;3358;204.0;47;36.08;20400.0;1.56;-0.78;92.16;210.2;71.5;90.20;9.80
18962;3359;204.0;47;36.47;20440.0;1.56;-0.78;92.16;210.3;71.5;90.20;9.80
18972;3359;204.0;47;36.47;20490.0;1.56;-0.78;92.16;210.4;71.5;90.20;9.80
18982;3360;203.0;47;36.47;20530.0;1.56;-0.78;92.16;210.4;71.5;90.20;9.80
18991;3360;203.0;47;36.86;20580.0;1.56;-0.78;92.16;210.5;71.5;90.20;9.80
19000;3361;203.0;47;36.86;20620.0;1.56;-0.78;92.16;210.5;71.5;90.20;9.80
19011;3362;203.0;47;37.25;20670.0;1.56;-0.78;92.16;210.5;71.5;90.20;9.80
19026;3362;202.0;47;37.25;20710.0;1.56;-0.78;92.16;210.5;71.5;90.20;9.80
19041;3368;202.0;47;37.25;20760.0;1.56;-0.78;92.16;210.5;71.5;90.20;9.80
19049;3374;202.0;47;37.65;20800.0;1.56;-0.78;91.76;210.5;71.5;90.20;9.80
19059;3380;202.0;47;37.65;20850.0;1.56;-0.78;91.76;210.5;71.5;90.20;9.80
19070;3385;203.0;47;37.65;20890.0;1.56;-0.78;91.76;210.5;71.5;90.20;9.80
19082;3391;203.0;47;38.04;20870.0;1.56;-0.78;91.76;210.6;71.5;90.20;9.80
19090;3397;203.0;47;38.04;20860.0;1.56;-0.78;91.76;210.6;71.5;90.20;9.80
19102;3403;203.0;47;38.04;20840.0;1.56;-0.78;91.76;210.6;71.5;90.20;9.80
19111;3409;203.0;47;38.04;20830.0;1.56;-0.78;91.76;210.6;71.5;90.20;9.80
19122;3415;203.0;47;38.43;20810.0;1.56;-0.78;91.76;210.6;71.5;90.20;9.80
19132;3421;204.0;47;38.43;20800.0;1.56;-0.78;91.37;210.6;71.5;90.20;9.80
19156;3426;204.0;47;38.43;20780.0;0.78;-0.78;91.37;210.6;71.5;90.20;9.80
19171;3433;204.0;47;38.43;20770.0;0.78;-0.78;91.37;210.6;71.5;90.20;9.80
19181;3439;204.0;47;38.82;20750.0;0.78;-0.78;91.37;210.6;71.5;90.20;9.80
19190;3445;203.0;47;38.82;20740.0;0.78;-0.78;91.37;210.6;71.5;90.20;9.80
19201;3451;203.0;47;39.22;20720.0;0.78;-0.78;91.37;210.6;72.0;90.20;9.80
19211;3457;203.0;47;39.22;20650.0;0.78;-0.78;90.98;210.6;72.0;90.20;9.80
19220;3463;202.0;47;39.61;20570.0;0.78;-0.78;90.98;210.6;72.0;90.20;9.80
19230;3469;202.0;47;39.61;20500.0;0.78;-0.78;90.98;210.6;72.0;90.20;9.80
19241;3475;201.0;47;40.00;20430.0;0.78;-0.78;90.98;210.7;72.0;90.20;9.80
19250;3482;201.0;47;40.00;20360.0;0.78;-0.78;90.98;210.7;72.0;90.20;9.80
19261;3488;201.0;47;40.39;20280.0;0.78;-0.78;90.98;210.7;72.0;90.20;9.80
19277;3494;200.0;47;40.39;20210.0;0.78;-0.78;90.98;210.7;72.0;90.20;9.80
19291;3499;200.0;47;40.78;20140.0;0.78;-0.78;90.98;210.7;72.5;90.20;9.80
19299;3505;200.0;47;40.78;20070.0;0.78;-0.78;90.98;210.7;72.5;90.20;9.80
19310;3510;200.0;47;41.18;19990.0;0.78;-0.78;90.98;210.6;72.5;90.20;9.80
19322;3515;200.0;47;41.18;19920.0;0.78;-0.78;90.98;210.6;72.5;90.20;9.80
19331;3521;200.0;47;41.18;20000.0;0.78;-0.78;90.98;210.6;72.5;90.20;9.80
19341;3526;200.0;47;41.57;20080.0;0.78;-0.78;90.98;210.6;72.5;90.20;9.80
19351;3532;200.0;47;41.57;20160.0;0.78;-0.78;90.98;210.6;73.0;90.20;9.80
19360;3537;200.0;47;41.57;20240.0;0.78;-0.78;90.98;210.6;73.0;90.20;9.80
19371;3542;200.0;47;41.57;20320.0;0.78;-0.78;91.37;210.6;73.0;90.20;9.80
19382;3548;200.0;47;41.57;20390.0;0.78;-0.78;91.37;210.6;73.0;90.20;9.80
19397;3553;200.0;47;41.57;20470.0;0.00;-0.78;91.37;210.5;73.0;90.20;9.80
19411;3557;200.0;47;41.96;20550.0;0.00;-0.78;91.37;210.5;73.0;90.20;9.80
19421;3562;200.0;47;41.96;20630.0;0.00;-0.78;91.76;210.5;73.0;90.20;9.80
19430;3566;201.0;47;41.96;20710.0;0.00;-0.78;91.76;210.4;73.0;90.20;9.80
19441;3570;201.0;47;41.96;20790.0;0.00;-0.78;91.76;210.4;73.5;90.20;9.80
19451;3574;201.0;47;41.96;20720.0;0.00;-0.78;91.76;210.4;73.5;90.20;9.80
19460;3579;202.0;47;42.35;20660.0;0.00;-0.78;92.16;210.3;73.5;90.20;9.80
19469;3583;202.0;47;42.35;20590.0;0.00;-0.78;92.16;210.3;73.5;90.20;9.80
19481;3587;203.0;47;42.35;20520.0;0.00;-0.78;92.16;210.3;73.5;90.20;9.80
19491;3592;203.0;47;42.35;20460.0;0.00;-0.78;91.76;210.3;73.5;90.20;9.80
19500;3596;203.0;47;42.35;20390.0;0.00;-0.78;91.76;210.3;73.5;90.20;9.80
19517;3600;204.0;47;42.35;20330.0;-0.78;-0.78;91.76;210.3;73.5;90.20;9.80
19531;3607;204.0;47;42.75;20260.0;-0.78;-0.78;91.76;210.2;73.0;90.20;9.80
19541;3615;204.0;47;42.75;20190.0;-0.78;-0.78;91.37;210.2;73.0;90.20;9.80
19551;3622;204.0;47;42.75;20130.0;-0.78;-0.78;91.37;210.2;73.0;90.20;9.80
19560;3630;204.0;47;42.75;20060.0;-0.78;-0.78;91.37;210.2;73.0;90.20;9.80
19571;3637;204.0;47;42.75;20070.0;-0.78;-0.78;91.37;210.2;73.0;90.20;9.80
19582;3644;204.0;47;42.75;20080.0;-0.78;-0.78;90.98;210.2;73.0;90.20;9.80
19592;3652;203.0;47;42.75;20090.0;-0.78;-0.78;90.98;210.2;72.5;90.20;9.80
19603;3659;203.0;47;42.75;20100.0;-0.78;-0.78;90.98;210.2;72.5;90.20;9.80
19621;3666;203.0;47;42.75;20110.0;-0.78;-0.78;91.37;210.2;72.5;90.20;9.80
19631;3674;203.0;47;42.75;20110.0;-0.78;-0.78;91.37;210.1;72.5;90.20;9.80
19646;3681;203.0;47;42.75;20120.0;-0.78;-0.78;91.37;210.0;72.5;90.20;9.80
19661;3691;203.0;47;42.75;20130.0;-0.78;-1.56;91.37;210.0;72.5;90.20;9.80
19670;3700;203.0;47;42.75;20140.0;-0.78;-1.56;91.76;209.9;72.5;90.20;9.80
19681;3709;203.0;47;42.75;20150.0;-0.78;-1.56;91.76;209.9;72.5;90.20;9.80
19690;3719;203.0;47;42.75;20160.0;-0.78;-1.56;91.76;209.8;73.0;90.20;9.80
19701;3728;203.0;47;42.75;20190.0;-0.78;-1.56;91.76;209.8;73.0;90.20;9.80
19710;3738;203.0;47;42.75;20220.0;-0.78;-1.56;92.16;209.7;73.0;90.20;9.80
19722;3747;203.0;47;42.75;20260.0;-0.78;-1.56;92.16;209.6;73.0;90.20;9.80
19731;3757;203.0;46;42.75;20290.0;-0.78;-1.56;92.16;209.6;73.0;90.20;9.80
19750;3766;203.0;46;42.75;20320.0;-0.78;-1.56;92.16;209.5;73.0;90.20;9.80
19773;3775;203.0;46;42.75;20350.0;-0.78;-1.56;92.16;209.3;73.0;90.20;9.80
19798;3785;203.0;46;42.75;20380.0;-0.78;-1.56;92.16;209.2;73.0;90.20;9.80
19812;3786;203.0;46;42.75;20410.0;-0.78;-2.34;92.16;209.1;73.0;90.20;9.80
19820;3786;203.0;46;42.75;20450.0;-0.78;-2.34;92.16;208.9;73.0;90.20;9.80
19831;3787;203.0;46;42.75;20480.0;-0.78;-2.34;92.16;208.8;73.0;90.20;9.80
19841;3788;203.0;46;42.75;20510.0;-0.78;-2.34;92.16;208.7;73.0;90.20;9.80
19850;3789;203.0;46;42.75;20510.0;-0.78;-2.34;92.16;208.5;73.0;90.20;9.80
19861;3790;203.0;46;42.35;20520.0;-0.78;-2.34;92.16;208.4;73.0;90.20;9.80
19871;3790;202.0;46;42.35;20520.0;-0.78;-2.34;92.16;208.3;73.0;90.20;9.80
19881;3791;202.0;46;42.35;20520.0;-0.78;-2.34;92.16;208.2;73.0;90.20;9.80
19890;3792;202.0;46;42.35;20520.0;-0.78;-2.34;92.16;208.2;73.0;90.20;9.80
19902;3793;202.0;46;42.35;20530.0;-0.78;-2.34;91.76;208.3;73.0;90.20;9.80
19916;3794;202.0;46;42.35;20530.0;-1.56;-2.34;91.76;208.4;72.5;90.20;9.80
19931;3794;202.0;46;41.96;20530.0;-1.56;-3.13;91.76;208.5;72.5;90.20;9.80
19941;3794;202.0;46;41.96;20530.0;-1.56;-3.13;91.76;208.6;72.5;90.20;9.80
19952;3794;202.0;46;41.96;20540.0;-1.56;-3.13;91.76;208.7;72.5;90.20;9.80
19961;3795;201.0;46;41.96;20540.0;-1.56;-3.13;91.76;208.7;72.0;90.20;9.80
19970;3795;201.0;46;41.96;20510.0;-1.56;-3.13;91.37;208.8;72.0;90.20;9.80
19980;3795;201.0;46;41.96;20470.0;-1.56;-3.13;91.37;208.9;72.0;90.20;9.80
19991;3795;201.0;46;41.96;20440.0;-1.56;-3.13;91.37;209.0;72.0;90.20;9.80
20001;3796;201.0;46;41.96;20400.0;-1.56;-3.13;91.37;209.1;71.5;90.20;9.80
20011;3796;201.0;46;41.96;20370.0;-1.56;-3.13;91.37;209.0;71.5;90.20;9.80
20021;3796;200.0;46;41.96;20330.0;-1.56;-3.13;90.98;209.0;71.5;90.20;9.80
20036;3796;200.0;46;41.96;20300.0;-1.56;-3.13;90.98;208.9;71.5;90.20;9.80
20050;3804;200.0;46;41.96;20260.0;-1.56;-3.13;90.98;208.9;72.0;90.20;9.80
20061;3813;200.0;46;41.96;20230.0;-1.56;-3.13;90.98;208.8;72.0;90.20;9.80
20071;3821;200.0;46;41.96;20190.0;-1.56;-3.13;90.98;208.7;72.0;90.20;9.80
20080;3829;199.0;46;41.96;20160.0;-1.56;-3.13;90.98;208.7;72.0;90.20;9.80
20091;3837;199.0;46;41.96;20190.0;-1.56;-3.13;90.59;208.6;72.0;90.20;9.80
20101;3845;199.0;46;42.35;20220.0;-1.56;-3.13;90.59;208.6;72.0;90.20;9.80
20110;3853;199.0;46;42.35;20260.0;-1.56;-3.13;90.59;208.5;72.5;90.20;9.80
20122;3861;199.0;46;42.35;20290.0;-1.56;-3.13;90.59;208.4;72.5;90.20;9.80
20130;3869;199.0;46;42.35;20320.0;-1.56;-3.13;90.59;208.4;72.5;90.20;9.80
20142;3877;198.0;46;42.35;20350.0;-1.56;-3.13;90.98;208.3;72.5;90.20;9.80
20158;3885;198.0;46;42.35;20380.0;-1.56;-3.13;90.98;208.2;72.5;90.20;9.80
20170;3887;198.0;46;42.75;20410.0;-1.56;-3.13;90.98;208.2;72.5;90.20;9.80
20181;3890;198.0;46;42.75;20450.0;-1.56;-3.13;90.98;208.1;72.5;90.20;9.80
20190;3892;199.0;46;42.75;20480.0;-1.56;-3.13;90.98;208.0;72.5;90.20;9.80
20200;3894;199.0;46;42.75;20510.0;-1.56;-3.13;90.98;207.9;72.0;90.20;9.80
20212;3896;199.0;46;42.75;20530.0;-1.56;-3.13;91.37;207.9;72.0;90.20;9.80
20220;3899;199.0;46;42.75;20550.0;-1.56;-3.13;91.37;207.8;72.0;90.20;9.80
20231;3901;200.0;46;42.75;20580.0;-1.56;-3.13;91.37;207.7;72.0;90.20;9.80
20241;3903;200.0;46;42.75;20600.0;-1.56;-3.13;91.37;207.7;72.0;90.20;9.80
20252;3905;200.0;46;43.14;20620.0;-1.56;-3.13;91.37;207.6;72.0;90.20;9.80
20270;3908;200.0;46;43.14;20640.0;-1.56;-3.13;91.37;207.5;72.0;90.20;9.80
20286;3910;201.0;46;43.14;20660.0;-2.34;-3.13;91.37;207.5;72.0;90.20;9.80
20301;3917;201.0;46;43.14;20680.0;-2.34;-3.91;91.37;207.4;72.0;90.20;9.80
20310;3924;201.0;46;43.14;20710.0;-2.34;-3.91;91.37;207.3;72.0;90.20;9.80
20321;3931;201.0;46;43.14;20730.0;-2.34;-3.91;91.37;207.3;72.0;90.20;9.80
20332;3938;200.0;46;43.14;20750.0;-2.34;-3.91;91.37;207.2;71.5;90.20;9.80
20352;3945;200.0;46;43.14;20790.0;-2.34;-3.91;91.37;207.1;71.5;90.20;9.80
20362;3952;200.0;46;43.14;20830.0;-2.34;-3.91;91.37;207.0;71.5;90.20;9.80
20371;3959;200.0;46;43.14;20870.0;-2.34;-3.91;91.37;207.0;71.5;90.20;9.80
20381;3966;200.0;46;43.14;20910.0;-2.34;-3.91;91.37;206.9;71.5;90.20;9.80
20390;3973;200.0;46;42.75;20950.0;-2.34;-3.91;91.37;206.9;71.5;90.20;9.80
20401;3980;199.0;46;42.75;21000.0;-2.34;-3.91;91.37;206.8;71.5;90.20;9.80
20423;3987;199.0;46;42.75;21040.0;-2.34;-3.91;91.37;206.8;71.5;90.20;9.80
20431;3986;199.0;46;42.75;21080.0;-2.34;-4.69;91.37;206.8;71.5;90.20;9.80
20441;3986;199.0;46;42.75;21120.0;-2.34;-4.69;91.37;206.7;71.5;90.20;9.80
20450;3985;199.0;46;42.75;21160.0;-2.34;-4.69;91.37;206.7;71.5;90.20;9.80
20461;3985;199.0;46;42.75;21200.0;-2.34;-4.69;91.37;206.7;72.0;90.20;9.80
20472;3984;199.0;46;42.75;21130.0;-2.34;-4.69;91.37;206.6;72.0;90.20;9.80
20481;3983;199.0;46;42.75;21070.0;-2.34;-4.69;91.37;206.6;72.0;90.20;9.80
20492;3983;198.0;46;42.75;21000.0;-2.34;-4.69;91.37;206.6;72.0;90.20;9.80
20502;3982;198.0;46;42.75;20930.0;-2.34;-4.69;91.37;206.5;72.0;90.20;9.80
20521;3982;198.0;46;42.75;20870.0;-2.34;-4.69;91.37;206.6;72.0;90.20;9.80
20532;3981;198.0;46;42.75;20800.0;-2.34;-4.69;91.37;206.7;72.0;90.20;9.80
20545;3981;198.0;46;42.75;20740.0;-3.13;-4.69;91.37;206.8;72.0;90.20;9.80
20560;3992;198.0;46;42.75;20670.0;-3.13;-3.91;91.37;206.9;71.5;90.20;9.80
20571;4003;198.0;46;42.75;20600.0;-3.13;-3.91;90.98;207.0;71.5;90.20;9.80
20580;4014;198.0;46;42.75;20540.0;-3.13;-3.91;90.98;207.1;71.5;90.20;9.80
20592;4025;198.0;46;42.75;20470.0;-3.13;-3.91;90.98;207.2;71.5;90.20;9.80
20602;4036;198.0;46;43.14;20490.0;-3.13;-3.91;90.98;207.3;71.5;90.20;9.80
20610;4047;198.0;46;43.14;20520.0;-3.13;-3.91;90.98;207.3;71.5;90.20;9.80
20622;4058;199.0;46;43.14;20540.0;-3.13;-3.91;90.98;207.4;71.0;90.20;9.80
20630;4070;199.0;46;43.14;20560.0;-3.13;-3.91;90.98;207.5;71.0;90.20;9.80
20641;4081;199.0;46;43.53;20580.0;-3.13;-3.91;90.98;207.6;71.0;90.20;9.80
20651;4092;199.0;46;43.53;20610.0;-3.13;-3.91;90.98;207.6;71.0;90.20;9.80
20665;4103;199.0;46;43.53;20630.0;-2.34;-3.91;90.98;207.6;71.0;90.20;9.80
20681;4106;199.0;46;43.53;20650.0;-2.34;-3.91;90.98;207.7;71.0;90.20;9.80
20693;4108;199.0;46;43.92;20670.0;-2.34;-3.91;91.37;207.7;71.0;90.20;9.80
20711;4111;199.0;46;43.92;20700.0;-2.34;-3.91;91.37;207.8;71.0;90.20;9.80
20720;4114;199.0;46;43.92;20720.0;-2.34;-3.91;91.37;207.8;71.0;90.20;9.80
20731;4116;199.0;46;44.31;20660.0;-2.34;-3.91;91.37;207.9;71.0;90.20;9.80
20752;4119;199.0;46;44.31;20590.0;-2.34;-3.91;91.37;207.9;71.0;90.20;9.80
20772;4122;200.0;46;44.31;20530.0;-2.34;-3.91;91.37;207.9;71.0;90.20;9.80
20781;4124;200.0;46;44.31;20470.0;-2.34;-3.91;91.37;208.0;71.0;90.20;9.80
20792;4127;200.0;46;44.71;20400.0;-2.34;-3.91;91.37;208.1;71.0;90.20;9.80
20803;4130;200.0;46;44.71;20340.0;-2.34;-3.91;91.37;208.3;71.0;90.20;9.80
20826;4132;200.0;46;44.71;20270.0;-3.13;-3.91;91.37;208.4;71.5;90.20;9.80
20840;4135;200.0;46;44.71;20210.0;-3.13;-3.91;91.37;208.6;71.5;90.20;9.80
20851;4138;200.0;46;45.10;20150.0;-3.13;-3.91;90.98;208.8;71.5;90.20;9.80
20860;4141;200.0;46;45.10;20080.0;-3.13;-3.91;90.98;208.9;71.5;90.20;9.80
20871;4144;200.0;46;45.10;20020.0;-3.13;-3.91;90.98;209.1;72.0;90.20;9.80
20884;4147;200.0;46;45.49;20080.0;-3.13;-3.91;90.98;209.2;72.0;90.20;9.80
20901;4150;200.0;46;45.49;20150.0;-3.13;-3.91;90.98;209.4;72.0;90.20;9.80
20912;4153;201.0;46;45.88;20210.0;-3.13;-3.91;90.98;209.5;72.0;90.20;9.80
20921;4156;201.0;46;45.88;20270.0;-3.13;-3.91;90.98;209.7;72.5;90.20;9.80
20929;4159;201.0;46;46.27;20340.0;-3.13;-3.91;91.37;209.6;72.5;90.20;9.80
20940;4162;201.0;46;46.27;20400.0;-3.13;-3.91;91.37;209.6;72.5;90.20;9.80
20956;4165;201.0;46;46.67;20470.0;-3.13;-3.91;91.37;209.6;72.5;90.20;9.80
20970;4173;201.0;46;46.67;20530.0;-3.13;-3.13;91.37;209.5;72.5;90.20;9.80
20981;4180;201.0;46;47.06;20590.0;-3.13;-3.13;91.76;209.5;72.5;90.20;9.80
20989;4187;201.0;46;47.06;20660.0;-3.13;-3.13;91.76;209.4;72.5;90.20;9.80
20998;4194;200.0;46;47.06;20720.0;-3.13;-3.13;91.76;209.4;72.0;90.20;9.80
21012;4201;200.0;46;47.06;20660.0;-3.13;-3.13;91.76;209.3;72.0;90.20;9.80
21023;4208;200.0;46;47.06;20600.0;-3.13;-3.13;92.16;209.3;72.0;90.20;9.80
21041;4216;200.0;46;47.06;20540.0;-3.13;-3.13;92.16;209.2;72.0;90.20;9.80
21050;4223;200.0;46;47.06;20480.0;-3.13;-3.13;92.16;209.2;72.0;90.20;9.80
21061;4230;200.0;46;47.06;20420.0;-3.13;-3.13;91.76;209.3;72.0;90.20;9.80
21069;4237;199.0;46;47.06;20360.0;-3.13;-3.13;91.76;209.4;72.0;90.20;9.80
21087;4244;199.0;46;47.06;20300.0;-2.34;-3.13;91.76;209.5;72.0;90.20;9.80
21098;4251;199.0;46;47.06;20240.0;-2.34;-3.13;91.76;209.5;72.0;90.20;9.80
21110;4257;199.0;46;47.06;20180.0;-2.34;-3.13;91.37;209.6;72.0;90.20;9.80
21122;4264;199.0;46;47.06;20120.0;-2.34;-3.13;91.37;209.7;72.0;90.20;9.80
21130;4270;199.0;46;47.45;20060.0;-2.34;-3.13;91.37;209.8;71.5;90.20;9.80
21139;4277;199.0;46;47.84;20080.0;-2.34;-3.13;91.37;209.9;71.5;90.20;9.80
21150;4283;199.0;46;48.63;20090.0;-2.34;-3.13;90.98;210.0;71.5;90.20;9.80
21161;4290;199.0;46;49.02;20110.0;-2.34;-3.13;90.98;210.1;71.5;90.20;9.80
21171;4296;199.0;46;49.41;20120.0;-2.34;-3.13;90.98;210.2;71.5;90.20;9.80
21179;4303;199.0;46;49.80;20140.0;-2.34;-3.13;90.98;211.5;71.5;90.20;9.80
21192;4309;199.0;46;50.20;20150.0;-2.34;-3.13;91.37;212.8;71.5;90.20;9.80
21204;4316;199.0;46;50.59;20170.0;-2.34;-3.13;91.37;214.1;72.0;90.20;9.80
21221;4326;199.0;46;51.37;20180.0;-2.34;-3.13;91.37;215.4;72.0;90.20;9.80
21232;4336;199.0;46;51.76;20200.0;-2.34;-3.13;91.37;216.7;72.5;90.20;9.80
21240;4346;199.0;46;52.16;20210.0;-2.34;-3.13;91.37;218.0;72.5;90.20;9.80
21251;4356;199.0;46;54.90;20230.0;-2.34;-3.13;91.37;219.4;73.0;90.20;9.80
21262;4366;199.0;46;57.25;20260.0;-2.34;-3.13;91.76;220.7;73.0;90.20;9.80
21284;4376;199.0;46;60.00;20300.0;-2.34;-3.13;91.76;222.0;73.5;90.20;9.80
21299;4386;200.0;46;62.35;20330.0;-2.34;-3.13;91.76;223.3;73.5;90.20;9.80
21311;4396;200.0;46;65.10;20370.0;-2.34;-3.13;91.76;224.6;74.0;90.20;9.80
21322;4406;200.0;46;67.45;20400.0;-2.34;-3.13;91.76;224.6;74.0;90.20;9.80
21331;4417;200.0;46;70.20;20440.0;-2.34;-3.13;91.76;224.5;74.0;90.20;9.80
21346;4427;200.0;46;72.55;20470.0;-2.34;-3.13;91.76;224.4;74.0;90.20;9.80
21360;4430;200.0;46;75.29;20510.0;-2.34;-3.91;91.76;224.4;74.0;90.20;9.80
21370;4433;200.0;46;77.65;20540.0;-2.34;-3.91;91.37;224.3;74.0;90.20;9.80
21383;4436;201.0;46;80.39;20580.0;-2.34;-3.91;91.37;224.3;74.0;90.20;9.80
21399;4439;201.0;46;80.39;20610.0;-2.34;-3.91;91.37;224.2;74.0;90.20;9.80
21412;4442;201.0;46;80.39;20600.0;-2.34;-3.91;91.37;224.1;74.0;90.20;9.80
21430;4445;201.0;46;80.39;20600.0;-2.34;-3.91;91.37;224.1;74.0;90.20;9.80
21442;4448;202.0;46;80.39;20590.0;-2.34;-3.91;91.37;224.0;74.0;90.20;9.80
21463;4452;202.0;46;80.39;20580.0;-2.34;-3.91;91.37;224.0;74.0;90.20;9.80
21479;4455;202.0;46;80.39;20580.0;-2.34;-3.91;91.37;224.0;74.0;90.20;9.80
21492;4458;202.0;46;80.39;20570.0;-2.34;-3.91;91.37;224.0;74.0;90.20;9.80
21514;4461;203.0;46;80.39;20570.0;-3.13;-3.91;91.37;224.0;74.0;90.20;9.80
21528;4462;203.0;46;80.39;20560.0;-3.13;-3.91;91.37;224.0;74.0;90.20;9.80
21540;4464;203.0;46;80.39;20550.0;-3.13;-3.91;91.37;224.0;74.0;90.20;9.80
21550;4466;204.0;46;80.39;20550.0;-3.13;-3.91;91.37;224.0;74.0;90.20;9.80
21561;4467;204.0;46;80.39;20540.0;-3.13;-3.91;91.37;224.0;74.0;90.20;9.80
21570;4469;204.0;46;80.39;20520.0;-3.13;-3.91;91.37;224.0;74.0;90.20;9.80
21580;4470;205.0;46;80.39;20500.0;-3.13;-3.91;91.37;224.0;74.0;90.20;9.80
21590;4472;205.0;46;80.39;20480.0;-3.13;-3.91;91.37;223.9;74.0;90.20;9.80
21600;4473;206.0;46;80.39;20460.0;-3.13;-3.91;91.37;223.9;74.0;90.20;9.80
21622;4475;206.0;46;80.39;20440.0;-3.13;-3.91;91.76;224.0;74.0;90.20;9.80
21642;4476;206.0;46;80.39;20430.0;-3.13;-3.91;91.76;224.0;74.0;90.20;9.80
21665;4478;207.0;46;80.39;20410.0;-2.34;-3.91;92.16;224.0;74.5;90.20;9.80
21681;4487;207.0;46;80.39;20390.0;-2.34;-3.13;92.16;224.0;74.5;90.20;9.80
21692;4496;207.0;46;80.39;20370.0;-2.34;-3.13;92.55;224.0;74.5;90.20;9.80
21701;4505;208.0;46;80.39;20350.0;-2.34;-3.13;92.55;224.0;74.5;90.20;9.80
21710;4514;208.0;46;80.39;20330.0;-2.34;-3.13;92.94;224.0;75.0;90.20;9.80
21722;4523;208.0;46;80.39;20360.0;-2.34;-3.13;92.94;224.0;75.0;90.20;9.80
21730;4532;209.0;46;80.39;20380.0;-2.34;-3.13;93.33;224.0;75.0;90.20;9.80
21751;4541;209.0;46;80.39;20410.0;-2.34;-3.13;93.33;224.0;75.0;90.20;9.80
21759;4550;210.0;46;80.39;20430.0;-2.34;-3.13;93.33;224.1;75.5;90.20;9.80
21772;4559;210.0;46;80.39;20460.0;-2.34;-3.13;93.33;224.1;75.5;90.20;9.80
21780;4568;210.0;46;80.39;20480.0;-2.34;-3.13;93.73;224.1;75.5;90.20;9.80
21798;4577;211.0;46;80.39;20510.0;-2.34;-3.13;93.73;224.1;75.5;90.20;9.80
21811;4588;211.0;46;80.39;20530.0;-2.34;-2.34;93.73;224.1;75.5;90.20;9.80
21823;4599;211.0;46;80.39;20560.0;-2.34;-2.34;93.73;224.1;75.5;90.20;9.80
21841;4611;210.0;46;80.39;20580.0;-2.34;-2.34;93.73;224.1;75.5;90.20;9.80
21850;4622;210.0;46;80.39;20610.0;-2.34;-2.34;93.73;224.2;76.0;90.20;9.80
21861;4633;210.0;46;80.39;20600.0;-2.34;-2.34;94.12;224.2;76.0;90.20;9.80
21870;4644;210.0;46;80.39;20590.0;-2.34;-2.34;94.12;224.2;76.0;90.20;9.80
21880;4656;209.0;46;80.39;20580.0;-2.34;-2.34;94.12;224.2;76.0;90.20;9.80
21890;4667;209.0;46;80.39;20570.0;-2.34;-2.34;94.12;224.2;76.0;90.20;9.80
21899;4678;209.0;46;80.39;20560.0;-2.34;-2.34;94.51;224.2;76.0;90.20;9.80
21909;4690;209.0;46;80.39;20560.0;-2.34;-2.34;94.51;224.3;76.0;90.20;9.80
21926;4701;208.0;46;80.39;20550.0;-2.34;-2.34;94.90;224.3;75.5;90.20;9.80
21940;4709;208.0;46;80.39;20540.0;-2.34;-3.13;94.90;224.3;75.5;90.20;9.80
21952;4718;208.0;46;80.39;20530.0;-2.34;-3.13;95.29;224.3;75.5;90.20;9.80
21960;4727;208.0;46;80.39;20520.0;-2.34;-3.13;95.29;224.3;75.5;90.20;9.80
21972;4735;208.0;46;80.39;20510.0;-2.34;-3.13;95.69;224.3;75.0;90.20;9.80
21980;4744;208.0;46;80.39;20510.0;-2.34;-3.13;95.69;224.4;75.0;90.20;9.80
21989;4752;208.0;46;80.39;20500.0;-2.34;-3.13;96.08;224.4;75.0;90.20;9.80
22000;4761;208.0;46;80.39;20500.0;-2.34;-3.13;96.08;224.4;75.0;90.20;9.80
22009;4770;208.0;46;80.39;20500.0;-2.34;-3.13;96.08;224.4;74.5;90.20;9.80
22021;4778;208.0;46;80.39;20490.0;-2.34;-3.13;96.08;224.3;74.5;90.20;9.80
22030;4787;208.0;46;80.39;20490.0;-2.34;-3.13;96.08;224.1;74.5;90.20;9.80
22045;4795;208.0;46;80.39;20480.0;-2.34;-3.13;96.08;224.0;75.0;90.20;9.80
22061;4796;208.0;46;80.39;20480.0;-2.34;-3.91;96.08;223.9;75.0;90.20;9.80
22069;4797;208.0;46;80.39;20480.0;-2.34;-3.91;96.47;223.7;75.0;90.20;9.80
22080;4798;209.0;46;80.39;20470.0;-2.34;-3.91;96.47;223.6;75.5;90.20;9.80
22091;4799;209.0;46;80.39;20470.0;-2.34;-3.91;96.47;223.5;75.5;90.20;9.80
22100;4800;209.0;46;80.39;20480.0;-2.34;-3.91;96.47;223.3;76.0;90.20;9.80
22111;4800;210.0;46;80.39;20500.0;-2.34;-3.91;96.47;223.2;76.0;90.20;9.80
22123;4801;210.0;46;80.39;20510.0;-2.34;-3.91;96.47;223.0;76.0;90.20;9.80
22141;4802;211.0;47;80.39;20520.0;-2.34;-3.91;96.47;222.9;76.5;90.20;9.80
22150;4803;211.0;47;80.00;20530.0;-2.34;-3.91;96.47;222.8;76.5;90.20;9.80
22160;4804;211.0;47;80.00;20550.0;-2.34;-3.91;96.86;222.7;76.5;90.20;9.80
22176;4805;212.0;47;80.00;20560.0;-3.13;-3.91;96.86;222.5;76.0;90.20;9.80
22190;4812;212.0;47;80.00;20570.0;-3.13;-3.91;96.86;222.4;76.0;90.20;9.80
22199;4819;212.0;47;80.00;20580.0;-3.13;-3.91;96.86;222.3;76.0;90.20;9.80
22211;4827;212.0;47;80.00;20600.0;-3.13;-3.91;96.86;222.2;76.0;90.20;9.80
22222;4834;212.0;47;80.00;20610.0;-3.13;-3.91;96.86;222.0;75.5;90.20;9.80
22231;4841;212.0;47;80.00;20600.0;-3.13;-3.91;97.25;221.9;75.5;90.20;9.80
22240;4848;212.0;47;80.00;20600.0;-3.13;-3.91;97.25;221.8;75.5;90.20;9.80
22251;4856;211.0;47;80.00;20590.0;-3.13;-3.91;97.25;221.6;75.5;90.20;9.80
22259;4863;211.0;47;80.00;20580.0;-3.13;-3.91;97.25;221.5;75.0;90.20;9.80
22270;4870;211.0;47;80.39;20580.0;-3.13;-3.91;97.25;221.5;75.0;90.20;9.80
22282;4878;211.0;47;80.39;20570.0;-3.13;-3.91;97.25;221.4;75.0;90.20;9.80
22305;4885;211.0;47;80.39;20570.0;-3.13;-3.91;97.25;221.3;75.0;90.20;9.80
22321;4892;211.0;47;80.39;20560.0;-3.13;-3.91;97.25;221.3;75.5;90.20;9.80
22329;4899;211.0;47;80.39;20550.0;-3.13;-3.91;97.25;221.2;75.5;90.20;9.80
22340;4906;211.0;47;80.39;20550.0;-3.13;-3.91;97.25;221.1;75.5;90.20;9.80
22349;4913;210.0;47;80.39;20540.0;-3.13;-3.91;97.25;221.1;75.5;90.20;9.80
22360;4920;210.0;47;80.39;20560.0;-3.13;-3.91;97.25;221.0;75.5;90.20;9.80
22369;4926;210.0;47;80.39;20580.0;-3.13;-3.91;97.25;221.0;75.5;90.20;9.80
22381;4933;210.0;47;80.39;20600.0;-3.13;-3.91;97.25;220.9;76.0;90.20;9.80
22390;4940;210.0;47;80.39;20620.0;-3.13;-3.91;97.25;220.8;76.0;90.20;9.80
22401;4947;210.0;47;80.39;20640.0;-3.13;-3.91;97.65;218.7;76.0;90.20;9.80
22413;4954;209.0;47;80.39;20650.0;-3.13;-3.91;97.65;216.5;76.0;90.20;9.80
22437;4961;209.0;47;80.39;20670.0;-3.91;-3.91;98.04;214.3;76.0;90.20;9.80
22451;4967;209.0;47;80.39;20690.0;-3.91;-4.69;98.04;212.1;75.5;90.20;9.80
22460;4972;207.0;47;80.39;20710.0;-3.91;-4.69;98.43;209.9;75.5;90.20;9.80
22470;4978;206.0;47;80.39;20730.0;-3.91;-4.69;98.43;207.8;75.5;90.20;9.80
22480;4983;204.0;47;76.47;20750.0;-3.91;-4.69;98.82;205.6;75.5;90.20;9.80
22491;4989;202.0;47;72.16;20720.0;-3.91;-4.69;98.82;203.4;75.5;90.20;9.80
22499;4994;201.0;47;68.24;20700.0;-3.91;-4.69;99.22;201.2;75.5;90.20;9.80
22511;5000;199.0;47;63.92;20670.0;-3.91;-4.69;99.22;199.1;75.0;90.20;9.80
22522;5005;198.0;47;60.00;20650.0;-3.91;-4.69;96.86;196.9;75.0;90.20;9.80
22530;5011;196.0;47;55.69;20620.0;-3.91;-4.69;94.51;191.1;75.0;90.20;9.80
22542;5017;194.0;47;51.76;20600.0;-3.91;-4.69;92.16;185.2;74.0;90.20;9.80
22558;5022;193.0;47;47.45;20570.0;-4.69;-4.69;89.80;179.4;73.0;90.20;9.80
22572;5017;191.0;47;43.53;20550.0;-4.69;-5.47;87.45;173.6;72.0;90.20;9.80
22579;5012;186.0;47;39.22;20520.0;-4.69;-5.47;85.49;167.8;71.0;90.20;9.80
22591;5007;181.0;47;35.29;20500.0;-4.69;-5.47;83.14;162.0;70.0;90.20;9.80
22600;5002;177.0;47;33.73;20470.0;-4.69;-5.47;80.78;156.1;69.0;90.20;9.80
22610;4997;172.0;47;32.55;20520.0;-4.69;-5.47;78.43;150.3;68.0;90.20;9.80
22619;4992;167.0;47;30.98;20560.0;-4.69;-5.47;76.08;144.5;67.0;90.20;9.80
22630;4987;162.0;47;29.41;20610.0;-4.69;-5.47;73.73;138.7;66.0;90.20;9.80
22641;4982;157.0;47;28.24;20660.0;-4.69;-5.47;72.16;132.9;65.0;90.20;9.80
22649;4977;152.0;47;26.67;20710.0;-4.69;-5.47;70.59;130.6;64.0;90.20;9.80
22661;4972;148.0;47;25.49;20750.0;-4.69;-5.47;69.02;128.4;63.5;90.20;9.80
22675;4967;143.0;47;23.92;20800.0;-3.91;-5.47;67.45;126.1;62.5;90.20;9.80
22690;4955;138.0;47;22.35;20850.0;-3.91;-4.69;65.88;123.9;62.0;90.20;9.80
22701;4943;131.0;47;21.18;20900.0;-3.91;-4.69;64.71;121.6;61.5;90.20;9.80
22711;4932;124.0;47;19.61;20940.0;-3.91;-4.69;63.14;119.4;61.0;90.20;9.80
22722;4920;116.0;47;19.22;20990.0;-3.91;-4.69;61.57;117.1;60.0;90.20;9.80
22730;4908;109.0;47;18.43;20400.0;-3.91;-4.69;60.00;114.9;59.5;90.20;9.80
22751;4897;102.0;47;18.04;19810.0;-3.91;-4.69;58.43;112.6;59.0;90.20;9.80
22770;4885;95.0;47;17.25;19230.0;-3.13;-4.69;56.86;110.4;58.5;90.20;9.80
22781;4873;88.0;47;16.86;18640.0;-3.13;-4.69;53.33;108.1;57.5;90.20;9.80
22791;4861;81.0;47;16.08;18050.0;-3.13;-3.91;50.20;107.8;57.0;90.20;9.80
22801;4850;73.0;47;15.69;17460.0;-2.34;-3.91;46.67;107.5;57.0;90.20;9.80
22817;4838;66.0;47;14.90;16870.0;-2.34;-3.91;43.53;107.1;57.0;90.20;9.80
22830;4847;59.0;47;14.51;16280.0;-1.56;-3.91;40.00;106.8;57.0;90.20;9.80
22841;4857;57.0;47;13.73;15700.0;-1.56;-3.91;36.86;106.5;57.0;90.20;9.80
22850;4866;56.0;47;13.33;15110.0;-1.56;-3.91;33.33;106.1;57.0;90.20;9.80
22861;4875;54.0;47;13.33;14520.0;-0.78;-3.13;30.20;105.8;57.5;90.20;9.80
22870;4885;52.0;47;13.33;14240.0;-0.78;-3.13;26.67;105.5;57.5;90.20;9.80
22882;4894;51.0;47;12.94;13960.0;0.00;-3.13;23.53;105.1;57.5;90.20;9.80
22892;4903;49.0;47;12.94;13680.0;0.00;-3.13;20.00;104.8;57.5;90.20;9.80
22910;4913;48.0;48;12.94;13400.0;0.78;-2.34;19.61;104.5;57.5;90.20;9.80
22921;4922;46.0;48;12.94;13120.0;0.78;-2.34;19.22;104.3;57.5;90.20;9.80
22930;4932;44.0;48;12.94;12830.0;1.56;-1.56;18.43;104.2;57.5;67.06;32.94
22945;4941;43.0;48;12.94;12550.0;1.56;-1.56;18.04;104.0;57.5;67.06;32.94
22962;4935;41.0;48;12.55;12270.0;2.34;-0.78;17.65;103.9;57.5;67.06;32.94
22970;4930;41.0;48;12.55;11990.0;2.34;-0.78;17.25;103.7;57.5;67.06;32.94
22982;4924;40.0;48;12.55;11710.0;3.13;0.00;16.86;103.6;57.5;67.06;32.94
22991;4919;40.0;48;12.55;11430.0;3.13;0.00;16.47;103.4;57.5;67.06;32.94
22999;4913;40.0;48;12.55;11240.0;3.91;0.78;15.69;103.3;57.5;67.06;32.94
23010;4908;39.0;48;12.55;11040.0;3.91;0.78;15.29;103.1;57.5;67.06;32.94
23020;4902;39.0;48;12.55;10850.0;3.13;0.78;14.90;103.0;57.5;67.06;32.94
23029;4897;38.0;47;12.55;10660.0;3.13;0.00;14.51;102.9;57.5;67.06;32.94
23040;4891;38.0;47;12.16;10460.0;3.13;0.00;14.51;102.7;57.5;67.06;32.94
23051;4886;38.0;47;12.16;10270.0;2.34;0.00;14.12;102.6;57.0;61.96;38.04
23067;4880;37.0;47;12.16;10070.0;2.34;0.00;13.73;102.5;57.0;61.96;38.04
23081;4882;37.0;47;12.16;9880.0;1.56;-0.78;13.73;102.3;56.5;61.96;38.04
23090;4883;36.0;47;12.16;9690.0;1.56;-0.78;13.33;102.2;56.5;61.96;38.04
23099;4884;36.0;47;12.16;9490.0;1.56;-0.78;13.33;102.1;56.0;61.96;38.04
23110;4886;35.0;47;12.16;9300.0;0.78;-0.78;12.94;101.9;56.0;61.96;38.04
23123;4887;34.0;47;11.76;9100.0;0.78;-1.56;12.55;101.8;55.5;61.96;38.04
23140;4889;34.0;47;11.76;8910.0;0.78;-1.56;12.55;101.7;55.5;61.96;38.04
23151;4890;33.0;47;11.76;8710.0;1.56;-1.56;12.16;101.5;55.0;61.96;38.04
23160;4892;33.0;47;11.37;8520.0;1.56;-0.78;12.16;101.4;55.0;61.96;38.04
23172;4893;32.0;47;11.37;8320.0;1.56;-0.78;11.76;101.3;54.5;61.96;38.04
23183;4895;31.0;47;10.98;8130.0;1.56;-0.78;11.76;101.2;55.0;74.90;25.10
23207;4896;31.0;47;10.98;7930.0;2.34;0.00;11.37;101.1;56.0;74.90;25.10
23220;4894;30.0;47;10.98;7740.0;2.34;0.00;11.37;101.1;56.5;74.90;25.10
23230;4893;30.0;47;10.59;7540.0;2.34;0.78;10.98;101.0;57.0;74.90;25.10
23242;4891;29.0;47;10.59;7350.0;2.34;0.78;10.98;100.9;58.0;74.90;25.10
23251;4889;29.0;47;10.59;7150.0;3.13;0.78;10.59;100.8;58.5;74.90;25.10
23261;4887;29.0;47;10.59;7080.0;3.13;1.56;10.59;100.7;59.5;74.90;25.10
23270;4885;28.0;47;10.20;7000.0;3.13;1.56;10.20;100.6;60.0;74.90;25.10
23279;4884;28.0;47;10.20;6930.0;2.34;1.56;10.20;100.6;60.5;74.90;25.10
23290;4882;27.0;47;10.20;6860.0;2.34;1.56;9.80;100.5;61.5;74.90;25.10
23299;4880;27.0;47;10.20;6790.0;2.34;0.78;9.80;100.4;62.0;74.90;25.10
23311;4878;27.0;47;10.20;6710.0;1.56;0.78;9.41;100.4;63.5;100.00;0.00
23327;4877;26.0;47;10.20;6640.0;1.56;0.78;9.02;100.3;65.0;100.00;0.00
23342;4874;26.0;47;9.80;6570.0;0.78;0.78;8.63;100.2;66.0;100.00;0.00
23351;4871;26.0;47;9.80;6500.0;0.78;0.78;8.63;100.2;67.5;100.00;0.00
23359;4869;26.0;47;9.80;6420.0;0.78;0.78;8.24;100.1;69.0;100.00;0.00
23370;4866;25.0;47;9.80;6350.0;0.00;0.00;7.84;100.1;70.5;100.00;0.00
23379;4863;25.0;47;9.41;6500.0;0.00;0.00;7.45;100.0;72.0;100.00;0.00
23390;4860;25.0;47;9.41;6660.0;0.00;0.00;7.45;99.9;73.5;100.00;0.00
23401;4858;25.0;47;9.41;6810.0;0.00;0.00;7.06;99.9;74.5;100.00;0.00
23411;4855;25.0;46;9.41;6970.0;0.00;0.00;7.06;99.8;76.0;100.00;0.00
23423;4852;25.0;46;9.02;7120.0;0.00;0.00;6.67;99.8;77.5;100.00;0.00
23442;4850;24.0;46;9.02;7280.0;0.00;0.00;6.67;99.8;78.5;100.00;0.00
23467;4847;24.0;46;9.02;7430.0;0.00;0.00;6.67;99.8;79.5;100.00;0.00
23482;4848;24.0;46;9.02;7590.0;0.00;0.00;6.67;99.8;81.0;100.00;0.00
23491;4850;24.0;46;8.63;7740.0;0.00;0.00;6.27;99.8;82.0;100.00;0.00
23500;4851;24.0;46;8.63;7900.0;0.00;0.00;6.27;99.8;83.0;100.00;0.00
23511;4852;24.0;46;8.63;8050.0;0.00;0.00;6.27;99.7;84.0;100.00;0.00
23522;4854;24.0;46;8.63;8100.0;0.00;0.00;6.27;99.7;85.0;100.00;0.00
23530;4855;24.0;46;8.63;8150.0;0.00;0.00;5.88;99.7;86.0;100.00;0.00
23542;4856;25.0;46;8.63;8200.0;0.00;0.00;5.88;99.7;87.5;100.00;0.00
23550;4858;25.0;46;8.63;8250.0;0.00;0.00;5.88;99.7;88.5;100.00;0.00
23559;4859;25.0;46;9.02;8300.0;0.00;0.00;5.88;99.7;89.5;100.00;0.00
23571;4861;25.0;46;9.02;8360.0;0.00;0.00;5.88;99.7;89.5;0.00;0.00
23585;4862;25.0;46;9.02;8410.0;0.00;0.00;5.88;99.7;90.0;0.00;0.00
23601;4858;25.0;46;9.02;8460.0;0.00;0.00;5.88;99.7;90.0;0.00;0.00
23621;4854;25.0;46;9.02;8510.0;0.00;0.00;5.88;99.7;90.0;0.00;0.00
23630;4850;25.0;46;9.02;8560.0;0.00;0.00;5.88;99.7;90.0;0.00;0.00
23643;4846;25.0;46;9.02;8610.0;0.00;0.00;5.88;99.7;90.5;0.00;0.00
23663;4842;25.0;46;9.02;8620.0;0.00;0.00;5.88;99.7;90.5;0.00;0.00
23682;4838;25.0;46;9.02;8620.0;0.00;0.00;5.88;99.7;90.5;0.00;0.00
23691;4834;24.0;46;9.02;8630.0;0.00;0.00;5.88;99.7;90.5;0.00;0.00
23701;4830;24.0;46;9.02;8640.0;0.00;0.00;5.88;99.7;91.0;0.00;0.00
23710;4825;24.0;46;9.02;8640.0;0.00;0.00;5.88;99.7;91.0;0.00;0.00
23722;4821;24.0;46;9.02;8650.0;0.00;0.00;5.88;99.7;91.0;0.00;0.00
23747;4817;24.0;46;9.02;8650.0;0.00;0.00;5.88;99.7;91.0;0.00;0.00
23761;4816;24.0;46;9.02;8660.0;0.00;0.00;5.88;99.7;91.0;0.00;0.00
23771;4815;24.0;46;9.02;8670.0;0.00;0.00;5.88;99.7;91.0;0.00;0.00
23782;4814;24.0;46;9.02;8670.0;0.00;0.00;5.88;99.7;91.0;0.00;0.00
23791;4813;24.0;46;9.02;8680.0;0.00;0.00;5.88;99.7;91.5;0.00;0.00
23803;4812;24.0;46;9.02;8690.0;0.00;0.00;5.88;99.7;91.5;0.00;0.00
23822;4812;24.0;46;9.02;8690.0;0.00;0.00;5.88;99.7;91.5;0.00;0.00
23840;4811;25.0;46;9.02;8700.0;0.00;0.00;5.88;99.7;91.5;0.00;0.00
23852;4810;25.0;46;9.02;8710.0;0.00;0.00;5.88;99.7;91.5;0.00;0.00
23862;4809;25.0;46;9.02;8710.0;0.00;0.00;5.88;99.7;91.5;0.00;0.00
23870;4808;25.0;46;9.02;8720.0;0.00;0.00;5.88;99.7;91.5;0.00;0.00
23884;4807;25.0;46;9.02;8720.0;0.00;0.00;5.88;99.7;91.5;0.00;0.00
23901;4805;25.0;46;9.02;8730.0;0.00;0.00;5.88;99.7;92.0;0.00;0.00
23911;4804;25.0;46;9.02;8740.0;0.00;0.00;5.88;99.7;92.0;0.00;0.00
23922;4802;25.0;46;9.02;8740.0;0.00;0.00;5.88;99.7;92.0;0.00;0.00
23932;4800;25.0;46;9.02;8750.0;0.00;0.00;5.88;99.7;92.0;0.00;0.00
23940;4799;25.0;46;9.02;8750.0;0.00;0.00;5.88;99.7;92.0;0.00;0.00
23950;4797;25.0;46;9.02;8760.0;0.00;0.00;5.88;99.6;92.0;0.00;0.00
23961;4796;25.0;46;9.02;8760.0;0.00;0.00;5.88;99.6;92.5;0.00;0.00
23971;4794;25.0;46;9.02;8760.0;0.00;0.00;5.88;99.6;92.5;0.00;0.00
23982;4793;25.0;46;9.02;8760.0;0.00;0.00;5.88;99.6;92.5;0.00;0.00
24000;4791;25.0;46;9.02;8770.0;0.00;0.00;5.88;99.6;92.5;0.00;0.00
24020;4790;25.0;46;9.02;8770.0;0.00;0.00;5.88;99.6;92.5;0.00;0.00
24031;4787;25.0;46;9.02;8770.0;0.00;0.00;5.88;99.6;92.5;0.00;0.00
24041;4785;25.0;46;9.02;8770.0;0.00;0.00;5.88;99.6;92.5;0.00;0.00
24050;4783;25.0;46;9.02;8780.0;0.00;0.00;5.88;99.6;92.5;0.00;0.00
24063;4780;25.0;46;9.02;8780.0;0.00;0.00;5.88;99.6;92.5;0.00;0.00
24082;4778;25.0;46;9.02;8780.0;0.00;0.00;5.88;99.6;92.5;0.00;0.00
24101;4775;25.0;46;9.02;8790.0;0.00;0.00;5.88;99.6;92.5;0.00;0.00
24110;4773;24.0;46;9.02;8790.0;0.00;0.00;5.88;99.6;92.5;0.00;0.00
24122;4771;24.0;46;9.02;8790.0;0.00;0.00;5.88;99.6;92.5;0.00;0.00
24131;4768;24.0;46;9.02;8800.0;0.00;0.00;5.88;99.6;92.5;0.00;0.00
24142;4766;24.0;46;9.02;8800.0;0.00;0.00;5.88;99.6;92.5;0.00;0.00
24155;4764;24.0;46;9.02;8810.0;0.00;0.00;5.88;99.6;92.5;0.00;0.00
24171;4758;24.0;46;9.02;8810.0;0.00;0.00;5.88;99.6;93.0;0.00;0.00
24182;4752;24.0;46;9.02;8810.0;0.00;0.00;5.88;99.6;93.0;0.00;0.00
24191;4746;24.0;46;9.02;8820.0;0.00;0.00;5.88;99.6;93.0;0.00;0.00
24200;4740;24.0;46;9.02;8820.0;0.00;0.00;5.88;99.6;93.0;0.00;0.00
24212;4734;24.0;46;9.02;8830.0;0.00;0.00;5.88;99.6;93.0;0.00;0.00
24232;4728;24.0;46;9.02;8830.0;0.00;0.00;5.88;99.6;93.0;0.00;0.00
24251;4722;25.0;46;9.02;8840.0;0.00;0.00;5.88;99.6;93.5;0.00;0.00
24272;4716;25.0;46;9.02;8850.0;0.00;0.00;5.88;99.6;93.5;0.00;0.00
24292;4710;25.0;46;9.02;8850.0;0.00;0.00;5.88;99.6;93.5;0.00;0.00
24300;4705;25.0;46;9.02;8860.0;0.00;0.00;5.88;99.6;93.5;0.00;0.00
24316;4699;25.0;46;9.02;8860.0;0.00;0.00;5.88;99.6;93.5;0.00;0.00
24330;4698;25.0;46;9.02;8870.0;0.00;0.00;5.88;99.6;93.5;0.00;0.00
24341;4697;25.0;46;9.02;8880.0;0.00;0.00;5.49;99.6;93.5;0.00;0.00
24350;4696;25.0;46;9.02;8880.0;0.00;0.00;5.49;99.6;93.5;0.00;0.00
24360;4695;25.0;46;9.02;8890.0;0.00;0.00;5.49;99.6;93.5;0.00;0.00
24370;4694;25.0;46;9.02;8890.0;0.00;0.00;5.49;99.6;93.5;0.00;0.00
24382;4693;25.0;46;9.02;8900.0;0.00;0.00;5.49;99.6;93.5;0.00;0.00
24400;4692;25.0;46;9.02;8900.0;0.00;0.00;5.49;99.6;93.5;0.00;0.00
24411;4691;25.0;46;9.02;8900.0;0.00;0.00;5.49;99.6;93.5;0.00;0.00
24422;4690;25.0;46;9.02;8900.0;0.00;0.00;5.49;99.6;93.5;0.00;0.00
24431;4689;25.0;46;9.02;8910.0;0.00;0.00;5.49;99.6;93.5;0.00;0.00
24445;4688;25.0;46;9.02;8910.0;0.00;0.00;5.49;99.6;93.5;0.00;0.00
24461;4685;25.0;46;9.02;8910.0;0.00;0.00;5.49;99.6;93.5;0.00;0.00
24472;4683;25.0;46;9.02;8910.0;0.00;0.00;5.49;99.6;93.5;0.00;0.00
24491;4680;25.0;46;9.02;8920.0;0.00;0.00;5.49;99.6;93.5;0.00;0.00
24500;4677;25.0;46;9.02;8920.0;0.00;0.00;5.49;99.6;94.0;0.00;0.00
24511;4674;25.0;46;9.02;8920.0;0.00;0.00;5.49;99.6;94.0;0.00;0.00
24522;4671;25.0;46;9.02;8930.0;0.00;0.00;5.49;99.6;94.0;0.00;0.00
24530;4668;25.0;46;9.02;8930.0;0.00;0.00;5.49;99.6;94.0;0.00;0.00
24542;4665;25.0;46;9.02;8930.0;0.00;0.00;5.49;99.6;94.0;0.00;0.00
24553;4662;25.0;46;9.02;8940.0;0.00;0.00;5.49;99.6;94.0;0.00;0.00
24572;4659;25.0;46;9.02;8940.0;0.00;0.00;5.49;99.6;94.0;0.00;0.00
24596;4656;25.0;46;9.02;8950.0;0.00;0.00;5.49;99.6;94.0;0.00;0.00
24612;4656;25.0;46;9.02;8950.0;0.00;0.00;5.49;99.6;94.0;0.00;0.00
24621;4655;25.0;46;9.02;8950.0;0.00;0.00;5.49;99.6;94.0;0.00;0.00
24633;4655;25.0;46;9.02;8960.0;0.00;0.00;5.49;99.6;94.0;0.00;0.00
24651;4655;25.0;46;9.02;8960.0;0.00;0.00;5.49;99.6;94.0;0.00;0.00
24671;4655;25.0;46;9.02;8960.0;0.00;0.00;5.49;99.6;94.0;0.00;0.00
24681;4654;25.0;46;9.02;8970.0;0.00;0.00;5.49;99.5;94.0;0.00;0.00
24692;4654;25.0;46;9.02;8970.0;0.00;0.00;5.49;99.5;94.0;0.00;0.00
24710;4654;25.0;46;9.02;8970.0;0.00;0.00;5.49;99.5;94.0;0.00;0.00
24723;4653;25.0;46;9.02;8970.0;0.00;0.00;5.49;99.5;94.0;0.00;0.00
24742;4653;25.0;46;9.02;8980.0;0.00;0.00;5.49;99.5;94.0;0.00;0.00
24764;4653;25.0;46;9.02;8980.0;0.00;0.00;5.49;99.5;94.0;0.00;0.00
24782;4649;25.0;46;9.02;8980.0;0.00;0.00;5.49;99.5;94.0;0.00;0.00
24801;4646;25.0;46;9.02;8980.0;0.00;0.00;5.49;99.5;94.0;0.00;0.00
24810;4643;25.0;46;9.02;8990.0;0.00;0.00;5.49;99.5;94.0;0.00;0.00
24821;4639;25.0;46;9.02;8990.0;0.00;0.00;5.49;99.5;94.0;0.00;0.00
24832;4636;25.0;46;9.02;8990.0;0.00;0.00;5.49;99.5;94.0;0.00;0.00
24841;4633;25.0;46;9.02;9000.0;0.00;0.00;5.49;99.5;94.0;0.00;0.00
24851;4629;25.0;46;9.02;9000.0;0.00;0.00;5.49;99.5;94.0;0.00;0.00
24871;4626;25.0;46;9.02;9000.0;0.00;0.00;5.49;99.5;94.0;0.00;0.00
24880;4623;25.0;46;9.02;9010.0;0.00;0.00;5.49;99.5;94.0;0.00;0.00
24891;4619;25.0;46;9.02;9010.0;0.00;0.00;5.49;99.5;94.0;0.00;0.00
24905;4616;25.0;46;9.02;9020.0;0.00;0.00;5.49;99.5;94.0;0.00;0.00
24922;4615;25.0;46;9.02;9020.0;0.00;0.00;5.49;99.5;94.0;0.00;0.00
24931;4614;25.0;46;9.02;9020.0;0.00;0.00;5.49;99.5;94.0;0.00;0.00
24942;4614;25.0;46;9.02;9030.0;0.00;0.00;5.49;99.5;94.0;0.00;0.00
24950;4613;25.0;46;9.02;9030.0;0.00;0.00;5.49;99.5;94.5;0.00;0.00
24961;4612;25.0;46;9.02;9030.0;0.00;0.00;5.49;99.5;94.5;0.00;0.00
24970;4611;25.0;46;9.02;9040.0;0.00;0.00;5.49;99.5;94.5;0.00;0.00
24980;4610;24.0;46;9.02;9040.0;0.00;0.00;5.49;99.5;94.5;0.00;0.00
24992;4609;24.0;47;9.02;9040.0;0.00;0.00;5.49;99.5;94.5;0.00;0.00
25012;4609;24.0;47;9.02;9040.0;0.00;0.00;5.49;99.5;94.5;0.00;0.00
25032;4608;24.0;47;9.02;9050.0;0.00;0.00;5.49;99.5;94.5;0.00;0.00
25057;4607;24.0;47;9.02;9050.0;0.00;0.00;5.49;99.5;94.5;0.00;0.00
25070;4605;24.0;47;9.02;9050.0;0.00;0.00;5.49;99.5;94.5;0.00;0.00
25082;4602;24.0;47;9.02;9050.0;0.00;0.00;5.49;99.5;94.5;0.00;0.00
25100;4600;24.0;47;9.02;9060.0;0.00;0.00;5.49;99.5;94.5;0.00;0.00
25112;4598;24.0;47;9.02;9060.0;0.00;0.00;5.49;99.5;94.5;0.00;0.00
25131;4595;24.0;47;9.02;9060.0;0.00;0.00;5.49;99.5;94.5;0.00;0.00
25142;4593;24.0;47;9.02;9070.0;0.00;0.00;5.49;99.5;94.5;0.00;0.00
25162;4591;25.0;47;9.02;9070.0;0.00;0.00;5.49;99.5;94.5;0.00;0.00
25170;4589;25.0;47;9.02;9070.0;0.00;0.00;5.49;99.5;94.5;0.00;0.00
25182;4586;25.0;47;9.02;9080.0;0.00;0.00;5.49;99.5;94.5;0.00;0.00
25202;4584;25.0;47;9.02;9080.0;0.00;0.00;5.49;99.5;94.5;0.00;0.00
25226;4582;25.0;47;9.02;9090.0;0.00;0.00;5.49;99.5;94.5;0.00;0.00
25241;4580;25.0;47;9.02;9090.0;0.00;0.00;5.49;99.5;94.5;0.00;0.00
25251;4578;25.0;47;9.02;9090.0;0.00;0.00;5.49;99.5;94.5;0.00;0.00
25261;4576;25.0;47;9.02;9100.0;0.00;0.00;5.49;99.5;94.5;0.00;0.00
25272;4574;25.0;47;9.02;9100.0;0.00;0.00;5.49;99.5;94.5;0.00;0.00
25281;4572;25.0;47;9.02;9100.0;0.00;0.00;5.49;99.5;94.5;0.00;0.00
25288;4570;25.0;47;9.02;9110.0;0.00;0.00;5.49;99.5;94.5;0.00;0.00
25302;4568;24.0;47;9.02;9110.0;0.00;0.00;5.49;99.5;94.5;0.00;0.00
25310;4567;24.0;47;9.02;9110.0;0.00;0.00;5.49;99.5;94.5;0.00;0.00
25323;4565;24.0;47;9.02;9110.0;0.00;0.00;5.49;99.5;94.5;0.00;0.00
25340;4563;24.0;47;9.02;9120.0;0.00;0.00;5.49;99.5;94.5;0.00;0.00
25358;4561;24.0;47;9.02;9120.0;0.00;0.00;5.49;99.5;94.5;0.00;0.00
25373;4558;24.0;47;9.02;9120.0;0.00;0.00;5.49;99.5;94.5;0.00;0.00
25389;4556;24.0;47;9.02;9120.0;0.00;0.00;5.49;99.5;94.5;0.00;0.00
25400;4553;24.0;47;9.02;9130.0;0.00;0.00;5.49;99.5;94.5;0.00;0.00
25412;4550;24.0;47;9.02;9130.0;0.00;0.00;5.49;99.5;95.0;0.00;0.00
25430;4548;24.0;47;9.02;9130.0;0.00;0.00;5.49;99.5;95.0;0.00;0.00
25442;4545;24.0;47;9.02;9130.0;0.00;0.00;5.49;99.5;95.0;0.00;0.00
25460;4542;25.0;47;9.02;9130.0;0.00;0.00;5.49;99.5;95.0;0.00;0.00
25470;4540;25.0;47;9.02;9130.0;0.00;0.00;5.49;99.5;95.0;0.00;0.00
25480;4537;25.0;47;9.02;9130.0;0.00;0.00;5.49;99.5;95.0;0.00;0.00
25490;4534;25.0;47;9.02;9130.0;0.00;0.00;5.49;99.5;95.0;0.00;0.00
25504;4532;25.0;47;9.02;9130.0;0.00;0.00;5.49;99.5;95.0;0.00;0.00
25520;4531;25.0;47;9.02;9130.0;0.00;0.00;5.49;99.5;95.0;0.00;0.00
25529;4530;25.0;47;9.02;9130.0;0.00;0.00;5.49;99.5;95.0;0.00;0.00
25540;4530;25.0;47;9.02;9130.0;0.00;0.00;5.49;99.5;95.0;0.00;0.00
25550;4529;25.0;47;9.02;9130.0;0.00;0.00;5.49;99.5;95.0;0.00;0.00
25558;4528;25.0;47;9.02;9130.0;0.00;0.00;5.49;99.5;95.0;0.00;0.00
25570;4527;25.0;47;9.02;9140.0;0.00;0.00;5.49;99.5;95.0;0.00;0.00
25581;4527;25.0;47;9.02;9140.0;0.00;0.00;5.49;99.5;95.0;0.00;0.00
25592;4526;25.0;47;9.02;9140.0;0.00;0.00;5.49;99.5;95.0;0.00;0.00
25600;4525;25.0;47;9.02;9150.0;0.00;0.00;5.49;99.5;95.0;0.00;0.00
25620;4525;25.0;47;9.02;9150.0;0.00;0.00;5.49;99.5;95.0;0.00;0.00
25639;4524;25.0;47;9.02;9160.0;0.00;0.00;5.49;99.5;95.0;0.00;0.00
25648;4522;25.0;47;9.02;9160.0;0.00;0.00;5.49;99.5;95.0;0.00;0.00
25659;4519;25.0;47;9.02;9160.0;0.00;0.00;5.49;99.5;95.0;0.00;0.00
25671;4517;25.0;47;9.02;9170.0;0.00;0.00;5.49;99.5;95.0;0.00;0.00
25680;4515;25.0;47;9.02;9170.0;0.00;0.00;5.49;99.5;95.0;0.00;0.00
25689;4512;25.0;47;9.02;9170.0;0.00;0.00;5.49;99.5;95.0;0.00;0.00
25700;4510;25.0;47;9.02;9180.0;0.00;0.00;5.49;99.5;95.0;0.00;0.00
25708;4508;25.0;47;9.02;9180.0;0.00;0.00;5.49;99.4;95.0;0.00;0.00
25719;4505;25.0;47;9.02;9180.0;0.00;0.00;5.49;99.4;95.0;0.00;0.00
25729;4503;25.0;47;9.02;9180.0;0.00;0.00;5.49;99.4;95.0;0.00;0.00
25750;4501;25.0;47;9.02;9190.0;0.00;0.00;5.49;99.4;95.0;0.00;0.00
25766;4498;25.0;47;9.02;9190.0;0.00;0.00;5.49;99.4;95.0;0.00;0.00
25780;4497;25.0;47;9.02;9190.0;0.00;0.00;5.49;99.4;95.0;0.00;0.00
25790;4497;25.0;47;9.02;9190.0;0.00;0.00;5.49;99.4;95.0;0.00;0.00
25799;4496;25.0;47;9.02;9200.0;0.00;0.00;5.49;99.4;95.0;0.00;0.00
25810;4495;25.0;47;9.02;9200.0;0.00;0.00;5.49;99.4;95.0;0.00;0.00
25822;4494;25.0;47;9.02;9200.0;0.00;0.00;5.49;99.4;95.0;0.00;0.00
25831;4493;25.0;47;9.02;9200.0;0.00;0.00;5.49;99.4;95.0;0.00;0.00
25840;4492;25.0;47;9.02;9200.0;0.00;0.00;5.49;99.4;95.0;0.00;0.00
25849;4491;25.0;47;9.02;9200.0;0.00;0.00;5.49;99.4;95.0;0.00;0.00
25859;4490;25.0;47;9.02;9200.0;0.00;0.00;5.49;99.4;95.0;0.00;0.00
25870;4490;25.0;47;9.02;9200.0;0.00;0.00;5.49;99.4;95.0;0.00;0.00
25886;4489;25.0;47;9.02;9200.0;0.00;0.00;5.49;99.4;95.0;0.00;0.00
25900;4487;25.0;47;9.02;9200.0;0.00;0.00;5.49;99.4;95.0;0.00;0.00
25909;4485;25.0;47;9.02;9200.0;0.00;0.00;5.49;99.4;95.0;0.00;0.00
25921;4483;25.0;47;9.02;9200.0;0.00;0.00;5.49;99.4;95.0;0.00;0.00
25929;4481;25.0;47;9.02;9200.0;0.00;0.00;5.49;99.4;95.0;0.00;0.00
25941;4479;25.0;47;9.02;9200.0;0.00;0.00;5.49;99.4;95.0;0.00;0.00
25950;4477;25.0;47;9.02;9210.0;0.00;0.00;5.49;99.4;95.0;0.00;0.00
25960;4475;25.0;47;9.02;9210.0;0.00;0.00;5.49;99.4;95.0;0.00;0.00
25971;4473;25.0;47;9.02;9210.0;0.00;0.00;5.49;99.4;95.0;0.00;0.00
25980;4471;25.0;47;9.02;9220.0;0.00;0.00;5.49;99.4;95.0;0.00;0.00
25991;4469;25.0;47;9.02;9220.0;0.00;0.00;5.49;99.4;95.0;0.00;0.00
26007;4467;25.0;47;9.02;9230.0;0.00;0.00;5.49;99.4;95.0;0.00;0.00
26020;4464;25.0;47;9.02;9230.0;0.00;0.00;5.49;99.4;95.0;0.00;0.00
26031;4461;25.0;47;9.02;9230.0;0.00;0.00;5.49;99.4;95.0;0.00;0.00
26040;4459;25.0;47;9.02;9240.0;0.00;0.00;5.49;99.4;95.0;0.00;0.00
26051;4456;25.0;47;9.02;9240.0;0.00;0.00;5.49;99.4;95.0;0.00;0.00
26059;4454;25.0;47;9.02;9240.0;0.00;0.00;5.49;99.4;95.0;0.00;0.00
26070;4451;25.0;47;9.02;9240.0;0.00;0.00;5.49;99.4;95.0;0.00;0.00
26081;4449;25.0;47;9.02;9240.0;0.00;0.00;5.49;99.4;95.0;0.00;0.00
26090;4446;25.0;47;9.02;9240.0;0.00;0.00;5.49;99.4;95.0;0.00;0.00
26101;4444;25.0;47;8.63;9240.0;0.00;0.00;5.49;99.4;95.0;0.00;0.00
26110;4441;25.0;47;8.63;9240.0;0.00;0.00;5.49;99.4;95.0;0.00;0.00
26128;4438;25.0;47;8.63;9240.0;0.00;0.00;5.49;99.4;95.0;0.00;0.00
26141;4436;25.0;47;8.63;9240.0;0.00;0.00;5.49;99.4;95.0;0.00;0.00
26150;4433;25.0;47;8.63;9240.0;0.00;0.00;5.49;99.4;95.0;0.00;0.00
26159;4430;25.0;47;8.63;9240.0;0.00;0.00;5.49;99.4;95.0;0.00;0.00
26171;4427;25.0;47;8.63;9240.0;0.00;0.00;5.49;99.4;95.5;0.00;0.00
26179;4424;25.0;47;8.63;9240.0;0.00;0.00;5.49;99.4;95.5;0.00;0.00
26190;4421;25.0;47;8.63;9250.0;0.00;0.00;5.49;99.4;95.5;0.00;0.00
26201;4419;25.0;47;8.63;9250.0;0.00;0.00;5.49;99.4;95.5;0.00;0.00
26210;4416;25.0;48;8.63;9250.0;0.00;0.00;5.49;99.4;95.5;0.00;0.00
26221;4413;25.0;48;8.63;9250.0;0.00;0.00;5.49;99.4;95.5;0.00;0.00
26230;4410;25.0;48;8.63;9260.0;0.00;0.00;5.49;99.4;95.5;0.00;0.00
26247;4407;25.0;48;8.63;9260.0;0.00;0.00;5.49;99.4;95.5;0.00;0.00
26260;4408;25.0;48;8.63;9260.0;0.00;0.00;5.49;99.4;95.5;0.00;0.00
26271;4408;25.0;48;8.63;9260.0;0.00;0.00;5.49;99.4;95.5;0.00;0.00
26279;4409;25.0;48;8.63;9270.0;0.00;0.00;5.49;99.4;95.5;0.00;0.00
26289;4409;25.0;48;8.63;9270.0;0.00;0.00;5.49;99.4;95.5;0.00;0.00
26300;4409;25.0;48;8.63;9270.0;0.00;0.00;5.49;99.4;95.5;0.00;0.00
26311;4410;25.0;48;8.63;9270.0;0.00;0.00;5.49;99.4;95.5;0.00;0.00
26319;4410;25.0;48;8.63;9270.0;0.00;0.00;5.49;99.4;95.5;0.00;0.00
26332;4410;25.0;48;8.63;9270.0;0.00;0.00;5.49;99.4;95.5;0.00;0.00
26350;4411;25.0;48;8.63;9270.0;0.00;0.00;5.49;99.4;95.5;0.00;0.00
26360;4411;25.0;48;8.63;9270.0;0.00;0.00;5.49;99.4;95.5;0.00;0.00
26379;4412;25.0;48;8.63;9270.0;0.00;0.00;5.49;99.4;95.5;0.00;0.00
26390;4410;25.0;48;8.63;9270.0;0.00;0.00;5.49;99.4;95.5;0.00;0.00
26399;4408;25.0;48;8.63;9270.0;0.00;0.00;5.49;99.4;95.5;0.00;0.00
26410;4406;25.0;48;8.63;9270.0;0.00;0.00;5.49;99.4;95.5;0.00;0.00
26421;4405;25.0;48;8.63;9270.0;0.00;0.00;5.49;99.4;95.5;0.00;0.00
26431;4403;25.0;48;8.63;9270.0;0.00;0.00;5.49;99.4;95.5;0.00;0.00
26440;4401;25.0;48;8.63;9280.0;0.00;0.00;5.49;99.4;95.5;0.00;0.00
26449;4399;24.0;48;8.63;9280.0;0.00;0.00;5.49;99.4;95.5;0.00;0.00
26460;4397;24.0;48;8.63;9280.0;0.00;0.00;5.49;99.4;95.5;0.00;0.00
26471;4396;24.0;48;8.63;9280.0;0.00;0.00;5.49;99.4;95.5;0.00;0.00
26479;4394;24.0;48;8.63;9290.0;0.00;0.00;5.49;99.4;95.5;0.00;0.00
26498;4392;24.0;48;8.63;9290.0;0.00;0.00;5.49;99.4;95.5;0.00;0.00
26511;4389;24.0;48;8.63;9290.0;0.00;0.00;5.49;99.4;95.5;0.00;0.00
26520;4386;24.0;48;8.63;9290.0;0.00;0.00;5.49;99.4;95.5;0.00;0.00
26529;4383;24.0;48;8.63;9300.0;0.00;0.00;5.49;99.4;95.5;0.00;0.00
26540;4379;24.0;48;8.63;9300.0;0.00;0.00;5.49;99.4;95.5;0.00;0.00
26549;4376;24.0;48;8.63;9300.0;0.00;0.00;5.49;99.4;95.5;0.00;0.00
26561;4373;24.0;48;8.63;9300.0;0.00;0.00;5.49;99.4;95.5;0.00;0.00
26571;4370;25.0;48;8.63;9300.0;0.00;0.00;5.49;99.4;95.5;0.00;0.00
26579;4367;25.0;48;8.63;9300.0;0.00;0.00;5.49;99.4;95.5;0.00;0.00
26589;4364;25.0;48;8.63;9300.0;0.00;0.00;5.49;99.4;95.5;0.00;0.00
26599;4361;25.0;48;8.63;9300.0;0.00;0.00;5.49;99.3;95.5;0.00;0.00
26617;4357;25.0;48;8.63;9300.0;0.00;0.00;5.49;99.3;95.5;0.00;0.00
26631;4355;25.0;48;8.63;9300.0;0.00;0.00;5.49;99.3;95.5;0.00;0.00
26641;4353;25.0;48;8.63;9300.0;0.00;0.00;5.49;99.3;95.5;0.00;0.00
26649;4351;25.0;48;8.63;9300.0;0.00;0.00;5.49;99.3;95.5;0.00;0.00
26659;4348;25.0;48;8.63;9300.0;0.00;0.00;5.49;99.3;95.5;0.00;0.00
26671;4346;25.0;48;8.63;9300.0;0.00;0.00;5.49;99.3;95.5;0.00;0.00
26679;4344;25.0;48;8.63;9310.0;0.00;0.00;5.49;99.3;95.5;0.00;0.00
26689;4342;25.0;48;8.63;9310.0;0.00;0.00;5.49;99.3;95.5;0.00;0.00
26701;4340;25.0;48;8.63;9310.0;0.00;0.00;5.49;99.3;95.5;0.00;0.00
26711;4337;25.0;48;8.63;9320.0;0.00;0.00;5.49;99.3;95.5;0.00;0.00
26721;4335;25.0;48;8.63;9320.0;0.00;0.00;5.49;99.3;95.5;0.00;0.00
26740;4333;25.0;48;8.63;9330.0;0.00;0.00;5.49;99.3;95.5;0.00;0.00
26750;4333;25.0;48;8.63;9330.0;0.00;0.00;5.49;99.3;95.5;0.00;0.00
26760;4332;25.0;48;8.63;9330.0;0.00;0.00;5.49;99.3;95.5;0.00;0.00
26771;4332;25.0;48;8.63;9340.0;0.00;0.00;5.49;99.3;95.5;0.00;0.00
26780;4332;25.0;48;8.63;9340.0;0.00;0.00;5.49;99.3;96.0;0.00;0.00
26791;4332;25.0;48;8.63;9340.0;0.00;0.00;5.49;99.3;96.0;0.00;0.00
26802;4331;25.0;48;8.63;9340.0;0.00;0.00;5.49;99.3;96.0;0.00;0.00
26810;4331;25.0;48;8.63;9340.0;0.00;0.00;5.49;99.3;96.0;0.00;0.00
26821;4331;25.0;48;8.63;9340.0;0.00;0.00;5.49;99.3;96.0;0.00;0.00
26829;4331;25.0;48;8.63;9340.0;0.00;0.00;5.49;99.3;96.0;0.00;0.00
26839;4330;25.0;48;8.63;9340.0;0.00;0.00;5.49;99.3;96.0;0.00;0.00
26857;4330;25.0;48;8.63;9340.0;0.00;0.00;5.49;99.3;96.0;0.00;0.00
26871;4328;25.0;48;8.63;9340.0;0.00;0.00;5.49;99.3;96.0;0.00;0.00
26879;4326;25.0;48;8.63;9340.0;0.00;0.00;5.49;99.3;96.0;0.00;0.00
26891;4324;25.0;48;8.63;9340.0;0.00;0.00;5.49;99.3;96.0;0.00;0.00
26900;4322;25.0;48;8.63;9340.0;0.00;0.00;5.49;99.3;95.5;0.00;0.00
26909;4320;25.0;48;8.63;9340.0;0.00;0.00;5.49;99.3;95.5;0.00;0.00
26921;4318;25.0;48;8.63;9340.0;0.00;0.00;5.49;99.3;95.5;0.00;0.00
26929;4316;25.0;48;8.63;9340.0;0.00;0.00;5.49;99.3;95.5;0.00;0.00
26942;4314;25.0;48;8.63;9340.0;0.00;0.00;5.49;99.3;95.5;0.00;0.00
26951;4312;25.0;48;8.24;9340.0;0.00;0.00;5.49;99.3;95.5;0.00;0.00
26959;4310;25.0;48;8.24;9340.0;0.00;0.00;5.49;99.3;95.5;0.00;0.00
26978;4308;25.0;48;8.24;9340.0;0.00;0.00;5.49;99.3;95.5;0.00;0.00
26990;4305;25.0;48;8.24;9340.0;0.00;0.00;5.49;99.3;95.5;0.00;0.00
27002;4303;25.0;48;8.24;9340.0;0.00;0.00;5.49;99.3;95.5;0.00;0.00
27011;4300;25.0;48;8.24;9340.0;0.00;0.00;5.49;99.3;95.5;0.00;0.00
27020;4297;25.0;48;8.24;9340.0;0.00;0.00;5.49;99.3;96.0;0.00;0.00
27032;4294;25.0;48;8.24;9340.0;0.00;0.00;5.49;99.3;96.0;0.00;0.00
27040;4291;25.0;48;8.24;9350.0;0.00;0.00;5.49;99.3;96.0;0.00;0.00
27051;4288;24.0;48;8.24;9350.0;0.00;0.00;5.49;99.3;96.0;0.00;0.00
27060;4285;24.0;48;8.24;9350.0;0.00;0.00;5.49;99.3;96.0;0.00;0.00
27071;4282;24.0;48;8.24;9350.0;0.00;0.00;5.49;99.3;96.0;0.00;0.00
27081;4280;24.0;48;8.24;9360.0;0.00;0.00;5.49;99.3;96.0;0.00;0.00
27098;4277;24.0;48;8.24;9360.0;0.00;0.00;5.49;99.3;96.0;0.00;0.00
27111;4275;24.0;48;8.24;9360.0;0.00;0.00;5.49;99.3;96.0;0.00;0.00
27122;4274;24.0;48;8.24;9360.0;0.00;0.00;5.49;99.3;96.0;0.00;0.00
27131;4272;24.0;48;8.24;9370.0;0.00;0.00;5.49;99.3;96.0;0.00;0.00
27141;4271;24.0;48;8.24;9370.0;0.00;0.00;5.49;99.3;96.0;0.00;0.00
27150;4269;24.0;48;8.24;9370.0;0.00;0.00;5.49;99.3;96.0;0.00;0.00
27162;4268;24.0;48;8.24;9370.0;0.00;0.00;5.49;99.3;96.0;0.00;0.00
27169;4267;24.0;48;8.24;9370.0;0.00;0.00;5.49;99.3;96.0;0.00;0.00
27181;4265;24.0;48;8.24;9370.0;0.00;0.00;5.49;99.3;96.0;0.00;0.00
27190;4264;24.0;48;8.24;9370.0;0.00;0.00;5.49;99.3;96.0;0.00;0.00
27202;4262;24.0;48;8.24;9370.0;0.00;0.00;5.49;99.3;96.0;0.00;0.00
27226;4261;24.0;48;8.24;9370.0;0.00;0.00;5.49;99.3;96.0;0.00;0.00
27241;4260;24.0;48;8.24;9370.0;0.00;0.00;5.49;99.3;96.0;0.00;0.00
27251;4260;24.0;48;8.24;9370.0;0.00;0.00;5.49;99.3;96.0;0.00;0.00
27260;4259;24.0;48;8.24;9370.0;0.00;0.00;5.49;99.3;96.0;0.00;0.00
27270;4258;24.0;48;8.24;9370.0;0.00;0.00;5.49;99.3;96.0;0.00;0.00
27282;4258;24.0;48;8.24;9370.0;0.00;0.00;5.49;99.3;96.0;0.00;0.00
27291;4257;24.0;48;8.24;9380.0;0.00;0.00;5.49;99.3;96.0;0.00;0.00
27301;4256;24.0;48;8.24;9380.0;0.00;0.00;5.49;99.3;96.0;0.00;0.00
27312;4256;24.0;48;8.24;9380.0;0.00;0.00;5.49;99.3;96.0;0.00;0.00
27330;4255;24.0;48;8.24;9390.0;0.00;0.00;5.49;99.3;96.0;0.00;0.00
27341;4254;24.0;48;8.24;9390.0;0.00;0.00;5.49;99.3;96.0;0.00;0.00
27357;4254;24.0;48;8.24;9400.0;0.00;0.00;5.49;99.3;96.0;0.00;0.00
27371;4251;24.0;48;8.24;9400.0;0.00;0.00;5.49;99.3;96.0;0.00;0.00
27379;4249;24.0;48;8.24;9400.0;0.00;0.00;5.49;99.3;96.0;0.00;0.00
27390;4247;24.0;48;8.24;9410.0;0.00;0.00;5.49;99.3;96.0;0.00;0.00
27401;4244;24.0;48;8.24;9410.0;0.00;0.00;5.49;99.3;96.0;0.00;0.00
27412;4242;24.0;48;8.24;9410.0;0.00;0.00;5.49;99.3;96.0;0.00;0.00
27430;4240;24.0;48;8.24;9410.0;0.00;0.00;5.49;99.3;96.0;0.00;0.00
27441;4237;24.0;48;8.24;9410.0;0.00;0.00;5.49;99.3;96.0;0.00;0.00
27450;4235;24.0;48;8.24;9410.0;0.00;0.00;5.49;99.3;96.0;0.00;0.00
27462;4233;24.0;48;8.24;9410.0;0.00;0.00;5.49;99.3;96.0;0.00;0.00
27469;4230;24.0;48;8.24;9410.0;0.00;0.00;5.49;99.3;96.0;0.00;0.00
27487;4228;24.0;48;8.24;9410.0;0.00;0.00;5.49;99.3;96.0;0.00;0.00
27500;4226;24.0;48;8.24;9410.0;0.00;0.00;5.49;99.3;96.0;0.00;0.00
27512;4224;24.0;48;8.24;9410.0;0.00;0.00;5.49;99.3;96.0;0.00;0.00
27521;4222;24.0;48;8.24;9410.0;0.00;0.00;5.49;99.3;96.0;0.00;0.00
27530;4220;24.0;48;8.24;9410.0;0.00;0.00;5.49;99.3;96.0;0.00;0.00
27541;4218;24.0;48;8.24;9410.0;0.00;0.00;5.49;99.3;96.0;0.00;0.00
27551;4216;24.0;48;8.24;9420.0;0.00;0.00;5.49;99.3;96.0;0.00;0.00
27564;4215;24.0;48;8.24;9420.0;0.00;0.00;5.49;99.3;96.0;0.00;0.00
27581;4213;24.0;48;8.24;9420.0;0.00;0.00;5.49;99.3;96.0;0.00;0.00
27591;4211;24.0;48;8.24;9420.0;0.00;0.00;5.49;99.3;96.0;0.00;0.00
27601;4209;24.0;48;8.24;9430.0;0.00;0.00;5.49;99.3;96.0;0.00;0.00
27626;4207;24.0;48;8.24;9430.0;0.00;0.00;5.49;99.2;96.0;0.00;0.00
27640;4206;24.0;48;8.24;9430.0;0.00;0.00;5.49;99.2;96.0;0.00;0.00
27652;4204;24.0;48;8.24;9430.0;0.00;0.00;5.49;99.2;96.0;0.00;0.00
27660;4203;24.0;48;8.24;9440.0;0.00;0.00;5.49;99.2;96.0;0.00;0.00
27672;4202;24.0;48;8.24;9440.0;0.00;0.00;5.49;99.2;96.5;0.00;0.00
27681;4200;24.0;48;8.24;9440.0;0.00;0.00;5.49;99.2;96.5;0.00;0.00
27691;4199;24.0;48;8.24;9440.0;0.00;0.00;5.49;99.2;96.5;0.00;0.00
27699;4197;24.0;48;8.24;9440.0;0.00;0.00;5.49;99.2;96.5;0.00;0.00
27711;4196;24.0;48;8.24;9440.0;0.00;0.00;5.49;99.2;96.5;0.00;0.00
27719;4195;24.0;48;7.84;9440.0;0.00;0.00;5.49;99.2;96.5;0.00;0.00
27730;4193;24.0;48;7.84;9440.0;0.00;0.00;5.49;99.2;96.5;0.00;0.00
27757;4192;24.0;48;7.84;9440.0;0.00;0.00;5.49;99.2;96.5;0.00;0.00
27771;4190;24.0;48;7.84;9440.0;0.00;0.00;5.49;99.2;96.5;0.00;0.00
27780;4188;24.0;48;7.84;9440.0;0.00;0.00;5.49;99.2;96.5;0.00;0.00
27792;4187;24.0;48;7.84;9440.0;0.00;0.00;5.49;99.2;96.5;0.00;0.00
27801;4185;24.0;48;7.84;9440.0;0.00;0.00;5.49;99.2;96.5;0.00;0.00
27810;4183;24.0;48;7.84;9440.0;0.00;0.00;5.49;99.2;96.5;0.00;0.00
27820;4181;24.0;48;7.84;9450.0;0.00;0.00;5.49;99.2;96.5;0.00;0.00
27831;4179;24.0;48;7.84;9450.0;0.00;0.00;5.49;99.2;96.5;0.00;0.00
27840;4177;24.0;48;7.84;9450.0;0.00;0.00;5.49;99.2;96.5;0.00;0.00
27850;4175;24.0;48;7.84;9460.0;0.00;0.00;5.49;99.2;96.5;0.00;0.00
27862;4173;24.0;48;7.84;9460.0;0.00;0.00;5.49;99.2;96.5;0.00;0.00
27877;4172;24.0;48;7.84;9470.0;0.00;0.00;5.49;99.2;96.5;0.00;0.00
27892;4168;24.0;48;7.84;9470.0;0.00;0.00;5.49;99.2;96.5;0.00;0.00
27912;4165;24.0;48;7.84;9470.0;0.00;0.00;5.49;99.2;96.5;0.00;0.00
27921;4161;24.0;48;7.84;9480.0;0.00;0.00;5.49;99.2;96.5;0.00;0.00
27930;4158;24.0;48;7.84;9480.0;0.00;0.00;5.49;99.2;96.5;0.00;0.00
27940;4154;24.0;48;7.84;9480.0;0.00;0.00;5.49;99.2;96.5;0.00;0.00
27949;4151;24.0;48;7.84;9480.0;0.00;0.00;5.49;99.2;96.5;0.00;0.00
27961;4147;24.0;48;7.84;9480.0;0.00;0.00;5.49;99.2;96.5;0.00;0.00
27972;4144;24.0;48;7.84;9480.0;0.00;0.00;5.49;99.2;96.5;0.00;0.00
27991;4140;24.0;48;7.84;9480.0;0.00;0.00;5.49;99.2;96.5;0.00;0.00
28001;4137;24.0;48;7.84;9480.0;0.00;0.00;5.49;99.2;96.5;0.00;0.00
28023;4133;24.0;48;7.84;9480.0;0.00;0.00;5.49;99.2;96.5;0.00;0.00
28040;4132;24.0;48;7.84;9480.0;0.00;0.00;5.49;99.2;96.5;0.00;0.00
28050;4130;24.0;48;7.84;9480.0;0.00;0.00;5.49;99.2;96.5;0.00;0.00
28062;4129;24.0;48;7.84;9480.0;0.00;0.00;5.49;99.2;96.5;0.00;0.00
28070;4127;24.0;48;7.84;9480.0;0.00;0.00;5.49;99.2;96.5;0.00;0.00
28081;4126;24.0;48;7.84;9480.0;0.00;0.00;5.49;99.2;96.5;0.00;0.00
28090;4124;24.0;48;7.84;9480.0;0.00;0.00;5.49;99.2;96.5;0.00;0.00
28101;4123;24.0;48;7.84;9480.0;0.00;0.00;5.49;99.2;96.5;0.00;0.00
28113;4121;24.0;48;7.84;9480.0;0.00;0.00;5.49;99.2;96.5;0.00;0.00
28131;4120;24.0;48;7.84;9480.0;0.00;0.00;5.49;99.2;96.5;0.00;0.00
28140;4119;24.0;48;7.84;9480.0;0.00;0.00;5.49;99.2;96.5;0.00;0.00
28159;4117;24.0;48;7.84;9480.0;0.00;0.00;5.49;99.2;96.5;0.00;0.00
28170;4117;24.0;48;7.84;9480.0;0.00;0.00;5.49;99.2;96.5;0.00;0.00
28180;4117;24.0;48;7.84;9480.0;0.00;0.00;5.49;99.2;96.5;0.00;0.00
28190;4116;24.0;48;7.84;9480.0;0.00;0.00;5.49;99.2;96.5;0.00;0.00
28200;4116;24.0;48;7.84;9480.0;0.00;0.00;5.49;99.2;96.5;0.00;0.00
28211;4116;24.0;48;7.84;9480.0;0.00;0.00;5.49;99.2;96.5;0.00;0.00
28221;4115;24.0;48;7.84;9490.0;0.00;0.00;5.49;99.2;96.5;0.00;0.00
28229;4115;24.0;48;7.84;9490.0;0.00;0.00;5.49;99.2;96.5;0.00;0.00
28241;4115;24.0;48;7.84;9490.0;0.00;0.00;5.49;99.2;96.5;0.00;0.00
28251;4114;24.0;48;7.84;9490.0;0.00;0.00;5.49;99.2;96.5;0.00;0.00
28260;4114;24.0;48;7.84;9500.0;0.00;0.00;5.49;99.2;96.5;0.00;0.00
28276;4114;24.0;48;7.84;9500.0;0.00;0.00;5.49;99.2;96.5;0.00;0.00
28291;4112;24.0;48;7.84;9500.0;0.00;0.00;5.49;99.2;96.5;0.00;0.00
28301;4110;24.0;48;7.84;9500.0;0.00;0.00;5.49;99.2;96.5;0.00;0.00
28312;4108;24.0;48;7.84;9510.0;0.00;0.00;5.49;99.2;96.5;0.00;0.00
28330;4105;24.0;48;7.84;9510.0;0.00;0.00;5.49;99.2;96.5;0.00;0.00
28341;4103;24.0;48;7.84;9510.0;0.00;0.00;5.49;99.2;96.5;0.00;0.00
28349;4101;24.0;48;7.84;9510.0;0.00;0.00;5.49;99.2;96.5;0.00;0.00
28360;4099;24.0;48;7.84;9510.0;0.00;0.00;5.49;99.2;96.5;0.00;0.00
28369;4097;24.0;48;7.84;9510.0;0.00;0.00;5.49;99.2;96.5;0.00;0.00
28381;4095;24.0;48;7.45;9510.0;0.00;0.00;5.49;99.2;96.5;0.00;0.00
28392;4093;24.0;48;7.45;9510.0;0.00;0.00;5.49;99.2;96.5;0.00;0.00
28407;4091;24.0;48;7.45;9510.0;0.00;0.00;5.49;99.2;96.5;0.00;0.00
28422;4088;24.0;48;7.45;9510.0;0.00;0.00;5.49;99.2;96.5;0.00;0.00
28443;4085;24.0;48;7.45;9510.0;0.00;0.00;5.49;99.2;96.5;0.00;0.00
28462;4082;24.0;48;7.45;9510.0;0.00;0.00;5.49;99.2;96.5;0.00;0.00
28482;4079;24.0;48;7.45;9510.0;0.00;0.00;5.49;99.2;96.5;0.00;0.00
28490;4076;24.0;48;7.45;9510.0;0.00;0.00;5.49;99.2;96.5;0.00;0.00
28500;4074;24.0;48;7.45;9510.0;0.00;0.00;5.49;99.2;96.5;0.00;0.00
28509;4071;24.0;48;7.45;9510.0;0.00;0.00;5.49;99.2;96.5;0.00;0.00
28523;4068;24.0;48;7.45;9510.0;0.00;0.00;5.49;99.2;96.5;0.00;0.00
28542;4065;24.0;48;7.45;9510.0;0.00;0.00;5.49;99.2;96.5;0.00;0.00
28551;4062;24.0;48;7.45;9510.0;0.00;0.00;5.49;99.2;96.5;0.00;0.00
28565;4059;24.0;48;7.45;9510.0;0.00;0.00;5.49;99.2;96.5;0.00;0.00
28580;4059;24.0;48;7.45;9510.0;0.00;0.00;5.49;99.2;96.5;0.00;0.00
28591;4058;24.0;48;7.45;9510.0;0.00;0.00;5.49;99.2;96.5;0.00;0.00
28599;4058;24.0;48;7.45;9510.0;0.00;0.00;5.49;99.1;96.5;0.00;0.00
28608;4057;24.0;48;7.45;9510.0;0.00;0.00;5.49;99.1;96.5;0.00;0.00
28620;4056;24.0;48;7.45;9510.0;0.00;0.00;5.49;99.1;96.5;0.00;0.00
28628;4056;24.0;48;7.45;9520.0;0.00;0.00;5.49;99.1;96.5;0.00;0.00
28639;4055;23.0;48;7.45;9520.0;0.00;0.00;5.49;99.1;96.5;0.00;0.00
28649;4055;23.0;48;7.45;9520.0;0.00;0.00;5.49;99.1;96.5;0.00;0.00
28660;4054;23.0;48;7.45;9530.0;0.00;0.00;5.49;99.1;96.5;0.00;0.00
28668;4053;23.0;48;7.45;9530.0;0.00;0.00;5.49;99.1;96.5;0.00;0.00
28684;4053;23.0;48;7.45;9540.0;0.00;0.00;5.49;99.1;96.5;0.00;0.00
28700;4051;23.0;48;7.45;9540.0;0.00;0.00;5.49;99.1;96.5;0.00;0.00
28711;4049;23.0;48;7.45;9540.0;0.00;0.00;5.49;99.1;96.5;0.00;0.00
28721;4047;23.0;48;7.45;9550.0;0.00;0.00;5.49;99.1;96.5;0.00;0.00
28731;4046;23.0;48;7.45;9550.0;0.00;0.00;5.49;99.1;96.5;0.00;0.00
28752;4044;23.0;48;7.45;9550.0;0.00;0.00;5.49;99.1;96.5;0.00;0.00
28772;4042;23.0;48;7.45;9550.0;0.00;0.00;5.49;99.1;96.5;0.00;0.00
28780;4040;24.0;48;7.45;9550.0;0.00;0.00;5.49;99.1;96.5;0.00;0.00
28790;4038;24.0;49;7.45;9550.0;0.00;0.00;5.49;99.1;96.5;0.00;0.00
28799;4036;24.0;49;7.45;9550.0;0.00;0.00;5.49;99.1;96.5;0.00;0.00
28811;4034;24.0;49;7.45;9550.0;0.00;0.00;5.49;99.1;96.5;0.00;0.00
28826;4033;24.0;49;7.45;9550.0;0.00;0.00;5.49;99.1;96.5;0.00;0.00
28840;4032;24.0;49;7.45;9550.0;0.00;0.00;5.49;99.1;96.5;0.00;0.00
28849;4031;24.0;49;7.45;9550.0;0.00;0.00;5.49;99.1;96.5;0.00;0.00
28860;4030;24.0;49;7.45;9550.0;0.00;0.00;5.49;99.1;96.5;0.00;0.00
28869;4029;24.0;49;7.45;9550.0;0.00;0.00;5.49;99.1;97.0;0.00;0.00
28880;4028;24.0;49;7.45;9550.0;0.00;0.00;5.49;99.1;97.0;0.00;0.00
28889;4027;24.0;49;7.45;9550.0;0.00;0.00;5.49;99.1;97.0;0.00;0.00
28900;4026;23.0;49;7.45;9550.0;0.00;0.00;5.49;99.1;97.0;0.00;0.00
28911;4026;23.0;49;7.45;9550.0;0.00;0.00;5.49;99.1;97.0;0.00;0.00
28923;4025;23.0;49;7.45;9550.0;0.00;0.00;5.49;99.1;97.0;0.00;0.00
28939;4024;23.0;49;7.45;9550.0;0.00;0.00;5.49;99.1;97.0;0.00;0.00
28956;4023;23.0;49;7.45;9550.0;0.00;0.00;5.49;99.1;97.0;0.00;0.00
28968;4022;23.0;49;7.45;9550.0;0.00;0.00;5.49;99.1;97.0;0.00;0.00
28979;4021;23.0;49;7.45;9550.0;0.00;0.00;5.49;99.1;97.0;0.00;0.00
28990;4020;23.0;49;7.45;9550.0;0.00;0.00;5.49;99.1;97.0;0.00;0.00
28999;4019;23.0;49;7.45;9550.0;0.00;0.00;5.49;99.1;97.0;0.00;0.00
29010;4017;23.0;49;7.45;9550.0;0.00;0.00;5.49;99.1;97.0;0.00;0.00
29021;4016;23.0;49;7.45;9560.0;0.00;0.00;5.49;99.1;97.0;0.00;0.00
29028;4015;23.0;49;7.45;9560.0;0.00;0.00;5.49;99.1;97.0;0.00;0.00
29041;4014;23.0;49;7.45;9560.0;0.00;0.00;5.49;99.1;97.0;0.00;0.00
29048;4013;23.0;49;7.45;9560.0;0.00;0.00;5.49;99.1;97.0;0.00;0.00
29060;4012;23.0;49;7.45;9570.0;0.00;0.00;5.49;99.1;97.0;0.00;0.00
29079;4011;23.0;49;7.45;9570.0;0.00;0.00;5.49;99.1;97.0;0.00;0.00
29091;4008;23.0;49;7.45;9570.0;0.00;0.00;5.49;99.1;97.0;0.00;0.00
29099;4005;23.0;49;7.45;9570.0;0.00;0.00;5.10;99.1;97.0;0.00;0.00
29112;4002;23.0;49;7.45;9580.0;0.00;0.00;5.10;99.1;97.0;0.00;0.00
29129;3999;23.0;49;7.45;9580.0;0.00;0.00;5.10;99.1;97.0;0.00;0.00
29141;3996;23.0;49;7.45;9580.0;0.00;0.00;5.10;99.1;97.0;0.00;0.00
29149;3993;23.0;49;7.45;9580.0;0.00;0.00;5.10;99.1;97.0;0.00;0.00
29160;3990;23.0;49;7.45;9580.0;0.00;0.00;5.10;99.1;97.0;0.00;0.00
29169;3987;23.0;49;7.45;9580.0;0.00;0.00;5.10;99.1;97.0;0.00;0.00
29181;3984;23.0;49;7.06;9580.0;0.00;0.00;5.10;99.1;97.0;0.00;0.00
29189;3982;23.0;49;7.06;9580.0;0.00;0.00;5.10;99.1;97.0;0.00;0.00
29206;3979;23.0;49;7.06;9580.0;0.00;0.00;5.10;99.1;97.0;0.00;0.00
29222;3977;23.0;49;7.06;9580.0;0.00;0.00;5.10;99.1;97.0;0.00;0.00
29238;3976;23.0;49;7.06;9580.0;0.00;0.00;5.10;99.1;97.0;0.00;0.00
29250;3974;23.0;49;7.06;9580.0;0.00;0.00;5.10;99.1;97.0;0.00;0.00
29260;3973;23.0;49;7.06;9580.0;0.00;0.00;5.10;99.1;96.5;0.00;0.00
29270;3971;23.0;49;7.06;9580.0;0.00;0.00;5.10;99.1;96.5;0.00;0.00
29279;3970;23.0;49;7.06;9580.0;0.00;0.00;5.10;99.1;96.5;0.00;0.00
29290;3968;23.0;49;7.06;9580.0;0.00;0.00;5.10;99.1;96.5;0.00;0.00
29299;3967;23.0;49;7.06;9580.0;0.00;0.00;5.10;99.1;96.5;0.00;0.00
29308;3965;23.0;49;7.06;9580.0;0.00;0.00;5.10;99.1;96.5;0.00;0.00
29322;3964;23.0;49;7.06;9580.0;0.00;0.00;5.10;99.1;96.5;0.00;0.00
29345;3962;23.0;49;7.06;9580.0;0.00;0.00;5.10;99.1;96.5;0.00;0.00
29361;3960;23.0;49;7.06;9580.0;0.00;0.00;5.10;99.1;96.5;0.00;0.00
29368;3958;23.0;49;7.06;9580.0;0.00;0.00;5.10;99.1;96.5;0.00;0.00
29379;3957;23.0;49;7.06;9580.0;0.00;0.00;5.10;99.1;96.5;0.00;0.00
29389;3955;23.0;49;7.06;9580.0;0.00;0.00;5.10;99.1;97.0;0.00;0.00
29400;3953;23.0;49;7.06;9580.0;0.00;0.00;5.10;99.1;97.0;0.00;0.00
29408;3951;23.0;49;7.06;9590.0;0.00;0.00;5.10;99.1;97.0;0.00;0.00
29422;3949;22.0;49;7.06;9590.0;0.00;0.00;5.10;99.1;97.0;0.00;0.00
29428;3948;22.0;49;7.06;9590.0;0.00;0.00;5.10;99.1;97.0;0.00;0.00
29440;3946;22.0;49;7.06;9600.0;0.00;0.00;5.10;99.1;97.0;0.00;0.00
29448;3944;22.0;49;7.06;9600.0;0.00;0.00;5.10;99.1;97.0;0.00;0.00
29466;3942;22.0;49;7.06;9610.0;0.00;0.00;5.10;99.1;97.0;0.00;0.00
29480;3942;22.0;49;7.06;9610.0;0.00;0.00;5.10;99.1;97.0;0.00;0.00
29491;3941;22.0;49;7.06;9610.0;0.00;0.00;5.10;99.1;97.0;0.00;0.00
29501;3941;22.0;49;7.06;9620.0;0.00;0.00;5.10;99.1;97.0;0.00;0.00
29509;3941;22.0;49;7.06;9620.0;0.00;0.00;5.10;99.1;97.0;0.00;0.00
29521;3940;22.0;49;7.06;9620.0;0.00;0.00;5.10;99.1;97.0;0.00;0.00
29528;3940;22.0;49;7.06;9620.0;0.00;0.00;5.10;99.1;97.0;0.00;0.00
29541;3939;23.0;49;7.06;9620.0;0.00;0.00;5.10;99.1;97.0;0.00;0.00
29551;3939;23.0;49;7.06;9620.0;0.00;0.00;5.10;99.1;97.0;0.00;0.00
29561;3939;23.0;49;7.06;9620.0;0.00;0.00;5.10;99.1;97.0;0.00;0.00
29571;3938;23.0;49;7.06;9620.0;0.00;0.00;5.10;99.1;97.0;0.00;0.00
29586;3938;23.0;49;7.06;9620.0;0.00;0.00;5.10;99.1;97.0;0.00;0.00
29600;3936;23.0;49;7.06;9620.0;0.00;0.00;5.10;99.1;97.0;0.00;0.00
29622;3935;23.0;49;7.06;9620.0;0.00;0.00;5.10;99.1;97.0;0.00;0.00
29628;3933;23.0;49;7.06;9620.0;0.00;0.00;5.10;99.1;97.0;0.00;0.00
29639;3932;23.0;49;7.06;9620.0;0.00;0.00;5.10;99.1;97.0;0.00;0.00
29648;3930;23.0;49;7.06;9620.0;0.00;0.00;5.10;99.1;97.0;0.00;0.00
29661;3928;23.0;49;7.06;9620.0;0.00;0.00;5.10;99.1;97.0;0.00;0.00
29670;3927;23.0;49;7.06;9620.0;0.00;0.00;5.10;99.0;97.0;0.00;0.00
29679;3925;23.0;49;7.06;9620.0;0.00;0.00;5.10;99.0;97.0;0.00;0.00
29689;3924;23.0;49;7.06;9620.0;0.00;0.00;5.10;99.0;97.0;0.00;0.00
29701;3922;23.0;49;7.06;9620.0;0.00;0.00;5.10;99.0;97.0;0.00;0.00
29716;3920;23.0;49;7.06;9620.0;0.00;0.00;5.10;99.0;97.0;0.00;0.00
29731;3917;23.0;49;7.06;9620.0;0.00;0.00;5.10;99.0;97.0;0.00;0.00
29749;3914;23.0;49;7.06;9620.0;0.00;0.00;5.10;99.0;97.0;0.00;0.00
29761;3910;23.0;49;7.06;9620.0;0.00;0.00;5.10;99.0;97.0;0.00;0.00
29770;3907;23.0;49;7.06;9620.0;0.00;0.00;5.10;99.0;97.0;0.00;0.00
29780;3903;23.0;49;7.06;9620.0;0.00;0.00;5.10;99.0;97.0;0.00;0.00
29788;3900;23.0;49;7.06;9630.0;0.00;0.00;5.10;99.0;97.0;0.00;0.00
29798;3897;22.0;49;7.06;9630.0;0.00;0.00;5.10;99.0;97.0;0.00;0.00
29809;3893;22.0;49;7.06;9630.0;0.00;0.00;5.10;99.0;97.0;0.00;0.00
29820;3890;22.0;49;7.06;9630.0;0.00;0.00;5.10;99.0;97.0;0.00;0.00
29829;3887;22.0;49;7.06;9640.0;0.00;0.00;5.10;99.0;97.0;0.00;0.00
29846;3883;22.0;49;7.06;9640.0;0.00;0.00;5.10;99.0;97.0;0.00;0.00
29861;3883;22.0;49;7.06;9640.0;0.00;0.00;5.10;99.0;97.0;0.00;0.00
29871;3883;22.0;49;7.06;9640.0;0.00;0.00;5.10;99.0;97.0;0.00;0.00
29880;3884;22.0;49;7.06;9650.0;0.00;0.00;5.10;99.0;97.0;0.00;0.00
29889;3884;22.0;49;7.06;9650.0;0.00;0.00;5.10;99.0;97.0;0.00;0.00
29900;3884;22.0;49;7.06;9650.0;0.00;0.00;5.10;99.0;97.0;0.00;0.00
29911;3884;22.0;49;7.06;9650.0;0.00;0.00;5.10;99.0;97.0;0.00;0.00
29923;3884;23.0;49;7.06;9650.0;0.00;0.00;5.10;99.0;97.0;0.00;0.00
29939;3885;23.0;49;7.06;9650.0;0.00;0.00;5.10;99.0;97.0;0.00;0.00
29949;3885;23.0;49;7.06;9650.0;0.00;0.00;5.10;99.0;97.0;0.00;0.00
29961;3885;23.0;49;7.06;9650.0;0.00;0.00;5.10;99.0;97.0;0.00;0.00
29977;3885;23.0;49;7.06;9650.0;0.00;0.00;5.10;99.0;97.0;0.00;0.00
29991;3883;23.0;49;7.06;9650.0;0.00;0.00;5.10;99.0;97.0;0.00;0.00
29999;3882;23.0;49;7.06;9650.0;0.00;0.00;5.10;99.0;97.0;0.00;0.00
30009;3880;23.0;49;7.06;9650.0;0.00;0.00;5.10;99.0;97.0;0.00;0.00
30022;3878;23.0;49;7.06;9650.0;0.00;0.00;5.10;99.0;97.0;0.00;0.00
30040;3877;23.0;49;7.06;9650.0;0.00;0.00;5.10;99.0;97.0;0.00;0.00
30050;3875;23.0;49;7.06;9650.0;0.00;0.00;5.10;99.0;97.0;0.00;0.00
30060;3873;23.0;49;7.06;9650.0;0.00;0.00;5.10;99.0;97.0;0.00;0.00
30070;3871;23.0;49;7.06;9650.0;0.00;0.00;5.10;99.0;97.0;0.00;0.00
30079;3870;23.0;49;7.06;9650.0;0.00;0.00;5.10;99.0;97.0;0.00;0.00
30090;3868;23.0;49;7.06;9650.0;0.00;0.00;5.10;99.0;97.0;0.00;0.00
30105;3866;23.0;49;7.06;9650.0;0.00;0.00;5.10;99.0;97.0;0.00;0.00
30119;3866;23.0;49;7.06;9650.0;0.00;0.00;5.10;99.0;97.0;0.00;0.00
30130;3865;23.0;49;7.06;9650.0;0.00;0.00;5.10;99.0;97.0;0.00;0.00
30139;3865;23.0;49;7.06;9650.0;0.00;0.00;5.10;99.0;97.0;0.00;0.00
30151;3864;23.0;49;7.06;9650.0;0.00;0.00;5.10;99.0;97.0;0.00;0.00
30161;3864;23.0;49;7.06;9650.0;0.00;0.00;5.10;99.0;97.0;0.00;0.00
30170;3863;23.0;49;7.06;9650.0;0.00;0.00;5.10;99.0;97.0;0.00;0.00
30182;3862;23.0;49;7.06;9650.0;0.00;0.00;5.10;99.0;97.0;0.00;0.00
30190;3862;23.0;49;7.06;9650.0;0.00;0.00;5.10;99.0;97.0;0.00;0.00
30201;3861;23.0;49;7.06;9650.0;0.00;0.00;5.10;99.0;97.0;0.00;0.00
30209;3861;23.0;49;7.06;9650.0;0.00;0.00;5.10;99.0;97.0;0.00;0.00
30227;3860;23.0;49;7.06;9650.0;0.00;0.00;5.10;99.0;97.0;0.00;0.00
30239;3857;23.0;49;7.06;9650.0;0.00;0.00;5.10;99.0;97.0;0.00;0.00
30250;3855;23.0;49;7.06;9650.0;0.00;0.00;5.10;99.0;97.0;0.00;0.00
30259;3852;23.0;49;7.06;9650.0;0.00;0.00;5.10;99.0;97.0;0.00;0.00
30270;3849;23.0;49;7.06;9650.0;0.00;0.00;5.10;99.0;97.5;0.00;0.00
30279;3846;23.0;49;7.06;9650.0;0.00;0.00;5.10;99.0;97.5;0.00;0.00
30290;3844;23.0;49;7.06;9660.0;0.00;0.00;5.10;99.0;97.5;0.00;0.00
30299;3841;23.0;49;7.06;9660.0;0.00;0.00;5.10;99.0;97.5;0.00;0.00
30310;3838;23.0;49;7.06;9660.0;0.00;0.00;5.10;99.0;97.5;0.00;0.00
30322;3835;23.0;49;7.06;9670.0;0.00;0.00;5.10;99.0;97.5;0.00;0.00
30341;3833;23.0;49;7.06;9670.0;0.00;0.00;5.10;99.0;97.5;0.00;0.00
30356;3830;23.0;49;7.06;9680.0;0.00;0.00;5.10;99.0;97.5;0.00;0.00
30370;3829;23.0;49;7.06;9680.0;0.00;0.00;5.10;99.0;97.5;0.00;0.00
30380;3829;23.0;49;7.06;9680.0;0.00;0.00;5.10;99.0;97.5;0.00;0.00
30390;3829;23.0;49;7.06;9690.0;0.00;0.00;5.10;99.0;97.5;0.00;0.00
30400;3828;23.0;49;7.06;9690.0;0.00;0.00;5.10;99.0;97.5;0.00;0.00
30409;3828;23.0;49;7.06;9690.0;0.00;0.00;5.10;99.0;97.5;0.00;0.00
30420;3827;23.0;49;7.06;9690.0;0.00;0.00;5.10;99.0;97.5;0.00;0.00
30431;3827;23.0;49;7.06;9690.0;0.00;0.00;5.10;99.0;97.5;0.00;0.00
30442;3826;23.0;49;7.06;9690.0;0.00;0.00;5.10;99.0;97.5;0.00;0.00
30451;3826;23.0;49;6.67;9690.0;0.00;0.00;5.10;99.0;97.5;0.00;0.00
30460;3826;23.0;49;6.67;9690.0;0.00;0.00;5.10;99.0;97.5;0.00;0.00
30477;3825;23.0;49;6.67;9690.0;0.00;0.00;5.10;99.0;97.5;0.00;0.00
30491;3824;23.0;49;6.67;9690.0;0.00;0.00;5.10;99.0;97.5;0.00;0.00
30501;3822;23.0;49;6.67;9690.0;0.00;0.00;5.10;99.0;97.5;0.00;0.00
30511;3821;23.0;49;6.67;9690.0;0.00;0.00;5.10;99.0;97.5;0.00;0.00
30520;3819;23.0;49;6.67;9690.0;0.00;0.00;5.10;99.0;97.5;0.00;0.00
30531;3818;23.0;49;6.67;9690.0;0.00;0.00;5.10;99.0;97.5;0.00;0.00
30541;3817;23.0;49;6.67;9690.0;0.00;0.00;5.10;99.0;97.5;0.00;0.00
30550;3815;22.0;49;6.67;9690.0;0.00;0.00;5.10;99.0;97.5;0.00;0.00
30559;3814;22.0;49;6.67;9690.0;0.00;0.00;5.10;99.0;97.5;0.00;0.00
30570;3812;22.0;49;6.67;9690.0;0.00;0.00;5.10;99.0;97.5;0.00;0.00
30581;3811;22.0;49;6.67;9690.0;0.00;0.00;5.10;99.0;97.5;0.00;0.00
30597;3810;22.0;49;6.67;9690.0;0.00;0.00;5.10;99.0;97.5;0.00;0.00
30609;3808;22.0;49;6.67;9690.0;0.00;0.00;5.10;99.0;97.5;0.00;0.00
30621;3806;22.0;49;6.67;9690.0;0.00;0.00;5.10;99.0;97.5;0.00;0.00
30630;3805;22.0;49;6.67;9690.0;0.00;0.00;5.10;99.0;97.5;0.00;0.00
30640;3803;22.0;49;6.67;9690.0;0.00;0.00;5.10;99.0;97.5;0.00;0.00
30649;3801;22.0;49;6.67;9690.0;0.00;0.00;5.10;99.0;97.5;0.00;0.00
30661;3800;22.0;49;6.67;9700.0;0.00;0.00;5.10;99.0;97.5;0.00;0.00
30671;3798;22.0;49;6.67;9700.0;0.00;0.00;5.10;99.0;97.5;0.00;0.00
30680;3797;22.0;49;6.67;9700.0;0.00;0.00;5.10;99.0;97.5;0.00;0.00
30691;3795;22.0;49;6.67;9700.0;0.00;0.00;5.10;99.0;97.5;0.00;0.00
30700;3793;22.0;49;6.67;9710.0;0.00;0.00;5.10;99.0;97.5;0.00;0.00
30717;3792;22.0;49;6.67;9710.0;0.00;0.00;5.10;99.0;97.5;0.00;0.00
30732;3790;22.0;49;6.67;9710.0;0.00;0.00;5.10;99.0;97.5;0.00;0.00
30752;3789;22.0;49;6.67;9710.0;0.00;0.00;5.10;99.0;97.5;0.00;0.00
30770;3787;22.0;49;6.67;9720.0;0.00;0.00;5.10;99.0;97.5;0.00;0.00
30779;3786;22.0;49;6.67;9720.0;0.00;0.00;5.10;99.0;97.5;0.00;0.00
30791;3784;22.0;49;6.67;9720.0;0.00;0.00;5.10;99.0;97.5;0.00;0.00
30799;3782;22.0;49;6.67;9720.0;0.00;0.00;5.10;99.0;97.5;0.00;0.00
30810;3781;23.0;49;6.67;9720.0;0.00;0.00;5.10;99.0;97.5;0.00;0.00
30819;3779;23.0;49;6.67;9720.0;0.00;0.00;5.10;99.0;97.5;0.00;0.00
30829;3778;23.0;49;6.67;9720.0;0.00;0.00;5.10;99.0;97.5;0.00;0.00
30841;3776;23.0;49;6.67;9720.0;0.00;0.00;5.10;99.0;97.5;0.00;0.00
30859;3775;23.0;49;6.67;9720.0;0.00;0.00;5.10;99.0;97.5;0.00;0.00
30869;3773;23.0;49;6.67;9720.0;0.00;0.00;5.10;99.0;97.5;0.00;0.00
30881;3772;23.0;49;6.67;9720.0;0.00;0.00;5.10;99.0;97.5;0.00;0.00
30891;3770;23.0;49;6.67;9720.0;0.00;0.00;5.10;99.0;97.5;0.00;0.00
30900;3768;23.0;49;6.67;9720.0;0.00;0.00;5.10;99.0;97.5;0.00;0.00
30909;3766;23.0;49;6.67;9720.0;0.00;0.00;5.10;99.0;97.5;0.00;0.00
30921;3765;23.0;49;6.67;9720.0;0.00;0.00;5.10;99.0;97.5;0.00;0.00
30931;3763;22.0;49;6.67;9720.0;0.00;0.00;5.10;99.0;97.5;0.00;0.00
30939;3761;22.0;49;6.67;9720.0;0.00;0.00;5.10;99.0;97.5;0.00;0.00
30949;3760;22.0;49;6.67;9720.0;0.00;0.00;5.10;99.0;97.5;0.00;0.00
30960;3758;22.0;49;6.67;9720.0;0.00;0.00;5.10;99.0;97.5;0.00;0.00
30976;3756;22.0;49;6.67;9720.0;0.00;0.00;5.10;99.0;97.5;0.00;0.00
30990;3756;22.0;49;6.67;9720.0;0.00;0.00;5.10;99.0;97.5;0.00;0.00
30999;3755;22.0;49;6.67;9720.0;0.00;0.00;5.10;99.0;97.5;0.00;0.00
31009;3754;22.0;49;6.67;9720.0;0.00;0.00;5.10;99.0;97.5;0.00;0.00
31020;3753;22.0;49;6.67;9720.0;0.00;0.00;5.10;99.0;97.5;0.00;0.00
31030;3752;22.0;49;6.67;9720.0;0.00;0.00;5.10;99.0;97.5;0.00;0.00
31039;3751;22.0;49;6.67;9720.0;0.00;0.00;5.10;99.0;97.5;0.00;0.00
31051;3751;23.0;49;6.67;9720.0;0.00;0.00;5.10;99.0;97.5;0.00;0.00
31060;3750;23.0;49;6.67;9720.0;0.00;0.00;5.10;99.0;97.5;0.00;0.00
31069;3749;23.0;49;6.67;9720.0;0.00;0.00;5.10;99.0;97.5;0.00;0.00
31080;3748;23.0;49;6.67;9720.0;0.00;0.00;5.10;99.0;97.5;0.00;0.00
31098;3747;23.0;49;6.67;9720.0;0.00;0.00;5.10;99.0;97.5;0.00;0.00
31111;3746;23.0;49;6.67;9720.0;0.00;0.00;5.10;99.0;97.5;0.00;0.00
31120;3744;23.0;49;6.67;9720.0;0.00;0.00;5.10;99.0;97.5;0.00;0.00
31130;3742;23.0;49;6.67;9720.0;0.00;0.00;5.10;99.0;97.5;0.00;0.00
31141;3740;23.0;49;6.67;9720.0;0.00;0.00;5.10;99.0;97.5;0.00;0.00
31151;3738;23.0;49;6.67;9720.0;0.00;0.00;5.10;99.0;97.5;0.00;0.00
31160;3736;23.0;49;6.67;9720.0;0.00;0.00;5.10;99.0;97.5;0.00;0.00
31172;3735;22.0;49;6.67;9720.0;0.00;0.00;5.10;99.0;97.5;0.00;0.00
31191;3733;22.0;49;6.67;9720.0;0.00;0.00;5.10;99.0;97.5;0.00;0.00
31201;3731;22.0;49;6.67;9720.0;0.00;0.00;5.10;99.0;97.5;0.00;0.00
31211;3729;22.0;49;6.67;9720.0;0.00;0.00;5.10;99.0;97.5;0.00;0.00
31226;3727;22.0;49;6.67;9720.0;0.00;0.00;5.10;99.0;97.5;0.00;0.00
31242;3726;22.0;49;6.67;9720.0;0.00;0.00;5.10;99.0;97.5;0.00;0.00
31251;3725;22.0;49;6.67;9720.0;0.00;0.00;5.10;99.0;97.5;0.00;0.00
31259;3724;22.0;49;6.67;9720.0;0.00;0.00;5.10;99.0;97.5;0.00;0.00
31272;3723;22.0;49;6.67;9720.0;0.00;0.00;5.10;99.0;97.5;0.00;0.00
31290;3722;22.0;49;6.67;9720.0;0.00;0.00;5.10;99.0;97.5;0.00;0.00
31299;3721;22.0;49;6.67;9730.0;0.00;0.00;5.10;99.0;97.5;0.00;0.00
31311;3720;22.0;49;6.67;9730.0;0.00;0.00;5.10;99.0;97.5;0.00;0.00
31331;3719;22.0;49;6.67;9730.0;0.00;0.00;5.10;99.0;97.5;0.00;0.00
31341;3718;22.0;49;6.67;9740.0;0.00;0.00;5.10;99.0;97.5;0.00;0.00
31351;3716;22.0;49;6.67;9740.0;0.00;0.00;5.10;99.0;97.5;0.00;0.00
31366;3715;22.0;49;6.67;9750.0;0.00;0.00;5.10;99.0;97.5;0.00;0.00
31381;3713;22.0;49;6.67;9750.0;0.00;0.00;5.10;99.0;97.5;0.00;0.00
31389;3712;22.0;49;6.67;9750.0;0.00;0.00;5.10;99.0;97.5;0.00;0.00
31401;3710;22.0;49;6.67;9760.0;0.00;0.00;5.10;99.0;97.5;0.00;0.00
31412;3708;22.0;49;6.67;9760.0;0.00;0.00;5.10;99.0;97.5;0.00;0.00
31430;3706;22.0;49;6.67;9760.0;0.00;0.00;5.10;99.0;97.5;0.00;0.00
31442;3704;22.0;49;6.67;9760.0;0.00;0.00;5.10;99.0;97.5;0.00;0.00
31461;3702;22.0;49;6.67;9760.0;0.00;0.00;5.10;99.0;97.5;0.00;0.00
31471;3700;22.0;49;6.67;9760.0;0.00;0.00;5.10;99.0;97.5;0.00;0.00
31479;3698;22.0;49;6.67;9760.0;0.00;0.00;5.10;99.0;97.5;0.00;0.00
31491;3697;22.0;49;6.67;9760.0;0.00;0.00;5.10;99.0;97.5;0.00;0.00
31507;3695;22.0;49;6.67;9760.0;0.00;0.00;5.10;99.0;97.5;0.00;0.00
31522;3694;22.0;49;6.67;9760.0;0.00;0.00;5.10;99.0;97.5;0.00;0.00
31530;3693;22.0;49;6.67;9760.0;0.00;0.00;5.10;99.0;97.5;0.00;0.00
31542;3692;22.0;49;6.67;9760.0;0.00;0.00;5.10;99.0;97.5;0.00;0.00
31551;3691;22.0;49;6.67;9760.0;0.00;0.00;5.10;99.0;97.5;0.00;0.00
31560;3690;22.0;49;6.67;9760.0;0.00;0.00;5.10;99.0;97.5;0.00;0.00
31572;3689;22.0;49;6.67;9760.0;0.00;0.00;5.10;99.0;97.5;0.00;0.00
31590;3688;23.0;49;6.67;9760.0;0.00;0.00;5.10;99.0;97.5;0.00;0.00
31601;3687;23.0;49;6.67;9760.0;0.00;0.00;5.10;99.0;97.5;0.00;0.00
31621;3686;23.0;49;6.67;9760.0;0.00;0.00;5.10;99.0;97.5;0.00;0.00
31631;3686;23.0;49;6.67;9760.0;0.00;0.00;5.10;99.0;97.5;0.00;0.00
31647;3685;23.0;49;6.67;9760.0;0.00;0.00;5.10;99.0;97.5;0.00;0.00
31661;3683;23.0;49;6.67;9760.0;0.00;0.00;5.10;99.0;97.5;0.00;0.00
31670;3682;23.0;49;6.67;9760.0;0.00;0.00;5.10;99.0;97.5;0.00;0.00
31681;3681;23.0;49;6.67;9760.0;0.00;0.00;5.10;99.0;97.5;0.00;0.00
31692;3679;23.0;49;6.67;9760.0;0.00;0.00;5.10;99.0;97.5;0.00;0.00
31701;3678;23.0;49;6.67;9760.0;0.00;0.00;5.10;99.0;97.5;0.00;0.00
31711;3676;23.0;49;6.67;9760.0;0.00;0.00;5.10;99.0;97.5;0.00;0.00
31720;3675;23.0;49;6.67;9760.0;0.00;0.00;5.10;99.0;97.5;0.00;0.00
31729;3674;23.0;49;6.67;9760.0;0.00;0.00;5.10;99.0;97.5;0.00;0.00
31751;3672;23.0;49;6.67;9760.0;0.00;0.00;5.10;99.0;97.5;0.00;0.00
31759;3671;23.0;49;6.67;9760.0;0.00;0.00;5.10;99.0;97.5;0.00;0.00
31779;3670;23.0;49;6.67;9760.0;0.00;0.00;5.10;99.0;97.5;0.00;0.00
31791;3668;23.0;49;6.67;9760.0;0.00;0.00;5.10;99.0;97.5;0.00;0.00
31801;3667;23.0;49;6.67;9760.0;0.00;0.00;5.10;99.0;97.5;0.00;0.00
31810;3666;23.0;49;6.67;9760.0;0.00;0.00;5.10;99.0;97.5;0.00;0.00
31819;3664;23.0;49;6.67;9760.0;0.00;0.00;5.10;99.0;97.5;0.00;0.00
31829;3663;23.0;49;6.67;9760.0;0.00;0.00;5.10;99.0;97.5;0.00;0.00
31841;3662;23.0;49;6.67;9770.0;0.00;0.00;5.10;99.0;97.5;0.00;0.00
31851;3661;22.0;49;6.67;9770.0;0.00;0.00;5.10;99.0;97.5;0.00;0.00
31860;3659;22.0;49;6.67;9770.0;0.00;0.00;5.10;99.0;97.5;0.00;0.00
31872;3658;22.0;49;6.67;9770.0;0.00;0.00;5.10;99.0;97.5;0.00;0.00
31889;3657;22.0;49;6.67;9780.0;0.00;0.00;5.10;99.0;97.5;0.00;0.00
31905;3655;22.0;49;6.67;9780.0;0.00;0.00;5.10;99.0;97.5;0.00;0.00
31921;3653;22.0;49;6.67;9780.0;0.00;0.00;5.10;99.0;97.5;0.00;0.00
31930;3652;22.0;49;6.67;9780.0;0.00;0.00;5.10;99.0;97.5;0.00;0.00
31942;3650;22.0;49;6.67;9790.0;0.00;0.00;5.10;99.0;97.5;0.00;0.00
31951;3648;22.0;49;6.67;9790.0;0.00;0.00;5.10;99.0;97.5;0.00;0.00
31960;3646;22.0;49;6.67;9790.0;0.00;0.00;5.10;99.0;97.5;0.00;0.00
31971;3644;22.0;49;6.67;9790.0;0.00;0.00;5.10;99.0;97.5;0.00;0.00
31980;3642;23.0;49;6.67;9790.0;0.00;0.00;5.10;99.0;97.5;0.00;0.00
31991;3640;23.0;49;6.67;9790.0;0.00;0.00;5.10;99.0;97.5;0.00;0.00
32001;3638;23.0;49;6.67;9790.0;0.00;0.00;5.10;99.0;97.5;0.00;0.00
32010;3637;23.0;49;6.67;9790.0;0.00;0.00;5.10;99.0;97.5;0.00;0.00
32025;3635;23.0;49;6.67;9790.0;0.00;0.00;5.10;99.0;97.5;0.00;0.00
32040;3634;23.0;49;6.67;9790.0;0.00;0.00;5.10;99.0;97.5;0.00;0.00
32050;3633;23.0;49;6.67;9790.0;0.00;0.00;5.10;99.0;97.5;0.00;0.00
32062;3632;23.0;49;6.67;9790.0;0.00;0.00;5.10;99.0;97.5;0.00;0.00
32071;3631;23.0;49;6.67;9790.0;0.00;0.00;5.10;99.0;97.5;0.00;0.00
32083;3630;23.0;49;6.67;9790.0;0.00;0.00;5.10;99.0;97.5;0.00;0.00
32101;3629;23.0;49;6.67;9790.0;0.00;0.00;5.10;99.0;97.5;0.00;0.00
32110;3628;22.0;49;6.67;9790.0;0.00;0.00;5.10;99.0;97.5;0.00;0.00
32121;3627;22.0;49;6.67;9790.0;0.00;0.00;5.10;99.0;97.5;0.00;0.00
32132;3626;22.0;49;6.67;9790.0;0.00;0.00;5.10;99.0;97.5;0.00;0.00
32144;3626;22.0;49;6.67;9790.0;0.00;0.00;5.10;99.0;97.5;0.00;0.00
32165;3625;22.0;49;6.67;9790.0;0.00;0.00;5.10;99.0;97.5;0.00;0.00
32181;3623;22.0;49;6.67;9790.0;0.00;0.00;5.10;99.0;97.5;0.00;0.00
32191;3622;22.0;49;6.67;9790.0;0.00;0.00;5.10;99.0;97.5;0.00;0.00
32200;3620;22.0;49;6.67;9790.0;0.00;0.00;5.10;99.0;97.5;0.00;0.00
32212;3619;22.0;49;6.67;9790.0;0.00;0.00;5.10;99.0;97.5;0.00;0.00
32221;3617;22.0;49;6.67;9790.0;0.00;0.00;5.10;99.0;97.5;0.00;0.00
32230;3615;22.0;49;6.67;9790.0;0.00;0.00;5.10;99.0;97.5;0.00;0.00
32241;3614;22.0;49;6.67;9790.0;0.00;0.00;5.10;99.0;97.5;0.00;0.00
32251;3612;22.0;49;6.67;9790.0;0.00;0.00;5.10;99.0;97.5;0.00;0.00
32260;3611;22.0;49;6.67;9790.0;0.00;0.00;5.10;99.0;97.5;0.00;0.00
32270;3609;22.0;49;6.67;9790.0;0.00;0.00;5.10;99.0;97.5;0.00;0.00
32285;3608;22.0;49;6.67;9790.0;0.00;0.00;5.10;99.0;97.5;0.00;0.00
32301;3605;22.0;49;6.67;9790.0;0.00;0.00;5.10;99.0;97.5;0.00;0.00
32309;3603;22.0;49;6.67;9790.0;0.00;0.00;5.10;99.0;97.5;0.00;0.00
32321;3600;22.0;49;6.67;9790.0;0.00;0.00;5.10;99.0;97.5;0.00;0.00
32331;3598;22.0;49;6.67;9790.0;0.00;0.00;5.10;99.0;97.5;0.00;0.00
32340;3595;22.0;49;6.67;9790.0;0.00;0.00;5.10;99.0;97.5;0.00;0.00
32352;3593;22.0;49;6.67;9800.0;0.00;0.00;5.10;99.0;97.5;0.00;0.00
32368;3591;22.0;49;6.67;9800.0;0.00;0.00;5.10;99.0;97.5;0.00;0.00
32382;3588;22.0;49;6.67;9800.0;0.00;0.00;5.10;99.0;97.5;0.00;0.00
32399;3586;22.0;49;6.27;9810.0;0.00;0.00;5.10;99.0;97.5;0.00;0.00
32410;3583;22.0;49;6.27;9810.0;0.00;0.00;5.10;99.0;97.5;0.00;0.00
32424;3581;22.0;49;6.27;9820.0;0.00;0.00;5.10;99.0;97.5;0.00;0.00
32441;3580;22.0;49;6.27;9820.0;0.00;0.00;5.10;99.0;97.5;0.00;0.00
32449;3579;22.0;49;6.27;9820.0;0.00;0.00;5.10;99.0;97.5;0.00;0.00
32461;3579;22.0;49;6.27;9830.0;0.00;0.00;5.10;99.0;97.5;0.00;0.00
32469;3578;22.0;49;6.27;9830.0;0.00;0.00;5.10;99.0;97.5;0.00;0.00
32480;3578;22.0;49;6.27;9830.0;0.00;0.00;5.10;99.0;97.5;0.00;0.00
32488;3577;22.0;49;6.27;9830.0;0.00;0.00;5.10;99.0;97.5;0.00;0.00
32502;3577;22.0;49;6.27;9830.0;0.00;0.00;5.10;99.0;97.5;0.00;0.00
32522;3576;22.0;49;6.27;9830.0;0.00;0.00;5.10;99.0;97.5;0.00;0.00
32529;3576;22.0;49;6.67;9830.0;0.00;0.00;5.10;99.0;97.5;0.00;0.00
32538;3575;22.0;49;6.67;9830.0;0.00;0.00;5.10;99.0;97.5;0.00;0.00
32558;3574;22.0;49;6.67;9830.0;0.00;0.00;5.10;99.0;97.5;0.00;0.00
32571;3574;22.0;49;6.67;9830.0;0.00;0.00;5.10;99.0;97.5;0.00;0.00
32579;3573;22.0;49;6.67;9830.0;0.00;0.00;5.10;99.0;97.5;0.00;0.00
32588;3572;22.0;49;6.67;9830.0;0.00;0.00;5.10;99.0;97.5;0.00;0.00
32598;3571;22.0;49;6.67;9830.0;0.00;0.00;5.10;99.0;97.5;0.00;0.00
32609;3570;22.0;49;6.67;9830.0;0.00;0.00;5.10;99.0;97.5;0.00;0.00
32621;3569;22.0;49;6.67;9830.0;0.00;0.00;5.10;99.0;97.5;0.00;0.00
32629;3568;22.0;49;6.67;9830.0;0.00;0.00;5.10;99.0;97.5;0.00;0.00
32640;3567;22.0;49;6.67;9830.0;0.00;0.00;5.10;99.0;97.5;0.00;0.00
32649;3567;22.0;49;6.67;9830.0;0.00;0.00;5.10;99.0;97.5;0.00;0.00
32660;3566;22.0;49;6.67;9830.0;0.00;0.00;5.10;99.0;97.5;0.00;0.00
32676;3565;22.0;49;6.67;9830.0;0.00;0.00;5.10;99.0;97.5;0.00;0.00
32690;3563;22.0;49;6.67;9830.0;0.00;0.00;5.10;99.0;97.5;0.00;0.00
32702;3561;22.0;49;6.67;9830.0;0.00;0.00;5.10;99.0;97.5;0.00;0.00
32722;3560;22.0;49;6.67;9830.0;0.00;0.00;5.10;99.0;97.5;0.00;0.00
32741;3558;22.0;49;6.67;9830.0;0.00;0.00;5.10;99.0;97.5;0.00;0.00
32750;3556;22.0;49;6.67;9830.0;0.00;0.00;5.10;99.0;97.5;0.00;0.00
32760;3554;22.0;49;6.67;9830.0;0.00;0.00;5.10;99.0;97.5;0.00;0.00
32770;3553;22.0;49;6.67;9830.0;0.00;0.00;5.10;99.0;97.5;0.00;0.00
32783;3551;22.0;49;6.67;9830.0;0.00;0.00;5.10;99.0;97.5;0.00;0.00
32801;3549;22.0;49;6.27;9830.0;0.00;0.00;5.10;99.0;97.5;0.00;0.00
32809;3547;22.0;49;6.27;9830.0;0.00;0.00;5.10;99.0;97.5;0.00;0.00
32824;3546;22.0;49;6.27;9830.0;0.00;0.00;5.10;99.0;97.5;0.00;0.00
32839;3544;22.0;49;6.27;9830.0;0.00;0.00;5.10;99.0;97.5;0.00;0.00
32851;3542;22.0;49;6.27;9830.0;0.00;0.00;5.10;99.0;97.5;0.00;0.00
32860;3540;22.0;49;6.27;9830.0;0.00;0.00;5.10;99.0;97.5;0.00;0.00
32868;3539;22.0;49;6.27;9830.0;0.00;0.00;5.10;99.0;97.5;0.00;0.00
32880;3537;22.0;49;6.27;9830.0;0.00;0.00;5.10;99.0;97.5;0.00;0.00
32889;3535;22.0;49;6.27;9830.0;0.00;0.00;5.10;99.0;97.5;0.00;0.00
32900;3534;22.0;49;6.27;9830.0;0.00;0.00;5.10;99.0;97.5;0.00;0.00
32909;3532;22.0;49;6.27;9830.0;0.00;0.00;5.10;99.0;97.5;0.00;0.00
32922;3530;22.0;49;6.27;9830.0;0.00;0.00;5.10;99.0;97.5;0.00;0.00
32930;3528;22.0;49;6.27;9830.0;0.00;0.00;5.10;99.0;97.5;0.00;0.00
32945;3527;22.0;49;6.27;9830.0;0.00;0.00;5.10;99.0;97.5;0.00;0.00
32959;3525;22.0;49;6.27;9830.0;0.00;0.00;5.10;99.0;97.5;0.00;0.00
32968;3524;22.0;49;6.27;9830.0;0.00;0.00;5.10;99.0;97.5;0.00;0.00
32979;3522;22.0;49;6.27;9830.0;0.00;0.00;5.10;99.0;97.5;0.00;0.00
32991;3521;22.0;49;6.27;9830.0;0.00;0.00;5.10;99.0;98.0;0.00;0.00
32999;3519;22.0;49;6.27;9830.0;0.00;0.00;5.10;99.0;98.0;0.00;0.00
33008;3518;22.0;49;6.27;9840.0;0.00;0.00;5.10;99.0;98.0;0.00;0.00
33022;3516;22.0;49;6.27;9840.0;0.00;0.00;5.10;99.0;98.0;0.00;0.00
33040;3515;22.0;49;6.27;9840.0;0.00;0.00;5.10;99.0;98.0;0.00;0.00
33049;3513;22.0;49;6.27;9840.0;0.00;0.00;5.10;99.0;98.0;0.00;0.00
33060;3512;22.0;49;6.27;9850.0;0.00;0.00;5.10;99.0;98.0;0.00;0.00
33076;3510;22.0;49;6.27;9850.0;0.00;0.00;5.10;99.0;98.0;0.00;0.00
33090;3508;22.0;49;6.27;9850.0;0.00;0.00;5.10;99.0;98.0;0.00;0.00
33099;3507;22.0;49;6.27;9850.0;0.00;0.00;5.10;99.0;98.0;0.00;0.00
33108;3505;22.0;49;6.27;9860.0;0.00;0.00;5.10;99.0;98.0;0.00;0.00
33123;3503;22.0;49;6.27;9860.0;0.00;0.00;5.10;99.0;97.5;0.00;0.00
33140;3501;22.0;49;6.27;9860.0;0.00;0.00;5.10;99.0;97.5;0.00;0.00
33151;3499;22.0;49;6.27;9860.0;0.00;0.00;5.10;99.0;97.5;0.00;0.00
33160;3498;22.0;49;6.27;9860.0;0.00;0.00;5.10;99.0;97.5;0.00;0.00
33168;3496;22.0;49;6.27;9860.0;0.00;0.00;5.10;99.0;97.5;0.00;0.00
33180;3494;22.0;49;6.27;9860.0;0.00;0.00;5.10;99.0;97.5;0.00;0.00
33189;3492;22.0;49;6.27;9860.0;0.00;0.00;5.10;99.0;97.5;0.00;0.00
33206;3491;22.0;49;6.27;9860.0;0.00;0.00;5.10;99.0;97.5;0.00;0.00
33221;3489;22.0;49;6.27;9860.0;0.00;0.00;5.10;99.0;97.5;0.00;0.00
33230;3488;22.0;49;6.27;9860.0;0.00;0.00;5.10;99.0;97.5;0.00;0.00
33238;3487;22.0;49;6.27;9860.0;0.00;0.00;5.10;98.9;97.5;0.00;0.00
33250;3486;22.0;49;6.27;9860.0;0.00;0.00;5.10;98.9;98.0;0.00;0.00
33259;3484;22.0;49;6.27;9860.0;0.00;0.00;5.10;98.9;98.0;0.00;0.00
33270;3483;22.0;49;6.27;9860.0;0.00;0.00;5.10;98.9;98.0;0.00;0.00
33278;3482;22.0;49;6.27;9860.0;0.00;0.00;5.10;98.9;98.0;0.00;0.00
33289;3480;22.0;49;6.27;9860.0;0.00;0.00;5.10;98.9;98.0;0.00;0.00
33298;3479;22.0;49;6.27;9860.0;0.00;0.00;5.10;98.9;98.0;0.00;0.00
33309;3478;22.0;49;6.27;9860.0;0.00;0.00;5.10;98.9;98.0;0.00;0.00
33325;3477;22.0;49;6.27;9860.0;0.00;0.00;5.10;98.9;98.0;0.00;0.00
33341;3476;22.0;49;6.27;9860.0;0.00;0.00;5.10;98.9;98.0;0.00;0.00
33351;3476;22.0;49;6.27;9860.0;0.00;0.00;5.10;98.9;98.0;0.00;0.00
33359;3475;22.0;49;6.27;9860.0;0.00;0.00;5.10;98.9;98.0;0.00;0.00
33370;3475;22.0;49;6.27;9860.0;0.00;0.00;5.10;98.9;97.5;0.00;0.00
33378;3475;22.0;49;6.27;9860.0;0.00;0.00;5.10;98.9;97.5;0.00;0.00
33388;3474;22.0;49;6.27;9860.0;0.00;0.00;5.10;98.9;97.5;0.00;0.00
33400;3474;22.0;49;6.27;9860.0;0.00;0.00;5.10;98.9;97.5;0.00;0.00
33408;3473;22.0;49;6.27;9860.0;0.00;0.00;5.10;98.9;97.5;0.00;0.00
33420;3473;22.0;49;6.27;9860.0;0.00;0.00;5.10;98.9;97.5;0.00;0.00
33432;3473;22.0;49;6.27;9860.0;0.00;0.00;5.10;98.9;97.5;0.00;0.00
33456;3472;22.0;49;6.27;9860.0;0.00;0.00;5.10;98.9;97.5;0.00;0.00
33469;3470;22.0;49;6.27;9860.0;0.00;0.00;5.10;98.9;97.5;0.00;0.00
33479;3467;22.0;49;6.27;9860.0;0.00;0.00;5.10;98.9;97.5;0.00;0.00
33490;3465;22.0;49;6.27;9860.0;0.00;0.00;5.10;98.9;97.5;0.00;0.00
33499;3462;22.0;49;6.27;9860.0;0.00;0.00;5.10;98.9;97.5;0.00;0.00
33510;3460;22.0;49;6.27;9860.0;0.00;0.00;5.10;98.9;97.5;0.00;0.00
33522;3457;22.0;49;6.27;9860.0;0.00;0.00;5.10;98.9;97.5;0.00;0.00
33538;3454;22.0;49;6.27;9860.0;0.00;0.00;5.10;98.9;97.5;0.00;0.00
33549;3452;22.0;49;6.27;9860.0;0.00;0.00;5.10;98.9;97.5;0.00;0.00
33558;3449;22.0;49;6.27;9860.0;0.00;0.00;5.10;98.9;97.5;0.00;0.00
33570;3447;22.0;49;6.27;9860.0;0.00;0.00;5.10;98.9;97.5;0.00;0.00
33584;3444;22.0;49;6.27;9860.0;0.00;0.00;5.10;98.9;97.5;0.00;0.00
33600;3444;22.0;49;6.27;9860.0;0.00;0.00;5.10;98.9;97.5;0.00;0.00
33621;3444;22.0;49;6.27;9860.0;0.00;0.00;5.10;98.9;97.5;0.00;0.00
33630;3443;22.0;49;6.27;9860.0;0.00;0.00;5.10;98.9;97.5;0.00;0.00
33639;3443;22.0;49;6.27;9860.0;0.00;0.00;5.10;98.9;97.5;0.00;0.00
33649;3442;22.0;49;6.27;9860.0;0.00;0.00;5.10;98.9;97.5;0.00;0.00
33658;3442;22.0;49;6.27;9870.0;0.00;0.00;5.10;98.9;97.5;0.00;0.00
33670;3441;22.0;49;6.27;9870.0;0.00;0.00;5.10;98.9;97.5;0.00;0.00
33678;3441;22.0;49;6.27;9870.0;0.00;0.00;5.10;98.9;97.5;0.00;0.00
33690;3440;22.0;49;6.27;9880.0;0.00;0.00;5.10;98.9;97.5;0.00;0.00
33699;3440;22.0;49;6.27;9880.0;0.00;0.00;5.10;98.9;97.5;0.00;0.00
33717;3440;22.0;49;6.27;9890.0;0.00;0.00;5.10;98.9;97.5;0.00;0.00
33729;3438;22.0;49;6.27;9890.0;0.00;0.00;5.10;98.9;97.5;0.00;0.00
33750;3437;22.0;49;6.27;9890.0;0.00;0.00;5.10;98.9;97.5;0.00;0.00
33759;3436;22.0;49;6.27;9900.0;0.00;0.00;5.10;98.9;97.5;0.00;0.00
33770;3435;22.0;49;6.27;9900.0;0.00;0.00;5.10;98.9;97.5;0.00;0.00
33780;3433;22.0;49;6.27;9900.0;0.00;0.00;5.10;98.9;97.5;0.00;0.00
33790;3432;22.0;49;6.27;9900.0;0.00;0.00;5.10;98.9;97.5;0.00;0.00
33799;3431;22.0;49;6.27;9900.0;0.00;0.00;5.10;98.9;97.5;0.00;0.00
33811;3430;22.0;49;6.27;9900.0;0.00;0.00;5.10;98.9;97.5;0.00;0.00
33822;3428;22.0;49;6.27;9900.0;0.00;0.00;5.10;98.9;97.5;0.00;0.00
33840;3427;22.0;49;6.27;9900.0;0.00;0.00;5.10;98.9;97.5;0.00;0.00
33859;3426;22.0;49;6.27;9900.0;0.00;0.00;5.10;98.9;97.5;0.00;0.00
33870;3424;22.0;49;6.27;9900.0;0.00;0.00;5.10;98.9;97.5;0.00;0.00
33881;3423;22.0;49;6.27;9900.0;0.00;0.00;5.10;98.9;97.5;0.00;0.00
33890;3421;22.0;49;6.27;9900.0;0.00;0.00;5.10;98.9;97.5;0.00;0.00
33900;3420;22.0;49;6.27;9900.0;0.00;0.00;5.10;98.9;98.0;0.00;0.00
33909;3418;22.0;49;6.27;9900.0;0.00;0.00;5.10;98.9;98.0;0.00;0.00
33921;3416;22.0;49;6.27;9900.0;0.00;0.00;5.10;98.9;98.0;0.00;0.00
33930;3415;22.0;49;6.27;9900.0;0.00;0.00;5.10;98.9;98.0;0.00;0.00
33939;3413;22.0;49;6.27;9900.0;0.00;0.00;5.10;98.9;98.0;0.00;0.00
33950;3412;22.0;49;6.27;9900.0;0.00;0.00;5.10;98.9;98.0;0.00;0.00
33960;3410;22.0;49;6.27;9900.0;0.00;0.00;5.10;98.9;98.0;0.00;0.00
33975;3408;22.0;49;6.27;9900.0;0.00;0.00;5.10;98.9;98.0;0.00;0.00
33991;3406;22.0;49;6.27;9900.0;0.00;0.00;5.10;98.9;98.0;0.00;0.00
34000;3403;22.0;49;6.27;9900.0;0.00;0.00;5.10;98.9;98.0;0.00;0.00
34010;3401;22.0;49;6.27;9900.0;0.00;0.00;5.10;98.9;98.0;0.00;0.00
34020;3399;22.0;49;6.27;9900.0;0.00;0.00;5.10;98.9;97.5;0.00;0.00
34029;3396;22.0;49;6.27;9900.0;0.00;0.00;5.10;98.9;97.5;0.00;0.00
34040;3394;22.0;49;6.27;9900.0;0.00;0.00;5.10;98.9;97.5;0.00;0.00
34051;3391;22.0;49;6.27;9900.0;0.00;0.00;5.10;98.9;97.5;0.00;0.00
34060;3389;22.0;49;6.27;9900.0;0.00;0.00;5.10;98.9;97.5;0.00;0.00
34069;3386;22.0;49;6.27;9900.0;0.00;0.00;5.10;98.9;97.5;0.00;0.00
34080;3384;22.0;49;6.27;9900.0;0.00;0.00;5.10;98.9;97.5;0.00;0.00
34097;3381;22.0;49;6.27;9900.0;0.00;0.00;5.10;98.9;97.5;0.00;0.00
34111;3381;22.0;49;6.27;9900.0;0.00;0.00;5.10;98.9;97.5;0.00;0.00
34123;3380;22.0;49;6.27;9900.0;0.00;0.00;5.10;98.9;97.5;0.00;0.00
34139;3379;22.0;49;6.27;9900.0;0.00;0.00;5.10;98.9;97.5;0.00;0.00
34150;3378;22.0;49;6.27;9900.0;0.00;0.00;5.10;98.9;97.5;0.00;0.00
34161;3377;22.0;49;6.27;9900.0;0.00;0.00;5.10;98.9;97.5;0.00;0.00
34170;3377;22.0;49;6.27;9900.0;0.00;0.00;5.10;98.9;97.5;0.00;0.00
34180;3376;22.0;49;6.27;9900.0;0.00;0.00;5.10;98.9;97.5;0.00;0.00
34190;3375;22.0;49;6.27;9900.0;0.00;0.00;5.10;98.9;97.5;0.00;0.00
34199;3374;22.0;49;5.88;9900.0;0.00;0.00;5.10;98.9;97.5;0.00;0.00
34210;3373;22.0;49;5.88;9900.0;0.00;0.00;5.10;98.9;97.5;0.00;0.00
34226;3373;22.0;49;5.88;9900.0;0.00;0.00;5.10;98.9;97.5;0.00;0.00
34240;3371;22.0;49;5.88;9900.0;0.00;0.00;5.10;98.9;97.5;0.00;0.00
34249;3369;22.0;49;5.88;9900.0;0.00;0.00;5.10;98.9;97.5;0.00;0.00
34261;3368;22.0;49;5.88;9900.0;0.00;0.00;5.10;98.9;97.5;0.00;0.00
34271;3366;22.0;49;5.88;9900.0;0.00;0.00;5.10;98.9;97.5;0.00;0.00
34281;3364;22.0;49;5.88;9900.0;0.00;0.00;5.10;98.9;97.5;0.00;0.00
34289;3363;22.0;49;5.88;9900.0;0.00;0.00;5.10;98.9;97.5;0.00;0.00
34300;3361;22.0;49;5.88;9900.0;0.00;0.00;5.10;98.9;97.5;0.00;0.00
34309;3359;22.0;49;5.88;9900.0;0.00;0.00;5.10;98.9;97.5;0.00;0.00
34321;3358;22.0;49;5.88;9900.0;0.00;0.00;5.10;98.9;97.5;0.00;0.00
34329;3356;22.0;49;5.88;9900.0;0.00;0.00;5.10;98.9;97.5;0.00;0.00
34346;3354;22.0;49;5.88;9900.0;0.00;0.00;5.10;98.9;97.5;0.00;0.00
34360;3354;22.0;49;5.88;9900.0;0.00;0.00;5.10;98.9;97.5;0.00;0.00
34371;3354;22.0;49;5.88;9900.0;0.00;0.00;4.71;98.9;97.5;0.00;0.00
34380;3353;22.0;49;5.88;9900.0;0.00;0.00;4.71;98.9;97.5;0.00;0.00
34389;3353;22.0;49;5.88;9900.0;0.00;0.00;4.71;98.9;98.0;0.00;0.00
34399;3352;22.0;49;5.88;9900.0;0.00;0.00;4.71;98.9;98.0;0.00;0.00
34410;3352;22.0;49;5.88;9900.0;0.00;0.00;4.71;98.9;98.0;0.00;0.00
34419;3352;22.0;49;5.88;9900.0;0.00;0.00;4.71;98.9;98.0;0.00;0.00
34430;3351;22.0;49;5.88;9900.0;0.00;0.00;4.71;98.9;98.0;0.00;0.00
34441;3351;22.0;49;5.88;9900.0;0.00;0.00;4.71;98.9;98.0;0.00;0.00
34450;3350;22.0;49;5.88;9900.0;0.00;0.00;4.71;98.9;98.0;0.00;0.00
34467;3350;22.0;49;5.88;9900.0;0.00;0.00;4.71;98.9;98.0;0.00;0.00
34479;3347;22.0;49;5.88;9900.0;0.00;0.00;4.71;98.9;98.0;0.00;0.00
34491;3345;22.0;49;5.88;9900.0;0.00;0.00;4.71;98.9;98.0;0.00;0.00
34501;3343;22.0;49;5.88;9900.0;0.00;0.00;4.71;98.9;98.0;0.00;0.00
34510;3340;22.0;49;5.88;9900.0;0.00;0.00;4.71;98.9;97.5;0.00;0.00
34522;3338;22.0;49;5.88;9900.0;0.00;0.00;4.71;98.9;97.5;0.00;0.00
34539;3335;22.0;49;5.88;9900.0;0.00;0.00;4.71;98.9;97.5;0.00;0.00
34550;3333;22.0;49;5.88;9900.0;0.00;0.00;4.71;98.9;97.5;0.00;0.00
34561;3331;22.0;49;5.88;9900.0;0.00;0.00;4.71;98.9;97.5;0.00;0.00
34570;3328;22.0;49;5.88;9900.0;0.00;0.00;4.71;98.9;97.5;0.00;0.00
34580;3326;22.0;49;5.88;9900.0;0.00;0.00;4.71;98.9;97.5;0.00;0.00
34596;3323;22.0;49;5.88;9900.0;0.00;0.00;4.71;98.9;97.5;0.00;0.00
34610;3322;22.0;49;5.88;9900.0;0.00;0.00;4.71;98.9;97.5;0.00;0.00
34619;3321;22.0;49;5.88;9900.0;0.00;0.00;4.71;98.9;97.5;0.00;0.00
34630;3319;22.0;49;5.88;9900.0;0.00;0.00;4.71;98.9;97.5;0.00;0.00
34640;3318;22.0;49;5.88;9900.0;0.00;0.00;4.71;98.9;97.5;0.00;0.00
34649;3317;22.0;49;5.88;9900.0;0.00;0.00;4.71;98.9;97.5;0.00;0.00
34660;3316;22.0;49;5.88;9910.0;0.00;0.00;4.71;98.9;97.5;0.00;0.00
34672;3314;21.0;49;5.88;9910.0;0.00;0.00;4.71;98.9;97.5;0.00;0.00
34690;3313;21.0;49;5.88;9910.0;0.00;0.00;4.71;98.9;97.5;0.00;0.00
34701;3312;21.0;49;5.88;9910.0;0.00;0.00;4.71;98.9;97.5;0.00;0.00
34709;3310;21.0;49;5.88;9920.0;0.00;0.00;4.71;98.9;97.5;0.00;0.00
34726;3309;21.0;49;5.88;9920.0;0.00;0.00;4.71;98.9;97.5;0.00;0.00
34739;3308;21.0;49;5.88;9920.0;0.00;0.00;4.71;98.9;97.5;0.00;0.00
34749;3306;21.0;49;5.88;9920.0;0.00;0.00;5.10;98.9;97.5;0.00;0.00
34760;3305;21.0;49;5.88;9930.0;0.00;0.00;5.10;98.9;97.5;0.00;0.00
34769;3304;21.0;49;5.88;9930.0;0.00;0.00;5.10;98.9;98.0;0.00;0.00
34781;3302;21.0;49;5.88;9930.0;0.00;0.00;5.10;98.9;98.0;0.00;0.00
34790;3301;21.0;49;5.88;9930.0;0.00;0.00;5.10;98.9;98.0;0.00;0.00
34800;3300;22.0;49;5.88;9930.0;0.00;0.00;5.10;98.9;98.0;0.00;0.00
34810;3298;22.0;49;5.88;9930.0;0.00;0.00;5.10;98.9;98.0;0.00;0.00
34824;3297;22.0;49;5.88;9930.0;0.00;0.00;5.10;98.9;98.0;0.00;0.00
34840;3296;22.0;49;5.88;9930.0;0.00;0.00;5.10;98.9;98.0;0.00;0.00
34857;3294;22.0;49;5.88;9930.0;0.00;0.00;5.10;98.9;98.0;0.00;0.00
34870;3293;22.0;49;5.88;9930.0;0.00;0.00;5.10;98.9;98.0;0.00;0.00
34879;3292;22.0;49;5.88;9930.0;0.00;0.00;5.10;98.9;98.0;0.00;0.00
34889;3291;22.0;49;5.88;9930.0;0.00;0.00;5.10;98.9;98.0;0.00;0.00
34900;3290;22.0;49;5.88;9930.0;0.00;0.00;5.10;98.9;98.0;0.00;0.00
34911;3288;22.0;49;5.88;9930.0;0.00;0.00;5.10;98.9;98.0;0.00;0.00
34922;3287;22.0;49;5.88;9930.0;0.00;0.00;5.10;98.9;98.0;0.00;0.00
34939;3286;21.0;49;5.88;9930.0;0.00;0.00;5.10;98.9;98.0;0.00;0.00
34949;3285;21.0;49;5.88;9930.0;0.00;0.00;5.10;98.9;98.0;0.00;0.00
34959;3284;21.0;49;5.88;9930.0;0.00;0.00;5.10;98.9;98.0;0.00;0.00
34970;3282;21.0;49;5.88;9930.0;0.00;0.00;5.10;98.9;98.0;0.00;0.00
34986;3281;21.0;49;5.88;9930.0;0.00;0.00;5.10;98.9;98.0;0.00;0.00
35001;3277;21.0;49;5.88;9930.0;0.00;0.00;5.10;98.9;98.0;0.00;0.00
35009;3272;21.0;49;5.88;9930.0;0.00;0.00;4.71;98.9;98.0;0.00;0.00
35020;3267;21.0;49;5.88;9930.0;0.00;0.00;4.71;98.9;98.0;0.00;0.00
35029;3263;21.0;49;5.88;9930.0;0.00;0.00;4.71;98.9;97.5;0.00;0.00
35039;3258;21.0;49;5.88;9930.0;0.00;0.00;4.71;98.9;97.5;0.00;0.00
35049;3253;21.0;49;5.88;9930.0;0.00;0.00;4.71;98.9;97.5;0.00;0.00
35060;3249;22.0;49;5.88;9930.0;0.00;0.00;4.71;98.9;97.5;0.00;0.00
35071;3244;22.0;49;5.88;9930.0;0.00;0.00;4.71;98.9;97.5;0.00;0.00
35080;3240;22.0;49;5.88;9930.0;0.00;0.00;4.71;98.9;97.5;0.00;0.00
35090;3235;22.0;49;5.88;9930.0;0.00;0.00;4.71;98.9;97.5;0.00;0.00
35105;3230;22.0;49;5.88;9930.0;0.00;0.00;4.71;98.9;97.5;0.00;0.00
35121;3226;22.0;49;5.88;9930.0;0.00;0.00;4.71;98.9;97.5;0.00;0.00
35131;3221;22.0;49;5.88;9930.0;0.00;0.00;4.71;98.9;97.5;0.00;0.00
35140;3216;22.0;49;5.88;9930.0;0.00;0.00;4.71;98.9;97.5;0.00;0.00
35150;3211;22.0;49;5.88;9930.0;0.00;0.00;4.71;98.9;98.0;0.00;0.00
35160;3207;22.0;49;5.88;9930.0;0.00;0.00;4.71;98.9;98.0;0.00;0.00
35172;3202;22.0;49;5.88;9930.0;0.00;0.00;4.71;98.9;98.0;0.00;0.00
35181;3197;22.0;49;5.88;9930.0;0.00;0.00;4.71;98.9;98.0;0.00;0.00
35190;3193;22.0;49;5.88;9930.0;0.00;0.00;4.71;98.9;98.0;0.00;0.00
35201;3188;22.0;49;5.88;9930.0;0.00;0.00;4.71;98.9;98.0;0.00;0.00
35210;3183;22.0;49;5.88;9930.0;0.00;0.00;4.71;98.9;98.0;0.00;0.00
35227;3178;22.0;49;5.88;9930.0;0.00;0.00;4.71;98.9;98.0;0.00;0.00
35241;3172;22.0;49;5.88;9930.0;0.00;0.00;4.71;98.9;98.0;0.00;0.00
35251;3165;22.0;49;5.88;9930.0;0.00;0.00;5.10;98.9;98.0;0.00;0.00
35261;3159;22.0;49;5.88;9930.0;0.00;0.00;5.10;98.9;98.0;0.00;0.00
35270;3152;22.0;49;5.88;9930.0;0.00;0.00;5.10;98.9;98.0;0.00;0.00
35280;3146;22.0;49;5.88;9930.0;0.00;0.00;5.10;98.9;98.0;0.00;0.00
35290;3140;22.0;49;5.88;9940.0;0.00;0.00;5.10;98.9;98.0;0.00;0.00
35302;3133;21.0;49;5.88;9940.0;0.00;0.00;5.10;98.9;98.0;0.00;0.00
35312;3127;21.0;49;5.88;9940.0;0.00;0.00;5.10;98.9;98.0;0.00;0.00
35319;3120;21.0;49;5.49;9950.0;0.00;0.00;5.10;98.9;98.0;0.00;0.00
35332;3114;21.0;49;5.49;9950.0;0.00;0.00;5.10;98.9;98.0;0.00;0.00
35355;3107;21.0;49;5.49;9960.0;0.00;0.00;5.10;98.9;98.0;0.00;0.00
35372;3100;21.0;49;5.49;9960.0;0.00;0.00;5.10;98.9;98.0;0.00;0.00
35391;3092;21.0;49;5.49;9960.0;0.00;0.00;5.10;98.9;98.0;0.00;0.00
35401;3085;21.0;49;5.49;9970.0;0.00;0.00;5.10;98.9;98.0;0.00;0.00
35410;3077;21.0;49;5.49;9970.0;0.00;0.00;5.10;98.9;98.0;0.00;0.00
35422;3070;21.0;49;5.49;9970.0;0.00;0.00;5.10;98.9;98.0;0.00;0.00
35439;3063;21.0;49;5.49;9970.0;0.00;0.00;5.10;98.9;98.0;0.00;0.00
35451;3055;21.0;49;5.49;9970.0;0.00;0.00;5.10;98.9;98.0;0.00;0.00
35460;3048;21.0;49;5.49;9970.0;0.00;0.00;5.10;98.9;98.0;0.00;0.00
35472;3040;21.0;49;5.49;9970.0;0.00;0.00;5.10;98.9;98.0;0.00;0.00
35490;3033;21.0;49;5.49;9970.0;0.00;0.00;5.10;98.9;98.0;0.00;0.00
35505;3026;21.0;49;5.49;9970.0;0.00;0.00;5.10;98.9;98.0;0.00;0.00
35520;3020;21.0;49;5.49;9970.0;0.00;0.00;5.10;98.9;98.0;0.00;0.00
35531;3015;21.0;49;5.49;9970.0;0.00;0.00;5.10;98.9;98.0;0.00;0.00
35541;3009;21.0;49;5.49;9970.0;0.00;0.00;5.10;98.9;98.0;0.00;0.00
35550;3004;21.0;49;5.49;9970.0;0.00;0.00;5.10;98.9;97.5;0.00;0.00
35560;2998;21.0;49;5.49;9970.0;0.00;0.00;5.10;98.9;97.5;0.00;0.00
35571;2993;21.0;49;5.49;9970.0;0.00;0.00;5.10;98.9;97.5;0.00;0.00
35581;2987;21.0;49;5.49;9970.0;0.00;0.00;5.10;98.9;97.5;0.00;0.00
35590;2982;21.0;49;5.49;9970.0;0.00;0.00;5.10;98.9;97.5;0.00;0.00
35602;2976;21.0;49;5.10;9970.0;0.00;0.00;5.10;98.9;97.5;0.00;0.00
35622;2971;21.0;49;5.10;9970.0;0.00;0.00;5.10;98.9;97.5;0.00;0.00
35645;2965;21.0;49;5.10;9970.0;0.00;0.00;5.10;98.9;97.5;0.00;0.00
35660;2958;21.0;49;5.10;9970.0;0.00;0.00;5.10;98.9;97.5;0.00;0.00
35671;2950;21.0;49;5.10;9970.0;0.00;0.00;5.10;98.9;97.5;0.00;0.00
35690;2942;21.0;49;5.10;9970.0;0.00;0.00;5.10;98.9;97.5;0.00;0.00
35701;2934;21.0;49;5.10;9970.0;0.00;0.00;5.10;98.9;97.5;0.00;0.00
35710;2927;21.0;49;5.10;9970.0;0.00;0.00;5.10;98.9;97.5;0.00;0.00
35722;2919;21.0;49;5.10;9970.0;0.00;0.00;5.10;98.9;97.5;0.00;0.00
35741;2911;22.0;49;5.10;9970.0;0.00;0.00;5.10;98.9;97.5;0.00;0.00
35752;2903;22.0;49;5.10;9970.0;0.00;0.00;5.10;98.9;97.5;0.00;0.00
35770;2895;22.0;49;5.10;9970.0;0.00;0.00;5.10;98.9;97.5;0.00;0.00
35781;2888;22.0;49;5.10;9970.0;0.00;0.00;5.10;98.9;97.5;0.00;0.00
35799;2880;22.0;49;5.10;9970.0;0.00;0.00;5.10;98.9;97.5;0.00;0.00
35810;2873;22.0;49;5.10;9970.0;0.00;0.00;5.10;98.9;97.5;0.00;0.00
35819;2867;22.0;49;5.10;9970.0;0.00;0.00;5.49;98.9;97.5;0.00;0.00
35831;2860;22.0;49;5.10;9970.0;0.00;0.00;5.49;98.9;97.5;0.00;0.00
35853;2854;22.0;49;5.10;9970.0;0.00;0.00;5.49;98.9;98.0;0.00;0.00
35871;2847;22.0;49;5.10;9970.0;0.00;0.00;5.49;98.9;98.0;0.00;0.00
35880;2841;22.0;49;5.10;9970.0;0.00;0.00;5.49;98.9;98.0;0.00;0.00
35891;2835;22.0;49;5.10;9970.0;0.00;0.00;5.49;98.9;98.0;0.00;0.00
35901;2828;22.0;49;5.10;9970.0;0.00;0.00;5.49;98.9;98.0;0.00;0.00
35919;2822;22.0;49;5.10;9970.0;0.00;0.00;5.49;98.9;98.0;0.00;0.00
35931;2815;22.0;49;5.10;9970.0;0.00;0.00;5.88;98.9;98.0;0.00;0.00
35959;2809;22.0;49;5.10;9970.0;0.00;0.00;5.88;98.9;98.0;0.00;0.00
35971;2801;22.0;49;5.10;9970.0;0.00;0.00;5.88;98.9;98.0;0.00;0.00
35980;2793;22.0;49;5.10;9970.0;0.00;0.00;5.88;98.9;98.0;0.00;0.00
35992;2785;22.0;49;5.10;9970.0;0.00;0.00;5.88;98.9;98.0;0.00;0.00
36012;2778;22.0;49;5.10;9970.0;0.00;0.00;5.88;98.9;97.5;0.00;0.00
36032;2770;22.0;49;5.10;9970.0;0.00;0.00;6.27;98.9;97.5;0.00;0.00
36051;2762;22.0;49;5.10;9980.0;0.00;0.00;6.27;98.9;97.5;0.00;0.00
36062;2755;22.0;49;5.10;9980.0;0.00;0.00;6.27;98.9;97.5;0.00;0.00
36081;2747;22.0;49;5.10;9980.0;0.00;0.00;6.27;98.9;97.5;0.00;0.00
36091;2739;22.0;49;5.10;9980.0;0.00;0.00;6.67;98.9;97.5;0.00;0.00
36102;2731;22.0;49;5.10;9990.0;0.00;0.00;6.67;98.9;97.5;0.00;0.00
36125;2724;22.0;49;5.10;9990.0;0.00;0.00;6.67;98.9;97.0;0.00;0.00
36141;2723;22.0;49;5.10;9990.0;0.00;0.00;6.67;98.9;97.0;0.00;0.00
36150;2722;22.0;49;5.10;9990.0;0.00;0.00;7.06;98.9;97.0;0.00;0.00
36161;2722;23.0;49;5.10;10000.0;0.00;0.00;7.06;98.9;97.0;0.00;0.00
36169;2721;23.0;49;5.10;10000.0;0.00;0.00;7.06;98.9;96.5;0.00;0.00
36180;2720;23.0;49;5.49;10000.0;0.00;0.00;7.06;98.9;96.5;0.00;0.00
36191;2720;24.0;49;5.49;10000.0;0.00;0.00;7.45;98.9;96.5;0.00;0.00
36200;2719;24.0;49;5.49;10000.0;0.00;0.00;7.45;98.9;96.5;0.00;0.00
36211;2719;25.0;49;5.88;10000.0;0.00;0.00;7.45;98.9;96.0;0.00;0.00
36222;2718;25.0;49;5.88;10000.0;0.00;0.00;7.84;98.9;96.0;0.00;0.00
36241;2717;25.0;49;6.27;10000.0;0.00;0.00;7.84;98.9;95.5;0.00;0.00
36258;2717;26.0;49;6.27;10000.0;0.00;0.00;7.84;98.9;94.5;0.00;0.00
36272;2713;26.0;49;6.27;10000.0;0.00;0.00;8.24;98.9;94.0;0.00;0.00
36290;2710;26.0;49;6.67;10000.0;0.00;0.00;8.24;98.9;93.0;0.00;0.00
36300;2706;26.0;49;6.67;10000.0;0.00;0.00;8.63;98.9;92.5;0.00;0.00
36312;2702;26.0;49;6.67;10000.0;0.00;0.00;8.63;98.9;91.5;0.00;0.00
36320;2699;26.0;49;6.67;10000.0;0.00;0.00;8.63;98.9;91.0;0.00;0.00
36331;2695;26.0;49;6.67;10000.0;0.00;0.00;9.02;98.9;90.0;0.00;0.00
36340;2692;27.0;49;6.67;10000.0;0.00;0.00;9.02;98.9;89.5;0.00;0.00
36351;2688;27.0;49;6.67;10000.0;0.00;0.00;9.02;98.9;88.5;0.00;0.00
36359;2685;27.0;49;7.06;10000.0;0.00;0.00;9.02;98.9;88.0;0.00;0.00
36372;2681;27.0;49;7.06;10000.0;0.00;0.00;9.41;98.9;87.5;0.00;100.00
36399;2678;27.0;49;7.06;10000.0;0.00;0.00;9.41;98.9;87.5;0.00;100.00
36412;2674;27.0;49;7.06;10000.0;0.00;0.00;9.41;98.9;87.0;0.00;100.00
36421;2670;27.0;49;7.06;10000.0;0.00;0.00;9.41;98.9;87.0;0.00;100.00
36431;2666;27.0;49;7.06;10000.0;0.00;0.00;9.41;98.9;86.5;0.00;100.00
36440;2662;28.0;49;7.06;10000.0;0.00;0.00;9.41;98.9;86.5;0.00;100.00
36450;2658;28.0;49;7.06;10000.0;0.00;0.00;9.80;98.9;86.0;0.00;100.00
36460;2654;28.0;49;7.06;10000.0;0.00;0.00;9.80;98.9;86.0;0.00;100.00
36471;2651;28.0;49;7.06;10000.0;0.00;0.00;9.80;98.9;85.5;0.00;100.00
36491;2647;28.0;49;7.06;10000.0;0.00;0.00;9.80;98.9;85.5;0.00;100.00
36501;2643;28.0;49;7.06;10000.0;0.00;0.00;9.80;98.9;85.0;0.00;100.00
36511;2639;29.0;49;7.06;10000.0;0.00;0.00;10.20;98.9;85.0;0.00;100.00
36525;2635;29.0;49;7.06;10000.0;0.00;0.00;10.20;98.9;85.0;0.00;100.00
36542;2633;29.0;49;7.06;10000.0;0.00;0.00;10.20;98.9;85.0;0.00;100.00
36562;2631;29.0;49;7.06;10000.0;0.00;0.00;10.20;98.9;85.0;0.00;100.00
36579;2629;28.0;49;7.06;10000.0;0.00;0.00;10.20;98.9;85.0;0.00;100.00
36590;2627;28.0;49;7.06;10000.0;0.00;0.00;10.20;98.9;85.5;0.00;100.00
36600;2625;28.0;49;7.06;10000.0;0.00;0.00;10.59;98.9;85.5;0.00;100.00
36622;2622;28.0;49;6.67;10000.0;0.00;0.00;10.59;98.9;85.5;0.00;100.00
36639;2620;27.0;49;6.67;10000.0;0.00;0.00;10.59;98.9;85.5;0.00;100.00
36652;2618;27.0;49;6.67;10000.0;0.00;0.00;10.59;98.9;85.5;0.00;100.00
36671;2616;27.0;49;6.67;10000.0;0.00;0.00;10.59;98.9;85.5;0.00;100.00
36680;2614;27.0;49;6.67;10000.0;0.00;0.00;10.20;98.9;85.5;0.00;100.00
36698;2612;26.0;49;6.67;10000.0;0.00;0.00;10.20;98.9;86.0;0.00;100.00
36708;2607;26.0;49;6.27;10000.0;0.00;0.00;10.20;98.9;86.0;0.00;100.00
36720;2602;26.0;49;6.27;10000.0;0.00;0.00;10.20;98.9;86.0;0.00;100.00
36732;2597;26.0;49;6.27;10000.0;0.00;0.00;10.20;98.9;86.0;0.00;100.00
36753;2593;26.0;49;6.27;10000.0;0.00;0.00;10.20;98.9;86.5;0.00;100.00
36769;2588;26.0;49;6.27;10000.0;0.00;0.00;9.80;98.9;86.5;0.00;100.00
36780;2583;26.0;49;6.27;10000.0;0.00;0.00;9.80;98.9;86.5;0.00;100.00
36791;2578;27.0;49;6.27;10000.0;0.00;0.00;9.80;98.9;86.5;0.00;100.00
36802;2573;27.0;49;6.27;10000.0;0.00;0.00;9.80;98.9;87.0;0.00;100.00
36820;2569;27.0;49;6.27;10000.0;0.00;0.00;9.80;99.0;87.0;0.00;100.00
36831;2564;27.0;49;6.27;10000.0;0.00;0.00;9.80;99.0;86.5;0.00;100.00
36859;2559;27.0;49;6.27;10000.0;0.00;0.00;9.80;99.1;86.5;0.00;100.00
36870;2531;27.0;49;6.27;10000.0;0.00;0.00;9.80;99.1;86.0;0.00;100.00
36879;2502;29.0;49;6.27;10000.0;0.00;0.00;10.20;99.2;85.5;0.00;100.00
36888;2474;31.0;49;6.27;10000.0;0.00;0.00;10.20;99.2;85.5;0.00;100.00
36902;2446;33.0;49;6.67;10000.0;0.00;0.00;10.20;99.3;85.0;0.00;100.00
36922;2417;35.0;49;7.45;10000.0;0.00;0.00;10.20;99.3;85.0;0.00;100.00
36939;2389;37.0;49;7.84;10000.0;0.00;0.00;10.20;99.4;84.5;0.00;100.00
36951;2361;40.0;49;8.24;10000.0;0.00;0.00;10.20;99.4;84.0;0.00;100.00
36960;2333;42.0;49;8.63;10000.0;0.00;0.00;12.16;99.5;84.0;0.00;100.00
36973;2304;44.0;49;9.41;10000.0;0.00;0.00;14.51;99.5;83.5;0.00;100.00
36989;2276;46.0;49;9.80;10000.0;0.00;0.00;16.47;99.6;82.0;0.00;0.00
37005;2248;48.0;49;10.20;10000.0;0.00;0.00;18.43;99.7;80.5;0.00;0.00
37022;2250;50.0;49;10.59;10000.0;0.00;0.00;20.78;99.7;78.5;0.00;0.00
37040;2253;51.0;49;11.37;10000.0;0.00;0.00;22.75;99.8;77.0;0.00;0.00
37052;2256;52.0;49;11.76;10000.0;0.00;0.00;25.10;99.8;75.5;0.00;0.00
37069;2259;53.0;49;11.76;10000.0;0.00;0.00;27.06;99.9;74.0;0.00;0.00
37080;2262;54.0;49;11.37;9900.0;0.00;0.00;29.02;100.0;72.5;0.00;0.00
37089;2264;55.0;49;11.37;9790.0;1.56;0.00;31.37;100.0;71.0;0.00;0.00
37101;2267;55.0;49;11.37;9690.0;3.13;0.00;33.33;100.1;69.0;0.00;0.00
37110;2270;56.0;49;10.98;9580.0;4.69;0.00;32.94;100.2;67.5;0.00;0.00
37122;2273;57.0;49;10.98;9480.0;6.25;0.00;32.55;100.1;66.0;0.00;0.00
37141;2276;58.0;49;10.59;9370.0;7.81;0.00;32.16;100.0;65.5;70.20;29.80
37158;2278;59.0;49;10.59;9270.0;10.16;0.00;31.76;99.9;64.5;70.20;29.80
37170;2280;60.0;49;10.59;9160.0;11.72;0.00;31.37;99.8;64.0;70.20;29.80
37182;2281;59.0;49;10.20;9060.0;13.28;0.00;30.59;99.7;63.5;70.20;29.80
37189;2282;57.0;49;10.20;8950.0;14.84;0.00;30.20;99.6;63.0;70.20;29.80
37201;2283;56.0;49;9.80;8850.0;16.41;0.00;29.80;99.5;62.0;70.20;29.80
37210;2284;55.0;49;9.41;8820.0;17.97;0.00;29.41;99.4;61.5;70.20;29.80
37222;2285;54.0;49;9.02;8780.0;16.41;0.00;29.02;99.3;61.0;70.20;29.80
37242;2287;52.0;49;8.63;8750.0;14.84;0.00;28.63;99.2;60.5;70.20;29.80
37250;2288;51.0;49;8.24;8710.0;13.28;0.00;27.84;99.1;59.5;70.20;29.80
37261;2289;50.0;49;7.45;8680.0;11.72;0.00;26.67;99.0;59.0;70.20;29.80
37271;2290;49.0;49;7.06;8640.0;10.16;0.00;25.88;99.0;59.5;56.08;43.92
37288;2291;47.0;49;6.67;8610.0;7.81;0.00;24.71;99.0;60.5;56.08;43.92
37300;2285;46.0;49;6.27;8570.0;6.25;0.00;23.92;99.0;61.0;56.08;43.92
37308;2279;45.0;49;5.88;8540.0;4.69;0.00;22.75;99.0;62.0;56.08;43.92
37320;2273;45.0;49;5.49;8500.0;3.13;0.00;21.96;99.0;62.5;56.08;43.92
37328;2266;44.0;49;5.49;8470.0;1.56;0.00;20.78;99.0;63.5;56.08;43.92
37342;2260;43.0;49;5.49;8470.0;0.00;0.00;20.00;99.0;64.0;56.08;43.92
37350;2254;42.0;49;5.49;8480.0;0.00;0.00;18.82;99.0;65.0;56.08;43.92
37360;2247;42.0;49;5.49;8480.0;0.00;0.00;18.04;98.9;65.5;56.08;43.92
37369;2241;41.0;49;5.49;8480.0;0.00;0.00;17.65;98.9;66.5;56.08;43.92
37381;2235;40.0;49;5.10;8480.0;0.00;0.00;17.25;98.9;67.0;56.08;43.92
37391;2229;39.0;49;5.10;8490.0;0.00;0.00;16.86;98.9;68.0;0.00;100.00
37406;2222;39.0;49;5.10;8490.0;0.00;0.00;16.47;98.9;69.5;0.00;100.00
37421;2218;38.0;49;5.10;8490.0;0.00;0.00;16.08;98.9;70.5;0.00;100.00
37432;2214;37.0;49;5.10;8490.0;0.00;0.00;16.08;98.9;72.0;0.00;100.00
37438;2210;36.0;49;5.10;8500.0;0.00;0.00;15.69;98.9;73.0;0.00;100.00
37450;2206;36.0;49;5.10;8500.0;0.00;0.00;15.29;98.9;74.5;0.00;100.00
37458;2202;35.0;49;5.10;8500.0;0.00;0.00;14.90;98.9;75.5;0.00;100.00
37470;2198;34.0;49;5.10;8500.0;0.00;0.00;14.51;98.9;77.0;0.00;100.00
37480;2194;33.0;49;5.10;8500.0;0.00;0.00;14.12;98.9;78.0;0.00;100.00
37488;2190;32.0;49;5.10;8500.0;0.00;0.00;14.12;98.9;79.5;0.00;100.00
37500;2186;31.0;49;4.71;8500.0;0.00;0.00;13.73;98.9;80.5;0.00;100.00
37509;2182;31.0;49;4.71;8500.0;0.00;0.00;13.73;98.9;81.0;0.00;100.00
37526;2178;30.0;49;4.71;8500.0;0.00;0.00;13.73;98.9;81.5;0.00;100.00
37541;2175;29.0;49;4.71;8500.0;0.00;0.00;13.73;98.9;82.0;0.00;100.00
37549;2172;29.0;49;4.71;8500.0;0.00;0.00;13.33;98.9;82.5;0.00;100.00
37560;2168;28.0;49;4.71;8500.0;0.00;0.00;13.33;98.9;83.0;0.00;100.00
37570;2165;28.0;49;4.71;8500.0;0.00;0.00;13.33;98.9;83.5;0.00;100.00
37579;2162;28.0;49;4.71;8500.0;0.00;0.00;13.33;98.9;84.0;0.00;100.00
37589;2158;28.0;49;5.10;8510.0;0.00;0.00;12.94;98.9;84.5;0.00;100.00
37598;2155;27.0;49;5.10;8510.0;0.00;0.00;12.94;98.9;85.0;0.00;100.00
37610;2152;27.0;49;5.10;8510.0;0.00;0.00;12.94;98.9;85.5;0.00;100.00
37622;2149;27.0;49;5.10;8520.0;0.00;0.00;12.94;98.9;86.0;0.00;100.00
37638;2145;27.0;49;5.10;8520.0;0.00;0.00;12.94;98.9;86.0;0.00;100.00
37656;2142;26.0;49;5.10;8530.0;0.00;0.00;12.94;98.9;86.0;0.00;100.00
37671;2131;26.0;49;5.49;8530.0;0.00;0.00;12.94;98.9;86.0;0.00;100.00
37688;2121;26.0;49;5.49;8530.0;0.00;0.00;13.33;98.9;86.0;0.00;100.00
37698;2110;27.0;49;5.49;8540.0;0.00;0.00;13.33;98.9;86.0;0.00;100.00
37710;2100;27.0;49;5.49;8540.0;0.00;0.00;13.33;98.9;86.5;0.00;100.00
37721;2089;27.0;49;5.49;8540.0;0.00;0.00;13.33;98.9;86.5;0.00;100.00
37730;2079;27.0;49;5.49;8540.0;0.00;0.00;13.33;98.9;86.5;0.00;100.00
37750;2068;28.0;49;5.49;8540.0;0.00;0.00;13.33;98.9;86.5;0.00;100.00
37758;2058;28.0;49;5.49;8540.0;0.00;0.00;13.33;98.9;86.5;0.00;100.00
37770;2047;28.0;49;5.10;8540.0;0.00;0.00;13.33;98.9;86.5;0.00;100.00
37780;2037;28.0;49;5.10;8540.0;0.00;0.00;13.73;98.9;86.5;0.00;0.00
37797;2026;29.0;49;5.10;8540.0;0.00;0.00;13.73;98.9;86.5;0.00;0.00
37810;2019;29.0;49;5.10;8540.0;0.00;0.00;13.73;98.9;86.5;0.00;0.00
37822;2012;29.0;49;5.10;8540.0;0.00;0.00;13.73;98.9;86.5;0.00;0.00
37838;2005;30.0;49;5.10;8540.0;0.00;0.00;13.73;98.9;86.5;0.00;0.00
37850;1998;30.0;49;5.10;8540.0;0.00;0.00;13.73;98.9;86.0;0.00;0.00
37860;1991;30.0;49;5.10;8540.0;0.00;0.00;14.12;98.9;86.0;0.00;0.00
37870;1985;30.0;49;5.49;8540.0;0.00;0.00;14.12;98.9;86.0;0.00;0.00
37879;1978;31.0;49;5.49;8540.0;0.00;0.00;14.12;98.9;86.0;0.00;0.00
37888;1971;31.0;49;5.49;8540.0;0.00;0.00;14.51;98.9;86.0;0.00;0.00
37900;1964;31.0;49;5.49;8540.0;0.00;0.00;14.90;98.9;86.0;0.00;0.00
37909;1957;31.0;49;5.49;8540.0;0.00;0.00;15.29;98.9;85.5;0.00;100.00
37926;1950;32.0;49;5.49;8540.0;0.00;0.00;15.69;98.9;85.0;0.00;100.00
37938;1950;32.0;49;5.88;8540.0;0.00;0.00;16.08;98.9;84.5;0.00;100.00
37950;1950;32.0;49;5.88;8540.0;0.00;0.00;16.08;98.9;84.0;0.00;100.00
37959;1949;32.0;49;5.88;8540.0;0.00;0.00;16.47;98.9;83.5;0.00;100.00
37970;1949;32.0;49;5.88;8540.0;0.00;0.00;16.86;98.9;83.0;0.00;100.00
37980;1949;32.0;49;5.88;8540.0;0.00;0.00;17.25;98.9;82.5;0.00;100.00
37989;1949;32.0;49;5.88;8540.0;0.00;0.00;17.65;98.9;82.0;0.00;100.00
38001;1949;32.0;49;5.88;8540.0;0.00;0.00;18.04;98.9;81.5;0.00;100.00
38010;1948;32.0;49;5.88;8540.0;0.00;0.00;18.04;98.9;81.0;0.00;100.00
38019;1948;32.0;49;5.88;8540.0;0.00;0.00;18.04;98.9;80.5;0.00;100.00
38031;1948;32.0;49;5.88;8540.0;0.00;0.00;18.04;98.9;80.5;0.00;100.00
38047;1948;32.0;49;5.88;8540.0;0.00;0.00;18.04;98.9;80.5;0.00;100.00
38060;1944;32.0;49;5.88;8540.0;0.00;0.00;18.04;98.9;80.5;0.00;100.00
38071;1941;32.0;49;5.88;8540.0;0.00;0.00;18.04;98.9;80.5;0.00;100.00
38079;1937;32.0;49;5.88;8540.0;0.00;0.00;18.04;98.9;80.5;0.00;100.00
38090;1934;32.0;49;5.88;8540.0;0.00;0.00;18.04;98.9;80.0;0.00;100.00
38102;1930;32.0;49;5.88;8540.0;0.00;0.00;18.04;98.9;80.0;0.00;100.00
38111;1926;32.0;49;5.88;8540.0;0.00;0.00;18.04;98.9;80.0;0.00;100.00
38122;1923;32.0;49;5.88;8540.0;0.00;0.00;18.04;98.9;80.0;0.00;100.00
38131;1919;32.0;49;5.88;8540.0;0.00;0.00;18.04;98.9;80.0;0.00;100.00
38140;1916;32.0;49;5.88;8540.0;0.00;0.00;18.04;98.9;80.0;0.00;100.00
38149;1912;32.0;49;5.88;8540.0;0.00;0.00;18.04;98.9;80.0;0.00;100.00
38165;1908;32.0;49;5.88;8540.0;0.00;0.00;18.04;98.9;80.0;0.00;100.00
38180;1905;32.0;49;5.88;8540.0;0.00;0.00;18.04;98.9;79.5;0.00;100.00
38190;1902;32.0;49;5.88;8540.0;0.00;0.00;18.04;98.9;79.5;0.00;100.00
38199;1899;32.0;49;5.88;8540.0;0.00;0.00;18.04;98.9;79.5;0.00;100.00
38211;1896;32.0;49;5.88;8540.0;0.00;0.00;18.04;98.9;79.5;0.00;100.00
38219;1893;32.0;49;5.88;8540.0;0.00;0.00;18.04;98.9;79.5;0.00;100.00
38230;1890;32.0;49;5.88;8550.0;0.00;0.00;18.04;98.9;79.5;0.00;100.00
38242;1887;33.0;49;5.88;8550.0;0.00;0.00;18.04;98.9;79.0;0.00;100.00
38250;1884;33.0;49;5.88;8550.0;0.00;0.00;18.04;98.9;79.0;0.00;100.00
38260;1881;33.0;49;5.88;8550.0;0.00;0.00;18.04;98.9;79.0;0.00;100.00
38271;1878;33.0;49;5.88;8560.0;0.00;0.00;18.43;98.9;79.0;0.00;100.00
38288;1875;33.0;49;5.88;8560.0;0.00;0.00;18.43;98.9;79.0;0.00;100.00
38300;1873;33.0;49;5.88;8560.0;0.00;0.00;18.43;98.9;78.5;0.00;100.00
38311;1871;33.0;49;5.88;8560.0;0.00;0.00;18.43;98.9;78.5;0.00;100.00
38321;1869;33.0;49;5.88;8570.0;0.00;0.00;18.43;98.9;78.5;0.00;100.00
38328;1867;33.0;49;5.88;8570.0;0.00;0.00;18.43;98.9;78.5;0.00;100.00
38341;1865;33.0;49;5.88;8570.0;0.00;0.00;18.82;98.9;78.5;0.00;100.00
38350;1863;33.0;49;5.88;8570.0;0.00;0.00;18.82;98.9;78.5;0.00;100.00
38361;1861;33.0;49;5.88;8570.0;0.00;0.00;18.82;98.9;78.0;0.00;100.00
38370;1859;33.0;49;5.88;8570.0;0.00;0.00;18.82;98.9;78.0;0.00;100.00
38380;1857;33.0;49;5.88;8570.0;0.00;0.00;18.82;98.9;78.0;0.00;100.00
38392;1855;33.0;49;5.88;8570.0;0.00;0.00;18.82;98.9;78.0;0.00;100.00
38417;1853;33.0;49;5.88;8570.0;0.00;0.00;18.82;98.9;77.5;0.00;100.00
38429;1850;33.0;49;5.88;8570.0;0.00;0.00;18.82;98.9;77.5;0.00;100.00
38439;1848;33.0;49;5.88;8570.0;0.00;0.00;18.82;98.9;77.5;0.00;100.00
38450;1846;34.0;49;5.88;8570.0;0.00;0.00;18.82;98.9;77.0;0.00;100.00
38459;1844;34.0;49;6.27;8570.0;0.00;0.00;18.82;98.9;77.0;0.00;100.00
38471;1841;34.0;49;6.67;8570.0;0.00;0.00;18.82;98.9;76.5;0.00;100.00
38479;1839;34.0;49;7.06;8570.0;0.00;0.00;18.82;98.9;76.5;0.00;100.00
38491;1837;35.0;49;7.45;8570.0;0.00;0.00;18.82;98.9;76.5;0.00;100.00
38501;1835;35.0;49;7.84;8570.0;0.00;0.00;20.00;98.9;76.0;0.00;100.00
38509;1832;35.0;49;8.63;8570.0;0.00;0.00;20.78;99.0;76.0;0.00;100.00
38520;1830;35.0;49;9.02;8570.0;0.00;0.00;21.96;99.0;75.0;0.00;100.00
38542;1828;36.0;49;9.41;8570.0;0.00;0.00;23.14;99.1;74.5;0.00;100.00
38550;1835;36.0;49;9.80;8570.0;0.00;0.00;23.92;99.1;73.5;0.00;100.00
38560;1842;38.0;49;10.20;8570.0;0.00;0.00;25.10;99.2;72.5;0.00;100.00
38570;1849;39.0;49;10.59;8570.0;0.00;0.00;25.88;99.3;71.5;0.00;100.00
38581;1856;41.0;49;10.59;8570.0;0.00;0.00;27.06;99.3;71.0;0.00;100.00
38589;1863;43.0;49;10.59;8570.0;0.00;0.00;28.24;99.4;70.0;0.00;100.00
38599;1870;45.0;49;10.20;8570.0;0.00;0.00;29.02;99.4;69.0;0.00;100.00
38611;1877;46.0;49;10.20;8570.0;0.00;0.00;30.20;99.5;68.0;0.00;100.00
38619;1884;48.0;49;10.20;8570.0;0.00;0.00;30.59;99.5;67.5;0.00;100.00
38630;1891;50.0;49;10.20;8570.0;0.00;0.00;30.98;99.5;66.5;0.00;100.00
38641;1899;52.0;49;10.20;8570.0;0.00;0.00;31.37;99.5;66.0;0.00;100.00
38657;1906;53.0;49;10.20;8570.0;0.00;0.00;31.76;99.6;65.0;0.00;100.00
38671;1911;55.0;49;9.80;8570.0;0.00;0.00;32.16;99.6;64.5;0.00;100.00
38680;1916;55.0;49;9.80;8570.0;0.00;0.00;32.55;99.6;64.0;0.00;100.00
38689;1921;56.0;49;9.80;8570.0;0.00;0.00;32.94;99.6;63.0;0.00;100.00
38700;1926;56.0;49;9.80;8570.0;0.00;0.00;33.33;99.6;62.5;0.00;100.00
38709;1931;56.0;49;9.80;8570.0;0.00;0.00;33.73;99.6;61.5;0.00;100.00
38721;1936;57.0;49;9.80;8570.0;0.00;0.00;34.12;99.7;61.0;0.00;100.00
38728;1941;57.0;49;9.80;8570.0;0.00;0.00;34.51;99.7;60.5;0.00;100.00
38749;1946;58.0;49;9.80;8570.0;0.00;0.00;34.51;99.7;59.5;0.00;100.00
38760;1951;58.0;49;9.41;8570.0;0.00;0.00;34.12;99.7;59.0;0.00;100.00
38770;1956;58.0;49;9.41;8570.0;0.00;0.00;34.12;99.7;58.5;0.00;100.00
38786;1961;59.0;49;9.41;8570.0;0.00;0.00;34.12;99.7;58.0;0.00;100.00
38799;1956;59.0;49;9.41;8570.0;0.00;0.00;33.73;99.7;57.0;0.00;100.00
38810;1951;60.0;49;9.41;8570.0;0.00;0.00;33.73;99.7;56.5;0.00;100.00
38820;1945;60.0;49;9.41;8570.0;0.00;0.00;33.33;99.8;56.0;0.00;100.00
38832;1940;61.0;49;9.41;8570.0;0.00;0.00;33.33;99.8;55.5;0.00;100.00
38840;1934;62.0;49;9.41;8570.0;0.00;0.00;33.33;99.8;55.0;0.00;100.00
38848;1929;63.0;49;9.80;8580.0;0.00;0.00;32.94;99.8;54.5;0.00;100.00
38860;1924;63.0;49;9.80;8580.0;0.00;0.00;32.94;99.8;53.5;0.00;100.00
38869;1918;64.0;49;9.80;8580.0;0.00;0.00;32.94;99.8;53.0;0.00;100.00
38881;1913;65.0;49;9.80;8590.0;0.00;0.00;32.94;99.8;52.5;0.00;100.00
38890;1908;66.0;49;9.80;8590.0;0.00;0.00;32.94;99.7;52.0;0.00;100.00
38908;1902;66.0;49;9.80;8600.0;0.00;0.00;32.94;99.7;51.5;0.00;100.00
38921;1902;67.0;49;10.20;8600.0;0.00;0.00;32.94;99.6;51.0;0.00;100.00
38929;1903;66.0;49;10.20;8600.0;0.00;0.00;32.94;99.6;50.5;0.00;100.00
38940;1903;66.0;49;10.20;8610.0;0.00;0.00;32.94;99.5;50.0;0.00;100.00
38951;1903;65.0;49;10.20;8610.0;0.00;0.00;32.94;99.5;50.0;0.00;100.00
38961;1904;64.0;49;9.80;8610.0;0.00;0.00;32.94;99.5;49.5;0.00;100.00
38969;1904;63.0;49;9.80;8610.0;0.00;0.00;32.94;99.4;49.0;0.00;100.00
38981;1904;63.0;49;9.80;8610.0;0.00;0.00;32.94;99.4;48.5;0.00;100.00
38990;1905;62.0;49;9.41;8610.0;0.00;0.00;32.55;99.3;48.0;0.00;100.00
38999;1905;61.0;49;9.41;8610.0;0.00;0.00;32.55;99.3;47.5;0.00;100.00
39010;1905;60.0;49;9.02;8610.0;0.00;0.00;32.16;99.3;47.0;0.00;100.00
39027;1906;60.0;49;9.02;8610.0;0.00;0.00;31.76;99.3;47.0;0.00;100.00
39040;1905;59.0;49;9.02;8610.0;0.00;0.00;31.76;99.3;46.5;0.00;100.00
39051;1904;59.0;49;8.63;8610.0;0.00;0.00;31.37;99.3;46.0;0.00;100.00
39060;1903;59.0;49;8.63;8610.0;0.00;0.00;31.37;99.3;45.5;0.00;100.00
39070;1902;59.0;49;8.63;8610.0;0.00;0.00;30.98;99.3;45.5;0.00;100.00
39079;1902;59.0;49;8.63;8610.0;0.00;0.00;30.59;99.3;45.0;0.00;100.00
39091;1901;59.0;49;8.63;8610.0;0.00;0.00;30.59;99.3;44.5;0.00;100.00
39100;1900;58.0;49;8.63;8610.0;-0.78;0.00;30.20;99.3;44.0;0.00;100.00
39110;1899;58.0;49;8.63;8610.0;-0.78;-0.78;30.20;99.3;44.0;0.00;100.00
39119;1898;58.0;49;8.63;8610.0;-1.56;-0.78;30.20;99.3;43.5;0.00;100.00
39130;1897;58.0;49;8.63;8610.0;-1.56;-0.78;29.80;99.2;43.5;0.00;100.00
39146;1897;58.0;49;8.63;8610.0;-2.34;-1.56;29.80;99.2;43.5;0.00;100.00
39161;1893;58.0;49;8.63;8610.0;-2.34;-1.56;29.80;99.2;43.0;0.00;100.00
39171;1889;58.0;49;8.63;8610.0;-3.13;-2.34;29.80;99.2;43.0;0.00;100.00
39181;1885;58.0;49;8.63;8610.0;-3.13;-2.34;29.80;99.2;43.0;0.00;100.00
39191;1882;58.0;49;8.63;8610.0;-3.91;-2.34;29.80;99.2;43.0;0.00;100.00
39200;1878;58.0;49;8.63;8610.0;-3.91;-3.13;29.41;99.2;43.0;0.00;100.00
39211;1874;58.0;49;8.63;8610.0;-3.91;-3.13;29.41;99.2;43.0;0.00;100.00
39221;1871;58.0;49;8.63;8610.0;-3.91;-3.13;29.41;99.2;42.5;0.00;100.00
39230;1867;58.0;49;8.63;8610.0;-4.69;-3.91;29.41;99.1;42.5;0.00;100.00
39241;1863;58.0;49;8.24;8610.0;-4.69;-3.91;29.41;99.1;42.5;0.00;100.00
39251;1859;58.0;49;8.24;8610.0;-4.69;-3.91;29.41;99.1;42.5;0.00;100.00
39275;1856;58.0;49;8.24;8610.0;-4.69;-3.91;29.41;99.1;42.5;0.00;100.00
39290;1855;58.0;49;8.24;8610.0;-4.69;-4.69;29.41;99.1;42.5;0.00;100.00
39299;1854;58.0;49;8.24;8610.0;-4.69;-4.69;29.41;99.1;42.5;0.00;100.00
39311;1853;58.0;49;8.24;8610.0;-5.47;-4.69;29.41;99.1;42.5;0.00;100.00
39320;1852;58.0;49;8.24;8610.0;-5.47;-4.69;29.41;99.1;42.0;0.00;100.00
39332;1852;58.0;49;8.24;8610.0;-5.47;-5.47;29.41;99.1;42.0;0.00;100.00
39350;1851;58.0;49;8.24;8620.0;-5.47;-5.47;29.41;99.1;42.0;0.00;100.00
39361;1850;58.0;49;8.24;8620.0;-4.69;-5.47;29.41;99.1;42.0;0.00;100.00
39370;1849;58.0;49;8.24;8620.0;-4.69;-4.69;29.41;99.1;42.0;0.00;100.00
39380;1848;58.0;49;7.84;8620.0;-4.69;-4.69;29.41;99.1;42.0;0.00;100.00
39391;1847;58.0;49;7.84;8630.0;-3.91;-3.91;29.41;99.1;42.0;0.00;100.00
39406;1847;58.0;49;7.84;8630.0;-3.91;-3.91;29.41;99.1;42.0;0.00;100.00
39420;1849;58.0;49;7.84;8630.0;-3.13;-3.13;29.41;99.1;42.0;0.00;100.00
39431;1851;58.0;49;7.84;8630.0;-3.13;-3.13;29.41;99.1;42.0;0.00;100.00
39442;1853;58.0;49;7.84;8640.0;-3.13;-2.34;29.41;99.1;42.0;0.00;100.00
39461;1856;58.0;49;7.84;8640.0;-2.34;-2.34;29.41;99.1;42.0;0.00;100.00
39470;1858;58.0;49;7.84;8640.0;-2.34;-1.56;29.41;99.1;42.0;0.00;100.00
39482;1860;58.0;49;7.84;8640.0;-2.34;-1.56;29.41;99.1;42.0;0.00;100.00
39489;1862;57.0;49;7.84;8640.0;-2.34;-1.56;29.41;99.1;42.0;0.00;100.00
39501;1865;57.0;49;7.84;8640.0;-1.56;-0.78;29.41;99.1;42.0;0.00;100.00
39511;1867;57.0;49;7.84;8640.0;-1.56;-0.78;29.02;99.1;42.0;0.00;100.00
39519;1869;57.0;49;7.84;8640.0;-1.56;-0.78;29.02;99.1;42.0;0.00;100.00
39536;1871;57.0;49;7.84;8640.0;-1.56;-0.78;29.02;99.1;42.0;0.00;100.00
39551;1871;57.0;49;7.84;8640.0;-1.56;0.00;29.02;99.1;42.0;0.00;100.00
39561;1870;57.0;49;7.84;8640.0;-1.56;0.00;28.63;99.1;42.0;0.00;100.00
39571;1870;57.0;49;7.84;8640.0;-0.78;0.00;28.63;99.1;42.0;0.00;100.00
39591;1869;57.0;49;7.84;8640.0;-0.78;0.00;28.63;99.1;42.0;0.00;100.00
39599;1869;57.0;49;7.84;8640.0;-0.78;0.78;28.63;99.1;42.0;0.00;100.00
39611;1868;57.0;49;7.84;8640.0;-0.78;0.78;28.24;99.1;42.0;0.00;100.00
39620;1868;57.0;49;7.84;8640.0;-0.78;0.78;28.24;99.1;42.0;0.00;100.00
39631;1867;57.0;49;7.84;8640.0;-0.78;0.78;28.24;99.1;42.0;0.00;100.00
39640;1866;57.0;49;7.84;8640.0;-0.78;0.78;28.24;99.1;42.0;0.00;100.00
39649;1866;57.0;49;7.84;8640.0;-0.78;0.78;28.24;99.1;42.0;0.00;100.00
39668;1865;57.0;49;7.84;8640.0;0.00;0.78;28.24;99.1;42.0;0.00;100.00
39680;1863;57.0;49;7.84;8640.0;0.00;1.56;28.24;99.1;42.0;0.00;100.00
39691;1861;57.0;49;7.84;8640.0;0.00;1.56;28.63;99.1;42.0;0.00;100.00
39700;1859;57.0;49;7.84;8640.0;0.00;1.56;28.63;99.1;42.0;0.00;100.00
39711;1856;56.0;49;7.84;8640.0;0.00;1.56;28.63;99.1;42.0;0.00;100.00
39720;1854;56.0;49;7.45;8640.0;0.00;1.56;28.63;99.0;42.0;0.00;100.00
39730;1852;56.0;49;7.45;8640.0;0.00;1.56;28.63;99.0;42.0;0.00;100.00
39753;1849;56.0;49;7.45;8640.0;0.00;1.56;28.63;99.0;42.0;0.00;100.00
39770;1847;56.0;49;7.45;8640.0;0.00;1.56;28.63;99.0;42.0;0.00;100.00
39781;1845;56.0;49;7.06;8640.0;0.00;1.56;28.63;99.0;42.0;0.00;100.00
39791;1843;55.0;49;7.06;8640.0;0.00;1.56;28.63;99.0;42.0;0.00;100.00
39806;1840;55.0;49;7.06;8640.0;0.00;1.56;28.63;99.0;42.5;0.00;100.00
39821;1840;55.0;49;7.06;8640.0;0.00;0.78;28.63;99.0;42.5;0.00;100.00
39832;1839;55.0;49;6.67;8640.0;0.00;0.78;28.63;99.0;43.0;0.00;100.00
39850;1839;54.0;49;6.67;8640.0;0.00;0.78;28.63;99.0;43.0;0.00;100.00
39861;1838;54.0;49;6.67;8640.0;0.00;0.78;28.63;99.0;43.5;0.00;100.00
39869;1838;53.0;49;6.67;8640.0;0.00;0.78;28.63;99.0;43.5;0.00;100.00
39881;1837;53.0;49;6.67;8640.0;0.00;0.78;28.63;98.9;44.0;0.00;100.00
39889;1837;52.0;49;6.67;8640.0;0.00;0.78;28.63;98.9;44.0;0.00;100.00
39901;1836;52.0;49;6.67;8640.0;0.00;0.78;28.24;98.9;44.5;0.00;100.00
39909;1836;51.0;49;6.67;8640.0;0.00;0.78;27.84;98.9;44.5;0.00;100.00
39919;1835;51.0;49;6.67;8640.0;0.00;0.78;27.45;98.9;45.0;0.00;100.00
39936;1835;50.0;49;6.67;8640.0;-0.78;0.78;27.06;98.9;46.0;0.00;100.00
39949;1835;50.0;49;6.67;8640.0;-0.78;0.00;26.67;98.9;46.5;0.00;100.00
39960;1835;50.0;49;6.67;8640.0;-0.78;0.00;26.67;98.9;47.5;0.00;100.00
39969;1835;49.0;49;6.67;8640.0;-0.78;0.00;26.27;98.9;48.0;0.00;100.00
39981;1836;49.0;49;6.67;8640.0;-0.78;0.00;25.88;98.9;49.0;0.00;100.00
39989;1836;49.0;49;6.67;8640.0;-0.78;0.00;25.49;98.9;49.5;0.00;100.00
40001;1836;49.0;49;6.27;8640.0;-0.78;0.00;25.10;98.9;50.5;0.00;100.00
40010;1836;48.0;49;6.27;8640.0;-0.78;0.00;24.71;98.9;51.0;0.00;100.00
40021;1837;48.0;49;6.27;8640.0;-1.56;0.00;24.71;98.9;52.0;0.00;100.00
40029;1837;48.0;49;6.27;8640.0;-1.56;-0.78;24.31;98.9;52.5;0.00;100.00
40042;1837;48.0;49;6.27;8640.0;-1.56;-0.78;24.31;98.9;53.0;0.00;100.00
40059;1837;47.0;49;6.27;8640.0;-1.56;-0.78;24.31;98.9;54.0;0.00;100.00
40068;1837;47.0;49;5.88;8640.0;-1.56;-0.78;23.92;98.9;54.5;0.00;100.00
40078;1836;47.0;49;5.88;8640.0;-1.56;-0.78;23.92;98.9;55.5;0.00;100.00
40090;1836;46.0;49;5.88;8640.0;-2.34;-0.78;23.53;98.9;56.0;0.00;100.00
40099;1835;46.0;49;5.88;8640.0;-2.34;-1.56;23.53;98.9;57.0;0.00;100.00
40110;1835;46.0;49;5.88;8640.0;-2.34;-1.56;23.53;98.9;57.5;0.00;100.00
40120;1834;46.0;49;5.88;8650.0;-2.34;-1.56;23.14;98.9;58.5;0.00;100.00
40129;1834;45.0;49;5.88;8650.0;-3.13;-2.34;23.14;98.9;59.0;0.00;100.00
40141;1833;45.0;49;5.88;8650.0;-3.13;-2.34;23.14;98.9;60.0;0.00;100.00
40150;1833;45.0;49;5.88;8660.0;-3.91;-3.13;23.14;98.9;60.5;0.00;100.00
40161;1832;45.0;49;5.88;8660.0;-3.91;-3.13;22.75;98.9;61.0;0.00;100.00
40181;1832;44.0;49;5.88;8670.0;-4.69;-3.91;22.75;98.9;61.0;0.00;100.00
40190;1829;44.0;49;5.88;8670.0;-4.69;-3.91;22.75;98.9;61.5;0.00;100.00
40202;1827;44.0;49;5.88;8670.0;-5.47;-4.69;22.75;98.9;62.0;0.00;100.00
40221;1824;43.0;49;5.88;8680.0;-5.47;-4.69;22.75;98.9;62.0;0.00;100.00
40230;1822;43.0;49;5.88;8680.0;-6.25;-5.47;22.75;98.9;62.5;0.00;100.00
40240;1819;42.0;49;6.27;8680.0;-6.25;-5.47;22.35;98.9;62.5;0.00;100.00
40252;1816;42.0;49;6.27;8680.0;-6.25;-6.25;22.35;98.9;63.0;0.00;100.00
40270;1814;41.0;49;6.27;8680.0;-7.03;-6.25;22.35;98.9;63.5;0.00;100.00
40280;1811;41.0;49;6.27;8680.0;-7.03;-6.25;22.35;98.9;63.5;0.00;100.00
40291;1809;40.0;49;6.67;8680.0;-7.03;-7.03;22.35;98.9;64.0;0.00;100.00
40300;1806;40.0;49;6.67;8680.0;-7.81;-7.03;21.96;98.9;64.0;0.00;100.00
40321;1804;39.0;49;6.67;8680.0;-7.81;-7.03;21.96;98.9;64.0;0.00;100.00
40331;1805;39.0;49;6.67;8680.0;-8.59;-7.03;21.96;98.9;64.0;0.00;100.00
40342;1806;39.0;49;7.06;8680.0;-8.59;-7.03;21.96;98.9;64.0;0.00;100.00
40361;1807;38.0;49;7.06;8680.0;-8.59;-7.03;21.96;98.9;64.0;0.00;100.00
40370;1808;38.0;49;6.67;8680.0;-9.38;-7.81;21.96;98.9;63.5;0.00;100.00
40381;1809;37.0;49;6.27;8680.0;-9.38;-7.81;21.57;98.9;63.5;0.00;100.00
40389;1809;37.0;49;6.27;8680.0;-8.59;-7.81;21.57;98.9;63.5;0.00;100.00
40400;1810;36.0;49;5.88;8680.0;-7.81;-7.03;21.57;98.9;63.5;0.00;100.00
40410;1811;36.0;49;5.49;8680.0;-7.03;-6.25;21.18;98.9;63.5;0.00;100.00
40422;1812;35.0;49;5.10;8680.0;-6.25;-5.47;21.18;98.9;63.5;0.00;100.00
40440;1813;35.0;49;4.71;8680.0;-5.47;-4.69;20.78;98.9;64.5;0.00;100.00
40455;1814;34.0;49;4.31;8680.0;-3.91;-3.91;20.39;98.9;65.5;0.00;100.00
40471;1808;34.0;49;4.31;8680.0;-3.13;-3.91;20.39;98.9;66.0;0.00;100.00
40482;1802;33.0;49;3.92;8680.0;-2.34;-3.13;20.00;98.9;67.0;0.00;100.00
40500;1796;33.0;49;3.53;8680.0;-1.56;-2.34;20.00;98.9;68.0;0.00;100.00
40509;1790;32.0;49;3.53;8680.0;-0.78;-1.56;19.61;98.9;69.0;0.00;100.00
40522;1784;31.0;49;3.53;8680.0;0.00;-0.78;19.22;98.9;70.0;0.00;100.00
40539;1778;30.0;49;3.92;8680.0;0.00;0.00;19.22;98.9;71.0;0.00;100.00
40549;1771;30.0;49;3.92;8680.0;0.00;0.00;18.82;98.9;71.5;0.00;100.00
40559;1765;29.0;49;3.92;8680.0;0.00;0.00;18.82;98.9;72.5;0.00;100.00
40571;1759;28.0;49;3.92;8680.0;0.00;0.00;18.43;98.9;73.5;0.00;100.00
40579;1753;27.0;49;3.92;8680.0;0.00;0.00;18.43;98.9;74.5;0.00;100.00
40596;1747;27.0;49;3.92;8680.0;0.00;0.00;18.04;98.9;75.0;0.00;100.00
40609;1744;26.0;49;4.31;8680.0;0.00;0.00;18.04;98.9;76.0;0.00;100.00
40621;1740;26.0;49;4.31;8680.0;0.00;0.00;17.65;98.9;77.0;0.00;100.00
40630;1737;26.0;49;4.31;8680.0;0.00;0.00;17.65;98.9;77.5;0.00;100.00
40639;1734;26.0;49;4.31;8680.0;0.00;0.00;17.25;98.9;78.5;0.00;100.00
40650;1730;26.0;49;4.31;8680.0;0.00;0.00;17.25;98.9;79.0;0.00;100.00
40658;1727;26.0;49;4.31;8680.0;0.00;0.00;16.86;98.9;80.0;0.00;100.00
40668;1724;27.0;49;4.31;8680.0;0.00;0.00;16.86;98.9;81.0;0.00;100.00
40677;1721;27.0;49;4.31;8680.0;0.00;0.00;16.86;98.9;81.5;0.00;100.00
40690;1717;27.0;49;4.31;8680.0;0.00;0.00;16.86;98.9;82.5;0.00;100.00
40702;1714;27.0;49;4.31;8680.0;0.00;0.00;16.86;98.9;82.5;0.00;100.00
40725;1711;27.0;49;4.31;8680.0;0.00;0.00;16.86;98.9;83.0;0.00;100.00
40742;1705;27.0;49;4.31;8680.0;0.00;0.00;16.86;98.9;83.0;0.00;100.00
40759;1699;27.0;49;4.31;8680.0;0.00;0.00;16.86;98.9;83.0;0.00;100.00
40768;1694;27.0;49;4.31;8680.0;0.00;0.00;16.86;98.9;83.5;0.00;100.00
40780;1688;27.0;49;4.31;8680.0;0.00;0.00;16.86;98.9;83.5;0.00;100.00
40788;1683;27.0;49;4.31;8680.0;0.00;0.00;16.86;98.9;84.0;0.00;100.00
40800;1677;27.0;49;4.31;8680.0;0.00;0.00;16.86;98.9;84.0;0.00;100.00
40809;1671;27.0;49;4.31;8680.0;0.00;0.00;16.86;98.9;84.0;0.00;100.00
40821;1666;27.0;49;4.31;8680.0;0.00;0.00;16.86;98.9;84.5;0.00;100.00
40829;1660;27.0;49;4.31;8680.0;0.00;0.00;16.86;98.9;84.5;0.00;100.00
40838;1655;27.0;49;4.31;8680.0;0.00;0.00;16.86;98.9;84.5;0.00;100.00
40855;1649;27.0;49;4.31;8680.0;0.00;0.00;16.86;98.9;84.5;0.00;100.00
40868;1644;27.0;49;4.31;8680.0;0.00;0.00;16.86;98.9;85.0;0.00;100.00
40880;1638;27.0;49;4.31;8680.0;0.00;0.00;17.25;98.9;85.0;0.00;100.00
40889;1633;27.0;49;4.31;8680.0;0.00;0.00;17.25;98.9;85.0;0.00;100.00
40899;1628;27.0;49;4.31;8680.0;0.00;0.00;17.25;98.9;85.0;0.00;100.00
40910;1623;27.0;49;4.31;8680.0;0.00;0.00;17.25;98.9;85.0;0.00;100.00
40921;1617;27.0;49;4.31;8690.0;0.00;0.00;17.25;98.9;85.0;0.00;100.00
40930;1612;27.0;49;4.31;8690.0;0.00;0.00;17.25;98.9;85.5;0.00;100.00
40939;1607;27.0;49;4.31;8690.0;0.00;0.00;17.25;98.9;85.5;0.00;100.00
40950;1601;27.0;49;4.31;8690.0;0.00;0.00;17.25;98.9;85.5;0.00;100.00
40961;1596;27.0;49;4.31;8700.0;0.00;0.00;17.25;98.9;85.5;0.00;100.00
40977;1591;27.0;49;4.31;8700.0;0.00;0.00;17.25;98.9;85.5;0.00;100.00
40990;1586;27.0;49;4.31;8700.0;0.00;0.00;17.25;98.9;85.5;0.00;100.00
41001;1582;27.0;49;4.31;8700.0;0.00;0.00;17.65;98.9;85.5;0.00;100.00
41010;1577;27.0;49;4.31;8710.0;0.00;0.00;17.65;98.9;85.5;0.00;100.00
41021;1573;27.0;49;4.31;8710.0;0.00;0.00;17.65;98.9;86.0;0.00;100.00
41029;1569;27.0;49;4.31;8710.0;0.00;0.00;17.65;98.9;86.0;0.00;100.00
41040;1564;27.0;49;4.31;8710.0;0.00;0.00;17.65;98.9;86.0;0.00;100.00
41048;1560;28.0;49;4.31;8710.0;0.00;0.00;17.65;98.9;86.0;0.00;100.00
41061;1555;28.0;49;4.31;8710.0;0.00;0.00;17.65;98.9;86.0;0.00;100.00
41069;1551;28.0;49;3.92;8710.0;0.00;0.00;17.65;98.9;86.0;0.00;100.00
41079;1547;28.0;49;3.92;8710.0;0.00;0.00;17.65;98.9;86.0;0.00;100.00
41098;1542;28.0;49;3.92;8710.0;0.00;0.00;17.65;98.9;86.0;0.00;100.00
41109;1536;28.0;49;3.92;8710.0;0.00;0.00;17.65;98.9;86.0;0.00;100.00
41121;1530;28.0;49;3.92;8710.0;0.00;0.00;17.65;98.9;86.0;0.00;100.00
41130;1525;29.0;49;3.92;8710.0;0.00;0.00;17.65;98.9;86.0;0.00;100.00
41141;1519;29.0;49;3.92;8710.0;0.00;0.00;17.65;98.9;86.0;0.00;100.00
41149;1513;29.0;49;4.31;8710.0;0.00;0.00;17.65;98.9;86.0;0.00;100.00
41158;1507;29.0;49;4.31;8710.0;0.00;0.00;17.65;98.9;86.0;0.00;100.00
41169;1501;30.0;49;4.31;8710.0;0.00;0.00;17.65;98.9;86.0;0.00;100.00
41181;1495;30.0;49;4.71;8710.0;0.00;0.00;17.65;98.9;86.0;0.00;100.00
41190;1490;30.0;49;4.71;8710.0;0.00;0.00;18.04;98.9;86.0;0.00;100.00
41198;1484;30.0;49;5.10;8710.0;0.00;0.00;18.04;98.9;85.0;0.00;100.00
41221;1478;31.0;49;5.10;8710.0;0.00;0.00;18.04;98.9;83.5;0.00;100.00
41230;1474;31.0;49;5.10;8710.0;0.00;0.00;18.43;98.9;82.5;0.00;100.00
41238;1469;31.0;49;5.49;8710.0;0.00;0.00;18.43;98.9;81.5;0.00;100.00
41249;1465;32.0;49;5.49;8710.0;0.00;0.00;18.82;98.9;80.0;0.00;100.00
41260;1461;32.0;49;5.49;8710.0;0.00;0.00;18.82;98.9;79.0;0.00;100.00
41269;1457;33.0;49;5.49;8710.0;0.00;0.00;18.82;98.9;77.5;0.00;100.00
41278;1452;33.0;49;5.88;8710.0;0.00;0.00;19.22;98.9;76.5;0.00;100.00
41289;1448;34.0;49;5.88;8710.0;0.00;0.00;19.22;98.9;75.5;0.00;100.00
41299;1444;34.0;49;5.88;8710.0;0.00;0.00;20.00;98.9;74.0;0.00;100.00
41310;1439;35.0;49;5.88;8710.0;0.00;0.00;20.78;98.9;73.0;0.00;100.00
41321;1435;35.0;49;5.88;8710.0;0.00;0.00;21.96;98.9;72.5;0.00;100.00
41337;1431;36.0;49;5.88;8710.0;0.00;0.00;22.75;98.9;71.5;0.00;100.00
41349;1429;36.0;49;6.27;8710.0;0.00;0.00;23.53;98.9;71.0;0.00;100.00
41359;1428;37.0;49;6.27;8710.0;0.00;0.00;24.31;98.9;70.5;0.00;100.00
41369;1426;37.0;49;6.27;8710.0;0.00;0.00;25.10;98.9;69.5;0.00;100.00
41381;1424;38.0;49;6.27;8710.0;0.00;0.00;25.88;98.9;69.0;0.00;100.00
41391;1422;39.0;49;6.27;8710.0;0.00;0.00;27.06;98.9;68.0;0.00;100.00
41400;1421;40.0;49;6.27;8710.0;0.00;0.00;27.84;98.9;67.5;0.00;100.00
41409;1419;40.0;49;6.27;8710.0;0.00;0.00;28.63;98.9;67.0;0.00;100.00
41422;1417;41.0;50;6.27;8710.0;0.00;0.00;29.02;98.9;66.0;0.00;100.00
41439;1416;42.0;50;6.67;8710.0;0.00;0.00;29.41;98.9;65.5;0.00;100.00
41449;1414;43.0;50;6.67;8710.0;0.00;0.00;29.41;98.9;65.0;0.00;100.00
41466;1412;43.0;50;6.67;8710.0;0.00;0.00;29.80;98.9;64.5;0.00;100.00
41481;1411;44.0;50;6.67;8710.0;0.00;0.00;30.20;98.9;64.0;0.00;100.00
41489;1410;44.0;50;6.67;8710.0;0.00;0.00;30.59;98.9;63.5;0.00;100.00
41500;1408;45.0;50;6.67;8710.0;0.00;0.00;30.98;98.9;63.0;0.00;100.00
41508;1407;45.0;50;6.27;8710.0;0.00;0.00;31.37;98.9;62.5;0.00;100.00
41520;1406;45.0;50;5.88;8710.0;0.00;0.00;31.37;98.9;62.0;0.00;100.00
41530;1404;46.0;50;5.49;8710.0;0.00;0.00;31.76;98.9;61.5;0.00;100.00
41539;1403;46.0;50;5.10;8710.0;0.00;0.00;32.16;98.9;61.0;0.00;100.00
41548;1401;47.0;50;4.71;8710.0;0.00;0.00;32.16;98.9;60.5;0.00;100.00
41561;1400;47.0;50;3.92;8710.0;0.00;0.00;32.16;98.9;60.0;0.00;100.00
41570;1399;47.0;50;3.53;8710.0;0.00;0.00;31.76;98.9;60.5;0.00;100.00
41585;1397;48.0;50;3.14;8710.0;0.00;0.00;31.76;98.9;60.5;0.00;100.00
41600;1400;48.0;50;2.75;8710.0;0.00;0.00;31.76;98.9;61.0;0.00;100.00
41609;1402;48.0;50;2.35;8710.0;0.00;0.00;31.76;98.9;61.0;0.00;100.00
41622;1404;47.0;50;1.96;8710.0;0.00;0.00;31.76;98.9;61.5;0.00;100.00
41640;1407;47.0;50;2.35;8710.0;0.00;0.00;31.76;98.9;61.5;0.00;100.00
41650;1409;46.0;50;2.75;8710.0;0.00;0.00;31.37;98.9;62.0;0.00;100.00
41660;1412;46.0;50;3.14;8710.0;0.00;0.00;31.37;98.9;62.0;0.00;100.00
41670;1414;45.0;50;3.53;8710.0;0.00;0.00;31.37;98.9;62.5;0.00;100.00
41680;1416;45.0;50;3.92;8710.0;0.00;0.00;31.37;98.9;62.5;0.00;100.00
41690;1419;44.0;50;4.31;8710.0;0.00;0.00;30.98;98.9;63.0;0.00;100.00
41701;1421;44.0;50;4.71;8710.0;0.00;0.00;30.98;98.9;62.5;0.00;100.00
41721;1423;43.0;50;5.10;8710.0;0.00;0.00;30.98;98.9;62.5;0.00;100.00
41730;1423;43.0;50;5.49;8710.0;0.00;0.00;30.98;98.9;62.0;0.00;100.00
41750;1423;43.0;50;5.88;8710.0;0.00;0.00;30.59;98.9;61.5;0.00;100.00
41761;1423;44.0;50;6.27;8710.0;0.00;0.00;30.59;98.9;61.0;0.00;100.00
41771;1422;44.0;50;6.27;8710.0;0.00;0.00;30.59;98.9;61.0;0.00;100.00
41778;1422;44.0;50;6.27;8710.0;0.00;0.00;30.59;98.9;60.5;0.00;100.00
41790;1422;44.0;50;6.27;8710.0;0.00;0.00;30.20;98.9;60.0;0.00;100.00
41801;1422;45.0;50;6.27;8710.0;0.00;0.00;30.20;98.9;59.5;0.00;100.00
41811;1421;45.0;50;6.27;8710.0;0.00;0.00;30.20;98.9;59.5;0.00;100.00
41823;1421;45.0;50;6.27;8710.0;0.00;0.00;30.59;98.9;59.0;0.00;100.00
41840;1421;45.0;50;6.27;8710.0;0.00;0.00;30.59;98.9;58.5;0.00;100.00
41857;1421;46.0;50;6.27;8710.0;0.00;0.00;30.59;98.9;58.5;0.00;100.00
41870;1421;46.0;50;6.27;8710.0;0.00;0.00;30.59;98.9;58.0;0.00;100.00
41879;1421;46.0;50;6.27;8710.0;0.00;0.00;30.98;98.9;58.0;0.00;100.00
41890;1421;46.0;50;6.27;8710.0;0.00;0.00;30.98;98.9;57.5;0.00;100.00
41899;1421;46.0;50;6.27;8710.0;0.00;0.00;30.98;98.9;57.5;0.00;100.00
41910;1421;46.0;50;6.27;8710.0;0.00;0.00;30.98;98.9;57.0;0.00;100.00
41922;1421;46.0;50;6.27;8720.0;0.00;0.00;31.37;98.9;57.0;0.00;100.00
41939;1421;46.0;50;6.27;8720.0;0.00;0.00;31.37;98.9;56.5;0.00;100.00
41950;1421;46.0;50;6.27;8720.0;0.00;0.00;31.37;98.9;56.5;0.00;100.00
41959;1421;46.0;50;6.27;8730.0;0.00;0.00;31.37;98.9;56.0;0.00;100.00
41970;1421;46.0;50;6.27;8730.0;0.00;0.00;31.37;98.9;56.0;0.00;100.00
41985;1421;46.0;50;6.27;8740.0;0.00;0.00;31.37;98.9;56.0;0.00;100.00
41999;1421;46.0;50;6.27;8740.0;0.00;0.00;31.37;98.9;56.0;0.00;100.00
42010;1420;46.0;50;6.27;8740.0;0.00;0.00;31.37;98.9;56.0;0.00;100.00
42022;1420;47.0;50;6.27;8750.0;0.00;0.00;31.37;98.9;56.0;0.00;100.00
42031;1420;47.0;50;6.27;8750.0;0.00;0.00;31.37;98.9;55.5;0.00;100.00
42041;1419;48.0;50;6.27;8750.0;0.00;0.00;31.37;98.9;55.5;0.00;100.00
42050;1419;48.0;50;6.27;8750.0;0.00;0.00;31.37;98.9;55.5;0.00;100.00
42061;1418;49.0;50;6.27;8750.0;0.00;0.00;31.37;98.9;55.5;0.00;100.00
42070;1418;49.0;50;6.27;8750.0;0.00;0.00;30.98;98.9;55.5;0.00;100.00
42079;1418;50.0;50;6.67;8750.0;0.00;0.00;30.59;98.9;55.5;0.00;100.00
42090;1417;50.0;50;6.67;8750.0;0.00;0.00;30.20;98.9;55.5;0.00;100.00
42108;1417;51.0;50;6.67;8750.0;0.00;0.00;29.80;98.9;55.5;0.00;100.00
42121;1417;51.0;50;6.67;8750.0;0.00;0.00;29.41;98.9;55.5;0.00;100.00
42130;1417;51.0;50;6.67;8750.0;0.00;0.00;29.41;98.9;55.5;0.00;100.00
42138;1417;51.0;50;6.67;8750.0;0.00;0.00;29.02;98.9;55.5;0.00;100.00
42149;1417;51.0;50;6.67;8750.0;0.00;0.00;28.63;98.9;55.0;0.00;100.00
42161;1416;51.0;50;6.67;8750.0;0.00;0.00;28.24;98.9;55.0;0.00;100.00
42170;1416;51.0;50;6.27;8750.0;0.00;0.00;27.84;98.9;55.0;0.00;100.00
42178;1416;50.0;50;6.27;8750.0;0.00;0.00;27.45;98.9;55.0;0.00;100.00
42190;1416;50.0;50;6.27;8750.0;0.00;0.00;27.45;98.9;55.0;0.00;100.00
42201;1416;50.0;50;6.27;8750.0;0.00;0.00;27.84;98.9;55.0;0.00;100.00
42208;1416;50.0;50;6.27;8750.0;0.00;0.00;27.84;98.9;55.0;0.00;100.00
42224;1416;50.0;50;6.27;8750.0;0.00;0.00;28.24;98.9;55.0;0.00;100.00
42240;1416;50.0;50;5.88;8750.0;0.00;0.00;28.24;98.9;55.0;0.00;100.00
42250;1416;50.0;50;5.88;8750.0;0.00;0.00;28.63;98.9;55.0;0.00;100.00
42260;1416;49.0;50;5.88;8750.0;0.00;0.00;28.63;98.9;55.0;0.00;100.00
42270;1416;49.0;50;5.88;8750.0;0.00;0.00;29.02;98.9;55.5;0.00;100.00
42279;1416;49.0;50;5.88;8750.0;0.00;0.00;29.02;98.9;55.5;0.00;100.00
42290;1415;49.0;50;5.49;8750.0;0.00;0.00;29.41;98.9;55.5;0.00;100.00
42299;1415;48.0;50;5.49;8750.0;0.00;0.00;29.41;98.9;55.5;0.00;100.00
42310;1415;48.0;50;5.49;8750.0;0.00;0.78;29.02;98.9;55.5;0.00;100.00
42321;1415;48.0;50;5.49;8750.0;0.00;0.78;29.02;98.9;55.5;0.00;100.00
42330;1415;48.0;50;5.49;8750.0;0.00;0.78;28.63;98.9;56.0;0.00;100.00
42349;1415;47.0;50;5.49;8750.0;0.78;0.78;28.63;98.9;56.0;0.00;100.00
42361;1413;47.0;50;5.10;8750.0;0.78;1.56;28.24;98.9;56.5;0.00;100.00
42369;1411;47.0;50;5.10;8750.0;0.78;1.56;28.24;98.9;57.0;0.00;100.00
42381;1409;46.0;50;5.10;8750.0;0.78;1.56;27.84;98.9;57.0;0.00;100.00
42390;1407;46.0;50;5.10;8750.0;0.78;1.56;27.84;98.9;57.5;0.00;100.00
42401;1405;46.0;50;5.10;8750.0;0.78;2.34;27.45;98.9;57.5;0.00;100.00
42409;1403;45.0;50;5.10;8750.0;0.78;2.34;27.45;98.9;58.0;0.00;100.00
42421;1401;45.0;50;5.10;8750.0;0.78;2.34;27.06;98.9;58.5;0.00;100.00
42430;1399;44.0;50;5.10;8750.0;1.56;2.34;27.06;98.9;58.5;0.00;100.00
42439;1398;44.0;50;4.71;8750.0;1.56;2.34;26.67;98.9;59.0;0.00;100.00
42451;1396;44.0;50;4.71;8750.0;1.56;2.34;26.67;98.9;59.0;0.00;100.00
42465;1394;43.0;50;4.71;8750.0;1.56;2.34;26.67;98.9;59.5;0.00;100.00
42479;1394;43.0;50;4.71;8750.0;1.56;3.13;26.27;98.9;59.5;0.00;100.00
42492;1394;43.0;50;4.71;8750.0;1.56;3.13;26.27;98.9;60.0;0.00;100.00
42512;1394;42.0;50;4.71;8750.0;2.34;3.13;25.88;98.9;60.0;0.00;100.00
42530;1394;42.0;50;4.71;8750.0;2.34;3.13;25.88;98.9;60.5;0.00;100.00
42539;1394;42.0;50;4.71;8750.0;2.34;3.13;25.88;98.9;60.5;0.00;100.00
42551;1394;42.0;50;4.71;8750.0;2.34;3.13;25.49;98.9;61.0;0.00;100.00
42560;1395;41.0;50;4.71;8750.0;2.34;3.13;25.49;98.9;61.0;0.00;100.00
42571;1395;41.0;50;4.71;8750.0;2.34;3.13;25.10;98.9;61.5;0.00;100.00
42580;1395;41.0;50;4.71;8750.0;2.34;3.13;25.10;98.9;61.5;0.00;100.00
42592;1395;41.0;50;4.71;8750.0;2.34;3.13;24.71;98.9;61.5;0.00;100.00
42621;1395;40.0;50;4.71;8750.0;3.13;3.13;24.31;98.9;61.5;0.00;100.00
42631;1395;40.0;50;4.71;8750.0;3.13;3.13;24.31;98.9;61.5;0.00;100.00
42640;1394;40.0;50;4.71;8750.0;3.13;3.13;23.92;98.9;61.5;0.00;100.00
42650;1394;40.0;50;4.71;8750.0;3.13;3.13;23.92;98.9;61.5;0.00;100.00
42659;1393;40.0;50;4.71;8750.0;3.13;3.13;23.53;98.9;62.0;0.00;100.00
42670;1393;40.0;50;4.71;8750.0;3.13;3.13;23.14;98.9;62.0;0.00;100.00
42679;1392;40.0;50;5.10;8760.0;3.13;3.13;23.14;98.9;62.0;0.00;100.00
42689;1391;39.0;50;5.10;8760.0;3.13;3.13;22.75;98.9;62.0;0.00;100.00
42700;1391;39.0;50;5.10;8760.0;3.13;3.13;23.14;98.9;62.0;0.00;100.00
42709;1390;39.0;50;5.10;8760.0;3.13;3.13;23.53;98.9;62.0;0.00;100.00
42721;1390;39.0;50;5.10;8770.0;3.13;3.13;23.92;98.9;62.0;0.00;100.00
42743;1389;39.0;50;5.10;8770.0;3.91;3.13;24.31;98.9;62.0;0.00;100.00
42760;1389;39.0;50;5.49;8770.0;3.91;3.91;24.71;98.9;62.0;0.00;100.00
42768;1388;39.0;50;5.49;8770.0;3.91;3.91;25.10;98.9;62.0;0.00;100.00
42781;1388;39.0;50;5.49;8780.0;3.91;3.91;25.49;98.9;62.0;0.00;100.00
42800;1387;40.0;50;5.49;8780.0;3.91;3.91;25.88;98.9;62.5;0.00;100.00
42809;1387;40.0;50;5.49;8780.0;3.91;3.91;26.27;98.9;62.5;0.00;100.00
42820;1386;40.0;50;5.49;8780.0;3.91;3.91;26.67;98.9;62.5;0.00;100.00
42829;1386;40.0;50;5.49;8780.0;3.91;3.91;27.06;98.9;62.5;0.00;100.00
42840;1385;40.0;50;5.49;8780.0;3.91;3.91;27.06;98.9;62.5;0.00;100.00
42849;1385;40.0;50;5.49;8780.0;3.91;3.91;27.06;98.9;62.5;0.00;100.00
42862;1384;41.0;50;5.49;8780.0;3.91;3.91;27.06;98.9;62.5;0.00;100.00
42885;1384;41.0;50;5.49;8780.0;3.91;3.91;27.06;98.9;62.5;0.00;100.00
42901;1385;41.0;50;5.49;8780.0;3.91;3.91;27.06;98.9;62.5;0.00;100.00
42923;1386;41.0;50;5.49;8780.0;3.91;3.91;27.06;98.9;62.5;0.00;100.00
42940;1387;41.0;50;5.49;8780.0;3.91;3.91;27.06;98.9;62.5;0.00;100.00
42951;1388;41.0;50;5.49;8780.0;3.91;3.91;27.06;98.9;62.5;0.00;100.00
42960;1389;41.0;50;5.49;8780.0;3.91;3.91;27.06;98.9;62.5;0.00;100.00
42971;1389;41.0;50;5.49;8780.0;3.91;3.91;27.06;98.9;62.5;0.00;100.00
42980;1390;42.0;50;5.49;8780.0;3.91;3.91;27.06;98.9;62.5;0.00;100.00
42990;1391;42.0;50;5.49;8780.0;3.91;3.91;27.06;98.9;62.5;0.00;100.00
43002;1392;42.0;50;5.49;8780.0;3.91;3.91;27.06;98.9;62.5;0.00;100.00
43020;1393;42.0;50;5.49;8780.0;3.91;3.91;27.06;98.9;62.5;0.00;100.00
43036;1394;42.0;50;5.49;8780.0;4.69;3.91;27.06;98.9;62.5;0.00;100.00
43049;1394;42.0;50;5.49;8780.0;4.69;3.13;27.06;98.9;62.5;0.00;100.00
43060;1395;42.0;50;5.49;8780.0;4.69;3.13;27.45;98.9;62.5;0.00;100.00
43069;1395;42.0;50;5.49;8780.0;4.69;3.13;27.45;98.9;62.5;0.00;100.00
43081;1395;42.0;50;5.49;8780.0;4.69;3.13;27.45;98.9;63.0;0.00;100.00
43100;1395;42.0;50;5.49;8780.0;4.69;3.13;27.45;98.9;63.0;0.00;100.00
43109;1395;42.0;50;5.49;8780.0;4.69;3.13;27.45;98.9;63.0;0.00;100.00
43120;1396;42.0;50;5.49;8780.0;4.69;3.13;27.45;98.9;63.0;0.00;100.00
43129;1396;42.0;50;5.49;8780.0;4.69;3.13;27.45;98.9;63.0;0.00;100.00
43139;1396;42.0;50;5.49;8780.0;4.69;3.13;27.45;98.9;63.0;0.00;100.00
43148;1396;42.0;50;5.49;8780.0;4.69;3.13;27.06;98.9;63.0;0.00;100.00
43167;1397;42.0;50;5.49;8780.0;4.69;3.13;27.06;98.9;63.0;0.00;100.00
43179;1396;42.0;50;5.49;8780.0;4.69;3.91;27.06;98.9;63.0;0.00;100.00
43191;1395;42.0;50;5.49;8780.0;4.69;3.91;27.06;98.9;63.0;0.00;100.00
43199;1394;42.0;50;5.49;8780.0;4.69;3.91;27.06;98.9;63.0;0.00;100.00
43210;1394;42.0;50;5.49;8780.0;4.69;3.91;27.06;98.9;63.0;0.00;100.00
43220;1393;42.0;50;5.49;8780.0;4.69;3.91;26.67;98.9;63.0;0.00;100.00
43229;1392;42.0;50;5.49;8780.0;4.69;3.91;26.67;98.9;63.0;0.00;100.00
43239;1392;42.0;50;5.49;8780.0;4.69;3.91;26.67;98.9;63.0;0.00;100.00
43251;1391;42.0;50;5.49;8780.0;4.69;3.91;26.27;98.9;63.0;0.00;100.00
43262;1390;42.0;50;5.49;8780.0;4.69;3.91;26.27;98.9;63.0;0.00;100.00
43281;1389;42.0;50;5.49;8780.0;4.69;3.91;25.88;98.9;63.0;0.00;100.00
43305;1389;42.0;50;5.49;8780.0;4.69;3.91;25.88;98.9;63.0;0.00;100.00
43320;1388;42.0;50;5.49;8780.0;4.69;4.69;25.49;98.9;63.0;0.00;100.00
43329;1387;42.0;50;5.49;8780.0;4.69;4.69;25.49;98.9;63.0;0.00;100.00
43339;1386;42.0;50;5.49;8780.0;4.69;4.69;25.10;98.9;63.0;0.00;100.00
43352;1386;42.0;50;5.49;8780.0;4.69;4.69;25.10;98.9;63.5;0.00;100.00
43371;1385;42.0;50;5.49;8780.0;4.69;4.69;24.71;98.9;63.5;0.00;100.00
43381;1384;42.0;50;5.49;8780.0;4.69;4.69;24.71;98.9;63.5;0.00;100.00
43392;1384;42.0;50;5.49;8780.0;4.69;4.69;24.31;98.9;63.5;0.00;100.00
43411;1383;42.0;50;5.49;8780.0;4.69;4.69;24.31;98.9;63.5;0.00;100.00
43420;1382;42.0;50;5.10;8780.0;4.69;4.69;24.31;98.9;63.5;0.00;100.00
43432;1381;42.0;50;5.10;8780.0;4.69;4.69;24.31;98.9;63.5;0.00;100.00
43459;1381;42.0;50;5.10;8780.0;3.91;4.69;24.31;98.9;63.5;0.00;100.00
43470;1380;42.0;50;5.10;8780.0;3.91;4.69;24.31;98.9;64.0;0.00;100.00
43482;1380;42.0;50;5.10;8780.0;3.91;4.69;23.92;98.9;64.0;0.00;100.00
43501;1380;42.0;50;5.10;8780.0;3.91;4.69;23.92;98.9;64.0;0.00;100.00
43510;1380;42.0;50;5.10;8780.0;3.91;4.69;23.92;98.9;64.0;0.00;100.00
43519;1380;42.0;50;5.10;8780.0;3.91;4.69;23.92;98.9;64.0;0.00;100.00
43531;1380;42.0;50;5.10;8780.0;3.91;4.69;23.92;98.9;64.0;0.00;100.00
43551;1379;41.0;50;5.10;8780.0;3.91;4.69;23.92;98.9;64.5;0.00;100.00
43560;1379;41.0;50;5.10;8780.0;3.91;4.69;23.92;98.9;64.5;0.00;100.00
43571;1379;41.0;50;5.10;8780.0;3.91;4.69;23.92;98.9;64.5;0.00;100.00
43580;1379;41.0;50;5.10;8780.0;3.91;4.69;23.92;98.9;64.5;0.00;100.00
43598;1379;41.0;50;5.10;8780.0;3.91;4.69;23.92;98.9;64.5;0.00;100.00
43610;1379;41.0;50;5.10;8780.0;3.91;4.69;23.92;98.9;64.5;0.00;100.00
43621;1379;41.0;50;5.10;8780.0;3.91;4.69;23.53;98.9;64.5;0.00;100.00
43632;1379;41.0;50;5.10;8780.0;3.91;4.69;23.53;98.9;64.5;0.00;100.00
43648;1379;40.0;50;5.10;8780.0;3.91;4.69;23.53;98.9;64.5;0.00;100.00
43661;1379;40.0;50;5.10;8780.0;3.91;4.69;23.53;98.9;64.5;0.00;100.00
43671;1378;40.0;50;5.10;8780.0;3.91;4.69;23.53;98.9;64.5;0.00;100.00
43680;1378;40.0;50;5.10;8780.0;3.91;4.69;23.53;98.9;64.5;0.00;100.00
43689;1378;40.0;50;5.10;8780.0;3.91;4.69;23.92;98.9;64.5;0.00;100.00
43698;1378;40.0;50;4.71;8780.0;3.91;4.69;23.92;98.9;64.5;0.00;100.00
43711;1378;39.0;50;4.71;8780.0;3.91;4.69;24.31;98.9;64.5;0.00;100.00
43725;1378;39.0;50;4.71;8780.0;3.91;4.69;24.31;98.9;64.5;0.00;100.00
43740;1378;39.0;50;4.71;8780.0;3.91;4.69;24.71;98.9;64.5;0.00;100.00
43749;1377;39.0;50;4.71;8780.0;3.91;4.69;24.71;98.9;64.5;0.00;100.00
43759;1376;39.0;50;4.71;8780.0;3.91;4.69;25.10;98.9;64.5;0.00;100.00
43771;1376;38.0;50;4.71;8780.0;3.91;4.69;25.10;98.9;65.0;0.00;100.00
43780;1375;38.0;50;4.71;8780.0;3.91;4.69;25.49;98.9;65.0;0.00;100.00
43790;1375;38.0;50;4.71;8790.0;3.91;4.69;25.49;98.9;65.0;0.00;100.00
43800;1374;38.0;50;4.71;8790.0;3.91;4.69;25.88;98.9;65.0;0.00;100.00
43811;1373;38.0;50;4.71;8790.0;3.91;4.69;25.88;98.9;65.0;0.00;100.00
43829;1373;38.0;50;4.71;8800.0;3.91;4.69;25.88;98.9;65.0;0.00;100.00
43841;1372;37.0;50;4.71;8800.0;3.91;4.69;25.49;98.9;65.5;0.00;100.00
43858;1371;37.0;50;4.71;8810.0;3.91;4.69;25.49;98.9;65.5;0.00;100.00
43870;1371;37.0;50;4.71;8810.0;3.91;3.91;25.49;98.9;66.0;0.00;100.00
43882;1370;37.0;50;4.71;8810.0;3.91;3.91;25.49;98.9;66.5;0.00;100.00
43903;1369;36.0;50;4.71;8820.0;3.91;3.91;25.49;98.9;66.5;0.00;100.00
43922;1368;36.0;50;4.71;8820.0;3.91;3.91;25.49;98.9;67.0;0.00;100.00
43938;1367;36.0;50;4.71;8820.0;3.91;3.91;25.10;98.9;67.0;0.00;100.00
43950;1366;36.0;50;4.31;8820.0;3.91;3.91;25.10;98.9;67.5;0.00;100.00
43962;1365;35.0;50;4.31;8820.0;3.91;3.91;25.10;98.9;68.0;0.00;100.00
43982;1364;35.0;50;4.31;8820.0;3.91;3.91;25.10;98.9;68.0;0.00;100.00
43988;1364;35.0;50;4.31;8820.0;3.91;3.91;24.71;98.9;68.5;0.00;100.00
44000;1363;35.0;50;4.31;8820.0;3.91;3.91;24.71;98.9;68.5;0.00;100.00
44015;1362;34.0;50;4.31;8820.0;3.13;3.91;24.71;98.9;69.0;0.00;100.00
44029;1362;34.0;50;3.92;8820.0;3.13;3.91;24.71;98.9;69.0;0.00;100.00
44041;1362;34.0;50;3.92;8820.0;3.13;3.91;24.31;98.9;69.5;0.00;100.00
44049;1361;34.0;50;3.92;8820.0;3.13;3.91;24.31;98.9;69.5;0.00;100.00
44059;1361;34.0;50;3.92;8820.0;3.13;3.91;24.31;98.9;70.0;0.00;100.00
44068;1361;34.0;50;3.92;8820.0;3.13;3.91;24.31;98.9;70.0;0.00;100.00
44079;1361;34.0;50;3.92;8820.0;3.13;3.91;23.92;98.9;70.5;0.00;100.00
44090;1361;33.0;50;3.92;8820.0;3.13;3.91;23.92;98.9;70.5;0.00;100.00
44102;1360;33.0;50;3.92;8820.0;3.13;3.91;23.53;98.9;71.0;0.00;100.00
44121;1360;33.0;50;3.92;8820.0;3.13;3.91;23.53;98.9;71.0;0.00;100.00
44130;1360;33.0;50;3.92;8820.0;3.13;3.91;23.14;98.9;72.0;0.00;100.00
44145;1360;33.0;50;3.92;8820.0;2.34;3.91;23.14;98.9;72.5;0.00;100.00
44161;1360;33.0;50;3.92;8820.0;2.34;3.13;22.75;98.9;73.5;0.00;100.00
44169;1359;33.0;50;3.92;8820.0;2.34;3.13;22.75;98.9;74.0;0.00;100.00
44179;1359;32.0;50;3.92;8820.0;2.34;3.13;22.35;98.9;75.0;0.00;100.00
44191;1358;32.0;50;3.92;8820.0;2.34;3.13;22.35;98.9;75.5;0.00;100.00
44198;1358;32.0;50;3.92;8820.0;2.34;3.13;21.96;98.9;76.5;0.00;100.00
44210;1358;31.0;50;3.92;8820.0;2.34;3.13;21.96;98.9;77.0;0.00;100.00
44221;1357;31.0;50;3.92;8820.0;2.34;3.13;21.57;98.9;78.0;0.00;100.00
44229;1357;30.0;50;3.92;8820.0;2.34;3.13;21.57;98.9;78.5;0.00;100.00
44240;1357;30.0;50;3.53;8820.0;2.34;3.13;21.18;98.9;79.5;0.00;100.00
44248;1356;30.0;50;3.53;8820.0;2.34;3.13;21.18;98.9;80.0;0.00;100.00
44264;1356;29.0;50;3.53;8820.0;2.34;3.13;21.18;98.9;80.5;0.00;100.00
44279;1355;29.0;50;3.53;8820.0;2.34;2.34;20.78;98.9;81.0;0.00;100.00
44288;1353;29.0;50;3.53;8820.0;2.34;2.34;20.78;98.9;81.5;0.00;100.00
44298;1352;29.0;50;3.53;8820.0;2.34;2.34;20.39;98.9;82.0;0.00;100.00
44309;1351;29.0;50;3.53;8820.0;2.34;2.34;20.39;98.9;82.0;0.00;100.00
44321;1349;29.0;50;3.53;8820.0;2.34;2.34;20.39;98.9;82.5;0.00;100.00
44330;1348;29.0;50;3.53;8820.0;2.34;2.34;20.00;98.9;83.0;0.00;100.00
44341;1346;29.0;50;3.53;8820.0;2.34;2.34;20.00;98.9;83.5;0.00;100.00
44350;1345;29.0;50;3.53;8820.0;2.34;2.34;20.00;98.9;84.0;0.00;100.00
44359;1344;29.0;50;3.53;8820.0;2.34;1.56;20.00;98.9;84.5;0.00;100.00
44370;1342;29.0;50;3.53;8820.0;2.34;1.56;19.61;98.9;84.5;0.00;100.00
44384;1341;29.0;50;3.53;8820.0;1.56;1.56;19.61;98.9;84.5;0.00;100.00
44399;1343;29.0;50;3.53;8820.0;1.56;1.56;19.61;98.9;85.0;0.00;100.00
44410;1344;29.0;50;3.53;8820.0;1.56;1.56;19.61;98.9;85.0;0.00;100.00
44420;1346;29.0;50;3.53;8820.0;1.56;1.56;19.61;98.9;85.0;0.00;100.00
44430;1347;29.0;50;3.53;8820.0;1.56;0.78;19.61;98.9;85.0;0.00;100.00
44439;1349;29.0;50;3.53;8820.0;1.56;0.78;19.22;98.9;85.0;0.00;100.00
44449;1350;29.0;50;3.53;8820.0;1.56;0.78;19.22;98.9;85.0;0.00;100.00
44459;1352;28.0;50;3.53;8820.0;0.78;0.78;19.22;98.9;85.5;0.00;100.00
44468;1353;28.0;50;3.53;8820.0;0.78;0.00;19.22;98.9;85.5;0.00;100.00
44479;1355;28.0;50;3.53;8820.0;0.78;0.00;19.22;98.9;85.5;0.00;100.00
44489;1356;28.0;50;3.53;8820.0;0.78;0.00;19.22;98.9;85.5;0.00;100.00
44505;1358;28.0;50;3.53;8820.0;0.00;0.00;19.22;98.9;85.5;0.00;100.00
44521;1357;28.0;50;3.53;8820.0;0.00;-0.78;19.22;98.9;85.5;0.00;100.00
44539;1356;28.0;50;3.53;8820.0;0.00;-0.78;18.82;98.9;85.5;0.00;100.00
44551;1356;28.0;50;3.53;8820.0;0.00;-0.78;18.82;98.9;85.5;0.00;100.00
44559;1355;28.0;50;3.53;8820.0;-0.78;-0.78;18.82;98.9;86.0;0.00;100.00
44569;1355;28.0;50;3.53;8820.0;-0.78;-1.56;18.82;98.9;86.0;0.00;100.00
44578;1354;28.0;50;3.53;8820.0;-0.78;-1.56;18.82;98.9;86.0;0.00;100.00
44589;1354;28.0;50;3.53;8820.0;-1.56;-1.56;18.82;98.9;86.0;0.00;100.00
44600;1353;28.0;50;3.53;8820.0;-1.56;-2.34;18.82;98.9;86.0;0.00;100.00
44609;1353;28.0;50;3.53;8820.0;-1.56;-2.34;18.82;98.9;86.0;0.00;100.00
44621;1352;28.0;50;3.53;8820.0;-1.56;-2.34;18.82;98.9;86.0;0.00;100.00
44635;1351;28.0;50;3.53;8820.0;-2.34;-2.34;18.82;98.9;86.0;0.00;100.00
44649;1351;28.0;50;3.53;8820.0;-2.34;-3.13;18.82;98.9;86.0;0.00;100.00
44658;1351;28.0;50;3.53;8820.0;-2.34;-3.13;18.43;98.9;86.0;0.00;100.00
44670;1352;28.0;50;3.53;8820.0;-2.34;-3.13;18.43;98.9;86.0;0.00;100.00
44680;1352;28.0;50;3.53;8820.0;-3.13;-3.13;18.43;98.9;86.5;0.00;100.00
44688;1352;28.0;50;3.53;8820.0;-3.13;-3.91;18.43;98.9;86.5;0.00;100.00
44699;1352;28.0;50;3.53;8820.0;-3.13;-3.91;18.43;98.9;86.5;0.00;100.00
44708;1352;28.0;50;3.53;8820.0;-3.91;-3.91;18.43;98.9;86.5;0.00;100.00
44720;1352;28.0;50;3.53;8820.0;-3.91;-3.91;18.43;98.9;86.5;0.00;100.00
44728;1352;28.0;50;3.53;8820.0;-3.91;-4.69;18.43;98.9;86.5;0.00;100.00
44741;1352;28.0;50;3.53;8820.0;-3.91;-4.69;18.43;98.9;86.5;0.00;100.00
44765;1352;28.0;50;3.53;8820.0;-4.69;-4.69;18.43;98.9;86.5;0.00;100.00
44778;1352;28.0;50;3.53;8820.0;-4.69;-4.69;18.43;98.9;86.5;0.00;100.00
44789;1351;28.0;50;3.53;8820.0;-4.69;-4.69;18.43;98.9;86.5;0.00;100.00
44798;1351;28.0;50;3.53;8820.0;-4.69;-4.69;18.43;98.9;86.5;0.00;100.00
44809;1351;28.0;50;3.53;8820.0;-5.47;-5.47;18.43;98.9;86.5;0.00;100.00
44821;1350;28.0;50;3.53;8820.0;-5.47;-5.47;18.43;98.9;86.5;0.00;100.00
44830;1350;28.0;50;3.53;8820.0;-4.69;-5.47;18.43;98.9;86.5;0.00;100.00
44839;1350;28.0;50;3.53;8820.0;-4.69;-4.69;18.43;98.9;86.5;0.00;100.00
44848;1349;28.0;50;3.53;8820.0;-3.91;-4.69;18.43;98.9;86.5;0.00;100.00
44860;1349;28.0;50;3.53;8820.0;-3.13;-3.91;18.43;98.9;86.5;0.00;100.00
44869;1349;28.0;50;3.53;8820.0;-3.13;-3.13;18.43;98.9;86.5;0.00;100.00
44886;1348;28.0;50;3.53;8820.0;-2.34;-3.13;18.43;98.9;86.5;0.00;100.00
44900;1347;28.0;50;3.53;8820.0;-2.34;-2.34;18.43;98.9;86.5;0.00;100.00
44909;1346;28.0;50;3.53;8820.0;-1.56;-2.34;18.43;98.9;86.5;0.00;100.00
44921;1345;28.0;50;3.53;8820.0;-0.78;-1.56;18.43;98.9;86.5;0.00;100.00
44930;1344;28.0;50;3.53;8820.0;-0.78;-0.78;18.43;98.9;87.0;0.00;100.00
44938;1343;28.0;50;3.53;8820.0;0.00;-0.78;18.43;98.9;87.0;0.00;100.00
44948;1342;28.0;50;3.53;8830.0;0.00;0.00;18.43;98.9;87.0;0.00;100.00
44959;1341;28.0;50;3.53;8830.0;0.00;0.00;18.43;98.9;87.0;0.00;100.00
44969;1340;28.0;50;3.53;8830.0;0.00;0.00;18.43;98.9;87.0;0.00;100.00
44978;1339;28.0;50;3.53;8830.0;0.00;0.00;18.43;98.9;87.0;0.00;100.00
44990;1338;28.0;50;3.53;8840.0;0.00;0.00;18.43;98.9;87.0;0.00;100.00
45006;1337;28.0;50;3.53;8840.0;0.00;0.00;18.43;98.9;87.0;0.00;100.00
45020;1337;28.0;50;3.53;8840.0;0.00;0.00;18.43;98.9;87.0;0.00;100.00
45029;1337;28.0;50;3.53;8840.0;0.00;0.00;18.43;98.9;87.0;0.00;100.00
45040;1337;28.0;50;3.53;8850.0;0.00;0.00;18.43;98.9;87.0;0.00;100.00
45049;1337;28.0;50;3.53;8850.0;0.00;0.00;18.43;98.9;87.0;0.00;100.00
45061;1337;28.0;50;3.53;8850.0;0.00;0.00;18.43;98.9;87.0;0.00;100.00
45069;1337;28.0;50;3.53;8850.0;0.00;0.00;18.43;98.9;87.0;0.00;100.00
45078;1338;28.0;50;3.53;8850.0;0.00;0.00;18.43;98.9;87.0;0.00;100.00
45089;1338;28.0;50;3.53;8850.0;0.00;0.00;18.43;98.9;87.0;0.00;100.00
45100;1338;28.0;50;3.53;8850.0;0.00;0.00;18.43;98.9;87.0;0.00;100.00
45108;1338;28.0;50;3.53;8850.0;0.00;0.00;18.43;98.9;87.0;0.00;100.00
45125;1338;28.0;50;3.53;8850.0;0.00;0.00;18.43;98.9;87.0;0.00;100.00
45139;1336;28.0;50;3.53;8850.0;0.00;0.00;18.43;98.9;87.0;0.00;100.00
45148;1334;28.0;50;3.53;8850.0;0.00;0.00;18.43;98.9;87.0;0.00;100.00
45160;1333;28.0;50;3.53;8850.0;0.00;0.00;18.43;98.9;87.0;0.00;100.00
45169;1331;28.0;50;3.53;8850.0;0.00;0.00;18.43;98.9;87.5;0.00;100.00
45179;1329;28.0;50;3.53;8850.0;0.00;0.00;18.43;98.9;87.5;0.00;100.00
45190;1328;28.0;50;3.53;8850.0;0.00;0.00;18.43;98.9;87.5;0.00;100.00
45199;1326;28.0;50;3.53;8850.0;0.00;0.00;18.43;98.9;87.5;0.00;100.00
45210;1324;28.0;50;3.53;8850.0;0.00;0.00;18.43;98.9;87.5;0.00;100.00
45222;1323;28.0;50;3.53;8850.0;0.00;0.00;18.43;98.9;87.5;0.00;100.00
45240;1321;28.0;50;3.53;8850.0;0.00;0.00;18.43;98.9;87.5;0.00;100.00
45259;1319;28.0;50;3.53;8850.0;0.00;0.00;18.43;98.9;87.5;0.00;100.00
45269;1316;28.0;50;3.53;8850.0;0.00;0.00;18.43;98.9;87.5;0.00;100.00
45278;1314;28.0;50;3.53;8850.0;0.00;0.00;18.82;98.9;87.5;0.00;100.00
45289;1311;28.0;50;3.53;8850.0;0.00;0.00;18.82;98.9;87.5;0.00;100.00
45301;1308;28.0;50;3.53;8850.0;0.00;0.00;18.82;98.9;88.0;0.00;100.00
45310;1305;28.0;50;3.14;8850.0;0.00;0.00;18.82;98.9;88.0;0.00;100.00
45321;1303;28.0;50;3.14;8850.0;0.00;0.00;18.82;98.9;88.0;0.00;100.00
45339;1300;29.0;50;3.14;8850.0;0.00;0.00;18.82;98.9;88.0;0.00;100.00
45351;1297;29.0;50;3.14;8850.0;0.00;0.00;18.82;98.9;88.0;0.00;100.00
45370;1294;29.0;50;2.75;8850.0;0.00;0.00;18.82;98.9;88.0;0.00;100.00
45378;1292;29.0;50;2.75;8850.0;0.00;0.00;18.82;98.9;88.5;0.00;100.00
45396;1289;29.0;50;2.75;8850.0;0.00;0.00;18.82;98.9;89.5;0.00;100.00
45410;1287;29.0;50;2.75;8850.0;0.00;0.00;18.82;98.9;90.0;0.00;100.00
45422;1285;29.0;50;2.35;8850.0;0.00;0.00;18.43;98.9;90.5;0.00;100.00
45440;1283;28.0;50;2.35;8850.0;0.00;0.00;18.43;98.9;91.0;0.00;100.00
45449;1282;28.0;50;2.35;8850.0;0.00;0.00;18.43;98.9;92.0;0.00;100.00
45460;1280;28.0;50;2.35;8850.0;0.00;0.00;18.43;98.9;92.5;0.00;100.00
45470;1278;27.0;50;2.35;8850.0;0.00;0.00;18.43;98.9;93.0;0.00;100.00
45479;1276;27.0;50;2.35;8850.0;0.00;0.00;18.43;98.9;93.5;0.00;100.00
45490;1274;26.0;50;2.35;8850.0;0.00;0.00;18.04;98.9;94.5;0.00;100.00
45499;1273;26.0;50;1.96;8850.0;0.00;0.00;17.65;98.9;95.0;0.00;100.00
45510;1271;26.0;50;1.96;8850.0;0.00;0.00;17.25;98.9;95.0;0.00;0.00
45526;1269;25.0;50;1.96;8850.0;0.00;0.00;16.86;98.9;95.5;0.00;0.00
45539;1267;25.0;50;1.96;8850.0;0.00;0.00;16.47;98.9;95.5;0.00;0.00
45550;1265;25.0;50;1.96;8850.0;0.00;0.00;16.47;98.9;95.5;0.00;0.00
45558;1263;25.0;50;1.96;8850.0;0.00;0.00;16.08;98.9;95.5;0.00;0.00
45570;1261;25.0;50;1.96;8850.0;0.00;0.00;15.69;98.9;96.0;0.00;0.00
45578;1259;25.0;50;1.96;8850.0;0.00;0.00;15.29;98.9;96.0;0.00;0.00
45588;1256;25.0;50;1.96;8850.0;0.00;0.00;14.90;98.9;96.0;0.00;0.00
45598;1254;24.0;50;1.96;8850.0;0.00;0.00;14.51;98.9;96.0;0.00;0.00
45609;1252;24.0;50;1.96;8850.0;0.00;0.00;14.51;98.9;96.5;0.00;0.00
45621;1250;24.0;50;2.35;8850.0;0.00;0.00;14.51;98.9;96.5;0.00;0.00
45631;1248;24.0;50;2.35;8850.0;0.00;0.00;14.12;98.9;96.5;0.00;0.00
45647;1246;24.0;50;2.35;8850.0;0.00;0.00;14.12;98.9;96.5;0.00;0.00
45660;1244;24.0;50;2.35;8850.0;0.00;0.00;14.12;98.9;96.5;0.00;0.00
45670;1242;24.0;50;2.35;8850.0;0.00;0.00;14.12;98.9;96.5;0.00;0.00
45680;1240;24.0;50;2.35;8850.0;0.00;0.00;14.12;98.9;96.5;0.00;0.00
45689;1238;24.0;50;2.35;8850.0;0.00;0.00;14.12;98.9;97.0;0.00;0.00
45700;1237;24.0;50;2.35;8850.0;0.00;0.00;13.73;98.9;97.0;0.00;0.00
45708;1235;24.0;50;2.35;8850.0;0.00;0.00;13.73;98.9;97.0;0.00;0.00
45720;1233;24.0;50;2.35;8850.0;0.00;0.00;13.73;98.9;97.0;0.00;0.00
45729;1231;24.0;50;2.35;8850.0;0.00;0.00;13.73;98.9;97.0;0.00;0.00
45749;1229;24.0;50;2.35;8850.0;0.00;0.00;13.73;98.9;97.0;0.00;0.00
45758;1227;24.0;50;2.35;8850.0;0.00;0.00;13.73;98.9;97.0;0.00;0.00
45779;1225;24.0;50;2.35;8850.0;0.00;0.00;13.73;98.9;97.0;0.00;0.00
45789;1225;24.0;50;2.35;8850.0;0.00;0.00;13.73;98.9;97.0;0.00;0.00
45800;1224;24.0;50;2.35;8850.0;0.00;0.00;13.33;98.9;97.0;0.00;0.00
45809;1224;24.0;50;2.35;8850.0;0.00;0.00;13.33;98.9;97.0;0.00;0.00
45822;1223;24.0;50;2.35;8850.0;0.00;0.00;13.33;98.9;97.0;0.00;0.00
45839;1223;24.0;50;2.35;8850.0;0.00;0.00;13.33;98.9;97.0;0.00;0.00
45850;1222;24.0;50;2.35;8850.0;0.00;0.00;13.33;98.9;97.0;0.00;0.00
45861;1222;23.0;50;2.35;8850.0;0.00;0.00;13.33;98.9;97.0;0.00;0.00
45879;1221;23.0;50;2.35;8850.0;0.00;0.00;12.94;98.9;97.0;0.00;0.00
45889;1221;23.0;50;1.96;8850.0;0.00;0.00;12.55;98.9;97.0;0.00;0.00
45901;1221;23.0;50;1.96;8850.0;0.00;0.00;12.55;98.9;97.0;0.00;0.00
45923;1220;23.0;50;1.96;8850.0;0.00;0.00;12.16;98.9;97.0;0.00;0.00
45940;1222;23.0;50;1.96;8850.0;0.00;0.00;11.76;98.9;97.0;0.00;0.00
45949;1225;23.0;50;1.96;8850.0;0.00;0.00;11.37;98.9;97.0;0.00;0.00
45960;1227;23.0;50;1.96;8850.0;0.00;0.00;10.98;98.9;97.0;0.00;0.00
45971;1229;23.0;50;1.96;8850.0;0.00;0.00;10.59;98.9;97.5;0.00;0.00
45980;1231;23.0;50;1.96;8850.0;0.00;0.00;10.59;98.9;97.5;0.00;0.00
45990;1233;23.0;50;1.96;8860.0;0.00;0.00;10.20;98.9;97.5;0.00;0.00
45999;1236;23.0;50;1.96;8860.0;0.00;0.00;9.80;98.9;97.5;0.00;0.00
46008;1238;23.0;50;1.96;8860.0;0.00;0.00;10.59;98.9;97.5;0.00;0.00
46021;1240;23.0;50;2.35;8870.0;0.00;0.00;10.98;98.9;97.5;0.00;0.00
46029;1242;23.0;50;2.35;8870.0;0.00;0.00;11.76;98.9;97.5;0.00;0.00
46045;1245;23.0;50;2.35;8880.0;0.00;0.00;12.16;98.9;97.5;0.00;0.00
46060;1247;23.0;50;2.35;8880.0;0.00;0.00;12.94;98.9;97.5;0.00;0.00
46071;1250;23.0;50;2.35;8880.0;0.00;0.00;13.33;98.9;97.5;0.00;0.00
46080;1253;23.0;50;2.35;8890.0;0.00;0.00;14.12;98.9;97.5;0.00;0.00
46090;1256;23.0;50;2.35;8890.0;0.00;0.00;14.51;98.9;97.5;0.00;0.00
46100;1258;23.0;50;2.35;8890.0;0.00;0.00;15.29;98.9;97.5;0.00;0.00
46108;1261;23.0;50;2.35;8890.0;0.00;0.00;15.69;98.9;97.5;0.00;0.00
46121;1264;22.0;50;2.35;8890.0;0.00;0.00;16.47;98.9;97.5;0.00;0.00
46130;1266;22.0;50;2.35;8890.0;0.00;0.00;16.08;98.9;97.5;0.00;0.00
46138;1269;22.0;50;2.35;8890.0;0.00;0.00;16.08;98.9;97.5;0.00;0.00
46150;1272;22.0;50;2.35;8890.0;0.00;0.00;15.69;98.9;97.5;0.00;0.00
46167;1275;22.0;50;2.35;8890.0;0.00;0.00;15.69;98.9;97.5;0.00;0.00
46180;1277;22.0;50;2.35;8890.0;0.00;0.00;15.29;98.9;97.5;0.00;0.00
46189;1278;22.0;50;2.35;8890.0;0.00;0.00;15.29;98.9;97.5;0.00;0.00
46201;1280;22.0;50;2.35;8890.0;0.00;0.00;14.90;98.9;97.5;0.00;0.00
46209;1282;22.0;50;2.35;8890.0;0.00;0.00;14.90;98.9;97.5;0.00;0.00
46221;1284;22.0;50;2.35;8890.0;0.00;0.00;14.51;98.9;97.5;0.00;0.00
46230;1286;22.0;50;2.35;8890.0;0.00;0.00;14.51;98.9;97.5;0.00;0.00
46240;1288;22.0;50;2.35;8890.0;0.00;0.00;14.12;98.9;97.5;0.00;0.00
46248;1290;22.0;50;2.35;8890.0;0.00;0.00;14.12;98.9;97.5;0.00;0.00
46260;1292;22.0;50;2.35;8890.0;0.00;0.00;14.12;98.9;97.5;0.00;0.00
46272;1293;22.0;50;2.35;8890.0;0.00;0.00;13.73;98.9;97.5;0.00;0.00
46295;1295;22.0;50;2.35;8890.0;0.00;0.00;13.73;98.9;97.5;0.00;0.00
46310;1296;22.0;50;2.35;8890.0;0.00;0.00;13.73;98.9;97.5;0.00;0.00
46322;1296;22.0;50;2.35;8890.0;0.00;0.00;13.73;98.9;97.5;0.00;0.00
46340;1296;22.0;50;2.35;8890.0;0.00;0.00;13.73;98.9;97.5;0.00;0.00
46351;1296;22.0;50;2.35;8890.0;0.00;0.00;13.73;98.9;97.5;0.00;0.00
46371;1296;22.0;50;2.35;8890.0;0.00;0.00;13.33;98.9;97.5;0.00;0.00
46380;1296;22.0;50;2.75;8890.0;0.00;0.00;13.33;98.9;97.5;0.00;0.00
46389;1296;22.0;50;2.75;8890.0;0.00;0.00;13.33;98.9;97.5;0.00;0.00
46400;1296;22.0;50;2.75;8890.0;0.00;0.00;13.33;98.9;97.5;0.00;0.00
46409;1297;22.0;50;2.75;8890.0;0.00;0.00;13.33;98.9;97.5;0.00;0.00
46419;1297;22.0;50;2.75;8890.0;0.00;0.00;13.33;98.9;97.5;0.00;0.00
46439;1297;22.0;50;2.75;8890.0;0.00;0.00;13.33;98.9;97.5;0.00;0.00
46450;1297;22.0;50;3.14;8890.0;0.00;0.00;13.33;98.9;97.5;0.00;0.00
46459;1297;22.0;50;3.14;8890.0;0.00;0.00;13.73;98.9;97.5;0.00;0.00
46469;1298;22.0;50;3.14;8890.0;0.00;0.00;13.73;98.9;97.5;0.00;0.00
46479;1298;22.0;50;3.14;8890.0;0.00;0.00;13.73;98.9;97.5;0.00;0.00
46488;1298;22.0;50;3.14;8890.0;0.00;0.00;13.73;98.9;97.5;0.00;0.00
46500;1298;22.0;50;2.75;8890.0;0.00;0.00;13.73;98.9;97.5;0.00;0.00
46508;1299;23.0;50;2.75;8890.0;0.00;0.00;13.73;98.9;97.5;0.00;0.00
46523;1299;23.0;50;2.75;8890.0;0.00;0.00;13.73;98.9;97.5;0.00;0.00
46540;1299;23.0;50;2.75;8890.0;0.00;0.00;13.73;98.9;97.5;0.00;0.00
46549;1299;23.0;50;2.75;8890.0;0.00;0.00;13.73;98.9;97.5;0.00;0.00
46566;1300;23.0;50;2.75;8890.0;0.00;0.00;13.73;98.9;97.5;0.00;0.00
46578;1299;23.0;50;2.35;8890.0;0.00;0.00;13.73;98.9;97.5;0.00;0.00
46587;1299;23.0;50;2.35;8890.0;0.00;0.00;13.73;98.9;97.5;0.00;0.00
46597;1298;23.0;50;2.35;8890.0;0.00;0.00;13.73;98.9;97.5;0.00;0.00
46611;1298;23.0;50;2.35;8890.0;0.00;0.00;13.73;98.9;97.5;0.00;0.00
46622;1297;23.0;50;2.35;8890.0;0.00;0.00;13.73;98.9;97.5;0.00;0.00
46640;1297;23.0;50;2.35;8890.0;0.00;0.00;13.73;98.9;97.5;0.00;0.00
46649;1297;23.0;50;2.35;8890.0;0.00;0.00;13.73;98.9;97.5;0.00;0.00
46657;1296;23.0;50;2.35;8890.0;0.00;0.00;13.73;98.9;97.5;0.00;0.00
46671;1296;23.0;50;2.35;8890.0;0.00;0.00;13.73;98.9;97.5;0.00;0.00
46679;1295;23.0;50;2.35;8890.0;0.00;0.00;13.73;98.9;97.5;0.00;0.00
46696;1295;23.0;50;2.35;8890.0;0.00;0.00;13.73;98.9;97.5;0.00;0.00
46708;1294;23.0;50;2.35;8890.0;0.00;0.00;13.73;98.9;97.5;0.00;0.00
46720;1293;23.0;50;2.35;8890.0;0.00;0.00;13.33;98.9;97.5;0.00;0.00
46729;1292;23.0;50;2.35;8890.0;0.00;0.00;13.33;98.9;97.5;0.00;0.00
46750;1291;23.0;50;2.35;8890.0;0.00;0.00;13.33;98.9;97.5;0.00;0.00
46760;1290;23.0;50;2.35;8890.0;0.00;0.00;13.33;98.9;97.5;0.00;0.00
46767;1289;23.0;50;2.35;8890.0;0.00;0.00;13.33;98.9;97.5;0.00;0.00
46780;1288;23.0;50;2.35;8890.0;0.00;0.00;13.33;98.9;97.5;0.00;0.00
46789;1287;23.0;51;2.35;8890.0;0.00;0.00;13.33;98.9;97.5;0.00;0.00
46796;1286;23.0;51;2.35;8890.0;0.00;0.00;13.33;98.9;97.5;0.00;0.00
46810;1285;23.0;51;2.35;8890.0;0.00;0.00;13.33;98.9;97.5;0.00;0.00
46825;1284;23.0;51;2.35;8890.0;0.00;0.00;13.33;98.9;97.5;0.00;0.00
46839;1283;23.0;51;2.35;8890.0;0.00;0.00;13.33;98.9;97.5;0.00;0.00
46851;1283;23.0;51;2.35;8890.0;0.00;0.00;13.33;98.9;97.5;0.00;0.00
46860;1282;23.0;51;2.35;8890.0;0.00;0.00;13.33;98.9;97.5;0.00;0.00
46868;1282;23.0;51;2.35;8890.0;0.00;0.00;13.33;98.9;97.5;0.00;0.00
46879;1282;23.0;51;2.35;8890.0;0.00;0.00;13.33;98.9;97.5;0.00;0.00
46889;1281;23.0;51;2.35;8890.0;0.00;0.00;13.33;98.9;97.5;0.00;0.00
46898;1281;23.0;51;2.35;8890.0;0.00;0.00;13.33;98.9;97.5;0.00;0.00
46910;1280;23.0;51;2.35;8890.0;0.00;0.00;13.33;98.9;97.5;0.00;0.00
46920;1280;23.0;51;2.35;8890.0;0.00;0.00;13.33;98.9;97.5;0.00;0.00
46930;1280;23.0;51;2.35;8890.0;0.00;0.00;13.33;98.9;97.5;0.00;0.00
46945;1279;23.0;51;2.35;8890.0;0.00;0.00;13.33;98.9;97.5;0.00;0.00
46959;1279;23.0;51;2.35;8890.0;0.00;0.00;13.33;98.9;97.5;0.00;0.00
46971;1279;23.0;51;2.35;8890.0;0.00;0.00;12.94;98.9;97.5;0.00;0.00
46979;1278;23.0;51;2.35;8890.0;0.00;0.00;12.94;98.9;97.5;0.00;0.00
46991;1278;23.0;51;2.35;8890.0;0.00;0.00;12.94;98.9;97.5;0.00;0.00
47000;1278;23.0;51;2.35;8890.0;0.00;0.00;12.94;98.9;97.5;0.00;0.00
47009;1278;23.0;51;2.35;8890.0;0.00;0.00;12.94;98.9;97.5;0.00;0.00
47021;1277;23.0;51;2.35;8890.0;0.00;0.00;12.94;98.9;97.5;0.00;0.00
47031;1277;23.0;51;2.35;8890.0;0.00;0.00;12.94;98.9;97.5;0.00;0.00
47040;1277;23.0;51;2.35;8890.0;0.00;0.00;12.94;98.9;97.5;0.00;0.00
47047;1277;23.0;51;2.35;8890.0;0.00;0.00;12.94;98.9;97.5;0.00;0.00
47064;1276;23.0;51;2.35;8890.0;0.00;0.00;12.94;98.9;97.5;0.00;0.00
47079;1276;23.0;51;2.35;8890.0;0.00;0.00;12.94;98.9;97.5;0.00;0.00
47088;1275;23.0;51;2.35;8890.0;0.00;0.00;12.94;98.9;97.5;0.00;0.00
47101;1274;23.0;51;2.35;8890.0;0.00;0.00;12.94;98.9;97.5;0.00;0.00
47110;1274;23.0;51;2.35;8890.0;0.00;0.00;12.94;98.9;98.0;0.00;0.00
47122;1273;23.0;51;2.35;8890.0;0.00;0.00;12.94;98.9;98.0;0.00;0.00
47139;1272;23.0;51;2.35;8890.0;0.00;0.00;12.94;98.9;98.0;0.00;0.00
47150;1272;23.0;51;2.35;8890.0;0.00;0.00;12.94;98.9;98.0;0.00;0.00
47159;1271;23.0;51;2.35;8890.0;0.00;0.00;12.94;98.9;98.0;0.00;0.00
47170;1270;23.0;51;2.35;8890.0;0.00;0.00;12.94;98.9;98.0;0.00;0.00
47180;1270;23.0;51;2.35;8890.0;0.00;0.00;12.94;98.9;98.0;0.00;0.00
47198;1269;23.0;51;2.35;8890.0;0.00;0.00;12.94;98.9;98.0;0.00;0.00
47212;1268;23.0;51;2.35;8890.0;0.00;0.00;12.94;98.9;98.0;0.00;0.00
47229;1266;23.0;51;2.35;8890.0;0.00;0.00;12.94;98.9;98.0;0.00;0.00
47240;1265;23.0;51;2.35;8890.0;0.00;0.00;12.94;98.9;98.0;0.00;0.00
47250;1264;23.0;51;2.35;8890.0;0.00;0.00;12.94;98.9;98.0;0.00;0.00
47261;1262;23.0;51;2.35;8890.0;0.00;0.00;12.94;98.9;98.0;0.00;0.00
47279;1261;23.0;51;2.35;8900.0;0.00;0.00;12.94;98.9;98.0;0.00;0.00
47291;1260;22.0;51;2.35;8900.0;0.00;0.00;12.94;98.9;98.0;0.00;0.00
47300;1258;22.0;51;2.35;8900.0;0.00;0.00;12.94;98.9;98.0;0.00;0.00
47309;1257;22.0;51;1.96;8900.0;0.00;0.00;12.94;98.9;98.0;0.00;0.00
47320;1256;22.0;51;1.96;8910.0;0.00;0.00;12.94;98.9;98.0;0.00;0.00
47338;1254;22.0;51;1.96;8910.0;0.00;0.00;12.94;98.9;98.0;0.00;0.00
47348;1253;22.0;51;1.96;8910.0;0.00;0.00;12.94;98.9;98.0;0.00;0.00
47360;1252;22.0;51;1.96;8910.0;0.00;0.00;12.94;98.9;98.0;0.00;0.00
47370;1250;22.0;51;1.96;8920.0;0.00;0.00;12.94;98.9;98.0;0.00;0.00
47380;1249;22.0;51;1.96;8920.0;0.00;0.00;12.94;98.9;98.0;0.00;0.00
47388;1247;22.0;51;1.96;8920.0;0.00;0.00;12.94;98.9;98.0;0.00;0.00
47401;1246;22.0;51;1.96;8920.0;0.00;0.00;12.94;98.9;98.0;0.00;0.00
47410;1245;22.0;51;1.96;8920.0;0.00;0.00;12.94;98.9;98.0;0.00;0.00
47419;1243;22.0;51;1.96;8920.0;0.00;0.00;12.94;98.9;98.0;0.00;0.00
47428;1242;22.0;51;1.96;8920.0;0.00;0.00;12.94;98.9;98.0;0.00;0.00
47442;1241;22.0;51;1.96;8920.0;0.00;0.00;12.94;98.9;98.0;0.00;0.00
47464;1239;22.0;51;1.96;8920.0;0.00;0.00;12.94;98.9;98.0;0.00;0.00
47481;1238;22.0;51;1.96;8920.0;0.00;0.00;12.94;98.9;98.0;0.00;0.00
47490;1236;22.0;51;1.96;8920.0;0.00;0.00;12.94;98.9;98.0;0.00;0.00
47501;1235;22.0;51;1.96;8920.0;0.00;0.00;12.94;98.9;98.0;0.00;0.00
47508;1233;22.0;51;1.96;8920.0;0.00;0.00;12.94;98.9;98.0;0.00;0.00
47520;1232;22.0;51;1.96;8920.0;0.00;0.00;12.94;98.9;98.0;0.00;0.00
47530;1230;22.0;51;1.96;8920.0;0.00;0.00;12.94;98.9;98.0;0.00;0.00
47541;1229;23.0;51;1.96;8920.0;0.00;0.00;12.94;98.9;98.0;0.00;0.00
47547;1227;23.0;51;1.96;8920.0;0.00;0.00;12.94;98.9;98.0;0.00;0.00
47559;1226;23.0;51;1.96;8920.0;0.00;0.00;12.94;98.9;98.0;0.00;0.00
47571;1225;23.0;51;1.96;8920.0;0.00;0.00;12.94;98.9;98.0;0.00;0.00
47587;1223;23.0;51;1.96;8920.0;0.00;0.00;12.94;98.9;98.0;0.00;0.00
47598;1222;23.0;51;1.96;8920.0;0.00;0.00;12.94;98.9;98.0;0.00;0.00
47609;1222;23.0;51;1.96;8920.0;0.00;0.00;12.94;98.9;98.0;0.00;0.00
47620;1221;23.0;51;1.96;8920.0;0.00;0.00;12.94;98.9;98.0;0.00;0.00
47630;1220;23.0;51;1.96;8920.0;0.00;0.00;12.94;98.9;98.0;0.00;0.00
47638;1219;23.0;51;1.96;8920.0;0.00;0.00;12.94;98.9;98.0;0.00;0.00
47648;1218;23.0;51;1.96;8920.0;0.00;0.00;12.94;98.9;98.0;0.00;0.00
47660;1218;22.0;51;1.96;8920.0;0.00;0.00;12.94;98.9;98.0;0.00;0.00
47669;1217;22.0;51;1.96;8920.0;0.00;0.00;12.94;98.9;98.0;0.00;0.00
47677;1216;22.0;51;1.96;8920.0;0.00;0.00;12.94;98.9;98.0;0.00;0.00
47689;1215;22.0;51;1.96;8920.0;0.00;0.00;12.94;98.9;98.0;0.00;0.00
47705;1214;22.0;51;1.96;8920.0;0.00;0.00;12.94;98.9;98.0;0.00;0.00
47721;1213;22.0;51;1.96;8920.0;0.00;0.00;12.94;98.9;98.0;0.00;0.00
47731;1212;22.0;51;1.96;8920.0;0.00;0.00;12.94;98.9;98.0;0.00;0.00
47749;1211;22.0;51;1.96;8920.0;0.00;0.00;12.94;98.9;98.0;0.00;0.00
47760;1210;22.0;51;1.96;8920.0;0.00;0.00;12.94;98.9;98.0;0.00;0.00
47771;1208;22.0;51;1.96;8920.0;0.00;0.00;12.94;98.9;98.0;0.00;0.00
47777;1207;22.0;51;1.96;8920.0;0.00;0.00;12.94;98.9;98.0;0.00;0.00
47788;1206;22.0;51;1.96;8920.0;0.00;0.00;12.94;98.9;98.0;0.00;0.00
47799;1205;22.0;51;1.96;8920.0;0.00;0.00;12.94;98.9;98.0;0.00;0.00
47808;1204;22.0;51;1.96;8920.0;0.00;0.00;12.94;98.9;98.0;0.00;0.00
47820;1202;22.0;51;1.96;8920.0;0.00;0.00;12.94;98.9;98.0;0.00;0.00
47835;1201;22.0;51;1.96;8920.0;0.00;0.00;12.94;98.9;98.0;0.00;0.00
47847;1200;22.0;51;1.96;8920.0;0.00;0.00;12.94;98.9;98.0;0.00;0.00
47858;1199;22.0;51;1.96;8920.0;0.00;0.00;12.94;98.9;98.0;0.00;0.00
47869;1197;22.0;51;1.96;8920.0;0.00;0.00;12.94;98.9;98.0;0.00;0.00
47878;1196;22.0;51;1.96;8920.0;0.00;0.00;12.94;98.9;98.0;0.00;0.00
47890;1195;22.0;51;1.96;8920.0;0.00;0.00;12.94;98.9;98.0;0.00;0.00
47898;1193;22.0;51;1.96;8920.0;0.00;0.00;12.94;98.9;98.0;0.00;0.00
47909;1192;22.0;51;1.96;8920.0;0.00;0.00;12.94;98.9;98.0;0.00;0.00
47920;1191;22.0;51;1.96;8920.0;0.00;0.00;12.94;98.9;98.0;0.00;0.00
47927;1189;22.0;51;1.96;8920.0;0.00;0.00;12.94;98.9;98.0;0.00;0.00
47939;1188;22.0;51;1.96;8920.0;0.00;0.00;12.94;98.9;98.0;0.00;0.00
47960;1187;22.0;51;1.96;8920.0;0.00;0.00;12.94;98.9;98.0;0.00;0.00
47969;1185;22.0;51;1.96;8920.0;0.00;0.00;12.94;98.9;98.0;0.00;0.00
47980;1184;22.0;51;1.96;8920.0;0.00;0.00;12.94;98.9;98.0;0.00;0.00
47989;1182;22.0;51;1.96;8920.0;0.00;0.00;12.94;98.9;98.0;0.00;0.00
47999;1180;22.0;51;1.96;8920.0;0.00;0.00;12.94;98.9;98.0;0.00;0.00
48008;1179;22.0;51;1.96;8920.0;0.00;0.00;12.94;98.9;98.0;0.00;0.00
48021;1177;22.0;51;1.96;8920.0;0.00;0.00;12.94;98.9;98.0;0.00;0.00
48030;1175;22.0;51;1.96;8920.0;0.00;0.00;12.94;98.9;98.0;0.00;0.00
48038;1174;22.0;51;1.96;8920.0;0.00;0.00;12.94;98.9;98.0;0.00;0.00
48048;1172;22.0;51;1.96;8920.0;0.00;0.00;12.94;98.9;98.0;0.00;0.00
48059;1171;22.0;51;1.96;8920.0;0.00;0.00;12.94;98.9;98.0;0.00;0.00
48074;1169;22.0;51;1.96;8920.0;0.00;0.00;12.94;98.9;98.0;0.00;0.00
48090;1167;22.0;51;1.96;8920.0;0.00;0.00;12.94;98.9;98.0;0.00;0.00
48098;1166;22.0;51;1.96;8920.0;0.00;0.00;13.33;98.9;98.0;0.00;0.00
48109;1164;22.0;51;1.96;8920.0;0.00;0.00;13.33;98.9;98.0;0.00;0.00
48120;1163;22.0;51;1.96;8920.0;0.00;0.00;13.33;98.9;98.0;0.00;0.00
48128;1161;22.0;51;1.96;8920.0;0.00;0.00;13.33;98.9;98.0;0.00;0.00
48139;1159;22.0;51;1.96;8920.0;0.00;0.00;13.33;98.9;98.0;0.00;0.00
48149;1158;22.0;51;1.96;8920.0;0.00;0.00;13.33;98.9;98.0;0.00;0.00
48158;1156;22.0;51;1.96;8920.0;0.00;0.00;13.33;98.9;98.0;0.00;0.00
48169;1155;22.0;51;1.96;8920.0;0.00;0.00;13.33;98.9;98.0;0.00;0.00
48180;1153;22.0;51;1.96;8920.0;0.00;0.00;13.33;98.9;98.0;0.00;0.00
48194;1152;22.0;51;1.96;8920.0;0.00;0.00;13.33;98.9;98.0;0.00;0.00
48208;1150;22.0;51;1.96;8920.0;0.00;0.00;13.33;98.9;98.0;0.00;0.00
48221;1148;22.0;51;1.96;8920.0;0.00;0.00;13.33;98.9;98.0;0.00;0.00
48228;1146;22.0;51;1.96;8920.0;0.00;0.00;13.33;98.9;98.0;0.00;0.00
48237;1144;22.0;51;1.96;8920.0;0.00;0.00;13.33;98.9;98.0;0.00;0.00
48249;1142;22.0;51;1.96;8920.0;0.00;0.00;13.33;98.9;98.0;0.00;0.00
48260;1139;22.0;51;1.96;8920.0;0.00;0.00;13.33;98.9;98.0;0.00;0.00
48269;1137;22.0;51;1.96;8920.0;0.00;0.00;13.33;98.9;98.0;0.00;0.00
48279;1135;22.0;51;1.96;8920.0;0.00;0.00;13.33;98.9;98.0;0.00;0.00
48289;1133;22.0;51;1.96;8920.0;0.00;0.00;13.33;98.9;98.0;0.00;0.00
48298;1131;22.0;51;1.96;8920.0;0.00;0.00;13.33;98.9;98.0;0.00;0.00
48313;1129;22.0;51;1.96;8920.0;0.00;0.00;13.33;98.9;98.0;0.00;0.00
48328;1128;22.0;51;1.96;8920.0;0.00;0.00;13.33;98.9;98.0;0.00;0.00
48339;1127;22.0;51;1.96;8920.0;0.00;0.00;13.33;98.9;98.0;0.00;0.00
48349;1125;22.0;51;1.96;8920.0;0.00;0.00;13.33;98.9;98.0;0.00;0.00
48360;1124;22.0;51;1.96;8920.0;0.00;0.00;13.33;98.9;98.0;0.00;0.00
48368;1123;22.0;51;1.96;8920.0;0.00;0.00;13.33;98.9;98.0;0.00;0.00
48380;1122;22.0;51;1.96;8920.0;0.00;0.00;13.33;98.9;98.0;0.00;0.00
48389;1120;22.0;51;1.96;8920.0;0.00;0.00;13.33;98.9;98.0;0.00;0.00
48399;1119;22.0;51;1.96;8920.0;0.00;0.00;13.33;98.9;98.0;0.00;0.00
48410;1118;22.0;51;1.57;8920.0;0.00;0.00;13.33;98.9;98.0;0.00;0.00
48421;1116;22.0;51;1.57;8920.0;0.00;0.00;13.33;98.9;98.0;0.00;0.00
48435;1115;22.0;51;1.57;8920.0;0.00;0.00;13.33;98.9;98.0;0.00;0.00
48449;1114;22.0;51;1.57;8920.0;0.00;0.00;13.33;98.9;98.0;0.00;0.00
48460;1113;22.0;51;1.57;8920.0;0.00;0.00;13.33;98.9;98.0;0.00;0.00
48469;1111;22.0;51;1.57;8920.0;0.00;0.00;13.33;98.9;98.0;0.00;0.00
48479;1110;22.0;51;1.57;8920.0;0.00;0.00;13.33;98.9;98.0;0.00;0.00
48488;1109;22.0;51;1.57;8920.0;0.00;0.00;13.33;98.9;98.0;0.00;0.00
48500;1108;22.0;51;1.57;8920.0;0.00;0.00;13.33;98.9;98.0;0.00;0.00
48509;1106;22.0;51;1.57;8920.0;0.00;0.00;13.33;98.9;98.0;0.00;0.00
48520;1105;22.0;51;1.57;8920.0;0.00;0.00;13.33;98.9;98.0;0.00;0.00
48529;1104;22.0;51;1.57;8920.0;0.00;0.00;13.33;98.9;98.0;0.00;0.00
48540;1103;22.0;51;1.57;8920.0;0.00;0.00;13.33;98.9;98.0;0.00;0.00
48558;1101;22.0;51;1.57;8920.0;0.00;0.00;13.33;98.9;98.0;0.00;0.00
48569;1097;22.0;51;1.57;8920.0;0.00;0.00;13.33;98.9;98.0;0.00;0.00
48580;1093;22.0;51;1.57;8920.0;0.00;0.00;13.33;98.9;98.0;0.00;0.00
48589;1089;22.0;51;1.57;8920.0;0.00;0.00;13.33;98.9;98.0;0.00;0.00
48599;1085;22.0;51;1.57;8920.0;0.00;0.00;13.33;98.9;98.0;0.00;0.00
48608;1080;22.0;51;1.57;8920.0;0.00;0.00;13.33;98.9;98.0;0.00;0.00
48621;1076;22.0;51;1.57;8920.0;0.00;0.00;13.33;98.9;98.0;0.00;0.00
48633;1072;22.0;51;1.57;8920.0;0.00;0.00;13.33;98.9;98.0;0.00;0.00
48649;1068;22.0;51;1.57;8920.0;0.00;0.00;13.33;98.9;98.0;0.00;0.00
48659;1064;22.0;51;1.57;8920.0;0.00;0.00;13.33;98.9;98.0;0.00;0.00
48668;1060;22.0;51;1.57;8920.0;0.00;0.00;13.33;98.9;98.0;0.00;0.00
48686;1055;22.0;51;1.57;8920.0;0.00;0.00;13.33;98.9;98.0;0.00;0.00
48698;1051;22.0;51;1.57;8920.0;0.00;0.00;13.33;98.9;98.0;0.00;0.00
48708;1047;22.0;51;1.57;8920.0;0.00;0.00;13.73;98.9;98.0;0.00;0.00
48721;1042;22.0;51;1.57;8920.0;0.00;0.00;13.73;98.9;98.0;0.00;0.00
48729;1038;22.0;51;1.57;8920.0;0.00;0.00;13.73;98.9;98.0;0.00;0.00
48742;1033;22.0;51;1.57;8920.0;0.00;0.00;13.73;98.9;98.0;0.00;0.00
48760;1029;22.0;51;1.57;8920.0;0.00;0.00;13.73;98.9;98.0;0.00;0.00
48769;1024;22.0;51;1.57;8920.0;0.00;0.00;13.73;98.9;98.0;0.00;0.00
48778;1020;22.0;51;1.57;8920.0;0.00;0.00;13.73;98.9;98.0;0.00;0.00
48789;1015;22.0;51;1.57;8920.0;0.00;0.00;13.73;98.9;98.0;0.00;0.00
48800;1011;22.0;51;1.57;8920.0;0.00;0.00;13.73;98.9;98.0;0.00;0.00
48815;1007;22.0;51;1.57;8920.0;0.00;0.00;13.73;98.9;98.0;0.00;0.00
48828;1004;22.0;51;1.57;8920.0;0.00;0.00;13.73;98.9;98.0;0.00;0.00
48839;1002;22.0;51;1.57;8920.0;0.00;0.00;13.73;98.9;98.0;0.00;0.00
48848;1000;22.0;51;1.57;8920.0;0.00;0.00;13.73;98.9;98.0;0.00;0.00
48860;997;22.0;51;1.57;8920.0;0.00;0.00;13.73;98.9;98.0;0.00;0.00
48869;995;22.0;51;1.57;8920.0;0.00;0.00;13.73;98.9;98.0;0.00;0.00
48879;992;22.0;51;1.57;8930.0;0.00;0.00;13.73;98.9;98.0;0.00;0.00
48888;990;22.0;51;1.57;8930.0;0.00;0.00;13.73;98.9;98.0;0.00;0.00
48900;988;22.0;51;1.57;8930.0;0.00;0.00;13.73;98.9;98.0;0.00;0.00
48909;985;22.0;51;1.57;8940.0;0.00;0.00;13.73;98.9;98.0;0.00;0.00
48921;983;22.0;51;1.57;8940.0;0.00;0.00;13.73;98.9;98.0;0.00;0.00
48940;981;22.0;51;1.57;8950.0;0.00;0.00;13.73;98.9;98.0;0.00;0.00
48948;978;22.0;51;1.57;8950.0;0.00;0.00;13.73;98.9;98.0;0.00;0.00
48959;975;22.0;51;1.57;8950.0;0.00;0.00;14.12;98.9;98.0;0.00;0.00
48968;972;22.0;51;1.57;8960.0;0.00;0.00;14.12;98.9;98.0;0.00;0.00
48978;969;22.0;51;1.57;8960.0;0.00;0.00;14.12;98.9;98.0;0.00;0.00
48989;966;22.0;51;1.57;8960.0;0.00;0.00;14.12;98.9;98.0;0.00;0.00
48999;963;22.0;51;1.57;8960.0;0.00;0.00;14.12;98.9;98.0;0.00;0.00
49010;960;22.0;51;1.57;8960.0;0.00;0.00;14.12;98.9;98.0;0.00;0.00
49020;957;22.0;51;1.57;8960.0;0.00;0.00;14.12;98.9;98.0;0.00;0.00
49029;954;22.0;51;1.18;8960.0;0.00;0.00;14.12;98.9;98.0;0.00;0.00
49038;951;22.0;51;1.18;8960.0;0.00;0.00;14.12;98.9;98.0;0.00;0.00
49058;948;22.0;51;1.18;8960.0;0.00;0.00;14.12;98.9;98.0;0.00;0.00
49069;945;22.0;51;1.18;8960.0;0.00;0.00;14.12;98.9;98.0;0.00;0.00
49078;942;22.0;51;1.18;8960.0;0.00;0.00;14.12;98.9;98.0;0.00;0.00
49089;938;22.0;51;1.18;8960.0;0.00;0.00;14.12;98.9;98.0;0.00;0.00
49099;935;22.0;51;1.18;8960.0;0.00;0.00;14.12;98.9;98.0;0.00;0.00
49112;932;22.0;51;1.18;8960.0;0.00;0.00;14.12;98.9;98.0;0.00;0.00
49128;929;22.0;51;1.18;8960.0;0.00;0.00;14.12;98.9;98.0;0.00;0.00
49139;926;22.0;51;1.18;8960.0;0.00;0.00;14.12;98.9;98.0;0.00;0.00
49148;922;22.0;51;1.18;8960.0;0.00;0.00;14.12;98.9;98.0;0.00;0.00
49158;919;22.0;51;1.18;8960.0;0.00;0.00;14.12;98.9;98.0;0.00;0.00
49168;916;22.0;51;1.18;8960.0;0.00;0.00;14.12;98.9;98.0;0.00;0.00
49186;913;22.0;51;1.18;8960.0;0.00;0.00;14.12;98.9;98.0;0.00;0.00
49198;911;22.0;51;1.18;8960.0;0.00;0.00;14.12;98.9;98.0;0.00;0.00
49210;910;22.0;51;1.18;8960.0;0.00;0.00;14.12;98.9;98.0;0.00;0.00
49222;908;22.0;51;1.18;8960.0;0.00;0.00;14.12;98.9;98.0;0.00;0.00
49239;907;22.0;51;1.18;8960.0;0.00;0.00;14.12;98.9;98.0;0.00;0.00
49249;905;22.0;51;1.18;8960.0;0.00;0.00;14.12;98.9;98.0;0.00;0.00
49260;904;22.0;51;1.18;8960.0;0.00;0.00;14.12;98.9;98.0;0.00;0.00
49270;902;22.0;51;1.18;8960.0;0.00;0.00;14.12;98.9;98.0;0.00;0.00
49278;901;22.0;51;1.18;8960.0;0.00;0.00;14.12;98.9;98.0;0.00;0.00
49290;899;22.0;51;1.18;8960.0;0.00;0.00;14.12;98.9;98.0;0.00;0.00
49300;898;22.0;51;1.18;8960.0;0.00;0.00;14.12;98.9;98.0;0.00;0.00
49317;896;22.0;51;1.18;8960.0;0.00;0.00;14.12;98.9;98.0;0.00;0.00
49328;898;22.0;51;1.18;8960.0;0.00;0.00;14.12;98.9;98.0;0.00;0.00
49340;901;22.0;51;1.18;8960.0;0.00;0.00;14.12;98.9;98.0;0.00;0.00
49349;903;22.0;51;1.18;8960.0;0.00;0.00;14.12;98.9;98.0;0.00;0.00
49360;905;22.0;51;1.18;8960.0;0.00;0.00;14.12;98.9;98.0;0.00;0.00
49369;907;22.0;51;1.18;8960.0;0.00;0.00;14.12;98.9;98.0;0.00;0.00
49379;910;22.0;51;1.18;8960.0;0.00;0.00;14.12;98.9;98.0;0.00;0.00
49388;912;22.0;51;1.18;8960.0;0.00;0.00;14.12;98.9;98.0;0.00;0.00
49399;914;22.0;51;1.18;8960.0;0.00;0.00;14.12;98.9;98.0;0.00;0.00
49408;917;22.0;51;1.18;8960.0;0.00;0.00;14.12;98.9;98.0;0.00;0.00
49420;919;22.0;51;1.18;8960.0;0.00;0.00;14.12;98.9;98.0;0.00;0.00
49438;921;22.0;51;1.18;8960.0;0.00;0.00;14.12;98.9;98.0;0.00;0.00
49450;924;22.0;51;1.18;8960.0;0.00;0.00;14.12;98.9;98.0;0.00;0.00
49461;926;22.0;51;1.18;8960.0;0.00;0.00;14.12;98.9;98.0;0.00;0.00
49470;929;22.0;51;1.18;8960.0;0.00;0.00;14.12;98.9;98.0;0.00;0.00
49479;931;22.0;51;1.18;8960.0;0.00;0.00;14.12;98.9;98.0;0.00;0.00
49490;934;22.0;51;1.18;8960.0;0.00;0.00;14.12;98.9;98.0;0.00;0.00
49499;936;22.0;51;1.18;8960.0;0.00;0.00;14.12;98.9;98.0;0.00;0.00
49511;939;22.0;51;1.18;8960.0;0.00;0.00;14.12;98.9;98.0;0.00;0.00
49521;941;22.0;51;1.18;8960.0;0.00;0.00;14.12;98.9;98.0;0.00;0.00
49529;944;22.0;51;1.57;8960.0;0.00;0.00;14.12;98.9;98.0;0.00;0.00
49540;946;22.0;51;1.57;8960.0;0.00;0.00;14.12;98.9;98.0;0.00;0.00
49557;949;22.0;51;1.57;8960.0;0.00;0.00;14.12;98.9;98.0;0.00;0.00
49568;949;22.0;51;1.57;8960.0;0.00;0.00;14.12;98.9;98.0;0.00;0.00
49579;950;22.0;51;1.57;8960.0;0.00;0.00;14.12;98.9;98.0;0.00;0.00
49588;950;22.0;51;1.57;8960.0;0.00;0.00;14.12;98.9;98.0;0.00;0.00
49600;951;22.0;51;1.57;8960.0;0.00;0.00;14.12;98.9;97.5;0.00;0.00
49608;951;22.0;51;1.57;8960.0;0.00;0.00;14.12;98.9;97.5;0.00;0.00
49620;952;22.0;51;1.57;8960.0;0.00;0.00;14.12;98.9;97.5;0.00;0.00
49631;952;23.0;51;1.57;8960.0;0.00;0.00;14.12;98.9;97.5;0.00;0.00
49639;953;23.0;52;1.57;8960.0;0.00;0.00;14.12;98.9;97.5;0.00;0.00
49650;953;23.0;52;1.57;8960.0;0.00;0.00;14.12;98.9;97.5;0.00;0.00
49659;953;23.0;52;1.57;8960.0;0.00;0.00;14.12;98.9;97.5;0.00;0.00
49674;954;23.0;52;1.57;8960.0;0.00;0.00;14.12;98.9;97.5;0.00;0.00
49690;953;23.0;52;1.57;8960.0;0.00;0.00;14.12;98.9;97.5;0.00;0.00
49701;952;23.0;52;1.57;8960.0;0.00;0.00;14.12;98.9;97.5;0.00;0.00
49709;951;23.0;52;1.57;8960.0;0.00;0.00;14.12;98.9;97.5;0.00;0.00
49723;950;23.0;52;1.57;8960.0;0.00;0.00;14.12;98.9;98.0;0.00;0.00
49743;949;23.0;52;1.57;8960.0;0.00;0.00;14.12;98.9;98.0;0.00;0.00
49759;948;23.0;52;1.57;8960.0;0.00;0.00;14.12;98.9;98.0;0.00;0.00
49770;947;23.0;52;1.57;8960.0;0.00;0.00;14.12;98.9;98.0;0.00;0.00
49779;946;23.0;52;1.57;8960.0;0.00;0.00;14.12;98.9;98.0;0.00;0.00
49790;945;23.0;52;1.57;8960.0;0.00;0.00;14.12;98.9;98.0;0.00;0.00
49801;944;23.0;52;1.57;8960.0;0.00;0.00;14.12;98.9;98.0;0.00;0.00
49826;943;23.0;52;1.57;8960.0;0.00;0.00;14.12;98.9;98.0;0.00;0.00
49840;942;23.0;52;1.57;8960.0;0.00;0.00;14.12;98.9;98.0;0.00;0.00
49852;941;23.0;52;1.57;8960.0;0.00;0.00;14.12;98.9;98.0;0.00;0.00
49871;940;23.0;52;1.57;8960.0;0.00;0.00;14.12;98.9;98.0;0.00;0.00
49880;939;23.0;52;1.57;8960.0;0.00;0.00;14.12;98.9;98.0;0.00;0.00
49889;938;23.0;52;1.57;8960.0;0.00;0.00;14.12;98.9;98.0;0.00;0.00
49900;937;23.0;52;1.57;8960.0;0.00;0.00;14.12;98.9;98.0;0.00;0.00
49910;936;24.0;52;1.57;8960.0;0.00;0.00;14.12;98.9;98.0;0.00;0.00
49922;936;24.0;52;1.57;8960.0;0.00;0.00;14.12;98.9;98.0;0.00;0.00
49939;935;24.0;52;1.57;8960.0;0.00;0.00;14.12;98.9;98.0;0.00;0.00
49948;934;24.0;52;1.57;8960.0;0.00;0.00;14.12;98.9;98.0;0.00;0.00
49967;933;24.0;52;1.57;8960.0;0.00;0.00;14.12;98.9;98.0;0.00;0.00
49980;932;24.0;52;1.57;8960.0;0.00;0.00;14.12;98.9;98.0;0.00;0.00
49993;932;24.0;52;1.57;8960.0;0.00;0.00;14.12;98.9;98.0;0.00;0.00
50009;931;24.0;52;1.57;8960.0;0.00;0.00;14.12;98.9;98.0;0.00;0.00
50021;931;24.0;52;1.57;8960.0;0.00;0.00;14.12;98.9;98.0;0.00;0.00
50029;930;24.0;52;1.57;8960.0;0.00;0.00;14.12;98.9;98.0;0.00;0.00
50041;930;24.0;52;1.57;8960.0;0.00;0.00;14.12;98.9;98.0;0.00;0.00
50060;929;23.0;52;1.57;8960.0;0.00;0.00;14.12;98.9;98.0;0.00;0.00
50070;929;23.0;52;1.57;8960.0;0.00;0.00;14.12;98.9;98.0;0.00;0.00
50080;928;23.0;52;1.57;8960.0;0.00;0.00;14.12;98.9;98.0;0.00;0.00
50090;928;23.0;52;1.57;8960.0;0.00;0.00;14.12;98.9;98.0;0.00;0.00
50104;927;23.0;52;1.57;8960.0;0.00;0.00;14.12;98.9;98.0;0.00;0.00
50121;928;23.0;52;1.57;8960.0;0.00;0.00;14.12;98.9;98.0;0.00;0.00
50139;928;23.0;52;1.57;8960.0;0.00;0.00;14.12;98.9;98.0;0.00;0.00
50150;928;23.0;52;1.57;8960.0;0.00;0.00;14.12;98.9;98.0;0.00;0.00
50160;928;23.0;52;1.57;8960.0;0.00;0.00;14.12;98.9;98.0;0.00;0.00
50170;929;23.0;52;1.57;8960.0;0.00;0.00;14.12;98.9;98.0;0.00;0.00
50179;929;23.0;52;1.57;8960.0;0.00;0.00;14.12;98.9;98.0;0.00;0.00
50190;929;24.0;52;1.57;8960.0;0.00;0.00;14.12;98.9;98.0;0.00;0.00
50200;929;24.0;52;1.57;8960.0;0.00;0.00;14.12;98.9;98.0;0.00;0.00
50209;929;24.0;52;1.57;8960.0;0.00;0.00;14.12;98.9;98.0;0.00;0.00
50222;930;24.0;52;1.57;8960.0;0.00;0.00;14.12;98.9;98.0;0.00;0.00
50247;930;24.0;52;1.57;8960.0;0.00;0.00;14.12;98.9;98.0;0.00;0.00
50261;928;24.0;52;1.57;8960.0;0.00;0.00;14.12;98.9;98.0;0.00;0.00
50281;926;24.0;52;1.57;8960.0;0.00;0.00;14.12;98.9;98.0;0.00;0.00
50301;924;24.0;52;1.57;8960.0;0.00;0.00;14.12;98.9;98.0;0.00;0.00
50310;923;24.0;52;1.57;8960.0;0.00;0.00;14.12;98.9;98.0;0.00;0.00
50320;921;24.0;52;1.57;8960.0;0.00;0.00;14.12;98.9;98.0;0.00;0.00
50330;919;24.0;52;1.57;8970.0;0.00;0.00;14.12;98.9;98.0;0.00;0.00
50339;917;24.0;52;1.57;8970.0;0.00;0.00;14.12;98.9;98.0;0.00;0.00
50348;915;24.0;52;1.57;8970.0;0.00;0.00;14.12;98.9;98.0;0.00;0.00
50359;913;24.0;52;1.57;8970.0;0.00;0.00;14.12;98.9;98.0;0.00;0.00
50368;911;24.0;52;1.57;8980.0;0.00;0.00;14.12;98.9;98.0;0.00;0.00
50386;910;24.0;52;1.57;8980.0;0.00;0.00;14.12;98.9;98.0;0.00;0.00
50398;911;24.0;52;1.57;8980.0;0.00;0.00;14.12;98.9;98.0;0.00;0.00
50410;912;24.0;52;1.57;8980.0;0.00;0.00;14.51;98.9;98.0;0.00;0.00
50424;914;24.0;52;1.57;8990.0;0.00;0.00;14.51;98.9;98.0;0.00;0.00
50439;915;24.0;52;1.57;8990.0;0.00;0.00;14.51;98.9;98.0;0.00;0.00
50450;917;24.0;52;1.57;8990.0;0.00;0.00;14.51;98.9;98.0;0.00;0.00
50459;918;24.0;52;1.57;8990.0;0.00;0.00;14.51;98.9;98.0;0.00;0.00
50470;919;24.0;52;1.57;8990.0;0.00;0.00;14.51;98.9;98.0;0.00;0.00
50481;921;24.0;52;1.57;8990.0;0.00;0.00;14.51;98.9;98.0;0.00;0.00
50490;922;24.0;52;1.57;8990.0;0.00;0.00;14.51;98.9;98.0;0.00;0.00
50500;924;24.0;52;1.57;8990.0;0.00;0.00;14.51;98.9;98.0;0.00;0.00
50521;925;24.0;52;1.57;8990.0;0.00;0.00;14.51;98.9;98.0;0.00;0.00
50530;934;24.0;52;1.57;8990.0;0.00;0.00;14.51;98.9;98.0;0.00;0.00
50539;943;24.0;52;1.57;8990.0;0.00;0.00;14.51;98.9;98.0;0.00;0.00
50551;952;24.0;52;1.57;8990.0;0.00;0.00;14.51;98.9;98.0;0.00;0.00
50559;960;24.0;52;1.57;8990.0;0.00;0.00;14.51;98.9;98.0;0.00;0.00
50571;969;24.0;52;1.57;8990.0;0.00;0.00;14.51;98.9;98.0;0.00;0.00
50581;978;24.0;52;1.57;8990.0;0.00;0.00;14.51;98.9;98.0;0.00;0.00
50590;987;23.0;52;1.57;8990.0;0.00;0.00;14.51;98.9;98.0;0.00;0.00
50600;996;23.0;52;1.57;8990.0;0.00;0.00;14.51;98.9;98.0;0.00;0.00
50609;1004;23.0;52;1.57;8990.0;0.00;0.00;14.51;98.9;98.0;0.00;0.00
50621;1013;23.0;52;1.57;8990.0;0.00;0.00;14.12;98.9;98.0;0.00;0.00
50639;1022;23.0;52;1.57;8990.0;0.00;0.00;14.12;98.9;98.0;0.00;0.00
50651;1025;23.0;52;1.57;8990.0;0.00;0.00;14.12;98.9;98.0;0.00;0.00
50669;1027;23.0;52;1.57;8990.0;0.00;0.00;14.12;98.9;98.0;0.00;0.00
50681;1030;23.0;52;1.57;8990.0;0.00;0.00;14.12;98.9;98.0;0.00;0.00
50691;1033;23.0;52;1.57;8990.0;0.00;0.00;14.12;98.9;98.0;0.00;0.00
50701;1036;23.0;52;1.57;8990.0;0.00;0.00;13.73;98.9;98.0;0.00;0.00
50710;1038;23.0;52;1.57;8990.0;0.00;0.00;13.73;98.9;98.0;0.00;0.00
50721;1041;23.0;52;1.57;8990.0;0.00;0.00;13.73;98.9;98.0;0.00;0.00
50731;1044;23.0;52;1.57;8990.0;0.00;0.00;13.73;98.9;98.0;0.00;0.00
50750;1046;23.0;52;1.96;8990.0;0.00;0.00;13.73;98.9;98.0;0.00;0.00
50759;1049;23.0;52;1.96;8990.0;0.00;0.00;13.73;98.9;98.0;0.00;0.00
50780;1052;23.0;52;1.96;8990.0;0.00;0.00;13.73;98.9;98.0;0.00;0.00
50791;1048;23.0;52;1.96;8990.0;0.00;0.00;13.73;98.9;98.0;0.00;0.00
50802;1045;23.0;52;1.96;8990.0;0.00;0.00;13.73;98.9;98.0;0.00;0.00
50810;1042;23.0;52;1.96;8990.0;0.00;0.00;13.73;98.9;98.0;0.00;0.00
50821;1038;23.0;52;1.96;8990.0;0.00;0.00;13.73;98.9;98.0;0.00;0.00
50829;1035;23.0;52;1.96;8990.0;0.00;0.00;13.73;98.9;98.0;0.00;0.00
50841;1032;23.0;52;1.96;8990.0;0.00;0.00;13.73;98.9;98.0;0.00;0.00
50850;1028;23.0;52;1.96;8990.0;0.00;0.00;13.73;98.9;98.0;0.00;0.00
50859;1025;23.0;52;1.96;8990.0;0.00;0.00;13.73;98.9;98.0;0.00;0.00
50871;1022;23.0;52;1.57;8990.0;0.00;0.00;13.73;98.9;98.0;0.00;0.00
50880;1018;23.0;52;1.57;8990.0;0.00;0.00;13.73;98.9;98.0;0.00;0.00
50899;1015;23.0;52;1.57;8990.0;0.00;0.00;13.73;98.9;98.0;0.00;0.00
50910;1011;23.0;52;1.57;8990.0;0.00;0.00;13.73;98.9;98.0;0.00;0.00
50921;1007;23.0;52;1.57;8990.0;0.00;0.00;13.73;98.9;98.0;0.00;0.00
50930;1003;23.0;52;1.57;8990.0;0.00;0.00;13.73;98.9;98.0;0.00;0.00
50939;999;23.0;52;1.57;8990.0;0.00;0.00;13.73;98.9;97.5;0.00;0.00
50950;995;23.0;52;1.57;8990.0;0.00;0.00;13.73;98.9;97.5;0.00;0.00
50960;991;23.0;52;1.57;8990.0;0.00;0.00;13.73;98.9;97.5;0.00;0.00
50971;988;24.0;52;1.57;8990.0;0.00;0.00;13.73;98.9;97.5;0.00;0.00
50982;984;24.0;52;1.57;8990.0;0.00;0.00;13.73;98.9;97.5;0.00;0.00
51001;980;24.0;52;1.57;8990.0;0.00;0.00;13.73;98.9;97.5;0.00;0.00
51009;976;24.0;52;1.57;8990.0;0.00;0.00;13.73;98.9;97.5;0.00;0.00
51026;972;24.0;52;1.57;8990.0;0.00;0.00;13.73;98.9;97.5;0.00;0.00
51040;971;24.0;52;1.57;8990.0;0.00;0.00;13.73;98.9;97.5;0.00;0.00
51050;969;24.0;52;1.57;8990.0;0.00;0.00;14.12;98.9;97.5;0.00;0.00
51059;968;24.0;52;1.57;8990.0;0.00;0.00;14.12;98.9;97.5;0.00;0.00
51071;967;24.0;52;1.57;8990.0;0.00;0.00;14.12;98.9;98.0;0.00;0.00
51080;965;24.0;52;1.57;8990.0;0.00;0.00;14.12;98.9;98.0;0.00;0.00
51091;964;24.0;52;1.57;8990.0;0.00;0.00;14.12;98.9;98.0;0.00;0.00
51109;963;24.0;52;1.57;8990.0;0.00;0.00;14.12;98.9;98.0;0.00;0.00
51120;962;24.0;52;1.57;8990.0;0.00;0.00;14.12;98.9;98.0;0.00;0.00
51131;960;24.0;52;1.57;8990.0;0.00;0.00;14.12;98.9;98.0;0.00;0.00
51140;959;24.0;52;1.57;8990.0;0.00;0.00;14.12;98.9;98.0;0.00;0.00
51159;958;24.0;52;1.57;8990.0;0.00;0.00;14.12;98.9;98.0;0.00;0.00
51170;958;24.0;52;1.57;8990.0;0.00;0.00;14.12;98.9;98.0;0.00;0.00
51179;958;24.0;52;1.57;8990.0;0.00;0.00;14.12;98.9;98.0;0.00;0.00
51192;958;24.0;52;1.57;8990.0;0.00;0.00;14.12;98.9;98.0;0.00;0.00
51210;958;24.0;52;1.57;8990.0;0.00;0.00;14.12;98.9;98.0;0.00;0.00
51219;958;24.0;52;1.57;8990.0;0.00;0.00;14.12;98.9;98.0;0.00;0.00
51231;958;24.0;52;1.57;8990.0;0.00;0.00;14.12;98.9;98.0;0.00;0.00
51240;958;24.0;52;1.57;8990.0;0.00;0.00;14.12;98.9;98.0;0.00;0.00
