time(ms);RPM(1/min);IAT2(°C);SHRTFT1(%);SHRTFT2(%);LOAD(%);ECT(°C)
0;625;-;-;-;-;-
0;626;49;-;-;-;-
11;627;49;0.00;-;-;-
21;627;49;0.00;0.00;-;-
32;628;49;0.00;0.00;25.88;-
40;629;49;0.00;0.00;25.88;87
51;629;49;0.00;0.00;25.88;87
61;630;49;0.00;0.00;25.88;87
70;631;49;0.00;0.00;25.88;87
83;632;49;0.00;0.00;25.88;87
89;632;49;0.00;0.00;25.88;87
99;633;49;0.00;0.00;25.88;87
111;634;49;0.00;0.00;25.88;87
120;632;49;0.00;0.00;25.88;87
132;631;49;0.00;0.00;25.88;87
140;629;49;0.00;0.00;25.88;87
149;628;49;0.00;0.00;25.88;87
163;626;49;0.00;0.00;25.88;87
180;625;49;0.00;0.00;25.88;87
191;624;49;0.00;0.00;25.88;87
200;624;49;0.00;0.00;25.88;87
211;624;49;0.00;0.00;25.88;87
222;624;49;0.00;0.00;25.88;87
231;624;49;0.00;0.00;25.88;87
242;624;49;0.00;0.00;25.88;87
248;624;49;0.00;0.00;26.27;87
261;624;49;0.00;0.00;26.27;87
269;624;49;0.00;0.00;26.27;87
280;625;49;0.00;0.00;26.27;87
291;625;49;0.00;0.00;26.27;87
301;625;49;0.00;0.00;26.27;87
309;626;49;0.00;0.00;26.27;87
320;627;49;0.00;0.00;26.27;87
338;628;49;0.00;0.00;26.27;87
352;628;49;0.00;0.00;26.27;87
358;629;49;0.00;0.00;26.27;87
373;630;49;0.00;0.00;26.27;87
391;630;49;0.00;0.00;26.27;87
402;630;49;0.00;0.00;26.27;87
412;630;49;0.00;0.00;26.27;87
418;630;49;0.00;0.00;26.27;87
431;630;49;0.00;0.00;26.27;87
440;630;49;0.00;0.00;26.27;87
449;630;49;0.00;0.00;26.27;87
461;629;49;0.00;0.00;26.27;87
471;629;49;0.00;0.00;26.27;87
480;629;49;0.00;0.00;26.27;87
490;628;49;0.00;0.00;26.27;87
499;628;49;0.00;0.00;26.27;87
513;628;49;0.00;0.00;26.27;87
531;628;49;0.00;0.00;26.27;87
539;629;49;0.00;0.00;26.27;87
550;629;49;0.00;0.00;26.27;87
562;629;49;0.00;0.00;26.27;87
570;629;49;0.00;0.00;26.27;87
580;630;49;0.00;0.00;26.27;87
591;631;49;0.00;0.00;26.27;87
600;632;49;0.00;0.00;26.27;87
610;632;49;0.00;0.00;26.27;87
621;633;49;0.00;0.00;26.27;87
632;634;49;0.00;0.00;26.27;87
641;633;49;0.00;0.00;25.88;87
649;632;49;0.00;0.00;25.88;87
659;632;49;0.00;0.00;25.88;87
671;631;49;0.00;0.00;25.88;87
680;630;49;0.00;0.00;25.88;87
690;629;49;0.00;0.00;25.88;87
701;629;49;0.00;0.00;25.88;87
710;628;49;0.00;0.00;25.88;87
719;628;49;0.00;0.00;25.88;87
732;627;49;0.00;0.00;25.88;87
740;627;49;0.00;0.00;25.88;87
749;626;49;0.00;0.00;25.88;87
760;627;49;0.00;0.00;25.88;87
769;627;49;0.00;0.00;25.88;87
781;628;49;0.00;0.00;25.88;87
792;629;49;0.00;0.00;25.88;87
798;629;49;0.78;0.00;25.88;87
810;630;49;0.78;0.00;25.88;87
819;630;49;0.78;0.00;25.88;87
831;631;49;0.78;0.00;25.88;87
840;631;49;0.78;0.00;25.88;87
850;631;49;0.78;0.00;25.88;87
862;631;49;0.78;0.00;25.88;87
871;631;49;0.78;0.00;25.88;87
879;631;49;0.78;0.00;25.88;87
891;631;49;0.78;0.00;25.88;87
900;631;49;0.78;0.00;25.88;87
911;631;49;0.78;0.00;25.88;87
920;631;49;0.78;0.00;25.88;87
934;630;49;0.78;0.00;25.88;87
950;630;49;0.78;0.00;25.88;87
960;630;49;0.78;0.00;25.88;87
971;631;49;0.78;0.00;25.88;87
979;631;49;0.78;0.00;25.88;87
988;631;49;0.78;0.00;25.88;87
1000;631;49;0.78;0.00;25.88;87
1011;631;49;0.78;0.00;25.88;87
1021;631;49;0.78;0.00;25.88;87
1031;632;49;0.78;0.00;25.88;87
1039;632;49;0.78;0.00;25.88;87
1052;632;49;0.78;0.00;25.88;87
1060;633;49;0.78;0.00;25.88;87
1071;632;49;0.78;0.00;25.88;87
1080;631;49;0.78;0.00;25.88;87
1089;631;49;0.78;0.00;25.88;87
1099;630;49;0.78;0.00;25.88;87
1111;629;49;0.78;0.00;25.88;87
1120;629;49;0.78;0.00;25.88;87
1132;629;49;0.78;0.00;25.88;87
1140;629;49;0.78;0.00;25.88;87
1151;629;49;0.78;0.00;25.88;87
1162;630;49;0.78;0.00;25.88;87
1171;630;49;0.78;0.00;25.88;87
1181;630;49;0.78;0.00;25.88;87
1189;630;49;0.78;0.00;25.88;87
1199;631;49;0.78;0.00;25.88;87
1211;631;49;0.78;0.00;25.88;87
1219;631;49;0.78;0.00;25.88;87
1233;631;49;0.78;0.00;25.88;87
1240;632;49;0.78;0.00;25.88;87
1251;631;49;0.78;0.00;25.88;87
1260;631;49;0.78;0.00;25.88;87
1269;630;49;0.78;0.00;25.88;87
1280;630;48;0.78;0.00;25.88;87
1291;629;48;0.78;0.00;25.88;87
1300;629;48;0.78;0.00;25.88;87
1312;629;48;0.78;0.00;25.88;87
1320;629;48;0.78;0.00;25.88;87
1341;629;48;0.78;0.00;25.88;87
1350;629;49;0.78;0.00;25.88;87
1359;629;49;0.78;0.00;25.88;87
1371;629;49;0.78;0.00;25.88;87
1381;629;49;0.78;0.00;25.88;87
1390;628;49;0.78;0.00;25.88;87
1400;628;49;0.78;0.00;25.88;87
1410;627;49;0.78;0.00;25.88;87
1418;627;49;0.78;0.00;25.88;87
1432;626;49;0.78;0.00;25.88;87
1439;626;49;0.78;0.00;25.88;87
1450;626;49;0.78;0.00;25.88;87
1461;626;49;0.78;0.00;25.88;87
1471;626;49;0.78;0.00;25.88;87
1480;627;49;0.78;0.00;25.88;87
1491;627;49;0.78;0.00;25.88;87
1502;627;49;0.78;0.00;25.88;87
1511;628;49;0.78;0.00;25.88;87
1519;628;49;0.78;0.00;25.88;87
1531;629;49;0.78;0.00;25.88;87
1540;629;49;0.78;0.00;25.88;87
1550;630;49;0.78;0.00;25.88;87
1560;630;49;0.78;0.00;25.88;87
1571;630;49;0.78;0.00;25.88;87
1581;630;49;0.78;0.00;25.88;87
1589;631;48;0.78;0.00;25.88;87
1600;631;48;0.78;0.00;25.88;87
1609;631;48;0.78;0.00;25.88;87
1621;630;48;0.78;0.00;25.88;87
1634;629;48;0.78;0.00;25.88;87
1649;628;48;0.78;0.00;25.88;87
1660;626;49;0.78;0.00;25.88;87
1670;625;49;0.00;0.00;25.88;87
1681;624;49;0.00;0.00;25.88;87
1691;624;49;0.00;0.00;25.88;87
1701;625;49;0.00;0.00;25.88;87
1710;625;49;0.00;0.00;25.88;87
1721;626;49;0.00;0.00;25.88;87
1733;627;49;0.00;0.00;25.88;87
1750;627;49;0.00;-0.78;25.88;87
1760;627;49;0.00;-0.78;25.88;87
1773;627;49;0.00;-0.78;25.88;87
1782;627;49;0.00;-0.78;25.88;87
1791;626;49;0.00;-0.78;25.88;87
1799;626;49;0.00;-0.78;25.88;87
1811;626;49;0.00;-0.78;25.88;87
1820;627;49;0.00;-0.78;25.88;87
1831;627;49;0.00;-0.78;25.88;87
1841;628;49;0.00;-0.78;25.88;87
1850;629;48;0.00;-0.78;25.88;87
1859;630;48;0.00;-0.78;25.88;87
1870;631;48;0.00;-0.78;25.88;87
1879;630;48;0.00;-0.78;25.88;87
1891;630;48;0.00;-0.78;25.88;87
1899;629;48;0.00;-0.78;25.88;87
1910;628;48;0.00;-0.78;25.88;87
1919;628;48;0.00;-0.78;25.88;87
1933;627;48;0.00;-0.78;25.88;87
1939;627;48;0.00;-0.78;25.88;87
1949;627;48;0.00;-0.78;25.88;87
1960;627;48;0.00;-0.78;25.88;87
1969;627;49;0.00;-0.78;25.88;87
1979;627;49;0.00;-0.78;25.88;87
1989;627;49;0.00;-0.78;25.88;87
2001;626;49;0.00;-0.78;25.88;87
2010;625;49;0.00;-0.78;25.88;87
2020;624;49;0.00;-0.78;25.88;87
2033;623;49;0.00;-0.78;25.88;87
2039;622;49;0.00;-0.78;25.88;87
2051;621;49;0.00;-0.78;25.88;87
2061;621;49;0.00;-0.78;26.27;87
2070;621;49;0.00;-0.78;26.27;87
2079;622;49;0.00;-0.78;26.27;87
2090;622;49;0.00;-0.78;26.27;87
2100;622;49;0.00;-0.78;26.27;87
2112;622;49;0.00;-0.78;26.27;87
2121;624;49;0.00;-0.78;26.27;87
2132;625;49;0.00;-0.78;26.27;87
2142;627;49;0.00;-0.78;26.27;87
2150;628;49;0.00;-0.78;26.27;87
2160;629;49;0.00;-0.78;26.27;87
2169;631;49;0.00;-0.78;26.27;87
2180;631;49;0.00;-0.78;26.27;87
2192;630;49;0.00;-0.78;26.27;87
2201;630;49;0.00;-0.78;26.27;87
2210;630;49;0.00;-0.78;26.27;87
2221;630;49;0.00;-0.78;26.27;87
2230;630;49;0.00;-0.78;26.27;87
2242;630;49;0.00;-0.78;26.27;87
2250;631;49;0.00;-0.78;26.27;87
2260;631;49;0.00;-0.78;26.27;87
2269;631;49;0.00;-0.78;26.27;87
2280;632;49;0.00;-0.78;26.27;87
2292;632;49;0.00;-0.78;26.27;87
2300;632;49;0.00;-0.78;26.27;87
2309;631;49;0.00;-0.78;26.27;87
2320;631;49;0.00;-0.78;26.27;87
2340;631;49;0.00;-0.78;26.27;87
2351;630;49;0.00;-0.78;26.27;87
2361;630;49;0.00;-0.78;26.27;87
2371;628;49;0.00;-0.78;25.88;87
2380;626;49;0.00;-0.78;25.88;87
2392;624;49;0.00;-0.78;25.88;87
2402;622;49;0.00;-0.78;25.88;87
2410;620;49;-0.78;-0.78;25.88;87
2421;618;49;-0.78;-0.78;25.88;87
2433;618;49;-0.78;-0.78;26.27;87
2449;618;49;-0.78;-0.78;26.27;87
2461;618;49;-0.78;-0.78;26.27;87
2469;618;49;-0.78;-0.78;26.27;87
2481;619;49;-0.78;-0.78;26.27;87
2489;619;49;-0.78;-0.78;26.27;87
2501;620;49;-0.78;-0.78;26.27;87
2512;620;49;-0.78;-0.78;26.27;87
2520;621;49;-0.78;-0.78;26.27;87
2533;622;49;-0.78;-0.78;26.27;87
2541;623;49;-0.78;-0.78;26.27;87
2550;624;49;-0.78;-0.78;26.27;87
2561;625;49;-0.78;-0.78;26.27;87
2571;627;49;-0.78;-0.78;26.27;87
2581;628;49;-0.78;-0.78;26.27;87
2590;629;49;-0.78;-0.78;26.27;87
2601;631;49;0.00;-0.78;26.27;87
2610;632;49;0.00;-0.78;26.27;87
2620;632;49;0.00;-0.78;26.27;87
2629;631;49;0.00;-0.78;26.27;87
2639;631;49;0.00;-0.78;26.27;87
2651;631;49;0.00;-0.78;26.27;87
2661;630;49;0.00;-0.78;26.27;87
2670;630;49;0.00;-0.78;26.27;87
2682;630;49;0.00;-0.78;26.27;87
2691;630;49;0.00;-0.78;26.27;87
2699;630;49;0.00;-0.78;26.27;87
2710;630;49;0.00;-0.78;26.27;87
2722;630;49;0.00;-0.78;26.27;87
2733;630;49;0.00;-0.78;26.27;87
2751;630;49;0.00;-0.78;26.27;87
2761;630;49;0.00;-0.78;26.27;87
2770;631;49;0.00;-0.78;26.27;87
2782;631;49;0.00;-0.78;26.27;87
2791;631;49;0.00;-0.78;26.27;87
2800;631;49;0.00;-0.78;26.27;87
2811;631;49;0.00;-0.78;26.27;87
2822;630;49;0.00;-0.78;26.27;87
2832;629;49;0.00;-0.78;26.27;87
2841;629;49;0.00;-0.78;26.27;87
2851;628;49;0.00;-0.78;26.27;87
2860;628;49;0.00;-0.78;26.27;87
2870;627;49;0.00;-0.78;25.88;87
2882;627;49;0.00;-0.78;25.88;87
2892;627;49;0.00;-0.78;25.88;87
2902;626;49;0.00;-0.78;25.88;87
2911;626;49;0.00;-0.78;25.88;87
2919;625;49;0.00;-0.78;25.88;87
2933;625;49;0.00;-0.78;25.88;87
2955;625;49;0.00;-0.78;25.88;87
2971;625;49;0.00;-0.78;25.88;87
2980;625;49;0.00;-0.78;25.88;87
2992;625;49;0.00;-0.78;25.88;87
3000;624;49;0.00;-0.78;25.88;87
3010;624;49;0.00;-0.78;25.88;87
3021;624;49;0.00;-0.78;25.88;87
3030;623;49;0.00;-0.78;25.88;87
3039;623;49;0.00;-0.78;25.88;87
3051;623;49;0.00;-0.78;25.88;87
3061;622;49;0.00;-0.78;25.88;87
3071;624;49;0.00;-0.78;26.27;87
3080;625;49;0.00;-0.78;26.27;87
3092;627;49;0.00;-0.78;26.27;87
3100;629;49;0.00;-0.78;26.27;87
3111;630;49;0.00;-0.78;26.27;87
3121;632;49;0.00;0.00;26.27;87
3133;631;49;0.00;0.00;25.88;87
3152;630;49;0.00;0.00;25.88;87
3162;629;49;0.00;0.00;25.88;87
3170;628;48;0.00;0.00;25.88;87
3181;627;48;-0.78;0.00;25.88;87
3191;626;48;-0.78;0.00;25.88;87
3201;626;48;-0.78;0.00;25.88;87
3211;626;48;-0.78;0.00;25.88;87
3221;625;48;-0.78;0.00;25.88;87
3230;625;48;-0.78;0.00;25.88;87
3239;625;48;0.00;0.00;25.88;87
3252;625;48;0.00;0.00;25.88;87
3262;626;48;0.00;0.00;26.27;87
3271;627;48;0.00;0.00;26.27;87
3280;628;48;0.00;0.00;26.27;87
3290;629;49;0.00;0.00;26.27;87
3301;629;49;0.00;0.00;26.27;87
3310;630;49;0.00;0.00;26.27;87
3322;630;49;0.00;0.00;26.27;87
3339;629;49;0.00;0.00;26.27;87
3352;628;49;0.00;0.00;26.27;87
3362;628;49;0.00;0.00;26.27;87
3370;627;49;0.00;0.00;26.27;87
3382;627;49;0.00;0.00;26.27;87
3391;627;49;0.00;0.00;25.88;87
3401;628;49;0.00;0.00;25.88;87
3410;628;49;0.00;0.00;25.88;87
3422;628;49;0.00;0.00;25.88;87
3431;629;49;0.00;0.00;25.88;87
3440;629;49;0.00;0.00;25.88;87
3451;629;49;0.00;0.00;25.88;87
3460;629;49;0.00;0.00;25.88;87
3471;630;49;0.00;0.00;25.88;87
3481;630;48;0.00;0.00;25.88;87
3492;630;48;-0.78;0.00;25.88;87
3503;631;48;-0.78;-0.78;25.88;87
3522;630;48;-0.78;-0.78;25.88;87
3534;630;48;-0.78;-0.78;25.88;87
3553;629;48;-0.78;-0.78;25.88;87
3572;629;49;-0.78;-0.78;25.88;87
3581;628;49;-0.78;-0.78;25.88;87
3590;628;49;-0.78;-0.78;25.88;87
3601;628;49;-0.78;-0.78;25.88;87
3612;628;49;-0.78;-0.78;25.88;87
3621;628;49;-0.78;-0.78;25.88;87
3632;628;49;-0.78;-0.78;25.88;87
3641;627;49;-0.78;-0.78;25.88;87
3651;627;49;-0.78;0.00;25.88;87
3661;629;49;-0.78;0.00;25.88;87
3671;630;49;-0.78;0.00;25.88;87
3681;632;49;-0.78;0.00;25.88;87
3692;633;49;-0.78;0.00;25.88;87
3702;634;49;-0.78;0.00;25.88;87
3713;636;49;-0.78;0.00;25.88;87
3723;636;49;-0.78;0.00;25.88;87
3741;635;49;-0.78;0.00;25.88;87
3751;635;49;-0.78;0.00;25.88;87
3762;634;49;-0.78;0.00;25.88;87
3770;634;49;-0.78;0.00;25.88;87
3780;634;49;-0.78;0.00;25.88;87
3792;633;49;-0.78;0.00;25.49;87
3802;633;49;-0.78;0.00;25.49;87
3812;632;49;-0.78;0.00;25.49;87
3820;631;49;-0.78;0.00;25.49;87
3832;631;49;-0.78;0.00;25.49;87
3840;630;49;-0.78;0.00;25.49;87
3851;631;49;-0.78;0.00;25.49;87
3862;632;49;-0.78;0.00;25.49;87
3871;632;49;-0.78;0.00;25.49;87
3882;633;49;-0.78;0.00;25.49;87
3891;633;49;-0.78;0.00;25.49;87
3900;634;49;-0.78;-0.78;25.49;87
3912;633;49;-0.78;-0.78;25.49;87
3921;631;49;-0.78;-0.78;25.49;87
3932;630;49;-0.78;-0.78;25.49;87
3941;629;49;-0.78;-0.78;25.49;87
3950;628;49;-0.78;-0.78;25.49;87
3962;626;49;-0.78;-0.78;25.49;87
3982;627;49;-0.78;-0.78;25.49;87
3990;627;49;-0.78;-0.78;25.49;87
4001;627;49;-0.78;-0.78;25.49;87
4011;627;49;-0.78;-0.78;25.49;87
4020;627;49;-0.78;-0.78;25.49;87
4033;627;49;-0.78;-0.78;25.49;87
4040;628;49;-0.78;-0.78;25.49;87
4048;629;49;-0.78;-0.78;25.49;87
4061;630;49;-0.78;-0.78;25.49;87
4069;631;48;-0.78;-0.78;25.49;87
4080;632;48;-0.78;-0.78;25.49;87
4091;633;48;-0.78;-0.78;25.49;87
4099;633;48;-0.78;-0.78;25.49;87
4109;633;48;-0.78;-0.78;25.49;87
4120;634;48;-0.78;-0.78;25.49;87
4133;634;48;-0.78;-0.78;25.49;87
4141;634;48;-0.78;-0.78;25.49;87
4149;635;48;-0.78;-0.78;25.49;87
4161;635;48;-0.78;-0.78;25.49;87
4170;635;48;-0.78;-0.78;25.49;87
4179;635;48;-0.78;-0.78;25.49;87
4191;635;48;-0.78;-0.78;25.49;87
4201;635;48;-0.78;-0.78;25.49;87
4210;635;48;-0.78;-0.78;25.49;87
4220;635;48;-0.78;-0.78;25.49;87
4233;634;48;-0.78;-0.78;25.49;87
4250;633;48;-0.78;-0.78;25.49;87
4261;633;48;-0.78;-0.78;25.49;87
4269;632;48;-0.78;-0.78;25.49;87
4281;631;48;-0.78;-0.78;25.49;87
4289;630;48;-0.78;-0.78;25.49;87
4298;629;48;-0.78;-0.78;25.49;87
4311;628;48;-0.78;-0.78;25.49;87
4319;627;48;-0.78;-0.78;25.49;87
4339;626;48;-0.78;-0.78;25.49;87
4351;625;48;-0.78;-0.78;25.49;87
4361;625;48;-0.78;-0.78;25.49;87
4371;626;48;-0.78;-0.78;25.49;87
4379;626;48;-0.78;-0.78;25.49;87
4390;626;48;-0.78;-0.78;25.49;87
4399;626;48;-0.78;-0.78;25.49;87
4411;626;48;-0.78;-1.56;25.49;87
4419;627;48;-0.78;-1.56;25.49;87
4434;627;48;-0.78;-1.56;25.49;87
4449;627;48;-0.78;-1.56;25.49;87
4462;627;48;-0.78;-1.56;25.49;87
4470;628;48;-0.78;-1.56;25.49;87
4479;628;48;-0.78;-1.56;25.49;87
4491;628;48;-0.78;-1.56;25.49;87
4500;628;48;-0.78;-1.56;25.49;87
4511;629;48;-0.78;-1.56;25.49;87
4520;629;48;-0.78;-1.56;25.49;87
4532;629;48;-1.56;-1.56;25.49;87
4539;629;48;-1.56;-1.56;25.49;87
4551;629;48;-1.56;-1.56;25.49;87
4560;629;48;-1.56;-1.56;25.49;87
4572;629;48;-1.56;-1.56;25.49;87
4579;629;48;-1.56;-1.56;25.49;87
4589;629;48;-1.56;-1.56;25.49;87
4602;628;48;-1.56;-1.56;25.49;87
4611;628;48;-1.56;-1.56;25.49;87
4618;629;48;-1.56;-1.56;25.49;87
4632;629;48;-1.56;-1.56;25.49;87
4640;629;49;-1.56;-1.56;25.49;87
4649;629;49;-1.56;-1.56;25.49;87
4662;629;49;-1.56;-1.56;25.49;87
4671;628;49;-1.56;-1.56;25.49;87
4681;628;49;-1.56;-1.56;25.49;87
4689;627;49;-1.56;-1.56;25.49;87
4701;627;49;-1.56;-1.56;25.49;87
4711;626;49;-1.56;-1.56;25.49;87
4719;625;49;-1.56;-1.56;25.49;87
4735;626;49;-1.56;-1.56;25.49;87
4751;626;49;-1.56;-1.56;25.49;87
4762;626;49;-1.56;-1.56;25.49;87
4779;626;48;-1.56;-1.56;25.49;87
4790;626;48;-1.56;-1.56;25.49;87
4800;627;48;-1.56;-1.56;25.49;87
4813;627;48;-1.56;-1.56;25.49;87
4832;627;48;-1.56;-1.56;25.49;87
4841;626;48;-1.56;-1.56;25.49;87
4850;626;48;-1.56;-1.56;25.49;87
4861;626;48;-1.56;-1.56;25.49;87
4868;626;48;-1.56;-1.56;25.49;87
4880;627;48;-1.56;-1.56;25.88;87
4889;627;48;-1.56;-1.56;25.88;87
4901;627;48;-1.56;-1.56;25.88;87
4911;627;48;-1.56;-1.56;25.88;87
4920;628;48;-1.56;-1.56;25.88;87
4933;628;48;-1.56;-1.56;25.88;87
4948;628;48;-1.56;-1.56;25.88;87
4960;629;48;-1.56;-1.56;25.88;87
4969;629;48;-1.56;-1.56;25.88;87
4980;629;48;-1.56;-1.56;25.88;87
4989;630;48;-1.56;-1.56;25.88;87
4999;630;48;-1.56;-1.56;25.88;87
5010;629;48;-1.56;-1.56;25.88;87
5019;628;48;-1.56;-1.56;25.88;87
5032;627;48;-1.56;-1.56;25.88;87
5038;625;49;-1.56;-1.56;25.88;87
5049;624;49;-1.56;-1.56;25.88;87
5063;623;49;-1.56;-1.56;25.88;87
5078;623;49;-1.56;-1.56;25.88;87
5089;623;49;-1.56;-1.56;25.88;87
5100;624;49;-1.56;-1.56;25.88;87
5110;624;49;-1.56;-1.56;25.88;87
5120;624;49;-1.56;-1.56;25.88;87
5132;624;49;-1.56;-1.56;25.88;87
5142;624;49;-1.56;-1.56;25.88;87
5150;624;49;-1.56;-1.56;25.88;87
5161;624;49;-1.56;-1.56;25.88;87
5169;625;48;-1.56;-1.56;25.88;87
5180;625;48;-1.56;-1.56;25.88;87
5189;625;48;-1.56;-1.56;25.88;87
5201;626;48;-1.56;-1.56;25.88;87
5212;626;48;-1.56;-1.56;25.88;87
5233;627;48;-1.56;-1.56;25.88;87
5250;627;49;-1.56;-1.56;25.88;87
5260;628;49;-1.56;-1.56;25.88;87
5270;629;49;-1.56;-1.56;25.88;87
5280;629;49;-1.56;-1.56;25.88;87
5290;630;49;-1.56;-1.56;25.88;87
5299;630;49;-1.56;-1.56;25.88;87
5310;630;49;-1.56;-1.56;25.88;87
5319;631;49;-1.56;-1.56;25.88;87
5340;631;49;-1.56;-0.78;25.88;87
5350;631;49;-1.56;-0.78;25.88;87
5360;631;49;-1.56;-0.78;25.88;87
5369;631;49;-1.56;-0.78;25.88;87
5382;631;49;-1.56;-0.78;25.88;87
5390;631;49;-1.56;-0.78;25.88;87
5398;631;49;-1.56;-0.78;25.88;87
5412;631;49;-1.56;-0.78;25.88;87
5420;630;49;-1.56;-0.78;25.88;87
5433;629;49;-1.56;-0.78;25.88;87
5450;629;49;-1.56;-0.78;25.88;87
5460;628;49;-1.56;-0.78;25.88;87
5470;627;49;-1.56;-0.78;25.88;87
5481;627;49;-1.56;-0.78;25.88;87
5491;627;49;-1.56;-0.78;25.88;87
5500;627;49;-1.56;-0.78;25.88;87
5510;626;49;-1.56;-0.78;25.88;87
5519;626;49;-1.56;-0.78;25.88;87
5534;626;49;-1.56;-0.78;25.88;87
5550;626;49;-1.56;-0.78;25.88;87
5560;626;49;-1.56;-0.78;25.88;87
5569;626;49;-1.56;-0.78;25.88;87
5579;626;49;-1.56;-0.78;25.88;87
5589;626;49;-1.56;-0.78;25.88;87
5599;626;49;-1.56;-1.56;25.88;87
5610;626;49;-1.56;-1.56;25.88;87
5620;626;49;-1.56;-1.56;25.88;87
5631;627;49;-1.56;-1.56;25.88;87
5639;627;49;-1.56;-1.56;25.88;87
5651;627;49;-1.56;-1.56;25.88;87
5660;627;49;-1.56;-1.56;25.88;87
5670;626;49;-1.56;-1.56;25.88;87
5680;625;49;-1.56;-1.56;25.88;88
5689;625;49;-1.56;-1.56;25.88;88
5701;624;49;-1.56;-1.56;25.88;88
5710;624;49;-1.56;-1.56;25.88;88
5720;623;49;-1.56;-1.56;25.88;88
5733;623;49;-1.56;-1.56;25.88;88
5740;624;49;-1.56;-1.56;25.88;88
5751;625;49;-1.56;-1.56;25.88;88
5760;625;49;-1.56;-1.56;25.88;88
5770;626;49;-0.78;-1.56;25.88;88
5782;626;49;-0.78;-1.56;25.88;88
5789;626;49;-0.78;-1.56;25.88;88
5800;625;49;-0.78;-1.56;25.88;88
5810;624;49;-0.78;-1.56;25.88;88
5819;623;49;-0.78;-1.56;25.88;88
5832;622;49;-0.78;-1.56;25.88;88
5842;621;49;-0.78;-1.56;25.88;88
5851;621;49;-0.78;-1.56;25.88;88
5859;620;49;-0.78;-1.56;25.88;88
5870;620;49;-0.78;-1.56;25.88;88
5880;619;49;-0.78;-1.56;25.88;88
5891;619;49;-0.78;-1.56;25.88;88
5901;618;49;-0.78;-1.56;25.88;88
5910;620;49;-0.78;-1.56;25.88;88
5919;621;49;-0.78;-1.56;25.88;88
5932;622;49;-0.78;-1.56;25.88;88
5940;624;49;-0.78;-1.56;25.88;88
5949;625;49;-0.78;-1.56;25.88;88
5960;626;49;-0.78;-1.56;25.88;88
5969;626;49;-0.78;-1.56;25.88;88
5980;627;49;-0.78;-1.56;25.88;88
5989;627;49;-0.78;-1.56;25.88;88
5999;627;49;-0.78;-1.56;25.88;88
6010;628;49;0.00;-1.56;25.88;88
6020;628;49;0.00;-1.56;25.88;88
6031;628;49;0.00;-1.56;25.88;88
6040;629;49;0.00;-1.56;25.88;88
6049;629;49;0.00;-1.56;25.88;88
6060;629;49;0.00;-1.56;25.88;88
6070;629;49;0.00;-1.56;25.88;88
6082;629;49;0.00;-1.56;25.88;88
6090;629;49;0.00;-1.56;25.88;88
6100;629;49;0.00;-1.56;25.88;88
6111;629;49;0.00;-1.56;25.88;88
6120;628;49;0.00;-1.56;25.88;88
6133;628;49;0.00;-1.56;25.88;88
6150;628;49;0.00;-0.78;25.88;88
6162;628;49;0.00;-0.78;25.88;88
6170;628;49;0.00;-0.78;25.88;88
6181;628;49;0.00;-0.78;25.88;88
6189;627;49;0.00;-0.78;25.88;88
6199;627;49;-0.78;-0.78;25.88;88
6210;627;49;-0.78;-0.78;25.88;88
6219;627;49;-0.78;-0.78;25.88;88
6232;626;49;-0.78;-0.78;25.88;88
6249;626;49;-0.78;-0.78;25.88;88
6261;626;49;-0.78;-0.78;25.88;88
6270;625;49;-0.78;-0.78;25.88;88
6279;625;49;-0.78;-0.78;25.88;88
6290;625;49;-0.78;-0.78;25.88;88
6301;625;49;-0.78;-0.78;25.88;88
6310;625;49;-0.78;-0.78;25.88;88
6319;626;49;-0.78;-0.78;25.88;88
6337;626;49;-0.78;-0.78;25.88;88
6352;626;49;-0.78;-0.78;25.88;88
6361;627;49;-0.78;-0.78;25.88;88
6369;627;49;-0.78;-0.78;25.88;88
6381;628;49;-0.78;-0.78;25.88;88
6390;628;49;-0.78;-0.78;25.88;88
6400;628;49;-0.78;-0.78;25.88;88
6410;629;49;-0.78;-0.78;25.88;88
6419;630;49;-0.78;-0.78;25.88;88
6432;630;49;-0.78;-0.78;25.88;88
6439;631;49;-0.78;-0.78;25.88;88
6451;632;49;-0.78;-0.78;25.88;88
6460;632;49;-0.78;-0.78;25.88;88
6469;633;49;-0.78;-0.78;25.88;88
6480;633;49;-0.78;-0.78;25.88;88
6491;633;49;-0.78;-0.78;25.88;88
6500;633;49;-0.78;-0.78;25.88;88
6509;632;49;-0.78;-0.78;25.88;88
6519;632;49;-0.78;-0.78;25.88;88
6531;632;49;-0.78;-0.78;25.88;88
6539;631;49;-0.78;-0.78;25.49;88
6550;630;49;-0.78;-0.78;25.49;88
6562;629;49;-0.78;-0.78;25.49;88
6571;628;49;-0.78;-0.78;25.49;88
6579;628;49;-0.78;-0.78;25.49;88
6591;627;49;-0.78;-0.78;25.49;88
6599;626;49;-0.78;-0.78;25.49;88
6611;625;49;-0.78;-0.78;25.49;88
6619;624;49;-0.78;-0.78;25.49;88
6630;624;49;-0.78;-0.78;25.49;88
6641;623;49;0.00;-0.78;25.49;88
6650;622;49;0.00;-0.78;25.49;88
6661;623;49;0.00;-0.78;25.49;88
6669;624;49;0.00;-0.78;25.49;88
6680;626;49;0.00;-0.78;25.49;88
6690;627;49;0.00;-0.78;25.49;88
6702;628;49;0.00;-0.78;25.49;88
6710;629;49;0.00;-0.78;25.49;88
6719;629;49;0.00;-0.78;25.49;88
6733;630;49;0.00;-0.78;25.49;88
6751;630;49;0.00;-0.78;25.49;88
6760;630;49;0.00;-0.78;25.49;88
6772;631;49;0.00;-0.78;25.49;88
6780;631;49;0.00;-0.78;25.49;88
6789;631;49;0.00;-0.78;25.49;88
6801;631;49;0.00;-0.78;25.49;88
6811;631;49;0.00;-0.78;25.49;88
6820;630;49;0.00;-0.78;25.49;88
6832;630;49;0.00;-0.78;25.49;88
6849;630;49;0.00;-0.78;25.49;88
6861;630;49;0.00;-0.78;25.49;88
6870;629;49;0.00;-0.78;25.49;88
6879;629;49;0.00;-0.78;25.49;88
6891;628;49;0.00;-0.78;25.49;88
6900;628;49;0.00;-0.78;25.49;88
6909;627;49;0.00;-0.78;25.49;88
6921;627;49;0.00;-0.78;25.49;88
6932;627;49;0.00;-0.78;25.49;88
6940;627;49;0.00;-0.78;25.49;88
6951;627;49;0.00;-0.78;25.49;88
6961;627;49;0.00;-0.78;25.49;88
6972;627;49;0.00;-0.78;25.49;88
6979;627;49;0.00;-0.78;25.49;88
6990;627;49;0.00;-0.78;25.49;88
7001;627;49;0.00;-0.78;25.49;88
7010;626;49;0.00;-0.78;25.49;88
7021;626;49;0.00;-0.78;25.49;88
7035;626;49;0.00;-0.78;25.49;88
7050;627;49;0.00;-0.78;25.49;88
7061;627;49;0.00;-0.78;25.49;88
7070;627;49;0.00;-0.78;25.49;88
7080;628;49;0.00;-0.78;25.49;88
7092;628;49;0.00;-0.78;25.49;88
7100;628;49;0.00;-0.78;25.49;88
7109;629;49;0.00;-0.78;25.49;88
7121;629;49;0.00;-0.78;25.49;88
7133;630;49;0.00;-0.78;25.49;88
7152;630;49;0.00;-0.78;25.49;88
7160;630;49;-0.78;-0.78;25.49;88
7172;631;49;-0.78;-0.78;25.49;88
7180;631;49;-0.78;-0.78;25.49;88
7192;631;49;-0.78;-0.78;25.49;88
7201;631;49;-0.78;-0.78;25.49;88
7211;630;49;-0.78;-0.78;25.49;88
7220;630;49;-0.78;-0.78;25.49;88
7232;630;49;-0.78;-0.78;25.49;88
7241;629;49;-0.78;-0.78;25.49;88
7250;629;49;-0.78;-0.78;25.49;88
7261;628;49;-0.78;-0.78;25.49;88
7271;627;49;-0.78;-0.78;25.49;88
7281;626;49;-0.78;-0.78;25.49;88
7290;625;49;-0.78;-0.78;25.49;88
7300;625;49;-0.78;-0.78;25.49;88
7311;625;49;-0.78;-0.78;25.49;88
7321;625;49;-0.78;-0.78;25.49;88
7338;625;49;-0.78;-0.78;25.49;88
7349;625;49;-0.78;-0.78;25.49;88
7362;625;49;-0.78;-0.78;25.49;88
7370;626;49;-0.78;-0.78;25.49;88
7381;626;49;-0.78;-0.78;25.49;88
7390;627;49;-0.78;-0.78;25.49;88
7400;628;49;-0.78;-0.78;25.49;88
7412;628;49;-0.78;-0.78;25.49;88
7420;629;49;-0.78;-1.56;25.49;88
7434;630;49;-0.78;-1.56;25.49;88
7450;630;49;-0.78;-1.56;25.49;88
7461;630;49;-0.78;-1.56;25.49;88
7470;631;49;-0.78;-1.56;25.49;88
7480;631;49;-0.78;-1.56;25.49;88
7490;632;49;-0.78;-1.56;25.49;88
7501;631;49;-0.78;-1.56;25.49;88
7509;630;49;-0.78;-1.56;25.49;88
7521;629;49;-0.78;-1.56;25.49;88
7532;628;49;-0.78;-1.56;25.49;88
7541;627;49;-0.78;-1.56;25.49;88
7552;627;49;-0.78;-1.56;25.49;88
7560;626;49;-0.78;-1.56;25.49;88
7571;626;49;-0.78;-1.56;25.49;88
7579;626;49;-0.78;-1.56;25.49;88
7591;626;49;-0.78;-1.56;25.49;88
7603;626;49;-0.78;-1.56;25.49;88
7620;626;49;-0.78;-1.56;25.49;88
7633;626;49;-0.78;-1.56;25.49;88
7647;627;49;-0.78;-1.56;25.49;88
7660;627;49;-0.78;-1.56;25.49;88
7671;628;49;-0.78;-1.56;25.49;88
7681;629;49;-0.78;-1.56;25.49;88
7690;629;49;-0.78;-1.56;25.49;88
7701;629;49;-0.78;-1.56;25.49;88
7710;628;49;-0.78;-1.56;25.49;88
7721;628;49;-0.78;-1.56;25.49;88
7733;627;49;-0.78;-1.56;25.49;88
7749;627;49;-1.56;-1.56;25.49;88
7763;626;49;-1.56;-1.56;25.49;88
7779;627;49;-1.56;-1.56;25.49;88
7790;627;49;-1.56;-1.56;25.49;88
7800;627;49;-1.56;-1.56;25.49;88
7812;627;49;-1.56;-1.56;25.49;88
7821;627;49;-1.56;-1.56;25.49;88
7831;627;49;-1.56;-1.56;25.49;88
7841;628;49;-1.56;-1.56;25.49;88
7850;629;49;-1.56;-1.56;25.49;88
7862;630;49;-1.56;-1.56;25.49;88
7868;630;49;-1.56;-1.56;25.49;88
7878;631;49;-1.56;-1.56;25.49;88
7891;632;49;-1.56;-1.56;25.49;88
7903;632;49;-1.56;-1.56;25.49;88
7920;633;49;-1.56;-1.56;25.49;88
7934;634;49;-1.56;-1.56;25.49;88
7948;634;49;-1.56;-1.56;25.49;88
7962;635;49;-1.56;-1.56;25.49;88
7971;635;49;-1.56;-1.56;25.49;88
7979;635;49;-1.56;-1.56;25.49;88
7988;635;49;-1.56;-1.56;25.49;88
8000;635;49;-1.56;-1.56;25.49;88
8012;634;49;-1.56;-1.56;25.49;88
8020;634;49;-1.56;-1.56;25.49;88
8031;634;49;-1.56;-1.56;25.49;88
8041;634;49;-1.56;-1.56;25.10;88
8050;634;49;-1.56;-1.56;25.10;88
8062;634;49;-1.56;-1.56;25.10;88
8068;634;49;-1.56;-1.56;25.10;88
8080;635;49;-1.56;-1.56;25.10;88
8088;635;49;-1.56;-1.56;25.10;88
8099;633;49;-1.56;-1.56;25.10;88
8110;632;49;-1.56;-1.56;25.10;88
8122;631;49;-1.56;-1.56;25.10;88
8133;630;49;-1.56;-1.56;25.10;88
8151;629;49;-1.56;-1.56;25.10;88
8159;628;49;-1.56;-1.56;25.10;88
8168;627;49;-1.56;-1.56;25.10;88
8179;627;49;-1.56;-1.56;25.10;88
8188;627;49;-1.56;-1.56;25.10;88
8199;627;49;-1.56;-1.56;25.10;88
8211;627;49;-1.56;-1.56;25.10;88
8220;626;49;-1.56;-1.56;25.10;88
8231;627;49;-1.56;-1.56;25.10;88
8238;627;49;-1.56;-1.56;25.10;88
8250;627;49;-1.56;-1.56;25.10;88
8259;627;49;-1.56;-1.56;25.10;88
8271;628;49;-1.56;-1.56;25.10;88
8281;628;49;-1.56;-1.56;25.10;88
8288;628;49;-1.56;-1.56;25.49;88
8298;628;49;-1.56;-1.56;25.49;88
8309;628;49;-1.56;-1.56;25.49;88
8317;628;49;-1.56;-1.56;25.49;88
8338;628;49;-1.56;-1.56;25.49;88
8352;628;49;-1.56;-1.56;25.49;88
8361;628;49;-1.56;-1.56;25.49;88
8368;628;49;-1.56;-1.56;25.49;88
8380;628;49;-1.56;-1.56;25.49;88
8391;628;49;-1.56;-1.56;25.49;88
8400;628;49;-1.56;-1.56;25.49;88
8411;628;49;-1.56;-1.56;25.49;88
8420;628;49;-1.56;-1.56;25.49;88
8432;628;49;-1.56;-1.56;25.49;88
8441;627;49;-1.56;-1.56;25.49;88
8450;627;49;-1.56;-1.56;25.49;88
8459;627;49;-1.56;-1.56;25.49;88
8468;626;49;-1.56;-1.56;25.49;88
8479;626;49;-1.56;-1.56;25.49;88
8488;626;49;-1.56;-1.56;25.49;88
8500;625;49;-1.56;-1.56;25.49;88
8510;625;49;-1.56;-1.56;25.49;88
8518;625;49;-1.56;-1.56;25.49;88
8532;624;49;-1.56;-2.34;25.49;88
8539;624;49;-1.56;-2.34;25.49;88
8550;624;49;-1.56;-2.34;25.49;88
8559;624;49;-1.56;-2.34;25.49;88
8571;624;49;-1.56;-2.34;25.49;88
8580;624;49;-1.56;-2.34;25.49;88
8588;624;49;-1.56;-2.34;25.49;88
8598;624;49;-1.56;-2.34;25.49;88
8610;625;49;-1.56;-2.34;25.49;88
8620;626;49;-1.56;-2.34;25.49;88
8631;627;49;-1.56;-2.34;25.49;88
8640;627;49;-1.56;-2.34;25.49;88
8649;628;49;-1.56;-2.34;25.49;88
8661;628;49;-1.56;-2.34;25.49;88
8670;628;49;-1.56;-2.34;25.49;88
8680;627;49;-1.56;-2.34;25.49;88
8688;627;49;-1.56;-2.34;25.49;88
8700;627;49;-1.56;-2.34;25.49;88
8709;626;49;-1.56;-2.34;25.49;88
8718;626;49;-1.56;-2.34;25.49;88
8734;625;49;-1.56;-2.34;25.49;88
8750;625;49;-1.56;-2.34;25.49;88
8759;625;49;-1.56;-2.34;25.49;88
8770;624;49;-1.56;-2.34;25.49;88
8779;624;49;-1.56;-2.34;25.49;88
8792;624;49;-1.56;-2.34;25.49;88
8799;624;49;-1.56;-2.34;25.49;88
8810;625;49;-1.56;-2.34;25.49;88
8821;625;49;-1.56;-2.34;25.49;88
8833;625;49;-1.56;-2.34;25.49;88
8849;626;49;-1.56;-2.34;25.49;88
8858;625;49;-1.56;-2.34;25.49;88
8868;624;49;-1.56;-2.34;25.49;88
8879;624;49;-1.56;-2.34;25.49;88
8891;623;49;-1.56;-2.34;25.49;88
8899;622;49;-1.56;-2.34;25.49;88
8909;621;49;-1.56;-2.34;25.49;88
8920;621;49;-1.56;-2.34;25.49;88
8932;621;49;-1.56;-2.34;25.49;88
8939;620;49;-1.56;-2.34;25.49;88
8950;620;49;-1.56;-2.34;25.49;88
8962;620;49;-1.56;-2.34;25.49;88
8971;619;49;-1.56;-2.34;25.49;88
8981;620;49;-1.56;-2.34;25.88;88
8990;621;49;-1.56;-2.34;25.88;88
9001;622;49;-1.56;-2.34;25.88;88
9010;622;49;-1.56;-2.34;25.88;88
9019;623;49;-1.56;-2.34;25.88;88
9030;624;49;-1.56;-1.56;25.88;88
9040;624;49;-1.56;-1.56;25.88;88
9049;624;49;-1.56;-1.56;25.88;88
9058;624;49;-1.56;-1.56;25.88;88
9070;624;49;-1.56;-1.56;25.88;88
9081;624;49;-1.56;-1.56;25.88;88
9089;624;49;-1.56;-1.56;25.88;88
9101;625;49;-1.56;-1.56;25.88;88
9112;625;49;-1.56;-1.56;25.88;88
9133;625;49;-1.56;-1.56;25.88;88
9148;625;49;-1.56;-1.56;25.88;88
9160;625;49;-1.56;-1.56;25.88;88
9169;626;49;-1.56;-1.56;25.88;88
9178;626;49;-1.56;-1.56;25.88;88
9189;626;49;-1.56;-1.56;25.88;88
9198;626;49;-1.56;-1.56;25.88;88
9208;626;49;-1.56;-1.56;25.88;88
9220;626;49;-1.56;-1.56;25.88;88
9231;627;49;-1.56;-1.56;25.88;88
9241;627;49;-1.56;-1.56;25.88;88
9250;627;49;-1.56;-1.56;25.88;88
9260;628;49;-1.56;-1.56;25.88;88
9272;628;49;-1.56;-1.56;25.88;88
9278;629;49;-1.56;-1.56;25.88;88
9289;629;49;-1.56;-1.56;25.88;88
9300;629;49;-1.56;-1.56;25.88;88
9309;629;49;-1.56;-1.56;25.88;88
9320;630;49;-1.56;-1.56;25.88;88
9337;630;49;-1.56;-1.56;25.88;88
9350;630;49;-1.56;-1.56;25.88;88
9359;630;49;-1.56;-1.56;25.88;88
9369;630;49;-1.56;-1.56;25.88;88
9378;630;49;-1.56;-1.56;25.88;88
9389;631;49;-1.56;-1.56;25.88;88
9400;631;49;-1.56;-1.56;25.88;88
9411;631;49;-1.56;-1.56;25.88;88
9419;631;49;-1.56;-0.78;25.88;88
9432;631;49;-1.56;-0.78;25.88;88
9441;631;49;-1.56;-0.78;25.88;88
9450;631;49;-1.56;-0.78;25.88;88
9461;631;49;-1.56;-0.78;25.88;88
9471;631;49;-1.56;-0.78;25.88;88
9480;631;49;-1.56;-0.78;25.88;88
9488;630;49;-1.56;-0.78;25.49;88
9498;628;49;-1.56;-0.78;25.49;88
9510;627;49;-1.56;-0.78;25.49;88
9520;626;49;-1.56;-0.78;25.49;88
9533;625;49;-1.56;-0.78;25.49;88
9549;624;49;-1.56;-0.78;25.49;88
9560;625;49;-1.56;-0.78;25.49;88
9569;626;49;-1.56;-0.78;25.49;88
9581;627;49;-1.56;-0.78;25.49;88
9590;628;49;-1.56;-0.78;25.49;88
9599;629;49;-1.56;-0.78;25.49;88
9610;630;49;-1.56;-0.78;25.49;88
9620;629;49;-1.56;-0.78;25.49;88
9631;628;49;-1.56;-0.78;25.49;88
9638;628;49;-1.56;-0.78;25.49;88
9651;627;49;-1.56;-0.78;25.49;88
9661;626;49;-1.56;-0.78;25.49;88
9670;625;49;-1.56;-0.78;25.49;88
9679;625;49;-1.56;-0.78;25.49;88
9688;624;49;-1.56;-0.78;25.49;88
9700;624;49;-1.56;-0.78;25.49;88
9710;623;49;-1.56;-0.78;25.49;88
9718;623;49;-0.78;-0.78;25.49;88
9732;622;49;-0.78;-0.78;25.49;88
9750;623;49;-0.78;-0.78;25.49;88
9760;623;49;-0.78;-0.78;25.49;88
9770;624;49;-0.78;-0.78;25.49;88
9780;624;49;-0.78;-0.78;25.49;88
9790;624;49;-0.78;-0.78;25.49;88
9799;625;49;-0.78;-0.78;25.49;88
9810;626;49;-0.78;-0.78;25.49;88
9820;626;49;-0.78;-0.78;25.49;88
9833;627;49;-0.78;-0.78;25.49;88
9851;628;49;-0.78;-0.78;25.49;88
9860;628;49;-0.78;-0.78;25.49;88
9869;629;49;-0.78;-0.78;25.49;88
9878;630;49;-0.78;-0.78;25.49;88
9890;630;49;-0.78;-0.78;25.49;88
9899;631;49;-0.78;-0.78;25.49;88
9909;632;49;-0.78;-0.78;25.49;88
9920;632;49;-0.78;-0.78;25.49;88
9932;633;49;-0.78;-0.78;25.49;88
9940;633;49;-0.78;-0.78;25.49;88
9949;633;49;-0.78;-0.78;25.49;88
9960;633;49;-0.78;-0.78;25.49;88
9970;632;49;-0.78;-0.78;25.49;88
9980;632;49;-0.78;-0.78;25.49;88
9991;632;49;-0.78;-0.78;25.49;88
9999;631;49;-0.78;-0.78;25.49;88
10009;630;49;-0.78;-0.78;25.49;88
10021;629;49;-0.78;-0.78;25.49;88
10029;628;49;-0.78;-0.78;25.49;88
10039;627;49;-0.78;-0.78;25.49;88
10051;626;49;-0.78;-0.78;25.49;88
10060;625;49;-0.78;-0.78;25.49;88
10069;624;49;-0.78;-0.78;25.49;88
10081;622;49;-0.78;-0.78;25.49;88
10090;621;49;-0.78;-0.78;25.49;88
10099;619;49;-0.78;-0.78;25.49;88
10111;618;49;-0.78;-0.78;25.49;88
10119;619;49;-0.78;-0.78;25.49;88
10134;620;49;-0.78;-0.78;25.49;88
10151;621;49;-0.78;-0.78;25.49;88
10161;623;49;-0.78;-0.78;25.49;88
10170;624;49;-0.78;-0.78;25.49;88
10181;625;49;-0.78;-0.78;25.49;88
10189;626;49;-0.78;-0.78;25.49;88
10200;627;49;-0.78;-0.78;25.49;88
10208;628;49;-0.78;-0.78;25.49;88
10219;628;49;-0.78;-0.78;25.49;88
10230;629;49;-0.78;-0.78;25.49;88
10240;630;49;-0.78;-0.78;25.49;88
10250;630;49;-0.78;-0.78;25.49;88
10260;630;49;-0.78;-0.78;25.49;88
10270;631;49;-0.78;-0.78;25.49;88
10281;631;49;-0.78;-0.78;25.49;88
10292;631;49;-0.78;-0.78;25.49;88
10301;631;49;-0.78;-1.56;25.49;88
10309;631;49;-0.78;-1.56;25.49;88
10320;631;49;-0.78;-1.56;25.49;88
10340;631;49;-0.78;-1.56;25.49;88
10350;631;49;-0.78;-1.56;25.49;88
10360;630;49;-0.78;-1.56;25.49;88
10370;630;49;-0.78;-1.56;25.49;88
10381;630;49;-0.78;-1.56;25.49;88
10390;629;49;-0.78;-1.56;25.49;88
10399;629;49;-0.78;-1.56;25.49;88
10411;628;49;-0.78;-1.56;25.49;88
10420;628;49;-0.78;-1.56;25.49;88
10433;627;49;-0.78;-1.56;25.49;88
10449;627;49;-0.78;-1.56;25.49;88
10461;627;49;-0.78;-1.56;25.49;88
10469;628;49;-0.78;-1.56;25.49;88
10481;628;49;-0.78;-1.56;25.49;88
10491;628;49;-0.78;-1.56;25.49;88
10499;628;49;-0.78;-1.56;25.49;88
10510;628;49;-0.78;-1.56;25.49;88
10519;629;49;-0.78;-1.56;25.49;88
10531;630;49;-0.78;-1.56;25.49;88
10540;630;49;-0.78;-1.56;25.49;88
10550;631;49;-0.78;-1.56;25.49;88
10559;631;49;-0.78;-1.56;25.49;88
10570;631;49;-0.78;-1.56;25.10;88
10579;630;49;-0.78;-1.56;25.10;88
10590;629;49;-0.78;-1.56;25.10;88
10600;628;49;-0.78;-1.56;25.10;88
10609;628;49;-0.78;-1.56;25.10;88
10620;627;49;-0.78;-1.56;25.10;88
10631;626;49;-0.78;-1.56;25.10;88
10639;626;49;-0.78;-1.56;25.10;88
10650;625;49;-0.78;-1.56;25.10;88
10659;625;49;-0.78;-1.56;25.10;88
10671;624;49;-0.78;-1.56;25.10;88
10680;623;49;-0.78;-1.56;25.10;88
10691;624;49;-0.78;-1.56;25.49;88
10699;625;49;-0.78;-1.56;25.49;88
10709;626;49;-0.78;-1.56;25.49;88
10721;627;49;-0.78;-1.56;25.49;88
10732;627;49;-1.56;-1.56;25.49;88
10740;628;49;-1.56;-1.56;25.49;88
10749;629;49;-1.56;-1.56;25.49;88
10762;630;49;-1.56;-1.56;25.49;88
10770;631;49;-1.56;-1.56;25.49;88
10779;632;49;-1.56;-1.56;25.49;88
10790;634;49;-1.56;-1.56;25.49;88
10800;635;49;-1.56;-1.56;25.49;88
10810;634;49;-1.56;-1.56;25.49;88
10819;634;49;-1.56;-1.56;25.49;88
10833;634;49;-1.56;-1.56;25.49;88
10849;634;49;-1.56;-1.56;25.49;88
10860;634;49;-1.56;-1.56;25.49;88
10870;634;49;-1.56;-1.56;25.49;88
10882;633;49;-1.56;-1.56;25.10;88
10889;632;49;-1.56;-1.56;25.10;88
10902;632;49;-1.56;-1.56;25.10;88
10911;631;49;-1.56;-1.56;25.10;88
10920;630;49;-1.56;-1.56;25.10;88
10932;630;49;-1.56;-2.34;25.10;88
10941;629;49;-1.56;-2.34;25.10;88
10952;629;49;-1.56;-2.34;25.10;88
10961;628;49;-1.56;-2.34;25.10;88
10969;628;49;-1.56;-2.34;25.10;88
10982;628;49;-1.56;-2.34;25.10;88
10991;627;49;-1.56;-2.34;25.10;88
10999;626;49;-1.56;-2.34;25.10;88
11010;626;49;-1.56;-2.34;25.10;88
11019;625;49;-1.56;-2.34;25.10;88
11031;624;49;-1.56;-2.34;25.10;88
11041;624;49;-1.56;-2.34;25.10;88
11051;623;49;-1.56;-2.34;25.10;88
11060;624;49;-1.56;-2.34;25.10;88
11069;624;49;-1.56;-2.34;25.10;88
11081;625;49;-1.56;-2.34;25.10;88
11090;625;49;-1.56;-2.34;25.10;88
11101;626;49;-1.56;-2.34;25.10;88
11110;627;49;-1.56;-2.34;25.10;88
11120;627;49;-1.56;-2.34;25.10;88
11132;627;49;-1.56;-2.34;25.10;88
11141;627;49;-1.56;-2.34;25.10;88
11150;627;49;-1.56;-2.34;25.10;88
11162;628;49;-2.34;-2.34;25.10;88
11171;628;49;-2.34;-2.34;25.10;88
11179;628;49;-2.34;-2.34;25.10;88
11190;627;49;-2.34;-2.34;25.10;88
11199;627;49;-2.34;-2.34;25.10;88
11212;627;49;-2.34;-2.34;25.10;88
11233;626;49;-2.34;-2.34;25.10;88
11251;626;49;-2.34;-2.34;25.10;88
11259;626;49;-2.34;-2.34;25.49;88
11271;626;49;-2.34;-2.34;25.49;88
11282;626;49;-2.34;-2.34;25.49;88
11291;625;49;-2.34;-2.34;25.49;88
11300;625;49;-2.34;-2.34;25.49;88
11311;625;49;-2.34;-2.34;25.49;88
11321;625;49;-2.34;-2.34;25.49;88
11337;625;49;-2.34;-2.34;25.49;88
11352;625;49;-2.34;-2.34;25.49;88
11361;625;49;-2.34;-2.34;25.49;88
11371;625;49;-2.34;-2.34;25.49;88
11379;625;49;-2.34;-2.34;25.49;88
11391;626;49;-2.34;-2.34;25.49;88
11400;626;49;-2.34;-2.34;25.49;88
11411;626;49;-2.34;-2.34;25.49;88
11421;626;49;-2.34;-2.34;25.49;88
11433;627;49;-2.34;-2.34;25.49;88
11450;627;49;-2.34;-2.34;25.49;88
11462;627;49;-2.34;-2.34;25.49;88
11470;627;49;-2.34;-2.34;25.49;88
11480;628;49;-2.34;-2.34;25.49;88
11489;628;49;-2.34;-2.34;25.49;88
11499;628;49;-2.34;-2.34;25.49;88
11511;628;49;-2.34;-2.34;25.49;88
11520;628;49;-2.34;-2.34;25.49;88
11531;627;49;-2.34;-2.34;25.49;88
11541;626;49;-2.34;-2.34;25.49;88
11551;625;49;-2.34;-2.34;25.49;88
11560;624;49;-2.34;-2.34;25.49;88
11569;623;49;-2.34;-2.34;25.49;88
11581;623;49;-2.34;-2.34;25.49;88
11590;622;49;-2.34;-2.34;25.49;88
11600;622;49;-2.34;-2.34;25.49;88
11611;622;49;-2.34;-2.34;25.49;88
11620;621;49;-2.34;-2.34;25.49;88
11631;621;49;-2.34;-2.34;25.49;88
11641;622;49;-2.34;-2.34;25.49;88
11650;623;49;-2.34;-2.34;25.49;88
11659;624;49;-2.34;-2.34;25.49;88
11669;625;49;-2.34;-2.34;25.49;88
11679;626;49;-2.34;-2.34;25.49;88
11691;627;49;-2.34;-2.34;25.49;88
11701;626;49;-2.34;-2.34;25.49;88
11709;626;49;-2.34;-2.34;25.49;88
11721;625;49;-2.34;-2.34;25.49;88
11732;625;49;-2.34;-2.34;25.49;88
11739;625;49;-2.34;-2.34;25.49;88
11750;624;49;-2.34;-2.34;25.49;88
11761;624;49;-2.34;-2.34;25.49;88
11769;624;49;-2.34;-2.34;25.49;88
11780;624;49;-2.34;-2.34;25.49;88
11791;624;49;-2.34;-2.34;25.49;88
11801;625;49;-2.34;-2.34;25.49;88
11810;625;49;-2.34;-2.34;25.49;88
11822;624;49;-2.34;-2.34;25.49;88
11832;624;49;-2.34;-2.34;25.49;88
11841;624;49;-2.34;-2.34;25.49;88
11851;624;49;-2.34;-2.34;25.49;88
11859;624;49;-2.34;-2.34;25.49;88
11872;624;49;-2.34;-2.34;25.49;88
11891;623;49;-2.34;-2.34;25.49;88
11900;623;49;-2.34;-2.34;25.49;88
11910;623;49;-2.34;-2.34;25.49;88
11921;623;49;-2.34;-2.34;25.49;88
11934;623;49;-2.34;-2.34;25.49;88
11950;622;49;-2.34;-2.34;25.49;88
11961;621;49;-2.34;-2.34;25.49;88
11971;620;49;-2.34;-2.34;25.49;88
11980;618;49;-2.34;-2.34;25.49;88
11991;617;49;-2.34;-2.34;25.49;88
12002;615;49;-2.34;-2.34;25.49;88
12010;614;49;-2.34;-2.34;25.49;88
12023;615;49;-2.34;-2.34;25.49;88
12040;616;49;-2.34;-2.34;25.49;88
12049;617;49;-2.34;-2.34;25.49;88
12061;619;49;-2.34;-2.34;25.49;88
12068;620;49;-2.34;-2.34;25.49;88
12082;621;49;-2.34;-2.34;25.49;88
12091;621;49;-2.34;-2.34;25.88;88
12101;622;49;-2.34;-2.34;25.88;88
12112;623;49;-2.34;-2.34;25.88;88
12121;623;49;-2.34;-2.34;25.88;88
12132;624;49;-2.34;-2.34;25.88;88
12151;624;49;-2.34;-1.56;25.88;88
12161;625;49;-2.34;-1.56;25.88;88
12170;626;49;-2.34;-1.56;25.88;88
12181;627;49;-2.34;-1.56;25.88;88
12190;627;49;-2.34;-1.56;25.88;88
12200;628;49;-1.56;-1.56;25.88;88
12211;629;49;-1.56;-1.56;25.88;88
12221;628;49;-1.56;-1.56;25.88;88
12232;628;49;-1.56;-1.56;25.88;88
12241;627;49;-1.56;-1.56;25.88;88
12250;626;49;-1.56;-1.56;25.88;88
12262;626;49;-1.56;-1.56;25.88;88
12271;625;49;-1.56;-1.56;25.88;88
12279;625;49;-1.56;-1.56;25.49;88
12292;624;49;-1.56;-1.56;25.49;88
12298;624;49;-1.56;-1.56;25.49;88
12311;624;49;-1.56;-1.56;25.49;88
12321;623;49;-1.56;-1.56;25.49;88
12338;623;49;-1.56;-1.56;25.49;88
12350;624;49;-1.56;-1.56;25.49;88
12362;624;49;-1.56;-1.56;25.49;88
12371;625;49;-1.56;-1.56;25.49;88
12380;626;49;-1.56;-1.56;25.49;88
12389;627;49;-1.56;-1.56;25.49;88
12401;627;49;-1.56;-1.56;25.49;88
12412;628;49;-1.56;-1.56;25.49;88
12417;629;49;-1.56;-1.56;25.49;88
12433;630;49;-1.56;-1.56;25.49;88
12448;631;49;-1.56;-1.56;25.49;88
12461;632;49;-1.56;-1.56;25.49;88
12471;633;49;-1.56;-1.56;25.49;88
12482;633;49;-1.56;-1.56;25.49;88
12498;634;49;-1.56;-1.56;25.49;88
12510;634;49;-1.56;-1.56;25.49;88
12518;634;49;-1.56;-1.56;25.49;88
12532;635;49;-1.56;-1.56;25.49;88
12541;635;49;-1.56;-2.34;25.49;88
12548;634;49;-1.56;-2.34;25.10;88
12562;634;49;-1.56;-2.34;25.10;88
12568;633;49;-1.56;-2.34;25.10;88
12578;632;49;-1.56;-2.34;25.10;88
12592;632;49;-1.56;-2.34;25.10;88
12598;631;49;-1.56;-2.34;25.10;88
12612;630;49;-1.56;-2.34;25.10;88
12621;630;49;-1.56;-2.34;25.10;88
12630;629;49;-1.56;-2.34;25.10;88
12640;628;49;-1.56;-2.34;25.10;88
12651;628;49;-1.56;-2.34;25.10;88
12660;627;49;-1.56;-2.34;25.10;88
12672;626;49;-1.56;-2.34;25.10;88
12680;625;49;-1.56;-2.34;25.10;88
12688;625;49;-1.56;-2.34;25.10;88
12700;624;49;-1.56;-2.34;25.10;88
12712;623;49;-1.56;-2.34;25.10;88
12721;623;49;-1.56;-2.34;25.10;88
12734;622;49;-1.56;-2.34;25.10;88
12751;622;49;-1.56;-2.34;25.10;88
12759;622;49;-1.56;-2.34;25.10;88
12770;622;49;-1.56;-2.34;25.10;88
12781;622;49;-1.56;-2.34;25.10;88
12788;621;49;-1.56;-2.34;25.10;88
12798;622;49;-1.56;-2.34;25.10;88
12810;623;49;-1.56;-2.34;25.10;88
12819;624;49;-1.56;-2.34;25.10;88
12833;625;49;-1.56;-2.34;25.10;88
12850;626;49;-0.78;-2.34;25.10;88
12861;627;49;-0.78;-2.34;25.10;88
12869;627;49;-0.78;-2.34;25.49;88
12880;628;49;-0.78;-2.34;25.49;88
12891;628;49;-0.78;-2.34;25.49;88
12899;629;49;-0.78;-2.34;25.49;88
12910;629;49;-0.78;-2.34;25.49;88
12919;630;49;-0.78;-1.56;25.49;88
12934;629;49;-0.78;-1.56;25.49;88
12948;628;49;-0.78;-1.56;25.49;88
12959;627;49;-0.78;-1.56;25.49;88
12971;627;49;-0.78;-1.56;25.49;88
12979;626;49;-0.78;-1.56;25.49;88
12991;625;49;-0.78;-1.56;25.49;88
12999;626;49;-0.78;-1.56;25.49;88
13012;626;49;-0.78;-1.56;25.49;88
13022;627;49;-0.78;-1.56;25.49;88
13031;627;49;-0.78;-1.56;25.49;88
13039;627;49;-0.78;-1.56;25.49;88
13049;628;49;-0.78;-1.56;25.49;88
13061;628;49;-0.78;-1.56;25.10;88
13072;629;49;-0.78;-1.56;25.10;88
13079;629;49;-0.78;-1.56;25.10;88
13090;630;49;-0.78;-1.56;25.10;88
13101;630;49;-0.78;-1.56;25.10;88
13108;631;49;-0.78;-1.56;25.10;88
13121;630;49;-0.78;-1.56;25.10;88
13132;630;49;-0.78;-1.56;25.10;88
13141;630;49;-0.78;-1.56;25.10;88
13150;630;49;-0.78;-1.56;25.10;88
13162;630;49;-0.78;-1.56;25.10;88
13179;630;49;-0.78;-1.56;25.10;88
13190;629;49;-0.78;-1.56;25.10;88
13201;628;49;-0.78;-1.56;25.10;88
13212;628;49;-0.78;-1.56;25.10;88
13220;627;49;-0.78;-1.56;25.10;88
13233;626;49;-1.56;-1.56;25.10;88
13249;626;49;-1.56;-1.56;25.10;88
13258;625;49;-1.56;-1.56;25.10;88
13269;625;49;-1.56;-1.56;25.10;88
13279;625;49;-1.56;-1.56;25.10;88
13288;625;49;-1.56;-1.56;25.10;88
13300;625;49;-1.56;-1.56;25.10;88
13312;625;49;-1.56;-2.34;25.10;88
13318;625;49;-1.56;-2.34;25.10;88
13338;625;49;-1.56;-2.34;25.10;88
13350;626;49;-1.56;-2.34;25.10;88
13360;626;49;-1.56;-2.34;25.10;88
13369;627;49;-1.56;-2.34;25.10;88
13379;627;49;-1.56;-2.34;25.10;88
13390;628;49;-1.56;-2.34;25.10;88
13399;629;49;-1.56;-2.34;25.10;88
13412;630;49;-1.56;-2.34;25.10;88
13418;630;49;-1.56;-2.34;25.10;88
13433;631;49;-1.56;-2.34;25.10;88
13449;632;49;-1.56;-2.34;25.10;88
13461;632;49;-1.56;-2.34;25.10;88
13469;632;49;-1.56;-2.34;25.10;88
13478;632;49;-1.56;-2.34;25.10;88
13488;631;49;-1.56;-2.34;25.10;88
13500;631;49;-1.56;-2.34;25.10;88
13509;631;49;-1.56;-2.34;25.10;88
13519;630;49;-1.56;-2.34;25.10;88
13532;629;49;-1.56;-2.34;25.10;88
13540;629;49;-1.56;-2.34;25.10;88
13549;628;49;-1.56;-2.34;25.10;88
13560;627;49;-1.56;-2.34;25.10;88
13570;626;49;-1.56;-2.34;25.10;88
13579;626;49;-1.56;-2.34;25.10;88
13588;626;49;-1.56;-2.34;25.10;88
13599;626;49;-1.56;-2.34;25.10;88
13613;627;49;-1.56;-2.34;25.10;88
13633;627;49;-1.56;-2.34;25.10;88
13650;627;49;-1.56;-2.34;25.10;88
13659;626;49;-1.56;-2.34;25.10;88
13670;626;49;-1.56;-2.34;25.10;88
13680;625;49;-1.56;-2.34;25.10;88
13691;625;49;-1.56;-2.34;25.10;88
13700;624;49;-1.56;-2.34;25.10;88
13711;624;49;-1.56;-2.34;25.10;88
13720;624;49;-1.56;-2.34;25.10;88
13734;624;49;-1.56;-2.34;25.10;88
13750;624;49;-1.56;-2.34;25.10;88
13759;625;49;-1.56;-2.34;25.10;88
13769;625;49;-1.56;-2.34;25.10;88
13780;625;49;-1.56;-2.34;25.10;88
13791;624;49;-1.56;-2.34;25.10;88
13799;624;49;-1.56;-2.34;25.10;88
13812;624;49;-1.56;-2.34;25.10;88
13820;623;49;-1.56;-2.34;25.10;88
13831;623;49;-2.34;-2.34;25.10;88
13839;622;49;-2.34;-2.34;25.10;88
13849;622;49;-2.34;-2.34;25.49;88
13858;622;49;-2.34;-2.34;25.49;88
13870;622;49;-2.34;-2.34;25.49;88
13880;622;49;-2.34;-2.34;25.49;88
13890;622;49;-2.34;-2.34;25.49;88
13899;622;49;-2.34;-2.34;25.49;88
13911;622;49;-2.34;-2.34;25.49;88
13920;622;49;-2.34;-2.34;25.49;88
13933;622;49;-2.34;-2.34;25.49;88
13950;622;49;-2.34;-2.34;25.49;88
13958;623;49;-2.34;-2.34;25.49;88
13969;623;49;-2.34;-2.34;25.49;88
13978;623;49;-2.34;-2.34;25.49;88
13988;623;49;-2.34;-2.34;25.49;88
14001;624;49;-2.34;-2.34;25.49;88
14009;624;49;-2.34;-2.34;25.49;88
14020;625;49;-2.34;-2.34;25.49;88
14033;625;49;-2.34;-2.34;25.49;88
14050;625;49;-2.34;-2.34;25.49;88
14059;625;49;-2.34;-2.34;25.49;88
14070;625;49;-2.34;-2.34;25.49;88
14078;624;49;-2.34;-2.34;25.49;88
14088;624;49;-2.34;-2.34;25.49;88
14100;624;49;-2.34;-2.34;25.49;88
14110;624;49;-2.34;-2.34;25.49;88
14120;624;49;-2.34;-2.34;25.49;88
14131;625;49;-2.34;-2.34;25.49;88
14141;625;49;-2.34;-2.34;25.49;88
14150;625;49;-2.34;-2.34;25.49;88
14159;625;49;-2.34;-2.34;25.49;88
14171;626;49;-2.34;-2.34;25.49;88
14180;627;49;-2.34;-2.34;25.49;88
14190;628;49;-2.34;-2.34;25.49;88
14200;629;49;-2.34;-2.34;25.49;88
14213;630;49;-2.34;-2.34;25.49;88
14232;631;49;-2.34;-2.34;25.49;88
14240;630;49;-2.34;-2.34;25.49;88
14249;629;49;-2.34;-2.34;25.49;88
14261;629;49;-2.34;-2.34;25.49;88
14271;628;49;-2.34;-2.34;25.49;88
14279;627;49;-2.34;-2.34;25.49;88
14291;627;49;-2.34;-2.34;25.49;88
14300;626;49;-2.34;-2.34;25.49;88
14309;625;49;-2.34;-2.34;25.49;88
14319;624;49;-2.34;-2.34;25.49;88
14339;624;49;-2.34;-2.34;25.49;88
14351;623;49;-2.34;-2.34;25.49;88
14359;622;49;-2.34;-2.34;25.49;88
14371;622;49;-2.34;-2.34;25.49;88
14379;622;49;-2.34;-2.34;25.49;88
14391;622;49;-2.34;-2.34;25.49;88
14400;621;49;-2.34;-2.34;25.49;88
14411;621;49;-2.34;-2.34;25.49;88
14420;621;49;-2.34;-2.34;25.49;88
14432;621;49;-2.34;-2.34;25.49;88
14450;622;49;-2.34;-2.34;25.49;88
14459;623;49;-2.34;-2.34;25.49;88
14471;623;49;-2.34;-2.34;25.49;88
14480;624;49;-2.34;-2.34;25.49;88
14490;624;49;-2.34;-2.34;25.49;88
14502;625;49;-2.34;-2.34;25.49;88
14510;626;49;-2.34;-2.34;25.49;88
14521;627;49;-2.34;-2.34;25.49;88
14535;628;49;-2.34;-2.34;25.49;88
14549;628;49;-2.34;-2.34;25.49;88
14559;629;49;-2.34;-2.34;25.49;88
14571;629;49;-2.34;-2.34;25.49;88
14579;629;49;-2.34;-2.34;25.49;88
14591;629;49;-2.34;-2.34;25.49;88
14599;629;49;-2.34;-2.34;25.49;88
14611;629;49;-2.34;-2.34;25.49;88
14621;629;49;-2.34;-2.34;25.49;88
14631;628;49;-2.34;-2.34;25.49;88
14639;627;49;-2.34;-2.34;25.49;88
14650;626;49;-2.34;-2.34;25.49;88
14661;625;49;-2.34;-2.34;25.49;88
14671;625;49;-3.13;-2.34;25.49;88
14681;624;49;-3.13;-2.34;25.49;88
14690;624;49;-3.13;-2.34;25.10;88
14700;624;49;-3.13;-2.34;25.10;88
14709;625;49;-3.13;-2.34;25.10;88
14720;625;49;-3.13;-2.34;25.10;88
14732;626;49;-3.13;-2.34;25.10;88
14749;626;49;-3.13;-2.34;25.10;88
14759;626;49;-3.13;-2.34;25.10;88
14769;626;49;-3.13;-2.34;25.10;88
14781;626;49;-3.13;-2.34;25.10;88
14791;626;49;-3.13;-2.34;25.10;88
14799;626;49;-3.13;-2.34;25.10;88
14810;625;49;-3.13;-2.34;25.10;88
14822;625;49;-3.13;-2.34;25.10;88
14833;624;49;-3.13;-2.34;25.10;88
14850;623;49;-3.13;-2.34;25.10;88
14860;622;49;-3.13;-2.34;25.10;88
14870;622;49;-3.13;-2.34;25.10;88
14879;621;49;-3.13;-2.34;25.10;88
14890;621;49;-3.13;-2.34;25.49;88
14901;620;49;-3.13;-2.34;25.49;88
14910;620;49;-3.13;-2.34;25.49;88
14920;620;49;-3.13;-2.34;25.49;88
14934;619;49;-3.13;-2.34;25.49;88
14951;619;49;-3.13;-2.34;25.49;88
14961;620;49;-3.13;-2.34;25.49;88
14970;620;49;-3.13;-2.34;25.49;88
14980;621;49;-3.13;-2.34;25.49;88
14990;621;49;-3.13;-2.34;25.49;88
15000;621;49;-2.34;-2.34;25.49;88
15010;622;49;-2.34;-2.34;25.49;88
15020;622;49;-2.34;-2.34;25.49;88
15032;622;49;-2.34;-2.34;25.49;88
15040;622;49;-2.34;-2.34;25.49;88
15050;622;49;-2.34;-2.34;25.49;88
15060;621;49;-2.34;-2.34;25.49;88
15071;621;49;-2.34;-2.34;25.49;88
15081;622;49;-2.34;-2.34;25.49;88
15090;623;49;-2.34;-2.34;25.49;88
15100;623;49;-2.34;-2.34;25.49;88
15109;624;49;-2.34;-2.34;25.49;88
15120;625;49;-2.34;-2.34;25.49;88
15133;625;49;-2.34;-2.34;25.49;88
15149;626;49;-2.34;-2.34;25.49;88
15159;627;49;-2.34;-2.34;25.49;88
15171;628;49;-2.34;-2.34;25.49;88
15179;628;49;-2.34;-2.34;25.49;88
15191;629;49;-2.34;-2.34;25.49;88
15200;630;49;-2.34;-2.34;25.49;88
15209;628;49;-2.34;-2.34;25.49;88
15224;627;49;-2.34;-2.34;25.49;88
15241;625;49;-2.34;-2.34;25.49;88
15249;624;49;-2.34;-2.34;25.49;88
15260;623;49;-2.34;-2.34;25.49;88
15270;621;49;-2.34;-2.34;25.49;88
15281;621;49;-2.34;-2.34;25.49;88
15290;622;49;-2.34;-2.34;25.49;88
15299;622;49;-2.34;-2.34;25.49;88
15310;622;49;-2.34;-2.34;25.49;88
15321;623;49;-2.34;-2.34;25.49;88
15339;623;49;-2.34;-1.56;25.49;88
15350;623;49;-2.34;-1.56;25.49;88
15361;623;49;-2.34;-1.56;25.49;88
15372;623;49;-2.34;-1.56;25.49;88
15380;623;49;-2.34;-1.56;25.49;88
15390;623;49;-2.34;-1.56;25.49;88
15401;623;49;-2.34;-1.56;25.49;88
15410;624;49;-2.34;-1.56;25.49;88
15421;625;49;-2.34;-1.56;25.49;88
15432;626;49;-2.34;-1.56;25.49;88
15440;627;49;-2.34;-1.56;25.49;88
15451;627;49;-2.34;-1.56;25.49;88
15460;628;49;-2.34;-2.34;25.49;88
15472;628;49;-2.34;-2.34;25.49;88
15481;628;49;-2.34;-2.34;25.49;88
15490;627;49;-2.34;-2.34;25.49;88
15501;627;49;-2.34;-2.34;25.49;88
15510;627;49;-2.34;-2.34;25.49;88
15519;627;49;-2.34;-2.34;25.49;88
15531;627;49;-2.34;-2.34;25.49;88
15540;628;49;-2.34;-2.34;25.49;88
15551;629;49;-2.34;-2.34;25.49;88
15559;629;49;-2.34;-2.34;25.49;88
15571;630;49;-2.34;-2.34;25.49;88
15580;630;49;-2.34;-2.34;25.49;88
15589;629;49;-2.34;-2.34;25.10;88
15601;627;49;-2.34;-2.34;25.10;88
15610;626;49;-2.34;-2.34;25.10;88
15620;624;49;-2.34;-2.34;25.10;88
15631;623;49;-2.34;-2.34;25.10;88
15640;621;49;-2.34;-2.34;25.10;88
15652;621;49;-2.34;-2.34;25.10;88
15661;620;49;-2.34;-2.34;25.10;88
15671;619;49;-2.34;-2.34;25.10;88
15680;618;49;-2.34;-2.34;25.10;88
15691;618;49;-2.34;-2.34;25.10;88
15702;617;49;-2.34;-2.34;25.10;88
15719;618;49;-2.34;-2.34;25.10;88
15733;619;49;-2.34;-2.34;25.10;88
15750;621;49;-2.34;-2.34;25.10;88
15761;622;49;-2.34;-2.34;25.10;88
15770;623;49;-2.34;-2.34;25.10;88
15781;624;49;-2.34;-2.34;25.10;88
15790;624;49;-2.34;-2.34;25.49;88
15801;624;49;-2.34;-2.34;25.49;88
15813;625;49;-2.34;-2.34;25.49;88
15832;625;49;-2.34;-2.34;25.49;88
15840;625;49;-1.56;-2.34;25.49;88
15852;625;49;-1.56;-2.34;25.49;88
15860;625;49;-1.56;-2.34;25.49;88
15869;625;49;-1.56;-2.34;25.49;88
15878;625;49;-1.56;-2.34;25.49;88
15891;625;49;-1.56;-2.34;25.49;88
15900;625;49;-2.34;-2.34;25.49;88
15911;625;49;-2.34;-2.34;25.49;88
15919;625;49;-2.34;-2.34;25.49;88
15932;625;49;-2.34;-2.34;25.49;88
15950;625;49;-2.34;-2.34;25.49;88
15961;625;49;-2.34;-2.34;25.49;88
15972;625;49;-2.34;-2.34;25.49;88
15981;625;49;-2.34;-2.34;25.49;88
15989;626;49;-2.34;-2.34;25.49;88
16002;626;49;-2.34;-2.34;25.49;88
16011;626;49;-2.34;-2.34;25.49;88
16017;626;49;-2.34;-2.34;25.49;88
16033;626;49;-2.34;-2.34;25.49;88
16049;626;49;-2.34;-2.34;25.49;88
16060;627;49;-2.34;-2.34;25.10;88
16072;627;49;-2.34;-2.34;25.10;88
16091;628;49;-2.34;-2.34;25.10;88
16100;629;49;-2.34;-2.34;25.10;88
16111;629;49;-2.34;-2.34;25.10;88
16119;630;49;-2.34;-1.56;25.10;88
16133;628;49;-2.34;-1.56;25.10;88
16150;627;49;-2.34;-1.56;25.10;88
16160;626;49;-2.34;-1.56;25.10;88
16169;625;49;-2.34;-1.56;25.10;88
16177;624;49;-2.34;-1.56;25.10;88
16189;622;49;-2.34;-1.56;25.10;88
16199;622;49;-2.34;-1.56;25.10;88
16210;621;49;-2.34;-1.56;25.10;88
16221;621;49;-2.34;-1.56;25.10;88
16231;620;49;-2.34;-1.56;25.10;88
16237;620;49;-2.34;-1.56;25.10;88
16251;619;49;-2.34;-1.56;25.10;88
16260;620;49;-2.34;-1.56;25.49;88
16271;620;49;-2.34;-1.56;25.49;88
16280;621;49;-2.34;-1.56;25.49;88
16291;621;49;-2.34;-1.56;25.49;88
16300;622;49;-1.56;-1.56;25.49;88
16312;622;49;-1.56;-1.56;25.49;88
16318;623;49;-1.56;-1.56;25.49;88
16337;623;49;-1.56;-1.56;25.49;88
16350;624;49;-1.56;-1.56;25.49;88
16361;624;49;-1.56;-1.56;25.49;88
16370;624;49;-1.56;-1.56;25.49;88
16379;625;49;-1.56;-1.56;25.49;88
16391;625;49;-1.56;-1.56;25.49;88
16399;625;49;-1.56;-1.56;25.49;88
16411;624;49;-1.56;-1.56;25.49;88
16420;624;49;-1.56;-1.56;25.49;88
16432;624;49;-1.56;-1.56;25.49;88
16451;624;49;-1.56;-1.56;25.49;88
16460;625;49;-1.56;-1.56;25.49;88
16469;625;49;-1.56;-1.56;25.49;88
16478;625;49;-1.56;-1.56;25.49;88
16492;626;49;-1.56;-1.56;25.49;88
16499;626;49;-2.34;-1.56;25.49;88
16510;626;49;-2.34;-1.56;25.49;88
16519;626;49;-2.34;-1.56;25.49;88
16534;626;49;-2.34;-1.56;25.49;88
16551;626;49;-2.34;-1.56;25.49;88
16561;626;49;-2.34;-1.56;25.49;88
16570;626;49;-2.34;-1.56;25.49;88
16578;626;49;-2.34;-1.56;25.49;88
16590;626;49;-2.34;-1.56;25.49;88
16600;626;49;-2.34;-1.56;25.49;88
16609;626;49;-2.34;-1.56;25.49;88
16621;626;49;-2.34;-1.56;25.49;88
16631;626;49;-2.34;-1.56;25.49;88
16638;626;49;-2.34;-2.34;25.49;88
16649;627;49;-2.34;-2.34;25.10;88
16661;628;49;-2.34;-2.34;25.10;88
16673;629;49;-2.34;-2.34;25.10;88
16690;629;49;-2.34;-2.34;25.10;88
16699;630;49;-2.34;-2.34;25.10;88
16710;631;49;-2.34;-2.34;25.10;88
16720;630;49;-2.34;-2.34;25.10;88
16734;629;49;-2.34;-2.34;25.10;88
16749;628;49;-2.34;-2.34;25.10;88
16761;628;49;-2.34;-2.34;25.10;88
16768;627;49;-2.34;-2.34;25.10;88
16781;626;49;-2.34;-2.34;25.10;88
16791;626;49;-2.34;-2.34;25.10;88
16800;626;49;-2.34;-2.34;25.10;88
16811;625;49;-2.34;-2.34;25.10;88
16821;625;49;-2.34;-2.34;25.10;88
16832;625;49;-2.34;-2.34;25.10;88
16839;625;49;-2.34;-2.34;25.10;88
16851;626;49;-2.34;-2.34;25.10;88
16859;627;49;-2.34;-2.34;25.10;88
16870;627;49;-2.34;-2.34;25.10;88
16878;628;49;-2.34;-2.34;25.10;88
16892;629;49;-2.34;-2.34;25.10;88
16898;630;49;-2.34;-2.34;25.10;88
16912;630;49;-2.34;-2.34;25.10;88
16933;630;49;-2.34;-2.34;25.10;88
16949;629;49;-2.34;-2.34;25.10;88
16960;629;49;-2.34;-2.34;25.10;88
16971;629;49;-2.34;-2.34;25.10;88
16980;629;49;-2.34;-2.34;25.10;88
16991;629;49;-2.34;-2.34;25.10;88
16998;628;49;-2.34;-2.34;25.10;88
17010;628;49;-2.34;-2.34;25.10;88
17018;628;49;-2.34;-2.34;25.10;88
17032;627;49;-2.34;-2.34;25.10;88
17040;627;49;-2.34;-2.34;25.10;88
17052;627;49;-2.34;-2.34;25.10;88
17062;628;49;-2.34;-2.34;25.10;88
17068;628;49;-2.34;-2.34;25.10;88
17080;628;49;-2.34;-2.34;25.10;88
17092;629;49;-2.34;-2.34;25.10;88
17100;629;49;-2.34;-2.34;25.10;88
17110;628;49;-2.34;-2.34;25.10;88
17119;626;49;-2.34;-2.34;25.10;88
17134;625;49;-2.34;-2.34;25.10;88
17150;623;49;-2.34;-2.34;25.10;88
17159;622;49;-2.34;-2.34;25.10;88
17168;620;49;-2.34;-2.34;25.10;88
17178;621;49;-2.34;-2.34;25.10;88
17189;621;49;-2.34;-2.34;25.10;88
17198;621;49;-2.34;-2.34;25.10;88
17211;621;49;-2.34;-2.34;25.10;88
17218;621;49;-2.34;-2.34;25.10;88
17233;621;49;-2.34;-2.34;25.10;88
17250;622;49;-2.34;-2.34;25.10;88
17261;623;49;-2.34;-2.34;25.10;88
17269;624;49;-2.34;-2.34;25.10;88
17278;625;49;-2.34;-2.34;25.10;88
17291;626;49;-2.34;-2.34;25.10;88
17299;627;49;-2.34;-2.34;25.10;88
17312;626;49;-2.34;-2.34;25.10;88
17318;626;49;-2.34;-2.34;25.10;88
17340;625;49;-2.34;-2.34;25.10;88
17352;624;49;-2.34;-2.34;25.10;88
17360;624;49;-2.34;-2.34;25.10;88
17369;623;49;-2.34;-2.34;25.10;88
17380;622;49;-2.34;-2.34;25.10;88
17392;622;49;-2.34;-2.34;25.10;88
17399;622;49;-2.34;-2.34;25.10;88
17411;621;49;-2.34;-2.34;25.10;88
17420;621;49;-2.34;-2.34;25.10;88
17433;620;49;-2.34;-2.34;25.10;88
17450;621;49;-2.34;-2.34;25.10;88
17459;622;49;-2.34;-2.34;25.10;88
17471;623;49;-2.34;-2.34;25.10;88
17480;624;49;-2.34;-2.34;25.10;88
17489;624;49;-2.34;-2.34;25.10;88
17499;625;49;-2.34;-2.34;25.10;88
17511;625;49;-2.34;-2.34;25.10;88
17519;625;49;-2.34;-2.34;25.10;88
17534;624;49;-2.34;-2.34;25.10;88
17549;624;49;-2.34;-2.34;25.10;88
17560;624;49;-3.13;-2.34;25.10;88
17568;624;49;-3.13;-3.13;25.10;88
17580;624;49;-3.13;-3.13;25.10;88
17589;624;49;-3.13;-3.13;25.10;88
17598;624;49;-3.13;-3.13;25.10;88
17612;624;49;-3.13;-3.13;25.10;88
17621;624;49;-3.13;-3.13;25.10;88
17632;625;49;-3.13;-3.13;25.10;88
17649;625;49;-3.13;-3.13;25.10;88
17660;625;49;-3.13;-3.13;25.10;88
17668;625;49;-3.13;-3.13;25.10;88
17679;625;49;-3.13;-3.13;25.10;88
17692;626;49;-3.13;-3.13;25.10;88
17698;626;49;-3.13;-3.13;25.10;88
17710;626;49;-3.13;-3.13;25.10;88
17720;626;49;-3.13;-3.13;25.10;88
17731;626;49;-3.13;-3.13;25.10;88
17739;626;49;-3.13;-3.13;25.10;88
17749;625;49;-3.13;-3.13;25.10;88
17761;625;49;-3.13;-3.13;25.10;88
17769;624;49;-3.13;-3.13;25.10;88
17778;624;49;-3.13;-3.13;25.10;88
17789;623;49;-3.13;-3.13;25.10;88
17800;622;49;-3.13;-3.13;25.10;88
17810;621;49;-3.13;-3.13;25.10;88
17820;620;49;-3.13;-3.13;25.10;88
17830;620;49;-3.13;-3.13;25.10;88
17839;621;49;-3.13;-3.13;25.10;88
17849;621;49;-3.13;-3.13;25.10;88
17860;621;49;-3.13;-3.13;25.10;88
17870;622;49;-3.13;-3.13;25.10;88
17879;622;49;-3.13;-2.34;25.10;88
17890;621;49;-3.13;-2.34;25.10;88
17899;621;49;-3.13;-2.34;25.10;88
17909;621;49;-3.13;-2.34;25.10;88
17920;620;49;-3.13;-2.34;25.10;88
17935;620;49;-3.13;-2.34;25.10;88
17951;619;49;-3.13;-2.34;25.10;88
17959;620;49;-3.13;-2.34;25.49;88
17971;621;49;-3.13;-2.34;25.49;88
17979;622;49;-3.13;-2.34;25.49;88
17989;623;49;-3.13;-2.34;25.49;88
18000;624;49;-2.34;-2.34;25.49;88
18012;625;49;-2.34;-2.34;25.49;88
18033;626;49;-2.34;-2.34;25.49;88
18050;627;49;-2.34;-2.34;25.49;88
18059;628;49;-2.34;-2.34;25.49;88
18070;629;49;-2.34;-2.34;25.49;88
18079;630;49;-2.34;-2.34;25.49;88
18090;631;49;-2.34;-2.34;25.49;88
18100;631;49;-2.34;-2.34;25.49;88
18112;630;49;-2.34;-2.34;25.49;88
18132;630;49;-2.34;-2.34;25.49;88
18138;630;49;-2.34;-2.34;25.49;88
18150;629;49;-2.34;-2.34;25.49;88
18159;629;49;-2.34;-2.34;25.49;88
18171;629;49;-2.34;-2.34;25.10;88
18179;628;49;-2.34;-2.34;25.10;88
18190;628;49;-2.34;-2.34;25.10;88
18199;628;49;-2.34;-2.34;25.10;88
18212;627;49;-2.34;-2.34;25.10;88
18220;627;49;-2.34;-2.34;25.10;88
18231;627;49;-2.34;-2.34;25.10;88
18239;626;49;-2.34;-2.34;25.10;88
18251;626;49;-2.34;-2.34;25.10;88
18260;625;49;-2.34;-2.34;25.10;88
18269;625;49;-2.34;-2.34;25.10;88
18280;625;49;-2.34;-2.34;25.10;88
18291;625;49;-2.34;-2.34;25.10;88
18299;625;49;-2.34;-2.34;25.10;88
18310;626;49;-2.34;-2.34;25.10;88
18321;626;49;-2.34;-2.34;25.10;88
18337;627;49;-2.34;-2.34;25.10;88
18350;627;49;-2.34;-2.34;25.10;88
18360;628;49;-2.34;-2.34;25.10;88
18370;629;49;-2.34;-2.34;25.10;88
18379;630;49;-2.34;-2.34;25.10;88
18390;631;49;-2.34;-2.34;25.10;88
18399;632;49;-2.34;-2.34;25.10;88
18414;633;49;-2.34;-2.34;25.10;88
18432;633;49;-2.34;-2.34;25.10;88
18438;633;49;-2.34;-2.34;25.10;88
18450;632;49;-2.34;-2.34;25.10;88
18459;632;49;-2.34;-2.34;25.10;88
18469;632;49;-2.34;-2.34;25.10;88
18480;632;49;-2.34;-2.34;25.10;88
18491;631;49;-2.34;-2.34;25.10;88
18500;630;49;-2.34;-2.34;25.10;88
18511;630;49;-2.34;-2.34;25.10;88
18519;629;49;-2.34;-2.34;25.10;88
18534;628;49;-2.34;-2.34;25.10;88
18548;628;49;-2.34;-2.34;25.10;88
18559;628;49;-2.34;-2.34;25.10;88
18569;628;49;-2.34;-2.34;25.10;88
18580;628;49;-2.34;-2.34;25.10;88
18588;628;49;-2.34;-2.34;25.10;88
18600;628;49;-2.34;-2.34;25.10;88
18612;628;49;-2.34;-2.34;25.10;88
18620;627;49;-2.34;-2.34;25.10;88
18632;626;49;-2.34;-2.34;25.10;88
18640;625;49;-2.34;-2.34;25.10;88
18651;623;49;-2.34;-2.34;25.10;88
18659;622;49;-3.13;-2.34;25.10;88
18669;621;49;-3.13;-2.34;25.10;88
18679;622;49;-3.13;-2.34;25.10;88
18691;622;49;-3.13;-2.34;25.10;88
18698;623;49;-3.13;-2.34;25.10;88
18711;624;49;-3.13;-2.34;25.10;88
18719;625;49;-2.34;-2.34;25.10;88
18732;625;49;-2.34;-2.34;25.10;88
18751;626;49;-2.34;-2.34;25.10;88
18760;626;49;-2.34;-2.34;25.10;88
18771;627;49;-2.34;-2.34;25.10;88
18780;627;49;-2.34;-2.34;25.10;88
18792;627;49;-2.34;-2.34;25.10;88
18801;628;49;-2.34;-2.34;25.10;88
18809;628;49;-2.34;-2.34;25.10;88
18821;628;49;-2.34;-2.34;25.10;88
18833;628;49;-2.34;-2.34;25.10;88
18850;628;49;-2.34;-2.34;25.10;88
18859;627;49;-2.34;-2.34;25.10;88
18871;627;49;-2.34;-2.34;25.10;88
18879;627;49;-2.34;-2.34;25.10;88
18891;627;49;-2.34;-2.34;25.10;88
18900;627;49;-2.34;-2.34;25.10;88
18909;626;49;-2.34;-2.34;25.10;88
18919;626;49;-2.34;-2.34;25.10;88
18933;626;49;-2.34;-2.34;25.10;88
18949;626;49;-2.34;-2.34;25.10;88
18959;626;49;-2.34;-2.34;25.10;88
18971;626;49;-2.34;-2.34;25.10;88
18981;626;49;-2.34;-2.34;25.10;88
18990;626;49;-2.34;-2.34;25.10;88
19001;626;49;-2.34;-2.34;25.10;88
19012;627;49;-2.34;-2.34;25.10;88
19032;627;49;-2.34;-2.34;25.10;88
19039;627;49;-2.34;-2.34;25.10;88
19050;628;49;-2.34;-2.34;25.10;88
19058;628;49;-2.34;-2.34;25.10;88
19070;628;49;-2.34;-2.34;25.10;88
19079;627;49;-2.34;-2.34;25.10;88
19091;625;49;-2.34;-2.34;25.10;88
19101;624;49;-2.34;-2.34;25.10;88
19111;623;49;-2.34;-2.34;25.10;88
19120;621;49;-2.34;-2.34;25.10;88
19133;620;49;-2.34;-2.34;25.10;88
19149;622;49;-2.34;-2.34;25.10;88
19160;624;49;-2.34;-2.34;25.10;88
19169;626;49;-2.34;-2.34;25.10;88
19181;628;49;-2.34;-2.34;25.10;88
19190;629;49;-2.34;-2.34;25.10;88
19201;631;49;-2.34;-2.34;25.10;88
19209;632;49;-2.34;-2.34;25.10;88
19220;633;49;-2.34;-2.34;25.10;88
19232;634;49;-2.34;-2.34;25.10;88
19251;635;49;-2.34;-2.34;25.10;88
19261;636;49;-2.34;-2.34;25.10;88
19269;637;49;-2.34;-2.34;25.10;88
19281;636;49;-2.34;-2.34;25.49;88
19290;635;49;-2.34;-2.34;25.49;88
19300;635;49;-2.34;-2.34;25.49;88
19309;634;49;-2.34;-2.34;25.49;88
19320;633;49;-2.34;-2.34;25.49;88
19340;633;49;-2.34;-2.34;25.49;88
19350;632;49;-2.34;-2.34;25.49;88
19359;632;49;-2.34;-2.34;25.49;88
19370;631;49;-2.34;-2.34;25.49;88
19380;631;49;-2.34;-2.34;25.49;88
19389;631;49;-2.34;-2.34;25.49;88
19401;630;49;-2.34;-2.34;25.49;88
19410;627;49;-2.34;-2.34;25.49;88
19421;625;49;-2.34;-2.34;25.49;88
19433;622;49;-2.34;-2.34;25.49;88
19451;619;49;-2.34;-2.34;25.49;88
19461;617;49;-2.34;-2.34;25.49;88
19470;614;49;-2.34;-2.34;25.49;88
19479;615;49;-2.34;-2.34;25.49;88
19490;616;49;-2.34;-2.34;25.49;88
19500;617;49;-2.34;-2.34;25.49;88
19510;619;49;-2.34;-2.34;25.49;88
19521;620;49;-2.34;-2.34;25.49;88
19531;621;49;-2.34;-2.34;25.49;88
19539;622;49;-2.34;-2.34;25.49;88
19551;624;49;-2.34;-2.34;25.49;88
19561;626;49;-2.34;-2.34;25.49;88
19570;627;49;-2.34;-2.34;25.49;88
19582;629;49;-2.34;-2.34;25.49;88
19590;630;49;-2.34;-2.34;25.49;88
19600;630;49;-2.34;-2.34;25.49;88
19611;630;49;-2.34;-2.34;25.49;88
19619;630;49;-2.34;-2.34;25.49;88
19634;629;49;-2.34;-2.34;25.49;88
19652;629;49;-2.34;-2.34;25.49;88
19659;629;49;-2.34;-1.56;25.49;88
19670;628;49;-2.34;-1.56;25.49;88
19680;628;49;-2.34;-1.56;25.49;88
19690;627;49;-2.34;-1.56;25.49;88
19701;627;49;-2.34;-1.56;25.49;88
19710;626;49;-2.34;-1.56;25.49;88
19722;626;49;-2.34;-1.56;25.49;88
19731;626;49;-2.34;-1.56;25.49;88
19740;627;49;-2.34;-1.56;25.49;88
19751;627;49;-2.34;-1.56;25.49;88
19759;628;49;-2.34;-1.56;25.49;88
19771;628;49;-2.34;-1.56;25.49;88
19780;629;49;-2.34;-1.56;25.49;88
19791;629;49;-2.34;-1.56;25.49;88
19801;629;49;-2.34;-1.56;25.49;88
19809;629;49;-2.34;-1.56;25.49;88
19821;629;49;-2.34;-1.56;25.49;88
19832;629;49;-2.34;-1.56;25.49;88
19840;629;49;-2.34;-1.56;25.49;88
19852;629;49;-2.34;-1.56;25.49;88
19861;629;49;-2.34;-1.56;25.49;88
19871;629;49;-2.34;-1.56;25.49;88
19881;630;49;-2.34;-1.56;25.49;88
19890;630;49;-2.34;-1.56;25.49;88
19901;630;49;-2.34;-1.56;25.49;88
19911;630;49;-2.34;-1.56;25.49;88
19919;631;49;-2.34;-1.56;25.49;88
19932;631;49;-2.34;-1.56;25.49;88
19951;631;49;-2.34;-1.56;25.49;88
19959;632;49;-2.34;-1.56;25.49;88
19971;632;49;-2.34;-2.34;25.49;88
19979;631;49;-2.34;-2.34;25.10;88
19989;630;49;-2.34;-2.34;25.10;88
20001;630;49;-2.34;-2.34;25.10;88
20011;629;49;-2.34;-2.34;25.10;88
20020;628;49;-2.34;-2.34;25.10;88
20031;627;49;-2.34;-2.34;25.10;88
20041;627;49;-2.34;-2.34;25.10;88
20050;627;49;-2.34;-2.34;25.10;88
20061;627;49;-2.34;-2.34;25.10;88
20069;627;49;-2.34;-2.34;25.10;88
20079;627;49;-2.34;-2.34;25.10;88
20090;627;49;-2.34;-2.34;25.10;88
20099;627;49;-2.34;-2.34;25.10;88
20110;627;49;-2.34;-2.34;25.10;88
20121;627;49;-2.34;-2.34;25.10;88
20132;627;49;-2.34;-2.34;25.10;88
20142;627;49;-2.34;-2.34;25.10;88
20151;627;49;-2.34;-2.34;25.10;88
20160;627;49;-2.34;-2.34;25.10;88
20171;627;49;-2.34;-2.34;25.10;88
20179;628;49;-2.34;-2.34;25.10;88
20192;628;49;-2.34;-2.34;25.10;88
20200;628;49;-2.34;-2.34;25.10;88
20211;628;49;-2.34;-2.34;25.10;88
20219;628;49;-2.34;-2.34;25.10;88
20229;627;49;-2.34;-2.34;25.10;88
20242;627;49;-2.34;-2.34;25.10;88
20261;627;49;-2.34;-2.34;25.10;88
20270;626;49;-2.34;-2.34;25.10;88
20280;626;49;-2.34;-2.34;25.10;88
20291;625;49;-2.34;-2.34;25.10;88
20299;625;49;-2.34;-2.34;25.10;88
20311;625;49;-2.34;-2.34;25.10;88
20319;624;49;-2.34;-2.34;25.10;88
20337;624;49;-2.34;-2.34;25.10;88
20350;623;49;-2.34;-2.34;25.10;88
20361;624;49;-2.34;-2.34;25.10;88
20371;624;49;-2.34;-2.34;25.10;88
20381;624;49;-2.34;-2.34;25.10;88
20392;624;49;-2.34;-2.34;25.10;88
20398;624;49;-2.34;-2.34;25.10;88
20413;624;49;-2.34;-2.34;25.10;88
20431;624;49;-2.34;-2.34;25.10;88
20440;623;49;-2.34;-2.34;25.10;88
20451;623;49;-2.34;-2.34;25.10;88
20460;623;49;-2.34;-2.34;25.10;88
20472;622;49;-2.34;-2.34;25.10;88
20478;622;49;-2.34;-2.34;25.10;88
20492;623;49;-2.34;-2.34;25.10;88
20501;623;49;-2.34;-2.34;25.10;88
20511;624;49;-2.34;-2.34;25.10;88
20520;625;49;-2.34;-2.34;25.10;88
20534;625;49;-2.34;-2.34;25.10;88
20549;626;49;-2.34;-2.34;25.10;88
20561;626;49;-2.34;-2.34;25.10;88
20571;626;49;-2.34;-2.34;25.10;88
20582;627;49;-2.34;-2.34;25.10;88
20590;627;49;-2.34;-2.34;25.10;88
20599;627;49;-2.34;-2.34;25.10;88
20611;627;49;-2.34;-2.34;25.10;88
20620;626;49;-2.34;-2.34;25.10;88
20633;625;49;-2.34;-2.34;25.10;88
20651;624;49;-2.34;-2.34;25.10;88
20661;622;49;-2.34;-2.34;25.10;88
20669;621;49;-3.13;-2.34;25.10;88
20683;620;49;-3.13;-2.34;25.10;88
20699;621;49;-3.13;-2.34;25.10;88
20711;622;49;-3.13;-2.34;25.10;88
20719;623;49;-3.13;-2.34;25.10;88
20734;623;49;-3.13;-2.34;25.10;88
20752;624;49;-3.13;-2.34;25.10;88
20761;625;49;-3.13;-2.34;25.10;88
20771;625;49;-3.13;-2.34;25.10;88
20779;625;49;-3.13;-2.34;25.10;88
20790;624;49;-3.13;-2.34;25.10;88
20798;624;49;-3.13;-2.34;25.10;88
20810;624;49;-3.13;-2.34;25.10;88
20821;623;49;-3.13;-2.34;25.10;88
20834;624;49;-3.13;-2.34;25.10;88
20851;624;49;-3.13;-2.34;25.10;88
20860;625;49;-3.13;-2.34;25.10;88
20870;626;49;-3.13;-2.34;25.10;88
20878;626;49;-3.13;-2.34;25.10;88
20890;627;49;-3.13;-2.34;25.10;88
20901;627;49;-3.13;-2.34;25.10;88
20910;627;49;-3.13;-2.34;25.10;88
20922;627;49;-3.13;-2.34;25.10;88
20934;628;49;-3.13;-2.34;25.10;88
20951;628;49;-3.13;-2.34;25.10;88
20961;628;49;-3.13;-3.13;25.10;88
20969;628;49;-3.13;-3.13;25.10;88
20981;628;49;-3.13;-3.13;25.10;88
20990;628;49;-3.13;-3.13;25.10;88
20999;628;49;-3.13;-3.13;25.10;88
21011;627;49;-3.13;-3.13;25.10;88
21020;627;49;-3.13;-3.13;25.10;88
21032;627;49;-3.13;-3.13;25.10;88
21041;626;49;-3.13;-3.13;25.10;88
21052;626;49;-3.13;-3.13;25.10;88
21060;625;49;-3.13;-3.13;25.10;88
21069;625;49;-3.13;-3.13;25.10;88
21078;624;49;-3.13;-3.13;25.10;88
21090;624;49;-3.13;-3.13;25.10;88
21098;624;49;-3.13;-3.13;25.10;88
21110;624;49;-3.13;-3.13;25.10;88
21119;624;49;-3.13;-3.13;25.10;88
21134;624;49;-3.13;-3.13;25.10;88
21150;624;49;-3.13;-2.34;25.10;88
21160;623;49;-3.13;-2.34;25.10;88
21172;623;49;-3.13;-2.34;25.10;88
21190;623;49;-3.13;-2.34;25.10;88
21199;622;49;-3.13;-2.34;25.10;88
21211;622;49;-3.13;-2.34;25.10;88
21220;621;49;-3.13;-2.34;25.10;88
21232;622;49;-3.13;-2.34;25.10;88
21252;622;49;-3.13;-2.34;25.10;88
21260;623;49;-3.13;-2.34;25.10;88
21269;623;49;-3.13;-2.34;25.10;88
21280;623;49;-2.34;-2.34;25.10;88
21290;624;49;-2.34;-2.34;25.10;88
21300;624;49;-2.34;-2.34;25.10;88
21313;623;49;-2.34;-2.34;25.10;88
21340;623;49;-2.34;-2.34;25.10;88
21353;623;49;-2.34;-2.34;25.10;88
21372;623;49;-3.13;-2.34;25.10;88
21380;623;49;-3.13;-2.34;25.10;88
21392;623;49;-3.13;-2.34;25.10;88
21400;622;49;-3.13;-2.34;25.10;88
21411;622;49;-3.13;-2.34;25.10;88
21419;621;49;-3.13;-2.34;25.10;88
21430;621;49;-3.13;-2.34;25.10;88
21438;620;49;-3.13;-2.34;25.10;88
21450;621;49;-3.13;-2.34;25.49;88
21461;621;49;-3.13;-2.34;25.49;88
21472;621;49;-3.13;-2.34;25.49;88
21480;622;49;-3.13;-2.34;25.49;88
21491;622;49;-3.13;-2.34;25.49;88
21499;623;49;-3.13;-2.34;25.49;88
21512;622;49;-3.13;-2.34;25.49;88
21519;621;49;-3.13;-2.34;25.49;88
21535;621;49;-3.13;-2.34;25.49;88
21551;620;49;-3.13;-2.34;25.49;88
21563;619;49;-3.13;-2.34;25.49;88
21580;619;49;-3.13;-2.34;25.49;88
21591;619;49;-3.13;-2.34;25.49;88
21598;620;49;-3.13;-2.34;25.49;88
21612;620;49;-3.13;-2.34;25.49;88
21618;620;49;-3.13;-2.34;25.49;88
21632;621;49;-3.13;-2.34;25.49;88
21638;621;49;-3.13;-2.34;25.49;88
21651;623;49;-3.13;-2.34;25.49;88
21658;624;49;-3.13;-2.34;25.49;88
21669;625;49;-3.13;-2.34;25.49;88
21679;627;49;-3.13;-2.34;25.49;88
21689;628;49;-3.13;-2.34;25.49;88
21698;629;49;-3.13;-2.34;25.49;88
21710;629;49;-3.13;-2.34;25.49;88
21720;629;49;-3.13;-2.34;25.49;88
21732;629;49;-3.13;-2.34;25.49;88
21740;628;49;-3.13;-2.34;25.49;88
21751;628;49;-3.13;-2.34;25.49;88
21759;628;49;-3.13;-2.34;25.49;88
21771;627;49;-3.13;-2.34;25.49;88
21779;626;49;-3.13;-2.34;25.49;88
21789;625;49;-3.13;-2.34;25.49;88
21798;623;49;-3.13;-2.34;25.49;88
21811;622;49;-3.13;-2.34;25.49;88
21820;621;49;-3.13;-2.34;25.49;88
21834;622;49;-3.13;-2.34;25.49;88
21850;622;49;-3.13;-2.34;25.49;88
21861;623;49;-3.13;-2.34;25.49;88
21870;623;49;-3.13;-2.34;25.49;88
21880;624;49;-3.13;-2.34;25.49;88
21890;625;49;-3.13;-2.34;25.49;88
21900;625;49;-3.13;-2.34;25.49;88
21912;625;49;-3.13;-2.34;25.49;88
21919;625;49;-3.13;-2.34;25.49;88
21932;625;49;-3.13;-2.34;25.49;88
21938;626;49;-3.13;-2.34;25.49;88
21949;626;49;-3.13;-2.34;25.49;88
21959;626;49;-3.13;-2.34;25.10;88
21968;626;49;-3.13;-2.34;25.10;88
21979;626;49;-3.13;-2.34;25.10;88
21990;626;49;-3.13;-2.34;25.10;88
21998;627;49;-2.34;-2.34;25.10;88
22013;627;49;-2.34;-2.34;25.10;88
22031;627;49;-2.34;-2.34;25.10;88
22039;627;49;-2.34;-2.34;25.10;88
22049;627;49;-2.34;-2.34;25.10;88
22058;627;49;-2.34;-2.34;25.10;88
22070;627;49;-2.34;-2.34;25.10;88
22079;627;49;-2.34;-2.34;25.10;88
22093;626;49;-2.34;-2.34;25.10;88
22108;625;49;-2.34;-2.34;25.10;88
22119;625;49;-2.34;-2.34;25.10;88
22135;624;49;-2.34;-2.34;25.10;88
22151;623;49;-2.34;-2.34;25.10;88
22161;622;49;-2.34;-2.34;25.10;88
22171;622;49;-2.34;-2.34;25.10;88
22179;621;49;-2.34;-2.34;25.10;88
22191;621;49;-2.34;-2.34;25.10;88
22199;621;49;-2.34;-2.34;25.10;88
22211;620;49;-2.34;-2.34;25.10;88
22219;620;49;-2.34;-2.34;25.10;88
22231;621;49;-2.34;-2.34;25.10;88
22240;622;49;-2.34;-2.34;25.10;88
22249;623;49;-2.34;-2.34;25.10;88
22259;624;49;-2.34;-2.34;25.10;88
22270;625;49;-2.34;-2.34;25.10;88
22280;626;49;-2.34;-2.34;25.10;88
22289;626;49;-2.34;-2.34;25.10;88
22300;625;49;-2.34;-2.34;25.10;88
22312;625;49;-2.34;-2.34;25.10;88
22318;624;49;-2.34;-2.34;25.10;88
22338;624;49;-2.34;-2.34;25.10;88
22348;624;49;-2.34;-2.34;25.10;88
22359;624;49;-2.34;-2.34;25.10;88
22371;624;49;-2.34;-2.34;25.10;88
22379;624;49;-2.34;-2.34;25.10;88
22389;624;49;-2.34;-2.34;25.10;88
22400;624;49;-2.34;-2.34;25.10;88
22411;624;49;-2.34;-2.34;25.10;88
22420;625;49;-2.34;-2.34;25.10;88
22432;626;49;-2.34;-2.34;25.10;88
22440;627;49;-2.34;-2.34;25.10;88
22450;629;49;-2.34;-2.34;25.10;88
22460;630;49;-2.34;-2.34;25.10;88
22469;631;49;-2.34;-2.34;25.10;88
22480;631;49;-2.34;-2.34;25.10;88
22490;630;49;-2.34;-2.34;25.10;88
22500;630;49;-2.34;-2.34;25.10;88
22512;630;49;-2.34;-2.34;25.10;88
22521;629;49;-3.13;-2.34;25.10;88
22532;629;49;-3.13;-2.34;25.10;88
22540;628;49;-3.13;-2.34;25.10;88
22550;627;49;-3.13;-2.34;25.10;88
22560;627;49;-3.13;-2.34;25.10;88
22569;626;49;-3.13;-2.34;25.10;88
22581;625;49;-3.13;-2.34;25.10;88
22591;624;49;-3.13;-2.34;25.10;88
22599;625;49;-3.13;-2.34;25.10;88
22612;625;49;-3.13;-2.34;25.10;88
22633;625;49;-3.13;-2.34;25.10;88
22650;626;49;-3.13;-2.34;25.10;88
22659;626;49;-3.13;-2.34;25.10;88
22668;627;49;-3.13;-2.34;25.10;88
22678;627;49;-3.13;-2.34;25.10;88
22691;627;49;-3.13;-2.34;25.10;88
22700;627;49;-3.13;-2.34;25.10;88
22713;627;49;-3.13;-2.34;25.10;88
22733;627;49;-3.13;-2.34;25.10;88
22749;627;49;-3.13;-2.34;25.10;88
22759;627;49;-3.13;-2.34;25.10;88
22770;627;49;-3.13;-2.34;25.10;88
22779;627;49;-3.13;-2.34;25.10;88
22790;628;49;-3.13;-2.34;25.10;88
22800;628;49;-3.13;-2.34;25.10;88
22810;628;49;-3.13;-3.13;25.10;88
22820;629;49;-3.13;-3.13;25.10;88
22830;629;49;-3.13;-3.13;25.10;88
22839;630;49;-3.13;-3.13;25.10;88
22850;630;49;-3.13;-3.13;25.10;88
22858;631;49;-3.13;-3.13;25.10;88
22870;631;49;-3.13;-3.13;25.10;88
22880;630;49;-3.13;-3.13;25.10;88
22888;630;49;-3.13;-3.13;25.10;88
22899;629;49;-3.13;-3.13;25.10;88
22911;628;49;-3.13;-3.13;25.10;88
22920;627;49;-3.13;-3.13;25.10;88
22932;627;49;-3.13;-3.13;25.10;88
22940;625;49;-3.13;-3.13;24.71;88
22950;623;49;-3.13;-3.13;24.71;88
22959;622;49;-3.13;-3.13;24.71;88
22970;620;49;-3.13;-3.13;24.71;88
22981;619;49;-3.13;-3.13;24.71;88
22990;617;49;-3.13;-3.13;24.71;88
23000;618;49;-3.13;-3.13;24.71;88
23012;619;49;-3.13;-3.13;24.71;88
23033;620;49;-3.13;-3.13;24.71;88
23048;621;49;-3.13;-3.13;24.71;88
23061;623;49;-3.13;-3.13;24.71;88
23071;624;49;-3.13;-3.13;24.71;88
23080;624;49;-3.13;-3.13;25.10;88
23090;624;49;-3.13;-3.13;25.10;88
23100;624;49;-3.13;-3.13;25.10;88
23111;625;49;-3.13;-3.13;25.10;88
23120;625;49;-3.13;-3.13;25.10;88
23132;625;49;-3.13;-3.13;25.10;88
23151;626;49;-3.13;-3.13;25.10;88
23162;626;49;-3.13;-3.13;25.10;88
23171;627;49;-3.13;-3.13;25.10;88
23179;627;49;-3.13;-3.13;25.10;88
23191;627;49;-3.13;-3.13;25.10;88
23200;628;49;-3.13;-3.13;25.10;88
23212;628;49;-3.13;-3.13;25.10;88
23232;627;49;-3.13;-3.13;25.10;88
23240;627;49;-3.13;-3.13;25.10;88
23250;626;49;-3.13;-3.13;25.10;88
23259;626;49;-3.13;-3.13;25.10;88
23271;626;49;-3.13;-3.13;25.10;88
23280;624;49;-3.13;-3.13;25.10;88
23288;623;49;-3.13;-3.13;25.10;88
23301;622;49;-3.13;-3.13;25.10;88
23312;621;49;-3.13;-3.13;25.10;88
23337;619;49;-3.91;-3.13;25.10;88
23352;618;49;-3.91;-3.13;25.10;88
23361;619;49;-3.91;-3.13;25.10;88
23371;620;49;-3.91;-3.13;25.10;88
23380;621;49;-3.91;-3.13;25.10;88
23389;621;49;-3.91;-3.13;25.10;88
23400;622;49;-3.91;-3.13;25.10;88
23412;623;49;-3.91;-3.13;25.10;88
23433;624;49;-3.91;-3.13;25.10;88
23449;625;49;-3.91;-3.13;25.10;88
23459;626;49;-3.91;-3.13;25.10;88
23471;627;49;-3.91;-3.13;25.10;88
23479;628;49;-3.13;-3.13;25.10;88
23491;628;49;-3.13;-3.13;25.10;88
23500;628;49;-3.13;-3.13;25.10;88
23511;627;49;-3.13;-3.13;25.10;88
23521;627;49;-3.13;-3.13;25.10;88
23531;626;49;-3.13;-3.13;25.10;88
23539;625;49;-3.91;-3.13;25.10;88
23550;625;49;-3.91;-3.13;25.10;88
23561;624;49;-3.91;-3.13;25.49;88
23569;624;49;-3.91;-3.13;25.49;88
23579;623;49;-3.91;-3.13;25.49;88
23590;622;49;-3.91;-3.13;25.49;88
23599;622;49;-3.91;-3.13;25.49;88
23613;621;49;-3.91;-3.13;25.49;88
23632;620;49;-3.91;-3.13;25.49;88
23640;620;49;-3.91;-3.13;25.49;88
23651;619;49;-3.91;-3.13;25.49;88
23660;619;49;-3.91;-3.13;25.49;88
23669;618;49;-3.91;-3.13;25.49;88
23680;617;49;-3.91;-3.13;25.49;88
23689;618;49;-3.91;-3.13;25.49;88
23700;619;49;-3.91;-3.13;25.49;88
23713;620;49;-3.91;-3.13;25.49;88
23734;620;49;-3.91;-3.13;25.49;88
23751;621;49;-3.91;-3.13;25.49;88
23760;622;49;-3.91;-3.13;25.49;88
23769;622;49;-3.91;-3.13;25.49;88
23780;622;49;-3.91;-3.13;25.49;88
23790;622;49;-3.91;-3.13;25.49;88
23801;622;49;-3.91;-3.13;25.49;88
23813;622;49;-3.91;-3.13;25.49;88
23832;622;49;-3.91;-3.91;25.49;88
23851;622;49;-3.91;-3.91;25.49;88
23861;622;49;-3.91;-3.91;25.49;88
23871;622;49;-3.91;-3.91;25.49;88
23880;622;49;-3.91;-3.91;25.49;88
23891;622;49;-3.91;-3.91;25.49;88
23901;622;49;-3.91;-3.91;25.49;88
23909;622;49;-3.91;-3.91;25.49;88
23921;622;49;-3.91;-3.91;25.49;88
23933;622;49;-3.91;-3.91;25.49;88
23950;622;49;-3.91;-3.91;25.49;88
23959;622;49;-3.91;-3.91;25.49;88
23970;622;49;-3.91;-3.91;25.49;88
23979;622;49;-3.91;-3.91;25.49;88
23991;623;49;-3.91;-3.91;25.49;88
23999;623;49;-3.91;-3.91;25.49;88
24010;623;49;-3.91;-3.91;25.49;88
24019;624;49;-3.91;-3.91;25.49;88
24031;624;49;-3.91;-3.91;25.49;88
24040;624;49;-3.91;-3.91;25.10;88
24050;624;49;-3.91;-3.91;25.10;88
24061;623;49;-3.91;-3.91;25.10;88
24070;623;49;-3.91;-3.91;25.10;88
24080;623;49;-3.91;-3.91;25.10;88
24090;623;49;-3.91;-3.13;25.10;88
24099;622;49;-3.91;-3.13;25.10;88
24111;621;49;-3.91;-3.13;25.10;88
24120;620;49;-3.91;-3.13;25.10;88
24131;619;49;-3.91;-3.13;25.10;88
24140;619;49;-3.13;-3.13;25.10;88
24152;618;49;-3.13;-3.13;25.10;88
24160;619;49;-3.13;-3.13;25.49;88
24169;620;49;-3.13;-3.13;25.49;88
24180;621;49;-3.13;-3.13;25.49;88
24191;622;49;-3.13;-3.13;25.49;88
24201;623;49;-3.13;-3.13;25.49;88
24210;624;49;-3.13;-3.13;25.49;88
24219;623;49;-3.13;-3.13;25.49;88
24233;623;49;-3.13;-3.13;25.49;88
24250;623;49;-3.13;-3.13;25.49;88
24262;622;49;-3.13;-3.13;25.49;88
24270;622;49;-3.13;-3.13;25.49;88
24282;622;49;-3.13;-3.13;25.49;88
24291;622;49;-3.13;-3.13;25.49;88
24300;621;49;-3.13;-3.13;25.49;88
24309;621;49;-3.13;-3.13;25.49;88
24320;621;49;-3.13;-3.13;25.49;88
24337;621;49;-3.13;-3.13;25.49;88
24351;620;49;-3.13;-3.13;25.49;88
24359;620;49;-3.13;-3.13;25.49;88
24371;620;49;-3.13;-3.13;25.49;88
24381;620;49;-3.13;-3.13;25.49;88
24390;620;49;-3.13;-3.13;25.49;88
24399;620;49;-3.13;-3.13;25.49;88
24412;620;49;-3.13;-3.13;25.49;88
24432;621;49;-3.13;-3.13;25.49;88
24451;621;49;-3.13;-3.13;25.49;88
24462;622;49;-3.13;-3.13;25.49;88
24477;622;49;-3.13;-3.13;25.49;88
24490;622;49;-3.13;-3.13;25.49;88
24499;623;49;-3.13;-3.13;25.49;88
24509;623;49;-3.13;-3.13;25.49;88
24519;623;49;-3.13;-3.13;25.49;88
24533;623;49;-3.13;-3.13;25.49;88
24552;623;49;-3.13;-3.13;25.49;88
24571;623;49;-2.34;-3.13;25.49;88
24579;623;49;-2.34;-3.13;25.49;88
24591;622;49;-2.34;-3.13;25.10;88
24599;622;49;-2.34;-3.13;25.10;88
24612;622;49;-2.34;-3.13;25.10;88
24621;621;49;-2.34;-3.13;25.10;88
24631;621;49;-2.34;-3.13;25.10;88
24640;620;49;-2.34;-3.13;25.10;88
24651;620;49;-2.34;-3.13;25.49;88
24659;620;49;-2.34;-3.13;25.49;88
24672;619;49;-2.34;-3.13;25.49;88
24677;619;49;-2.34;-3.13;25.49;88
24690;619;49;-2.34;-3.13;25.49;88
24699;618;49;-2.34;-3.13;25.49;88
24712;619;49;-2.34;-3.13;25.49;88
24721;620;49;-2.34;-3.13;25.49;88
24731;620;49;-2.34;-3.13;25.49;88
24740;621;49;-2.34;-3.13;25.49;88
24749;622;49;-2.34;-3.13;25.49;88
24757;622;49;-2.34;-3.13;25.49;88
24772;624;49;-2.34;-3.13;25.49;88
24779;625;49;-2.34;-3.13;25.49;88
24791;626;49;-2.34;-3.13;25.49;88
24798;628;49;-2.34;-3.13;25.49;88
24812;629;49;-2.34;-3.13;25.49;88
24819;630;49;-2.34;-3.13;25.49;88
24832;630;49;-2.34;-3.13;25.10;88
24851;629;49;-2.34;-3.13;25.10;88
24861;629;49;-2.34;-3.13;25.10;88
24867;628;49;-2.34;-3.13;25.10;88
24880;628;49;-2.34;-3.13;25.10;88
24891;627;49;-2.34;-3.13;25.10;88
24899;627;49;-2.34;-3.13;25.10;88
24911;627;49;-2.34;-3.13;25.10;88
24919;626;49;-2.34;-3.13;25.10;88
24931;626;49;-2.34;-3.13;25.10;88
24942;626;49;-2.34;-3.13;25.10;88
24951;625;49;-2.34;-2.34;25.10;88
24960;625;49;-2.34;-2.34;25.10;88
24971;626;49;-2.34;-2.34;25.10;88
24980;626;49;-2.34;-2.34;25.10;88
24989;626;49;-2.34;-2.34;25.10;88
25001;626;49;-2.34;-2.34;25.10;88
25011;626;49;-2.34;-2.34;25.10;88
25019;626;49;-2.34;-2.34;25.10;88
25031;626;49;-2.34;-2.34;25.10;88
25039;626;49;-2.34;-2.34;25.10;88
25051;626;49;-2.34;-2.34;25.10;88
25059;625;49;-2.34;-2.34;25.10;88
25071;625;49;-2.34;-2.34;25.10;88
25080;626;49;-2.34;-2.34;25.10;88
25091;627;49;-2.34;-2.34;25.10;88
25103;628;49;-2.34;-2.34;25.10;88
25120;630;49;-2.34;-2.34;25.10;88
25132;631;49;-1.56;-2.34;25.10;88
25152;632;49;-1.56;-2.34;25.10;88
25169;631;49;-1.56;-2.34;24.71;88
25179;630;49;-1.56;-2.34;24.71;88
25191;630;49;-1.56;-2.34;24.71;88
25200;629;49;-1.56;-2.34;24.71;88
25211;629;49;-1.56;-2.34;24.71;88
25219;628;49;-1.56;-2.34;24.71;88
25231;628;49;-1.56;-2.34;24.71;88
25239;628;49;-1.56;-2.34;24.71;88
25250;627;49;-1.56;-2.34;24.71;88
25262;627;49;-1.56;-2.34;24.71;88
25268;627;49;-2.34;-2.34;24.71;88
25279;626;49;-2.34;-2.34;24.71;88
25291;627;49;-2.34;-2.34;24.71;88
25299;627;49;-2.34;-2.34;24.71;88
25310;627;49;-2.34;-2.34;24.71;88
25318;627;49;-2.34;-2.34;24.71;88
25339;627;49;-2.34;-2.34;24.71;88
25351;628;49;-2.34;-2.34;24.71;88
25371;628;49;-2.34;-2.34;24.71;88
25380;628;49;-2.34;-2.34;24.71;88
25391;628;49;-2.34;-2.34;24.71;88
25398;628;49;-2.34;-2.34;24.71;88
25411;628;49;-2.34;-2.34;24.71;88
25422;628;49;-2.34;-2.34;24.71;88
25433;627;49;-2.34;-2.34;24.71;88
25449;626;49;-2.34;-2.34;24.71;88
25462;625;49;-2.34;-2.34;24.71;88
25468;624;49;-2.34;-2.34;24.71;88
25479;624;49;-2.34;-2.34;24.71;88
25491;623;49;-2.34;-3.13;24.71;88
25500;623;49;-2.34;-3.13;24.71;88
25512;624;49;-2.34;-3.13;24.71;88
25518;625;49;-2.34;-3.13;24.71;88
25533;625;49;-2.34;-3.13;24.71;88
25550;626;49;-2.34;-3.13;24.71;88
25559;626;49;-2.34;-3.13;24.71;88
25570;626;49;-2.34;-3.13;24.71;88
25581;625;49;-2.34;-3.13;24.71;88
25590;625;49;-2.34;-3.13;24.71;88
25601;624;49;-2.34;-3.13;24.71;88
25610;623;49;-2.34;-3.13;24.71;88
25618;623;49;-2.34;-3.13;24.71;88
25631;622;49;-2.34;-3.13;24.71;88
25640;622;49;-2.34;-3.13;24.71;88
25648;622;49;-2.34;-3.13;24.71;88
25658;622;49;-2.34;-3.13;24.71;88
25670;622;49;-2.34;-3.13;24.71;88
25680;621;49;-2.34;-3.13;24.71;88
25690;623;49;-2.34;-3.13;25.10;88
25699;624;49;-2.34;-3.13;25.10;88
25712;625;49;-2.34;-3.13;25.10;88
25718;626;49;-2.34;-3.13;25.10;88
25733;627;49;-2.34;-3.13;25.10;88
25749;628;49;-2.34;-3.13;25.10;88
25761;629;49;-2.34;-3.13;25.10;88
25769;630;49;-2.34;-3.13;25.10;88
25780;630;49;-2.34;-3.13;25.10;88
25791;631;49;-2.34;-3.13;25.10;88
25800;632;49;-3.13;-3.13;25.10;88
25811;633;49;-3.13;-3.13;25.10;88
25820;632;49;-3.13;-3.13;25.10;88
25832;631;49;-3.13;-3.13;25.10;88
25838;630;49;-3.13;-3.13;25.10;88
25850;629;49;-3.13;-3.13;25.10;88
25858;628;49;-3.13;-3.13;25.10;88
25870;627;49;-3.13;-3.13;25.10;88
25879;627;49;-3.13;-3.13;25.10;88
25892;627;49;-3.13;-3.13;25.10;88
25898;628;49;-3.13;-3.13;25.10;88
25911;628;49;-3.13;-3.13;25.10;88
25921;628;49;-3.13;-3.13;25.10;88
25934;628;49;-3.13;-3.13;25.10;88
25949;628;49;-3.13;-3.13;24.71;88
25959;627;49;-3.13;-3.13;24.71;88
25971;626;49;-3.13;-3.13;24.71;88
25980;626;49;-3.13;-3.13;24.71;88
25988;625;49;-3.13;-3.13;24.71;88
26000;625;49;-3.13;-3.13;24.71;88
26010;624;49;-3.13;-3.13;24.71;88
26019;623;49;-3.13;-3.13;24.71;88
26032;623;49;-3.13;-3.13;24.71;88
26052;622;49;-3.13;-3.13;24.71;88
26070;622;49;-3.13;-3.13;24.71;88
26079;621;49;-3.13;-3.13;24.71;88
26091;621;49;-3.13;-3.13;24.71;88
26099;621;49;-3.13;-3.13;24.71;88
26111;621;49;-3.13;-3.13;24.71;88
26119;621;49;-3.13;-3.13;24.71;88
26130;621;49;-3.13;-3.13;24.71;88
26141;621;49;-3.13;-3.13;24.71;88
26149;622;49;-3.13;-3.13;25.10;88
26161;622;49;-3.13;-3.13;25.10;88
26170;623;49;-3.13;-3.13;25.10;88
26179;623;49;-3.13;-3.13;25.10;88
26189;624;49;-3.13;-3.13;25.10;88
26198;624;49;-3.13;-3.13;25.10;88
26211;624;49;-3.13;-3.13;25.10;88
26218;624;49;-3.13;-3.13;25.10;88
26232;624;49;-3.13;-3.13;25.10;88
26249;624;49;-3.13;-3.13;25.10;88
26260;624;49;-3.91;-3.13;25.10;88
26271;624;49;-3.91;-3.13;25.10;88
26280;624;49;-3.91;-3.13;25.10;88
26291;623;49;-3.91;-3.13;25.10;88
26299;623;49;-3.91;-3.13;25.10;88
26310;623;49;-3.91;-3.13;25.10;88
26319;623;49;-3.91;-3.13;25.10;88
26340;623;49;-3.91;-3.13;25.10;88
26352;623;49;-3.91;-3.13;25.10;88
26370;623;49;-3.91;-3.13;25.10;88
26379;623;49;-3.91;-3.13;25.10;88
26392;623;49;-3.91;-3.13;25.10;88
26411;623;49;-3.91;-3.13;25.10;88
26419;623;49;-3.91;-3.13;25.10;88
26431;624;49;-3.91;-3.13;25.10;88
26440;625;49;-3.91;-3.13;25.10;88
26452;625;49;-3.91;-3.13;25.10;88
26460;626;49;-3.91;-3.13;25.10;88
26469;627;49;-3.91;-3.13;25.10;88
26478;628;49;-3.91;-3.13;25.10;88
26490;628;49;-3.91;-3.13;25.10;88
26501;628;49;-3.91;-3.13;25.10;88
26512;628;49;-3.91;-3.13;25.10;88
26519;628;49;-3.91;-3.13;25.10;88
26532;628;49;-3.91;-3.13;25.10;88
26550;628;49;-3.91;-3.13;25.10;88
26559;628;49;-3.91;-3.13;25.10;88
26571;627;49;-3.91;-3.13;25.10;88
26578;627;49;-3.91;-3.13;25.10;88
26591;627;49;-3.91;-3.13;25.10;88
26599;626;49;-3.91;-3.13;25.10;88
26609;626;49;-3.91;-3.91;25.10;88
26618;626;49;-3.91;-3.91;25.10;88
26631;626;49;-3.91;-3.91;25.10;88
26638;627;49;-3.91;-3.91;25.10;88
26649;627;49;-3.91;-3.91;25.10;88
26660;627;49;-3.91;-3.91;25.10;88
26669;628;49;-3.91;-3.91;25.10;88
26679;627;49;-3.91;-3.91;25.10;88
26690;627;49;-3.91;-3.91;25.10;88
26698;627;49;-3.91;-3.91;25.10;88
26711;626;49;-3.91;-3.91;25.10;88
26720;626;49;-3.91;-3.91;25.10;88
26732;626;49;-3.91;-3.91;25.10;88
26740;626;49;-3.91;-3.91;25.10;88
26749;626;49;-3.91;-3.91;25.10;88
26760;625;49;-3.91;-3.91;25.10;88
26769;625;49;-3.91;-3.91;25.10;88
26778;625;49;-3.91;-3.91;25.10;88
26789;625;49;-3.91;-3.91;25.10;88
26799;624;49;-3.91;-3.91;25.10;88
26811;624;49;-3.91;-3.91;25.10;88
26820;623;49;-3.91;-3.91;25.10;88
26832;623;49;-3.91;-3.91;25.10;88
26849;623;49;-3.91;-3.91;25.10;88
26858;622;49;-3.91;-3.91;25.10;88
26869;622;49;-3.91;-3.91;25.10;88
26879;623;49;-3.91;-3.91;25.10;88
26890;623;49;-3.91;-3.91;25.10;88
26900;623;49;-3.91;-3.91;25.10;88
26910;624;49;-3.91;-3.91;25.10;88
26920;624;49;-3.91;-3.91;25.10;88
26932;624;49;-3.91;-3.91;25.10;88
26950;623;49;-3.91;-3.91;25.10;88
26961;622;49;-3.91;-3.91;25.10;88
26970;622;49;-3.91;-3.91;25.10;88
26978;621;49;-3.91;-3.91;25.10;88
26990;621;49;-3.91;-3.91;25.10;88
27000;622;49;-3.91;-3.91;25.10;88
27010;622;49;-3.91;-3.91;25.10;88
27018;623;49;-3.91;-3.91;25.10;88
27031;624;49;-3.91;-3.91;25.10;88
27040;625;49;-3.91;-3.91;25.10;88
27050;625;49;-3.91;-3.13;25.10;88
27059;624;49;-3.91;-3.13;25.10;88
27069;624;49;-3.91;-3.13;25.10;88
27081;623;49;-3.91;-3.13;25.10;88
27089;622;49;-3.91;-3.13;25.10;88
27100;621;49;-3.91;-3.13;25.10;88
27112;620;49;-3.91;-3.13;25.10;88
27120;621;49;-3.91;-3.13;25.10;88
27132;621;49;-3.91;-3.13;25.10;88
27149;622;49;-3.91;-3.13;25.10;88
27158;623;49;-3.91;-3.13;25.10;88
27171;624;49;-3.91;-3.13;25.10;88
27180;624;49;-3.91;-3.13;25.10;88
27189;624;49;-3.91;-3.13;25.10;88
27200;624;49;-3.91;-3.13;25.10;88
27210;624;49;-3.91;-3.13;25.10;88
27219;623;49;-3.91;-3.13;25.10;88
27233;623;49;-3.91;-3.13;25.10;88
27251;623;49;-3.91;-3.13;25.10;88
27260;623;49;-3.91;-3.13;25.10;88
27269;623;49;-3.91;-3.13;25.10;88
27279;623;49;-3.91;-3.13;25.10;88
27292;622;49;-3.91;-3.13;25.10;88
27300;622;49;-3.91;-3.13;25.10;88
27310;622;49;-3.91;-3.13;25.10;88
27320;622;49;-3.91;-3.13;25.10;88
27337;622;49;-3.91;-3.13;25.10;88
27350;622;49;-3.91;-3.13;25.10;88
27360;621;49;-3.91;-3.13;25.10;88
27369;621;49;-3.13;-3.13;25.10;88
27381;621;49;-3.13;-3.13;25.10;88
27390;622;49;-3.13;-3.13;25.10;88
27399;624;49;-3.13;-3.13;25.10;88
27411;625;49;-3.13;-3.13;25.10;88
27420;626;49;-3.13;-3.13;25.10;88
27432;628;49;-3.13;-3.13;25.10;88
27449;629;49;-3.13;-3.13;25.10;88
27460;629;49;-3.13;-3.13;25.10;88
27471;629;49;-3.13;-3.13;25.10;88
27480;629;49;-3.13;-3.13;25.10;88
27490;629;49;-3.13;-3.13;25.10;88
27500;629;49;-3.13;-3.13;25.10;88
27508;629;49;-3.13;-3.13;25.10;88
27520;627;49;-3.13;-3.13;25.10;88
27532;626;49;-3.13;-3.13;25.10;88
27550;624;49;-3.13;-3.13;25.10;88
27560;623;49;-3.13;-3.13;25.10;88
27569;621;49;-3.13;-3.13;25.10;88
27580;619;49;-3.13;-3.13;25.10;88
27591;620;49;-3.13;-3.13;25.10;88
27601;620;49;-3.13;-3.13;25.10;88
27609;621;49;-3.13;-3.13;25.10;88
27620;621;49;-3.13;-3.13;25.10;88
27631;622;49;-3.13;-3.13;25.10;88
27640;622;49;-3.13;-3.13;25.10;88
27649;623;49;-3.13;-3.13;25.10;88
27659;624;49;-3.13;-3.13;25.10;88
27671;625;49;-3.13;-3.13;25.10;88
27682;625;49;-3.13;-3.13;25.10;88
27690;626;49;-3.13;-3.13;25.10;88
27701;627;49;-3.13;-3.13;25.10;88
27713;627;49;-3.13;-3.13;25.10;88
27733;626;49;-3.13;-3.13;25.10;88
27751;626;49;-3.13;-3.13;25.10;88
27761;626;49;-3.13;-3.13;25.10;88
27771;626;49;-3.13;-3.13;25.10;88
27780;626;49;-3.13;-3.13;25.10;88
27791;626;49;-3.13;-3.13;25.10;88
27799;626;49;-3.13;-3.13;25.10;88
27809;626;49;-3.13;-3.13;25.10;88
27821;626;49;-3.13;-3.13;25.10;88
27833;627;49;-3.13;-3.13;25.10;88
27851;627;49;-3.13;-3.13;25.10;88
27860;626;49;-3.13;-3.13;25.10;88
27871;626;49;-3.13;-3.13;25.10;88
27880;625;49;-3.13;-3.13;25.10;88
27891;625;49;-3.13;-3.13;25.10;88
27899;624;49;-3.13;-3.13;25.10;88
27909;623;49;-3.13;-3.13;25.10;88
27920;623;49;-3.13;-3.13;25.10;88
27932;622;49;-3.13;-3.13;25.10;88
27949;622;49;-3.13;-3.13;25.10;88
27959;621;49;-3.13;-3.13;25.10;88
27970;621;49;-3.13;-3.13;25.10;88
27981;620;49;-3.13;-3.13;25.10;88
27989;621;49;-3.13;-3.13;25.10;88
28001;622;49;-3.13;-3.13;25.10;88
28013;622;49;-3.13;-3.13;25.10;88
28034;623;49;-3.13;-3.13;25.10;88
28050;624;49;-3.13;-3.13;25.10;88
28060;624;49;-3.13;-3.13;25.10;88
28071;624;49;-3.13;-3.13;25.10;88
28079;624;49;-3.13;-3.13;25.10;88
28091;623;49;-3.13;-3.13;25.10;88
28097;623;49;-3.13;-3.13;25.10;88
28111;623;49;-3.13;-3.13;25.10;88
28117;622;49;-3.13;-3.13;25.10;88
28133;622;49;-3.13;-3.13;25.10;88
28150;622;49;-3.13;-3.13;25.10;88
28160;622;49;-3.13;-3.13;25.10;88
28169;622;49;-3.13;-3.13;25.10;88
28177;622;49;-3.13;-3.13;25.10;88
28192;622;49;-3.13;-3.13;25.10;88
28210;623;49;-3.13;-3.13;25.10;88
28217;624;49;-3.13;-3.13;25.10;88
28230;625;49;-3.13;-3.13;25.10;88
28239;626;49;-3.13;-3.13;25.10;88
28250;627;49;-3.13;-3.13;25.10;88
28261;628;49;-3.13;-3.13;25.10;88
28269;627;49;-3.13;-3.13;25.10;88
28277;627;49;-3.13;-3.13;25.10;88
28288;627;49;-3.13;-3.13;25.10;88
28298;627;49;-3.13;-3.13;25.10;88
28312;627;49;-3.13;-3.13;25.10;88
28339;627;49;-3.13;-3.13;25.10;88
28351;627;49;-3.13;-3.13;25.10;88
28362;626;49;-3.13;-3.13;25.10;88
28379;626;49;-3.13;-3.13;25.10;88
28390;626;49;-3.13;-3.13;25.10;88
28400;626;49;-3.13;-3.13;25.10;88
28413;626;49;-3.13;-3.13;25.10;88
28433;626;49;-3.13;-3.13;25.10;88
28450;626;49;-3.13;-3.13;25.10;88
28459;626;49;-3.13;-3.13;25.10;88
28470;626;49;-3.13;-3.13;25.10;88
28479;626;49;-3.13;-3.13;25.10;88
28490;626;49;-3.13;-3.13;25.10;88
28499;626;49;-3.13;-3.13;25.10;88
28512;627;49;-3.13;-3.13;25.10;88
28533;627;49;-3.13;-3.13;25.10;88
28550;627;49;-3.13;-3.13;25.10;88
28561;627;49;-3.13;-3.13;25.10;88
28570;628;49;-3.13;-3.13;25.10;88
28578;628;49;-3.13;-3.13;25.10;88
28590;629;49;-3.13;-3.13;25.10;88
28598;630;49;-3.13;-3.13;25.10;88
28614;631;49;-3.13;-3.13;25.10;88
28631;632;49;-3.13;-3.13;25.10;88
28637;632;49;-3.13;-3.13;25.10;88
28649;632;49;-3.13;-3.13;24.71;88
28661;632;49;-3.13;-3.13;24.71;88
28670;631;49;-3.13;-3.13;24.71;88
28679;631;49;-3.13;-3.13;24.71;88
28688;630;49;-3.13;-3.13;24.71;88
28698;630;49;-3.13;-3.13;24.71;88
28710;629;49;-3.13;-3.13;24.71;88
28718;628;49;-3.13;-3.13;24.71;88
28733;627;49;-3.13;-3.13;24.71;88
28749;627;49;-3.13;-3.13;24.71;88
28760;626;49;-3.13;-3.13;24.71;88
28769;625;49;-3.13;-3.13;24.71;88
28781;625;49;-3.13;-3.13;24.71;88
28791;625;49;-3.13;-3.13;24.71;88
28797;625;49;-3.13;-3.13;24.71;88
28811;625;49;-3.13;-3.13;24.71;88
28818;625;49;-3.13;-3.13;24.71;88
28832;625;49;-3.13;-3.13;24.71;88
28851;625;49;-3.13;-3.13;24.71;88
28860;624;49;-3.13;-3.13;24.71;88
28870;624;49;-3.13;-3.13;24.71;88
28879;623;49;-3.13;-3.13;24.71;88
28891;623;49;-3.13;-3.13;24.71;88
28900;622;49;-3.13;-3.13;24.71;88
28910;622;49;-3.13;-3.13;24.71;88
28920;622;49;-3.13;-3.13;24.71;88
28934;622;49;-3.13;-3.13;24.71;88
28950;622;49;-3.13;-3.13;24.71;88
28959;622;49;-3.13;-3.13;24.71;88
28969;621;49;-3.13;-3.13;24.71;88
28978;622;49;-3.13;-3.13;25.10;88
28989;623;49;-3.13;-3.13;25.10;88
28997;623;49;-3.13;-3.13;25.10;88
29011;624;49;-3.13;-3.13;25.10;88
29019;625;49;-3.13;-3.13;25.10;88
29030;626;49;-3.13;-3.13;25.10;88
29039;626;49;-3.13;-3.13;25.10;88
29050;627;49;-3.13;-3.13;25.10;88
29061;628;49;-3.13;-3.13;25.10;88
29068;628;49;-3.13;-3.13;25.10;88
29079;629;49;-3.13;-3.13;25.10;88
29091;630;49;-3.13;-3.13;25.10;88
29100;630;49;-3.13;-3.13;25.10;88
29111;630;49;-3.13;-3.13;25.10;88
29118;630;49;-3.13;-3.13;25.10;88
29133;630;49;-3.13;-3.13;25.10;88
29151;629;49;-3.13;-3.13;25.10;88
29157;629;49;-3.13;-3.13;25.10;88
29169;629;49;-3.13;-3.13;24.71;88
29178;628;49;-3.13;-3.13;24.71;88
29190;628;49;-3.13;-3.13;24.71;88
29198;627;49;-3.13;-3.13;24.71;88
29210;626;49;-3.13;-3.13;24.71;88
29218;626;49;-3.13;-3.91;24.71;88
29230;625;49;-3.13;-3.91;24.71;88
29240;624;49;-3.13;-3.91;24.71;88
29251;624;49;-3.13;-3.91;24.71;88
29260;623;49;-3.13;-3.91;24.71;88
29271;622;49;-3.13;-3.91;24.71;88
29279;621;49;-3.13;-3.91;24.71;88
29288;622;49;-3.13;-3.91;25.10;88
29297;622;49;-3.13;-3.91;25.10;88
29312;622;49;-3.13;-3.91;25.10;88
29339;622;49;-3.13;-3.91;25.10;88
29350;623;49;-3.13;-3.91;25.10;88
29362;623;49;-3.13;-3.91;25.10;88
29379;623;49;-3.13;-3.91;25.10;88
29393;623;49;-3.13;-3.91;25.10;88
29413;623;49;-3.13;-3.91;25.10;88
29430;622;49;-3.13;-3.91;25.10;88
29441;622;49;-3.13;-3.91;25.10;88
29450;622;49;-3.13;-3.91;25.10;88
29459;622;49;-3.13;-3.91;25.10;88
29472;622;49;-3.13;-3.91;25.10;88
29478;621;49;-3.13;-3.91;25.10;88
29489;621;49;-3.13;-3.91;25.10;88
29500;621;49;-3.13;-3.91;25.10;88
29511;620;49;-3.13;-3.91;25.10;88
29520;621;49;-3.13;-3.91;25.10;88
29532;622;49;-3.13;-3.91;25.10;88
29551;623;49;-3.13;-3.91;25.10;88
29561;624;49;-3.13;-3.91;25.10;88
29572;625;49;-3.13;-3.91;25.10;88
29579;626;49;-3.13;-3.91;25.10;88
29589;626;49;-3.13;-3.91;25.10;88
29599;626;49;-3.13;-3.91;25.10;88
29613;625;49;-3.13;-3.91;25.10;88
29629;625;49;-3.13;-3.91;25.10;88
29639;624;49;-3.91;-3.91;25.10;88
29651;624;49;-3.91;-3.91;25.10;88
29661;623;49;-3.91;-3.91;25.10;88
29670;622;49;-3.91;-3.91;25.10;88
29680;621;49;-3.91;-3.91;25.10;88
29690;620;49;-3.91;-3.91;25.10;88
29698;620;49;-3.91;-3.91;25.10;88
29713;619;49;-3.91;-3.91;25.10;88
29732;620;49;-3.91;-3.91;25.49;88
29750;620;49;-3.91;-3.91;25.49;88
29759;621;49;-3.91;-3.91;25.49;88
29769;622;49;-3.91;-3.91;25.49;88
29779;623;49;-3.91;-3.91;25.49;88
29789;624;49;-3.91;-3.91;25.49;88
29798;624;49;-3.91;-3.91;25.49;88
29811;624;49;-3.91;-3.91;25.49;88
29820;623;49;-3.91;-3.91;25.49;88
29834;623;49;-3.91;-3.91;25.49;88
29849;623;49;-3.91;-3.91;25.49;88
29860;623;49;-3.91;-3.91;25.49;88
29870;623;49;-3.91;-3.91;25.49;88
29878;623;49;-3.91;-3.91;25.49;88
29891;624;49;-3.91;-3.91;25.49;88
29900;624;49;-3.91;-3.91;25.49;88
29911;624;49;-3.91;-3.91;25.49;88
29919;625;49;-3.91;-3.91;25.49;88
29934;624;49;-3.91;-3.91;25.10;88
29949;623;49;-3.91;-3.91;25.10;88
29961;623;49;-3.91;-3.91;25.10;88
29970;622;49;-3.91;-3.91;25.10;88
29978;621;49;-3.91;-3.91;25.10;88
29992;620;49;-3.91;-3.91;25.10;88
30000;620;49;-3.91;-3.91;25.10;88
30012;620;49;-3.91;-3.91;25.10;88
30032;620;49;-3.91;-3.91;25.10;88
30039;619;49;-3.91;-3.91;25.10;88
30050;619;49;-3.91;-3.91;25.10;88
30059;619;49;-3.91;-3.91;25.10;88
30069;619;49;-3.91;-3.91;25.49;88
30078;619;49;-3.91;-3.91;25.49;88
30090;619;49;-3.91;-3.91;25.49;88
30098;619;49;-3.91;-3.91;25.49;88
30111;619;49;-3.91;-3.91;25.49;88
30118;619;49;-3.91;-3.91;25.49;88
30130;620;49;-3.91;-3.91;25.49;88
30139;620;49;-3.91;-3.91;25.49;88
30150;620;49;-3.91;-3.91;25.49;88
30159;621;49;-3.91;-3.91;25.49;88
30171;621;49;-3.13;-3.91;25.49;88
30180;621;49;-3.13;-3.91;25.49;88
30189;621;49;-3.13;-3.91;25.49;88
30198;620;49;-3.13;-3.91;25.49;88
30213;620;49;-3.13;-3.91;25.49;88
30231;619;49;-3.13;-3.91;25.49;88
30240;619;49;-3.13;-3.91;25.49;88
30251;618;49;-3.13;-3.91;25.49;88
30263;619;49;-3.13;-3.91;25.49;88
30279;619;49;-3.13;-3.91;25.49;88
30292;619;49;-3.13;-3.91;25.49;88
30300;619;49;-3.13;-3.91;25.49;88
30310;619;49;-3.13;-3.91;25.49;88
30319;619;49;-3.13;-3.91;25.49;88
30338;619;49;-3.13;-3.91;25.49;88
30352;619;49;-3.13;-3.91;25.49;88
30360;619;49;-3.13;-3.91;25.49;88
30368;619;49;-3.13;-3.91;25.49;88
30378;619;49;-3.13;-3.91;25.49;88
30390;619;49;-3.13;-3.91;25.49;88
30398;619;49;-3.13;-3.91;25.49;88
30410;619;49;-3.13;-3.91;25.49;88
30421;619;49;-3.13;-3.91;25.49;88
30431;619;49;-3.13;-3.91;25.49;88
30438;619;49;-3.13;-3.91;25.49;88
30450;619;49;-3.13;-3.91;25.49;88
30460;620;49;-3.13;-3.91;25.49;88
30471;621;49;-3.13;-3.91;25.49;88
30479;621;49;-3.13;-3.91;25.49;88
30491;622;49;-3.13;-3.91;25.49;88
30500;623;49;-3.91;-3.91;25.49;88
30510;623;49;-3.91;-3.91;25.49;88
30519;623;49;-3.91;-3.91;25.49;88
30531;623;49;-3.91;-3.91;25.49;88
30538;623;49;-3.91;-3.91;25.49;88
30549;623;49;-3.91;-3.91;25.49;88
30559;623;49;-3.91;-3.91;25.49;88
30568;623;49;-3.91;-3.91;25.49;88
30581;623;49;-3.91;-3.91;25.49;88
30589;624;49;-3.91;-3.91;25.49;88
30599;625;49;-3.91;-3.91;25.49;88
30612;626;49;-3.91;-3.91;25.49;88
30631;627;49;-3.91;-3.91;25.49;88
30639;628;49;-3.91;-3.91;25.49;88
30651;628;49;-3.91;-3.91;25.49;88
30659;629;49;-3.91;-3.91;25.49;88
30668;629;49;-3.91;-3.91;25.49;88
30680;629;49;-3.91;-3.91;25.49;88
30690;630;49;-3.91;-3.91;25.49;88
30699;630;49;-3.91;-3.91;25.49;88
30713;630;49;-3.91;-3.91;25.49;88
30731;629;49;-3.91;-3.91;25.49;88
30739;628;49;-3.91;-3.91;25.49;88
30749;628;49;-3.91;-3.91;25.49;88
30761;627;49;-3.91;-3.91;25.49;88
30769;626;49;-3.91;-3.91;25.49;88
30779;627;49;-3.91;-3.91;25.49;88
30789;627;49;-3.91;-3.91;25.49;88
30801;627;49;-3.91;-3.91;25.49;88
30811;627;49;-3.91;-3.91;25.49;88
30819;627;49;-3.91;-3.91;25.49;88
30833;628;49;-3.91;-3.91;25.49;88
30850;628;49;-3.91;-3.91;25.49;88
30859;629;49;-3.91;-3.91;25.49;88
30868;630;49;-3.91;-3.91;25.49;88
30878;631;49;-3.91;-3.91;25.49;88
30894;631;49;-3.91;-3.91;25.49;88
30912;632;49;-3.91;-3.91;25.49;88
30931;632;49;-3.91;-3.91;25.49;88
30938;633;49;-3.91;-3.91;25.49;88
30950;633;49;-3.91;-3.91;25.49;88
30960;633;49;-3.91;-3.91;25.49;88
30968;633;49;-3.91;-3.91;25.49;88
30981;633;49;-3.91;-3.91;25.49;88
30989;633;49;-3.91;-3.91;25.10;88
31000;632;49;-3.91;-3.91;25.10;88
31012;632;49;-3.91;-3.91;25.10;88
31031;632;49;-3.91;-3.91;25.10;88
31039;631;49;-3.91;-3.91;25.10;88
31050;631;49;-3.91;-3.91;25.10;88
31059;631;49;-3.91;-3.91;25.10;88
31070;631;49;-3.91;-3.91;25.10;88
31079;631;49;-3.91;-3.91;25.10;88
31090;631;49;-3.91;-3.91;25.10;88
31099;631;49;-3.91;-3.91;25.10;88
31110;631;49;-3.91;-3.91;25.10;88
31119;631;49;-3.91;-3.91;25.10;88
31131;630;49;-3.91;-3.91;25.10;88
31140;630;49;-3.91;-3.91;25.10;88
31150;630;49;-3.91;-3.91;25.10;88
31159;630;49;-3.13;-3.91;25.10;88
31171;630;49;-3.13;-3.91;25.10;88
31179;630;49;-3.13;-3.91;25.10;88
31190;631;49;-3.13;-3.91;25.10;88
31199;632;49;-3.13;-3.91;25.10;88
31209;632;49;-3.13;-3.91;25.10;88
31219;633;49;-3.13;-3.91;25.10;88
31232;633;49;-3.13;-3.91;25.10;88
31249;635;49;-3.13;-3.91;25.49;88
31260;637;49;-3.13;-3.91;25.49;88
31269;638;49;-3.13;-3.91;25.49;88
31279;640;49;-3.13;-3.91;25.49;88
31290;641;49;-3.13;-3.91;25.49;88
31300;643;49;-3.13;-3.91;25.49;88
31312;642;49;-3.13;-3.91;25.49;88
31320;641;49;-3.13;-3.91;25.49;88
31340;640;49;-3.13;-3.91;25.49;88
31349;639;49;-3.13;-3.91;25.49;88
31360;639;49;-3.13;-3.91;25.49;88
31370;638;49;-3.13;-3.91;25.49;88
31379;637;49;-3.13;-3.91;25.10;88
31389;636;49;-3.13;-3.91;25.10;88
31400;636;49;-3.13;-3.91;25.10;88
31412;635;49;-3.13;-3.91;25.10;88
31419;635;49;-3.13;-3.91;25.10;88
31432;634;49;-3.13;-3.91;25.10;88
31440;635;49;-3.13;-3.91;25.49;88
31448;637;49;-3.13;-3.91;25.49;88
31459;638;49;-3.13;-3.91;25.49;88
31470;639;49;-3.13;-3.91;25.49;88
31479;641;49;-3.13;-3.91;25.49;88
31490;642;49;-3.13;-3.91;25.49;88
31499;642;49;-3.13;-3.91;25.49;88
31510;643;49;-3.13;-3.91;25.49;88
31518;643;49;-3.13;-3.91;25.49;88
31532;643;49;-3.13;-3.91;25.49;88
31548;643;49;-3.13;-3.91;25.49;88
31560;643;49;-3.13;-3.91;25.49;88
31570;644;49;-3.13;-3.91;25.49;88
31585;644;49;-3.13;-3.91;25.49;88
31600;644;49;-3.13;-3.91;25.49;88
31611;645;49;-3.13;-3.91;25.49;88
31619;645;49;-3.13;-3.91;25.49;88
31632;645;49;-3.13;-3.91;25.49;88
31651;646;49;-3.13;-3.91;25.10;88
31661;646;49;-3.13;-3.91;25.10;88
31669;646;49;-3.13;-3.91;25.10;88
31680;646;49;-3.13;-3.91;25.10;88
31690;646;49;-3.13;-3.91;25.10;88
31700;646;49;-3.13;-3.91;25.10;88
31710;645;49;-3.13;-3.91;25.10;88
31720;644;49;-3.13;-3.91;25.10;88
31732;644;49;-3.13;-3.91;25.10;88
31750;643;49;-3.13;-3.91;25.10;88
31760;642;49;-3.13;-3.91;25.10;88
31769;641;49;-3.13;-3.91;25.10;88
31780;641;49;-3.13;-3.91;25.10;88
31791;641;49;-3.13;-3.91;25.10;88
31799;641;49;-3.13;-3.91;25.10;88
31809;641;49;-3.13;-3.91;25.10;88
31819;641;49;-3.13;-3.91;25.10;88
31831;641;49;-3.13;-3.91;25.10;88
31840;641;49;-3.13;-3.91;25.10;88
31849;642;49;-3.13;-3.91;25.10;88
31860;642;49;-3.13;-3.91;25.10;88
31869;643;49;-3.13;-3.91;25.10;88
31879;643;49;-3.91;-3.91;25.10;88
31891;643;49;-3.91;-3.91;25.10;88
31900;643;49;-3.91;-3.91;25.10;88
31913;643;49;-3.91;-3.91;25.10;88
31934;643;49;-3.91;-3.91;25.10;88
31950;643;49;-3.91;-3.91;25.10;88
31961;643;49;-3.91;-3.91;25.10;88
31970;642;49;-3.91;-3.91;25.10;88
31980;644;49;-3.91;-3.91;25.49;88
31991;645;49;-3.91;-3.91;25.49;88
32000;646;49;-3.91;-3.91;25.49;88
32009;647;49;-3.91;-3.91;25.49;88
32021;648;49;-3.91;-3.91;25.49;88
32033;649;49;-3.91;-3.91;25.49;88
32051;650;49;-3.91;-3.91;25.49;88
32059;651;49;-3.91;-3.91;25.49;88
32071;651;49;-3.91;-3.91;25.49;88
32079;652;49;-3.91;-3.91;25.49;88
32090;653;49;-3.91;-3.91;25.49;88
32099;654;49;-3.91;-3.91;25.49;88
32110;653;49;-3.91;-3.91;25.49;88
32120;651;49;-3.91;-3.91;25.49;88
32132;650;49;-3.91;-3.91;25.49;88
32150;649;49;-3.91;-3.91;25.49;88
32159;648;49;-3.91;-3.91;25.49;88
32170;647;49;-3.91;-3.91;25.49;88
32181;649;49;-3.91;-3.91;25.49;88
32189;650;49;-3.91;-3.91;25.49;88
32199;652;49;-3.91;-3.91;25.49;88
32214;654;49;-3.91;-3.91;25.49;88
32231;655;49;-3.91;-3.91;25.49;88
32240;657;49;-3.91;-3.91;25.49;88
32250;658;49;-3.91;-3.91;25.49;88
32259;660;49;-3.91;-3.91;25.49;88
32270;661;49;-3.91;-3.91;25.49;88
32278;662;49;-3.91;-3.91;25.49;88
32290;664;49;-3.91;-3.91;25.49;88
32301;665;49;-3.91;-3.91;25.49;88
32311;664;49;-3.91;-3.91;25.49;88
32319;663;49;-3.91;-3.91;25.49;88
32337;663;49;-3.91;-3.91;25.49;88
32349;662;49;-3.91;-3.91;25.49;88
32360;661;49;-3.91;-3.91;25.49;88
32370;660;49;-3.91;-3.91;25.49;88
32379;658;49;-3.91;-3.91;25.10;88
32390;657;49;-3.91;-3.91;25.10;88
32399;655;49;-3.91;-3.91;25.10;88
32413;653;49;-3.91;-3.91;25.10;88
32434;651;49;-3.91;-3.91;25.10;88
32452;649;49;-3.91;-3.91;25.10;88
32459;649;49;-3.91;-3.91;25.10;88
32470;650;49;-3.91;-3.91;25.10;88
32479;650;49;-3.91;-3.91;25.10;88
32491;650;49;-3.91;-3.91;25.10;88
32500;650;49;-3.91;-3.91;25.10;88
32512;650;49;-3.91;-3.91;25.10;88
32533;651;49;-3.91;-3.91;25.10;88
32551;652;49;-3.91;-3.91;25.10;88
32559;653;49;-3.91;-3.91;25.10;88
32570;654;49;-3.91;-3.91;25.10;88
32579;654;49;-3.91;-3.91;25.10;88
32591;655;49;-3.91;-3.91;25.10;88
32597;656;49;-3.91;-3.91;25.10;88
32611;656;49;-3.91;-3.91;25.10;88
32622;656;49;-3.91;-3.91;25.10;88
32632;656;49;-3.91;-3.91;25.10;88
32652;657;49;-3.91;-3.91;25.10;88
32660;657;49;-3.91;-3.91;25.10;88
32672;657;49;-3.91;-3.91;25.49;88
32682;657;49;-3.91;-3.91;25.49;88
32690;656;49;-3.91;-3.91;25.49;88
32699;656;49;-3.91;-3.91;25.49;88
32710;656;49;-3.91;-3.91;25.49;88
32719;656;49;-3.91;-3.91;25.49;88
32733;657;49;-3.91;-3.91;25.49;88
32750;659;49;-3.91;-3.91;25.49;88
32761;661;49;-3.91;-3.91;25.49;88
32771;662;49;-3.91;-3.91;25.49;88
32777;664;49;-3.91;-3.91;25.49;88
32789;665;49;-3.91;-3.91;25.49;88
32799;666;49;-3.91;-3.91;25.49;88
32811;666;49;-3.91;-3.91;25.49;88
32821;666;49;-3.91;-3.91;25.49;88
32832;666;49;-3.91;-3.91;25.49;88
32851;667;49;-3.91;-3.91;25.49;88
32859;667;49;-3.91;-3.91;25.49;88
32871;666;49;-3.91;-3.91;25.10;88
32879;664;49;-3.91;-3.91;25.10;88
32890;663;49;-3.91;-3.91;25.10;88
32900;662;49;-3.91;-3.91;25.10;88
32912;661;49;-3.91;-3.91;25.10;88
32932;659;49;-3.91;-3.91;25.10;88
32949;659;49;-3.91;-3.91;25.49;88
32960;659;49;-3.91;-3.91;25.49;88
32971;659;49;-3.91;-3.91;25.49;88
32980;659;49;-3.91;-3.91;25.49;88
32989;658;49;-3.91;-3.91;25.49;88
33001;658;49;-3.91;-3.91;25.49;88
33012;658;49;-3.91;-3.91;25.49;88
33029;659;49;-3.91;-3.91;25.49;88
33040;659;49;-3.91;-3.91;25.49;88
33049;659;49;-3.91;-3.91;25.49;88
33061;659;49;-3.91;-3.91;25.49;88
33071;660;49;-3.91;-3.91;25.49;88
33079;661;49;-3.91;-3.91;25.49;88
33089;662;49;-3.91;-3.91;25.49;88
33097;663;49;-3.91;-3.91;25.49;88
33111;664;49;-3.91;-3.91;25.49;88
33119;665;49;-3.91;-3.91;25.49;88
33134;667;49;-3.91;-3.91;25.49;88
33151;667;49;-3.91;-3.91;25.49;88
33161;666;49;-3.91;-3.91;25.49;88
33171;666;49;-3.91;-3.91;25.49;88
33179;666;49;-3.91;-3.91;25.49;88
33191;666;49;-3.91;-3.91;25.49;88
33198;666;49;-3.91;-3.91;25.49;88
33212;665;49;-3.91;-3.91;25.49;88
33218;665;49;-3.91;-3.91;25.49;88
33230;664;49;-3.91;-3.91;25.49;88
33238;663;49;-3.91;-3.91;25.49;88
33250;663;49;-3.91;-3.91;25.49;88
33261;662;49;-3.91;-3.91;25.49;88
33271;663;49;-3.91;-3.91;25.49;88
33279;664;49;-3.91;-3.91;25.49;88
33290;665;49;-3.91;-3.91;25.49;88
33298;665;49;-3.91;-3.91;25.49;88
33311;666;49;-3.13;-3.91;25.49;88
33319;667;49;-3.13;-3.91;25.49;88
33340;668;49;-3.13;-3.91;25.49;88
33349;668;49;-3.13;-3.91;25.49;88
33361;669;49;-3.13;-3.91;25.49;88
33371;669;49;-3.13;-3.91;25.49;88
33379;669;49;-3.13;-3.91;25.49;88
33390;670;49;-3.13;-3.91;25.49;88
33398;669;49;-3.13;-3.91;25.49;88
33411;668;49;-3.13;-3.91;25.49;88
33419;667;49;-3.13;-3.91;25.49;88
33433;666;49;-3.13;-3.91;25.49;88
33450;665;49;-3.13;-3.91;25.49;88
33459;664;49;-3.13;-3.91;25.49;88
33471;665;49;-3.13;-3.91;25.49;88
33479;667;49;-3.13;-3.91;25.49;88
33491;668;49;-3.13;-3.91;25.49;88
33499;669;49;-3.13;-3.91;25.49;88
33511;671;49;-3.13;-3.91;25.49;88
33520;672;49;-3.13;-3.13;25.49;88
33533;671;49;-3.13;-3.13;25.49;88
33552;671;49;-3.13;-3.13;25.49;88
33569;671;49;-3.13;-3.13;25.49;88
33578;670;49;-3.13;-3.13;25.49;88
33591;670;49;-3.13;-3.13;25.49;88
33599;669;49;-3.13;-3.13;25.49;88
33611;670;49;-3.13;-3.13;25.49;88
33621;671;49;-3.13;-3.13;25.49;88
33630;672;49;-3.13;-3.13;25.49;88
33638;672;49;-3.13;-3.13;25.49;88
33651;673;49;-3.13;-3.13;25.49;88
33659;674;49;-3.13;-3.13;25.49;88
33670;675;49;-3.13;-3.13;25.49;88
33680;675;49;-3.13;-3.13;25.49;88
33692;676;49;-3.13;-3.13;25.49;88
33699;677;49;-3.13;-3.13;25.49;88
33711;677;49;-2.34;-3.13;25.49;88
33718;678;49;-2.34;-3.13;25.49;88
33733;677;49;-2.34;-3.13;25.49;88
33749;677;49;-2.34;-3.13;25.49;88
33760;677;49;-2.34;-3.13;25.49;88
33772;676;49;-2.34;-3.13;25.49;88
33779;676;49;-2.34;-3.13;25.49;88
33789;675;49;-2.34;-3.13;25.49;88
33798;676;49;-2.34;-3.13;25.49;88
33812;676;49;-2.34;-3.13;25.49;88
33834;677;49;-2.34;-3.13;25.49;88
33851;678;49;-2.34;-3.13;25.49;88
33860;678;49;-2.34;-3.13;25.49;88
33870;679;49;-2.34;-3.13;25.49;88
33878;679;49;-2.34;-3.13;25.10;88
33891;679;49;-2.34;-3.13;25.10;88
33898;679;49;-2.34;-3.13;25.10;88
33910;680;49;-2.34;-3.13;25.10;88
33919;680;49;-2.34;-3.13;25.10;88
33932;680;49;-2.34;-3.13;25.10;88
33940;680;49;-2.34;-3.13;25.10;88
33951;679;49;-2.34;-3.13;25.10;88
33962;678;49;-2.34;-3.13;25.10;88
33979;678;49;-2.34;-3.13;25.10;88
33989;677;49;-1.56;-3.13;25.10;88
33998;677;49;-1.56;-3.13;25.10;88
34010;677;49;-1.56;-3.13;25.10;88
34018;677;49;-1.56;-3.13;25.10;88
34030;677;49;-1.56;-3.13;25.10;88
34040;677;49;-1.56;-3.13;25.10;88
34049;676;49;-1.56;-3.13;25.10;88
34062;676;49;-1.56;-3.13;25.10;88
34079;676;49;-1.56;-3.13;24.71;88
34092;676;49;-1.56;-3.13;24.71;88
34101;676;49;-1.56;-3.13;24.71;88
34113;676;49;-1.56;-3.13;24.71;88
34133;676;49;-1.56;-3.13;24.71;88
34149;676;49;-1.56;-3.13;24.71;88
34162;676;49;-1.56;-3.13;24.71;88
34169;677;49;-1.56;-3.13;24.71;88
34179;678;49;-1.56;-3.13;24.71;88
34190;678;49;-1.56;-3.13;24.71;88
34199;679;49;-1.56;-3.13;24.71;88
34211;680;49;-1.56;-3.13;24.71;88
34220;679;49;-1.56;-3.13;24.71;88
34230;679;49;-1.56;-3.13;24.71;88
34239;678;49;-1.56;-3.13;24.71;88
34250;677;49;-1.56;-3.13;24.71;88
34260;677;49;-1.56;-3.13;24.71;88
34270;676;49;-1.56;-3.13;24.71;88
34278;676;49;-1.56;-3.13;24.71;88
34290;677;49;-1.56;-3.13;24.71;88
34300;677;49;-1.56;-3.13;24.71;88
34313;677;49;-1.56;-3.13;24.71;88
34339;678;49;-1.56;-3.13;24.71;88
34353;678;49;-1.56;-3.13;24.71;88
34371;678;49;-1.56;-3.13;24.71;88
34380;679;49;-1.56;-3.13;24.71;88
34389;680;49;-1.56;-3.13;24.71;88
34398;680;49;-1.56;-3.13;24.71;88
34411;681;49;-1.56;-3.13;24.71;88
34419;681;49;-1.56;-3.13;24.71;88
34431;682;49;-1.56;-3.13;24.71;88
34439;682;49;-1.56;-3.13;24.71;88
34450;683;49;-1.56;-3.13;24.71;88
34463;683;49;-1.56;-3.13;24.71;88
34478;684;49;-1.56;-3.13;24.71;88
34490;684;49;-1.56;-3.13;24.71;88
34499;683;49;-1.56;-3.13;24.71;88
34512;682;49;-1.56;-3.13;24.71;88
34531;682;49;-1.56;-3.13;24.71;88
34540;681;49;-1.56;-3.13;24.71;88
34550;680;49;-1.56;-3.13;24.71;88
34559;679;49;-1.56;-3.13;24.71;88
34568;679;49;-1.56;-3.13;24.71;88
34579;679;49;-1.56;-3.13;24.71;88
34591;679;49;-1.56;-3.13;24.71;88
34600;679;49;-1.56;-3.13;24.71;88
34610;679;49;-1.56;-3.13;24.71;88
34621;679;49;-1.56;-3.13;24.71;88
34630;679;49;-1.56;-3.13;24.71;88
34639;678;49;-1.56;-3.13;24.71;88
34651;677;49;-1.56;-3.13;24.71;88
34660;677;49;-1.56;-3.13;24.71;88
34670;676;49;-1.56;-3.13;24.71;88
34680;676;49;-1.56;-3.13;24.71;88
34691;677;49;-1.56;-3.13;24.71;88
34699;678;49;-1.56;-3.13;24.71;88
34710;679;49;-1.56;-3.13;24.71;88
34721;680;49;-1.56;-3.13;24.71;88
34733;681;49;-2.34;-3.13;24.71;88
34748;682;49;-2.34;-3.13;24.71;88
34763;682;49;-2.34;-3.13;24.71;88
34780;682;49;-2.34;-3.13;24.71;88
34790;682;49;-2.34;-3.13;24.71;88
34800;682;49;-2.34;-3.13;24.71;88
34812;681;49;-2.34;-3.13;24.71;88
34831;681;49;-2.34;-3.13;24.71;88
34840;681;49;-2.34;-3.13;24.31;88
34849;681;49;-2.34;-3.13;24.31;88
34859;680;49;-2.34;-3.13;24.31;88
34869;680;49;-2.34;-3.13;24.31;88
34880;680;49;-2.34;-3.13;24.31;88
34889;679;49;-2.34;-3.91;24.31;88
34900;679;49;-2.34;-3.91;24.31;88
34911;678;49;-2.34;-3.91;24.31;88
34920;678;49;-2.34;-3.91;24.31;88
34931;677;49;-2.34;-3.91;24.31;88
34939;677;49;-3.13;-3.91;24.31;88
34949;676;49;-3.13;-3.91;24.31;88
34961;675;49;-3.13;-3.91;24.31;88
34970;674;49;-3.13;-3.91;24.31;88
34978;673;49;-3.13;-3.91;24.31;88
34988;672;49;-3.13;-3.91;24.31;88
35001;671;49;-3.13;-3.91;24.31;88
35010;670;49;-3.13;-3.91;24.31;88
35020;670;49;-3.13;-3.91;24.31;88
35031;671;49;-3.13;-3.91;24.31;88
35040;672;49;-3.13;-3.91;24.31;88
35049;673;49;-3.13;-3.91;24.31;88
35060;673;49;-3.13;-3.91;24.31;88
35069;674;49;-3.13;-3.91;24.31;88
35081;675;49;-3.13;-3.91;24.71;88
35089;675;49;-3.13;-3.91;24.71;88
35100;676;49;-3.13;-3.91;24.71;88
35108;676;49;-3.13;-3.91;24.71;88
35118;677;49;-3.13;-3.91;24.71;88
35130;677;49;-3.13;-3.91;24.71;88
35140;677;49;-3.13;-3.91;24.71;88
35149;677;49;-3.13;-3.91;24.71;88
35158;677;49;-3.13;-3.91;24.71;88
35170;677;49;-3.13;-3.91;24.71;88
35180;677;49;-3.91;-3.91;24.71;88
35189;677;49;-3.91;-3.91;24.71;88
35201;676;49;-3.91;-3.91;24.71;88
35212;676;49;-3.91;-3.91;24.71;88
35231;675;49;-3.91;-3.91;24.71;88
35239;675;49;-3.91;-3.91;24.71;88
35249;675;49;-3.91;-3.91;24.71;88
35261;674;49;-3.91;-3.91;24.71;88
35269;674;49;-3.91;-3.91;25.10;88
35278;674;49;-3.91;-3.91;25.10;88
35289;675;49;-3.91;-3.91;25.10;88
35300;675;49;-3.91;-3.91;25.10;88
35310;675;49;-3.91;-3.91;25.10;88
35320;675;49;-3.91;-3.91;25.10;88
35337;675;49;-3.91;-3.91;25.10;88
35348;675;49;-3.91;-3.91;25.10;88
35358;675;49;-3.91;-3.91;25.10;88
35370;675;49;-3.91;-3.91;25.10;88
35378;675;49;-3.91;-3.91;25.10;88
35389;674;49;-3.91;-3.91;25.10;88
35400;675;49;-3.91;-3.91;25.10;88
35409;676;49;-3.91;-3.91;25.10;88
35418;677;49;-3.91;-3.91;25.10;88
35430;679;49;-3.91;-3.91;25.10;88
35439;680;49;-3.91;-3.91;25.10;88
35448;681;49;-3.91;-3.13;25.10;88
35462;679;49;-3.91;-3.13;24.71;88
35479;678;49;-3.91;-3.13;24.71;88
35491;677;49;-3.91;-3.13;24.71;88
35501;676;49;-3.91;-3.13;24.71;88
35509;675;49;-3.91;-3.13;24.71;88
35520;674;49;-3.91;-3.13;24.71;88
35531;673;49;-3.91;-3.13;24.71;88
35540;673;49;-3.91;-3.13;24.71;88
35550;673;49;-3.91;-3.13;24.71;88
35560;673;49;-3.91;-3.13;24.71;88
35570;673;49;-4.69;-3.13;24.71;88
35579;672;49;-4.69;-3.13;24.71;88
35589;673;49;-4.69;-3.13;25.10;88
35600;674;49;-4.69;-3.13;25.10;88
35610;675;49;-4.69;-3.13;25.10;88
35620;676;49;-4.69;-3.13;25.10;88
35632;677;49;-4.69;-3.13;25.10;88
35640;677;49;-4.69;-3.13;25.10;88
35650;677;49;-4.69;-3.13;25.10;88
35661;677;49;-4.69;-3.13;25.10;88
35670;677;49;-4.69;-3.13;25.10;88
35680;677;49;-4.69;-3.13;25.10;88
35690;677;49;-4.69;-3.13;25.10;88
35700;677;49;-4.69;-3.13;25.10;88
35709;677;49;-4.69;-3.13;25.10;88
35721;677;49;-4.69;-3.13;25.10;88
35733;677;49;-4.69;-3.13;25.10;88
35749;677;49;-4.69;-3.13;25.10;88
35760;677;49;-4.69;-3.13;25.10;88
35772;677;49;-4.69;-3.13;25.10;88
35788;677;49;-4.69;-3.13;25.10;88
35801;677;49;-4.69;-3.13;25.10;88
35810;676;49;-4.69;-3.13;25.10;88
35820;676;49;-4.69;-3.13;25.10;88
35832;676;49;-4.69;-3.13;25.10;88
35849;676;49;-4.69;-3.13;25.10;88
35861;675;49;-4.69;-3.13;24.71;88
35880;674;49;-4.69;-3.13;24.71;88
35889;673;49;-4.69;-3.13;24.71;88
35899;672;49;-4.69;-3.13;24.71;88
35910;671;49;-4.69;-3.13;24.71;88
35920;670;49;-4.69;-3.13;24.71;88
35932;670;49;-4.69;-3.13;25.10;88
35950;670;49;-4.69;-3.13;25.10;88
35961;670;49;-4.69;-3.13;25.10;88
35970;671;49;-4.69;-3.13;25.10;88
35980;671;49;-4.69;-3.13;25.10;88
35989;671;49;-4.69;-3.13;25.10;88
35998;670;49;-4.69;-3.13;25.10;88
36010;669;49;-4.69;-3.13;25.10;88
36019;669;49;-4.69;-3.13;25.10;88
36030;668;49;-4.69;-3.13;25.10;88
36039;667;49;-4.69;-3.13;25.10;88
36050;666;49;-4.69;-3.13;25.10;88
36060;666;49;-4.69;-3.13;25.49;88
36069;666;49;-4.69;-3.13;25.49;88
36077;667;49;-4.69;-3.13;25.49;88
36091;667;49;-4.69;-3.13;25.49;88
36100;667;49;-3.91;-3.13;25.49;88
36112;667;49;-3.91;-3.13;25.49;88
36117;668;49;-3.91;-3.13;25.49;88
36131;668;49;-3.91;-3.13;25.49;88
36140;669;49;-3.91;-3.13;25.49;88
36149;669;49;-3.91;-3.13;25.49;88
36160;670;49;-3.91;-3.13;25.49;88
36170;670;49;-3.91;-2.34;25.49;88
36178;671;49;-3.91;-2.34;25.49;88
36190;671;49;-3.91;-2.34;25.49;88
36199;671;49;-3.91;-2.34;25.49;88
36210;672;49;-3.91;-2.34;25.49;88
36219;672;49;-3.91;-2.34;25.49;88
36231;673;49;-3.91;-2.34;25.49;88
36240;673;49;-3.91;-2.34;25.49;88
36252;672;49;-3.91;-2.34;25.49;88
36270;672;49;-3.91;-2.34;25.49;88
36280;672;49;-3.91;-2.34;25.49;88
36289;672;49;-3.13;-2.34;25.49;88
36298;672;49;-3.13;-2.34;25.49;88
36310;673;49;-3.13;-2.34;25.49;88
36318;673;49;-3.13;-2.34;25.49;88
36338;674;49;-3.13;-2.34;25.49;88
36351;674;49;-3.13;-2.34;25.49;88
36360;674;49;-3.13;-2.34;25.49;88
36370;675;49;-3.13;-2.34;25.49;88
36377;675;49;-3.13;-2.34;25.49;88
36389;674;49;-3.13;-2.34;25.49;88
36398;674;49;-3.13;-2.34;25.49;88
36410;674;49;-3.13;-2.34;25.49;88
36419;673;49;-3.13;-2.34;25.49;88
36431;673;49;-3.13;-2.34;25.49;88
36440;674;49;-3.13;-2.34;25.49;88
36450;675;49;-3.13;-2.34;25.49;88
36461;676;49;-3.13;-2.34;25.49;88
36471;676;49;-3.13;-2.34;25.49;88
36476;677;49;-3.13;-2.34;25.49;88
36491;678;49;-3.13;-2.34;25.49;88
36500;678;49;-3.13;-2.34;25.49;88
36510;678;49;-3.13;-2.34;25.49;88
36519;678;49;-3.13;-2.34;25.49;88
36532;678;49;-3.13;-2.34;25.49;88
36550;678;49;-2.34;-2.34;25.49;88
36561;678;49;-2.34;-1.56;25.49;88
36577;677;49;-2.34;-1.56;25.10;88
36592;676;49;-2.34;-1.56;25.10;88
36610;675;49;-2.34;-1.56;25.10;88
36622;674;49;-2.34;-1.56;25.10;88
36637;673;49;-2.34;-1.56;25.10;88
36649;672;49;-2.34;-1.56;25.10;88
36660;673;49;-2.34;-1.56;25.10;88
36669;674;49;-2.34;-1.56;25.10;88
36681;675;49;-2.34;-1.56;25.10;88
36689;676;49;-2.34;-1.56;25.10;88
36698;677;49;-2.34;-1.56;25.10;88
36710;678;49;-2.34;-1.56;25.10;88
36719;679;49;-2.34;-1.56;25.10;88
36733;680;49;-2.34;-1.56;25.10;88
36752;681;49;-2.34;-1.56;25.10;88
36769;681;49;-2.34;-1.56;25.10;88
36777;682;49;-2.34;-1.56;25.10;88
36790;683;49;-2.34;-1.56;25.10;88
36800;684;49;-2.34;-1.56;25.10;88
36811;684;49;-2.34;-1.56;25.10;88
36817;684;49;-2.34;-1.56;25.10;88
36833;685;49;-2.34;-1.56;25.10;88
36849;685;49;-1.56;-1.56;25.10;88
36859;685;49;-1.56;-1.56;25.10;88
36869;685;49;-1.56;-1.56;24.71;88
36880;685;49;-1.56;-1.56;24.71;88
36890;685;49;-1.56;-1.56;24.71;88
36899;685;49;-1.56;-1.56;24.71;88
36912;685;49;-1.56;-1.56;24.71;88
36919;685;49;-1.56;-1.56;24.71;88
36932;684;49;-1.56;-1.56;24.71;88
36951;682;49;-1.56;-1.56;24.71;88
36959;681;49;-1.56;-1.56;24.71;88
36971;680;49;-1.56;-1.56;24.71;88
36979;679;49;-1.56;-1.56;24.71;88
36988;678;49;-1.56;-1.56;24.71;88
37000;678;49;-1.56;-1.56;24.71;88
37012;679;49;-1.56;-1.56;24.71;88
37017;680;49;-1.56;-1.56;24.71;88
37033;680;49;-1.56;-1.56;24.71;88
37050;681;49;-1.56;-1.56;24.71;88
37061;681;49;-1.56;-2.34;24.71;88
37071;681;49;-1.56;-2.34;24.71;88
37077;681;49;-1.56;-2.34;24.71;88
37091;681;49;-1.56;-2.34;24.71;88
37099;681;49;-1.56;-2.34;24.71;88
37110;682;49;-1.56;-2.34;24.71;88
37121;682;49;-1.56;-2.34;24.71;88
37133;681;49;-1.56;-2.34;24.31;88
37151;680;49;-1.56;-2.34;24.31;88
37160;680;49;-1.56;-2.34;24.31;88
37171;679;49;-1.56;-2.34;24.31;88
37177;679;49;-1.56;-2.34;24.31;88
37191;678;49;-1.56;-2.34;24.31;88
37199;679;49;-1.56;-2.34;24.31;88
37211;680;49;-1.56;-2.34;24.31;88
37220;680;49;-1.56;-2.34;24.31;88
37230;681;49;-1.56;-2.34;24.31;88
37239;682;49;-1.56;-2.34;24.31;88
37251;683;49;-1.56;-2.34;24.31;88
37259;683;49;-1.56;-2.34;24.31;88
37270;684;49;-1.56;-2.34;24.31;88
37279;684;49;-1.56;-2.34;24.31;88
37292;685;49;-1.56;-2.34;24.31;88
37312;685;49;-1.56;-2.34;24.31;88
37339;685;49;-1.56;-2.34;24.31;88
37351;685;49;-1.56;-2.34;24.31;88
37360;684;49;-1.56;-2.34;24.31;88
37371;684;49;-1.56;-2.34;24.31;88
37380;683;49;-1.56;-2.34;24.31;88
37391;682;49;-1.56;-2.34;24.31;88
37400;682;49;-1.56;-2.34;24.31;88
37409;681;49;-1.56;-2.34;24.31;88
37418;679;49;-1.56;-2.34;24.31;88
37432;678;49;-1.56;-2.34;24.31;88
37449;677;49;-1.56;-2.34;24.31;88
37460;676;49;-1.56;-2.34;24.31;88
37469;675;49;-1.56;-2.34;24.31;88
37479;675;49;-1.56;-2.34;24.31;88
37491;674;49;-1.56;-2.34;24.31;88
37499;674;49;-1.56;-2.34;24.31;88
37511;674;49;-1.56;-2.34;24.31;88
37517;673;49;-2.34;-2.34;24.31;88
37529;673;49;-2.34;-2.34;24.31;88
37540;674;49;-2.34;-2.34;24.31;88
37552;675;49;-2.34;-2.34;24.31;88
37571;676;49;-2.34;-2.34;24.31;88
37578;677;49;-2.34;-2.34;24.31;88
37589;678;49;-2.34;-2.34;24.31;88
37597;678;49;-2.34;-2.34;24.31;88
37612;678;49;-2.34;-2.34;24.31;88
37631;678;49;-2.34;-2.34;24.31;88
37639;678;49;-2.34;-2.34;24.31;88
37651;678;49;-2.34;-2.34;24.31;88
37659;678;49;-2.34;-2.34;24.31;88
37671;678;49;-2.34;-2.34;24.31;88
37677;679;49;-2.34;-2.34;24.71;88
37693;680;49;-2.34;-2.34;24.71;88
37710;681;49;-2.34;-2.34;24.71;88
37719;682;49;-2.34;-2.34;24.71;88
37732;683;49;-2.34;-2.34;24.71;88
37749;683;49;-2.34;-2.34;24.71;88
37760;683;49;-2.34;-2.34;24.71;88
37769;683;49;-2.34;-2.34;24.71;88
37778;683;49;-2.34;-2.34;24.71;88
37791;683;49;-2.34;-2.34;24.71;88
37799;683;49;-3.13;-2.34;24.71;88
37811;682;49;-3.13;-3.13;24.71;88
37820;682;49;-3.13;-3.13;24.71;88
37830;681;49;-3.13;-3.13;24.71;88
37837;680;49;-3.13;-3.13;24.71;88
37851;680;49;-3.13;-3.13;24.71;88
37857;679;49;-3.13;-3.13;24.71;88
37868;678;49;-3.13;-3.13;24.71;88
37878;679;49;-3.13;-3.13;24.71;88
37890;680;49;-3.13;-3.13;24.71;88
37899;680;49;-3.13;-3.13;24.71;88
37911;681;49;-3.13;-3.13;24.71;88
37919;681;49;-3.13;-3.13;24.71;88
37932;682;49;-3.13;-3.13;24.71;88
37949;682;49;-3.13;-3.13;24.31;88
37960;682;49;-3.13;-3.13;24.31;88
37971;682;49;-3.13;-3.13;24.31;88
37980;682;49;-3.13;-3.13;24.31;88
37988;682;49;-3.91;-3.13;24.31;88
37998;682;49;-3.91;-3.13;24.31;88
38011;682;49;-3.91;-3.13;24.31;88
38020;682;49;-3.91;-3.13;24.31;88
38033;682;49;-3.91;-3.13;24.31;88
38052;683;49;-3.91;-3.13;24.31;88
38069;683;49;-3.91;-3.13;24.31;88
38078;683;49;-3.91;-3.13;24.31;88
38092;682;49;-3.91;-3.13;24.31;88
38112;680;49;-3.91;-3.13;24.31;88
38131;679;49;-3.91;-3.13;24.31;88
38140;678;49;-3.91;-3.13;24.31;88
38151;676;49;-4.69;-3.13;24.31;88
38158;675;49;-4.69;-3.13;24.31;88
38169;675;49;-4.69;-3.13;24.31;88
38180;675;49;-4.69;-3.13;24.31;88
38188;675;49;-4.69;-3.13;24.31;88
38199;674;49;-4.69;-3.13;24.31;88
38212;674;49;-4.69;-3.13;24.31;88
38231;674;49;-4.69;-3.13;24.31;88
38238;675;49;-4.69;-3.13;24.71;88
38249;676;49;-4.69;-3.13;24.71;88
38259;676;49;-4.69;-3.13;24.71;88
38270;677;49;-4.69;-3.13;24.71;88
38278;678;49;-4.69;-3.13;24.71;88
38290;679;49;-4.69;-3.13;24.71;88
38299;679;49;-4.69;-3.13;24.71;88
38308;679;49;-4.69;-3.13;24.71;88
38319;679;49;-4.69;-3.13;24.71;88
38340;678;49;-4.69;-3.13;24.71;88
38350;678;49;-4.69;-3.13;24.71;88
38359;678;49;-4.69;-3.13;24.71;88
38369;678;49;-4.69;-3.13;24.71;88
38378;677;49;-4.69;-3.13;24.71;88
38392;676;49;-4.69;-3.13;24.71;88
38411;676;49;-4.69;-3.13;24.71;88
38419;675;49;-4.69;-3.13;24.71;88
38431;675;49;-4.69;-2.34;24.71;88
38440;675;49;-4.69;-2.34;24.71;88
38450;675;49;-4.69;-2.34;24.71;88
38459;675;49;-4.69;-2.34;24.71;88
38470;675;49;-4.69;-2.34;24.71;88
38479;675;49;-4.69;-2.34;24.71;88
38490;675;49;-4.69;-2.34;24.71;88
38500;675;49;-4.69;-2.34;24.71;88
38511;675;49;-4.69;-2.34;24.71;88
38521;675;49;-4.69;-2.34;24.71;88
38530;675;49;-4.69;-2.34;24.71;88
38539;675;49;-4.69;-2.34;24.71;88
38550;675;49;-4.69;-2.34;24.71;88
38558;676;49;-4.69;-2.34;24.71;88
38569;677;49;-4.69;-2.34;24.71;88
38578;677;49;-4.69;-2.34;24.71;88
38589;678;49;-4.69;-2.34;24.71;88
38599;679;49;-4.69;-2.34;24.71;88
38611;679;49;-4.69;-2.34;24.71;88
38621;679;49;-4.69;-2.34;24.71;88
38632;679;49;-4.69;-2.34;24.71;88
38638;679;49;-4.69;-2.34;24.71;88
38649;679;49;-4.69;-2.34;24.71;88
38659;679;49;-4.69;-2.34;24.71;88
38670;678;49;-4.69;-3.13;24.71;88
38679;677;49;-4.69;-3.13;24.71;88
38688;676;49;-4.69;-3.13;24.71;88
38699;675;49;-4.69;-3.13;24.71;88
38709;674;49;-4.69;-3.13;24.71;88
38718;673;49;-4.69;-3.13;24.71;88
38731;671;49;-4.69;-3.13;24.71;88
38738;671;49;-4.69;-3.13;25.10;88
38748;671;49;-4.69;-3.13;25.10;88
38760;671;49;-4.69;-3.13;25.10;88
38771;671;49;-4.69;-3.13;25.10;88
38779;671;49;-4.69;-3.13;25.10;88
38789;671;49;-4.69;-3.13;25.10;88
38801;671;49;-4.69;-3.13;25.10;88
38810;671;49;-4.69;-3.13;25.10;88
38818;671;49;-4.69;-3.13;25.10;88
38830;672;49;-4.69;-3.13;25.10;88
38839;672;49;-4.69;-3.13;25.10;88
38851;672;49;-4.69;-3.13;25.10;88
38858;672;49;-4.69;-3.13;25.10;88
38870;673;49;-4.69;-3.13;25.10;88
38880;673;49;-4.69;-3.13;25.10;88
38892;673;49;-4.69;-3.13;25.10;88
38908;673;49;-4.69;-3.13;25.10;88
38920;673;49;-4.69;-3.13;25.10;88
38935;673;49;-4.69;-3.13;25.10;88
38950;673;49;-4.69;-3.13;25.10;88
38958;673;49;-4.69;-3.13;25.10;88
38970;673;49;-4.69;-3.13;25.10;88
38979;673;49;-4.69;-3.13;25.10;88
38990;672;49;-4.69;-2.34;25.10;88
38998;672;49;-4.69;-2.34;25.10;88
39008;672;49;-4.69;-2.34;25.10;88
39019;672;49;-4.69;-2.34;25.10;88
39030;672;49;-4.69;-2.34;25.10;88
39039;672;49;-4.69;-2.34;25.10;88
39051;671;49;-4.69;-2.34;25.10;88
39061;671;49;-4.69;-2.34;25.49;88
39068;671;49;-4.69;-2.34;25.49;88
39079;671;49;-4.69;-2.34;25.49;88
39091;671;49;-4.69;-2.34;25.49;88
39099;671;49;-4.69;-2.34;25.49;88
39109;670;49;-4.69;-2.34;25.49;88
39119;672;49;-4.69;-2.34;25.49;88
39133;673;49;-4.69;-2.34;25.49;88
39150;675;49;-4.69;-2.34;25.49;88
39158;676;49;-4.69;-2.34;25.49;88
39170;678;49;-3.91;-2.34;25.49;88
39180;679;49;-3.91;-2.34;25.49;88
39190;679;49;-3.91;-2.34;25.49;88
39198;680;49;-3.91;-2.34;25.49;88
39210;680;49;-3.91;-2.34;25.49;88
39220;680;49;-3.91;-2.34;25.49;88
39232;680;49;-3.91;-2.34;25.49;88
39250;681;49;-3.91;-1.56;25.49;88
39259;680;49;-3.91;-1.56;25.10;88
39271;679;49;-3.91;-1.56;25.10;88
39280;678;49;-3.91;-1.56;25.10;88
39288;677;49;-3.91;-1.56;25.10;88
39299;677;49;-3.91;-1.56;25.10;88
39310;676;49;-3.91;-1.56;25.10;88
39319;676;49;-3.91;-1.56;25.10;88
39338;676;49;-3.91;-1.56;25.10;88
39350;677;49;-3.91;-1.56;25.10;88
39362;677;49;-3.91;-1.56;25.10;88
39379;677;49;-3.13;-1.56;25.10;88
39389;678;49;-3.13;-1.56;25.10;88
39398;678;49;-3.13;-1.56;25.10;88
39411;678;49;-3.13;-1.56;25.10;88
39421;678;49;-3.13;-1.56;25.10;88
39431;678;49;-3.13;-1.56;25.10;88
39440;678;49;-3.13;-1.56;25.10;88
39451;678;49;-3.13;-1.56;25.10;88
39460;678;49;-3.13;-1.56;25.10;88
39469;678;49;-3.13;-1.56;25.10;88
39479;678;49;-3.13;-1.56;25.10;88
39488;678;49;-3.13;-1.56;25.10;88
39500;678;49;-3.13;-1.56;25.10;88
39509;678;49;-3.13;-1.56;25.10;88
39521;679;49;-3.13;-1.56;25.10;88
39532;679;49;-3.13;-1.56;25.10;88
39550;679;49;-3.13;-1.56;25.10;88
39559;679;49;-3.13;-1.56;25.10;88
39568;679;49;-2.34;-1.56;25.10;88
39580;680;49;-2.34;-1.56;25.10;88
39589;679;49;-2.34;-1.56;24.71;88
39601;679;49;-2.34;-1.56;24.71;88
39609;678;49;-2.34;-1.56;24.71;88
39619;678;49;-2.34;-1.56;24.71;88
39631;678;49;-2.34;-1.56;24.71;88
39640;677;49;-2.34;-1.56;24.71;88
39649;677;49;-2.34;-1.56;24.71;88
39658;677;49;-2.34;-1.56;24.71;88
39668;678;49;-2.34;-1.56;24.71;88
39680;678;49;-2.34;-1.56;24.71;88
39690;678;49;-2.34;-1.56;24.71;88
39698;678;49;-2.34;-1.56;24.71;88
39709;678;49;-2.34;-1.56;24.71;88
39720;678;49;-2.34;-1.56;24.71;88
39730;678;49;-2.34;-1.56;24.71;88
39739;678;49;-2.34;-1.56;24.71;88
39750;678;49;-2.34;-1.56;24.71;88
39758;678;49;-2.34;-2.34;24.71;88
39770;678;49;-2.34;-2.34;24.71;88
39780;678;49;-2.34;-2.34;24.71;88
39789;678;49;-2.34;-2.34;24.71;88
39799;678;49;-2.34;-2.34;24.71;88
39811;679;49;-2.34;-2.34;24.71;88
39820;679;49;-2.34;-2.34;24.71;88
39833;679;49;-2.34;-2.34;24.71;88
39848;680;49;-2.34;-2.34;24.71;88
39860;681;49;-2.34;-2.34;24.71;88
39869;682;49;-2.34;-2.34;24.71;88
39880;683;49;-2.34;-2.34;24.71;88
39889;683;49;-2.34;-2.34;24.71;88
39900;682;49;-2.34;-2.34;24.71;88
39910;681;49;-2.34;-2.34;24.71;88
39919;680;49;-2.34;-2.34;24.71;88
39933;679;49;-2.34;-2.34;24.71;88
39950;678;49;-2.34;-2.34;24.71;88
39960;677;49;-2.34;-2.34;24.71;88
39969;677;49;-2.34;-2.34;24.71;88
39978;676;49;-2.34;-2.34;24.71;88
39990;676;49;-2.34;-2.34;24.71;88
40000;676;49;-2.34;-2.34;24.71;88
40009;676;49;-2.34;-2.34;24.71;88
40020;676;49;-2.34;-2.34;24.71;88
40032;676;49;-2.34;-2.34;24.71;88
40049;677;49;-2.34;-2.34;24.71;88
40060;677;49;-2.34;-2.34;24.71;88
40068;677;49;-2.34;-2.34;24.71;88
40079;677;49;-2.34;-2.34;24.71;88
40090;678;49;-2.34;-2.34;24.71;88
40101;678;49;-2.34;-2.34;24.71;88
40110;678;49;-2.34;-2.34;24.71;88
40119;679;49;-2.34;-2.34;24.71;88
40132;679;49;-2.34;-2.34;24.71;88
40151;680;49;-2.34;-2.34;24.71;88
40161;680;49;-2.34;-2.34;24.71;88
40169;680;49;-2.34;-2.34;24.71;88
40180;680;49;-2.34;-2.34;24.71;88
40190;680;49;-2.34;-2.34;24.71;88
40201;681;49;-2.34;-2.34;24.71;88
40210;681;49;-2.34;-2.34;24.71;88
40222;681;49;-2.34;-2.34;24.71;88
40242;680;49;-2.34;-2.34;24.71;88
40259;680;49;-2.34;-2.34;24.71;88
40270;679;49;-2.34;-2.34;24.71;88
40278;679;49;-2.34;-2.34;24.71;88
40289;678;49;-2.34;-2.34;24.71;88
40297;678;49;-2.34;-2.34;24.71;88
40310;677;49;-2.34;-2.34;24.71;88
40319;677;49;-2.34;-2.34;24.71;88
40340;676;49;-2.34;-2.34;24.71;88
40350;676;49;-2.34;-2.34;24.71;88
40359;675;49;-3.13;-2.34;24.71;88
40370;675;49;-3.13;-2.34;24.71;88
40380;675;49;-3.13;-2.34;24.71;88
40391;675;49;-3.13;-2.34;24.71;88
40397;675;49;-3.13;-2.34;24.71;88
40410;676;49;-3.13;-2.34;24.71;88
40418;676;49;-3.13;-2.34;24.71;88
40431;676;49;-3.13;-2.34;24.71;88
40439;677;49;-3.13;-2.34;24.71;88
40451;677;49;-3.13;-2.34;24.71;88
40459;677;49;-3.13;-2.34;24.71;88
40471;677;49;-3.13;-2.34;24.71;88
40477;677;49;-3.13;-2.34;24.71;88
40489;678;49;-3.13;-2.34;24.71;88
40499;678;49;-3.13;-2.34;24.71;88
40510;679;49;-3.13;-2.34;24.71;88
40519;680;49;-3.13;-2.34;24.71;88
40534;681;49;-3.13;-2.34;24.71;88
40549;682;49;-3.13;-2.34;24.71;88
40560;682;49;-3.13;-2.34;24.71;88
40571;682;49;-3.13;-2.34;24.71;88
40577;682;49;-3.13;-2.34;24.71;88
40591;682;49;-3.13;-2.34;24.71;88
40600;682;49;-3.13;-2.34;24.71;88
40610;682;49;-3.13;-2.34;24.71;88
40619;682;49;-3.13;-2.34;24.71;88
40631;681;49;-3.13;-2.34;24.71;88
40637;680;49;-3.13;-2.34;24.71;88
40649;679;49;-3.13;-2.34;24.71;88
40661;679;49;-3.13;-2.34;24.71;88
40670;678;49;-3.13;-2.34;24.71;88
40679;677;49;-3.13;-2.34;24.71;88
40690;677;49;-3.13;-2.34;24.71;88
40699;677;49;-3.13;-2.34;24.71;88
40710;677;49;-3.13;-2.34;24.71;88
40719;677;49;-3.13;-2.34;24.71;88
40732;677;49;-3.13;-2.34;24.71;88
40751;677;49;-3.13;-3.13;24.71;88
40760;678;49;-3.13;-3.13;24.71;88
40769;679;49;-3.13;-3.13;24.71;88
40781;679;49;-3.13;-3.13;24.71;88
40791;680;49;-3.13;-3.13;24.71;88
40799;681;49;-3.13;-3.13;24.71;88
40810;682;49;-3.13;-3.13;24.71;88
40820;682;49;-3.13;-3.13;24.71;88
40833;682;49;-3.13;-3.13;24.71;88
40850;682;49;-3.13;-3.13;24.71;88
40859;683;49;-3.13;-3.13;24.71;88
40870;683;49;-3.13;-3.13;24.71;88
40879;683;49;-3.13;-3.13;24.71;88
40890;683;49;-3.13;-3.13;24.71;88
40898;682;49;-3.13;-3.13;24.71;88
40910;682;49;-3.13;-3.13;24.71;88
40918;681;49;-3.13;-3.13;24.71;88
40932;681;49;-3.13;-3.13;24.71;88
40951;680;49;-3.13;-3.13;24.71;88
40960;679;49;-3.13;-3.13;24.71;88
40971;679;49;-3.13;-3.13;24.71;88
40977;678;49;-3.13;-3.13;24.71;88
40992;677;49;-3.13;-3.13;24.71;88
41010;677;49;-3.91;-3.13;24.71;88
41018;676;49;-3.91;-3.13;24.71;88
41032;675;49;-3.91;-3.13;24.71;88
41038;675;49;-3.91;-3.13;24.71;88
41051;674;49;-3.91;-3.13;24.71;88
41061;674;49;-3.91;-3.13;24.71;88
41067;673;49;-3.91;-3.13;24.71;88
41077;673;49;-3.91;-3.13;24.71;88
41089;673;49;-3.91;-3.13;24.71;88
41100;673;49;-3.91;-3.13;24.71;88
41110;673;49;-3.91;-3.13;24.71;88
41118;674;49;-3.91;-3.13;24.71;88
41134;674;49;-3.91;-3.13;24.71;88
41150;674;49;-3.91;-3.13;24.71;88
41161;675;49;-3.91;-3.13;24.71;88
41170;676;49;-3.91;-3.13;24.71;88
41178;676;49;-3.91;-3.13;24.71;88
41189;677;49;-3.91;-3.13;24.71;88
41199;677;49;-3.91;-3.13;24.71;88
41210;678;49;-3.91;-3.13;24.71;88
41220;679;49;-3.91;-3.13;24.71;88
41231;679;49;-3.91;-3.13;24.71;88
41237;680;49;-3.91;-3.13;24.71;88
41250;680;49;-3.91;-3.13;24.71;88
41261;681;49;-3.91;-3.13;24.71;88
41270;682;49;-3.91;-3.13;24.71;88
41280;681;49;-3.91;-3.13;24.71;88
41291;680;49;-3.91;-3.13;24.71;88
41297;679;49;-3.91;-3.13;24.71;88
41311;678;49;-3.91;-3.13;24.71;88
41318;677;49;-3.91;-3.13;24.71;88
41338;677;49;-3.91;-3.13;24.71;88
41351;677;49;-3.91;-3.13;24.71;88
41361;677;49;-3.91;-3.13;24.71;88
41369;677;49;-3.91;-3.13;24.71;88
41379;677;49;-3.91;-3.13;24.71;88
41390;677;49;-3.91;-3.13;24.71;88
41399;677;49;-3.91;-3.13;24.71;88
41410;677;49;-3.91;-3.13;24.71;88
41419;677;49;-3.91;-3.13;24.71;88
41430;677;49;-3.91;-3.13;24.71;88
41440;678;49;-3.91;-3.13;24.71;88
41451;678;49;-3.91;-3.13;24.71;88
41460;678;49;-3.91;-3.13;24.71;88
41468;678;49;-3.91;-3.13;24.71;88
41477;679;49;-3.91;-3.13;24.71;88
41491;679;49;-3.91;-3.13;24.71;88
41499;680;49;-3.91;-3.13;24.71;88
41510;680;49;-3.91;-3.13;24.71;88
41519;680;49;-3.91;-3.13;24.71;88
41532;681;49;-3.91;-3.13;24.71;88
41548;681;49;-3.91;-3.13;24.71;88
41559;681;49;-3.91;-3.13;24.71;88
41570;682;49;-3.91;-3.13;24.71;88
41579;682;49;-3.91;-3.13;24.71;88
41591;682;49;-3.91;-3.13;24.71;88
41600;682;49;-3.91;-3.13;24.71;88
41611;681;49;-3.91;-3.13;24.71;88
41619;681;49;-3.91;-3.13;24.71;88
41631;680;49;-3.91;-3.13;24.71;88
41641;680;49;-3.91;-3.13;24.71;88
41651;679;49;-3.91;-3.13;24.71;88
41660;679;49;-3.91;-3.13;24.71;88
41669;679;49;-3.91;-3.13;24.71;88
41680;679;49;-3.91;-3.13;24.71;88
41691;679;49;-3.91;-3.13;24.71;88
41699;679;49;-4.69;-3.13;24.71;88
41711;678;49;-4.69;-3.13;24.71;88
41720;679;49;-4.69;-3.13;24.71;88
41729;679;49;-4.69;-3.13;24.71;88
41738;680;49;-4.69;-3.13;24.71;88
41751;680;49;-4.69;-3.13;24.71;88
41758;681;49;-4.69;-3.13;24.71;88
41769;681;49;-4.69;-3.13;24.71;88
41779;682;49;-4.69;-3.13;24.71;88
41789;683;49;-4.69;-3.13;24.71;88
41798;683;49;-4.69;-3.13;24.71;88
41811;684;49;-4.69;-3.13;24.71;88
41819;684;49;-4.69;-3.13;24.71;88
41833;685;49;-4.69;-3.13;24.71;88
41848;685;49;-4.69;-3.13;24.31;88
41859;684;49;-4.69;-3.13;24.31;88
41871;684;49;-4.69;-3.13;24.31;88
41878;684;49;-4.69;-3.13;24.31;88
41891;684;49;-4.69;-3.13;24.31;88
41899;684;49;-4.69;-3.13;24.31;88
41909;683;49;-4.69;-3.13;24.31;88
41919;682;49;-4.69;-3.13;24.31;88
41933;682;49;-4.69;-3.13;24.31;88
41950;681;49;-4.69;-3.13;24.31;88
41962;680;49;-4.69;-3.13;24.31;88
41980;680;49;-4.69;-3.13;24.31;88
41990;679;49;-4.69;-3.13;24.31;88
41999;679;49;-4.69;-3.13;24.31;88
42011;678;49;-4.69;-3.13;24.31;88
42018;678;49;-4.69;-3.13;24.31;88
42033;677;49;-4.69;-3.13;24.31;88
42051;677;49;-4.69;-3.13;24.31;88
42059;677;49;-4.69;-3.13;24.31;88
42068;678;49;-4.69;-3.13;24.31;88
42079;678;49;-4.69;-3.13;24.31;88
42088;679;49;-4.69;-3.13;24.31;88
42098;679;49;-4.69;-3.13;24.31;88
42112;680;49;-4.69;-2.34;24.31;88
42134;680;49;-4.69;-2.34;24.31;88
42150;681;49;-4.69;-2.34;24.31;88
42159;681;49;-4.69;-2.34;24.31;88
42169;681;49;-4.69;-2.34;24.31;88
42178;682;49;-3.91;-2.34;24.31;88
42190;682;49;-3.91;-2.34;24.31;88
42201;681;49;-3.91;-2.34;24.31;88
42210;680;49;-3.91;-2.34;24.31;88
42218;679;49;-3.91;-2.34;24.31;88
42231;678;49;-3.91;-2.34;24.31;88
42251;677;49;-3.91;-2.34;24.31;88
42260;676;49;-3.91;-2.34;24.31;88
42269;675;49;-3.91;-2.34;24.31;88
42280;674;49;-3.91;-2.34;24.31;88
42289;674;49;-3.91;-2.34;24.31;88
42298;673;49;-3.91;-2.34;24.31;88
42311;672;49;-3.91;-2.34;24.31;88
42320;671;49;-3.91;-2.34;24.31;88
42337;672;49;-3.91;-2.34;24.71;88
42352;673;49;-3.91;-2.34;24.71;88
42371;674;49;-3.91;-2.34;24.71;88
42379;675;49;-3.91;-2.34;24.71;88
42391;677;49;-3.91;-2.34;24.71;88
42400;678;49;-3.91;-2.34;24.71;88
42412;678;49;-3.91;-2.34;24.71;88
42431;678;49;-3.91;-2.34;24.71;88
42440;678;49;-3.91;-2.34;24.71;88
42450;678;49;-3.91;-2.34;24.71;88
42459;678;49;-3.91;-2.34;24.71;88
42470;678;49;-3.91;-2.34;24.71;88
42483;678;49;-3.91;-2.34;24.71;88
42500;679;49;-3.91;-2.34;24.71;88
42508;679;49;-3.91;-2.34;24.71;88
42520;679;49;-3.91;-2.34;24.71;88
42532;679;49;-3.91;-2.34;24.71;88
42550;679;49;-3.91;-2.34;24.71;88
42559;678;49;-3.91;-2.34;24.71;88
42568;677;49;-3.91;-2.34;24.71;88
42581;676;49;-3.91;-2.34;24.71;88
42589;675;49;-3.91;-2.34;24.71;88
42599;673;49;-3.91;-2.34;24.71;88
42610;672;49;-3.91;-2.34;24.71;88
42619;672;49;-3.91;-2.34;24.71;88
42631;672;49;-3.91;-2.34;24.71;88
42640;672;49;-3.91;-2.34;24.71;88
42648;672;49;-3.91;-2.34;24.71;88
42658;671;49;-4.69;-2.34;24.71;88
42669;671;49;-4.69;-3.13;24.71;88
42679;672;49;-4.69;-3.13;25.10;88
42689;673;49;-4.69;-3.13;25.10;88
42701;675;49;-4.69;-3.13;25.10;88
42711;676;49;-4.69;-3.13;25.10;88
42720;677;49;-4.69;-3.13;25.10;88
42731;678;49;-4.69;-3.13;25.10;88
42739;679;49;-4.69;-3.13;24.71;88
42748;679;49;-4.69;-3.13;24.71;88
42761;679;49;-4.69;-3.13;24.71;88
42770;680;49;-4.69;-3.13;24.71;88
42780;680;49;-4.69;-3.13;24.71;88
42788;680;49;-4.69;-3.13;24.71;88
42801;680;49;-4.69;-3.13;24.71;88
42811;680;49;-4.69;-3.13;24.71;88
42821;680;49;-4.69;-3.13;24.71;88
42830;679;49;-4.69;-3.13;24.71;88
42838;679;49;-4.69;-3.13;24.71;88
42851;679;49;-4.69;-3.13;24.71;88
42860;679;49;-4.69;-3.13;24.71;88
42868;679;49;-4.69;-3.13;24.71;88
42880;680;49;-4.69;-3.13;24.71;88
42892;680;49;-4.69;-3.13;24.71;88
42912;680;49;-3.91;-3.13;24.71;88
42932;680;49;-3.91;-3.13;24.71;88
42950;679;49;-3.91;-3.13;24.71;88
42959;678;49;-3.91;-3.13;24.71;88
42968;678;49;-3.91;-3.13;24.71;88
42981;677;49;-3.91;-3.13;24.71;88
42989;676;49;-3.91;-3.13;24.71;88
42999;675;49;-3.91;-3.13;24.71;88
43011;675;49;-3.91;-3.13;24.71;88
43021;676;49;-3.91;-3.13;24.71;88
43032;677;49;-3.91;-3.13;24.71;88
43050;677;49;-3.91;-3.13;24.71;88
43060;678;49;-3.91;-3.13;24.71;88
43069;678;49;-3.91;-3.13;24.71;88
43080;678;49;-3.91;-3.13;24.71;88
43088;678;49;-3.91;-3.13;24.71;88
43098;678;49;-3.91;-3.13;24.71;88
43109;678;49;-3.91;-3.13;24.71;88
43120;678;49;-3.91;-3.13;24.71;88
43132;678;49;-3.91;-2.34;24.71;88
43148;678;49;-3.91;-2.34;24.71;88
43159;678;49;-3.91;-2.34;24.71;88
43170;678;49;-3.91;-2.34;24.71;88
43179;679;49;-3.91;-2.34;24.71;88
43190;679;49;-3.91;-2.34;24.71;88
43199;679;49;-3.91;-2.34;24.71;88
43210;679;49;-3.91;-2.34;24.71;88
43219;679;49;-3.91;-2.34;24.71;88
43231;679;49;-3.91;-2.34;24.71;88
43241;679;49;-3.91;-2.34;24.71;88
43249;679;49;-3.91;-2.34;24.71;88
43260;679;49;-3.91;-2.34;24.71;88
43270;678;49;-3.91;-2.34;24.71;88
43279;677;49;-3.91;-2.34;24.71;88
43289;677;49;-3.91;-2.34;24.71;88
43300;676;49;-3.91;-2.34;24.71;88
43312;675;49;-3.91;-2.34;24.71;88
43340;675;49;-3.91;-2.34;24.71;88
43349;675;49;-3.91;-2.34;24.71;88
43359;676;49;-3.91;-2.34;24.71;88
43368;677;49;-3.91;-2.34;24.71;88
43381;677;49;-3.91;-2.34;24.71;88
43389;678;49;-3.91;-2.34;24.71;88
43400;679;49;-3.91;-2.34;24.71;88
43413;680;49;-3.91;-2.34;24.71;88
43430;681;49;-3.91;-2.34;24.71;88
43439;681;49;-3.91;-2.34;24.71;88
43451;682;49;-3.91;-2.34;24.71;88
43458;683;49;-3.91;-2.34;24.71;88
43470;684;49;-3.91;-2.34;24.71;88
43480;683;49;-3.91;-2.34;24.71;88
43492;683;49;-3.91;-2.34;24.71;88
43511;683;49;-3.91;-2.34;24.71;88
43519;682;49;-3.91;-2.34;24.71;88
43531;682;49;-3.91;-2.34;24.71;88
43539;681;49;-3.91;-2.34;24.71;88
43550;681;49;-3.91;-2.34;24.71;88
43559;681;49;-3.91;-2.34;24.71;88
43570;680;49;-3.91;-2.34;24.71;88
43580;680;49;-3.91;-2.34;24.71;88
43589;679;49;-3.91;-2.34;24.71;88
43600;679;49;-3.91;-2.34;24.71;88
43611;678;49;-3.91;-2.34;24.71;88
43620;678;49;-3.91;-2.34;24.71;88
43633;677;49;-3.91;-2.34;24.71;88
43648;677;49;-3.91;-2.34;24.71;88
43660;676;49;-3.91;-2.34;24.71;88
43671;676;49;-3.91;-2.34;24.71;88
43679;676;49;-3.91;-2.34;24.71;88
43688;676;49;-3.91;-2.34;24.71;88
43700;676;49;-3.91;-2.34;24.71;88
43709;676;49;-3.91;-2.34;24.71;88
43718;676;49;-3.91;-2.34;24.71;88
43732;676;49;-3.91;-2.34;24.71;88
43750;677;49;-3.91;-2.34;24.71;88
43761;679;49;-3.91;-2.34;24.71;88
43769;680;49;-3.91;-2.34;24.71;88
43780;681;49;-3.91;-2.34;24.71;88
43789;683;49;-3.91;-2.34;24.71;88
43801;684;49;-3.91;-3.13;24.71;88
43809;682;49;-3.91;-3.13;24.71;88
43821;680;49;-3.91;-3.13;24.71;88
43832;678;49;-3.91;-3.13;24.71;88
43850;676;49;-3.91;-3.13;24.71;88
43861;674;49;-3.91;-3.13;24.71;88
43870;672;49;-3.91;-3.13;24.71;88
43879;672;49;-3.91;-3.13;24.71;88
43890;673;49;-3.91;-3.13;24.71;88
43901;673;49;-3.91;-3.13;24.71;88
43910;674;49;-3.91;-3.13;24.71;88
43919;675;49;-3.91;-3.13;24.71;88
43933;675;49;-3.91;-3.13;24.71;88
43949;676;49;-3.91;-3.13;24.71;88
43960;677;49;-3.91;-3.13;24.71;88
43970;678;49;-3.91;-3.13;24.71;88
43981;678;49;-3.91;-3.13;24.71;88
43990;679;49;-4.69;-3.13;24.71;88
43999;680;49;-4.69;-3.13;24.71;88
44008;680;49;-4.69;-3.13;24.71;88
44019;680;49;-4.69;-3.13;24.71;88
44030;679;49;-4.69;-3.13;24.71;88
44039;679;49;-4.69;-3.13;24.71;88
44051;679;49;-4.69;-3.13;24.71;88
44060;679;49;-4.69;-3.13;24.71;88
44071;679;49;-4.69;-3.13;24.71;88
44080;679;49;-4.69;-3.13;24.71;88
44089;678;49;-4.69;-3.13;24.71;88
44098;678;49;-4.69;-3.13;24.71;88
44110;678;49;-4.69;-3.13;24.71;88
44121;678;49;-4.69;-3.13;24.71;88
44131;678;49;-4.69;-3.13;24.71;88
44139;678;49;-4.69;-3.13;24.71;88
44150;679;49;-4.69;-3.13;24.71;88
44158;679;49;-4.69;-3.13;24.71;88
44169;679;49;-4.69;-3.13;24.71;88
44178;680;49;-4.69;-3.13;24.71;88
44191;679;49;-4.69;-3.13;24.31;88
44200;679;49;-4.69;-3.13;24.31;88
44212;678;49;-4.69;-3.13;24.31;88
44234;678;49;-4.69;-3.13;24.31;88
44249;677;49;-4.69;-3.13;24.31;88
44259;677;49;-4.69;-3.13;24.31;88
44269;677;49;-4.69;-3.13;24.31;88
44278;677;49;-4.69;-3.13;24.31;88
44290;678;49;-4.69;-3.13;24.31;88
44300;678;49;-4.69;-3.13;24.31;88
44309;679;49;-4.69;-3.13;24.31;88
44319;679;49;-4.69;-3.13;24.31;88
44337;678;49;-4.69;-3.13;24.31;88
44350;678;49;-4.69;-3.13;24.31;88
44360;677;49;-4.69;-3.13;24.31;88
44369;677;49;-4.69;-3.13;24.31;88
44378;676;49;-4.69;-3.13;24.31;88
44390;676;49;-4.69;-3.13;24.31;88
44398;677;49;-4.69;-3.13;24.31;88
44410;678;49;-4.69;-3.13;24.31;88
44419;679;49;-4.69;-3.13;24.31;88
44433;680;49;-4.69;-3.13;24.31;88
44450;681;49;-4.69;-3.13;24.31;88
44459;682;49;-4.69;-3.13;24.31;88
44471;681;49;-4.69;-3.13;24.31;88
44480;681;49;-4.69;-3.13;24.31;88
44489;680;49;-4.69;-3.13;24.31;88
44498;680;49;-4.69;-3.13;24.31;88
44510;679;49;-4.69;-3.13;24.31;88
44519;679;49;-4.69;-3.13;24.31;88
44530;678;49;-4.69;-3.13;24.31;88
44536;677;49;-4.69;-3.13;24.31;88
44550;677;49;-4.69;-3.13;24.31;88
44559;676;49;-4.69;-3.13;24.31;88
44569;676;49;-5.47;-3.13;24.31;88
44580;675;49;-5.47;-3.13;24.31;88
44591;675;49;-5.47;-3.13;24.71;88
44598;675;49;-5.47;-3.13;24.71;88
44610;674;49;-5.47;-3.13;24.71;88
44619;674;49;-5.47;-3.13;24.71;88
44631;674;49;-5.47;-3.13;24.71;88
44639;674;49;-5.47;-3.13;24.71;88
44650;674;49;-5.47;-3.13;24.71;88
44660;673;49;-5.47;-3.13;24.71;88
44670;673;49;-5.47;-3.13;24.71;88
44677;673;49;-5.47;-3.13;24.71;88
44691;672;49;-5.47;-3.13;24.71;88
44700;672;49;-5.47;-3.13;24.71;88
44710;673;49;-5.47;-3.13;24.71;88
44719;673;49;-5.47;-3.13;24.71;88
44731;674;49;-5.47;-3.13;24.71;88
44737;674;49;-5.47;-3.13;24.71;88
44750;675;49;-5.47;-3.13;24.71;88
44761;676;49;-5.47;-3.13;24.71;88
44768;676;49;-5.47;-3.13;24.71;88
44777;676;49;-5.47;-3.13;24.71;88
44789;676;49;-5.47;-3.13;24.71;88
44799;677;49;-5.47;-3.13;24.71;88
44809;677;49;-5.47;-3.13;24.71;88
44820;677;49;-5.47;-3.13;24.71;88
44831;677;49;-5.47;-3.13;24.71;88
44838;677;49;-5.47;-3.13;24.71;88
44851;677;49;-5.47;-3.13;24.71;88
44871;676;49;-5.47;-3.13;24.71;88
44879;676;49;-5.47;-3.13;24.71;88
44891;676;49;-5.47;-3.13;24.71;88
44897;675;49;-5.47;-3.13;24.71;88
44911;674;49;-5.47;-3.13;24.71;88
44920;673;49;-5.47;-3.13;24.71;88
44932;671;49;-5.47;-3.13;24.71;88
44949;670;49;-5.47;-3.13;24.71;88
44961;669;49;-5.47;-3.13;24.71;88
44969;670;49;-5.47;-3.13;24.71;88
44979;671;49;-5.47;-3.13;24.71;88
44990;672;49;-5.47;-3.13;24.71;88
44997;672;49;-5.47;-3.13;24.71;88
45009;673;49;-4.69;-3.13;24.71;88
45018;674;49;-4.69;-3.13;24.71;88
45031;674;49;-4.69;-3.13;24.71;88
45040;673;49;-4.69;-3.13;24.71;88
45051;673;49;-4.69;-3.13;24.71;88
45070;672;49;-4.69;-3.13;24.71;88
45078;672;49;-4.69;-3.13;24.71;88
45089;672;49;-4.69;-3.13;24.71;88
45098;672;49;-4.69;-3.13;24.71;88
45111;672;49;-4.69;-3.13;24.71;88
45117;673;49;-4.69;-3.13;24.71;88
45131;673;49;-4.69;-3.13;24.71;88
45147;673;49;-4.69;-3.13;24.71;88
45159;674;49;-4.69;-3.13;24.71;88
45170;674;49;-4.69;-3.13;24.71;88
45179;674;49;-4.69;-3.13;24.71;88
45190;674;49;-4.69;-3.13;24.71;88
45200;674;49;-4.69;-3.13;24.71;88
45210;674;49;-4.69;-3.13;24.71;88
45220;674;49;-4.69;-3.13;24.71;88
45231;674;49;-4.69;-3.13;24.71;88
45237;674;49;-4.69;-3.13;24.71;88
45250;674;49;-4.69;-3.13;24.71;88
45261;674;49;-4.69;-3.13;24.71;88
45268;675;49;-4.69;-3.13;24.71;88
45278;675;49;-4.69;-3.13;24.71;88
45289;674;49;-4.69;-3.13;25.10;88
45298;674;49;-4.69;-3.13;25.10;88
45311;673;49;-4.69;-3.13;25.10;88
45318;673;49;-4.69;-3.13;25.10;88
45338;672;49;-4.69;-3.13;25.10;88
45350;671;49;-4.69;-3.13;25.10;88
45358;671;49;-4.69;-3.13;25.10;88
45367;671;49;-4.69;-3.13;25.10;88
45380;671;49;-4.69;-3.13;25.10;88
45390;671;49;-4.69;-3.13;25.10;88
45399;671;49;-4.69;-3.13;25.10;88
45410;671;49;-4.69;-3.13;25.10;88
45419;671;49;-4.69;-3.13;25.10;88
45431;670;49;-4.69;-3.13;25.10;88
45440;670;49;-4.69;-3.13;25.10;88
45447;669;49;-4.69;-3.13;25.10;88
45458;669;49;-4.69;-3.13;25.10;88
45469;669;49;-4.69;-3.13;25.10;88
45477;669;49;-4.69;-3.13;25.10;88
45490;669;49;-4.69;-3.13;25.10;88
45499;669;49;-4.69;-3.13;25.10;88
45509;669;49;-4.69;-3.13;25.10;88
45518;669;49;-3.91;-3.13;25.10;88
45532;670;49;-3.91;-3.13;25.10;88
45549;670;49;-3.91;-3.13;25.10;88
45561;670;49;-3.91;-3.13;25.10;88
45569;671;49;-3.91;-3.13;25.10;88
45578;671;49;-3.91;-3.13;25.10;88
45589;672;49;-3.91;-3.13;25.10;88
45597;672;49;-3.91;-2.34;25.10;88
45609;672;49;-3.91;-2.34;25.10;88
45618;673;49;-3.91;-2.34;25.10;88
45631;673;49;-3.91;-2.34;25.10;88
45650;674;49;-3.91;-2.34;25.10;88
45659;674;49;-3.91;-2.34;25.10;88
45670;675;49;-3.91;-2.34;25.10;88
45678;675;49;-3.91;-2.34;25.10;88
45691;675;49;-3.91;-2.34;25.10;88
45710;675;49;-3.91;-2.34;25.10;88
45717;676;49;-3.91;-2.34;25.10;88
45734;676;49;-3.13;-2.34;25.10;88
45749;676;49;-3.13;-2.34;25.10;88
45759;676;49;-3.13;-2.34;25.10;88
45769;675;49;-3.13;-2.34;25.10;88
45778;675;49;-3.13;-2.34;25.10;88
45791;675;49;-3.13;-2.34;25.10;88
45799;675;49;-3.13;-2.34;25.10;88
45809;675;49;-3.13;-2.34;25.10;88
45817;675;49;-3.13;-2.34;25.10;88
45832;675;49;-3.13;-2.34;25.10;88
45848;676;49;-3.13;-2.34;25.10;88
45859;676;49;-3.13;-2.34;25.10;88
45868;677;49;-3.13;-2.34;25.10;88
45879;677;49;-3.13;-2.34;25.10;88
45890;676;49;-3.13;-2.34;25.10;88
45899;675;49;-3.13;-2.34;25.10;88
45908;675;49;-3.13;-2.34;25.10;88
45917;674;49;-3.13;-2.34;25.10;88
45932;673;49;-3.13;-2.34;25.10;88
45950;672;49;-3.13;-2.34;25.10;88
45959;671;49;-3.13;-2.34;25.10;88
45970;670;49;-3.13;-2.34;25.10;88
45979;669;49;-3.13;-2.34;25.10;88
45989;669;49;-3.13;-2.34;25.10;88
45997;668;49;-2.34;-2.34;25.10;88
46008;667;49;-2.34;-2.34;25.10;88
46020;668;49;-2.34;-2.34;25.10;88
46031;669;49;-2.34;-2.34;25.10;88
46040;670;49;-2.34;-2.34;25.10;88
46049;671;49;-2.34;-2.34;25.10;88
46060;672;49;-2.34;-2.34;25.10;88
46069;673;49;-2.34;-1.56;25.10;88
46079;674;49;-2.34;-1.56;25.10;88
46090;675;49;-2.34;-1.56;25.10;88
46099;676;49;-2.34;-1.56;25.10;88
46110;677;49;-2.34;-1.56;25.10;88
46120;678;49;-2.34;-1.56;25.10;88
46133;679;49;-2.34;-1.56;25.10;88
46149;680;49;-2.34;-1.56;25.10;88
46158;680;49;-2.34;-1.56;25.10;88
46170;681;49;-2.34;-1.56;25.10;88
46179;682;49;-2.34;-1.56;25.10;88
46189;683;49;-2.34;-1.56;25.10;88
46198;683;49;-2.34;-1.56;25.10;88
46210;682;49;-2.34;-1.56;25.10;88
46218;681;49;-2.34;-1.56;25.10;88
46229;680;49;-2.34;-1.56;25.10;88
46239;679;49;-2.34;-1.56;25.10;88
46249;678;49;-2.34;-1.56;25.10;88
46260;677;49;-2.34;-1.56;25.10;88
46269;677;49;-2.34;-1.56;24.71;88
46278;676;49;-2.34;-1.56;24.71;88
46289;676;49;-2.34;-1.56;24.71;88
46299;675;49;-2.34;-1.56;24.71;88
46309;675;49;-1.56;-1.56;24.71;88
46318;674;49;-1.56;-1.56;24.71;88
46337;674;49;-1.56;-1.56;24.71;88
46348;673;49;-1.56;-1.56;24.71;88
46359;673;49;-1.56;-1.56;24.71;88
46369;673;49;-1.56;-1.56;24.71;88
46378;672;49;-1.56;-1.56;24.71;88
46391;672;49;-1.56;-2.34;24.71;88
46400;672;49;-1.56;-2.34;24.71;88
46409;673;49;-1.56;-2.34;24.71;88
46418;674;49;-1.56;-2.34;24.71;88
46430;674;49;-1.56;-2.34;24.71;88
46439;675;49;-1.56;-2.34;24.71;88
46448;675;49;-1.56;-2.34;24.71;88
46460;675;49;-1.56;-2.34;24.71;88
46470;675;49;-1.56;-2.34;24.71;88
46479;675;49;-1.56;-2.34;24.71;88
46488;675;49;-1.56;-2.34;24.71;88
46499;675;49;-1.56;-2.34;24.71;88
46510;674;49;-1.56;-2.34;24.71;88
46518;674;49;-1.56;-2.34;24.71;88
46532;674;49;-1.56;-2.34;24.71;88
46549;674;49;-1.56;-2.34;24.71;88
46559;673;49;-1.56;-2.34;24.71;88
46567;673;49;-1.56;-2.34;24.71;88
46579;673;49;-1.56;-2.34;24.71;88
46590;674;49;-1.56;-2.34;24.71;88
46600;676;49;-1.56;-2.34;24.71;88
46609;677;49;-1.56;-2.34;24.71;88
46619;679;49;-1.56;-2.34;24.71;88
46631;680;49;-1.56;-2.34;24.71;88
46640;682;49;-1.56;-2.34;24.71;88
46648;682;49;-1.56;-2.34;24.71;88
46660;682;49;-1.56;-2.34;24.71;88
46668;681;49;-1.56;-2.34;24.71;88
46680;681;49;-1.56;-2.34;24.71;88
46689;681;49;-1.56;-2.34;24.71;88
46700;681;49;-1.56;-2.34;24.71;88
46709;681;49;-1.56;-2.34;24.71;88
46720;680;49;-1.56;-2.34;24.71;88
46731;680;49;-1.56;-2.34;24.71;88
46740;679;49;-1.56;-2.34;24.71;88
46749;678;49;-1.56;-2.34;24.71;88
46758;678;49;-1.56;-2.34;24.71;88
46770;678;49;-1.56;-2.34;24.31;88
46779;679;49;-1.56;-2.34;24.31;88
46788;679;49;-1.56;-2.34;24.31;88
46800;679;49;-1.56;-2.34;24.31;88
46808;680;49;-1.56;-2.34;24.31;88
46819;680;49;-1.56;-2.34;24.31;88
46831;680;49;-1.56;-2.34;24.31;88
46840;679;49;-1.56;-2.34;24.31;88
46849;679;49;-1.56;-2.34;24.31;88
46860;679;49;-1.56;-2.34;24.31;88
46868;678;49;-1.56;-2.34;24.31;88
46881;678;49;-1.56;-2.34;24.31;88
46890;678;49;-1.56;-2.34;24.31;88
46900;677;49;-1.56;-2.34;24.31;88
46910;677;49;-1.56;-2.34;24.31;88
46918;677;49;-1.56;-2.34;24.31;88
46933;676;49;-2.34;-2.34;24.31;88
46950;676;49;-2.34;-2.34;24.31;88
46959;676;49;-2.34;-2.34;24.31;88
46970;676;49;-2.34;-2.34;24.31;88
46978;676;49;-2.34;-2.34;24.31;88
46990;676;49;-2.34;-2.34;24.31;88
46999;677;49;-2.34;-2.34;24.31;88
47008;677;49;-2.34;-3.13;24.31;88
47020;676;49;-2.34;-3.13;24.31;88
47031;676;49;-2.34;-3.13;24.31;88
47039;676;49;-2.34;-3.13;24.31;88
47048;675;49;-2.34;-3.13;24.31;88
47060;675;49;-2.34;-3.13;24.31;88
47069;675;49;-2.34;-3.13;24.31;88
47080;675;49;-2.34;-3.13;24.31;88
47090;674;49;-2.34;-3.13;24.31;88
47099;674;49;-2.34;-3.13;24.31;88
47110;674;49;-2.34;-3.13;24.31;88
47119;673;49;-3.13;-3.13;24.31;88
47131;673;49;-3.13;-3.13;24.31;88
47140;674;49;-3.13;-3.13;24.31;88
47150;674;49;-3.13;-3.13;24.31;88
47158;675;49;-3.13;-3.13;24.31;88
47170;676;49;-3.13;-3.13;24.31;88
47179;677;49;-3.13;-3.13;24.31;88
47190;678;49;-3.13;-3.13;24.31;88
47200;677;49;-3.13;-3.13;24.31;88
47208;677;49;-3.13;-3.13;24.31;88
47220;677;49;-3.13;-3.13;24.31;88
47231;676;49;-3.13;-3.13;24.31;88
47249;676;49;-3.13;-3.13;24.31;88
47258;676;49;-3.13;-3.13;24.31;88
47270;676;49;-3.13;-3.13;24.31;88
47280;676;49;-3.13;-3.13;24.31;88
47290;675;49;-3.13;-3.13;24.31;88
47298;675;49;-3.13;-3.13;24.31;88
47308;675;49;-3.13;-3.13;24.31;88
47319;675;49;-3.13;-3.13;24.31;88
47337;675;49;-3.13;-3.13;24.71;88
47349;675;49;-3.13;-3.13;24.71;88
47359;675;49;-3.13;-3.13;24.71;88
47370;674;49;-3.13;-3.13;24.71;88
47379;674;49;-3.13;-3.13;24.71;88
47390;674;49;-3.13;-3.13;24.71;88
47400;674;49;-3.13;-3.13;24.71;88
47408;673;49;-3.13;-3.13;24.71;88
47420;672;49;-3.13;-3.13;24.71;88
47431;672;49;-3.13;-3.13;24.71;88
47441;671;49;-3.91;-3.13;24.71;88
47450;670;49;-3.91;-3.13;24.71;88
47460;672;49;-3.91;-3.13;24.71;88
47471;673;49;-3.91;-3.13;24.71;88
47480;674;49;-3.91;-3.13;24.71;88
47490;675;49;-3.91;-3.13;24.71;88
47501;676;49;-3.91;-3.13;24.71;88
47508;677;49;-3.91;-3.13;24.71;88
47518;676;49;-3.91;-3.13;24.71;88
47532;675;49;-3.91;-3.13;24.71;88
47549;675;49;-3.91;-3.13;24.71;88
47560;674;49;-3.91;-3.13;24.71;88
47569;673;49;-3.91;-3.13;24.71;88
47581;672;49;-3.91;-3.13;24.71;88
47589;672;49;-3.91;-3.13;24.71;88
47598;672;49;-3.91;-3.13;24.71;88
47609;672;49;-3.91;-3.13;24.71;88
47618;672;49;-3.91;-3.13;24.71;88
47632;672;49;-3.91;-3.13;24.71;88
47650;672;49;-3.91;-3.13;24.71;88
47659;673;49;-3.91;-3.13;24.71;88
47671;674;49;-3.91;-3.13;24.71;88
47680;676;49;-3.91;-3.13;24.71;88
47689;677;49;-3.91;-3.13;24.71;88
47700;678;49;-3.91;-3.13;24.71;88
47709;679;49;-3.91;-3.13;24.71;88
47719;679;49;-3.91;-3.13;24.71;88
47733;679;49;-3.91;-3.13;24.71;88
47748;679;49;-3.91;-3.13;24.71;88
47760;679;49;-3.91;-3.13;24.71;88
47768;680;49;-3.91;-3.13;24.71;88
47780;680;49;-3.91;-3.13;24.71;88
47790;679;49;-3.91;-3.13;24.71;88
47798;678;49;-3.91;-3.13;24.71;88
47810;677;49;-3.91;-3.13;24.71;88
47820;676;49;-3.91;-3.13;24.71;88
47830;675;49;-3.91;-3.13;24.71;88
47840;675;49;-3.91;-3.13;24.71;88
47849;674;49;-3.91;-3.13;24.71;88
47860;673;49;-3.91;-3.13;24.71;88
47870;672;49;-3.91;-3.13;24.71;88
47879;671;49;-3.91;-3.13;24.71;88
47888;670;49;-4.69;-3.13;24.71;88
47901;670;49;-4.69;-3.13;24.71;88
47909;670;49;-4.69;-3.13;24.71;88
47920;670;49;-4.69;-3.13;24.71;88
47931;670;49;-4.69;-3.13;24.71;88
47939;670;49;-4.69;-3.13;24.71;88
47949;670;49;-4.69;-3.13;24.71;88
47958;670;49;-4.69;-3.13;24.71;88
47970;670;49;-4.69;-3.13;24.71;88
47979;671;49;-4.69;-3.13;24.71;88
47990;671;49;-4.69;-3.13;24.71;88
47998;672;49;-4.69;-3.13;24.71;88
48010;672;49;-4.69;-3.13;24.71;88
48020;673;49;-4.69;-3.13;24.71;88
48031;673;49;-4.69;-3.13;24.71;88
48037;673;49;-4.69;-3.13;24.71;88
48050;673;49;-4.69;-3.13;24.71;88
48059;673;49;-4.69;-3.13;24.71;88
48070;673;49;-4.69;-3.13;24.71;88
48080;673;49;-4.69;-3.13;24.71;88
48089;672;49;-4.69;-3.13;24.71;88
48098;672;49;-4.69;-3.13;24.71;88
48110;671;49;-4.69;-3.13;24.71;88
48117;671;49;-4.69;-3.13;24.71;88
48131;671;49;-3.91;-3.13;24.71;88
48150;670;49;-3.91;-3.13;24.71;88
48160;670;49;-3.91;-3.13;24.71;88
48169;670;49;-3.91;-3.13;24.71;88
48178;670;49;-3.91;-3.13;24.71;88
48189;670;49;-3.91;-3.13;24.71;88
48199;670;49;-3.91;-3.13;24.71;88
48211;670;49;-3.91;-2.34;24.71;88
48219;670;49;-3.91;-2.34;24.71;88
48231;670;49;-3.91;-2.34;24.71;88
48237;669;49;-3.91;-2.34;24.71;88
48251;669;49;-3.91;-2.34;24.71;88
48259;669;49;-3.91;-2.34;24.71;88
48267;668;49;-3.91;-2.34;24.71;88
48278;668;49;-3.91;-2.34;25.10;88
48288;667;49;-3.91;-2.34;25.10;88
48297;666;49;-3.91;-2.34;25.10;88
48310;665;49;-3.91;-2.34;25.10;88
48320;665;49;-3.91;-2.34;25.10;88
48339;664;49;-3.91;-2.34;25.10;88
48349;665;49;-3.91;-2.34;25.10;88
48360;666;49;-3.91;-2.34;25.10;88
48369;667;49;-3.91;-2.34;25.10;88
48380;669;49;-3.91;-2.34;25.10;88
48390;670;49;-3.13;-2.34;25.10;88
48400;671;49;-3.13;-2.34;25.10;88
48409;671;49;-3.13;-2.34;25.10;88
48419;672;49;-3.13;-2.34;25.10;88
48433;672;49;-3.13;-2.34;25.10;88
48449;673;49;-3.13;-2.34;25.10;88
48461;673;49;-3.13;-2.34;25.10;88
48470;674;49;-3.13;-2.34;25.10;88
48478;674;49;-3.13;-2.34;25.10;88
48490;675;49;-3.13;-2.34;25.10;88
48499;676;49;-3.13;-2.34;25.10;88
48508;677;49;-3.13;-2.34;25.10;88
48518;678;49;-3.13;-2.34;25.10;88
48533;679;49;-3.13;-2.34;25.10;88
48549;679;49;-3.13;-2.34;25.10;88
48561;679;49;-3.13;-2.34;25.10;88
48567;679;49;-3.13;-2.34;25.10;88
48578;679;49;-3.13;-2.34;25.10;88
48587;680;49;-3.13;-2.34;25.10;88
48598;680;49;-3.13;-2.34;25.10;88
48610;678;49;-3.13;-2.34;25.10;88
48617;677;49;-3.13;-2.34;25.10;88
48631;676;49;-3.13;-2.34;25.10;88
48637;674;49;-3.13;-2.34;25.10;88
48649;673;49;-3.13;-2.34;25.10;88
48659;671;49;-3.13;-2.34;25.10;88
48667;671;49;-3.13;-2.34;25.10;88
48679;670;49;-3.13;-2.34;25.10;88
48691;670;49;-3.13;-2.34;25.10;88
48697;669;49;-3.13;-2.34;25.10;88
48711;669;49;-3.13;-2.34;25.10;88
48731;668;49;-3.13;-2.34;25.10;88
48737;669;49;-3.13;-2.34;25.10;88
48749;670;49;-3.13;-2.34;25.10;88
48759;671;49;-3.13;-2.34;25.10;88
48768;672;49;-3.13;-2.34;25.10;88
48777;673;49;-3.13;-2.34;25.10;88
48788;673;49;-3.13;-2.34;25.10;88
48797;673;49;-3.13;-2.34;25.10;88
48808;673;49;-3.13;-2.34;25.10;88
48817;673;49;-3.13;-2.34;25.10;88
48832;673;49;-3.13;-2.34;25.10;88
48849;673;49;-3.13;-2.34;25.10;88
48860;673;49;-3.13;-2.34;25.10;88
48869;673;49;-3.13;-2.34;25.10;88
48878;674;49;-3.13;-2.34;25.10;88
48890;674;49;-3.13;-2.34;25.10;88
48901;675;49;-3.13;-2.34;25.10;88
48908;675;49;-3.13;-2.34;25.10;88
48920;676;49;-3.13;-2.34;25.10;88
48931;675;49;-3.13;-2.34;25.10;88
48938;674;49;-3.13;-2.34;25.10;88
48948;674;49;-3.13;-2.34;25.10;88
48959;673;49;-3.13;-2.34;25.10;88
48968;673;49;-2.34;-2.34;25.10;88
48979;672;49;-2.34;-2.34;25.10;88
48987;672;49;-2.34;-2.34;24.71;88
48998;673;49;-2.34;-2.34;24.71;88
49010;673;49;-2.34;-2.34;24.71;88
49017;674;49;-2.34;-2.34;24.71;88
49032;674;49;-2.34;-2.34;24.71;88
49048;675;49;-2.34;-2.34;24.71;88
49061;675;49;-2.34;-2.34;24.71;88
49069;675;49;-2.34;-2.34;24.71;88
49078;675;49;-2.34;-2.34;24.71;88
49090;675;49;-2.34;-2.34;24.71;88
49099;675;49;-2.34;-2.34;24.71;88
49108;676;49;-2.34;-2.34;24.71;88
49119;675;49;-2.34;-2.34;24.71;88
49132;675;49;-2.34;-2.34;24.71;88
49148;675;49;-2.34;-2.34;24.71;88
49159;674;49;-2.34;-2.34;24.71;88
49167;674;49;-2.34;-2.34;24.71;88
49180;674;49;-2.34;-2.34;24.71;88
49188;673;49;-2.34;-2.34;24.71;88
49198;673;49;-2.34;-2.34;24.71;88
49209;672;49;-2.34;-2.34;24.71;88
49217;672;49;-2.34;-2.34;24.71;88
49230;671;49;-2.34;-2.34;24.71;88
49240;670;49;-2.34;-2.34;24.71;88
49249;671;49;-2.34;-2.34;24.71;88
49260;672;49;-2.34;-2.34;24.71;88
49270;673;49;-2.34;-2.34;24.71;88
49279;674;49;-2.34;-2.34;24.71;88
49289;675;49;-2.34;-2.34;24.71;88
49300;676;49;-2.34;-2.34;24.71;88
49308;676;49;-2.34;-2.34;24.71;88
49317;676;49;-2.34;-2.34;24.71;88
49338;675;49;-2.34;-2.34;24.71;88
49350;675;49;-2.34;-2.34;24.71;88
49359;674;49;-2.34;-2.34;24.71;88
49367;674;49;-2.34;-2.34;24.71;88
49379;674;49;-2.34;-2.34;24.71;88
49390;674;49;-2.34;-2.34;24.71;88
49397;675;49;-2.34;-2.34;24.71;88
49408;675;49;-2.34;-2.34;24.71;88
49418;675;49;-2.34;-2.34;24.71;88
49431;676;49;-2.34;-2.34;24.71;88
49440;675;49;-2.34;-2.34;24.71;88
49451;675;49;-2.34;-2.34;24.71;88
49461;675;49;-2.34;-2.34;24.71;88
49467;674;49;-2.34;-2.34;24.71;88
49478;674;49;-2.34;-2.34;24.71;88
49490;674;49;-2.34;-2.34;24.71;88
49498;673;49;-2.34;-2.34;24.71;88
49507;672;49;-2.34;-2.34;24.71;88
49518;672;49;-2.34;-2.34;24.71;88
49532;671;49;-2.34;-2.34;24.71;88
49549;670;49;-2.34;-2.34;24.71;88
49557;670;49;-2.34;-2.34;24.71;88
49568;670;49;-2.34;-2.34;24.71;88
49580;670;49;-2.34;-2.34;24.71;88
49587;670;49;-2.34;-2.34;24.71;88
49598;670;49;-2.34;-2.34;24.71;88
49611;670;49;-2.34;-2.34;24.71;88
49620;670;49;-2.34;-2.34;24.71;88
49631;671;49;-2.34;-2.34;24.71;88
49640;672;49;-2.34;-2.34;24.71;88
49649;673;49;-2.34;-2.34;24.71;88
49659;674;49;-2.34;-2.34;24.71;88
49667;675;49;-2.34;-2.34;24.71;88
49678;676;49;-2.34;-2.34;24.71;88
49689;675;49;-2.34;-2.34;24.71;88
49698;675;49;-2.34;-2.34;24.71;88
49708;674;49;-2.34;-2.34;24.71;88
49719;673;49;-2.34;-2.34;24.71;88
49734;673;49;-2.34;-2.34;24.71;88
49749;672;49;-2.34;-2.34;24.71;88
49761;672;49;-2.34;-2.34;24.71;88
49767;673;49;-2.34;-2.34;24.71;88
49778;673;49;-2.34;-2.34;24.71;88
49787;673;49;-2.34;-2.34;24.71;88
49799;673;49;-2.34;-2.34;24.71;88
49812;673;49;-2.34;-2.34;24.71;88
49833;674;49;-2.34;-2.34;24.71;88
49847;674;49;-2.34;-2.34;24.71;88
49858;674;49;-2.34;-2.34;24.71;88
49870;675;49;-2.34;-2.34;24.71;88
49878;675;49;-2.34;-2.34;24.71;88
49889;675;49;-2.34;-2.34;24.71;88
49898;676;49;-2.34;-2.34;24.71;88
49911;677;49;-2.34;-2.34;24.71;88
49933;677;49;-2.34;-2.34;24.71;88
49948;678;49;-2.34;-2.34;24.71;88
49959;679;49;-2.34;-2.34;24.71;88
49970;680;49;-2.34;-2.34;24.71;88
49979;679;49;-2.34;-2.34;24.71;88
49989;679;49;-2.34;-2.34;24.71;88
49998;679;49;-2.34;-2.34;24.71;88
50010;678;49;-2.34;-2.34;24.71;88
50019;678;49;-3.13;-2.34;24.71;88
50030;678;49;-3.13;-2.34;24.71;88
50038;678;49;-3.13;-2.34;24.71;88
50049;677;49;-3.13;-2.34;24.71;88
50063;677;49;-3.13;-2.34;24.71;88
50078;676;49;-3.13;-2.34;24.71;88
50089;676;49;-3.13;-2.34;24.71;88
50098;676;49;-3.13;-2.34;24.71;88
50109;676;49;-3.13;-2.34;24.71;88
50117;676;49;-3.13;-2.34;24.71;88
50131;676;49;-3.13;-2.34;24.71;88
50148;676;49;-3.13;-2.34;24.71;88
50158;676;49;-3.13;-2.34;24.71;88
50169;677;49;-3.13;-2.34;24.71;88
50179;677;49;-3.13;-2.34;24.71;88
50190;678;49;-3.13;-2.34;24.71;88
50199;678;49;-3.13;-2.34;24.71;88
50211;679;49;-3.13;-2.34;24.71;88
50218;679;49;-3.13;-2.34;24.71;88
50233;680;49;-3.13;-3.13;24.71;88
50249;678;49;-3.13;-3.13;24.31;88
50259;677;49;-3.13;-3.13;24.31;88
50269;676;49;-3.13;-3.13;24.31;88
50279;675;49;-3.13;-3.13;24.31;88
50288;674;49;-3.13;-3.13;24.31;88
50300;673;49;-3.13;-3.13;24.31;88
50309;673;49;-3.13;-3.13;24.31;88
50318;674;49;-3.13;-3.13;24.31;88
50338;675;49;-3.13;-3.13;24.31;88
50348;676;49;-3.13;-3.13;24.31;88
50357;676;49;-3.13;-3.13;24.31;88
50370;677;49;-3.13;-3.13;24.31;88
50379;677;49;-3.13;-3.13;24.31;88
50390;677;49;-3.13;-3.13;24.31;88
50398;677;49;-3.13;-3.13;24.31;88
50410;677;49;-3.13;-3.13;24.31;88
50419;677;49;-3.13;-3.13;24.31;88
50431;677;49;-3.13;-3.13;24.31;88
50439;677;49;-3.13;-3.13;24.31;88
50449;678;49;-3.13;-3.13;24.31;88
50459;678;49;-3.13;-3.13;24.31;88
50469;678;49;-3.13;-3.13;24.31;88
50480;678;49;-3.13;-3.13;24.31;88
50490;678;49;-3.13;-3.13;24.31;88
50498;679;49;-3.13;-3.13;24.31;88
50511;679;49;-3.13;-3.13;24.31;88
50520;680;49;-3.13;-3.13;24.31;88
50532;680;49;-3.13;-3.13;24.31;88
50548;681;49;-3.13;-3.13;24.31;88
50560;681;49;-3.13;-3.13;24.31;88
50568;680;49;-3.13;-3.13;24.31;88
50579;679;49;-3.13;-3.13;24.31;88
50588;677;49;-3.13;-3.13;24.31;88
50600;676;49;-3.13;-3.13;24.31;88
50609;675;49;-3.13;-3.13;24.31;88
50618;673;49;-3.13;-3.13;24.31;88
50630;674;49;-3.13;-3.13;24.31;88
50639;674;49;-3.13;-3.13;24.31;88
50649;674;49;-3.13;-3.13;24.31;88
50660;675;49;-3.13;-3.13;24.31;88
50670;675;49;-3.91;-3.13;24.31;88
50679;675;49;-3.91;-3.13;24.31;88
50690;675;49;-3.91;-3.13;24.31;88
50699;675;49;-3.91;-3.13;24.31;88
50708;674;49;-3.91;-3.13;24.31;88
50719;674;49;-3.91;-3.13;24.31;88
50731;674;49;-3.91;-3.13;24.31;88
50740;674;49;-3.91;-3.13;24.31;88
50749;675;49;-3.91;-3.13;24.31;88
50759;676;49;-3.91;-3.13;24.31;88
50769;677;49;-3.91;-3.13;24.31;88
50779;678;49;-3.91;-3.13;24.31;88
50789;679;49;-3.91;-3.13;24.31;88
50798;680;49;-3.91;-3.13;24.31;88
50809;679;49;-3.91;-3.13;24.31;88
50820;679;49;-3.91;-3.13;24.31;88
50831;679;49;-3.91;-3.13;24.31;88
50839;678;49;-3.91;-3.13;24.31;88
50848;678;49;-3.91;-3.13;24.31;88
50860;677;49;-3.91;-3.13;24.31;88
50869;678;49;-3.91;-3.13;24.31;88
50879;678;49;-3.91;-3.13;24.31;88
50890;679;49;-3.91;-3.13;24.31;88
50900;679;49;-3.91;-3.13;24.31;88
50909;679;49;-3.91;-3.13;24.31;88
50918;680;49;-3.91;-3.13;24.31;88
50932;680;49;-3.91;-3.13;24.31;88
50949;680;49;-3.91;-3.13;24.31;88
50958;680;49;-3.91;-3.13;24.31;88
50969;680;49;-3.91;-3.13;24.31;88
50978;680;49;-3.91;-3.13;24.31;88
50989;680;49;-3.91;-3.13;24.31;88
50998;680;49;-3.91;-3.13;24.31;88
51008;679;49;-3.91;-3.13;24.31;88
51020;679;49;-3.91;-3.13;24.31;88
51032;678;49;-3.91;-3.13;24.31;88
51050;678;49;-3.91;-3.13;24.31;88
51060;677;49;-3.91;-3.13;24.31;88
51069;678;49;-3.91;-3.13;24.31;88
51080;679;49;-3.91;-3.13;24.31;88
51089;679;49;-3.91;-3.13;24.31;88
51099;680;49;-3.91;-3.13;24.31;88
51108;681;49;-3.91;-3.13;24.31;88
51120;682;49;-3.91;-3.13;24.31;88
51133;681;49;-3.91;-3.13;24.31;88
51148;681;49;-3.91;-3.13;24.31;88
51160;681;49;-3.91;-3.13;24.31;88
51168;680;49;-3.91;-3.13;24.31;88
51180;680;49;-4.69;-3.13;24.31;88
51189;679;49;-4.69;-3.13;24.31;88
51201;679;49;-4.69;-3.13;24.31;88
51210;678;49;-4.69;-3.13;24.31;88
51221;678;49;-4.69;-3.13;24.31;88
51232;678;49;-4.69;-3.13;24.31;88
51248;677;49;-4.69;-3.13;24.31;88
51260;677;49;-4.69;-3.13;24.31;88
51268;676;49;-4.69;-3.13;24.31;88
51279;676;49;-4.69;-3.13;24.31;88
51288;676;49;-4.69;-3.13;24.31;88
51300;676;49;-4.69;-3.13;24.31;88
51310;675;49;-3.91;-3.13;24.31;88
51319;675;49;-3.91;-3.13;24.31;88
51337;675;49;-3.91;-3.13;24.31;88
51349;674;49;-3.91;-3.13;24.31;88
51358;673;49;-3.91;-3.13;24.31;88
51370;673;49;-3.91;-3.13;24.31;88
51379;672;49;-3.91;-3.13;24.31;88
51390;671;49;-3.91;-3.13;24.31;88
51399;672;49;-3.91;-3.13;24.31;88
51412;672;49;-3.91;-3.13;24.31;88
51432;673;49;-3.91;-3.13;24.31;88
51449;673;49;-3.91;-3.13;24.31;88
51460;673;49;-3.91;-3.13;24.31;88
51469;674;49;-3.91;-3.13;24.31;88
51480;674;49;-3.91;-3.13;24.71;88
51490;674;49;-3.91;-3.13;24.71;88
51498;675;49;-3.91;-3.13;24.71;88
51508;675;49;-3.91;-3.13;24.71;88
51519;675;49;-3.91;-3.13;24.71;88
51530;675;49;-3.91;-3.13;24.71;88
51540;676;49;-3.91;-3.13;24.71;88
51548;676;49;-3.91;-3.13;24.71;88
51560;676;49;-3.91;-3.13;24.71;88
51570;676;49;-3.91;-3.13;24.71;88
51580;676;49;-3.91;-3.13;24.71;88
51589;676;49;-3.91;-3.13;24.71;88
51599;675;49;-3.91;-3.13;24.71;88
51610;674;49;-3.91;-3.13;24.71;88
51620;673;49;-3.91;-3.13;24.71;88
51631;672;49;-3.91;-3.13;24.71;88
51640;672;49;-3.91;-3.13;24.71;88
51648;671;49;-3.91;-3.13;24.71;88
51658;671;49;-3.91;-3.13;24.71;88
51669;671;49;-3.91;-3.13;24.71;88
51680;671;49;-3.91;-3.13;24.71;88
51689;671;49;-3.91;-3.13;24.71;88
51698;671;49;-3.91;-3.13;24.71;88
51710;671;49;-3.91;-3.13;24.71;88
51720;671;49;-3.91;-3.13;24.71;88
51731;672;49;-3.91;-3.13;24.71;88
51741;672;49;-3.91;-3.13;24.71;88
51749;672;49;-3.91;-3.13;24.71;88
51758;673;49;-3.91;-3.13;24.71;88
51771;673;49;-3.91;-3.13;24.71;88
51780;674;49;-3.91;-3.13;24.71;88
51789;674;49;-3.91;-3.13;24.71;88
51798;674;49;-3.91;-3.13;24.71;88
51810;674;49;-3.91;-3.13;24.71;88
51819;675;49;-3.91;-3.13;24.71;88
51831;675;49;-3.91;-3.13;24.71;88
51840;675;49;-3.91;-3.13;24.71;88
51848;675;49;-3.91;-3.13;24.71;88
51859;676;49;-3.91;-3.13;24.71;88
51870;676;49;-3.91;-3.13;24.71;88
51879;676;49;-3.91;-3.13;24.71;88
51891;677;49;-3.91;-3.13;24.71;88
51899;677;49;-3.91;-3.13;24.71;88
51910;677;49;-3.91;-3.13;24.71;88
51918;677;49;-3.91;-3.13;24.71;88
51933;677;49;-3.91;-3.13;24.71;88
51950;677;49;-3.91;-3.13;24.71;88
51963;677;49;-3.91;-3.13;24.71;88
51979;677;49;-3.91;-3.13;24.71;88
51990;678;49;-3.91;-3.13;24.71;88
51998;678;49;-3.91;-3.13;24.71;88
52009;678;49;-3.91;-3.13;24.71;88
52020;679;49;-3.91;-3.13;24.71;88
52032;679;49;-3.91;-3.13;24.71;88
52049;679;49;-3.91;-3.13;24.71;88
52059;678;49;-3.91;-3.13;24.71;88
52070;678;49;-3.91;-3.13;24.71;88
52080;677;49;-3.91;-3.13;24.71;88
52090;677;49;-3.91;-3.13;24.71;88
52099;676;49;-3.91;-3.13;24.71;88
52108;675;49;-3.91;-3.13;24.71;88
52120;675;49;-3.91;-3.13;24.71;88
52131;674;49;-3.91;-3.13;24.71;88
52140;673;49;-3.91;-3.13;24.71;88
52149;672;49;-3.91;-3.13;24.71;88
52160;671;49;-3.91;-3.13;24.71;88
52168;671;49;-3.91;-3.13;24.71;88
52179;672;49;-3.91;-3.13;24.71;88
52188;673;49;-3.91;-3.13;24.71;88
52199;673;49;-3.91;-3.13;24.71;88
52211;674;49;-3.91;-3.13;24.71;88
52218;674;49;-3.91;-2.34;24.71;88
52232;674;49;-3.91;-2.34;24.71;88
52250;674;49;-3.91;-2.34;24.71;88
52260;675;49;-3.91;-2.34;24.71;88
52268;675;49;-3.91;-2.34;24.71;88
52277;675;49;-3.91;-2.34;24.71;88
52289;675;49;-3.91;-2.34;24.71;88
52298;675;49;-3.91;-2.34;24.71;88
52310;674;49;-3.91;-2.34;24.71;88
52321;674;49;-3.91;-2.34;24.71;88
52342;673;49;-3.91;-2.34;24.71;88
52360;673;49;-3.91;-2.34;24.71;88
52371;673;49;-3.91;-2.34;24.71;88
52380;672;49;-3.91;-2.34;24.71;88
52390;672;49;-3.91;-2.34;24.71;88
52398;672;49;-3.91;-2.34;24.71;88
52409;671;49;-3.91;-2.34;24.71;88
52418;671;49;-3.13;-2.34;24.71;88
52432;671;49;-3.13;-2.34;24.71;88
52449;672;49;-3.13;-2.34;24.71;88
52460;673;49;-3.13;-2.34;24.71;88
52468;675;49;-3.13;-2.34;24.71;88
52481;676;49;-3.13;-2.34;24.71;88
52488;678;49;-3.13;-2.34;24.71;88
52497;679;49;-3.13;-2.34;24.71;88
52510;679;49;-3.13;-2.34;24.71;88
52518;679;49;-3.13;-2.34;24.71;88
52530;679;49;-3.13;-2.34;24.71;88
52540;680;49;-3.13;-2.34;24.71;88
52551;680;49;-3.13;-2.34;24.71;88
52560;680;49;-3.13;-2.34;24.71;88
52570;679;49;-3.13;-2.34;24.71;88
52578;679;49;-3.13;-2.34;24.71;88
52587;678;49;-3.13;-2.34;24.71;88
52602;677;49;-3.13;-2.34;24.71;88
52619;677;49;-3.13;-2.34;24.71;88
52631;676;49;-3.13;-2.34;24.71;88
52649;675;49;-3.13;-2.34;24.31;88
52660;674;49;-3.13;-2.34;24.31;88
52669;673;49;-3.13;-2.34;24.31;88
52677;673;49;-3.13;-2.34;24.31;88
52689;672;49;-3.13;-2.34;24.31;88
52697;671;49;-3.13;-2.34;24.31;88
52708;671;49;-3.13;-2.34;24.31;88
52719;670;49;-3.13;-2.34;24.31;88
52731;670;49;-3.13;-2.34;24.31;88
52737;669;49;-3.13;-2.34;24.31;88
52751;669;49;-3.13;-2.34;24.31;88
52760;669;49;-3.13;-3.13;24.31;88
52769;669;49;-3.13;-3.13;24.71;88
52780;670;49;-3.13;-3.13;24.71;88
52789;671;49;-3.13;-3.13;24.71;88
52796;672;49;-3.13;-3.13;24.71;88
52809;673;49;-3.13;-3.13;24.71;88
52819;674;49;-3.13;-3.13;24.71;88
52831;675;49;-3.13;-3.13;24.71;88
52837;676;49;-3.13;-3.13;24.71;88
52851;677;49;-3.13;-3.13;24.71;88
52860;678;49;-3.13;-3.13;24.71;88
52869;679;49;-3.13;-3.13;24.71;88
52880;680;49;-3.13;-3.13;24.71;88
52889;680;49;-3.13;-3.13;24.71;88
52898;681;49;-3.13;-3.13;24.71;88
52910;681;49;-3.13;-3.13;24.71;88
52919;682;49;-3.13;-3.13;24.71;88
52932;682;49;-3.13;-3.13;24.71;88
52948;682;49;-3.13;-3.13;24.71;88
52960;682;49;-3.13;-3.13;24.71;88
52970;681;49;-3.13;-3.13;24.71;88
52978;680;49;-3.13;-3.13;24.71;88
52990;679;49;-3.13;-3.13;24.71;88
52999;678;49;-3.13;-3.13;24.71;88
53008;677;49;-3.13;-3.13;24.71;88
53019;677;49;-3.13;-3.13;24.71;88
53031;677;49;-3.13;-3.13;24.71;88
53039;677;49;-3.13;-3.13;24.71;88
53049;677;49;-3.13;-3.13;24.71;88
53060;677;49;-3.91;-3.13;24.71;88
53069;677;49;-3.91;-3.13;24.71;88
53078;676;49;-3.91;-3.13;24.31;88
53089;675;49;-3.91;-3.13;24.31;88
53097;674;49;-3.91;-3.13;24.31;88
53110;672;49;-3.91;-3.13;24.31;88
53119;671;49;-3.91;-3.13;24.31;88
53132;670;49;-3.91;-3.13;24.31;88
53150;671;49;-3.91;-3.13;24.31;88
53159;672;49;-3.91;-3.13;24.31;88
53169;673;49;-3.91;-3.13;24.31;88
53180;674;49;-3.91;-3.13;24.31;88
53191;675;49;-3.13;-3.13;24.31;88
53198;676;49;-3.13;-3.13;24.31;88
53211;676;49;-3.13;-3.13;24.31;88
53233;677;49;-3.13;-3.13;24.31;88
53249;677;49;-3.13;-3.13;24.31;88
53258;677;49;-3.13;-3.13;24.31;88
53268;678;49;-3.13;-3.13;24.31;88
53277;678;49;-3.13;-3.13;24.31;88
53290;678;49;-3.13;-3.13;24.71;88
53298;677;49;-3.13;-3.13;24.71;88
53309;677;49;-3.13;-3.13;24.71;88
53318;677;49;-3.13;-3.13;24.71;88
53338;677;49;-3.13;-3.13;24.71;88
53347;676;49;-3.13;-3.13;24.71;88
53359;676;49;-3.13;-3.13;24.71;88
53369;676;49;-3.13;-3.13;24.71;88
53380;676;49;-3.13;-3.13;24.71;88
53390;675;49;-3.13;-3.13;24.71;88
53398;675;49;-3.91;-3.13;24.71;88
53410;675;49;-3.91;-3.13;24.71;88
53418;675;49;-3.91;-3.13;24.71;88
53432;675;49;-3.91;-3.13;24.71;88
53450;675;49;-3.91;-3.13;24.71;88
53460;675;49;-3.91;-3.13;24.71;88
53469;674;49;-3.91;-3.13;24.71;88
53478;674;49;-3.91;-3.13;24.71;88
53489;674;49;-3.91;-3.13;24.71;88
53498;674;49;-3.91;-3.13;24.71;88
53511;674;49;-3.91;-3.13;24.71;88
53517;674;49;-3.91;-3.13;24.71;88
53532;674;49;-3.91;-3.13;24.71;88
53548;674;49;-3.91;-3.13;24.71;88
53559;674;49;-3.91;-3.13;24.31;88
53567;673;49;-3.91;-3.13;24.31;88
53578;672;49;-3.91;-3.13;24.31;88
53590;672;49;-3.91;-3.13;24.31;88
53598;671;49;-3.91;-3.13;24.31;88
53611;671;49;-3.91;-3.13;24.31;88
53617;670;49;-3.91;-3.13;24.31;88
53629;670;49;-3.91;-3.13;24.31;88
53639;670;49;-3.91;-3.13;24.31;88
53648;670;49;-3.91;-3.13;24.31;88
53660;670;49;-3.91;-3.13;24.31;88
53667;670;49;-3.91;-3.13;24.31;88
53679;670;49;-3.91;-3.13;24.71;88
53688;671;49;-3.91;-3.13;24.71;88
53698;672;49;-3.91;-3.13;24.71;88
53708;672;49;-3.91;-3.13;24.71;88
53719;673;49;-3.91;-3.13;24.71;88
53734;674;49;-3.91;-3.13;24.71;88
53748;675;49;-3.91;-3.13;24.71;88
53759;675;49;-3.91;-3.13;24.71;88
53769;676;49;-3.91;-3.13;24.71;88
53777;676;49;-3.91;-3.13;24.71;88
53788;677;49;-3.91;-3.13;24.71;88
53799;678;49;-3.91;-3.13;24.71;88
53811;677;49;-3.91;-3.13;24.71;88
53817;676;49;-3.91;-3.13;24.71;88
53831;675;49;-3.91;-3.13;24.71;88
53839;674;49;-3.91;-3.13;24.71;88
53848;674;49;-4.69;-3.13;24.71;88
53859;673;49;-4.69;-3.13;24.71;88
53867;673;49;-4.69;-3.13;24.71;88
53878;673;49;-4.69;-3.13;24.71;88
53891;672;49;-4.69;-3.13;24.71;88
53908;672;49;-4.69;-3.13;24.71;88
53917;672;49;-3.91;-3.13;24.71;88
53933;672;49;-3.91;-3.13;24.71;88
53948;671;49;-3.91;-3.13;24.71;88
53960;671;49;-3.91;-3.13;24.71;88
53968;671;49;-3.91;-3.13;24.71;88
53979;670;49;-3.91;-3.13;24.71;88
53988;670;49;-3.91;-3.13;24.71;88
54000;669;49;-3.91;-3.13;24.71;88
54010;670;49;-3.91;-3.13;24.71;88
54018;670;49;-3.91;-3.13;24.71;88
54029;670;49;-3.91;-3.13;24.71;88
54038;670;49;-3.91;-3.13;24.71;88
54049;670;49;-3.91;-3.13;24.71;88
54058;670;49;-3.91;-3.13;24.71;88
54069;671;49;-3.91;-3.13;24.71;88
54078;672;49;-3.91;-3.13;24.71;88
54089;672;49;-3.91;-3.13;24.71;88
54097;673;49;-3.91;-3.13;24.71;88
54111;674;49;-3.91;-3.13;24.71;88
54133;675;49;-3.91;-3.13;24.71;88
54149;675;49;-3.91;-3.13;24.71;88
54159;674;49;-3.91;-3.13;24.71;88
54169;674;49;-3.91;-3.13;24.71;88
54178;674;49;-3.91;-3.13;24.71;88
54188;674;49;-3.91;-3.13;24.71;88
54198;674;49;-3.91;-3.13;24.71;88
54213;674;49;-3.91;-3.13;24.71;88
54232;674;49;-3.91;-3.13;24.71;88
54248;674;49;-3.91;-3.13;24.71;88
54260;674;49;-3.91;-3.13;24.71;88
54268;674;49;-3.91;-3.13;24.71;88
54277;674;49;-3.91;-3.13;24.71;88
54288;673;49;-3.91;-3.13;24.71;88
54299;672;49;-3.91;-3.13;24.71;88
54309;672;49;-3.91;-3.13;24.71;88
54318;671;49;-3.91;-3.13;24.71;88
54338;670;49;-3.91;-3.13;24.71;88
54351;669;49;-3.91;-3.13;24.71;88
54357;670;49;-3.91;-3.13;24.71;88
54368;671;49;-3.91;-3.13;24.71;88
54379;671;49;-3.91;-3.13;24.71;88
54391;672;49;-3.91;-3.13;24.71;88
54412;672;49;-3.13;-3.13;24.71;88
54432;673;49;-3.13;-2.34;24.71;88
54448;673;49;-3.13;-2.34;24.71;88
54458;673;49;-3.13;-2.34;24.71;88
54467;672;49;-3.13;-2.34;24.71;88
54480;672;49;-3.13;-2.34;24.71;88
54490;672;49;-3.13;-2.34;24.71;88
54498;672;49;-3.13;-2.34;24.71;88
54509;671;49;-3.13;-2.34;24.71;88
54519;670;49;-3.13;-2.34;24.71;88
54532;669;49;-3.13;-2.34;24.71;88
54551;668;49;-3.13;-2.34;24.71;88
54561;667;49;-3.13;-2.34;24.71;88
54578;666;49;-3.13;-2.34;24.71;88
54588;666;49;-3.13;-2.34;24.71;88
54598;667;49;-3.13;-2.34;24.71;88
54610;668;49;-3.13;-2.34;24.71;88
54618;668;49;-3.13;-2.34;24.71;88
54632;669;49;-3.13;-2.34;24.71;88
54651;670;49;-3.13;-2.34;24.71;88
54660;671;49;-3.13;-2.34;25.10;88
54668;672;49;-3.13;-2.34;25.10;88
54679;673;49;-3.13;-2.34;25.10;88
54691;674;49;-3.13;-2.34;25.10;88
54699;676;49;-3.13;-2.34;25.10;88
54710;677;49;-3.13;-2.34;25.10;88
54719;677;49;-3.13;-2.34;25.10;88
54732;677;49;-3.13;-2.34;25.10;88
54748;678;49;-3.13;-2.34;25.10;88
54758;678;49;-3.13;-2.34;25.10;88
54770;678;49;-3.13;-2.34;25.10;88
54778;678;49;-3.13;-2.34;25.10;88
54791;678;49;-3.13;-2.34;25.10;88
54799;677;49;-3.13;-2.34;25.10;88
54808;676;49;-3.13;-2.34;25.10;88
54817;675;49;-3.13;-2.34;25.10;88
54831;674;49;-3.13;-2.34;25.10;88
54849;674;49;-3.13;-2.34;25.10;88
54861;673;49;-3.13;-2.34;24.71;88
54870;672;49;-3.13;-2.34;24.71;88
54880;672;49;-3.13;-2.34;24.71;88
54890;671;49;-3.13;-2.34;24.71;88
54899;671;49;-2.34;-2.34;24.71;88
54910;670;49;-2.34;-2.34;24.71;88
54918;670;49;-2.34;-2.34;24.71;88
54933;671;49;-2.34;-2.34;24.71;88
54949;671;49;-2.34;-2.34;24.71;88
54960;672;49;-2.34;-2.34;24.71;88
54969;672;49;-2.34;-2.34;24.71;88
54978;673;49;-2.34;-2.34;24.71;88
54989;672;49;-2.34;-2.34;24.71;88
54999;672;49;-2.34;-2.34;24.71;88
55010;671;49;-2.34;-2.34;24.71;88
55019;671;49;-2.34;-2.34;24.71;88
55032;670;49;-2.34;-2.34;24.71;88
55050;670;49;-2.34;-2.34;24.71;88
55060;670;49;-2.34;-2.34;24.71;88
55070;670;49;-2.34;-2.34;24.71;88
55080;669;49;-2.34;-2.34;24.71;88
55089;669;49;-2.34;-2.34;24.71;88
55098;669;49;-2.34;-2.34;24.71;88
55110;669;49;-2.34;-2.34;24.71;88
55119;670;49;-2.34;-2.34;24.71;88
55130;671;49;-2.34;-2.34;24.71;88
55139;672;49;-2.34;-2.34;24.71;88
55149;672;49;-2.34;-2.34;24.71;88
55158;673;49;-2.34;-2.34;24.71;88
55168;674;49;-2.34;-2.34;24.71;88
55178;674;49;-2.34;-2.34;24.71;88
55190;674;49;-2.34;-2.34;24.71;88
55199;675;49;-2.34;-2.34;24.71;88
55210;675;49;-2.34;-2.34;24.71;88
55219;675;49;-2.34;-2.34;24.71;88
55230;676;49;-2.34;-2.34;24.71;88
55241;676;49;-2.34;-2.34;24.71;88
55258;676;49;-2.34;-2.34;24.71;88
55270;676;49;-2.34;-2.34;24.71;88
55278;676;49;-2.34;-2.34;24.71;88
55288;676;49;-2.34;-2.34;24.71;88
55300;676;49;-2.34;-2.34;24.71;88
55311;676;49;-2.34;-2.34;24.71;88
55339;676;49;-2.34;-2.34;24.71;88
55350;676;49;-2.34;-2.34;24.71;88
55359;676;49;-2.34;-2.34;24.71;88
55369;676;49;-2.34;-2.34;24.71;88
55379;676;49;-2.34;-2.34;24.71;88
55389;676;49;-2.34;-2.34;24.71;88
55400;675;49;-2.34;-2.34;24.71;88
55410;675;49;-2.34;-2.34;24.71;88
55419;675;49;-2.34;-2.34;24.71;88
55432;674;49;-2.34;-2.34;24.71;88
55449;674;49;-2.34;-2.34;24.71;88
55460;675;49;-2.34;-2.34;24.71;88
55469;675;49;-2.34;-2.34;24.71;88
55480;676;49;-2.34;-2.34;24.71;88
55490;676;49;-2.34;-2.34;24.71;88
55499;677;49;-2.34;-2.34;24.71;88
55511;678;49;-2.34;-2.34;24.71;88
55532;678;49;-2.34;-2.34;24.71;88
55548;678;49;-2.34;-2.34;24.71;88
55560;677;49;-2.34;-2.34;24.71;88
55568;677;49;-2.34;-2.34;24.71;88
55578;677;49;-2.34;-2.34;24.71;88
55589;677;49;-2.34;-2.34;24.71;88
55599;677;49;-2.34;-2.34;24.71;88
55610;677;49;-2.34;-2.34;24.71;88
55632;676;49;-2.34;-2.34;24.71;88
55651;676;49;-2.34;-2.34;24.71;88
55670;676;49;-2.34;-2.34;24.71;88
55677;675;49;-2.34;-2.34;24.71;88
55689;675;49;-2.34;-2.34;24.31;88
55698;675;49;-2.34;-2.34;24.31;88
55710;675;49;-2.34;-2.34;24.31;88
55719;675;49;-2.34;-2.34;24.31;88
55732;675;49;-2.34;-2.34;24.31;88
55750;675;49;-2.34;-2.34;24.31;88
55759;675;49;-2.34;-2.34;24.31;88
55771;675;49;-2.34;-2.34;24.31;88
55788;675;49;-2.34;-2.34;24.31;88
55798;675;49;-2.34;-2.34;24.31;88
55810;675;49;-2.34;-2.34;24.31;88
55820;674;49;-2.34;-2.34;24.31;88
55831;676;49;-2.34;-2.34;24.31;88
55849;677;49;-2.34;-2.34;24.31;88
55860;678;49;-2.34;-2.34;24.31;88
55869;679;49;-2.34;-2.34;24.31;88
55880;680;49;-2.34;-2.34;24.31;88
55890;682;49;-2.34;-2.34;24.31;88
55897;680;49;-2.34;-2.34;24.31;88
55909;679;49;-2.34;-2.34;24.31;88
55917;677;49;-2.34;-2.34;24.31;88
55932;675;49;-2.34;-2.34;24.31;88
55949;674;49;-2.34;-2.34;24.31;88
55959;672;49;-2.34;-2.34;24.31;88
55970;672;49;-2.34;-2.34;24.31;88
55976;672;49;-2.34;-2.34;24.31;88
55990;672;49;-2.34;-2.34;24.31;88
55999;672;49;-2.34;-2.34;24.31;88
56008;672;49;-2.34;-2.34;24.31;88
56017;672;49;-2.34;-2.34;24.31;88
56031;673;49;-2.34;-2.34;24.31;88
56050;674;49;-2.34;-2.34;24.31;88
56059;674;49;-2.34;-2.34;24.31;88
56071;675;49;-2.34;-2.34;24.31;88
56078;676;49;-2.34;-2.34;24.31;88
56089;677;49;-2.34;-2.34;24.31;88
56100;677;49;-2.34;-2.34;24.31;88
56114;677;49;-2.34;-2.34;24.31;88
56131;677;49;-2.34;-2.34;24.31;88
56151;676;49;-2.34;-2.34;24.31;88
56168;676;49;-2.34;-2.34;24.31;88
56177;676;49;-2.34;-2.34;24.31;88
56190;676;49;-2.34;-2.34;24.31;88
56196;676;49;-2.34;-2.34;24.31;88
56211;676;49;-2.34;-2.34;24.31;88
56219;677;49;-2.34;-2.34;24.31;88
56232;677;49;-3.13;-2.34;24.31;88
56249;677;49;-3.13;-2.34;24.31;88
56260;677;49;-3.13;-2.34;24.31;88
56270;677;49;-3.13;-2.34;24.31;88
56278;677;49;-3.13;-2.34;24.31;88
56290;677;49;-3.13;-2.34;24.31;88
56296;676;49;-3.13;-2.34;24.31;88
56308;676;49;-3.13;-2.34;24.31;88
56318;677;49;-3.13;-2.34;24.31;88
56338;678;49;-3.13;-2.34;24.31;88
56349;679;49;-3.13;-2.34;24.31;88
56359;680;49;-3.13;-2.34;24.31;88
56369;682;49;-3.13;-2.34;24.31;88
56381;683;49;-3.13;-3.13;24.31;88
56397;683;49;-3.13;-3.13;24.31;88
56409;683;49;-3.13;-3.13;24.31;88
56417;684;49;-3.13;-3.13;24.31;88
56432;684;49;-3.13;-3.13;24.31;88
56450;685;49;-3.13;-3.13;24.31;88
56458;685;49;-3.13;-3.13;24.31;88
56470;684;49;-3.13;-3.13;24.31;88
56478;683;49;-3.13;-3.13;24.31;88
56489;682;49;-3.13;-3.13;24.31;88
56498;681;49;-3.13;-3.13;24.31;88
56510;680;49;-3.13;-3.13;24.31;88
56518;679;49;-3.13;-3.13;24.31;88
56532;679;49;-3.13;-3.13;23.92;88
56548;679;49;-3.13;-3.13;23.92;88
56560;680;49;-3.13;-3.13;23.92;88
56570;680;49;-3.13;-3.13;23.92;88
56576;681;49;-3.91;-3.13;23.92;88
56591;681;49;-3.91;-3.13;23.92;88
56598;680;49;-3.91;-3.13;23.92;88
56609;679;49;-3.91;-3.13;23.92;88
56618;679;49;-3.91;-3.13;23.92;88
56632;678;49;-3.91;-3.13;23.92;88
56650;677;49;-3.91;-3.13;23.92;88
56660;676;49;-3.91;-3.13;23.92;88
56668;676;49;-3.91;-3.13;23.92;88
56677;676;49;-3.91;-3.13;23.92;88
56689;676;49;-3.91;-3.13;23.92;88
56696;676;49;-3.91;-3.13;23.92;88
56709;675;49;-3.91;-3.13;23.92;88
56717;675;49;-3.91;-3.13;23.92;88
56734;676;49;-3.91;-3.13;24.31;88
56751;676;49;-3.91;-3.13;24.31;88
56771;677;49;-3.91;-3.13;24.31;88
56777;677;49;-3.91;-3.13;24.31;88
56789;677;49;-3.91;-3.13;24.31;88
56799;678;49;-3.91;-3.13;24.31;88
56811;677;49;-3.91;-3.13;24.31;88
56832;675;49;-3.91;-3.13;24.31;88
56851;674;49;-3.91;-3.13;24.31;88
56872;673;49;-3.91;-3.13;24.31;88
56891;672;49;-3.91;-3.13;24.31;88
56897;671;49;-3.91;-3.13;24.31;88
56910;671;49;-3.91;-3.13;24.31;88
56918;672;49;-3.91;-3.13;24.31;88
56933;673;49;-3.91;-3.13;24.31;88
56951;673;49;-3.91;-3.13;24.31;88
56960;674;49;-3.91;-3.13;24.31;88
56972;675;49;-3.91;-3.13;24.31;88
56990;675;49;-3.91;-3.13;24.31;88
57000;675;49;-3.91;-3.13;24.31;88
57011;675;49;-3.91;-3.13;24.31;88
57017;676;49;-3.91;-3.13;24.31;88
57029;676;49;-4.69;-3.13;24.31;88
57038;676;49;-4.69;-3.13;24.31;88
57051;676;49;-4.69;-3.13;24.31;88
57060;676;49;-4.69;-3.13;24.31;88
57070;676;49;-4.69;-3.13;24.31;88
57078;676;49;-4.69;-3.13;24.31;88
57088;676;49;-4.69;-3.13;24.31;88
57097;676;49;-4.69;-3.13;24.31;88
57111;676;49;-4.69;-3.13;24.31;88
57131;675;49;-4.69;-3.13;24.31;88
57147;675;49;-4.69;-3.13;24.31;88
57159;674;49;-4.69;-3.13;24.31;88
57170;674;49;-4.69;-3.13;24.31;88
57178;673;49;-4.69;-3.13;24.31;88
57190;673;49;-4.69;-3.13;24.31;88
57198;673;49;-4.69;-3.13;24.31;88
57209;673;49;-4.69;-3.13;24.31;88
57217;673;49;-4.69;-3.13;24.31;88
57230;672;49;-3.91;-3.13;24.31;88
57239;672;49;-3.91;-3.13;24.31;88
57251;673;49;-3.91;-3.13;24.71;88
57259;673;49;-3.91;-3.13;24.71;88
57271;674;49;-3.91;-3.13;24.71;88
57277;675;49;-3.91;-3.13;24.71;88
57290;675;49;-3.91;-3.13;24.71;88
57299;676;49;-3.91;-3.13;24.71;88
57310;675;49;-3.91;-3.13;24.71;88
57318;674;49;-3.91;-3.13;24.71;88
57338;673;49;-3.91;-3.13;24.71;88
57350;671;49;-3.91;-3.13;24.71;88
57359;670;49;-3.91;-3.13;24.71;88
57370;669;49;-3.91;-3.13;24.71;88
57378;669;49;-3.91;-3.13;24.71;88
57390;670;49;-3.91;-3.13;24.71;88
57399;670;49;-3.91;-3.13;24.71;88
57411;670;49;-3.91;-3.13;24.71;88
57417;671;49;-3.91;-3.13;24.71;88
57433;671;49;-3.91;-3.13;24.71;88
57449;672;49;-3.91;-3.13;24.71;88
57460;672;49;-3.91;-3.13;24.71;88
57469;673;49;-3.91;-3.13;24.71;88
57478;673;49;-3.91;-3.13;24.71;88
57491;674;49;-3.91;-3.13;24.71;88
57509;674;49;-3.91;-3.13;24.71;88
57518;674;49;-3.91;-3.13;24.71;88
57533;674;49;-3.91;-3.13;24.71;88
57550;673;49;-3.91;-3.13;24.71;88
57561;673;49;-3.91;-3.13;24.71;88
57569;673;49;-3.91;-3.13;24.71;88
57578;672;49;-3.91;-3.13;24.71;88
57590;673;49;-3.91;-3.13;24.71;88
57611;673;49;-3.91;-3.13;24.71;88
57618;673;49;-3.91;-3.13;24.71;88
57630;673;49;-3.91;-3.13;24.71;88
57638;673;49;-3.91;-3.13;24.71;88
57649;673;49;-3.91;-3.13;24.71;88
57658;673;49;-3.91;-3.13;24.71;88
57668;673;49;-3.91;-3.13;24.71;88
57677;672;49;-3.91;-3.13;24.71;88
57691;672;49;-3.91;-3.13;24.71;88
57709;672;49;-3.91;-3.13;24.71;88
57718;671;49;-3.91;-3.13;24.71;88
57734;671;49;-3.91;-3.13;24.71;88
57748;671;49;-3.91;-3.13;24.71;89
57757;670;49;-3.91;-3.13;24.71;89
57769;670;49;-3.91;-3.13;24.71;89
57777;670;49;-3.91;-3.13;24.71;89
57791;670;49;-3.91;-3.13;24.71;89
57809;671;49;-3.91;-3.13;24.71;89
57818;672;49;-3.91;-3.13;24.71;89
57832;673;49;-3.91;-3.13;24.71;89
57850;674;49;-3.91;-3.13;24.71;89
57859;675;49;-3.91;-3.13;24.71;89
57868;676;49;-3.91;-3.13;24.71;89
57879;676;49;-3.91;-3.13;24.71;89
57889;675;49;-3.91;-3.13;24.71;89
57898;675;49;-3.91;-3.13;24.71;89
57909;675;49;-3.91;-3.13;24.71;89
57920;675;49;-3.91;-3.13;24.71;89
57931;675;49;-3.91;-2.34;24.71;89
57948;675;49;-3.91;-2.34;24.71;89
57958;675;49;-3.91;-2.34;24.71;89
57969;675;49;-3.91;-2.34;24.71;89
57977;674;49;-3.91;-2.34;24.71;89
57988;674;49;-3.91;-2.34;24.71;89
57999;674;49;-3.91;-2.34;24.71;89
58011;675;49;-3.91;-2.34;24.71;89
58030;675;49;-3.91;-2.34;24.71;89
58039;676;49;-3.91;-2.34;24.71;89
58049;676;49;-3.91;-2.34;24.71;89
58058;677;49;-3.91;-2.34;24.71;89
58068;678;49;-3.91;-2.34;24.71;89
58079;678;49;-3.91;-2.34;24.71;89
58090;678;49;-3.91;-2.34;24.71;88
58100;678;49;-3.91;-2.34;24.71;88
58111;678;49;-3.91;-2.34;24.71;88
58119;678;49;-3.91;-2.34;24.71;88
58133;679;49;-3.91;-2.34;24.71;88
58148;679;49;-3.91;-2.34;24.71;88
58157;680;49;-3.91;-2.34;24.71;89
58168;680;49;-3.91;-2.34;24.71;89
58178;680;49;-3.91;-2.34;24.71;89
58189;681;49;-3.91;-2.34;24.71;89
58198;681;49;-3.91;-2.34;24.71;89
58210;678;49;-3.91;-2.34;24.71;89
58219;674;49;-3.91;-2.34;24.71;89
58230;671;49;-3.91;-2.34;24.71;89
58238;667;49;-3.91;-2.34;24.71;89
58251;664;49;-3.91;-2.34;24.71;89
58268;660;49;-3.91;-2.34;24.71;89
58279;661;49;-3.91;-2.34;24.71;89
58288;663;49;-3.91;-2.34;24.71;88
58299;664;49;-3.91;-2.34;24.71;88
58310;665;49;-3.91;-2.34;24.71;88
58318;666;49;-3.13;-2.34;24.71;88
58338;667;49;-3.13;-2.34;24.71;88
58347;669;49;-3.13;-2.34;24.71;88
58359;671;49;-3.13;-2.34;24.71;89
58367;673;49;-3.13;-2.34;24.71;89
58380;675;49;-3.13;-2.34;24.71;89
58391;677;49;-3.13;-2.34;24.71;89
58398;679;49;-3.13;-2.34;24.71;89
58409;680;49;-3.13;-2.34;24.71;89
58418;680;49;-3.13;-2.34;24.71;89
58433;680;49;-3.13;-2.34;24.71;89
58449;681;49;-3.13;-2.34;24.71;89
58458;681;49;-3.13;-2.34;24.71;89
58470;682;49;-3.13;-2.34;24.71;89
58478;680;49;-3.13;-2.34;24.71;89
58487;678;49;-3.13;-2.34;24.71;88
58497;676;49;-3.13;-2.34;24.71;88
58508;674;49;-3.13;-2.34;24.71;88
58519;673;49;-3.13;-2.34;24.71;88
58532;671;49;-3.13;-2.34;24.71;88
58547;672;49;-3.13;-2.34;24.71;88
58559;673;49;-3.13;-2.34;24.71;88
58568;673;49;-3.13;-2.34;24.71;88
58579;674;49;-3.13;-2.34;24.71;88
58588;675;49;-3.13;-2.34;24.71;88
58597;676;49;-3.13;-2.34;24.71;88
58612;676;49;-3.13;-2.34;24.71;88
58630;675;49;-3.13;-2.34;24.71;88
58638;675;49;-3.13;-2.34;24.71;88
58647;675;49;-3.13;-2.34;24.71;88
58660;674;49;-3.13;-2.34;24.71;88
58670;674;49;-3.13;-2.34;24.71;88
58679;674;49;-3.13;-2.34;24.71;88
58690;674;49;-3.13;-2.34;24.71;88
58699;674;49;-3.13;-2.34;24.71;88
58709;674;49;-3.13;-2.34;24.71;88
58718;675;49;-3.13;-2.34;24.71;88
58732;675;49;-3.13;-2.34;24.71;88
58749;674;49;-3.13;-2.34;24.71;88
58758;674;49;-3.13;-2.34;24.71;88
58769;673;49;-3.13;-2.34;24.71;88
58778;673;49;-3.13;-2.34;24.71;88
58788;673;49;-2.34;-2.34;24.71;88
58798;672;49;-2.34;-2.34;24.71;88
58809;672;49;-2.34;-2.34;24.71;88
58819;672;49;-2.34;-2.34;24.71;88
58829;673;49;-2.34;-2.34;24.71;88
58837;673;49;-2.34;-2.34;24.71;88
58850;673;49;-2.34;-2.34;24.71;88
58860;673;49;-2.34;-2.34;24.71;88
58868;674;49;-2.34;-2.34;24.71;88
58880;675;49;-2.34;-2.34;24.71;88
58889;675;49;-2.34;-2.34;24.71;88
58898;676;49;-2.34;-2.34;24.71;88
58911;677;49;-2.34;-2.34;24.71;88
58932;678;49;-2.34;-2.34;24.71;88
58947;678;49;-2.34;-2.34;24.71;88
58959;678;49;-2.34;-2.34;24.71;88
58968;677;49;-2.34;-2.34;24.71;88
58978;677;49;-2.34;-2.34;24.71;88
58990;677;49;-2.34;-2.34;24.71;88
58999;677;49;-2.34;-2.34;24.71;88
59009;677;49;-2.34;-2.34;24.71;88
59019;677;49;-2.34;-2.34;24.71;88
59031;677;49;-2.34;-2.34;24.71;88
59040;676;49;-2.34;-2.34;24.71;88
59049;676;49;-3.13;-2.34;24.71;88
59059;676;49;-3.13;-3.13;24.71;88
59069;676;49;-3.13;-3.13;24.71;88
59079;676;49;-3.13;-3.13;24.71;88
59090;676;49;-3.13;-3.13;24.71;88
59099;675;49;-3.13;-3.13;24.71;88
59110;675;49;-3.13;-3.13;24.71;88
59120;675;49;-3.13;-3.13;24.71;88
59130;675;49;-3.13;-3.13;24.71;88
59138;675;49;-3.13;-3.13;24.71;88
59150;675;49;-3.13;-3.13;24.71;88
59157;674;49;-3.13;-3.13;24.71;88
59169;674;49;-3.13;-3.13;24.71;88
59181;674;49;-3.13;-3.13;24.71;88
59199;675;49;-3.13;-3.13;24.71;88
59212;677;49;-3.13;-3.13;24.71;88
59230;678;49;-3.13;-3.13;24.71;88
59238;679;49;-3.13;-3.13;24.71;88
59247;680;49;-3.13;-3.13;24.71;88
59259;681;49;-3.13;-3.13;24.71;88
59268;681;49;-3.13;-3.13;24.31;88
59279;681;49;-3.13;-3.13;24.31;88
59291;681;49;-3.13;-3.13;24.31;88
59298;681;49;-3.13;-3.13;24.31;88
59308;681;49;-3.13;-3.13;24.31;88
59319;680;49;-3.13;-3.13;24.31;88
59339;680;49;-3.13;-3.13;24.31;88
59350;679;49;-3.13;-3.13;24.31;88
59359;679;49;-3.13;-3.13;24.31;88
59369;678;49;-3.13;-3.13;24.31;88
59378;678;49;-3.13;-3.13;24.31;88
59390;677;49;-3.13;-3.13;24.31;88
59398;676;49;-3.13;-3.13;24.31;88
59411;676;49;-3.13;-3.13;24.31;88
59432;675;49;-3.13;-3.13;24.31;88
59449;674;49;-3.13;-3.13;24.31;88
59459;673;49;-3.13;-3.13;24.31;88
59471;672;49;-3.13;-3.13;24.31;88
59478;673;49;-3.13;-3.13;24.31;88
59490;674;49;-3.13;-3.13;24.31;88
59500;674;49;-3.13;-3.13;24.31;88
59512;675;49;-3.13;-3.13;24.31;88
59530;676;49;-3.13;-3.13;24.31;88
59538;676;49;-3.13;-3.13;24.31;88
59550;677;49;-3.13;-3.13;24.31;88
59559;678;49;-3.13;-3.13;24.31;88
59569;679;49;-3.13;-3.13;24.31;88
59579;680;49;-3.13;-3.13;24.31;88
59589;681;49;-3.13;-3.13;24.31;88
59600;682;49;-3.13;-3.13;24.31;88
59610;682;49;-3.13;-3.13;24.31;88
59621;682;49;-3.13;-3.13;24.31;88
59641;682;49;-3.13;-3.13;24.31;88
59659;682;49;-3.13;-3.13;24.31;88
59669;682;49;-3.13;-3.13;24.31;88
59679;682;49;-3.13;-3.13;24.31;88
59689;681;49;-3.13;-3.13;24.31;88
59699;679;49;-3.13;-3.13;24.31;88
59709;678;49;-3.13;-3.13;24.31;88
59718;677;49;-3.13;-3.13;24.31;88
59731;676;49;-3.13;-3.13;24.31;88
59750;675;49;-3.13;-3.13;24.31;88
59759;676;49;-3.13;-3.13;24.31;88
59771;676;49;-3.13;-3.13;24.31;88
59779;677;49;-3.13;-3.13;24.31;88
59788;677;49;-3.13;-3.13;24.31;88
59799;678;49;-3.91;-3.13;24.31;88
59810;678;49;-3.91;-3.13;24.31;88
59819;679;49;-3.91;-3.13;24.31;88
59831;680;49;-3.91;-3.13;24.31;88
59840;680;49;-3.91;-3.13;24.31;88
59850;681;49;-3.91;-3.13;24.31;88
59858;682;49;-3.91;-3.13;24.31;88
59869;682;49;-3.91;-3.13;24.31;88
59878;682;49;-3.91;-3.13;24.31;88
59890;682;49;-3.91;-3.13;24.31;88
59899;682;49;-3.91;-3.13;24.31;88
59911;682;49;-3.91;-3.13;24.31;88
59932;682;49;-3.91;-3.13;24.31;88
59949;682;49;-3.91;-3.13;24.31;88
59958;681;49;-3.91;-3.13;24.31;88
59970;680;49;-3.91;-3.13;24.31;88
59980;679;49;-3.91;-3.13;24.31;88
59990;677;49;-3.91;-3.13;24.31;88
60000;676;49;-3.91;-3.13;24.31;88
60011;675;49;-3.91;-3.13;24.31;88
60030;674;49;-3.91;-3.13;24.31;88
60039;673;49;-3.91;-3.13;24.31;89
60050;673;49;-3.91;-3.13;24.31;89
60060;672;49;-3.91;-3.13;24.31;89
60068;672;49;-3.91;-3.13;24.31;89
60079;671;49;-3.91;-3.13;24.31;89
60089;672;49;-3.91;-3.13;24.31;89
60100;672;49;-3.91;-3.13;24.31;89
60109;673;49;-3.91;-3.13;24.31;89
60119;674;49;-3.91;-3.13;24.31;89
60131;674;49;-3.91;-3.13;24.31;89
60139;675;49;-3.91;-3.13;24.31;89
60150;675;49;-3.91;-3.13;24.31;89
60158;675;49;-3.91;-3.13;24.31;89
60170;675;49;-3.91;-3.13;24.31;89
60180;676;49;-3.91;-3.13;24.31;89
60189;676;49;-3.91;-3.13;24.31;89
60201;676;49;-3.91;-3.13;24.31;89
60209;676;49;-3.91;-3.13;24.31;89
60218;676;49;-3.91;-3.13;24.31;89
60231;675;49;-3.91;-3.13;24.31;89
60248;675;49;-3.91;-3.13;24.31;89
60259;675;49;-3.91;-3.13;24.31;89
60270;674;49;-3.91;-3.13;24.31;89
60279;674;49;-3.91;-3.13;24.31;89
60289;673;49;-3.91;-3.13;24.31;88
60297;672;49;-3.91;-3.13;24.31;88
60309;672;49;-3.91;-3.13;24.31;88
60320;671;49;-3.91;-3.13;24.31;88
60336;670;49;-3.91;-3.13;24.31;88
60350;670;49;-3.91;-3.13;24.31;88
60359;670;49;-3.91;-3.13;24.31;88
60370;670;49;-3.91;-3.13;24.31;88
60379;670;49;-3.91;-3.13;24.31;88
60391;670;49;-3.91;-3.13;24.31;88
60412;669;49;-3.91;-3.13;24.31;88
60432;670;49;-3.91;-3.13;24.71;88
60448;671;49;-3.91;-3.13;24.71;88
60458;672;49;-3.91;-3.13;24.71;88
60469;674;49;-3.91;-3.13;24.71;88
60478;675;49;-3.91;-3.13;24.71;88
60489;676;49;-3.91;-3.13;24.71;88
60498;675;49;-3.91;-3.13;24.71;88
60510;674;49;-3.91;-3.13;24.71;88
60518;673;49;-3.91;-3.13;24.71;88
60532;673;49;-3.91;-3.13;24.71;88
60550;672;49;-3.91;-3.13;24.71;88
60559;671;49;-3.91;-3.13;24.71;88
60571;671;49;-3.91;-3.13;24.71;88
60577;671;49;-3.91;-3.13;24.71;88
60589;671;49;-3.91;-3.13;24.71;88
60600;671;49;-3.91;-3.13;24.71;88
60608;671;49;-4.69;-3.13;24.71;88
60617;671;49;-4.69;-3.13;24.71;88
60630;672;49;-4.69;-3.13;24.71;88
60638;673;49;-4.69;-3.13;24.71;88
60651;674;49;-4.69;-3.13;24.71;88
60670;674;49;-4.69;-3.13;24.71;88
60677;675;49;-4.69;-3.13;24.71;88
60689;676;49;-4.69;-3.13;24.71;88
60698;676;49;-4.69;-3.13;24.71;88
60711;676;49;-4.69;-3.13;24.71;88
60732;676;49;-4.69;-3.13;24.71;88
60748;676;49;-4.69;-3.13;24.71;88
60760;676;49;-4.69;-3.13;24.71;88
60771;675;49;-4.69;-3.13;24.71;88
60779;675;49;-4.69;-3.13;24.71;88
60790;675;49;-4.69;-3.13;24.71;89
60796;674;49;-4.69;-3.13;24.71;89
60808;674;49;-4.69;-3.13;24.71;89
60818;673;49;-4.69;-3.13;24.71;89
60830;673;49;-4.69;-3.13;24.71;89
60841;673;49;-4.69;-3.13;24.71;89
60850;673;49;-4.69;-3.13;24.71;88
60859;673;49;-4.69;-3.13;24.71;88
60870;672;49;-4.69;-3.13;24.71;88
60876;672;49;-4.69;-3.13;24.71;88
60888;672;49;-4.69;-3.91;24.71;88
60899;672;49;-4.69;-3.91;24.71;88
60908;672;49;-4.69;-3.91;24.71;88
60917;672;49;-4.69;-3.91;24.71;88
60931;671;49;-4.69;-3.91;24.71;88
60938;671;49;-4.69;-3.91;24.71;88
60950;671;49;-4.69;-3.91;24.71;88
60960;672;49;-4.69;-3.91;24.71;88
60970;672;49;-4.69;-3.91;24.71;88
60977;673;49;-4.69;-3.91;24.71;88
60991;673;49;-4.69;-3.91;24.71;88
61009;674;49;-4.69;-3.91;24.71;88
61017;674;49;-4.69;-3.13;24.71;88
61031;675;49;-4.69;-3.13;24.71;88
61049;677;49;-4.69;-3.13;24.71;89
61058;678;49;-4.69;-3.13;24.71;89
61070;679;49;-4.69;-3.13;24.71;89
61078;680;49;-4.69;-3.13;24.71;89
61090;682;49;-4.69;-3.13;24.71;89
61098;680;49;-4.69;-3.13;24.71;89
61110;679;49;-4.69;-3.13;24.71;89
61117;678;49;-4.69;-3.13;24.71;89
61130;677;49;-4.69;-3.13;24.71;89
61139;675;49;-4.69;-3.13;24.71;89
61150;674;49;-4.69;-3.13;24.71;89
61160;674;49;-4.69;-3.13;24.71;89
61169;675;49;-4.69;-3.13;24.71;88
61177;675;49;-4.69;-3.13;24.71;88
61190;675;49;-4.69;-3.13;24.71;88
61199;676;49;-3.91;-3.13;24.71;88
61211;676;49;-3.91;-3.13;24.71;88
61217;675;49;-3.91;-3.13;24.71;88
61229;674;49;-3.91;-3.13;24.71;88
61238;673;49;-3.91;-3.13;24.71;88
61249;672;49;-3.91;-3.13;24.71;88
61260;671;49;-3.91;-3.13;24.71;88
61270;670;49;-3.91;-3.13;24.71;88
61278;670;49;-3.91;-3.13;24.71;88
61289;670;49;-3.91;-3.13;24.71;88
61297;670;49;-3.91;-3.13;24.71;88
61309;669;49;-3.91;-3.13;24.71;88
61319;669;49;-3.91;-3.13;24.71;88
61336;669;49;-3.91;-3.13;24.71;88
61349;670;49;-3.91;-3.13;24.71;88
61361;671;49;-3.91;-3.13;24.71;89
61370;672;49;-3.91;-3.13;24.71;89
61379;674;49;-3.91;-3.13;24.71;89
61388;675;49;-3.91;-3.13;24.71;89
61398;676;49;-3.91;-3.13;24.71;89
61410;676;49;-3.91;-3.13;24.71;89
61418;675;49;-3.91;-3.13;24.71;89
61431;675;49;-3.91;-3.13;24.71;89
61437;675;49;-3.91;-3.13;24.71;89
61449;675;49;-3.91;-3.13;24.71;89
61461;675;49;-3.91;-2.34;24.71;89
61469;674;49;-3.91;-2.34;24.71;89
61477;673;49;-3.91;-2.34;24.71;89
61489;672;49;-3.91;-2.34;24.71;89
61498;671;49;-3.91;-2.34;24.71;89
61510;671;49;-3.13;-2.34;25.88;89
61517;670;49;-3.13;-2.34;26.67;89
61531;675;49;-3.13;-2.34;27.84;89
61549;679;49;-3.13;-2.34;29.02;89
61558;684;49;-3.13;-2.34;29.80;89
61569;689;49;-3.13;-2.34;30.98;89
61578;694;49;-3.13;-2.34;30.98;89
61590;698;49;-3.13;-2.34;30.98;89
61599;701;49;-3.13;-2.34;30.98;89
61609;704;49;-3.13;-2.34;30.98;89
61618;707;49;-3.13;-2.34;30.98;89
61630;710;49;-3.13;-2.34;30.98;89
61639;713;49;-3.13;-2.34;30.98;89
61650;716;49;-3.13;-2.34;31.37;89
61659;718;49;-3.13;-2.34;31.37;89
61669;721;49;-3.13;-2.34;31.37;89
61678;723;49;-3.13;-2.34;31.76;89
61689;726;49;-3.13;-2.34;31.76;89
61697;729;49;-3.13;-2.34;31.76;89
61709;731;49;-3.13;-2.34;31.76;89
61719;734;49;-3.13;-2.34;31.76;89
61731;736;49;-3.13;-2.34;31.76;88
61749;739;49;-3.13;-2.34;31.76;88
61760;741;49;-3.13;-2.34;31.76;88
61770;744;49;-3.13;-2.34;31.76;88
61778;747;49;-3.13;-2.34;32.16;88
61789;750;49;-3.13;-2.34;32.16;88
61798;753;49;-3.13;-2.34;32.16;88
61810;755;49;-3.13;-2.34;32.55;88
61820;758;49;-3.13;-2.34;32.55;88
61833;761;49;-3.13;-2.34;32.55;88
61851;764;49;-3.13;-2.34;32.55;88
61856;769;49;-3.13;-2.34;32.94;88
61870;773;49;-3.13;-2.34;32.94;89
61877;777;49;-3.13;-2.34;32.94;89
61890;781;49;-3.13;-2.34;32.94;89
61898;785;49;-2.34;-2.34;32.94;89
61911;789;49;-2.34;-2.34;32.94;89
61932;795;49;-2.34;-2.34;32.94;89
61949;800;49;-2.34;-2.34;32.94;89
61958;805;49;-2.34;-2.34;32.94;89
61970;811;49;-2.34;-2.34;32.94;89
61979;816;49;-2.34;-2.34;32.94;89
61990;821;49;-2.34;-2.34;32.94;89
61998;826;49;-2.34;-2.34;32.94;89
62010;830;49;-2.34;-2.34;32.94;89
62018;834;49;-2.34;-2.34;32.94;89
62029;838;49;-2.34;-2.34;32.94;89
62037;842;49;-2.34;-2.34;32.94;89
62049;847;49;-2.34;-2.34;32.94;89
62061;849;49;-2.34;-2.34;32.55;89
62069;851;49;-2.34;-2.34;32.55;88
62077;853;49;-2.34;-2.34;32.55;88
62090;856;49;-2.34;-2.34;32.55;88
62097;858;49;-2.34;-2.34;32.55;88
62111;860;49;-2.34;-1.56;32.16;88
62133;863;49;-2.34;-1.56;32.16;88
62150;865;49;-2.34;-1.56;31.76;88
62158;867;49;-2.34;-1.56;31.76;88
62171;870;49;-2.34;-1.56;31.37;88
62178;872;49;-2.34;-1.56;31.37;88
62187;875;49;-2.34;-1.56;31.37;88
62197;877;49;-2.34;-1.56;31.37;88
62210;880;49;-2.34;-1.56;31.37;88
62218;882;49;-2.34;-1.56;31.37;88
62230;885;49;-2.34;-1.56;31.37;88
62238;887;49;-2.34;-1.56;30.98;88
62247;890;49;-2.34;-1.56;30.59;88
62259;894;49;-2.34;-1.56;30.20;88
62270;898;49;-2.34;-1.56;29.80;88
62279;902;49;-2.34;-1.56;29.41;88
62291;906;49;-2.34;-1.56;29.02;88
62309;910;49;-2.34;-1.56;28.63;88
62319;915;49;-2.34;-0.78;28.63;88
62338;920;49;-2.34;-0.78;28.24;88
62348;925;49;-2.34;-0.78;27.84;88
62359;931;49;-2.34;-0.78;27.84;88
62368;936;49;-2.34;-0.78;27.45;88
62377;942;49;-2.34;-0.78;27.45;88
62390;947;49;-2.34;-0.78;27.45;88
62398;951;49;-2.34;-0.78;27.45;88
62410;954;49;-2.34;-0.78;27.45;88
62418;958;49;-2.34;-0.78;27.45;88
62429;962;49;-2.34;-0.78;27.45;88
62438;966;49;-3.13;-0.78;27.06;88
62450;970;49;-3.13;-0.78;26.67;88
62459;972;49;-3.13;-0.78;26.27;88
62467;975;49;-3.13;-0.78;25.88;89
62478;978;49;-3.13;-0.78;25.49;89
62487;980;49;-3.13;-0.78;25.10;89
62498;983;49;-3.13;-0.78;25.10;89
62510;985;49;-3.13;-0.78;25.10;89
62519;988;49;-3.13;-0.78;25.10;89
62533;991;49;-3.13;-0.78;25.10;89
62550;994;49;-3.13;-0.78;25.10;89
62559;997;49;-3.13;-0.78;25.10;89
62568;1000;49;-3.13;-0.78;24.71;89
62577;1003;49;-3.13;-0.78;24.31;89
62588;1007;49;-3.13;-0.78;24.31;89
62597;1012;49;-3.13;-0.78;23.92;89
62610;1016;49;-3.13;-0.78;23.53;89
62619;1020;49;-3.13;-0.78;23.14;89
62631;1024;49;-3.13;-0.78;23.14;89
62649;1028;49;-3.13;-1.56;22.75;89
62658;1030;49;-3.13;-1.56;22.75;89
62670;1032;49;-3.13;-1.56;22.75;88
62677;1035;49;-3.13;-1.56;22.35;88
62690;1037;49;-3.13;-1.56;22.35;88
62698;1039;49;-3.91;-1.56;22.35;88
62710;1041;49;-3.91;-2.34;22.35;88
62719;1043;49;-3.91;-2.34;22.35;88
62730;1045;49;-3.91;-2.34;22.35;88
62739;1047;49;-3.91;-2.34;22.35;88
62750;1049;49;-3.91;-2.34;22.35;88
62760;1051;49;-3.91;-2.34;22.35;88
62768;1053;49;-3.91;-3.13;22.35;88
62778;1056;49;-3.91;-3.13;21.96;88
62789;1059;49;-3.91;-3.13;21.96;89
62799;1061;49;-3.91;-3.13;21.96;89
62811;1064;49;-3.91;-3.13;21.96;89
62834;1067;49;-4.69;-3.13;21.96;89
62850;1070;49;-4.69;-3.91;21.96;89
62858;1073;49;-4.69;-3.91;21.57;89
62868;1075;49;-4.69;-3.91;21.57;88
62878;1077;49;-4.69;-3.91;21.57;88
62891;1079;49;-5.47;-3.91;21.57;88
62908;1081;49;-5.47;-4.69;21.57;88
62917;1083;49;-5.47;-4.69;21.57;88
62932;1086;49;-6.25;-4.69;21.18;88
62948;1088;49;-6.25;-5.47;21.18;89
62959;1090;49;-6.25;-5.47;21.18;89
62970;1093;49;-6.25;-5.47;21.18;89
62981;1095;49;-7.03;-5.47;21.18;89
62990;1097;49;-7.03;-6.25;21.18;89
62998;1099;49;-7.03;-6.25;21.18;89
63009;1100;49;-7.03;-6.25;21.18;89
63019;1101;49;-7.03;-6.25;21.18;89
63031;1102;49;-7.03;-6.25;21.18;89
63039;1103;49;-7.81;-6.25;21.18;89
63050;1104;49;-7.81;-7.03;21.18;89
63059;1106;49;-7.81;-7.03;20.78;89
63069;1108;49;-7.81;-7.03;20.78;89
63078;1111;49;-7.81;-7.03;20.78;89
63089;1113;49;-7.81;-7.03;20.78;89
63099;1115;49;-8.59;-7.03;20.78;89
63111;1117;49;-8.59;-7.03;20.78;89
63130;1119;49;-8.59;-7.03;20.78;89
63140;1120;49;-8.59;-7.03;20.78;89
63149;1122;49;-8.59;-7.03;20.78;89
63157;1124;49;-8.59;-7.03;20.78;89
63168;1125;49;-8.59;-7.03;20.78;89
63177;1127;49;-8.59;-7.81;20.78;89
63189;1129;49;-8.59;-7.81;20.78;89
63198;1131;49;-8.59;-7.81;20.78;89
63207;1134;49;-8.59;-7.81;20.78;89
63218;1136;49;-8.59;-7.81;20.78;89
63232;1138;49;-9.38;-7.81;20.78;89
63252;1141;49;-9.38;-7.81;20.78;89
63269;1142;49;-9.38;-7.81;20.39;89
63280;1143;49;-9.38;-7.81;20.39;88
63288;1145;49;-9.38;-7.81;20.39;88
63299;1146;49;-9.38;-7.81;20.39;88
63309;1147;49;-9.38;-7.81;20.39;88
63319;1149;49;-9.38;-7.81;20.39;88
63338;1150;49;-9.38;-7.81;20.39;88
63351;1151;49;-9.38;-7.81;20.39;88
63359;1153;49;-9.38;-7.81;20.39;88
63368;1154;49;-9.38;-7.81;20.39;88
63380;1156;49;-10.16;-7.81;20.39;88
63388;1157;49;-10.16;-7.81;20.39;88
63401;1158;49;-10.16;-7.81;20.39;88
63419;1159;49;-10.16;-7.81;20.39;88
63430;1160;49;-10.16;-7.81;20.39;88
63439;1161;49;-10.16;-7.81;20.39;88
63448;1162;49;-9.38;-7.81;20.39;88
63459;1163;49;-9.38;-7.81;20.39;88
63468;1165;49;-9.38;-7.81;20.39;88
63477;1166;49;-9.38;-7.81;20.39;88
63489;1168;49;-9.38;-7.81;20.39;88
63499;1169;49;-9.38;-7.81;20.39;88
63509;1171;49;-9.38;-7.81;20.39;88
63518;1172;49;-9.38;-7.81;20.39;88
63532;1174;49;-9.38;-7.81;20.39;88
63549;1176;49;-9.38;-7.81;20.39;89
63558;1178;49;-9.38;-7.81;20.39;89
63570;1180;49;-9.38;-7.81;20.39;89
63579;1182;49;-9.38;-7.81;20.39;89
63590;1184;49;-9.38;-7.81;20.39;89
63599;1186;49;-9.38;-7.81;20.39;89
63609;1187;49;-9.38;-7.81;20.39;89
63618;1189;49;-9.38;-7.81;20.39;89
63630;1191;49;-9.38;-7.81;20.39;89
63638;1192;49;-9.38;-7.81;20.39;89
63649;1194;49;-9.38;-7.03;20.39;89
63659;1197;49;-9.38;-7.03;20.78;89
63671;1199;49;-9.38;-7.03;20.78;89
63689;1201;49;-9.38;-7.03;20.78;89
63700;1204;48;-9.38;-7.03;20.78;89
63710;1206;48;-8.59;-7.03;20.78;89
63720;1208;48;-8.59;-7.03;20.78;89
63731;1210;48;-8.59;-7.03;20.78;89
63751;1212;48;-8.59;-7.03;20.78;88
63760;1213;48;-8.59;-7.03;20.78;88
63769;1215;48;-8.59;-7.03;20.78;88
63779;1216;48;-8.59;-7.03;20.78;88
63788;1218;48;-8.59;-6.25;20.78;88
63799;1220;48;-8.59;-6.25;20.78;88
63809;1222;48;-8.59;-6.25;20.78;88
63819;1224;48;-8.59;-6.25;20.78;88
63830;1226;48;-8.59;-6.25;20.78;88
63839;1228;48;-8.59;-6.25;20.78;88
63850;1230;48;-8.59;-6.25;20.78;88
63859;1232;48;-8.59;-6.25;20.78;88
63869;1235;48;-8.59;-6.25;20.78;89
63878;1237;48;-8.59;-6.25;20.78;89
63889;1240;48;-8.59;-6.25;20.78;89
63900;1242;48;-7.81;-6.25;20.78;89
63909;1245;48;-7.81;-6.25;20.78;89
63918;1246;48;-7.81;-6.25;20.78;89
63930;1248;48;-7.81;-6.25;20.78;89
63940;1250;48;-7.81;-6.25;20.78;89
63948;1251;48;-7.81;-6.25;20.78;89
63959;1253;48;-7.81;-6.25;20.78;89
63968;1254;48;-7.81;-6.25;20.78;89
63978;1257;48;-7.81;-6.25;20.78;89
63989;1260;48;-7.81;-6.25;20.78;89
64000;1262;48;-7.81;-6.25;20.78;89
64009;1265;48;-7.81;-6.25;20.78;89
64019;1267;48;-7.03;-6.25;20.78;89
64032;1270;48;-7.03;-6.25;20.78;89
64048;1272;48;-7.03;-6.25;20.39;89
64059;1274;48;-7.03;-6.25;20.39;89
64069;1277;48;-7.03;-6.25;20.39;89
64078;1279;48;-7.03;-6.25;20.39;89
64089;1281;48;-6.25;-6.25;20.39;89
64098;1284;48;-6.25;-5.47;20.39;89
64110;1285;48;-6.25;-5.47;20.39;89
64119;1286;48;-6.25;-5.47;20.39;89
64132;1288;48;-6.25;-5.47;20.39;89
64150;1289;48;-6.25;-5.47;20.39;89
64159;1290;48;-5.47;-5.47;20.39;89
64170;1292;48;-5.47;-5.47;20.39;89
64178;1295;48;-5.47;-5.47;20.78;89
64188;1298;48;-5.47;-5.47;20.78;88
64199;1302;48;-5.47;-5.47;20.78;88
64208;1305;48;-5.47;-5.47;20.78;88
64220;1309;48;-4.69;-5.47;20.78;88
64231;1312;48;-4.69;-5.47;20.78;88
64250;1315;48;-4.69;-5.47;20.78;88
64259;1317;48;-4.69;-5.47;20.78;89
64270;1320;48;-4.69;-5.47;20.78;89
64280;1322;48;-4.69;-5.47;20.78;89
64288;1325;48;-4.69;-5.47;20.78;89
64299;1328;48;-4.69;-4.69;20.78;89
64309;1330;48;-4.69;-4.69;20.78;89
64319;1332;48;-4.69;-4.69;20.78;89
64340;1334;48;-4.69;-4.69;20.78;89
64349;1336;48;-4.69;-4.69;20.78;89
64358;1338;48;-3.91;-4.69;20.78;89
64369;1340;48;-3.91;-4.69;20.78;89
64380;1344;48;-3.91;-4.69;21.18;89
64389;1347;48;-3.91;-4.69;21.18;88
64400;1350;48;-3.91;-4.69;21.18;88
64409;1353;48;-3.91;-4.69;21.18;88
64419;1356;48;-3.91;-4.69;21.18;88
64431;1359;48;-3.91;-4.69;21.18;88
64438;1362;48;-3.91;-4.69;21.18;88
64449;1365;48;-3.91;-4.69;21.18;89
64459;1367;48;-3.91;-4.69;21.18;89
64468;1370;48;-3.91;-4.69;21.18;89
64479;1373;48;-3.13;-4.69;21.18;89
64489;1375;48;-3.13;-3.91;21.18;89
64499;1378;48;-3.13;-3.91;21.18;89
64509;1381;48;-3.13;-3.91;21.18;89
64519;1383;48;-3.13;-3.91;21.18;89
64532;1386;48;-3.13;-3.91;21.18;89
64550;1389;48;-3.13;-3.91;21.18;89
64559;1392;48;-3.13;-3.13;21.18;89
64568;1394;48;-3.13;-3.13;20.78;89
64579;1397;48;-3.13;-3.13;20.78;89
64589;1400;48;-3.13;-3.13;20.78;89
64597;1403;48;-3.13;-3.13;20.78;89
64608;1406;48;-2.34;-3.13;20.78;89
64619;1408;48;-2.34;-2.34;20.78;89
64632;1412;48;-2.34;-2.34;20.78;89
64650;1415;48;-2.34;-2.34;20.78;89
64660;1418;48;-2.34;-2.34;20.78;89
64670;1421;48;-2.34;-2.34;20.78;89
64680;1424;48;-2.34;-2.34;20.78;89
64689;1427;48;-2.34;-2.34;20.78;89
64698;1431;48;-2.34;-2.34;20.78;89
64709;1435;48;-2.34;-2.34;20.78;89
64718;1439;48;-2.34;-2.34;20.78;89
64731;1444;48;-2.34;-2.34;20.78;89
64748;1448;48;-1.56;-2.34;20.78;89
64759;1452;48;-1.56;-1.56;20.78;89
64768;1454;48;-1.56;-1.56;20.78;89
64777;1457;48;-1.56;-1.56;20.78;89
64788;1460;48;-1.56;-1.56;20.78;89
64799;1462;48;-1.56;-1.56;20.78;89
64809;1465;48;-1.56;-1.56;20.78;89
64820;1467;48;-1.56;-1.56;20.78;89
64832;1470;48;-1.56;-1.56;20.39;89
64849;1473;48;-1.56;-1.56;20.39;89
64860;1476;48;-1.56;-1.56;20.39;89
64869;1479;48;-1.56;-1.56;20.39;89
64880;1482;48;-0.78;-1.56;20.39;89
64889;1484;48;-0.78;-0.78;20.39;89
64901;1488;48;-0.78;-0.78;20.39;89
64909;1492;48;-0.78;-0.78;20.39;89
64918;1496;48;-0.78;-0.78;20.39;89
64932;1499;48;-0.78;-0.78;20.39;89
64949;1503;48;-0.78;-0.78;20.39;89
64962;1507;48;-0.78;0.00;20.39;89
64980;1509;48;-0.78;0.00;20.39;89
64989;1511;48;-0.78;0.00;20.39;89
65001;1513;48;-0.78;0.00;20.39;89
65019;1515;48;-0.78;0.00;20.39;89
65028;1517;48;-0.78;0.00;20.39;89
65040;1519;48;-0.78;0.00;20.00;89
65049;1523;48;-0.78;0.00;20.00;89
65060;1526;48;-0.78;0.00;20.00;89
65069;1530;48;-0.78;0.00;19.61;89
65078;1533;48;-0.78;0.00;19.61;89
65089;1537;48;-0.78;0.00;19.61;89
65100;1540;48;-0.78;0.00;19.61;89
65120;1544;48;-0.78;0.00;19.61;89
65132;1547;48;-0.78;0.00;19.61;89
65149;1550;48;-0.78;0.00;19.61;89
65159;1553;48;-0.78;0.00;19.61;89
65169;1557;48;-0.78;0.00;19.61;89
65178;1560;48;-0.78;0.00;19.61;89
65190;1563;48;-0.78;0.00;19.22;89
65196;1566;48;-0.78;0.00;19.22;89
65210;1569;48;-0.78;0.00;19.22;89
65220;1571;48;-0.78;0.00;19.22;89
65232;1574;48;-0.78;0.00;19.22;89
65251;1577;48;-0.78;0.00;19.22;89
65268;1580;48;-0.78;0.00;19.22;89
65278;1582;48;-0.78;0.00;19.22;89
65290;1585;48;-0.78;0.00;19.22;89
65298;1588;48;-0.78;0.00;19.22;89
65308;1590;48;-0.78;0.00;19.22;89
65318;1593;48;-0.78;0.78;19.22;89
65338;1596;48;-0.78;0.78;18.82;89
65351;1599;48;-0.78;0.78;18.82;89
65371;1602;48;-0.78;0.78;18.82;89
65390;1605;48;-0.78;0.78;18.82;89
65399;1608;48;-0.78;0.78;18.82;89
65412;1611;48;-0.78;0.78;18.82;89
65432;1614;48;-0.78;0.78;18.82;89
65449;1616;48;-0.78;0.78;18.82;89
65461;1619;48;-0.78;0.78;18.82;89
65469;1621;48;-0.78;0.78;18.82;89
65478;1623;48;-0.78;0.78;18.82;89
65490;1626;48;-0.78;1.56;18.82;89
65498;1630;48;-0.78;1.56;18.82;89
65510;1633;48;-0.78;1.56;18.82;89
65517;1637;48;-0.78;1.56;18.82;89
65532;1641;48;-0.78;1.56;18.82;89
65548;1644;48;0.00;1.56;18.82;89
65561;1648;48;0.00;2.34;18.82;89
65578;1650;48;0.00;2.34;18.43;89
65590;1651;48;0.00;2.34;18.43;89
65597;1653;48;0.00;2.34;18.43;89
65608;1655;48;0.00;2.34;18.43;89
65619;1656;48;0.78;2.34;18.43;89
65630;1658;48;0.78;2.34;18.43;89
65638;1661;48;0.78;2.34;18.43;89
65649;1663;48;0.78;2.34;18.43;89
65660;1666;48;0.78;2.34;18.43;89
65669;1669;48;0.78;2.34;18.43;89
65679;1671;48;1.56;2.34;18.43;89
65690;1674;48;1.56;3.13;18.43;89
65698;1676;48;1.56;3.13;18.43;89
65708;1678;48;1.56;3.13;18.43;89
65717;1680;48;1.56;3.13;18.43;89
65731;1682;48;1.56;3.13;18.43;89
65748;1684;48;2.34;3.13;18.43;89
65759;1686;48;2.34;3.13;18.43;89
65768;1689;48;2.34;3.13;18.04;89
65779;1692;48;2.34;3.13;18.04;89
65789;1695;48;2.34;3.13;18.04;89
65798;1698;48;2.34;3.13;18.04;89
65811;1701;48;3.13;3.13;18.04;89
65833;1704;48;3.13;3.91;18.04;89
65849;1707;48;3.13;3.91;17.65;89
65858;1709;48;3.13;3.91;17.65;89
65869;1712;48;3.13;3.91;17.65;89
65877;1714;48;3.13;3.91;17.65;89
65891;1717;48;3.91;3.91;17.65;89
65910;1720;48;3.91;4.69;17.65;89
65919;1722;48;3.91;4.69;17.65;89
65933;1724;48;3.91;4.69;17.65;89
65950;1727;48;3.91;4.69;17.65;89
65960;1729;48;3.91;4.69;17.65;89
65969;1732;48;3.91;4.69;17.65;89
65977;1734;48;3.91;5.47;17.65;89
65988;1736;48;3.91;5.47;17.65;89
66000;1737;48;3.91;5.47;17.65;89
66009;1739;48;3.91;5.47;17.65;89
66017;1741;48;3.91;5.47;17.65;89
66030;1743;48;4.69;5.47;17.65;89
66038;1745;48;4.69;5.47;17.65;89
66049;1748;48;4.69;5.47;17.65;89
66059;1750;48;4.69;5.47;17.65;89
66067;1753;48;4.69;5.47;17.65;89
66078;1756;48;4.69;5.47;17.65;89
66090;1759;48;5.47;5.47;17.65;89
66099;1762;48;5.47;6.25;17.65;89
66110;1765;48;5.47;6.25;17.65;89
66133;1768;48;5.47;6.25;17.65;88
66148;1771;48;5.47;6.25;17.65;88
66158;1774;48;5.47;6.25;17.65;88
66169;1777;48;6.25;6.25;17.65;88
66177;1779;48;6.25;7.03;17.65;88
66191;1783;48;6.25;7.03;17.25;88
66208;1786;48;6.25;7.03;17.25;88
66217;1789;48;6.25;7.03;17.25;88
66231;1793;48;6.25;7.03;17.25;88
66250;1796;48;7.03;7.03;17.25;88
66261;1799;48;7.03;7.81;17.25;88
66278;1802;48;7.03;7.81;17.25;88
66290;1805;48;7.03;7.81;17.25;88
66299;1807;48;7.03;7.81;17.25;88
66309;1810;48;7.03;7.81;17.25;88
66317;1812;48;7.81;7.81;17.25;88
66338;1815;48;7.81;8.59;17.25;88
66350;1818;48;7.81;8.59;16.86;88
66358;1820;48;7.81;8.59;16.86;89
66368;1823;48;7.81;8.59;16.86;89
66379;1825;48;7.81;8.59;16.86;89
66387;1828;48;7.81;8.59;16.86;89
66399;1831;48;7.81;9.38;16.86;89
66411;1833;48;7.81;9.38;16.86;89
66429;1836;48;7.81;9.38;16.86;89
66438;1838;48;7.81;9.38;16.86;89
66447;1841;48;7.81;9.38;16.86;89
66460;1843;48;8.59;9.38;16.86;89
66467;1846;48;8.59;9.38;16.86;89
66477;1849;48;8.59;9.38;16.86;89
66489;1852;48;8.59;9.38;16.86;88
66498;1855;48;8.59;9.38;16.86;88
66509;1858;48;8.59;9.38;16.86;88
66519;1861;48;9.38;9.38;16.86;88
66534;1864;48;9.38;10.16;16.86;88
66549;1867;48;9.38;10.16;16.47;88
66558;1869;48;9.38;10.16;16.47;88
66570;1871;48;9.38;10.16;16.47;88
66579;1873;48;9.38;10.16;16.47;88
66587;1875;48;8.59;10.16;16.47;88
66599;1878;48;8.59;10.16;16.47;88
66608;1880;48;8.59;10.16;16.47;88
66619;1883;48;8.59;10.16;16.47;88
66630;1885;48;8.59;10.16;16.47;88
66639;1888;48;8.59;10.16;16.47;88
66647;1890;48;9.38;10.16;16.47;88
66660;1893;48;9.38;10.16;16.47;88
66668;1895;48;9.38;10.16;16.47;88
66679;1898;48;9.38;10.16;16.47;88
66689;1900;48;9.38;10.16;16.47;88
66700;1903;48;9.38;10.16;16.47;88
66708;1906;48;9.38;10.16;16.47;88
66717;1908;48;9.38;10.94;16.47;88
66732;1911;48;9.38;10.94;16.08;88
66748;1913;48;9.38;10.94;16.08;88
66759;1915;48;9.38;10.94;16.08;88
66768;1918;48;9.38;10.94;16.08;88
66777;1920;48;9.38;10.94;16.08;88
66788;1923;48;9.38;10.16;16.08;88
66799;1925;48;9.38;10.16;16.08;88
66808;1928;48;9.38;10.16;16.08;88
66820;1930;48;9.38;10.16;16.08;88
66831;1933;48;9.38;10.16;16.08;88
66850;1936;48;10.16;10.16;16.08;88
66859;1938;48;10.16;10.94;16.08;88
66868;1940;48;10.16;10.94;16.08;88
66879;1943;48;10.16;10.94;16.08;88
66892;1945;48;10.16;10.94;16.08;88
66909;1947;48;10.16;10.94;16.08;88
66918;1950;48;10.94;10.94;16.08;88
66933;1952;48;10.94;11.72;15.69;88
66947;1953;48;10.94;11.72;15.69;88
66959;1955;48;10.94;11.72;15.69;88
66969;1956;48;10.94;11.72;15.29;88
66979;1957;48;10.94;11.72;15.29;88
66988;1959;48;10.94;11.72;15.29;88
67000;1960;48;10.94;11.72;15.29;88
67011;1961;48;10.94;11.72;15.29;88
67031;1961;48;10.94;11.72;15.29;88
67048;1962;48;10.94;11.72;15.29;88
67059;1962;48;10.94;11.72;15.29;88
67068;1962;48;10.16;11.72;15.29;88
67079;1963;48;10.16;11.72;15.29;88
67088;1965;48;10.16;11.72;14.90;88
67099;1967;48;10.16;11.72;14.90;88
67109;1969;48;10.16;11.72;14.90;88
67118;1970;48;10.16;11.72;14.90;88
67129;1972;48;10.94;11.72;14.90;88
67138;1974;48;10.94;12.50;14.90;88
67150;1975;48;10.94;12.50;14.51;88
67158;1976;48;10.94;12.50;14.51;88
67170;1977;48;10.94;12.50;14.51;88
67178;1978;48;10.94;12.50;14.51;88
67188;1979;48;10.16;12.50;14.51;88
67199;1980;48;10.16;11.72;14.51;88
67209;1980;48;10.16;11.72;14.51;88
67219;1981;48;10.16;11.72;14.51;88
67231;1981;48;10.16;11.72;14.51;88
67248;1981;48;10.16;11.72;14.51;88
67258;1982;48;10.16;11.72;14.51;88
67269;1982;48;10.16;11.72;14.51;88
67277;1984;48;10.16;11.72;14.51;88
67288;1986;48;10.16;11.72;14.51;88
67299;1988;48;10.16;11.72;14.51;88
67309;1990;48;10.16;11.72;14.51;88
67319;1992;48;9.38;11.72;14.51;88
67338;1993;48;9.38;11.72;14.51;88
67348;1994;48;9.38;11.72;14.51;88
67359;1995;48;9.38;11.72;14.51;88
67368;1996;48;9.38;11.72;14.51;88
67380;1998;48;9.38;11.72;14.51;88
67389;1999;48;8.59;10.94;14.51;88
67398;2000;48;8.59;10.94;14.51;88
67407;2001;48;8.59;10.94;14.51;88
67419;2001;48;8.59;10.16;14.51;88
67431;2002;48;8.59;10.16;14.51;88
67449;2003;48;8.59;10.16;14.51;88
67460;2004;48;8.59;10.16;14.51;88
67470;2005;48;8.59;10.16;14.51;88
67480;2006;48;8.59;10.16;14.51;88
67488;2006;48;8.59;10.16;14.51;88
67499;2007;48;8.59;10.16;14.51;88
67510;2007;48;8.59;10.16;14.51;88
67519;2008;48;7.81;10.16;14.51;88
67532;2008;48;7.81;9.38;14.51;88
67550;2009;48;7.81;9.38;14.12;88
67559;2010;48;7.81;9.38;14.12;88
67567;2011;48;7.81;9.38;14.12;88
67579;2011;48;7.81;9.38;14.12;88
67590;2012;48;7.81;9.38;14.12;88
67600;2013;48;7.81;9.38;14.12;88
67610;2015;48;7.81;9.38;14.12;88
67619;2016;48;7.81;9.38;14.12;88
67631;2018;48;7.81;9.38;14.12;88
67649;2019;48;7.81;9.38;14.12;88
67657;2021;48;7.81;9.38;14.12;88
67670;2023;48;7.81;8.59;14.12;88
67678;2024;48;7.81;8.59;14.12;88
67691;2025;48;7.81;8.59;14.12;88
67708;2027;48;7.81;8.59;14.12;88
67721;2028;48;7.81;8.59;14.12;88
67733;2030;48;7.81;8.59;14.12;88
67749;2031;48;7.81;9.38;14.12;88
67759;2032;48;7.81;9.38;14.12;88
67770;2033;48;7.81;9.38;14.12;88
67779;2033;48;7.81;9.38;14.12;88
67787;2034;48;7.81;9.38;14.12;88
67800;2035;48;7.81;9.38;14.12;88
67810;2035;48;7.81;9.38;14.12;88
67820;2036;48;7.81;9.38;14.12;88
67831;2037;48;7.81;9.38;14.12;88
67849;2038;48;7.81;9.38;14.12;88
67859;2040;47;7.81;9.38;14.12;88
67869;2041;47;7.81;9.38;14.12;88
67879;2042;47;7.81;9.38;14.12;88
67891;2042;47;7.81;9.38;14.12;88
67909;2043;47;7.81;9.38;14.12;88
67920;2044;47;7.81;9.38;14.12;88
67931;2044;47;7.81;9.38;14.12;88
67949;2045;47;7.81;9.38;14.12;88
67958;2046;47;7.81;9.38;14.12;88
67970;2046;47;7.81;9.38;13.73;88
67980;2047;47;7.81;9.38;13.73;88
67989;2048;47;7.81;9.38;13.73;88
68000;2049;47;7.81;9.38;13.73;88
68009;2050;47;7.81;9.38;13.73;88
68018;2050;47;7.81;8.59;13.73;88
68030;2051;47;7.81;8.59;13.73;88
68039;2051;47;7.81;8.59;13.73;88
68050;2052;47;7.81;8.59;13.73;88
68059;2052;47;7.81;8.59;13.73;88
68069;2053;47;7.81;8.59;13.73;88
68078;2053;47;7.81;8.59;13.73;88
68090;2054;47;7.81;8.59;13.73;88
68098;2054;47;7.81;8.59;13.73;88
68108;2055;47;7.81;8.59;13.73;88
68119;2056;47;7.81;8.59;13.73;88
68131;2056;47;7.81;8.59;13.73;88
68150;2057;47;7.81;8.59;13.73;88
68159;2057;47;7.81;8.59;13.73;88
68169;2057;47;7.81;8.59;13.73;88
68179;2057;47;7.81;8.59;13.73;88
68188;2057;47;7.81;8.59;13.73;88
68199;2057;47;7.81;8.59;13.73;88
68209;2057;47;7.81;8.59;13.73;88
68218;2058;47;7.81;8.59;13.73;88
68232;2060;47;7.81;8.59;13.73;88
68250;2061;47;7.81;8.59;13.73;88
68258;2063;47;7.81;8.59;13.73;88
68270;2064;47;7.81;8.59;13.73;88
68281;2066;47;7.81;8.59;13.73;88
68297;2066;47;7.81;8.59;13.73;88
68310;2065;47;7.81;8.59;13.73;88
68319;2065;47;7.81;8.59;13.73;88
68337;2065;47;7.81;8.59;13.73;88
68348;2065;47;7.81;8.59;13.73;88
68359;2065;47;7.81;8.59;13.73;88
68370;2067;47;7.81;8.59;13.73;88
68379;2069;47;7.81;8.59;13.73;88
68391;2070;47;7.81;8.59;13.73;88
68409;2072;47;7.81;8.59;13.73;88
68418;2074;47;7.81;8.59;13.73;88
68431;2076;47;7.81;8.59;13.73;88
68448;2076;47;7.81;8.59;13.73;88
68460;2077;47;7.81;8.59;13.73;88
68468;2078;47;7.81;8.59;13.73;88
68481;2078;47;7.81;8.59;13.73;88
68500;2079;47;7.81;8.59;13.73;88
68511;2080;47;7.81;8.59;13.73;88
68532;2080;47;7.81;8.59;13.73;88
68549;2080;47;7.81;8.59;13.73;88
68558;2079;47;7.81;8.59;13.73;88
68569;2079;47;7.81;8.59;13.73;88
68579;2079;47;7.81;8.59;13.73;88
68590;2079;47;7.81;8.59;13.73;88
68598;2080;47;7.81;8.59;13.73;88
68609;2082;47;7.81;8.59;13.73;88
68621;2084;47;7.81;8.59;13.73;88
68639;2085;47;7.81;8.59;13.73;88
68648;2087;47;8.59;8.59;13.73;88
68660;2088;47;8.59;8.59;13.73;88
68666;2089;47;8.59;8.59;13.33;88
68679;2090;47;8.59;8.59;13.33;88
68690;2091;47;8.59;8.59;13.33;88
68699;2091;47;8.59;8.59;13.33;88
68708;2092;47;7.81;8.59;13.33;88
68720;2093;47;7.81;8.59;13.33;88
68732;2093;47;7.81;8.59;13.33;88
68749;2093;47;7.81;8.59;13.33;88
68759;2093;47;7.81;8.59;13.33;88
68768;2093;47;7.81;8.59;13.33;88
68778;2093;47;7.81;8.59;13.33;88
68790;2093;47;7.81;8.59;13.33;88
68799;2095;47;7.81;8.59;13.33;88
68810;2097;47;7.81;8.59;13.33;88
68819;2098;47;7.81;8.59;13.33;88
68830;2100;47;7.81;8.59;13.33;88
68849;2101;47;8.59;8.59;13.33;88
68858;2103;47;8.59;9.38;13.33;88
68869;2104;47;8.59;9.38;13.33;88
68878;2105;47;8.59;9.38;13.33;88
68889;2106;47;8.59;9.38;13.33;88
68901;2106;47;8.59;9.38;13.33;88
68909;2107;47;8.59;9.38;13.33;88
68920;2108;47;8.59;9.38;13.33;88
68932;2108;47;8.59;9.38;13.33;88
68949;2108;47;8.59;9.38;13.33;88
68959;2108;47;8.59;9.38;13.33;88
68970;2107;47;8.59;9.38;13.33;88
68979;2107;47;8.59;9.38;13.33;88
68990;2107;47;8.59;8.59;13.33;88
68999;2108;47;8.59;8.59;13.33;88
69010;2109;47;8.59;8.59;13.33;88
69021;2110;47;8.59;8.59;13.33;88
69039;2111;47;8.59;8.59;13.33;88
69048;2112;47;8.59;8.59;13.33;88
69060;2113;47;8.59;8.59;13.33;88
69068;2113;47;8.59;8.59;13.33;88
69080;2114;47;8.59;8.59;13.33;88
69089;2114;47;8.59;8.59;13.33;88
69098;2115;47;8.59;8.59;13.33;88
69109;2115;47;7.81;8.59;13.33;88
69119;2116;47;7.81;8.59;13.33;88
69131;2116;47;7.81;8.59;13.33;88
69151;2116;47;7.81;8.59;13.33;88
69170;2116;47;7.81;8.59;13.33;88
69179;2115;47;7.81;8.59;13.33;88
69190;2115;47;7.03;8.59;13.33;88
69201;2115;47;7.03;7.81;13.33;88
69220;2115;47;7.03;7.81;13.33;88
69231;2116;47;7.03;7.81;13.33;88
69249;2116;47;7.03;7.81;13.33;88
69260;2116;47;7.03;7.81;13.33;88
69269;2117;47;7.03;7.81;13.33;88
69281;2117;47;7.03;7.81;13.33;88
69298;2117;47;7.03;7.81;12.94;88
69307;2116;47;7.03;7.81;12.94;88
69319;2115;47;7.03;7.81;12.94;88
69339;2115;47;7.03;7.81;12.94;88
69350;2114;47;7.03;7.81;12.94;88
69360;2114;47;7.03;7.81;12.94;88
69370;2115;47;7.03;7.81;13.33;88
69378;2116;47;7.03;7.81;13.33;88
69390;2117;47;7.03;7.81;13.33;88
69399;2118;47;7.03;7.81;13.33;88
69408;2119;47;6.25;7.81;13.33;88
69422;2121;47;6.25;7.81;13.33;88
69439;2119;47;6.25;7.81;12.94;88
69448;2117;47;6.25;7.81;12.94;88
69459;2116;47;5.47;7.81;12.94;88
69471;2114;47;3.91;6.25;12.94;88
69490;2112;47;3.13;5.47;12.94;88
69500;2111;47;2.34;3.91;12.94;88
69508;2109;47;0.78;2.34;12.94;88
69520;2107;47;0.00;1.56;12.94;88
69531;2106;47;0.00;0.00;12.94;88
69549;2104;47;0.00;0.00;12.94;88
69560;2103;47;0.00;0.00;12.94;88
69570;2101;47;0.00;0.00;12.94;88
69578;2094;47;0.00;0.00;12.55;88
69590;2087;47;0.00;0.00;12.55;88
69596;2080;47;0.00;0.00;12.55;88
69610;2073;47;0.00;0.00;12.55;88
69618;2066;47;0.00;0.00;12.55;88
69631;2058;47;0.00;0.00;12.16;88
69637;2048;47;0.00;0.00;12.16;88
69650;2038;47;0.00;0.00;12.16;88
69659;2028;47;0.00;0.00;11.76;88
69668;2018;47;0.00;0.00;11.76;88
69678;2008;47;0.00;0.00;11.76;88
69690;1998;47;0.00;0.00;11.76;88
69697;1988;47;0.00;0.00;11.76;88
69709;1978;47;0.00;0.00;11.76;88
69717;1967;47;0.00;0.00;11.76;88
69731;1957;47;0.00;0.00;11.76;88
69747;1947;47;0.00;0.00;11.76;88
69762;1936;47;0.00;0.00;11.76;88
69780;1925;47;0.00;0.00;12.16;88
69791;1914;47;0.00;0.00;12.16;88
69809;1903;47;0.00;0.00;12.16;88
69818;1892;47;0.00;0.00;12.16;88
69832;1881;47;0.00;0.00;12.16;88
69850;1869;47;0.00;0.00;12.16;88
69861;1860;47;0.00;0.00;12.16;88
69879;1851;47;0.00;0.00;12.16;88
69890;1842;47;0.00;0.00;12.16;88
69896;1833;47;0.00;0.00;12.16;88
69909;1824;47;0.00;0.00;12.16;88
69918;1815;47;0.00;0.00;12.16;88
69933;1805;47;0.00;0.00;12.55;88
69949;1796;47;0.00;0.00;12.55;88
69958;1787;47;0.00;0.00;12.55;88
69970;1778;47;0.00;0.00;12.55;88
69977;1769;47;0.00;0.00;12.55;88
69990;1759;47;0.00;0.00;12.55;88
69999;1750;47;0.00;0.00;12.55;88
70010;1740;47;0.00;0.00;12.55;88
70018;1731;47;0.00;0.00;12.55;88
70030;1722;47;0.00;0.00;12.55;88
70039;1712;47;0.00;0.00;12.55;88
70050;1703;47;0.00;0.00;12.94;88
70057;1695;47;0.00;0.00;12.94;88
70069;1687;47;0.00;0.00;12.94;88
70078;1678;47;0.00;0.00;13.33;88
70090;1670;47;0.00;0.00;13.33;88
70097;1662;47;0.00;0.00;13.33;88
70110;1654;47;0.00;0.00;13.33;88
70117;1646;47;0.00;0.00;13.33;88
70133;1637;47;0.00;0.00;13.33;88
70147;1628;47;0.00;0.00;13.33;88
70160;1619;47;0.00;0.00;13.33;88
70170;1611;47;0.00;0.00;13.33;88
70179;1602;47;0.00;0.00;13.33;88
70190;1594;47;0.00;0.00;13.73;88
70199;1586;47;0.00;0.00;13.73;88
70209;1578;47;0.00;0.00;13.73;88
70219;1570;47;0.00;0.00;13.73;88
70230;1563;47;0.00;0.00;13.73;88
70239;1555;47;0.00;0.00;13.73;88
70248;1546;47;0.00;0.00;14.12;88
70258;1537;47;0.00;0.00;14.12;88
70270;1529;47;0.00;0.00;14.12;88
70278;1520;47;0.00;0.00;14.12;88
70291;1512;47;0.00;0.00;14.12;88
70309;1503;47;0.00;0.00;14.12;88
70319;1494;47;0.00;0.00;14.12;88
70338;1484;47;0.00;0.00;14.12;88
70349;1475;47;0.00;0.00;14.12;88
70358;1466;47;0.00;0.00;14.12;88
70370;1456;47;0.00;0.00;14.12;88
70377;1447;47;0.00;0.00;14.12;88
70390;1438;47;0.00;0.00;14.51;88
70397;1429;47;0.00;0.00;14.51;88
70410;1420;47;0.00;0.00;14.51;88
70419;1412;47;0.00;0.00;14.51;88
70430;1403;47;0.00;0.00;14.51;88
70439;1394;47;0.00;0.00;14.51;88
70447;1386;47;0.00;0.00;14.51;88
70459;1378;47;0.00;0.00;14.51;88
70468;1370;47;0.00;0.00;14.51;88
70480;1362;47;0.00;0.00;14.51;88
70489;1354;47;0.00;0.00;14.51;88
70498;1346;47;0.00;0.00;14.51;88
70509;1339;47;0.00;0.00;14.51;88
70519;1331;47;0.00;0.00;14.51;88
70530;1324;47;0.00;0.00;14.51;88
70539;1317;47;0.00;0.00;14.51;88
70547;1309;47;0.00;0.00;14.51;88
70558;1302;47;0.00;0.00;14.51;88
70570;1294;47;0.00;0.00;14.51;88
70579;1286;47;0.00;0.00;14.51;88
70589;1278;47;0.00;0.00;14.51;88
70598;1270;47;0.00;0.00;14.51;88
70609;1262;47;0.00;0.00;14.51;88
70619;1253;47;0.00;0.00;14.51;88
70631;1245;47;0.00;0.00;14.90;88
70650;1236;47;0.00;0.00;14.90;88
70658;1227;47;0.00;0.00;14.90;88
70668;1219;47;0.00;0.00;14.90;88
70680;1210;47;0.00;0.00;14.90;88
70692;1201;47;0.00;0.00;14.90;88
70708;1193;47;0.00;0.00;14.90;88
70717;1184;47;0.00;0.00;14.90;88
70731;1176;47;0.00;0.00;14.90;88
70749;1168;47;0.00;0.00;14.90;88
70758;1159;47;0.00;0.00;15.29;88
70767;1151;47;0.00;0.00;15.69;88
70779;1150;47;0.00;0.00;15.69;88
70788;1150;47;0.00;0.00;16.08;88
70799;1149;47;0.00;0.00;16.47;88
70808;1148;47;0.00;0.00;16.86;88
70818;1148;47;0.00;0.00;17.25;88
70829;1147;47;0.00;0.00;17.65;88
70837;1149;47;0.00;0.00;18.04;88
70848;1151;47;0.00;0.00;18.43;88
70858;1153;47;0.00;0.00;18.82;88
70869;1155;47;0.00;0.00;19.22;88
70879;1157;47;0.00;0.00;19.22;88
70889;1159;47;0.00;0.00;19.22;88
70897;1162;47;0.00;0.00;19.22;88
70910;1165;47;0.00;0.00;19.22;88
70918;1167;47;0.00;0.00;19.22;88
70933;1170;47;0.00;0.00;19.22;88
70947;1173;47;0.00;0.00;19.61;88
70957;1175;47;0.00;0.00;19.61;88
70968;1180;47;0.00;0.00;20.00;88
70977;1185;47;0.00;0.00;20.00;88
70991;1190;47;0.00;0.00;20.39;88
71007;1195;47;0.00;0.00;20.39;88
71018;1199;47;0.00;0.00;20.39;88
71029;1204;47;0.00;0.00;20.39;88
71037;1207;47;0.00;0.00;20.78;88
71048;1209;47;0.00;0.00;20.78;88
71058;1211;47;0.00;0.00;20.78;88
71068;1214;47;0.00;0.00;20.78;88
71079;1216;47;0.00;0.00;20.78;88
71089;1219;47;0.00;0.00;20.78;88
71099;1222;47;0.00;0.00;20.78;88
71107;1224;47;0.00;0.00;20.78;88
71120;1227;47;0.00;0.00;20.78;88
71130;1230;47;0.00;0.00;20.78;88
71140;1233;47;0.00;0.00;20.78;88
71147;1236;47;0.00;0.00;20.78;88
71157;1239;47;0.00;0.00;20.78;88
71168;1242;47;0.00;0.00;20.78;88
71180;1244;47;0.00;0.00;20.78;88
71189;1247;47;0.00;0.00;20.78;88
71197;1250;47;0.00;0.00;20.78;88
71208;1253;47;0.00;0.00;20.78;88
71217;1256;47;0.00;0.00;20.78;88
71231;1259;47;0.00;0.00;20.78;88
71247;1261;47;0.00;0.00;20.78;88
71259;1264;47;0.00;0.00;20.78;88
71268;1267;47;0.00;0.00;20.78;88
71278;1269;47;0.00;0.00;20.78;88
71292;1273;47;0.00;0.00;20.78;88
71307;1276;47;0.00;0.00;20.78;88
71318;1279;47;0.00;0.00;20.78;88
71339;1283;47;0.00;0.00;20.78;88
71348;1286;47;0.00;0.00;20.78;88
71359;1289;47;0.00;0.00;20.39;88
71369;1292;47;0.00;0.00;20.39;88
71381;1294;47;0.00;0.00;20.39;88
71392;1297;47;0.00;0.00;20.00;88
71408;1299;47;0.00;0.00;20.00;88
71418;1301;47;0.00;0.00;20.00;88
71431;1304;47;0.00;0.00;20.00;88
71449;1306;47;0.00;0.00;19.61;88
71459;1309;47;0.00;0.00;19.61;88
71467;1312;47;0.00;0.00;19.61;88
71478;1314;47;0.00;0.00;19.61;88
71490;1317;47;0.00;0.00;19.61;88
71497;1319;47;0.00;0.00;19.61;88
71508;1322;47;0.00;0.00;19.61;88
71519;1324;47;0.00;0.00;19.61;88
71532;1327;47;0.00;0.00;19.61;88
71548;1329;47;0.00;0.00;19.61;88
71559;1331;47;0.00;0.00;19.61;88
71568;1334;47;0.00;0.00;19.61;88
71577;1337;47;0.00;0.00;19.61;88
71588;1340;47;0.00;0.00;19.61;88
71600;1343;47;0.00;0.00;19.61;88
71609;1346;47;0.00;0.00;19.61;88
71618;1349;47;0.00;0.00;19.61;88
71632;1352;47;0.00;0.00;19.61;88
71650;1354;47;0.00;0.00;19.61;88
71658;1355;47;0.00;0.00;19.61;88
71669;1357;47;0.00;0.00;19.61;88
71679;1359;47;0.00;0.00;19.61;88
71689;1360;47;0.00;0.00;19.61;88
71699;1362;47;0.00;0.00;19.61;88
71710;1366;47;0.00;0.00;19.61;88
71718;1370;47;0.00;0.00;19.61;88
71731;1373;47;0.00;0.00;19.61;88
71749;1377;47;-0.78;0.00;19.61;88
71757;1381;47;-0.78;-0.78;19.61;88
71768;1385;47;-0.78;-0.78;19.61;88
71779;1387;47;-1.56;-0.78;20.00;88
71789;1389;47;-1.56;-1.56;20.00;88
71798;1391;47;-1.56;-1.56;20.00;88
71809;1393;47;-2.34;-1.56;20.00;88
71819;1395;47;-2.34;-2.34;20.00;88
71831;1398;47;-2.34;-2.34;20.00;88
71840;1402;47;-3.13;-2.34;20.39;88
71849;1406;47;-3.13;-3.13;20.39;88
71859;1410;47;-3.13;-3.13;20.39;88
71869;1414;47;-3.91;-3.13;20.39;88
71878;1418;47;-3.91;-3.13;20.39;88
71892;1422;47;-3.91;-3.91;20.39;88
71909;1426;47;-4.69;-3.91;20.39;88
71918;1430;47;-4.69;-3.91;20.39;88
71931;1433;47;-4.69;-3.91;20.39;88
71949;1437;47;-4.69;-3.91;20.39;88
71960;1441;47;-5.47;-3.91;20.39;88
71969;1445;47;-5.47;-3.91;20.39;88
71979;1447;47;-5.47;-3.91;20.39;88
71989;1450;47;-5.47;-3.91;20.39;88
71999;1453;47;-5.47;-3.91;20.39;88
72007;1455;47;-5.47;-3.91;20.39;88
72017;1458;47;-5.47;-3.91;20.39;88
72029;1460;47;-5.47;-4.69;20.39;88
72039;1464;47;-5.47;-4.69;20.00;88
72047;1467;47;-5.47;-4.69;20.00;88
72058;1470;47;-5.47;-4.69;20.00;88
72069;1473;47;-5.47;-4.69;20.00;88
72081;1477;47;-6.25;-4.69;20.00;88
72090;1480;47;-6.25;-4.69;20.00;88
72099;1484;47;-6.25;-4.69;20.00;88
72111;1488;47;-6.25;-4.69;20.00;88
72131;1492;47;-6.25;-4.69;20.00;88
72148;1495;47;-6.25;-4.69;20.00;88
72159;1499;47;-7.03;-4.69;20.00;88
72168;1503;47;-7.03;-5.47;20.00;88
72180;1505;47;-7.03;-5.47;20.00;88
72189;1507;47;-7.03;-5.47;20.00;88
72198;1510;47;-7.03;-5.47;20.00;88
72209;1512;47;-7.03;-5.47;20.00;88
72220;1514;47;-7.81;-5.47;20.00;88
72230;1516;47;-7.81;-5.47;20.00;88
72241;1519;47;-7.81;-5.47;19.61;88
72259;1523;47;-7.81;-5.47;19.61;88
72270;1526;47;-7.81;-5.47;19.61;88
72278;1529;47;-7.81;-5.47;19.61;88
72291;1532;47;-7.81;-5.47;19.61;88
72310;1536;47;-7.81;-5.47;19.61;88
72319;1539;47;-7.81;-5.47;19.61;88
72337;1542;47;-7.81;-5.47;19.61;88
72348;1546;47;-7.81;-5.47;19.61;88
72360;1549;47;-7.81;-5.47;19.61;88
72369;1552;47;-7.81;-5.47;19.61;88
72378;1555;47;-7.81;-5.47;19.61;88
72389;1557;47;-7.81;-5.47;19.22;88
72398;1559;47;-7.81;-5.47;19.22;88
72409;1560;47;-7.81;-5.47;19.22;88
72418;1562;47;-7.81;-5.47;19.22;88
72430;1564;47;-7.03;-5.47;19.22;88
72440;1565;47;-7.03;-6.25;19.22;88
72449;1568;47;-7.03;-6.25;18.82;88
72460;1571;47;-7.03;-6.25;18.82;88
72469;1574;47;-7.03;-6.25;18.82;88
72478;1577;47;-7.03;-6.25;18.82;88
72491;1580;47;-7.03;-6.25;18.82;88
72509;1583;47;-7.03;-6.25;18.82;88
72520;1586;47;-7.03;-6.25;18.82;88
72532;1589;47;-7.03;-6.25;18.82;88
72549;1592;47;-7.03;-6.25;18.82;88
72558;1595;47;-7.03;-6.25;18.82;88
72568;1597;47;-7.03;-6.25;18.82;88
72580;1600;47;-7.03;-6.25;18.82;88
72589;1603;47;-7.03;-6.25;18.43;88
72598;1605;47;-7.03;-6.25;18.43;88
72610;1607;47;-7.03;-6.25;18.43;88
72618;1609;47;-7.03;-6.25;18.43;88
72630;1611;47;-7.03;-6.25;18.43;88
72639;1613;47;-7.03;-5.47;18.43;88
72651;1616;47;-7.03;-5.47;18.04;88
72668;1619;47;-7.03;-5.47;18.04;88
72680;1622;47;-7.03;-5.47;18.04;88
72688;1625;47;-7.03;-5.47;18.04;88
72699;1627;47;-7.03;-5.47;18.04;88
72710;1630;47;-7.03;-5.47;18.04;88
72719;1633;47;-7.03;-5.47;18.04;88
72732;1635;47;-7.03;-5.47;18.04;88
72748;1638;47;-7.03;-5.47;18.04;88
72759;1640;47;-7.03;-5.47;18.04;88
72770;1643;47;-6.25;-5.47;18.04;88
72779;1645;47;-6.25;-5.47;18.04;88
72788;1647;47;-6.25;-5.47;18.04;88
72798;1649;47;-6.25;-5.47;18.04;88
72809;1652;47;-6.25;-5.47;18.04;88
72819;1654;47;-6.25;-5.47;18.04;88
72831;1656;47;-5.47;-5.47;18.04;88
72850;1658;47;-5.47;-4.69;18.04;88
72861;1659;47;-5.47;-4.69;17.65;88
72879;1660;47;-5.47;-4.69;17.65;88
72888;1662;47;-5.47;-4.69;17.65;88
72900;1663;47;-5.47;-4.69;17.65;88
72910;1664;47;-4.69;-4.69;17.65;88
72920;1665;47;-4.69;-3.91;17.65;88
72932;1668;47;-4.69;-3.91;17.65;88
72951;1670;47;-4.69;-3.91;17.65;88
72959;1673;47;-4.69;-3.91;17.65;88
72968;1675;47;-4.69;-3.91;17.65;88
72979;1677;47;-3.91;-3.91;17.65;88
72988;1680;47;-3.91;-3.13;17.65;88
73000;1682;47;-3.91;-3.13;17.65;88
73010;1685;47;-3.91;-3.13;17.65;88
73020;1687;47;-3.91;-3.13;17.65;88
73030;1690;47;-3.91;-3.13;17.65;88
73039;1692;47;-3.13;-3.13;17.65;88
73051;1695;47;-3.13;-3.13;17.65;88
73070;1697;47;-3.13;-3.13;17.25;88
73076;1700;47;-3.13;-3.13;17.25;88
73088;1703;47;-3.13;-3.13;17.25;88
73098;1705;47;-3.13;-3.13;17.25;88
73108;1708;47;-2.34;-3.13;17.25;88
73119;1711;47;-2.34;-2.34;17.25;88
73131;1713;47;-2.34;-2.34;17.25;88
73148;1715;47;-2.34;-2.34;17.25;88
73159;1718;47;-2.34;-2.34;17.25;88
73171;1720;47;-2.34;-2.34;17.25;88
73190;1722;47;-1.56;-2.34;17.25;88
73196;1725;47;-1.56;-1.56;17.25;88
73210;1727;47;-1.56;-1.56;17.25;88
73216;1729;47;-1.56;-1.56;17.25;88
73231;1731;47;-1.56;-1.56;17.25;88
73249;1733;47;-1.56;-1.56;17.25;88
73259;1735;47;-1.56;-1.56;17.25;88
73268;1737;47;-1.56;-0.78;17.25;88
73277;1739;47;-1.56;-0.78;16.86;88
73289;1741;47;-1.56;-0.78;16.86;88
73297;1744;47;-1.56;-0.78;16.86;88
73309;1746;47;-1.56;-0.78;16.86;88
73318;1749;47;-0.78;-0.78;16.86;88
73341;1751;47;-0.78;0.00;16.86;88
73349;1753;47;-0.78;0.00;16.86;88
73358;1756;47;-0.78;0.00;16.86;88
73371;1758;47;-0.78;0.00;16.86;88
73378;1760;47;-0.78;0.00;16.86;88
73390;1762;47;-0.78;0.00;16.86;88
73397;1765;47;-0.78;0.78;16.86;88
73409;1767;47;-0.78;0.78;16.86;88
73417;1769;47;-0.78;0.78;16.86;88
73431;1772;47;-0.78;0.78;16.86;88
73449;1774;47;-0.78;0.78;16.86;88
73458;1776;47;0.00;0.78;16.86;88
73469;1778;47;0.00;0.78;16.86;88
73477;1781;47;0.00;0.78;16.47;88
73488;1783;47;0.00;0.78;16.47;88
73498;1785;47;0.00;0.78;16.47;88
73509;1787;47;0.00;0.78;16.47;88
73516;1789;47;0.00;0.78;16.47;88
73532;1791;47;0.00;1.56;16.47;88
73550;1794;47;0.00;1.56;16.47;88
73558;1796;47;0.00;1.56;16.47;88
73570;1799;47;0.00;1.56;16.47;88
73578;1801;47;0.00;1.56;16.47;88
73586;1803;47;0.78;1.56;16.47;88
73597;1806;47;0.78;1.56;16.47;88
73611;1809;47;0.78;1.56;16.47;88
73632;1813;47;0.78;1.56;16.47;88
73649;1817;47;0.78;1.56;16.47;88
73658;1820;47;0.78;1.56;16.47;88
73667;1824;47;1.56;1.56;16.47;88
73678;1827;47;1.56;2.34;16.47;88
73690;1830;47;1.56;2.34;16.47;88
73697;1832;47;1.56;2.34;16.47;88
73707;1834;47;1.56;2.34;16.47;88
73718;1836;47;1.56;2.34;16.47;88
73733;1838;47;2.34;2.34;16.47;88
73749;1840;47;2.34;3.13;16.47;88
73762;1843;47;2.34;3.13;16.08;88
73779;1846;47;2.34;3.13;16.08;88
73787;1849;47;2.34;3.13;16.08;88
73797;1852;47;2.34;3.13;16.08;88
73809;1855;47;2.34;3.13;16.08;88
73818;1858;47;2.34;3.13;16.08;88
73832;1860;47;2.34;3.13;16.08;88
73849;1862;47;2.34;3.13;16.08;88
73858;1865;47;2.34;3.13;16.08;88
73870;1867;47;2.34;3.13;16.08;88
73878;1870;47;2.34;3.13;16.08;88
73890;1872;47;2.34;3.91;16.08;88
73899;1875;47;2.34;3.91;16.08;88
73908;1878;47;2.34;3.91;16.08;88
73918;1882;47;2.34;3.91;16.08;88
73933;1885;47;2.34;3.91;16.08;88
73951;1888;47;3.13;3.91;16.08;88
73971;1891;47;3.13;3.91;16.08;88
73990;1893;47;3.13;3.91;16.08;88
73999;1895;47;3.13;3.91;16.08;88
74008;1897;47;3.13;3.91;16.08;88
74016;1899;47;3.13;3.91;16.08;88
74030;1900;47;3.91;3.91;16.08;88
74036;1902;47;3.91;4.69;16.08;88
74050;1904;47;3.91;4.69;15.69;88
74059;1906;47;3.91;4.69;15.69;88
74068;1908;47;3.91;4.69;15.69;88
74077;1910;47;3.91;4.69;15.69;88
74089;1912;47;3.91;4.69;15.69;88
74098;1914;47;3.91;4.69;15.69;88
74107;1916;47;3.91;4.69;15.69;88
74118;1918;47;3.91;4.69;15.69;88
74133;1920;47;3.91;4.69;15.69;88
74150;1922;47;3.91;4.69;15.69;88
74158;1924;47;3.91;4.69;15.69;88
74171;1926;47;3.91;5.47;15.69;88
74188;1928;47;3.91;5.47;15.69;88
74199;1931;47;3.91;5.47;15.69;88
74209;1933;47;3.91;5.47;15.69;88
74218;1935;47;3.91;5.47;15.69;88
74233;1937;47;3.91;5.47;15.69;88
74250;1940;47;3.91;5.47;15.69;88
74258;1941;47;3.91;5.47;15.29;88
74271;1943;47;3.91;5.47;15.29;88
74291;1944;47;3.91;5.47;15.29;88
74299;1946;47;3.91;5.47;15.29;88
74310;1947;47;3.91;5.47;15.29;88
74318;1949;47;3.91;5.47;15.29;88
74338;1950;47;3.91;5.47;14.90;88
74350;1951;47;3.91;5.47;14.90;88
74358;1953;47;3.91;5.47;14.90;88
74370;1954;47;3.91;5.47;14.90;88
74378;1955;47;3.91;5.47;14.90;88
74391;1956;47;3.91;5.47;14.90;88
74411;1959;47;3.91;5.47;14.90;88
74434;1961;47;3.91;5.47;14.90;88
74450;1963;47;3.91;5.47;14.90;88
74459;1966;47;3.91;5.47;14.90;88
74470;1968;47;3.91;5.47;14.90;88
74478;1970;47;3.91;5.47;14.90;88
74489;1972;47;3.91;5.47;14.51;88
74498;1973;47;3.91;5.47;14.51;88
74507;1975;47;3.91;5.47;14.51;88
74518;1976;47;3.91;5.47;14.51;88
74533;1978;47;3.91;5.47;14.51;88
74551;1979;47;3.91;5.47;14.51;88
74570;1981;47;3.91;5.47;14.51;88
74578;1982;47;3.91;5.47;14.51;88
74591;1983;47;3.91;5.47;14.51;88
74609;1985;47;3.91;5.47;14.51;88
74619;1986;47;3.13;5.47;14.51;88
74629;1987;47;3.13;5.47;14.51;88
74637;1988;47;3.13;5.47;14.51;88
74650;1989;47;3.13;5.47;14.51;88
74659;1990;47;3.13;5.47;14.51;88
74669;1990;47;3.13;5.47;14.51;88
74678;1991;47;3.13;5.47;14.51;88
74689;1992;47;3.13;4.69;14.51;88
74698;1993;47;3.13;4.69;14.51;88
74709;1994;47;3.13;4.69;14.51;88
74719;1995;47;3.13;4.69;14.51;88
74732;1996;47;3.13;4.69;14.51;88
74751;1997;47;2.34;4.69;14.51;88
74771;1998;47;2.34;3.91;14.51;88
74790;1999;47;2.34;3.91;14.51;88
74809;2000;47;2.34;3.91;14.51;88
74817;2001;47;2.34;3.91;14.51;88
74832;2002;47;2.34;3.91;14.51;88
74850;2003;47;2.34;3.91;14.51;88
74858;2004;47;2.34;3.13;14.51;88
74867;2004;47;2.34;3.13;14.12;88
74876;2004;47;2.34;3.13;14.12;88
74891;2004;47;2.34;3.13;14.12;88
74909;2004;47;2.34;3.13;14.12;88
74918;2003;47;1.56;3.13;14.12;88
74933;2003;47;1.56;3.13;14.12;88
74949;2004;47;1.56;3.13;14.12;88
74957;2005;47;1.56;3.13;14.12;88
74969;2006;47;1.56;3.13;14.12;88
74978;2007;47;1.56;3.13;14.12;88
74990;2008;47;1.56;3.13;14.12;88
74998;2009;47;1.56;2.34;14.12;88
75010;2011;47;1.56;2.34;14.12;88
75018;2012;47;1.56;2.34;14.12;88
75030;2014;47;1.56;2.34;14.12;88
75039;2015;47;1.56;2.34;14.12;88
75050;2016;47;1.56;2.34;14.12;88
75071;2018;47;1.56;2.34;14.12;88
75090;2017;47;1.56;2.34;14.12;88
75097;2017;47;1.56;2.34;14.12;88
75109;2016;47;1.56;2.34;14.12;88
75120;2016;47;1.56;2.34;14.12;88
75133;2016;47;1.56;2.34;14.12;88
75148;2015;47;1.56;2.34;14.12;88
75159;2015;47;1.56;2.34;14.12;88
75167;2016;47;1.56;2.34;14.12;88
75178;2016;47;1.56;2.34;14.12;88
75189;2016;47;1.56;2.34;14.12;88
75199;2017;47;1.56;2.34;14.12;88
75209;2017;47;1.56;2.34;14.12;88
75219;2018;47;1.56;2.34;14.12;88
75230;2020;47;1.56;2.34;14.12;88
75239;2022;47;1.56;2.34;14.12;88
75252;2023;47;1.56;2.34;14.12;88
75268;2025;47;1.56;2.34;14.12;88
75279;2026;47;1.56;2.34;14.12;88
75290;2027;47;1.56;2.34;14.12;88
75299;2027;47;1.56;2.34;14.12;88
75308;2027;47;1.56;2.34;14.12;88
75317;2027;47;1.56;2.34;14.12;88
75337;2027;47;1.56;2.34;14.12;88
75351;2028;47;1.56;2.34;14.12;88
75370;2029;47;1.56;2.34;14.12;88
75378;2031;47;1.56;2.34;14.12;88
75390;2032;47;1.56;2.34;14.12;88
75411;2033;47;1.56;2.34;14.12;88
75433;2035;47;1.56;2.34;14.12;88
75450;2036;47;1.56;2.34;14.12;88
75457;2037;47;1.56;2.34;14.12;88
75469;2038;47;1.56;2.34;14.12;88
75478;2039;47;1.56;2.34;14.12;88
75490;2039;47;1.56;2.34;14.12;88
75499;2040;47;1.56;2.34;14.12;88
75508;2041;47;1.56;2.34;14.12;88
75517;2042;47;1.56;2.34;14.12;88
75531;2042;47;1.56;2.34;14.12;88
75549;2043;47;1.56;2.34;14.12;88
75559;2044;47;1.56;2.34;14.12;88
75570;2045;47;1.56;2.34;14.12;88
75578;2045;47;1.56;1.56;14.12;88
75592;2046;47;1.56;1.56;13.73;88
75607;2046;47;1.56;1.56;13.73;88
75617;2046;47;1.56;1.56;13.73;88
75630;2046;47;1.56;1.56;13.73;88
75640;2046;47;1.56;1.56;13.73;88
75649;2047;47;1.56;1.56;13.73;88
75658;2047;47;1.56;1.56;13.73;88
75670;2048;47;1.56;1.56;13.73;88
75678;2048;47;1.56;1.56;13.73;88
75690;2049;47;1.56;1.56;13.73;88
75699;2050;47;1.56;1.56;13.73;88
75710;2050;47;1.56;1.56;13.73;88
75718;2051;47;1.56;1.56;13.73;88
75731;2053;47;1.56;1.56;13.73;88
75750;2054;47;1.56;1.56;13.73;88
75758;2055;47;1.56;1.56;13.73;88
75770;2056;47;1.56;1.56;13.73;88
75779;2058;47;1.56;1.56;13.73;88
75790;2059;47;1.56;1.56;13.73;88
75809;2060;47;1.56;1.56;13.73;88
75819;2061;47;1.56;1.56;13.73;88
75830;2063;47;1.56;1.56;13.73;88
75838;2064;47;1.56;1.56;13.73;88
75851;2065;47;1.56;0.78;13.73;88
75868;2066;47;1.56;0.78;13.73;88
75879;2066;47;1.56;0.78;13.73;88
75892;2067;47;1.56;0.78;13.73;88
75910;2067;47;1.56;0.78;13.73;88
75918;2068;47;1.56;0.78;13.73;88
75933;2068;47;1.56;0.78;13.73;88
75950;2069;47;1.56;0.78;13.73;88
75958;2070;47;1.56;0.78;13.73;88
75969;2072;47;1.56;0.78;13.73;88
75979;2073;47;1.56;0.78;13.73;88
75992;2074;47;0.78;0.78;13.73;88
76010;2075;47;0.78;0.78;13.73;88
76031;2076;47;0.78;0.78;13.73;88
76051;2077;47;0.78;0.78;13.73;88
76069;2078;47;0.78;0.78;13.73;88
76080;2079;47;0.78;0.78;13.73;88
76097;2080;47;0.78;0.78;13.73;88
76109;2081;47;0.78;0.78;13.73;88
76118;2081;47;0.78;0.78;13.73;88
76132;2082;47;0.78;0.78;13.73;88
76149;2083;47;0.78;0.78;13.73;88
76159;2084;47;0.78;0.78;13.73;88
76169;2085;47;0.78;0.78;13.73;88
76178;2086;47;0.78;0.00;13.73;88
76191;2087;47;0.78;0.00;13.33;88
76209;2088;47;0.78;0.00;13.33;88
76218;2089;47;0.78;0.00;13.33;88
76230;2090;47;0.78;0.00;13.33;88
76239;2091;47;0.00;0.00;13.33;88
76250;2092;47;0.00;0.00;13.33;88
76258;2092;47;0.00;0.00;13.33;88
76270;2091;47;0.00;0.00;13.33;88
76279;2091;47;0.00;0.00;13.33;88
76290;2090;47;0.00;0.00;13.33;88
76309;2090;47;0.00;0.00;13.33;88
76318;2089;47;0.00;0.00;13.33;88
76339;2090;47;0.00;0.00;13.33;88
76350;2090;47;0.00;0.00;13.33;88
76358;2091;47;0.00;0.00;13.33;88
76370;2091;47;0.00;0.00;13.33;88
76378;2092;47;-0.78;0.00;13.33;88
76392;2092;47;-0.78;0.00;13.33;88
76410;2093;47;-0.78;0.00;13.33;88
76420;2095;47;-0.78;0.00;13.33;88
76431;2096;47;-0.78;0.00;13.33;88
76450;2097;47;-0.78;0.00;13.33;88
76458;2098;47;-0.78;0.00;13.33;88
76469;2100;47;-0.78;0.00;13.33;88
76480;2101;47;-0.78;0.00;13.33;88
76499;2101;47;-0.78;0.00;13.33;88
76508;2102;47;-0.78;0.00;13.33;88
76519;2103;47;-0.78;0.00;13.33;88
76530;2104;47;-0.78;0.00;13.33;88
76539;2105;47;-0.78;0.00;13.33;88
76548;2106;47;-0.78;0.00;13.33;88
76559;2106;47;-0.78;0.00;13.33;88
76568;2106;47;-0.78;0.00;13.33;88
76579;2107;47;-0.78;0.00;13.33;88
76591;2107;47;-0.78;0.00;13.33;88
76608;2107;47;-0.78;0.00;13.33;88
76620;2108;47;-0.78;0.00;13.33;88
76631;2108;47;-0.78;0.00;13.33;88
76649;2108;47;-0.78;0.00;13.33;88
76659;2109;47;-0.78;0.00;13.33;88
76669;2109;47;-0.78;0.00;13.33;88
76678;2109;47;-0.78;-0.78;13.33;88
76691;2110;47;-0.78;-0.78;13.33;88
76709;2111;47;-0.78;-0.78;13.33;88
76720;2112;47;-0.78;-0.78;13.33;88
76730;2113;47;-0.78;-0.78;13.33;88
76750;2114;47;-1.56;-0.78;13.33;88
76758;2115;47;-1.56;-0.78;13.33;88
76769;2115;47;-1.56;-0.78;13.33;88
76778;2114;47;-1.56;-0.78;13.33;88
76788;2114;47;-1.56;-0.78;13.33;88
76801;2114;47;-1.56;-0.78;13.33;88
76818;2114;47;-1.56;-0.78;13.33;88
76831;2114;47;-1.56;-1.56;13.33;88
76849;2114;47;-1.56;-1.56;13.33;88
76858;2114;47;-1.56;-1.56;13.33;88
76869;2113;47;-1.56;-1.56;13.33;88
76879;2113;47;-1.56;-1.56;13.33;88
76891;2113;47;-2.34;-1.56;13.33;88
76911;2112;47;-2.34;-2.34;13.33;88
76931;2114;47;-2.34;-2.34;12.94;88
76949;2115;47;-2.34;-2.34;12.94;88
76961;2116;47;-2.34;-2.34;12.94;88
76979;2117;47;-2.34;-2.34;12.94;88
76991;2119;47;-3.13;-2.34;12.94;88
77008;2120;47;-3.13;-3.13;12.94;88
77021;2120;47;-3.13;-3.13;12.94;88
77041;2120;47;-3.13;-3.13;12.94;88
77059;2120;47;-3.13;-3.13;12.94;88
77071;2121;47;-3.13;-3.13;12.94;88
77090;2121;47;-3.13;-3.13;12.94;88
77099;2121;47;-3.13;-3.13;12.94;88
77111;2119;47;-3.13;-3.13;12.94;88
77131;2116;47;-3.13;-3.13;12.94;88
77150;2114;47;-2.34;-3.13;12.94;88
77158;2112;47;-2.34;-2.34;12.94;88
77170;2109;47;-1.56;-2.34;12.94;88
77188;2107;47;-0.78;-1.56;12.94;88
77198;2102;47;-0.78;-0.78;13.33;88
77210;2097;47;0.00;-0.78;13.33;88
77220;2093;47;0.00;0.00;13.33;88
77231;2088;47;0.00;0.00;13.33;88
77249;2083;47;0.00;0.00;12.94;88
77259;2078;47;0.00;0.00;12.94;88
77270;2064;47;0.00;0.00;12.55;88
77291;2050;47;0.00;0.00;12.16;88
77309;2036;47;0.00;0.00;12.16;88
77320;2022;47;0.00;0.00;11.76;88
77337;2008;47;0.00;0.00;11.76;88
77350;1994;47;0.00;0.00;11.76;88
77360;1986;47;0.00;0.00;11.76;88
77369;1978;47;0.00;0.00;11.76;88
77378;1970;47;0.00;0.00;11.76;88
77390;1961;47;0.00;0.00;11.76;88
77410;1953;47;0.00;0.00;11.76;88
77418;1945;47;0.00;0.00;11.76;88
77432;1932;47;0.00;0.00;12.16;88
77450;1919;47;0.00;0.00;12.16;88
77471;1905;47;0.00;0.00;12.16;88
77489;1892;47;0.00;0.00;12.16;88
77498;1879;47;0.00;0.00;12.16;88
77508;1866;47;0.00;0.00;12.16;88
77518;1855;47;0.00;0.00;12.16;88
77532;1845;47;0.00;0.00;12.16;88
77550;1834;47;0.00;0.00;12.16;88
77558;1824;47;0.00;0.00;12.16;88
77569;1813;47;0.00;0.00;12.16;88
77581;1803;47;0.00;0.00;12.16;88
77599;1795;47;0.00;0.00;12.55;88
77608;1787;47;0.00;0.00;12.55;88
77617;1779;47;0.00;0.00;12.55;88
77629;1772;47;0.00;0.00;12.55;88
77637;1764;47;0.00;0.00;12.55;88
77649;1756;47;0.00;0.00;12.55;88
77659;1747;47;0.00;0.00;12.55;88
77668;1737;47;0.00;0.00;12.55;88
77677;1728;47;0.00;0.00;12.55;88
77691;1718;47;0.00;0.00;12.55;88
77708;1709;47;0.00;0.00;12.55;88
77718;1700;47;0.00;0.00;12.55;88
77727;1691;47;0.00;0.00;12.55;88
77738;1683;47;0.00;0.00;12.55;88
77749;1674;47;0.00;0.00;12.55;88
77758;1665;47;0.00;0.00;12.55;88
77770;1657;47;0.00;0.00;12.55;88
77778;1648;47;0.00;0.00;12.94;88
77790;1636;47;0.00;0.00;12.94;88
77810;1623;47;0.00;0.00;12.94;88
77832;1610;47;0.00;0.00;13.33;88
77849;1597;47;0.00;0.00;13.33;88
77859;1585;47;0.00;0.00;13.33;88
77870;1572;47;0.00;0.00;13.33;88
77877;1563;47;0.00;0.00;13.73;88
77891;1555;47;0.00;0.00;13.73;88
77908;1546;47;0.00;0.00;13.73;88
77918;1538;47;0.00;0.00;13.73;88
77929;1529;47;0.00;0.00;13.73;88
77938;1521;47;0.00;0.00;14.12;88
77949;1514;47;0.00;0.00;14.12;88
77957;1507;47;0.00;0.00;14.12;88
77968;1500;47;0.00;0.00;14.51;88
77978;1493;47;0.00;0.00;14.51;88
77989;1486;47;0.00;0.00;14.51;88
78000;1479;47;0.00;0.00;14.51;88
78008;1468;47;0.00;0.00;14.51;88
78017;1457;47;0.00;0.00;14.51;88
78028;1447;47;0.00;0.00;14.51;88
78037;1436;47;0.00;0.00;14.51;88
78052;1425;47;0.00;0.00;14.51;88
78071;1414;47;0.00;0.00;14.51;88
78089;1403;47;0.00;0.00;14.51;88
78098;1392;47;0.00;0.00;14.51;88
78111;1381;47;0.00;0.00;14.51;88
78132;1370;47;0.00;0.00;14.51;88
78149;1359;47;0.00;0.00;14.51;88
78157;1347;47;0.00;0.00;14.51;88
78171;1338;47;0.00;0.00;14.51;88
78190;1328;47;0.00;0.00;14.51;88
78209;1319;47;0.00;0.00;14.51;88
78218;1309;47;0.00;0.00;14.51;88
78230;1299;47;0.00;0.00;14.51;88
78239;1290;47;0.00;0.00;14.51;88
78251;1282;47;0.00;0.00;14.51;88
78269;1274;47;0.00;0.00;14.51;88
78279;1267;47;0.00;0.00;14.51;88
78288;1259;47;0.00;0.00;14.51;88
78296;1252;47;0.00;0.00;14.51;88
78306;1244;47;0.00;0.00;14.51;88
78317;1234;47;0.00;0.00;14.90;88
78336;1224;47;0.00;0.00;14.90;88
78351;1214;47;0.00;0.00;14.90;88
78368;1204;47;0.00;0.00;14.90;88
78377;1194;47;0.00;0.00;14.90;88
78389;1184;47;0.00;0.00;14.90;88
78398;1176;47;0.00;0.00;14.90;88
78410;1168;47;0.00;0.00;14.90;88
78418;1160;47;0.00;0.00;14.90;88
78427;1152;47;0.00;0.00;14.90;88
78439;1143;47;0.00;0.00;14.90;88
78451;1135;47;0.00;0.00;14.90;88
78467;1131;47;0.00;0.00;14.90;88
78478;1127;47;0.00;0.00;14.90;88
78490;1123;47;0.00;0.00;14.90;88
78499;1119;47;0.00;0.00;14.90;88
78507;1115;47;0.00;0.00;14.90;88
78518;1111;47;0.00;0.00;14.90;88
78528;1104;47;0.00;0.00;14.90;88
78538;1096;47;0.00;0.00;14.90;88
78550;1089;47;0.00;0.00;14.90;88
78559;1082;47;0.00;0.00;14.90;88
78568;1075;47;0.00;0.00;14.90;88
78577;1068;47;0.00;0.00;14.90;88
78591;1062;47;0.00;0.00;15.29;88
78609;1056;47;0.00;0.00;15.29;88
78619;1051;47;0.00;0.00;15.29;88
78628;1045;47;0.00;0.00;15.29;88
78638;1039;47;0.00;0.00;15.29;88
78649;1033;47;0.00;0.00;15.29;88
78658;1027;47;0.00;0.00;15.29;88
78669;1021;47;0.00;0.00;15.29;88
78679;1014;47;0.00;0.00;15.29;88
78687;1008;47;0.00;0.00;15.29;88
78697;1002;47;0.00;0.00;15.29;88
78710;996;47;0.00;0.00;15.29;88
78718;989;47;0.00;0.00;15.29;88
78728;983;47;0.00;0.00;15.29;88
78740;976;47;0.00;0.00;15.29;88
78748;969;47;0.00;0.00;15.29;88
78759;963;47;0.00;0.00;15.29;88
78768;956;47;0.00;0.00;15.29;88
78777;957;47;0.00;0.00;15.69;88
78791;958;47;0.00;0.00;15.69;88
78810;959;47;0.00;0.00;15.69;88
78829;959;47;0.00;0.00;15.69;88
78838;960;47;0.00;0.00;15.69;88
78851;961;47;0.00;0.00;15.69;88
78867;961;47;0.00;0.00;15.69;88
78879;960;47;0.00;0.00;15.69;88
78891;960;47;0.00;0.00;15.69;88
78908;960;47;0.00;0.00;15.69;88
78919;959;47;0.00;0.00;15.69;88
78928;959;47;0.00;0.00;15.69;88
78937;958;47;0.00;0.00;15.69;88
78948;957;47;0.00;0.00;15.69;88
78957;956;47;0.00;0.00;15.69;88
78970;955;47;0.00;0.00;15.69;88
78979;955;47;0.00;0.00;15.69;88
78988;954;47;0.00;0.00;15.69;88
78997;952;47;0.00;0.00;15.69;88
79011;949;47;0.00;0.00;15.69;88
79031;947;47;0.00;0.00;15.69;88
79050;945;47;0.00;0.00;15.69;88
79057;943;47;0.00;0.00;15.69;88
79069;941;47;0.00;0.00;15.69;88
79079;938;47;0.00;0.00;15.69;88
79088;935;47;0.00;0.00;15.69;88
79097;932;47;0.00;0.00;15.69;88
79109;929;47;0.00;0.00;15.69;88
79117;926;47;0.00;0.00;15.69;88
79129;923;47;0.00;0.00;15.69;88
79141;920;47;0.00;0.00;16.08;88
79157;918;47;0.00;0.00;16.08;88
79168;916;47;0.00;0.00;16.08;88
79178;914;47;0.00;0.00;16.08;88
79187;911;47;0.00;0.00;16.08;88
79198;909;47;0.00;0.00;16.08;88
79210;906;47;0.00;0.00;16.08;88
79219;903;47;0.00;0.00;16.08;88
79228;900;47;0.00;0.00;16.08;88
79240;896;47;0.00;0.00;16.08;88
79248;893;47;0.00;0.00;16.08;88
79258;890;47;0.00;0.00;16.08;88
79267;887;47;0.00;0.00;16.08;88
79278;883;47;0.00;0.00;16.08;88
79287;880;47;0.00;0.00;16.08;88
79298;876;47;0.00;0.00;16.08;88
79309;873;47;0.00;0.00;16.08;88
79317;870;47;0.00;0.00;16.08;88
79337;867;47;0.00;0.00;16.47;88
79349;865;47;0.00;0.00;16.47;88
79359;863;47;0.00;0.00;16.47;88
79369;860;47;0.00;0.00;16.47;88
79378;858;47;0.00;0.00;16.47;88
79390;856;47;0.00;0.00;16.47;88
79398;853;47;0.00;0.00;16.47;88
79411;850;47;0.00;0.00;16.47;88
79428;848;47;0.00;0.00;16.47;88
79439;845;47;0.00;0.00;16.47;88
79448;842;47;0.00;0.00;16.47;88
79458;840;47;0.00;0.00;16.47;88
79470;837;47;0.00;0.00;16.47;88
79479;834;47;0.00;0.00;16.47;88
79491;831;47;0.00;0.00;16.47;88
79507;828;47;0.00;0.00;16.47;88
79520;826;47;0.00;0.00;16.47;88
79529;823;47;0.00;0.00;16.47;88
79537;821;47;0.00;0.00;16.86;88
79548;819;47;0.00;0.00;16.86;88
79557;817;47;0.00;0.00;16.86;88
79570;815;47;0.00;0.00;16.86;88
79578;813;47;0.00;0.00;16.86;88
79589;811;47;0.00;0.00;16.86;88
79598;809;47;0.00;0.00;16.86;88
79608;806;47;0.00;0.00;16.86;88
79618;804;47;0.00;0.00;16.86;88
79629;802;47;0.00;0.00;16.86;88
79637;800;47;0.00;0.00;16.86;88
79649;798;47;0.00;0.00;16.86;88
79657;795;47;0.00;0.00;16.86;88
79667;793;47;0.00;0.00;16.86;88
79677;791;47;0.00;0.00;16.86;88
79689;788;47;0.00;0.00;16.86;88
79698;786;47;0.00;0.00;16.86;88
79709;783;47;0.00;0.00;16.86;88
79719;781;47;0.00;0.00;16.86;88
79730;780;47;0.00;0.00;16.86;88
79739;778;47;0.00;0.00;16.86;88
79749;776;47;0.00;0.00;16.86;88
79759;774;47;0.00;0.00;16.86;88
79768;772;47;0.00;0.00;16.86;88
79780;770;47;0.00;0.00;17.25;88
79788;767;47;0.00;0.00;17.25;88
79800;765;47;0.00;0.00;17.25;88
79809;762;47;0.00;0.00;17.25;88
79818;760;47;0.00;0.00;17.25;88
79828;758;47;0.00;0.00;17.25;88
79839;755;47;0.00;0.00;17.25;88
79848;752;47;0.00;0.00;17.25;88
79857;749;47;-0.78;0.00;17.25;88
79868;747;47;-1.56;-0.78;17.25;88
79878;744;47;-1.56;-1.56;17.25;88
79890;741;47;-2.34;-2.34;17.25;88
79910;739;47;-3.13;-3.91;17.25;88
79919;737;47;-3.91;-4.69;17.25;88
79931;735;47;-3.91;-5.47;17.25;88
79949;733;47;-4.69;-5.47;17.25;88
79957;731;47;-4.69;-6.25;17.25;88
79968;729;47;-5.47;-6.25;17.25;88
79977;726;47;-5.47;-6.25;17.25;88
79985;724;47;-6.25;-7.03;17.25;88
79999;721;47;-7.03;-7.03;17.25;88
80008;718;47;-7.03;-7.03;17.25;88
80017;715;47;-7.81;-7.81;17.25;88
80027;713;47;-8.59;-7.81;17.25;88
80039;711;47;-8.59;-7.81;17.65;88
80050;710;47;-9.38;-8.59;17.65;88
80067;708;47;-9.38;-8.59;17.65;88
80079;707;47;-10.16;-8.59;17.65;88
80087;706;47;-10.16;-8.59;17.65;88
80098;704;47;-10.16;-9.38;17.65;88
80108;703;47;-10.94;-9.38;17.65;88
80116;701;47;-10.94;-9.38;17.65;88
80128;699;47;-10.94;-9.38;17.65;88
80137;698;47;-11.72;-9.38;17.65;88
80148;696;47;-11.72;-9.38;17.65;88
80158;694;47;-11.72;-10.16;17.65;88
80166;693;47;-12.50;-10.16;17.65;88
80179;692;47;-12.50;-10.16;17.65;88
80186;691;47;-12.50;-10.16;17.65;88
80197;689;47;-12.50;-10.16;17.65;88
80209;688;47;-12.50;-10.16;17.65;88
80218;687;47;-12.50;-10.94;17.65;88
80226;686;47;-12.50;-10.94;17.65;88
80239;685;47;-12.50;-10.94;17.65;88
80250;684;47;-12.50;-10.94;17.65;88
80258;683;47;-12.50;-10.94;17.65;88
80269;683;47;-13.28;-10.94;17.65;88
80277;682;47;-13.28;-11.72;17.65;88
80289;680;47;-13.28;-11.72;17.65;88
80298;678;47;-13.28;-11.72;17.65;88
80307;676;47;-12.50;-11.72;17.65;88
80316;674;47;-10.94;-11.72;17.65;88
80338;672;47;-10.16;-11.72;17.65;88
80350;670;47;-9.38;-11.72;17.65;88
80358;669;47;-7.81;-11.72;18.04;88
80367;668;47;-7.03;-11.72;18.04;88
80379;667;47;-7.03;-11.72;18.04;88
80388;667;47;-7.03;-11.72;18.04;88
80396;666;47;-7.03;-11.72;18.04;88
80407;665;47;-7.03;-12.50;18.04;88
80420;664;47;-7.03;-12.50;18.04;88
80426;663;47;-7.03;-12.50;18.04;88
80435;662;47;-7.03;-12.50;18.04;88
80449;661;47;-7.03;-12.50;18.04;88
80458;659;47;-7.81;-12.50;18.04;88
80467;658;47;-7.81;-12.50;18.43;88
80478;657;47;-7.81;-12.50;18.43;88
80487;656;47;-7.81;-12.50;18.43;88
80496;655;47;-7.81;-12.50;18.82;88
80507;654;47;-7.81;-12.50;18.82;88
80517;653;47;-7.81;-12.50;18.82;88
80525;652;47;-7.81;-11.72;18.82;88
80539;651;47;-7.81;-11.72;19.22;88
80548;651;47;-7.81;-11.72;19.22;88
80557;650;47;-7.81;-11.72;19.22;88
80569;650;47;-7.81;-11.72;19.22;88
80577;649;47;-7.81;-11.72;19.22;88
80587;649;47;-7.81;-12.50;19.22;88
80599;649;47;-7.81;-12.50;19.22;88
80607;648;47;-7.81;-12.50;19.22;88
80616;648;47;-7.81;-12.50;19.22;88
80627;648;47;-7.81;-12.50;19.22;88
80637;648;47;-7.81;-13.28;19.22;88
80648;648;47;-7.81;-13.28;19.61;88
80660;648;47;-7.81;-13.28;19.61;88
80667;648;47;-7.81;-14.06;19.61;88
80679;648;47;-7.81;-14.06;20.00;88
80688;648;47;-7.81;-14.06;20.00;88
80697;648;47;-7.81;-14.06;20.00;88
80709;647;47;-7.81;-14.84;20.00;88
80718;645;47;-7.81;-14.84;20.00;88
80726;643;47;-7.81;-14.84;20.00;88
80739;641;47;-7.81;-14.84;20.00;88
80748;639;47;-7.81;-14.84;20.00;88
80759;637;47;-7.81;-14.84;20.00;88
80769;635;47;-7.81;-15.63;20.00;88
80778;636;47;-7.81;-15.63;20.39;88
80789;636;47;-7.81;-15.63;20.39;88
80798;637;47;-7.81;-15.63;20.39;88
80808;637;47;-7.81;-15.63;20.39;88
80819;638;47;-7.81;-15.63;20.39;88
80828;638;47;-7.81;-15.63;20.39;88
80837;637;47;-7.81;-15.63;20.78;88
80849;635;47;-7.81;-15.63;20.78;88
80858;634;47;-7.81;-15.63;20.78;88
80867;633;47;-7.81;-15.63;20.78;88
80877;631;47;-8.59;-15.63;20.78;88
80888;630;47;-8.59;-16.41;20.78;88
80901;629;47;-8.59;-16.41;20.78;88
80917;629;47;-8.59;-16.41;20.78;88
80930;628;47;-8.59;-16.41;20.78;88
80936;627;47;-8.59;-16.41;20.78;88
80952;627;47;-8.59;-16.41;20.78;88
80968;626;47;-8.59;-17.19;21.18;88
80978;627;47;-8.59;-17.19;21.18;88
80986;627;47;-8.59;-17.19;21.18;88
80996;628;47;-8.59;-17.19;21.57;88
81008;628;47;-8.59;-17.19;21.57;88
81017;629;47;-7.81;-17.19;21.57;88
81026;630;47;-7.81;-17.19;21.96;88
81038;630;47;-7.81;-17.19;21.96;88
81049;630;47;-7.81;-17.19;21.96;88
81060;630;47;-7.81;-17.19;22.35;88
81068;630;48;-7.81;-17.19;22.35;88
81077;631;48;-7.81;-17.19;22.35;88
81088;631;48;-7.81;-17.19;22.35;88
81096;631;48;-7.81;-17.19;22.35;88
81108;630;48;-7.81;-17.19;22.35;88
81116;630;48;-9.38;-17.19;22.35;88
81127;630;48;-10.16;-17.19;22.35;88
81137;629;48;-11.72;-17.19;22.35;88
81148;629;48;-13.28;-17.19;22.35;88
81161;629;48;-14.06;-17.19;22.75;88
81176;628;48;-15.63;-17.19;22.75;88
81188;628;48;-15.63;-17.19;22.75;88
81197;628;48;-15.63;-17.19;22.75;88
81206;627;48;-14.84;-17.19;22.75;88
81218;627;48;-14.84;-17.19;22.75;88
81227;627;48;-14.84;-17.19;22.75;88
81237;628;48;-14.84;-17.19;22.75;88
81248;628;48;-14.84;-17.19;22.75;88
81259;628;48;-14.84;-17.19;22.75;88
81267;629;48;-14.84;-17.19;22.75;88
81276;629;48;-14.84;-17.19;22.75;88
81287;629;48;-14.84;-17.19;22.75;88
81298;629;48;-14.84;-17.19;22.75;88
81308;629;48;-14.84;-17.19;22.75;88
81318;629;48;-14.84;-17.19;22.75;88
81339;628;48;-14.06;-17.19;22.75;88
81348;628;48;-14.06;-16.41;22.75;88
81359;629;48;-14.06;-16.41;23.14;88
81367;630;48;-14.06;-16.41;23.14;88
81376;630;48;-14.06;-16.41;23.14;88
81388;631;48;-14.06;-16.41;23.14;88
81399;631;48;-13.28;-16.41;23.14;88
81411;632;48;-13.28;-15.63;23.14;88
81428;631;48;-13.28;-15.63;23.53;88
81437;630;48;-13.28;-15.63;23.53;88
81450;629;48;-13.28;-15.63;23.53;88
81469;628;48;-13.28;-15.63;23.53;88
81478;627;48;-12.50;-15.63;23.53;88
81490;626;48;-12.50;-15.63;23.53;88
81497;626;48;-12.50;-15.63;23.53;88
81507;626;48;-12.50;-15.63;23.53;88
81518;625;48;-12.50;-15.63;23.53;88
81526;625;48;-12.50;-15.63;23.53;88
81537;625;48;-11.72;-15.63;23.53;88
81548;624;48;-11.72;-14.84;23.53;88
81559;623;48;-11.72;-14.84;23.53;88
81568;622;48;-11.72;-14.84;23.53;88
81578;622;48;-11.72;-14.84;23.53;88
81587;621;48;-11.72;-14.84;23.53;88
81597;620;48;-11.72;-14.84;23.53;88
81607;619;48;-11.72;-14.84;23.53;88
81617;620;48;-11.72;-14.84;23.53;88
81626;621;48;-11.72;-14.84;23.53;88
81638;622;48;-11.72;-14.84;23.53;88
81649;623;48;-11.72;-14.84;23.53;88
81657;624;48;-11.72;-14.84;23.53;88
81668;625;48;-11.72;-14.84;23.53;88
